0.0	0.0
0.010000833935018051	0.0
0.020001667870036103	0.0
0.030002501805054156	0.0
0.040003335740072206	0.0
0.050004169675090256	316.0
0.06000500361010831	312.0
0.07000583754512636	312.0
0.08000667148014441	316.0
0.09000750541516246	316.0
0.10000833935018051	316.0
0.11000917328519856	316.0
0.12001000722021662	316.0
0.13001084115523467	316.0
0.14001167509025272	316.0
0.15001250902527077	316.0
0.16001334296028882	316.0
0.17001417689530687	316.0
0.18001501083032492	316.0
0.19001584476534297	316.0
0.20001667870036102	316.0
0.21001751263537907	316.0
0.22001834657039712	316.0
0.23001918050541517	316.0
0.24002001444043325	316.0
0.2500208483754513	316.0
0.26002168231046935	316.0
0.2700225162454874	316.0
0.28002335018050545	316.0
0.2900241841155235	316.0
0.30002501805054155	316.0
0.3100258519855596	316.0
0.32002668592057765	312.0
0.3300275198555957	312.0
0.34002835379061375	312.0
0.3500291877256318	312.0
0.36003002166064985	312.0
0.3700308555956679	312.0
0.38003168953068595	316.0
0.390032523465704	316.0
0.40003335740072204	316.0
0.4100341913357401	316.0
0.42003502527075814	316.0
0.4300358592057762	316.0
0.44003669314079424	316.0
0.4500375270758123	316.0
0.46003836101083034	316.0
0.4700391949458484	316.0
0.4800400288808665	316.0
0.49004086281588455	316.0
0.5000416967509026	316.0
0.5100425306859206	316.0
0.5200433646209387	316.0
0.5300441985559567	316.0
0.5400450324909748	316.0
0.5500458664259928	316.0
0.5600467003610109	316.0
0.570047534296029	316.0
0.580048368231047	316.0
0.590049202166065	316.0
0.6000500361010831	316.0
0.6100508700361011	316.0
0.6200517039711192	316.0
0.6300525379061372	316.0
0.6400533718411553	316.0
0.6500542057761733	316.0
0.6600550397111914	316.0
0.6700558736462094	316.0
0.6800567075812275	316.0
0.6900575415162455	316.0
0.7000583754512636	319.0
0.7100592093862816	319.0
0.7200600433212997	319.0
0.7300608772563177	319.0
0.7400617111913358	319.0
0.7500625451263538	319.0
0.7600633790613719	319.0
0.7700642129963899	319.0
0.780065046931408	319.0
0.790065880866426	319.0
0.8000667148014441	319.0
0.8100675487364621	319.0
0.8200683826714802	316.0
0.8300692166064982	316.0
0.8400700505415163	316.0
0.8500708844765343	312.0
0.8600717184115524	305.0
0.8700725523465704	298.0
0.8800733862815885	288.0
0.8900742202166065	281.0
0.9000750541516246	275.0
0.9100758880866426	272.0
0.9200767220216607	275.0
0.9300775559566787	298.0
0.9400783898916968	316.0
0.9500792238267148	346.0
0.960080057761733	358.0
0.970080891696751	350.0
0.9800817256317691	312.0
0.9900825595667871	294.0
1.0000833935018052	278.0
1.0100842274368231	268.0
1.0200850613718413	262.0
1.0300858953068592	262.0
1.0400867292418774	265.0
1.0500875631768953	275.0
1.0600883971119135	281.0
1.0700892310469314	288.0
1.0800900649819496	288.0
1.0900908989169675	284.0
1.1000917328519857	278.0
1.1100925667870036	268.0
1.1200934007220218	262.0
1.1300942346570397	259.0
1.140095068592058	262.0
1.1500959025270758	262.0
1.160096736462094	268.0
1.170097570397112	272.0
1.18009840433213	268.0
1.190099238267148	265.0
1.2001000722021662	259.0
1.2101009061371841	248.0
1.2201017400722023	234.0
1.2301025740072202	223.0
1.2401034079422384	220.0
1.2501042418772563	223.0
1.2601050758122745	226.0
1.2701059097472924	231.0
1.2801067436823106	231.0
1.2901075776173287	234.0
1.3001084115523467	234.0
1.3101092454873648	234.0
1.3201100794223828	234.0
1.330110913357401	231.0
1.3401117472924189	231.0
1.350112581227437	234.0
1.360113415162455	236.0
1.3701142490974731	242.0
1.380115083032491	248.0
1.3901159169675092	268.0
1.4001167509025272	284.0
1.4101175848375453	298.0
1.4201184187725633	308.0
1.4301192527075814	312.0
1.4401200866425994	312.0
1.4501209205776175	312.0
1.4601217545126355	305.0
1.4701225884476536	301.0
1.4801234223826716	294.0
1.4901242563176897	288.0
1.5001250902527077	281.0
1.5101259241877258	278.0
1.5201267581227438	272.0
1.530127592057762	268.0
1.5401284259927799	268.0
1.550129259927798	265.0
1.560130093862816	265.0
1.5701309277978341	265.0
1.580131761732852	268.0
1.5901325956678702	268.0
1.6001334296028882	275.0
1.6101342635379063	278.0
1.6201350974729243	284.0
1.6301359314079424	291.0
1.6401367653429604	301.0
1.6501375992779785	308.0
1.6601384332129965	312.0
1.6701392671480146	312.0
1.6801401010830326	312.0
1.6901409350180507	308.0
1.7001417689530687	305.0
1.7101426028880868	301.0
1.7201434368231048	298.0
1.730144270758123	291.0
1.7401451046931409	281.0
1.750145938628159	278.0
1.760146772563177	272.0
1.7701476064981951	268.0
1.780148440433213	265.0
1.7901492743682312	265.0
1.8001501083032492	262.0
1.8101509422382673	259.0
1.8201517761732853	256.0
1.8301526101083034	253.0
1.8401534440433214	250.0
1.8501542779783395	250.0
1.8601551119133575	250.0
1.8701559458483756	253.0
1.8801567797833936	0.0
1.8901576137184117	0.0
1.9001584476534297	0.0
1.9101592815884478	0.0
1.920160115523466	0.0
1.930160949458484	0.0
1.940161783393502	0.0
1.95016261732852	0.0
1.9601634512635382	0.0
1.9701642851985561	0.0
1.9801651191335743	0.0
1.9901659530685922	0.0
2.0001667870036104	0.0
2.0101676209386286	0.0
2.0201684548736463	0.0
2.0301692888086644	0.0
2.0401701227436826	0.0
2.0501709566787008	0.0
2.0601717906137185	0.0
2.0701726245487366	0.0
2.080173458483755	0.0
2.090174292418773	0.0
2.1001751263537907	0.0
2.110175960288809	0.0
2.120176794223827	0.0
2.130177628158845	0.0
2.140178462093863	0.0
2.150179296028881	0.0
2.160180129963899	0.0
2.1701809638989173	0.0
2.180181797833935	0.0
2.1901826317689532	0.0
2.2001834657039714	0.0
2.2101842996389895	0.0
2.2201851335740073	0.0
2.2301859675090254	0.0
2.2401868014440436	0.0
2.2501876353790617	0.0
2.2601884693140795	0.0
2.2701893032490976	0.0
2.280190137184116	0.0
2.290190971119134	0.0
2.3001918050541517	0.0
2.31019263898917	0.0
2.320193472924188	0.0
2.330194306859206	0.0
2.340195140794224	0.0
2.350195974729242	0.0
2.36019680866426	0.0
2.3701976425992783	0.0
2.380198476534296	0.0
2.390199310469314	0.0
2.4002001444043324	0.0
2.4102009783393505	0.0
2.4202018122743683	0.0
2.4302026462093864	0.0
2.4402034801444046	0.0
2.4502043140794227	0.0
2.4602051480144405	0.0
2.4702059819494586	0.0
2.480206815884477	0.0
2.490207649819495	0.0
2.5002084837545127	0.0
2.510209317689531	0.0
2.520210151624549	0.0
2.530210985559567	0.0
2.540211819494585	0.0
2.550212653429603	0.0
2.560213487364621	0.0
2.5702143212996393	0.0
2.5802151552346575	0.0
2.590215989169675	0.0
2.6002168231046934	0.0
2.6102176570397115	0.0
2.6202184909747297	0.0
2.6302193249097474	0.0
2.6402201588447656	0.0
2.6502209927797837	0.0
2.660221826714802	0.0
2.6702226606498196	0.0
2.6802234945848378	0.0
2.690224328519856	0.0
2.700225162454874	0.0
2.710225996389892	0.0
2.72022683032491	0.0
2.730227664259928	0.0
2.7402284981949463	0.0
2.750229332129964	603.0
2.760230166064982	603.0
2.7702310000000003	583.0
2.7802318339350185	563.0
2.790232667870036	550.0
2.8002335018050544	544.0
2.8102343357400725	544.0
2.8202351696750907	544.0
2.8302360036101084	0.0
2.8402368375451266	0.0
2.8502376714801447	0.0
2.860238505415163	0.0
2.8702393393501806	0.0
2.8802401732851988	0.0
2.890241007220217	0.0
2.900241841155235	0.0
2.910242675090253	0.0
2.920243509025271	556.0
2.930244342960289	556.0
2.9402451768953073	550.0
2.950246010830325	550.0
2.960246844765343	544.0
2.9702476787003613	544.0
2.9802485126353795	0.0
2.990249346570397	0.0
3.0002501805054154	0.0
3.0102510144404335	0.0
3.0202518483754517	0.0
3.0302526823104694	0.0
3.0402535162454876	0.0
3.0502543501805057	0.0
3.060255184115524	0.0
3.0702560180505416	0.0
3.0802568519855598	0.0
3.090257685920578	0.0
3.100258519855596	0.0
3.110259353790614	0.0
3.120260187725632	0.0
3.13026102166065	0.0
3.1402618555956683	0.0
3.150262689530686	0.0
3.160263523465704	0.0
3.1702643574007223	0.0
3.1802651913357405	0.0
3.190266025270758	0.0
3.2002668592057764	603.0
3.2102676931407945	603.0
3.2202685270758127	596.0
3.230269361010831	596.0
3.2402701949458486	596.0
3.2502710288808667	583.0
3.260271862815885	576.0
3.270272696750903	569.0
3.2802735306859208	563.0
3.290274364620939	563.0
3.300275198555957	556.0
3.3102760324909752	556.0
3.320276866425993	563.0
3.330277700361011	563.0
3.3402785342960293	563.0
3.3502793682310474	563.0
3.360280202166065	563.0
3.3702810361010833	569.0
3.3802818700361015	569.0
3.3902827039711196	0.0
3.4002835379061374	0.0
3.4102843718411555	0.0
3.4202852057761737	0.0
3.430286039711192	0.0
3.4402868736462096	0.0
3.4502877075812277	0.0
3.460288541516246	0.0
3.470289375451264	0.0
3.4802902093862818	0.0
3.4902910433213	0.0
3.500291877256318	0.0
3.5102927111913362	0.0
3.520293545126354	0.0
3.530294379061372	0.0
3.5402952129963903	0.0
3.5502960469314084	0.0
3.560296880866426	0.0
3.5702977148014443	0.0
3.5802985487364625	0.0
3.5902993826714806	0.0
3.6003002166064983	0.0
3.6103010505415165	0.0
3.6203018844765347	0.0
3.630302718411553	0.0
3.6403035523465705	0.0
3.6503043862815887	0.0
3.660305220216607	0.0
3.670306054151625	0.0
3.6803068880866427	0.0
3.690307722021661	0.0
3.700308555956679	0.0
3.7103093898916972	0.0
3.720310223826715	0.0
3.730311057761733	0.0
3.7403118916967513	0.0
3.7503127256317694	0.0
3.760313559566787	0.0
3.7703143935018053	0.0
3.7803152274368235	0.0
3.7903160613718416	556.0
3.8003168953068593	556.0
3.8103177292418775	563.0
3.8203185631768957	563.0
3.830319397111914	563.0
3.840320231046932	563.0
3.8503210649819497	563.0
3.860321898916968	563.0
3.870322732851986	556.0
3.880323566787004	550.0
3.890324400722022	544.0
3.90032523465704	537.0
3.9103260685920582	531.0
3.9203269025270764	525.0
3.930327736462094	525.0
3.9403285703971123	507.0
3.9503294043321304	496.0
3.9603302382671486	484.0
3.9703310722021663	479.0
3.9803319061371845	473.0
3.9903327400722026	473.0
4.000333574007221	473.0
4.0103344079422385	473.0
4.020335241877257	473.0
4.030336075812275	473.0
4.0403369097472925	473.0
4.050337743682311	479.0
4.060338577617329	479.0
4.070339411552347	473.0
4.080340245487365	473.0
4.090341079422383	473.0
4.1003419133574015	473.0
4.110342747292419	473.0
4.120343581227437	473.0
4.1303444151624555	473.0
4.140345249097473	473.0
4.150346083032491	473.0
4.16034691696751	473.0
4.170347750902527	473.0
4.180348584837546	0.0
4.190349418772564	0.0
4.200350252707581	0.0
4.2103510866426	0.0
4.220351920577618	0.0
4.230352754512635	0.0
4.240353588447654	0.0
4.250354422382672	0.0
4.26035525631769	0.0
4.270356090252708	0.0
4.280356924187726	0.0
4.290357758122744	0.0
4.300358592057762	0.0
4.31035942599278	0.0
4.320360259927798	0.0
4.330361093862816	0.0
4.340361927797835	0.0
4.350362761732852	0.0
4.36036359566787	0.0
4.370364429602889	0.0
4.3803652635379065	0.0
4.390366097472924	0.0
4.400366931407943	0.0
4.4103677653429605	0.0
4.420368599277979	0.0
4.430369433212997	0.0
4.4403702671480145	473.0
4.450371101083033	473.0
4.460371935018051	473.0
4.470372768953069	473.0
4.480373602888087	473.0
4.490374436823105	468.0
4.5003752707581235	468.0
4.510376104693141	0.0
4.520376938628159	473.0
4.5303777725631775	473.0
4.540378606498195	473.0
4.550379440433214	479.0
4.560380274368232	479.0
4.570381108303249	479.0
4.580381942238268	479.0
4.590382776173286	479.0
4.600383610108303	479.0
4.610384444043322	0.0
4.62038527797834	0.0
4.630386111913358	0.0
4.640386945848376	0.0
4.650387779783394	0.0
4.660388613718412	0.0
4.67038944765343	0.0
4.680390281588448	0.0
4.690391115523466	0.0
4.700391949458484	0.0
4.710392783393503	0.0
4.72039361732852	0.0
4.730394451263538	0.0
4.740395285198557	0.0
4.750396119133574	0.0
4.760396953068592	0.0
4.770397787003611	0.0
4.780398620938628	0.0
4.790399454873647	0.0
4.800400288808665	0.0
4.8104011227436825	0.0
4.820401956678701	0.0
4.830402790613719	0.0
4.8404036245487365	0.0
4.850404458483755	0.0
4.860405292418773	0.0
4.870406126353791	0.0
4.880406960288809	0.0
4.890407794223827	0.0
4.9004086281588455	0.0
4.910409462093863	0.0
4.920410296028881	0.0
4.9304111299638995	0.0
4.940411963898917	0.0
4.950412797833936	0.0
4.960413631768954	0.0
4.970414465703971	0.0
4.98041529963899	0.0
4.990416133574008	0.0
5.000416967509025	0.0
5.010417801444044	0.0
5.020418635379062	0.0
5.03041946931408	0.0
5.040420303249098	0.0
5.050421137184116	0.0
5.060421971119134	0.0
5.070422805054152	0.0
5.08042363898917	0.0
5.090424472924188	0.0
5.100425306859206	0.0
5.110426140794225	0.0
5.120426974729242	0.0
5.13042780866426	0.0
5.140428642599279	0.0
5.150429476534296	0.0
5.160430310469315	0.0
5.170431144404333	0.0
5.18043197833935	0.0
5.190432812274369	0.0
5.200433646209387	239.0
5.2104344801444045	236.0
5.220435314079423	234.0
5.230436148014441	231.0
5.240436981949459	231.0
5.250437815884477	231.0
5.260438649819495	231.0
5.270439483754513	231.0
5.280440317689531	234.0
5.290441151624549	234.0
5.3004419855595675	234.0
5.310442819494585	231.0
5.320443653429604	228.0
5.3304444873646215	223.0
5.340445321299639	218.0
5.350446155234658	208.0
5.3604469891696755	206.0
5.370447823104693	206.0
5.380448657039712	206.0
5.39044949097473	210.0
5.400450324909748	0.0
5.410451158844766	0.0
5.420451992779784	305.0
5.430452826714802	308.0
5.44045366064982	305.0
5.450454494584838	301.0
5.460455328519856	298.0
5.470456162454874	288.0
5.480456996389893	281.0
5.49045783032491	275.0
5.500458664259928	268.0
5.510459498194947	262.0
5.520460332129964	259.0
5.530461166064982	262.0
5.540462000000001	268.0
5.550462833935018	278.0
5.560463667870037	288.0
5.570464501805055	298.0
5.580465335740072	305.0
5.590466169675091	312.0
5.600467003610109	319.0
5.6104678375451265	319.0
5.620468671480145	319.0
5.630469505415163	312.0
5.640470339350181	301.0
5.650471173285199	291.0
5.660472007220217	281.0
5.670472841155235	275.0
5.680473675090253	265.0
5.690474509025271	259.0
5.7004753429602895	253.0
5.710476176895307	250.0
5.720477010830326	250.0
5.7304778447653435	253.0
5.740478678700361	256.0
5.75047951263538	265.0
5.7604803465703975	275.0
5.770481180505416	288.0
5.780482014440434	298.0
5.790482848375452	305.0
5.80048368231047	308.0
5.810484516245488	312.0
5.820485350180506	312.0
5.830486184115524	316.0
5.840487018050542	316.0
5.8504878519855605	316.0
5.860488685920578	316.0
5.870489519855596	312.0
5.880490353790615	316.0
5.890491187725632	316.0
5.90049202166065	316.0
5.910492855595669	316.0
5.920493689530686	316.0
5.930494523465705	316.0
5.940495357400723	316.0
5.95049619133574	316.0
5.960497025270759	312.0
5.970497859205777	312.0
5.980498693140794	312.0
5.990499527075813	312.0
6.000500361010831	316.0
6.010501194945849	316.0
6.020502028880867	319.0
6.030502862815885	319.0
6.040503696750903	319.0
6.050504530685921	316.0
6.060505364620939	316.0
6.070506198555957	316.0
6.080507032490975	316.0
6.090507866425994	316.0
6.1005087003610114	316.0
6.110509534296029	316.0
6.120510368231048	319.0
6.1305112021660655	319.0
6.140512036101083	319.0
6.150512870036102	319.0
6.1605137039711195	319.0
6.170514537906138	319.0
6.180515371841156	316.0
6.190516205776174	316.0
6.200517039711192	316.0
6.21051787364621	316.0
6.220518707581228	316.0
6.230519541516246	319.0
6.240520375451264	319.0
6.2505212093862825	319.0
6.2605220433213	319.0
6.270522877256318	319.0
6.280523711191337	316.0
6.290524545126354	316.0
6.300525379061372	316.0
6.310526212996391	316.0
6.320527046931408	316.0
6.330527880866427	316.0
6.340528714801445	316.0
6.350529548736462	316.0
6.360530382671481	316.0
6.370531216606499	316.0
6.380532050541516	316.0
6.390532884476535	316.0
6.400533718411553	319.0
6.410534552346571	319.0
6.420535386281589	319.0
6.430536220216607	319.0
6.440537054151625	319.0
6.450537888086643	316.0
6.460538722021662	316.0
6.470539555956679	316.0
6.480540389891697	316.0
6.490541223826716	316.0
6.500542057761733	316.0
6.510542891696751	316.0
6.52054372563177	316.0
6.5305445595667875	316.0
6.540545393501806	316.0
6.550546227436824	316.0
6.5605470613718415	316.0
6.57054789530686	316.0
6.580548729241878	316.0
6.5905495631768956	316.0
6.600550397111914	319.0
6.610551231046932	319.0
6.6205520649819505	319.0
6.630552898916968	316.0
6.640553732851986	316.0
6.6505545667870045	316.0
6.660555400722022	316.0
6.67055623465704	316.0
6.680557068592059	316.0
6.690557902527076	316.0
6.700558736462095	316.0
6.710559570397113	316.0
6.72056040433213	316.0
6.730561238267149	316.0
6.740562072202167	316.0
6.750562906137184	316.0
6.760563740072203	316.0
6.770564574007221	316.0
6.780565407942239	316.0
6.790566241877257	316.0
6.800567075812275	316.0
6.810567909747293	316.0
6.820568743682311	316.0
6.830569577617329	316.0
6.840570411552347	319.0
6.850571245487365	319.0
6.860572079422384	319.0
6.870572913357401	319.0
6.880573747292419	319.0
6.890574581227438	316.0
6.900575415162455	316.0
6.910576249097473	316.0
6.920577083032492	316.0
6.9305779169675095	316.0
6.940578750902528	316.0
6.950579584837546	312.0
6.9605804187725635	316.0
6.970581252707582	316.0
6.9805820866426	316.0
6.9905829205776175	316.0
7.000583754512636	319.0
7.010584588447654	319.0
7.0205854223826725	319.0
7.03058625631769	316.0
7.040587090252708	316.0
7.0505879241877265	312.0
7.060588758122744	312.0
7.070589592057763	316.0
7.0805904259927805	316.0
7.090591259927798	316.0
7.100592093862817	319.0
7.110592927797835	319.0
7.120593761732852	319.0
7.130594595667871	316.0
7.140595429602889	316.0
7.150596263537907	312.0
7.160597097472925	312.0
7.170597931407943	312.0
7.180598765342961	312.0
7.190599599277979	312.0
7.200600433212997	312.0
7.210601267148015	312.0
7.220602101083033	316.0
7.230602935018052	316.0
7.240603768953069	316.0
7.250604602888087	319.0
7.260605436823106	316.0
7.270606270758123	316.0
7.280607104693141	312.0
7.29060793862816	308.0
7.300608772563177	308.0
7.310609606498196	308.0
7.320610440433214	308.0
7.3306112743682315	312.0
7.34061210830325	316.0
7.350612942238268	323.0
7.3606137761732855	323.0
7.370614610108304	319.0
7.380615444043322	319.0
7.39061627797834	316.0
7.400617111913358	312.0
7.410617945848376	312.0
7.4206187797833945	312.0
7.430619613718412	312.0
7.44062044765343	312.0
7.4506212815884485	316.0
7.460622115523466	316.0
7.470622949458485	319.0
7.4806237833935025	319.0
7.49062461732852	319.0
7.500625451263539	316.0
7.510626285198557	316.0
7.520627119133574	312.0
7.530627953068593	308.0
7.540628787003611	308.0
7.550629620938629	308.0
7.560630454873647	308.0
7.570631288808665	312.0
7.580632122743683	316.0
7.590632956678701	319.0
7.600633790613719	323.0
7.610634624548737	319.0
7.620635458483755	319.0
7.630636292418774	316.0
7.640637126353791	316.0
7.650637960288809	312.0
7.660638794223828	312.0
7.670639628158845	312.0
7.680640462093864	312.0
7.690641296028882	316.0
7.700642129963899	319.0
7.710642963898918	334.0
7.720643797833936	346.0
7.7306446317689534	363.0
7.740645465703972	389.0
7.75064629963899	389.0
7.760647133574008	375.0
7.770647967509026	363.0
7.780648801444044	354.0
7.790649635379062	342.0
7.80065046931408	334.0
7.810651303249098	334.0
7.8206521371841164	338.0
7.830652971119134	346.0
7.840653805054153	363.0
7.8506546389891705	375.0
7.860655472924188	380.0
7.870656306859207	380.0
7.8806571407942245	375.0
7.890657974729242	363.0
7.900658808664261	350.0
7.910659642599279	346.0
7.920660476534297	346.0
7.930661310469315	350.0
7.940662144404333	363.0
7.950662978339351	375.0
7.960663812274369	393.0
7.970664646209387	462.0
7.980665480144405	468.0
7.990666314079423	468.0
8.000667148014442	367.0
8.010667981949458	363.0
8.020668815884477	354.0
8.030669649819496	346.0
8.040670483754514	346.0
8.050671317689531	346.0
8.06067215162455	350.0
8.070672985559568	350.0
8.080673819494585	350.0
8.090674653429604	346.0
8.100675487364622	338.0
8.11067632129964	331.0
8.120677155234658	319.0
8.130677989169676	312.0
8.140678823104693	305.0
8.150679657039712	301.0
8.16068049097473	301.0
8.170681324909747	301.0
8.180682158844766	305.0
8.190682992779784	308.0
8.200683826714803	312.0
8.21068466064982	316.0
8.220685494584838	316.0
8.230686328519857	316.0
8.240687162454874	316.0
8.250687996389892	312.0
8.260688830324911	312.0
8.270689664259928	312.0
8.280690498194947	312.0
8.290691332129965	316.0
8.300692166064982	316.0
8.310693	319.0
8.32069383393502	319.0
8.330694667870038	319.0
8.340695501805055	319.0
8.350696335740073	319.0
8.360697169675092	316.0
8.370698003610109	316.0
8.380698837545127	316.0
8.390699671480146	316.0
8.400700505415163	316.0
8.410701339350181	316.0
8.4207021732852	319.0
8.430703007220217	319.0
8.440703841155235	319.0
8.450704675090254	319.0
8.46070550902527	319.0
8.47070634296029	319.0
8.480707176895308	319.0
8.490708010830327	319.0
8.500708844765343	316.0
8.510709678700362	316.0
8.52071051263538	316.0
8.530711346570397	316.0
8.540712180505416	316.0
8.550713014440435	316.0
8.560713848375451	316.0
8.57071468231047	316.0
8.580715516245489	316.0
8.590716350180506	316.0
8.600717184115524	316.0
8.610718018050543	316.0
8.62071885198556	316.0
8.630719685920578	316.0
8.640720519855597	316.0
8.650721353790615	316.0
8.660722187725632	316.0
8.67072302166065	316.0
8.68072385559567	319.0
8.690724689530686	319.0
8.700725523465705	319.0
8.710726357400723	319.0
8.72072719133574	319.0
8.730728025270759	319.0
8.740728859205777	316.0
8.750729693140794	312.0
8.760730527075813	308.0
8.770731361010832	305.0
8.780732194945848	294.0
8.790733028880867	284.0
8.800733862815886	272.0
8.810734696750904	265.0
8.820735530685921	259.0
8.83073636462094	256.0
8.840737198555958	256.0
8.850738032490975	262.0
8.860738866425994	272.0
8.870739700361012	278.0
8.880740534296029	288.0
8.890741368231048	301.0
8.900742202166066	312.0
8.910743036101083	316.0
8.920743870036102	316.0
8.93074470397112	312.0
8.940745537906137	298.0
8.950746371841156	291.0
8.960747205776174	291.0
8.970748039711193	288.0
8.98074887364621	281.0
8.990749707581228	268.0
9.000750541516247	265.0
9.010751375451264	265.0
9.020752209386282	268.0
9.030753043321301	272.0
9.040753877256318	278.0
9.050754711191336	0.0
9.060755545126355	0.0
9.070756379061372	375.0
9.08075721299639	363.0
9.090758046931409	331.0
9.100758880866428	319.0
9.110759714801445	316.0
9.120760548736463	312.0
9.130761382671482	312.0
9.140762216606499	316.0
9.150763050541517	316.0
9.160763884476536	316.0
9.170764718411553	308.0
9.180765552346571	301.0
9.19076638628159	288.0
9.200767220216607	278.0
9.210768054151625	268.0
9.220768888086644	262.0
9.23076972202166	265.0
9.24077055595668	272.0
9.250771389891698	281.0
9.260772223826716	291.0
9.270773057761733	294.0
9.280773891696752	294.0
9.29077472563177	291.0
9.300775559566787	284.0
9.310776393501806	278.0
9.320777227436825	272.0
9.330778061371841	268.0
9.34077889530686	265.0
9.350779729241879	265.0
9.360780563176895	265.0
9.370781397111914	265.0
9.380782231046933	268.0
9.39078306498195	268.0
9.400783898916968	268.0
9.410784732851987	268.0
9.420785566787005	268.0
9.430786400722022	265.0
9.44078723465704	265.0
9.45078806859206	262.0
9.460788902527076	262.0
9.470789736462095	259.0
9.480790570397113	256.0
9.49079140433213	256.0
9.500792238267149	259.0
9.510793072202167	262.0
9.520793906137184	265.0
9.530794740072203	265.0
9.540795574007221	268.0
9.550796407942238	268.0
9.560797241877257	272.0
9.570798075812275	272.0
9.580798909747294	272.0
9.590799743682311	268.0
9.60080057761733	265.0
9.610801411552348	265.0
9.620802245487365	262.0
9.630803079422384	262.0
9.640803913357402	262.0
9.650804747292419	265.0
9.660805581227438	265.0
9.670806415162456	265.0
9.680807249097473	265.0
9.690808083032492	262.0
9.70080891696751	262.0
9.710809750902529	262.0
9.720810584837546	262.0
9.730811418772564	262.0
9.740812252707583	265.0
9.7508130866426	265.0
9.760813920577618	268.0
9.770814754512637	272.0
9.780815588447654	275.0
9.790816422382672	275.0
9.800817256317691	275.0
9.810818090252708	275.0
9.820818924187726	275.0
9.830819758122745	272.0
9.840820592057762	268.0
9.85082142599278	265.0
9.860822259927799	262.0
9.870823093862818	256.0
9.880823927797834	253.0
9.890824761732853	248.0
9.900825595667872	245.0
9.910826429602889	245.0
9.920827263537907	242.0
9.930828097472926	236.0
9.940828931407943	236.0
9.950829765342961	236.0
9.96083059927798	236.0
9.970831433212997	239.0
9.980832267148015	242.0
9.990833101083034	245.0
10.00083393501805	245.0
10.01083476895307	226.0
10.020835602888088	0.0
10.030836436823106	0.0
10.040837270758123	0.0
10.050838104693142	0.0
10.06083893862816	0.0
10.070839772563177	0.0
10.080840606498196	0.0
10.090841440433215	0.0
10.100842274368231	0.0
10.11084310830325	0.0
10.120843942238269	0.0
10.130844776173285	0.0
10.140845610108304	0.0
10.150846444043323	0.0
10.16084727797834	0.0
10.170848111913358	0.0
10.180848945848377	0.0
10.190849779783395	0.0
10.200850613718412	0.0
10.21085144765343	0.0
10.22085228158845	0.0
10.230853115523466	0.0
10.240853949458485	0.0
10.250854783393503	0.0
10.26085561732852	0.0
10.270856451263539	0.0
10.280857285198557	0.0
10.290858119133574	0.0
10.300858953068593	0.0
10.310859787003611	0.0
10.32086062093863	0.0
10.330861454873647	0.0
10.340862288808665	0.0
10.350863122743684	0.0
10.3608639566787	0.0
10.37086479061372	0.0
10.380865624548738	0.0
10.390866458483755	0.0
10.400867292418774	0.0
10.410868126353792	0.0
10.420868960288809	0.0
10.430869794223828	0.0
10.440870628158846	0.0
10.450871462093863	0.0
10.460872296028882	0.0
10.4708731299639	0.0
10.480873963898919	0.0
10.490874797833936	0.0
10.500875631768954	0.0
10.510876465703973	0.0
10.52087729963899	0.0
10.530878133574008	0.0
10.540878967509027	0.0
10.550879801444044	0.0
10.560880635379062	0.0
10.570881469314081	0.0
10.580882303249098	0.0
10.590883137184116	0.0
10.600883971119135	0.0
10.610884805054152	0.0
10.62088563898917	0.0
10.630886472924189	0.0
10.640887306859208	0.0
10.650888140794224	0.0
10.660888974729243	0.0
10.670889808664262	0.0
10.680890642599278	0.0
10.690891476534297	0.0
10.700892310469316	0.0
10.710893144404332	0.0
10.720893978339351	0.0
10.73089481227437	0.0
10.740895646209387	0.0
10.750896480144405	0.0
10.760897314079424	0.0
10.77089814801444	0.0
10.78089898194946	0.0
10.790899815884478	0.0
10.800900649819496	0.0
10.810901483754513	0.0
10.820902317689532	0.0
10.83090315162455	0.0
10.840903985559567	0.0
10.850904819494586	0.0
10.860905653429604	0.0
10.870906487364621	0.0
10.88090732129964	0.0
10.890908155234658	0.0
10.900908989169675	0.0
10.910909823104694	0.0
10.920910657039713	0.0
10.930911490974731	0.0
10.940912324909748	0.0
10.950913158844767	0.0
10.960913992779785	0.0
10.970914826714802	0.0
10.98091566064982	0.0
10.99091649458484	0.0
11.000917328519856	0.0
11.010918162454875	0.0
11.020918996389893	0.0
11.03091983032491	0.0
11.040920664259929	0.0
11.050921498194947	0.0
11.060922332129964	0.0
11.070923166064983	0.0
11.080924000000001	0.0
11.09092483393502	0.0
11.100925667870037	0.0
11.110926501805055	0.0
11.120927335740074	0.0
11.13092816967509	0.0
11.14092900361011	0.0
11.150929837545128	0.0
11.160930671480145	0.0
11.170931505415163	0.0
11.180932339350182	0.0
11.190933173285199	0.0
11.200934007220217	0.0
11.210934841155236	0.0
11.220935675090253	0.0
11.230936509025272	0.0
11.24093734296029	0.0
11.250938176895309	0.0
11.260939010830326	0.0
11.270939844765344	0.0
11.280940678700363	0.0
11.29094151263538	0.0
11.300942346570398	0.0
11.310943180505417	0.0
11.320944014440434	0.0
11.330944848375452	0.0
11.34094568231047	0.0
11.350946516245488	0.0
11.360947350180506	0.0
11.370948184115525	0.0
11.380949018050542	0.0
11.39094985198556	0.0
11.400950685920579	0.0
11.410951519855598	0.0
11.420952353790614	0.0
11.430953187725633	0.0
11.440954021660652	0.0
11.450954855595668	0.0
11.460955689530687	0.0
11.470956523465706	0.0
11.480957357400722	0.0
11.490958191335741	0.0
11.50095902527076	0.0
11.510959859205776	0.0
11.520960693140795	0.0
11.530961527075814	0.0
11.540962361010832	0.0
11.550963194945849	0.0
11.560964028880868	0.0
11.570964862815886	0.0
11.580965696750903	0.0
11.590966530685922	0.0
11.60096736462094	0.0
11.610968198555957	0.0
11.620969032490976	0.0
11.630969866425994	0.0
11.640970700361011	0.0
11.65097153429603	0.0
11.660972368231048	0.0
11.670973202166065	0.0
11.680974036101084	0.0
11.690974870036102	0.0
11.700975703971121	0.0
11.710976537906138	0.0
11.720977371841157	0.0
11.730978205776175	0.0
11.740979039711192	0.0
11.75097987364621	0.0
11.76098070758123	0.0
11.770981541516246	0.0
11.780982375451265	0.0
11.790983209386283	0.0
11.8009840433213	0.0
11.810984877256319	0.0
11.820985711191337	0.0
11.830986545126354	0.0
11.840987379061373	0.0
11.850988212996391	0.0
11.86098904693141	0.0
11.870989880866427	0.0
11.880990714801445	0.0
11.890991548736464	0.0
11.90099238267148	0.0
11.9109932166065	0.0
11.920994050541518	0.0
11.930994884476535	0.0
11.940995718411553	0.0
11.950996552346572	0.0
11.960997386281589	0.0
11.970998220216607	0.0
11.980999054151626	0.0
11.990999888086643	0.0
12.001000722021661	0.0
12.01100155595668	0.0
12.021002389891699	0.0
12.031003223826715	0.0
12.041004057761734	0.0
12.051004891696753	0.0
12.06100572563177	0.0
12.071006559566788	0.0
12.081007393501807	0.0
12.091008227436824	0.0
12.101009061371842	0.0
12.11100989530686	0.0
12.121010729241878	0.0
12.131011563176896	0.0
12.141012397111915	0.0
12.151013231046932	0.0
12.16101406498195	0.0
12.171014898916969	234.0
12.181015732851987	236.0
12.191016566787004	234.0
12.201017400722023	228.0
12.211018234657042	226.0
12.221019068592058	0.0
12.231019902527077	0.0
12.241020736462096	0.0
12.251021570397112	0.0
12.261022404332131	0.0
12.27102323826715	0.0
12.281024072202166	0.0
12.291024906137185	323.0
12.301025740072204	316.0
12.311026574007222	305.0
12.321027407942239	298.0
12.331028241877258	284.0
12.341029075812276	272.0
12.351029909747293	262.0
12.361030743682312	256.0
12.37103157761733	253.0
12.381032411552347	253.0
12.391033245487366	253.0
12.401034079422384	253.0
12.411034913357401	268.0
12.42103574729242	278.0
12.431036581227438	288.0
12.441037415162455	294.0
12.451038249097474	298.0
12.461039083032492	298.0
12.471039916967511	298.0
12.481040750902528	294.0
12.491041584837546	291.0
12.501042418772565	288.0
12.511043252707582	284.0
12.5210440866426	281.0
12.531044920577619	278.0
12.541045754512636	278.0
12.551046588447655	278.0
12.561047422382673	278.0
12.57104825631769	278.0
12.581049090252709	275.0
12.591049924187727	272.0
12.601050758122744	268.0
12.611051592057763	272.0
12.621052425992781	275.0
12.6310532599278	281.0
12.641054093862817	0.0
12.651054927797835	0.0
12.661055761732854	0.0
12.67105659566787	0.0
12.68105742960289	0.0
12.691058263537908	0.0
12.701059097472925	0.0
12.711059931407943	0.0
12.721060765342962	0.0
12.731061599277979	0.0
12.741062433212997	0.0
12.751063267148016	0.0
12.761064101083033	393.0
12.771064935018051	402.0
12.78106576895307	402.0
12.791066602888089	412.0
12.801067436823105	389.0
12.811068270758124	389.0
12.821069104693143	384.0
12.83106993862816	389.0
12.841070772563178	389.0
12.851071606498197	389.0
12.861072440433214	389.0
12.871073274368232	393.0
12.88107410830325	398.0
12.891074942238268	398.0
12.901075776173286	398.0
12.911076610108305	398.0
12.921077444043323	363.0
12.93107827797834	354.0
12.941079111913359	346.0
12.951079945848377	342.0
12.961080779783394	342.0
12.971081613718413	346.0
12.981082447653431	350.0
12.991083281588448	380.0
13.001084115523467	384.0
13.011084949458485	384.0
13.021085783393502	384.0
13.031086617328521	367.0
13.04108745126354	358.0
13.051088285198556	350.0
13.061089119133575	312.0
13.071089953068594	308.0
13.081090787003612	308.0
13.091091620938629	308.0
13.101092454873648	312.0
13.111093288808666	312.0
13.121094122743683	316.0
13.131094956678702	319.0
13.14109579061372	323.0
13.151096624548737	319.0
13.161097458483756	319.0
13.171098292418774	319.0
13.181099126353791	319.0
13.19109996028881	319.0
13.201100794223828	319.0
13.211101628158845	319.0
13.221102462093864	319.0
13.231103296028882	319.0
13.241104129963901	319.0
13.251104963898918	319.0
13.261105797833936	319.0
13.271106631768955	316.0
13.281107465703972	316.0
13.29110829963899	316.0
13.301109133574009	316.0
13.311109967509026	319.0
13.321110801444044	319.0
13.331111635379063	319.0
13.34111246931408	323.0
13.351113303249099	319.0
13.361114137184117	319.0
13.371114971119134	319.0
13.381115805054153	319.0
13.391116638989171	319.0
13.40111747292419	316.0
13.411118306859207	316.0
13.421119140794225	316.0
13.431119974729244	319.0
13.44112080866426	319.0
13.45112164259928	319.0
13.461122476534298	319.0
13.471123310469315	319.0
13.481124144404333	319.0
13.491124978339352	319.0
13.501125812274369	319.0
13.511126646209387	319.0
13.521127480144406	319.0
13.531128314079425	316.0
13.541129148014441	316.0
13.55112998194946	316.0
13.561130815884479	316.0
13.571131649819495	316.0
13.581132483754514	316.0
13.591133317689533	316.0
13.60113415162455	316.0
13.611134985559568	316.0
13.621135819494587	319.0
13.631136653429603	319.0
13.641137487364622	319.0
13.65113832129964	319.0
13.661139155234657	319.0
13.671139989169676	319.0
13.681140823104695	316.0
13.691141657039713	316.0
13.70114249097473	316.0
13.711143324909749	319.0
13.721144158844767	319.0
13.731144992779784	319.0
13.741145826714803	319.0
13.751146660649821	316.0
13.761147494584838	316.0
13.771148328519857	316.0
13.781149162454875	316.0
13.791149996389892	316.0
13.80115083032491	316.0
13.81115166425993	319.0
13.821152498194946	319.0
13.831153332129965	319.0
13.841154166064983	319.0
13.851155000000002	319.0
13.861155833935019	319.0
13.871156667870038	319.0
13.881157501805056	319.0
13.891158335740073	319.0
13.901159169675092	319.0
13.91116000361011	319.0
13.921160837545127	319.0
13.931161671480146	319.0
13.941162505415164	319.0
13.951163339350181	319.0
13.9611641732852	319.0
13.971165007220218	319.0
13.981165841155235	319.0
13.991166675090254	319.0
14.001167509025272	319.0
14.011168342960291	319.0
14.021169176895308	319.0
14.031170010830326	316.0
14.041170844765345	316.0
14.051171678700362	316.0
14.06117251263538	319.0
14.071173346570399	319.0
14.081174180505416	319.0
14.091175014440434	319.0
14.101175848375453	319.0
14.11117668231047	319.0
14.121177516245488	319.0
14.131178350180507	319.0
14.141179184115526	319.0
14.151180018050542	316.0
14.161180851985561	316.0
14.17118168592058	319.0
14.181182519855597	319.0
14.191183353790615	319.0
14.201184187725634	319.0
14.21118502166065	319.0
14.22118585559567	319.0
14.231186689530688	319.0
14.241187523465705	316.0
14.251188357400723	316.0
14.261189191335742	316.0
14.271190025270759	316.0
14.281190859205777	316.0
14.291191693140796	316.0
14.301192527075814	319.0
14.311193361010831	319.0
14.32119419494585	319.0
14.331195028880868	319.0
14.341195862815885	319.0
14.351196696750904	316.0
14.361197530685923	316.0
14.37119836462094	316.0
14.381199198555958	316.0
14.391200032490977	316.0
14.401200866425993	319.0
14.411201700361012	319.0
14.42120253429603	319.0
14.431203368231047	319.0
14.441204202166066	323.0
14.451205036101085	323.0
14.461205870036103	323.0
14.47120670397112	319.0
14.481207537906139	319.0
14.491208371841157	319.0
14.501209205776174	319.0
14.511210039711193	319.0
14.521210873646211	319.0
14.531211707581228	319.0
14.541212541516247	319.0
14.551213375451265	319.0
14.561214209386282	319.0
14.5712150433213	319.0
14.58121587725632	319.0
14.591216711191336	319.0
14.601217545126355	319.0
14.611218379061373	319.0
14.621219212996392	319.0
14.631220046931409	319.0
14.641220880866427	316.0
14.651221714801446	316.0
14.661222548736463	316.0
14.671223382671482	316.0
14.6812242166065	316.0
14.691225050541517	319.0
14.701225884476536	319.0
14.711226718411554	319.0
14.721227552346571	319.0
14.73122838628159	319.0
14.741229220216608	319.0
14.751230054151627	319.0
14.761230888086644	319.0
14.771231722021662	319.0
14.78123255595668	319.0
14.791233389891698	316.0
14.801234223826716	316.0
14.811235057761735	316.0
14.821235891696752	316.0
14.83123672563177	316.0
14.841237559566789	319.0
14.851238393501806	319.0
14.861239227436824	319.0
14.871240061371843	319.0
14.88124089530686	319.0
14.891241729241878	316.0
14.901242563176897	316.0
14.911243397111916	308.0
14.921244231046932	301.0
14.931245064981951	298.0
14.94124589891697	291.0
14.951246732851986	284.0
14.961247566787005	278.0
14.971248400722024	275.0
14.98124923465704	272.0
14.991250068592059	268.0
15.001250902527078	262.0
15.011251736462095	259.0
15.021252570397113	256.0
15.031253404332132	253.0
15.041254238267149	259.0
15.051255072202167	256.0
15.061255906137186	259.0
15.071256740072204	259.0
15.081257574007221	259.0
15.09125840794224	259.0
15.101259241877258	262.0
15.111260075812275	281.0
15.121260909747294	284.0
15.131261743682312	0.0
15.14126257761733	0.0
15.151263411552348	0.0
15.161264245487367	0.0
15.171265079422383	0.0
15.181265913357402	272.0
15.19126674729242	272.0
15.201267581227437	275.0
15.211268415162456	281.0
15.221269249097475	0.0
15.231270083032493	0.0
15.24127091696751	0.0
15.251271750902529	0.0
15.261272584837547	0.0
15.271273418772564	0.0
15.281274252707583	0.0
15.291275086642601	0.0
15.301275920577618	0.0
15.311276754512637	0.0
15.321277588447655	0.0
15.331278422382672	0.0
15.34127925631769	0.0
15.35128009025271	0.0
15.361280924187728	0.0
15.371281758122745	0.0
15.381282592057763	0.0
15.391283425992782	0.0
15.401284259927799	0.0
15.411285093862817	0.0
15.421285927797836	0.0
15.431286761732853	0.0
15.441287595667871	0.0
15.45128842960289	0.0
15.461289263537907	0.0
15.471290097472925	0.0
15.481290931407944	0.0
15.491291765342961	0.0
15.50129259927798	0.0
15.511293433212998	0.0
15.521294267148017	0.0
15.531295101083034	0.0
15.541295935018052	0.0
15.55129676895307	0.0
15.561297602888088	0.0
15.571298436823106	0.0
15.581299270758125	0.0
15.591300104693142	0.0
15.60130093862816	0.0
15.611301772563179	0.0
15.621302606498196	0.0
15.631303440433214	0.0
15.641304274368233	0.0
15.65130510830325	0.0
15.661305942238268	0.0
15.671306776173287	0.0
15.681307610108306	0.0
15.691308444043322	0.0
15.701309277978341	0.0
15.71131011191336	0.0
15.721310945848376	0.0
15.731311779783395	0.0
15.741312613718414	0.0
15.75131344765343	0.0
15.761314281588449	0.0
15.771315115523468	0.0
15.781315949458484	0.0
15.791316783393503	0.0
15.801317617328522	0.0
15.811318451263539	0.0
15.821319285198557	0.0
15.831320119133576	0.0
15.841320953068594	0.0
15.851321787003611	0.0
15.86132262093863	0.0
15.871323454873648	0.0
15.881324288808665	0.0
15.891325122743684	0.0
15.901325956678702	0.0
15.91132679061372	0.0
15.921327624548738	0.0
15.931328458483756	0.0
15.941329292418773	0.0
15.951330126353792	0.0
15.96133096028881	0.0
15.971331794223827	0.0
15.981332628158846	0.0
15.991333462093865	0.0
16.001334296028883	0.0
16.0113351299639	0.0
16.021335963898917	0.0
16.031336797833937	0.0
16.041337631768954	0.0
16.051338465703974	0.0
16.06133929963899	256.0
16.071340133574008	253.0
16.08134096750903	253.0
16.091341801444045	253.0
16.101342635379062	253.0
16.111343469314082	256.0
16.1213443032491	259.0
16.131345137184116	262.0
16.141345971119136	265.0
16.151346805054153	265.0
16.16134763898917	265.0
16.17134847292419	259.0
16.181349306859207	256.0
16.191350140794224	253.0
16.201350974729245	0.0
16.21135180866426	0.0
16.22135264259928	0.0
16.2313534765343	0.0
16.241354310469315	0.0
16.251355144404332	0.0
16.261355978339353	0.0
16.27135681227437	0.0
16.281357646209386	0.0
16.291358480144407	305.0
16.301359314079424	305.0
16.31136014801444	305.0
16.32136098194946	301.0
16.331361815884478	301.0
16.341362649819494	301.0
16.351363483754515	301.0
16.36136431768953	305.0
16.371365151624552	308.0
16.38136598555957	312.0
16.391366819494586	312.0
16.401367653429606	316.0
16.411368487364623	316.0
16.42136932129964	316.0
16.43137015523466	316.0
16.441370989169677	316.0
16.451371823104694	316.0
16.461372657039714	312.0
16.47137349097473	312.0
16.481374324909748	316.0
16.491375158844768	316.0
16.501375992779785	316.0
16.511376826714802	316.0
16.521377660649822	316.0
16.53137849458484	316.0
16.541379328519856	316.0
16.551380162454876	316.0
16.561380996389893	316.0
16.57138183032491	316.0
16.58138266425993	316.0
16.591383498194947	316.0
16.601384332129964	316.0
16.611385166064984	316.0
16.621386	319.0
16.631386833935018	319.0
16.64138766787004	316.0
16.651388501805055	316.0
16.661389335740076	319.0
16.671390169675092	319.0
16.68139100361011	319.0
16.69139183754513	319.0
16.701392671480146	319.0
16.711393505415163	319.0
16.721394339350184	319.0
16.7313951732852	319.0
16.741396007220217	316.0
16.751396841155238	316.0
16.761397675090254	316.0
16.77139850902527	316.0
16.78139934296029	316.0
16.79140017689531	316.0
16.801401010830325	316.0
16.811401844765346	316.0
16.821402678700363	316.0
16.83140351263538	316.0
16.8414043465704	319.0
16.851405180505417	319.0
16.861406014440433	319.0
16.871406848375454	319.0
16.88140768231047	319.0
16.891408516245487	319.0
16.901409350180508	319.0
16.911410184115525	319.0
16.92141101805054	319.0
16.931411851985562	319.0
16.94141268592058	316.0
16.951413519855596	316.0
16.961414353790616	316.0
16.971415187725633	316.0
16.981416021660653	312.0
16.99141685559567	308.0
17.001417689530687	301.0
17.011418523465707	294.0
17.021419357400724	288.0
17.03142019133574	284.0
17.04142102527076	278.0
17.051421859205778	275.0
17.061422693140795	272.0
17.071423527075815	268.0
17.081424361010832	265.0
17.09142519494585	265.0
17.10142602888087	265.0
17.111426862815886	268.0
17.121427696750903	268.0
17.131428530685923	268.0
17.14142936462094	268.0
17.151430198555957	268.0
17.161431032490977	268.0
17.171431866425994	265.0
17.18143270036101	265.0
17.19143353429603	265.0
17.201434368231048	262.0
17.211435202166065	262.0
17.221436036101085	262.0
17.231436870036102	262.0
17.24143770397112	265.0
17.25143853790614	272.0
17.261439371841156	278.0
17.271440205776173	284.0
17.281441039711193	294.0
17.29144187364621	301.0
17.30144270758123	305.0
17.311443541516248	308.0
17.321444375451264	312.0
17.331445209386285	312.0
17.3414460433213	316.0
17.35144687725632	316.0
17.36144771119134	316.0
17.371448545126356	316.0
17.381449379061372	316.0
17.391450212996393	316.0
17.40145104693141	316.0
17.411451880866426	316.0
17.421452714801447	316.0
17.431453548736464	316.0
17.44145438267148	316.0
17.4514552166065	316.0
17.461456050541518	316.0
17.471456884476535	316.0
17.481457718411555	316.0
17.49145855234657	316.0
17.50145938628159	319.0
17.51146022021661	319.0
17.521461054151626	319.0
17.531461888086643	319.0
17.541462722021663	316.0
17.55146355595668	316.0
17.561464389891697	316.0
17.571465223826717	316.0
17.581466057761734	316.0
17.591466891696754	316.0
17.60146772563177	316.0
17.611468559566788	316.0
17.62146939350181	316.0
17.631470227436825	316.0
17.641471061371842	316.0
17.651471895306862	316.0
17.66147272924188	316.0
17.671473563176896	316.0
17.681474397111916	316.0
17.691475231046933	316.0
17.70147606498195	319.0
17.71147689891697	319.0
17.721477732851987	319.0
17.731478566787004	319.0
17.741479400722024	319.0
17.75148023465704	316.0
17.761481068592058	312.0
17.77148190252708	312.0
17.781482736462095	312.0
17.791483570397112	308.0
17.801484404332133	312.0
17.81148523826715	316.0
17.821486072202166	331.0
17.831486906137187	346.0
17.841487740072203	358.0
17.85148857400722	358.0
17.86148940794224	358.0
17.871490241877257	358.0
17.881491075812274	354.0
17.891491909747295	354.0
17.90149274368231	354.0
17.911493577617332	354.0
17.92149441155235	354.0
17.931495245487366	375.0
17.941496079422386	375.0
17.951496913357403	0.0
17.96149774729242	0.0
17.97149858122744	0.0
17.981499415162457	346.0
17.991500249097474	346.0
18.001501083032494	346.0
18.01150191696751	346.0
18.021502750902528	350.0
18.031503584837548	354.0
18.041504418772565	354.0
18.05150525270758	358.0
18.061506086642602	358.0
18.07150692057762	354.0
18.081507754512636	342.0
18.091508588447656	334.0
18.101509422382673	331.0
18.11151025631769	0.0
18.12151109025271	0.0
18.131511924187727	0.0
18.141512758122744	0.0
18.151513592057764	0.0
18.16151442599278	0.0
18.171515259927798	319.0
18.181516093862818	319.0
18.191516927797835	319.0
18.201517761732855	319.0
18.211518595667872	319.0
18.22151942960289	316.0
18.23152026353791	0.0
18.241521097472926	0.0
18.251521931407943	0.0
18.261522765342963	262.0
18.27152359927798	262.0
18.281524433212997	265.0
18.291525267148018	268.0
18.301526101083034	275.0
18.31152693501805	281.0
18.32152776895307	291.0
18.33152860288809	301.0
18.341529436823105	308.0
18.351530270758126	312.0
18.361531104693142	316.0
18.37153193862816	316.0
18.38153277256318	319.0
18.391533606498196	319.0
18.401534440433213	319.0
18.411535274368234	316.0
18.42153610830325	312.0
18.431536942238267	305.0
18.441537776173288	294.0
18.451538610108305	284.0
18.46153944404332	278.0
18.47154027797834	275.0
18.48154111191336	275.0
18.491541945848375	281.0
18.501542779783396	291.0
18.511543613718413	305.0
18.521544447653433	316.0
18.53154528158845	319.0
18.541546115523467	319.0
18.551546949458487	319.0
18.561547783393504	316.0
18.57154861732852	316.0
18.58154945126354	312.0
18.591550285198558	316.0
18.601551119133575	350.0
18.611551953068595	363.0
18.621552787003612	375.0
18.63155362093863	380.0
18.64155445487365	371.0
18.651555288808666	363.0
18.661556122743683	354.0
18.671556956678703	350.0
18.68155779061372	350.0
18.691558624548737	350.0
18.701559458483757	350.0
18.711560292418774	350.0
18.72156112635379	354.0
18.73156196028881	354.0
18.741562794223828	354.0
18.751563628158845	354.0
18.761564462093865	354.0
18.771565296028882	354.0
18.7815661299639	363.0
18.79156696389892	380.0
18.801567797833936	452.0
18.811568631768957	479.0
18.821569465703973	479.0
18.83157029963899	457.0
18.84157113357401	426.0
18.851571967509027	350.0
18.861572801444044	331.0
18.871573635379065	323.0
18.88157446931408	319.0
18.8915753032491	316.0
18.90157613718412	316.0
18.911576971119135	319.0
18.921577805054152	319.0
18.931578638989173	323.0
18.94157947292419	323.0
18.951580306859206	323.0
18.961581140794227	323.0
18.971581974729244	319.0
18.98158280866426	319.0
18.99158364259928	319.0
19.001584476534298	319.0
19.011585310469314	319.0
19.021586144404335	319.0
19.03158697833935	319.0
19.04158781227437	319.0
19.05158864620939	319.0
19.061589480144406	319.0
19.071590314079423	319.0
19.081591148014443	323.0
19.09159198194946	323.0
19.101592815884477	323.0
19.111593649819497	323.0
19.121594483754514	319.0
19.131595317689534	319.0
19.14159615162455	312.0
19.151596985559568	305.0
19.161597819494588	294.0
19.171598653429605	284.0
19.181599487364622	275.0
19.191600321299642	265.0
19.20160115523466	268.0
19.211601989169676	259.0
19.221602823104696	259.0
19.231603657039713	262.0
19.24160449097473	268.0
19.25160532490975	278.0
19.261606158844767	288.0
19.271606992779784	298.0
19.281607826714804	305.0
19.29160866064982	312.0
19.301609494584838	319.0
19.31161032851986	327.0
19.321611162454875	327.0
19.331611996389892	327.0
19.341612830324912	323.0
19.35161366425993	319.0
19.361614498194946	316.0
19.371615332129966	316.0
19.381616166064983	308.0
19.391617	305.0
19.40161783393502	298.0
19.411618667870037	294.0
19.421619501805058	288.0
19.431620335740075	281.0
19.44162116967509	278.0
19.45162200361011	272.0
19.46162283754513	268.0
19.471623671480145	265.0
19.481624505415166	262.0
19.491625339350183	259.0
19.5016261732852	272.0
19.51162700722022	0.0
19.521627841155237	436.0
19.531628675090253	436.0
19.541629509025274	431.0
19.55163034296029	402.0
19.561631176895308	375.0
19.571632010830328	334.0
19.581632844765345	323.0
19.59163367870036	316.0
19.601634512635382	312.0
19.6116353465704	312.0
19.621636180505416	312.0
19.631637014440436	316.0
19.641637848375453	316.0
19.65163868231047	319.0
19.66163951624549	319.0
19.671640350180507	319.0
19.681641184115524	319.0
19.691642018050544	319.0
19.70164285198556	319.0
19.711643685920578	316.0
19.721644519855598	316.0
19.731645353790615	316.0
19.741646187725635	323.0
19.751647021660652	350.0
19.76164785559567	398.0
19.77164868953069	412.0
19.781649523465706	407.0
19.791650357400723	363.0
19.801651191335743	331.0
19.81165202527076	319.0
19.821652859205777	312.0
19.831653693140797	308.0
19.841654527075814	312.0
19.85165536101083	319.0
19.86165619494585	323.0
19.87165702888087	327.0
19.881657862815885	319.0
19.891658696750905	312.0
19.901659530685922	305.0
19.91166036462094	294.0
19.92166119855596	284.0
19.931662032490976	278.0
19.941662866425993	275.0
19.951663700361014	275.0
19.96166453429603	278.0
19.971665368231047	281.0
19.981666202166068	281.0
19.991667036101084	284.0
20.0016678700361	284.0
20.01166870397112	281.0
20.02166953790614	284.0
20.03167037184116	284.0
20.041671205776176	301.0
20.051672039711192	312.0
20.061672873646213	367.0
20.07167370758123	358.0
20.081674541516247	334.0
20.091675375451267	308.0
20.101676209386284	291.0
20.1116770433213	281.0
20.12167787725632	272.0
20.131678711191338	265.0
20.141679545126355	262.0
20.151680379061375	262.0
20.161681212996392	265.0
20.17168204693141	268.0
20.18168288086643	268.0
20.191683714801446	272.0
20.201684548736463	272.0
20.211685382671483	272.0
20.2216862166065	272.0
20.231687050541517	268.0
20.241687884476537	265.0
20.251688718411554	265.0
20.26168955234657	265.0
20.27169038628159	265.0
20.281691220216608	265.0
20.291692054151625	265.0
20.301692888086645	268.0
20.311693722021662	268.0
20.32169455595668	268.0
20.3316953898917	268.0
20.341696223826716	268.0
20.351697057761736	268.0
20.361697891696753	268.0
20.37169872563177	268.0
20.38169955956679	265.0
20.391700393501807	265.0
20.401701227436824	265.0
20.411702061371845	262.0
20.42170289530686	262.0
20.431703729241878	259.0
20.4417045631769	259.0
20.451705397111915	262.0
20.461706231046932	265.0
20.471707064981953	268.0
20.48170789891697	278.0
20.491708732851986	278.0
20.501709566787007	275.0
20.511710400722023	275.0
20.52171123465704	272.0
20.53171206859206	272.0
20.541712902527077	265.0
20.551713736462094	259.0
20.561714570397115	256.0
20.57171540433213	253.0
20.58171623826715	250.0
20.59171707220217	250.0
20.601717906137186	248.0
20.611718740072202	245.0
20.621719574007223	245.0
20.63172040794224	242.0
20.64172124187726	242.0
20.651722075812277	239.0
20.661722909747294	239.0
20.671723743682314	239.0
20.68172457761733	236.0
20.691725411552348	231.0
20.701726245487368	253.0
20.711727079422385	256.0
20.7217279133574	256.0
20.731728747292422	259.0
20.74172958122744	248.0
20.751730415162456	248.0
20.761731249097476	248.0
20.771732083032493	248.0
20.78173291696751	250.0
20.79173375090253	253.0
20.801734584837547	253.0
20.811735418772564	253.0
20.821736252707584	0.0
20.8317370866426	0.0
20.841737920577618	0.0
20.85173875451264	0.0
20.861739588447655	0.0
20.871740422382672	0.0
20.881741256317692	0.0
20.89174209025271	0.0
20.901742924187726	0.0
20.911743758122746	0.0
20.921744592057763	0.0
20.93174542599278	0.0
20.9417462599278	0.0
20.951747093862817	0.0
20.961747927797838	0.0
20.971748761732854	0.0
20.98174959566787	0.0
20.99175042960289	0.0
21.00175126353791	0.0
21.011752097472925	0.0
21.021752931407946	0.0
21.031753765342962	0.0
21.04175459927798	0.0
21.051755433213	0.0
21.061756267148017	0.0
21.071757101083033	0.0
21.081757935018054	0.0
21.09175876895307	0.0
21.101759602888087	0.0
21.111760436823108	0.0
21.121761270758125	0.0
21.13176210469314	0.0
21.141762938628162	0.0
21.15176377256318	0.0
21.161764606498195	0.0
21.171765440433216	0.0
21.181766274368233	0.0
21.19176710830325	0.0
21.20176794223827	0.0
21.211768776173287	0.0
21.221769610108304	0.0
21.231770444043324	0.0
21.24177127797834	0.0
21.25177211191336	0.0
21.261772945848378	0.0
21.271773779783395	0.0
21.281774613718415	0.0
21.291775447653432	0.0
21.30177628158845	0.0
21.31177711552347	0.0
21.321777949458486	0.0
21.331778783393503	0.0
21.341779617328523	0.0
21.35178045126354	0.0
21.361781285198557	0.0
21.371782119133577	0.0
21.381782953068594	0.0
21.39178378700361	0.0
21.40178462093863	0.0
21.411785454873648	0.0
21.421786288808665	0.0
21.431787122743685	0.0
21.441787956678702	0.0
21.45178879061372	0.0
21.46178962454874	0.0
21.471790458483756	0.0
21.481791292418773	0.0
21.491792126353793	0.0
21.50179296028881	0.0
21.511793794223827	0.0
21.521794628158847	0.0
21.531795462093864	0.0
21.54179629602888	0.0
21.5517971299639	0.0
21.56179796389892	0.0
21.57179879783394	0.0
21.581799631768956	0.0
21.591800465703972	0.0
21.601801299638993	0.0
21.61180213357401	0.0
21.621802967509026	0.0
21.631803801444047	0.0
21.641804635379064	0.0
21.65180546931408	0.0
21.6618063032491	0.0
21.671807137184118	0.0
21.681807971119134	0.0
21.691808805054155	0.0
21.70180963898917	0.0
21.71181047292419	0.0
21.72181130685921	0.0
21.731812140794226	0.0
21.741812974729243	0.0
21.751813808664263	0.0
21.76181464259928	0.0
21.771815476534297	0.0
21.781816310469317	0.0
21.791817144404334	0.0
21.80181797833935	0.0
21.81181881227437	0.0
21.821819646209388	0.0
21.831820480144405	0.0
21.841821314079425	0.0
21.851822148014442	0.0
21.861822981949462	0.0
21.87182381588448	0.0
21.881824649819496	0.0
21.891825483754516	0.0
21.901826317689533	0.0
21.91182715162455	0.0
21.92182798555957	0.0
21.931828819494587	0.0
21.941829653429604	0.0
21.951830487364624	0.0
21.96183132129964	0.0
21.971832155234658	0.0
21.98183298916968	0.0
21.991833823104695	0.0
22.001834657039712	0.0
22.011835490974732	0.0
22.02183632490975	0.0
22.031837158844766	0.0
22.041837992779787	0.0
22.051838826714803	0.0
22.06183966064982	0.0
22.07184049458484	0.0
22.081841328519857	0.0
22.091842162454874	0.0
22.101842996389895	0.0
22.11184383032491	0.0
22.12184466425993	0.0
22.13184549819495	0.0
22.141846332129965	0.0
22.151847166064982	0.0
22.161848000000003	0.0
22.17184883393502	0.0
22.18184966787004	0.0
22.191850501805057	0.0
22.201851335740074	0.0
22.211852169675094	0.0
22.22185300361011	0.0
22.231853837545128	0.0
22.241854671480148	0.0
22.251855505415165	0.0
22.26185633935018	0.0
22.271857173285202	0.0
22.28185800722022	0.0
22.291858841155236	0.0
22.301859675090256	0.0
22.311860509025273	0.0
22.32186134296029	0.0
22.33186217689531	0.0
22.341863010830327	0.0
22.351863844765344	0.0
22.361864678700364	0.0
22.37186551263538	0.0
22.381866346570398	0.0
22.391867180505418	0.0
22.401868014440435	0.0
22.411868848375452	0.0
22.421869682310472	0.0
22.43187051624549	0.0
22.441871350180506	0.0
22.451872184115526	0.0
22.461873018050543	0.0
22.471873851985563	0.0
22.48187468592058	0.0
22.491875519855597	0.0
22.501876353790617	0.0
22.511877187725634	0.0
22.52187802166065	0.0
22.53187885559567	0.0
22.54187968953069	0.0
22.551880523465705	0.0
22.561881357400726	0.0
22.571882191335742	0.0
22.58188302527076	0.0
22.59188385920578	0.0
22.601884693140796	0.0
22.611885527075813	0.0
22.621886361010834	0.0
22.63188719494585	0.0
22.641888028880867	0.0
22.651888862815888	0.0
22.661889696750904	0.0
22.67189053068592	0.0
22.68189136462094	0.0
22.69189219855596	0.0
22.701893032490975	0.0
22.711893866425996	0.0
22.721894700361013	0.0
22.73189553429603	0.0
22.74189636823105	0.0
22.751897202166067	0.0
22.761898036101083	0.0
22.771898870036104	0.0
22.78189970397112	0.0
22.79190053790614	0.0
22.801901371841158	0.0
22.811902205776175	0.0
22.821903039711195	0.0
22.831903873646212	0.0
22.84190470758123	0.0
22.85190554151625	0.0
22.861906375451266	0.0
22.871907209386283	0.0
22.881908043321303	0.0
22.89190887725632	0.0
22.901909711191337	0.0
22.911910545126357	0.0
22.921911379061374	0.0
22.93191221299639	0.0
22.94191304693141	0.0
22.951913880866428	0.0
22.961914714801445	0.0
22.971915548736465	0.0
22.981916382671482	0.0
22.9919172166065	0.0
23.00191805054152	0.0
23.011918884476536	0.0
23.021919718411553	0.0
23.031920552346573	0.0
23.04192138628159	0.0
23.051922220216607	0.0
23.061923054151627	0.0
23.071923888086644	0.0
23.081924722021665	0.0
23.09192555595668	0.0
23.101926389891698	0.0
23.11192722382672	0.0
23.121928057761735	0.0
23.131928891696752	0.0
23.141929725631773	0.0
23.15193055956679	0.0
23.161931393501806	0.0
23.171932227436827	0.0
23.181933061371844	0.0
23.19193389530686	0.0
23.20193472924188	0.0
23.211935563176898	0.0
23.221936397111914	0.0
23.231937231046935	0.0
23.24193806498195	0.0
23.25193889891697	0.0
23.26193973285199	0.0
23.271940566787006	0.0
23.281941400722022	0.0
23.291942234657043	0.0
23.30194306859206	0.0
23.311943902527076	0.0
23.321944736462097	0.0
23.331945570397114	0.0
23.34194640433213	0.0
23.35194723826715	0.0
23.361948072202168	0.0
23.371948906137185	0.0
23.381949740072205	0.0
23.39195057400722	0.0
23.401951407942242	0.0
23.41195224187726	0.0
23.421953075812276	0.0
23.431953909747296	0.0
23.441954743682313	0.0
23.45195557761733	0.0
23.46195641155235	0.0
23.471957245487367	0.0
23.481958079422384	0.0
23.491958913357404	0.0
23.50195974729242	0.0
23.511960581227438	0.0
23.52196141516246	0.0
23.531962249097475	0.0
23.541963083032492	0.0
23.551963916967512	0.0
23.56196475090253	0.0
23.571965584837546	0.0
23.581966418772566	0.0
23.591967252707583	0.0
23.6019680866426	0.0
23.61196892057762	0.0
23.621969754512637	0.0
23.631970588447654	0.0
23.641971422382674	0.0
23.65197225631769	0.0
23.661973090252708	0.0
23.67197392418773	0.0
23.681974758122745	0.0
23.691975592057766	0.0
23.701976425992783	0.0
23.7119772599278	0.0
23.72197809386282	0.0
23.731978927797837	0.0
23.741979761732853	0.0
23.751980595667874	0.0
23.76198142960289	0.0
23.771982263537907	0.0
23.781983097472928	0.0
23.791983931407945	0.0
23.80198476534296	0.0
23.811985599277982	0.0
23.821986433213	0.0
23.831987267148016	0.0
23.841988101083036	0.0
23.851988935018053	0.0
23.86198976895307	0.0
23.87199060288809	0.0
23.881991436823107	0.0
23.891992270758124	0.0
23.901993104693144	0.0
23.91199393862816	0.0
23.921994772563178	0.0
23.931995606498198	0.0
23.941996440433215	0.0
23.95199727436823	0.0
23.961998108303252	0.0
23.97199894223827	0.0
23.981999776173286	0.0
23.992000610108306	0.0
24.002001444043323	0.0
24.012002277978343	0.0
24.02200311191336	0.0
24.032003945848377	0.0
24.042004779783397	0.0
24.052005613718414	0.0
24.06200644765343	0.0
24.07200728158845	0.0
24.082008115523468	0.0
24.092008949458485	0.0
24.102009783393505	0.0
24.112010617328522	0.0
24.12201145126354	0.0
24.13201228519856	0.0
24.142013119133576	0.0
24.152013953068593	0.0
24.162014787003613	0.0
24.17201562093863	0.0
24.182016454873647	0.0
24.192017288808668	0.0
24.202018122743684	0.0
24.2120189566787	0.0
24.22201979061372	0.0
24.23202062454874	0.0
24.242021458483755	0.0
24.252022292418776	0.0
24.262023126353792	0.0
24.27202396028881	537.0
24.28202479422383	537.0
24.292025628158846	537.0
24.302026462093863	537.0
24.312027296028884	537.0
24.3220281299639	0.0
24.33202896389892	0.0
24.342029797833938	0.0
24.352030631768955	0.0
24.362031465703975	0.0
24.37203229963899	0.0
24.38203313357401	0.0
24.39203396750903	0.0
24.402034801444046	0.0
24.412035635379063	0.0
24.422036469314083	0.0
24.4320373032491	0.0
24.442038137184117	563.0
24.452038971119137	563.0
24.462039805054154	563.0
24.47204063898917	563.0
24.48204147292419	0.0
24.492042306859208	0.0
24.502043140794225	0.0
24.512043974729245	0.0
24.522044808664262	0.0
24.53204564259928	0.0
24.5420464765343	0.0
24.552047310469316	0.0
24.562048144404333	0.0
24.572048978339353	0.0
24.58204981227437	0.0
24.592050646209387	0.0
24.602051480144407	0.0
24.612052314079424	0.0
24.622053148014444	0.0
24.63205398194946	0.0
24.642054815884478	0.0
24.6520556498195	0.0
24.662056483754515	0.0
24.672057317689532	0.0
24.682058151624553	0.0
24.69205898555957	0.0
24.702059819494586	0.0
24.712060653429607	0.0
24.722061487364623	0.0
24.73206232129964	0.0
24.74206315523466	0.0
24.752063989169677	0.0
24.762064823104694	0.0
24.772065657039715	0.0
24.78206649097473	0.0
24.79206732490975	0.0
24.80206815884477	0.0
24.812068992779786	0.0
24.822069826714802	0.0
24.832070660649823	0.0
24.84207149458484	0.0
24.852072328519856	0.0
24.862073162454877	0.0
24.872073996389894	0.0
24.88207483032491	0.0
24.89207566425993	0.0
24.902076498194948	0.0
24.912077332129964	0.0
24.922078166064985	0.0
24.932079	0.0
24.942079833935022	0.0
24.95208066787004	0.0
24.962081501805056	0.0
24.972082335740076	0.0
24.982083169675093	0.0
24.99208400361011	0.0
25.00208483754513	0.0
25.012085671480147	0.0
25.022086505415164	0.0
25.032087339350184	0.0
25.0420881732852	0.0
25.052089007220218	0.0
25.062089841155238	239.0
25.072090675090255	239.0
25.082091509025272	236.0
25.092092342960292	234.0
25.10209317689531	231.0
25.112094010830326	231.0
25.122094844765346	231.0
25.132095678700363	234.0
25.14209651263538	236.0
25.1520973465704	242.0
25.162098180505417	239.0
25.172099014440434	236.0
25.182099848375454	234.0
25.19210068231047	234.0
25.202101516245488	231.0
25.21210235018051	228.0
25.222103184115525	220.0
25.232104018050546	210.0
25.242104851985562	208.0
25.25210568592058	210.0
25.2621065198556	215.0
25.272107353790616	223.0
25.282108187725633	301.0
25.292109021660654	312.0
25.30210985559567	316.0
25.312110689530687	316.0
25.322111523465708	308.0
25.332112357400725	301.0
25.34211319133574	298.0
25.35211402527076	291.0
25.36211485920578	288.0
25.372115693140795	284.0
25.382116527075816	281.0
25.392117361010833	278.0
25.40211819494585	275.0
25.41211902888087	272.0
25.422119862815887	268.0
25.432120696750903	268.0
25.442121530685924	268.0
25.45212236462094	268.0
25.462123198555958	272.0
25.472124032490978	275.0
25.482124866425995	284.0
25.49212570036101	294.0
25.502126534296032	301.0
25.51212736823105	312.0
25.522128202166066	319.0
25.532129036101086	323.0
25.542129870036103	323.0
25.552130703971123	319.0
25.56213153790614	316.0
25.572132371841157	305.0
25.582133205776177	294.0
25.592134039711194	288.0
25.60213487364621	288.0
25.61213570758123	275.0
25.622136541516248	268.0
25.632137375451265	259.0
25.642138209386285	256.0
25.652139043321302	259.0
25.66213987725632	265.0
25.67214071119134	275.0
25.682141545126356	284.0
25.692142379061373	291.0
25.702143212996393	298.0
25.71214404693141	301.0
25.722144880866427	305.0
25.732145714801447	305.0
25.742146548736464	308.0
25.75214738267148	305.0
25.7621482166065	305.0
25.77214905054152	301.0
25.782149884476535	298.0
25.792150718411555	294.0
25.802151552346572	291.0
25.81215238628159	284.0
25.82215322021661	281.0
25.832154054151626	275.0
25.842154888086647	265.0
25.852155722021664	259.0
25.86215655595668	256.0
25.8721573898917	256.0
25.882158223826718	259.0
25.892159057761734	268.0
25.902159891696755	278.0
25.91216072563177	291.0
25.92216155956679	301.0
25.93216239350181	308.0
25.942163227436826	312.0
25.952164061371843	312.0
25.962164895306863	316.0
25.97216572924188	308.0
25.982166563176897	301.0
25.992167397111917	294.0
26.002168231046934	288.0
26.01216906498195	284.0
26.02216989891697	281.0
26.032170732851988	275.0
26.042171566787005	272.0
26.052172400722025	265.0
26.062173234657042	262.0
26.07217406859206	262.0
26.08217490252708	262.0
26.092175736462096	265.0
26.102176570397113	272.0
26.112177404332133	278.0
26.12217823826715	288.0
26.132179072202167	301.0
26.142179906137187	308.0
26.152180740072204	319.0
26.162181574007224	331.0
26.17218240794224	338.0
26.182183241877258	346.0
26.19218407581228	346.0
26.202184909747295	350.0
26.212185743682312	350.0
26.222186577617332	350.0
26.23218741155235	342.0
26.242188245487366	338.0
26.252189079422386	331.0
26.262189913357403	323.0
26.27219074729242	316.0
26.28219158122744	312.0
26.292192415162457	308.0
26.302193249097474	305.0
26.312194083032495	308.0
26.32219491696751	308.0
26.332195750902528	312.0
26.34219658483755	312.0
26.352197418772565	316.0
26.362198252707582	319.0
26.372199086642603	319.0
26.38219992057762	323.0
26.392200754512636	323.0
26.402201588447657	323.0
26.412202422382673	323.0
26.42220325631769	323.0
26.43220409025271	319.0
26.442204924187727	319.0
26.452205758122748	319.0
26.462206592057765	319.0
26.47220742599278	319.0
26.482208259927802	319.0
26.49220909386282	319.0
26.502209927797836	319.0
26.512210761732856	319.0
26.522211595667873	319.0
26.53221242960289	319.0
26.54221326353791	319.0
26.552214097472927	319.0
26.562214931407944	319.0
26.572215765342964	319.0
26.58221659927798	316.0
26.592217433212998	316.0
26.602218267148018	316.0
26.612219101083035	316.0
26.62221993501805	319.0
26.632220768953072	319.0
26.64222160288809	319.0
26.652222436823106	319.0
26.662223270758126	319.0
26.672224104693143	319.0
26.68222493862816	319.0
26.69222577256318	319.0
26.702226606498197	319.0
26.712227440433214	316.0
26.722228274368234	316.0
26.73222910830325	316.0
26.742229942238268	312.0
26.75223077617329	308.0
26.762231610108305	298.0
26.772232444043325	288.0
26.782233277978342	281.0
26.79223411191336	272.0
26.80223494584838	265.0
26.812235779783396	262.0
26.822236613718413	265.0
26.832237447653434	268.0
26.84223828158845	275.0
26.852239115523467	288.0
26.862239949458488	298.0
26.872240783393504	308.0
26.88224161732852	298.0
26.89224245126354	319.0
26.90224328519856	319.0
26.912244119133575	319.0
26.922244953068596	312.0
26.932245787003612	301.0
26.94224662093863	291.0
26.95224745487365	275.0
26.962248288808667	265.0
26.972249122743683	259.0
26.982249956678704	256.0
26.99225079061372	262.0
27.002251624548737	275.0
27.012252458483758	301.0
27.022253292418775	327.0
27.03225412635379	334.0
27.042254960288812	375.0
27.05225579422383	331.0
27.06225662815885	323.0
27.072257462093866	312.0
27.082258296028883	308.0
27.092259129963903	308.0
27.10225996389892	312.0
27.112260797833937	319.0
27.122261631768957	327.0
27.132262465703974	331.0
27.14226329963899	305.0
27.15226413357401	298.0
27.162264967509028	291.0
27.172265801444045	278.0
27.182266635379065	272.0
27.192267469314082	265.0
27.2022683032491	265.0
27.21226913718412	268.0
27.222269971119136	275.0
27.232270805054153	284.0
27.242271638989173	294.0
27.25227247292419	294.0
27.262273306859207	294.0
27.272274140794227	288.0
27.282274974729244	278.0
27.29227580866426	272.0
27.30227664259928	265.0
27.312277476534298	262.0
27.322278310469315	259.0
27.332279144404335	262.0
27.342279978339352	262.0
27.35228081227437	265.0
27.36228164620939	268.0
27.372282480144406	268.0
27.382283314079427	268.0
27.392284148014443	268.0
27.40228498194946	265.0
27.41228581588448	262.0
27.422286649819497	259.0
27.432287483754514	259.0
27.442288317689535	259.0
27.45228915162455	259.0
27.46228998555957	262.0
27.47229081949459	265.0
27.482291653429606	268.0
27.492292487364622	268.0
27.502293321299643	268.0
27.51229415523466	265.0
27.522294989169676	265.0
27.532295823104697	262.0
27.542296657039714	262.0
27.55229749097473	262.0
27.56229832490975	262.0
27.572299158844768	262.0
27.582299992779785	265.0
27.592300826714805	268.0
27.60230166064982	268.0
27.61230249458484	268.0
27.62230332851986	268.0
27.632304162454876	268.0
27.642304996389893	268.0
27.652305830324913	268.0
27.66230666425993	268.0
27.67230749819495	265.0
27.682308332129967	265.0
27.692309166064984	262.0
27.702310000000004	262.0
27.71231083393502	262.0
27.722311667870038	265.0
27.73231250180506	268.0
27.742313335740075	272.0
27.752314169675092	275.0
27.762315003610112	275.0
27.77231583754513	278.0
27.782316671480146	278.0
27.792317505415166	278.0
27.802318339350183	278.0
27.8123191732852	275.0
27.82232000722022	272.0
27.832320841155237	268.0
27.842321675090254	262.0
27.852322509025274	259.0
27.86232334296029	253.0
27.872324176895308	250.0
27.88232501083033	248.0
27.892325844765345	245.0
27.902326678700362	245.0
27.912327512635382	242.0
27.9223283465704	242.0
27.932329180505416	239.0
27.942330014440437	239.0
27.952330848375453	239.0
27.96233168231047	239.0
27.97233251624549	242.0
27.982333350180507	242.0
27.992334184115528	242.0
28.002335018050545	239.0
28.01233585198556	239.0
28.022336685920582	239.0
28.0323375198556	236.0
28.042338353790615	236.0
28.052339187725636	236.0
28.062340021660653	239.0
28.07234085559567	239.0
28.08234168953069	239.0
28.092342523465707	239.0
28.102343357400724	239.0
28.112344191335744	239.0
28.12234502527076	239.0
28.132345859205778	239.0
28.142346693140798	239.0
28.152347527075815	239.0
28.16234836101083	236.0
28.172349194945852	236.0
28.18235002888087	239.0
28.192350862815886	239.0
28.202351696750906	239.0
28.212352530685923	242.0
28.22235336462094	242.0
28.23235419855596	242.0
28.242355032490977	242.0
28.252355866425994	242.0
28.262356700361014	239.0
28.27235753429603	239.0
28.28235836823105	239.0
28.292359202166068	239.0
28.302360036101085	239.0
28.312360870036105	239.0
28.322361703971122	239.0
28.33236253790614	239.0
28.34236337184116	239.0
28.352364205776176	236.0
28.362365039711193	236.0
28.372365873646213	236.0
28.38236670758123	236.0
28.392367541516247	236.0
28.402368375451267	236.0
28.412369209386284	236.0
28.4223700433213	236.0
28.43237087725632	236.0
28.44237171119134	236.0
28.452372545126355	236.0
28.462373379061376	236.0
28.472374212996392	236.0
28.48237504693141	234.0
28.49237588086643	234.0
28.502376714801446	231.0
28.512377548736463	231.0
28.522378382671484	231.0
28.5323792166065	234.0
28.542380050541517	239.0
28.552380884476538	248.0
28.562381718411554	259.0
28.57238255234657	291.0
28.58238338628159	305.0
28.59238422021661	316.0
28.60238505415163	319.0
28.612385888086646	316.0
28.622386722021663	305.0
28.632387555956683	294.0
28.6423883898917	278.0
28.652389223826717	268.0
28.662390057761737	259.0
28.672390891696754	253.0
28.68239172563177	250.0
28.69239255956679	253.0
28.702393393501808	259.0
28.712394227436825	265.0
28.722395061371845	275.0
28.732395895306862	278.0
28.74239672924188	278.0
28.7523975631769	275.0
28.762398397111916	268.0
28.772399231046933	262.0
28.782400064981953	256.0
28.79240089891697	253.0
28.802401732851987	281.0
28.812402566787007	327.0
28.822403400722024	342.0
28.83240423465704	358.0
28.84240506859206	375.0
28.852405902527078	334.0
28.862406736462095	316.0
28.872407570397115	288.0
28.882408404332132	272.0
28.892409238267152	262.0
28.90241007220217	256.0
28.912410906137186	256.0
28.922411740072206	262.0
28.932412574007223	268.0
28.94241340794224	275.0
28.95241424187726	278.0
28.962415075812277	272.0
28.972415909747294	265.0
28.982416743682315	256.0
28.99241757761733	250.0
29.00241841155235	236.0
29.01241924548737	234.0
29.022420079422385	234.0
29.032420913357402	236.0
29.042421747292423	239.0
29.05242258122744	239.0
29.062423415162456	239.0
29.072424249097477	239.0
29.082425083032494	236.0
29.09242591696751	234.0
29.10242675090253	231.0
29.112427584837548	234.0
29.122428418772564	234.0
29.132429252707585	234.0
29.1424300866426	228.0
29.15243092057762	259.0
29.16243175451264	262.0
29.172432588447656	262.0
29.182433422382672	265.0
29.192434256317693	262.0
29.20243509025271	259.0
29.21243592418773	256.0
29.222436758122747	0.0
29.232437592057764	0.0
29.242438425992784	0.0
29.2524392599278	0.0
29.262440093862818	0.0
29.272440927797838	0.0
29.282441761732855	0.0
29.292442595667872	0.0
29.302443429602892	0.0
29.31244426353791	0.0
29.322445097472926	0.0
29.332445931407946	0.0
29.342446765342963	0.0
29.35244759927798	0.0
29.362448433213	0.0
29.372449267148017	0.0
29.382450101083034	0.0
29.392450935018054	0.0
29.40245176895307	0.0
29.412452602888088	0.0
29.42245343682311	0.0
29.432454270758125	0.0
29.442455104693142	0.0
29.452455938628162	0.0
29.46245677256318	0.0
29.472457606498196	0.0
29.482458440433216	0.0
29.492459274368233	0.0
29.502460108303254	0.0
29.51246094223827	0.0
29.522461776173287	0.0
29.532462610108308	0.0
29.542463444043324	0.0
29.55246427797834	0.0
29.56246511191336	0.0
29.57246594584838	0.0
29.582466779783395	0.0
29.592467613718416	0.0
29.602468447653433	0.0
29.61246928158845	0.0
29.62247011552347	0.0
29.632470949458487	0.0
29.642471783393503	0.0
29.652472617328524	0.0
29.66247345126354	0.0
29.672474285198557	0.0
29.682475119133578	0.0
29.692475953068595	0.0
29.70247678700361	0.0
29.712477620938632	0.0
29.72247845487365	0.0
29.732479288808666	0.0
29.742480122743686	0.0
29.752480956678703	0.0
29.76248179061372	0.0
29.77248262454874	0.0
29.782483458483757	0.0
29.792484292418774	0.0
29.802485126353794	0.0
29.81248596028881	0.0
29.82248679422383	0.0
29.832487628158848	0.0
29.842488462093865	0.0
29.852489296028885	0.0
29.862490129963902	0.0
29.87249096389892	0.0
29.88249179783394	0.0
29.892492631768956	0.0
29.902493465703973	0.0
29.912494299638993	0.0
29.92249513357401	0.0
29.932495967509027	0.0
29.942496801444047	0.0
29.952497635379064	0.0
29.96249846931408	0.0
29.9724993032491	0.0
29.982500137184118	0.0
29.992500971119135	0.0
30.002501805054155	0.0
30.012502638989172	0.0
30.02250347292419	0.0
30.03250430685921	0.0
30.042505140794226	0.0
30.052505974729243	0.0
30.062506808664264	0.0
30.07250764259928	0.0
30.082508476534297	0.0
30.092509310469318	0.0
30.102510144404334	0.0
30.112510978339355	0.0
30.12251181227437	0.0
30.13251264620939	0.0
30.14251348014441	0.0
30.152514314079426	0.0
30.162515148014442	0.0
30.172515981949463	0.0
30.18251681588448	0.0
30.192517649819496	0.0
30.202518483754517	0.0
30.212519317689534	0.0
30.22252015162455	0.0
30.23252098555957	0.0
30.242521819494588	0.0
30.252522653429605	0.0
30.262523487364625	0.0
30.27252432129964	0.0
30.28252515523466	0.0
30.29252598916968	0.0
30.302526823104696	0.0
30.312527657039713	0.0
30.322528490974733	0.0
30.33252932490975	0.0
30.342530158844767	0.0
30.352530992779787	0.0
30.362531826714804	0.0
30.37253266064982	0.0
30.38253349458484	0.0
30.392534328519858	0.0
30.402535162454875	0.0
30.412535996389895	0.0
30.422536830324912	0.0
30.432537664259932	0.0
30.44253849819495	0.0
30.452539332129966	0.0
30.462540166064986	0.0
30.472541000000003	0.0
30.48254183393502	0.0
30.49254266787004	0.0
30.502543501805057	0.0
30.512544335740074	0.0
30.522545169675094	0.0
30.53254600361011	0.0
30.542546837545128	0.0
30.55254767148015	0.0
30.562548505415165	0.0
30.572549339350182	0.0
30.582550173285203	0.0
30.59255100722022	0.0
30.602551841155236	0.0
30.612552675090257	0.0
30.622553509025273	0.0
30.63255434296029	0.0
30.64255517689531	0.0
30.652556010830327	0.0
30.662556844765344	0.0
30.672557678700365	0.0
30.68255851263538	0.0
30.6925593465704	0.0
30.70256018050542	0.0
30.712561014440436	0.0
30.722561848375456	0.0
30.732562682310473	0.0
30.74256351624549	0.0
30.75256435018051	0.0
30.762565184115527	0.0
30.772566018050544	0.0
30.782566851985564	0.0
30.79256768592058	0.0
30.802568519855598	0.0
30.812569353790618	0.0
30.822570187725635	0.0
30.83257102166065	0.0
30.842571855595672	0.0
30.85257268953069	0.0
30.862573523465706	0.0
30.872574357400726	0.0
30.882575191335743	0.0
30.89257602527076	0.0
30.90257685920578	0.0
30.912577693140797	0.0
30.922578527075814	0.0
30.932579361010834	0.0
30.94258019494585	0.0
30.952581028880868	0.0
30.962581862815888	0.0
30.972582696750905	0.0
30.982583530685922	0.0
30.992584364620942	0.0
31.00258519855596	0.0
31.012586032490976	0.0
31.022586866425996	0.0
31.032587700361013	0.0
31.042588534296033	0.0
31.05258936823105	0.0
31.062590202166067	0.0
31.072591036101088	0.0
31.082591870036104	0.0
31.09259270397112	0.0
31.10259353790614	0.0
31.11259437184116	0.0
31.122595205776175	0.0
31.132596039711196	0.0
31.142596873646212	0.0
31.15259770758123	0.0
31.16259854151625	0.0
31.172599375451266	0.0
31.182600209386283	0.0
31.192601043321304	0.0
31.20260187725632	0.0
31.212602711191337	0.0
31.222603545126358	0.0
31.232604379061375	0.0
31.24260521299639	0.0
31.25260604693141	0.0
31.26260688086643	0.0
31.272607714801445	0.0
31.282608548736466	0.0
31.292609382671483	0.0
31.3026102166065	0.0
31.31261105054152	0.0
31.322611884476537	0.0
31.332612718411553	0.0
31.342613552346574	0.0
31.35261438628159	0.0
31.36261522021661	0.0
31.372616054151628	0.0
31.382616888086645	0.0
31.392617722021665	0.0
31.402618555956682	0.0
31.4126193898917	0.0
31.42262022382672	0.0
31.432621057761736	0.0
31.442621891696753	0.0
31.452622725631773	0.0
31.46262355956679	0.0
31.472624393501807	0.0
31.482625227436827	0.0
31.492626061371844	0.0
31.50262689530686	0.0
31.51262772924188	0.0
31.522628563176898	0.0
31.532629397111915	0.0
31.542630231046935	0.0
31.552631064981952	0.0
31.56263189891697	0.0
31.57263273285199	0.0
31.582633566787006	0.0
31.592634400722023	0.0
31.602635234657043	0.0
31.61263606859206	0.0
31.622636902527077	0.0
31.632637736462097	0.0
31.642638570397114	0.0
31.652639404332135	0.0
31.66264023826715	0.0
31.67264107220217	0.0
31.68264190613719	0.0
31.692642740072205	0.0
31.702643574007222	0.0
31.712644407942243	0.0
31.72264524187726	0.0
31.732646075812276	0.0
31.742646909747297	0.0
31.752647743682314	0.0
31.76264857761733	0.0
31.77264941155235	0.0
31.782650245487368	0.0
31.792651079422384	0.0
31.802651913357405	0.0
31.81265274729242	288.0
31.82265358122744	288.0
31.83265441516246	288.0
31.842655249097476	284.0
31.852656083032493	281.0
31.862656916967513	0.0
31.87265775090253	0.0
31.882658584837547	0.0
31.892659418772567	0.0
31.902660252707584	0.0
31.9126610866426	256.0
31.92266192057762	256.0
31.932662754512638	259.0
31.942663588447655	268.0
31.952664422382675	275.0
31.962665256317692	278.0
31.972666090252712	278.0
31.98266692418773	278.0
31.992667758122746	278.0
32.002668592057766	0.0
32.01266942599278	275.0
32.0226702599278	275.0
32.03267109386282	268.0
32.042671927797834	275.0
32.05267276173286	284.0
32.062673595667874	291.0
32.07267442960289	327.0
32.08267526353791	334.0
32.092676097472925	334.0
32.10267693140795	0.0
32.112677765342966	0.0
32.12267859927798	305.0
32.132679433213	0.0
32.142680267148016	0.0
32.15268110108303	0.0
32.16268193501806	265.0
32.172682768953074	262.0
32.18268360288809	262.0
32.19268443682311	262.0
32.202685270758124	0.0
32.21268610469314	0.0
32.222686938628165	0.0
32.23268777256318	0.0
32.2426886064982	0.0
32.252689440433215	0.0
32.26269027436823	0.0
32.27269110830325	0.0
32.28269194223827	0.0
32.29269277617329	0.0
32.30269361010831	0.0
32.31269444404332	479.0
32.32269527797834	479.0
32.33269611191336	473.0
32.34269694584838	473.0
32.3526977797834	473.0
32.362698613718415	468.0
32.37269944765343	468.0
32.38270028158845	468.0
32.392701115523465	473.0
32.40270194945849	479.0
32.412702783393506	484.0
32.42270361732852	484.0
32.43270445126354	484.0
32.44270528519856	479.0
32.45270611913358	479.0
32.4627069530686	473.0
32.472707787003614	473.0
32.48270862093863	473.0
32.49270945487365	473.0
32.502710288808665	479.0
32.51271112274369	479.0
32.522711956678705	484.0
32.53271279061372	484.0
32.54271362454874	484.0
32.552714458483756	479.0
32.56271529241877	479.0
32.5727161263538	473.0
32.58271696028881	468.0
32.59271779422383	462.0
32.60271862815885	468.0
32.612719462093864	473.0
32.62272029602888	479.0
32.632721129963905	0.0
32.64272196389892	239.0
32.65272279783394	262.0
32.662723631768955	265.0
32.67272446570397	265.0
32.68272529963899	256.0
32.69272613357401	250.0
32.70272696750903	250.0
32.712727801444046	0.0
32.72272863537906	0.0
32.73272946931408	0.0
32.742730303249104	0.0
32.75273113718412	0.0
32.76273197111914	0.0
32.772732805054154	0.0
32.78273363898917	0.0
32.79273447292419	393.0
32.80273530685921	384.0
32.81273614079423	384.0
32.822736974729246	389.0
32.83273780866426	393.0
32.84273864259928	412.0
32.852739476534296	412.0
32.86274031046932	412.0
32.87274114440434	412.0
32.882741978339354	398.0
32.89274281227437	389.0
32.90274364620939	380.0
32.912744480144404	375.0
32.92274531407943	375.0
32.932746148014445	375.0
32.94274698194946	384.0
32.95274781588448	389.0
32.962748649819495	389.0
32.97274948375451	393.0
32.982750317689536	393.0
32.99275115162455	393.0
33.00275198555957	393.0
33.01275281949459	393.0
33.022753653429604	398.0
33.03275448736463	402.0
33.042755321299644	228.0
33.05275615523466	228.0
33.06275698916968	228.0
33.072757823104695	0.0
33.08275865703971	380.0
33.092759490974736	367.0
33.10276032490975	367.0
33.11276115884477	367.0
33.122761992779786	367.0
33.1327628267148	375.0
33.14276366064982	192.0
33.152764494584844	192.0
33.16276532851986	0.0
33.17276616245488	0.0
33.182766996389894	0.0
33.19276783032491	0.0
33.20276866425993	375.0
33.21276949819495	371.0
33.22277033212997	375.0
33.232771166064985	194.0
33.242772	196.0
33.25277283393502	398.0
33.262773667870036	402.0
33.27277450180506	407.0
33.28277533574008	398.0
33.29277616967509	726.0
33.30277700361011	726.0
33.31277783754513	701.0
33.32277867148015	693.0
33.33277950541517	175.0
33.342780339350185	173.0
33.3527811732852	175.0
33.36278200722022	177.0
33.372782841155235	179.0
33.38278367509026	181.0
33.392784509025276	183.0
33.40278534296029	183.0
33.41278617689531	181.0
33.422787010830326	179.0
33.43278784476534	175.0
33.44278867870037	173.0
33.452789512635384	171.0
33.4627903465704	167.0
33.47279118050542	165.0
33.482792014440435	161.0
33.49279284837545	161.0
33.502793682310475	159.0
33.51279451624549	159.0
33.52279535018051	161.0
33.532796184115526	161.0
33.54279701805054	161.0
33.55279785198556	159.0
33.56279868592058	159.0
33.5727995198556	0.0
33.58280035379062	0.0
33.592801187725634	0.0
33.60280202166065	0.0
33.61280285559567	0.0
33.62280368953069	0.0
33.63280452346571	0.0
33.642805357400725	0.0
33.65280619133574	0.0
33.66280702527076	0.0
33.67280785920578	0.0
33.6828086931408	0.0
33.692809527075816	0.0
33.70281036101083	0.0
33.71281119494585	0.0
33.72281202888087	0.0
33.73281286281589	0.0
33.74281369675091	0.0
33.752814530685924	0.0
33.76281536462094	0.0
33.77281619855596	0.0
33.782817032490975	0.0
33.792817866426	0.0
33.802818700361016	0.0
33.81281953429603	0.0
33.82282036823105	0.0
33.832821202166066	0.0
33.84282203610108	0.0
33.85282287003611	0.0
33.862823703971124	0.0
33.87282453790614	0.0
33.88282537184116	0.0
33.892826205776174	0.0
33.90282703971119	0.0
33.912827873646215	0.0
33.92282870758123	0.0
33.93282954151625	0.0
33.942830375451265	0.0
33.95283120938628	0.0
33.962832043321306	0.0
33.97283287725632	0.0
33.98283371119134	0.0
33.99283454512636	0.0
34.00283537906137	0.0
34.01283621299639	0.0
34.022837046931414	0.0
34.03283788086643	0.0
34.04283871480145	0.0
34.052839548736465	0.0
34.06284038267148	0.0
34.0728412166065	0.0
34.08284205054152	0.0
34.09284288447654	0.0
34.102843718411556	0.0
34.11284455234657	0.0
34.12284538628159	0.0
34.13284622021661	0.0
34.14284705415163	0.0
34.15284788808665	0.0
34.162848722021664	0.0
34.17284955595668	0.0
34.1828503898917	0.0
34.192851223826715	0.0
34.20285205776174	0.0
34.212852891696755	0.0
34.22285372563177	0.0
34.23285455956679	0.0
34.242855393501806	0.0
34.25285622743683	0.0
34.26285706137185	0.0
34.27285789530686	0.0
34.28285872924188	0.0
34.2928595631769	0.0
34.302860397111914	0.0
34.31286123104694	0.0
34.322862064981955	0.0
34.33286289891697	0.0
34.34286373285199	0.0
34.352864566787005	0.0
34.36286540072202	0.0
34.372866234657046	0.0
34.38286706859206	0.0
34.39286790252708	0.0
34.402868736462096	0.0
34.41286957039711	0.0
34.42287040433213	0.0
34.432871238267154	0.0
34.44287207220217	0.0
34.45287290613719	0.0
34.462873740072204	0.0
34.47287457400722	0.0
34.48287540794224	0.0
34.49287624187726	0.0
34.50287707581228	0.0
34.512877909747296	0.0
34.52287874368231	0.0
34.53287957761733	0.0
34.542880411552346	0.0
34.55288124548737	0.0
34.56288207942239	0.0
34.572882913357404	0.0
34.58288374729242	0.0
34.59288458122744	0.0
34.60288541516246	0.0
34.61288624909748	0.0
34.622887083032495	0.0
34.63288791696751	0.0
34.64288875090253	0.0
34.652889584837546	0.0
34.66289041877257	0.0
34.672891252707586	0.0
34.6828920866426	0.0
34.69289292057762	0.0
34.70289375451264	0.0
34.712894588447654	0.0
34.72289542238268	0.0
34.732896256317694	537.0
34.74289709025271	537.0
34.75289792418773	537.0
34.762898758122745	537.0
34.77289959205776	544.0
34.782900425992786	544.0
34.7929012599278	544.0
34.80290209386282	550.0
34.812902927797836	550.0
34.82290376173285	556.0
34.83290459566787	556.0
34.842905429602894	556.0
34.85290626353791	556.0
34.86290709747293	550.0
34.872907931407944	544.0
34.88290876534296	537.0
34.892909599277985	531.0
34.902910433213	525.0
34.91291126714802	525.0
34.922912101083035	525.0
34.93291293501805	519.0
34.94291376895307	507.0
34.95291460288809	496.0
34.96291543682311	490.0
34.97291627075813	484.0
34.98291710469314	479.0
34.99291793862816	473.0
35.00291877256318	473.0
35.0129196064982	473.0
35.02292044043322	473.0
35.032921274368235	473.0
35.04292210830325	473.0
35.05292294223827	473.0
35.062923776173285	473.0
35.07292461010831	473.0
35.082925444043326	473.0
35.09292627797834	473.0
35.10292711191336	473.0
35.11292794584838	473.0
35.12292877978339	473.0
35.13292961371842	473.0
35.142930447653434	473.0
35.15293128158845	473.0
35.16293211552347	473.0
35.172932949458485	473.0
35.18293378339351	473.0
35.192934617328525	473.0
35.20293545126354	473.0
35.21293628519856	473.0
35.222937119133576	473.0
35.23293795306859	479.0
35.24293878700362	479.0
35.25293962093863	479.0
35.26294045487365	479.0
35.27294128880867	479.0
35.282942122743684	479.0
35.2929429566787	479.0
35.302943790613725	473.0
35.31294462454874	479.0
35.32294545848376	479.0
35.332946292418775	479.0
35.34294712635379	479.0
35.35294796028881	473.0
35.36294879422383	468.0
35.37294962815885	462.0
35.382950462093866	457.0
35.39295129602888	457.0
35.4029521299639	457.0
35.41295296389892	0.0
35.42295379783394	0.0
35.43295463176896	0.0
35.442955465703974	0.0
35.45295629963899	0.0
35.46295713357401	0.0
35.47295796750903	0.0
35.48295880144405	0.0
35.492959635379066	0.0
35.50296046931408	0.0
35.5129613032491	0.0
35.522962137184116	0.0
35.53296297111914	0.0
35.54296380505416	0.0
35.552964638989174	0.0
35.56296547292419	0.0
35.57296630685921	0.0
35.582967140794224	0.0
35.59296797472925	0.0
35.602968808664265	0.0
35.61296964259928	0.0
35.6229704765343	0.0
35.632971310469316	0.0
35.64297214440433	0.0
35.652972978339356	402.0
35.66297381227437	402.0
35.67297464620939	402.0
35.68297548014441	402.0
35.692976314079424	402.0
35.70297714801444	0.0
35.712977981949464	402.0
35.72297881588448	402.0
35.7329796498195	402.0
35.742980483754515	402.0
35.75298131768953	0.0
35.76298215162455	0.0
35.77298298555957	0.0
35.78298381949459	407.0
35.792984653429606	407.0
35.80298548736462	407.0
35.81298632129964	407.0
35.822987155234664	0.0
35.83298798916968	0.0
35.8429888231047	0.0
35.852989657039714	0.0
35.86299049097473	0.0
35.87299132490975	0.0
35.88299215884477	0.0
35.89299299277979	0.0
35.902993826714805	0.0
35.91299466064982	0.0
35.92299549458484	0.0
35.932996328519856	0.0
35.94299716245488	0.0
35.9529979963899	0.0
35.96299883032491	0.0
35.97299966425993	0.0
35.98300049819495	0.0
35.993001332129964	0.0
36.00300216606499	0.0
36.013003000000005	0.0
36.02300383393502	0.0
36.03300466787004	0.0
36.043005501805055	0.0
36.05300633574007	0.0
36.063007169675096	0.0
36.07300800361011	0.0
36.08300883754513	0.0
36.09300967148015	0.0
36.10301050541516	0.0
36.11301133935019	0.0
36.123012173285204	0.0
36.13301300722022	0.0
36.14301384115524	0.0
36.153014675090255	0.0
36.16301550902527	0.0
36.173016342960295	375.0
36.18301717689531	375.0
36.19301801083033	371.0
36.203018844765346	367.0
36.21301967870036	363.0
36.22302051263538	358.0
36.2330213465704	354.0
36.24302218050542	354.0
36.25302301444044	350.0
36.263023848375454	350.0
36.27302468231047	350.0
36.28302551624549	354.0
36.29302635018051	354.0
36.30302718411553	354.0
36.313028018050545	354.0
36.32302885198556	354.0
36.33302968592058	354.0
36.343030519855596	354.0
36.35303135379062	358.0
36.363032187725636	363.0
36.37303302166065	367.0
36.38303385559567	367.0
36.39303468953069	367.0
36.40303552346571	367.0
36.41303635740073	367.0
36.423037191335744	363.0
36.43303802527076	358.0
36.44303885920578	354.0
36.453039693140795	354.0
36.46304052707582	350.0
36.473041361010836	0.0
36.48304219494585	0.0
36.49304302888087	0.0
36.503043862815886	0.0
36.5130446967509	0.0
36.52304553068593	0.0
36.533046364620944	0.0
36.54304719855596	0.0
36.55304803249098	0.0
36.563048866425994	0.0
36.57304970036101	0.0
36.583050534296035	0.0
36.59305136823105	639.0
36.60305220216607	639.0
36.613053036101086	639.0
36.6230538700361	639.0
36.63305470397112	0.0
36.64305553790614	0.0
36.65305637184116	632.0
36.66305720577618	632.0
36.673058039711194	632.0
36.68305887364621	632.0
36.693059707581234	0.0
36.70306054151625	0.0
36.71306137545127	0.0
36.723062209386285	0.0
36.7330630433213	0.0
36.74306387725632	0.0
36.75306471119134	0.0
36.76306554512636	0.0
36.773066379061376	316.0
36.78306721299639	316.0
36.79306804693141	0.0
36.80306888086643	0.0
36.81306971480145	0.0
36.82307054873647	0.0
36.833071382671484	0.0
36.8430722166065	0.0
36.85307305054152	0.0
36.863073884476535	0.0
36.87307471841156	0.0
36.883075552346575	0.0
36.89307638628159	0.0
36.90307722021661	0.0
36.913078054151626	0.0
36.92307888808664	0.0
36.93307972202167	0.0
36.94308055595668	0.0
36.9530813898917	0.0
36.96308222382672	0.0
36.973083057761734	0.0
36.98308389169675	0.0
36.993084725631775	0.0
37.00308555956679	0.0
37.01308639350181	0.0
37.023087227436825	0.0
37.03308806137184	0.0
37.043088895306866	0.0
37.05308972924188	0.0
37.0630905631769	0.0
37.07309139711192	0.0
37.08309223104693	0.0
37.09309306498195	0.0
37.103093898916974	0.0
37.11309473285199	0.0
37.12309556678701	0.0
37.133096400722025	0.0
37.14309723465704	0.0
37.15309806859206	0.0
37.16309890252708	0.0
37.1730997364621	0.0
37.183100570397116	0.0
37.19310140433213	0.0
37.20310223826715	0.0
37.213103072202166	0.0
37.22310390613719	0.0
37.23310474007221	0.0
37.243105574007224	0.0
37.25310640794224	0.0
37.26310724187726	0.0
37.273108075812274	0.0
37.2831089097473	0.0
37.293109743682315	0.0
37.30311057761733	0.0
37.31311141155235	0.0
37.323112245487366	0.0
37.33311307942239	0.0
37.343113913357406	0.0
37.35311474729242	0.0
37.36311558122744	0.0
37.37311641516246	0.0
37.383117249097474	0.0
37.3931180830325	0.0
37.403118916967514	0.0
37.41311975090253	0.0
37.42312058483755	0.0
37.433121418772565	0.0
37.44312225270758	0.0
37.453123086642606	0.0
37.46312392057762	0.0
37.47312475451264	0.0
37.483125588447656	0.0
37.49312642238267	0.0
37.50312725631769	0.0
37.513128090252714	0.0
37.52312892418773	0.0
37.53312975812275	0.0
37.543130592057764	0.0
37.55313142599278	0.0
37.5631322599278	0.0
37.57313309386282	0.0
37.58313392779784	0.0
37.593134761732856	0.0
37.60313559566787	0.0
37.61313642960289	0.0
37.62313726353791	0.0
37.63313809747293	0.0
37.64313893140795	0.0
37.653139765342964	0.0
37.66314059927798	0.0
37.673141433213	0.0
37.68314226714802	0.0
37.69314310108304	0.0
37.703143935018055	0.0
37.71314476895307	0.0
37.72314560288809	0.0
37.733146436823105	0.0
37.74314727075813	0.0
37.753148104693146	0.0
37.76314893862816	0.0
37.77314977256318	0.0
37.7831506064982	0.0
37.79315144043321	0.0
37.80315227436824	0.0
37.813153108303254	0.0
37.82315394223827	0.0
37.83315477617329	0.0
37.843155610108305	0.0
37.85315644404332	0.0
37.863157277978345	0.0
37.87315811191336	0.0
37.88315894584838	0.0
37.893159779783396	0.0
37.90316061371841	0.0
37.91316144765344	0.0
37.92316228158845	0.0
37.93316311552347	0.0
37.94316394945849	0.0
37.953164783393504	0.0
37.96316561732852	0.0
37.973166451263545	0.0
37.98316728519856	0.0
37.99316811913358	0.0
38.003168953068595	0.0
38.01316978700361	0.0
38.02317062093863	0.0
38.03317145487365	0.0
38.04317228880867	0.0
38.05317312274369	0.0
38.0631739566787	0.0
38.07317479061372	0.0
38.08317562454874	0.0
38.09317645848376	0.0
38.10317729241878	0.0
38.113178126353795	0.0
38.12317896028881	185.0
38.13317979422383	187.0
38.143180628158845	194.0
38.15318146209387	201.0
38.163182296028886	203.0
38.1731831299639	203.0
38.18318396389892	203.0
38.193184797833936	201.0
38.20318563176895	196.0
38.21318646570398	190.0
38.223187299638994	183.0
38.23318813357401	179.0
38.24318896750903	177.0
38.253189801444044	173.0
38.26319063537907	171.0
38.273191469314085	171.0
38.2831923032491	171.0
38.29319313718412	173.0
38.303193971119136	175.0
38.31319480505415	179.0
38.323195638989176	185.0
38.33319647292419	190.0
38.34319730685921	194.0
38.35319814079423	194.0
38.363198974729244	194.0
38.37319980866426	194.0
38.383200642599284	196.0
38.3932014765343	199.0
38.40320231046932	194.0
38.413203144404335	194.0
38.42320397833935	194.0
38.43320481227437	194.0
38.44320564620939	192.0
38.45320648014441	190.0
38.463207314079426	187.0
38.47320814801444	187.0
38.48320898194946	187.0
38.49320981588448	187.0
38.5032106498195	192.0
38.51321148375452	199.0
38.523212317689534	206.0
38.53321315162455	220.0
38.54321398555957	223.0
38.55321481949459	223.0
38.56321565342961	215.0
38.573216487364625	208.0
38.58321732129964	194.0
38.59321815523466	190.0
38.603218989169676	190.0
38.6132198231047	190.0
38.62322065703972	192.0
38.633221490974734	194.0
38.64322232490975	201.0
38.65322315884477	206.0
38.663223992779784	215.0
38.67322482671481	226.0
38.683225660649825	234.0
38.69322649458484	236.0
38.70322732851986	236.0
38.713228162454875	236.0
38.72322899638989	236.0
38.733229830324916	236.0
38.74323066425993	236.0
38.75323149819495	236.0
38.76323233212997	239.0
38.77323316606498	239.0
38.783234	239.0
38.793234833935024	236.0
38.80323566787004	234.0
38.81323650180506	231.0
38.823237335740075	231.0
38.83323816967509	231.0
38.843239003610115	236.0
38.85323983754513	239.0
38.86324067148015	245.0
38.873241505415166	250.0
38.88324233935018	259.0
38.8932431732852	265.0
38.90324400722022	272.0
38.91324484115524	275.0
38.92324567509026	278.0
38.933246509025274	278.0
38.94324734296029	275.0
38.95324817689531	275.0
38.96324901083033	272.0
38.97324984476535	265.0
38.983250678700365	262.0
38.99325151263538	262.0
39.0032523465704	262.0
39.013253180505416	265.0
39.02325401444044	268.0
39.033254848375456	272.0
39.04325568231047	275.0
39.05325651624549	278.0
39.06325735018051	278.0
39.073258184115524	281.0
39.08325901805055	281.0
39.093259851985565	278.0
39.10326068592058	275.0
39.1132615198556	272.0
39.123262353790615	268.0
39.13326318772564	265.0
39.143264021660656	262.0
39.15326485559567	265.0
39.16326568953069	268.0
39.173266523465706	272.0
39.18326735740072	275.0
39.19326819133575	278.0
39.203269025270764	281.0
39.21326985920578	284.0
39.2232706931408	284.0
39.233271527075814	284.0
39.24327236101083	278.0
39.253273194945855	272.0
39.26327402888087	265.0
39.27327486281589	256.0
39.283275696750906	250.0
39.29327653068592	242.0
39.30327736462094	234.0
39.31327819855596	223.0
39.32327903249098	213.0
39.333279866426	206.0
39.343280700361014	203.0
39.35328153429603	201.0
39.36328236823105	201.0
39.37328320216607	201.0
39.38328403610109	206.0
39.393284870036105	208.0
39.40328570397112	213.0
39.41328653790614	220.0
39.423287371841155	226.0
39.43328820577618	231.0
39.443289039711196	234.0
39.45328987364621	234.0
39.46329070758123	234.0
39.47329154151625	234.0
39.48329237545127	234.0
39.49329320938629	234.0
39.503294043321304	234.0
39.51329487725632	236.0
39.52329571119134	239.0
39.533296545126355	242.0
39.54329737906138	242.0
39.553298212996395	236.0
39.56329904693141	231.0
39.57329988086643	231.0
39.583300714801446	231.0
39.59330154873646	239.0
39.60330238267149	245.0
39.613303216606504	256.0
39.62330405054152	259.0
39.63330488447654	259.0
39.643305718411554	262.0
39.65330655234657	262.0
39.663307386281595	262.0
39.67330822021661	262.0
39.68330905415163	259.0
39.693309888086645	234.0
39.70331072202166	234.0
39.71331155595668	234.0
39.7233123898917	234.0
39.73331322382672	234.0
39.74331405776174	231.0
39.75331489169675	223.0
39.76331572563177	218.0
39.773316559566794	210.0
39.78331739350181	201.0
39.79331822743683	196.0
39.803319061371845	196.0
39.81331989530686	201.0
39.82332072924188	203.0
39.8333215631769	208.0
39.84332239711192	210.0
39.853323231046936	210.0
39.86332406498195	208.0
39.87332489891697	201.0
39.883325732851986	194.0
39.89332656678701	190.0
39.90332740072203	187.0
39.913328234657044	185.0
39.92332906859206	190.0
39.93332990252708	196.0
39.943330736462094	201.0
39.95333157039712	206.0
39.963332404332135	203.0
39.97333323826715	201.0
39.98333407220217	199.0
39.993334906137186	196.0
40.0033357400722	196.0
40.013336574007226	201.0
40.02333740794224	0.0
40.03333824187726	0.0
40.04333907581228	0.0
40.053339909747294	0.0
40.06334074368232	0.0
40.073341577617335	0.0
40.08334241155235	0.0
40.09334324548737	0.0
40.103344079422385	0.0
40.1133449133574	0.0
40.123345747292426	192.0
40.13334658122744	196.0
40.14334741516246	201.0
40.153348249097476	206.0
40.16334908303249	215.0
40.17334991696751	0.0
40.183350750902534	0.0
40.19335158483755	0.0
40.20335241877257	0.0
40.213353252707584	0.0
40.2233540866426	0.0
40.23335492057762	0.0
40.24335575451264	0.0
40.25335658844766	0.0
40.263357422382676	0.0
40.27335825631769	0.0
40.28335909025271	0.0
40.293359924187726	0.0
40.30336075812275	0.0
40.31336159205777	0.0
40.323362425992784	0.0
40.3333632599278	0.0
40.34336409386282	0.0
40.35336492779784	0.0
40.36336576173286	0.0
40.373366595667875	0.0
40.38336742960289	0.0
40.39336826353791	0.0
40.403369097472925	0.0
40.41336993140795	0.0
40.423370765342966	0.0
40.43337159927798	0.0
40.443372433213	0.0
40.45337326714802	0.0
40.46337410108303	0.0
40.47337493501806	0.0
40.483375768953074	0.0
40.49337660288809	0.0
40.50337743682311	0.0
40.513378270758125	0.0
40.52337910469314	0.0
40.533379938628165	0.0
40.54338077256318	0.0
40.5533816064982	0.0
40.563382440433216	0.0
40.57338327436823	0.0
40.58338410830325	0.0
40.59338494223827	0.0
40.60338577617329	0.0
40.61338661010831	0.0
40.623387444043324	0.0
40.63338827797834	0.0
40.64338911191336	0.0
40.65338994584838	0.0
40.6633907797834	0.0
40.673391613718415	0.0
40.68339244765343	0.0
40.69339328158845	0.0
40.70339411552347	0.0
40.71339494945849	0.0
40.72339578339351	0.0
40.73339661732852	0.0
40.74339745126354	0.0
40.75339828519856	0.0
40.76339911913358	0.0
40.7733999530686	0.0
40.783400787003615	0.0
40.79340162093863	0.0
40.80340245487365	0.0
40.813403288808665	0.0
40.82340412274369	0.0
40.833404956678706	0.0
40.84340579061372	0.0
40.85340662454874	0.0
40.863407458483756	0.0
40.87340829241877	0.0
40.8834091263538	0.0
40.893409960288814	0.0
40.90341079422383	0.0
40.91341162815885	0.0
40.923412462093864	0.0
40.93341329602888	0.0
40.943414129963905	0.0
40.95341496389892	0.0
40.96341579783394	0.0
40.973416631768956	0.0
40.98341746570397	0.0
40.993418299638996	0.0
41.00341913357401	0.0
41.01341996750903	0.0
41.02342080144405	0.0
41.033421635379064	0.0
41.04342246931408	0.0
41.053423303249104	0.0
41.06342413718412	0.0
41.07342497111914	0.0
41.083425805054155	0.0
41.09342663898917	0.0
41.10342747292419	0.0
41.11342830685921	0.0
41.12342914079423	0.0
41.133429974729246	0.0
41.14343080866426	0.0
41.15343164259928	0.0
41.1634324765343	0.0
41.17343331046932	0.0
41.18343414440434	0.0
41.193434978339354	0.0
41.20343581227437	0.0
41.21343664620939	0.0
41.223437480144405	0.0
41.23343831407943	0.0
41.243439148014446	0.0
41.25343998194946	0.0
41.26344081588448	0.0
41.273441649819496	0.0
41.28344248375452	0.0
41.29344331768954	0.0
41.303444151624554	0.0
41.31344498555957	0.0
41.32344581949459	0.0
41.333446653429604	0.0
41.34344748736463	0.0
41.353448321299645	0.0
41.36344915523466	0.0
41.37344998916968	0.0
41.383450823104695	0.0
41.39345165703971	0.0
41.403452490974736	0.0
41.41345332490975	0.0
41.42345415884477	0.0
41.43345499277979	0.0
41.4434558267148	0.0
41.45345666064982	0.0
41.463457494584844	0.0
41.47345832851986	0.0
41.48345916245488	0.0
41.493459996389895	0.0
41.50346083032491	0.0
41.51346166425993	0.0
41.52346249819495	0.0
41.53346333212997	0.0
41.543464166064986	0.0
41.553465	0.0
41.56346583393502	0.0
41.573466667870036	0.0
41.58346750180506	0.0
41.59346833574008	0.0
41.603469169675094	0.0
41.61347000361011	0.0
41.62347083754513	0.0
41.63347167148015	0.0
41.64347250541517	0.0
41.653473339350185	0.0
41.6634741732852	0.0
41.67347500722022	0.0
41.683475841155236	0.0
41.69347667509026	0.0
41.70347750902528	0.0
41.71347834296029	0.0
41.72347917689531	0.0
41.73348001083033	0.0
41.743480844765344	0.0
41.75348167870037	0.0
41.763482512635385	0.0
41.7734833465704	0.0
41.78348418050542	0.0
41.793485014440435	0.0
41.80348584837545	0.0
41.813486682310476	0.0
41.82348751624549	0.0
41.83348835018051	0.0
41.843489184115526	0.0
41.85349001805054	0.0
41.86349085198556	0.0
41.873491685920584	0.0
41.8834925198556	0.0
41.89349335379062	0.0
41.903494187725634	0.0
41.91349502166065	0.0
41.923495855595675	0.0
41.93349668953069	0.0
41.94349752346571	0.0
41.953498357400726	0.0
41.96349919133574	0.0
41.97350002527076	0.0
41.98350085920578	0.0
41.9935016931408	0.0
42.00350252707582	0.0
42.013503361010834	0.0
42.02350419494585	0.0
42.03350502888087	0.0
42.04350586281589	0.0
42.05350669675091	0.0
42.063507530685925	0.0
42.07350836462094	0.0
42.08350919855596	0.0
42.093510032490975	0.0
42.103510866426	0.0
42.113511700361016	0.0
42.12351253429603	0.0
42.13351336823105	0.0
42.14351420216607	0.0
42.15351503610108	0.0
42.16351587003611	0.0
42.173516703971124	0.0
42.18351753790614	0.0
42.19351837184116	0.0
42.203519205776175	0.0
42.2135200397112	0.0
42.223520873646216	0.0
42.23352170758123	0.0
42.24352254151625	0.0
42.253523375451266	0.0
42.26352420938628	0.0
42.27352504332131	0.0
42.283525877256324	0.0
42.29352671119134	0.0
42.30352754512636	0.0
42.313528379061374	0.0
42.32352921299639	0.0
42.333530046931415	0.0
42.34353088086643	0.0
42.35353171480145	0.0
42.363532548736465	0.0
42.37353338267148	0.0
42.3835342166065	0.0
42.39353505054152	0.0
42.40353588447654	0.0
42.41353671841156	0.0
42.42353755234657	0.0
42.43353838628159	0.0
42.44353922021661	0.0
42.45354005415163	0.0
42.46354088808665	0.0
42.473541722021665	0.0
42.48354255595668	0.0
42.4935433898917	0.0
42.50354422382672	0.0
42.51354505776174	0.0
42.523545891696756	0.0
42.53354672563177	0.0
42.54354755956679	0.0
42.553548393501806	0.0
42.56354922743683	0.0
42.57355006137185	0.0
42.583550895306864	0.0
42.59355172924188	0.0
42.6035525631769	0.0
42.613553397111914	0.0
42.62355423104694	0.0
42.633555064981955	0.0
42.64355589891697	0.0
42.65355673285199	0.0
42.663557566787006	0.0
42.67355840072202	0.0
42.68355923465705	0.0
42.69356006859206	0.0
42.70356090252708	0.0
42.7135617364621	0.0
42.723562570397114	0.0
42.73356340433213	0.0
42.743564238267155	0.0
42.75356507220217	0.0
42.76356590613719	0.0
42.773566740072205	0.0
42.78356757400722	0.0
42.79356840794224	0.0
42.80356924187726	0.0
42.81357007581228	0.0
42.823570909747296	0.0
42.83357174368231	0.0
42.84357257761733	0.0
42.853573411552354	0.0
42.86357424548737	0.0
42.87357507942239	0.0
42.883575913357404	0.0
42.89357674729242	0.0
42.90357758122744	0.0
42.91357841516246	0.0
42.92357924909748	0.0
42.933580083032496	0.0
42.94358091696751	0.0
42.95358175090253	354.0
42.963582584837546	354.0
42.97358341877257	358.0
42.98358425270759	358.0
42.993585086642604	358.0
43.00358592057762	358.0
43.01358675451264	363.0
43.023587588447654	367.0
43.03358842238268	375.0
43.043589256317695	375.0
43.05359009025271	380.0
43.06359092418773	384.0
43.073591758122745	393.0
43.08359259205776	393.0
43.093593425992786	398.0
43.1035942599278	398.0
43.11359509386282	402.0
43.12359592779784	398.0
43.13359676173285	398.0
43.14359759566788	398.0
43.153598429602894	398.0
43.16359926353791	398.0
43.17360009747293	398.0
43.183600931407945	398.0
43.19360176534296	393.0
43.203602599277986	358.0
43.213603433213	350.0
43.22360426714802	342.0
43.233605101083036	338.0
43.24360593501805	331.0
43.25360676895307	327.0
43.263607602888094	323.0
43.27360843682311	323.0
43.28360927075813	319.0
43.293610104693144	316.0
43.30361093862816	316.0
43.31361177256318	316.0
43.3236126064982	316.0
43.33361344043322	0.0
43.343614274368235	0.0
43.35361510830325	0.0
43.36361594223827	0.0
43.373616776173286	0.0
43.38361761010831	0.0
43.39361844404333	0.0
43.40361927797834	0.0
43.41362011191336	0.0
43.42362094584838	0.0
43.4336217797834	0.0
43.44362261371842	0.0
43.453623447653435	0.0
43.46362428158845	0.0
43.47362511552347	0.0
43.483625949458485	0.0
43.49362678339351	0.0
43.503627617328526	0.0
43.51362845126354	0.0
43.52362928519856	398.0
43.533630119133576	0.0
43.54363095306859	0.0
43.55363178700362	0.0
43.563632620938634	0.0
43.57363345487365	0.0
43.58363428880867	0.0
43.593635122743684	0.0
43.6036359566787	0.0
43.613636790613725	0.0
43.62363762454874	0.0
43.63363845848376	0.0
43.643639292418776	0.0
43.65364012635379	0.0
43.66364096028881	0.0
43.67364179422383	0.0
43.68364262815885	0.0
43.69364346209387	0.0
43.703644296028884	0.0
43.7136451299639	0.0
43.723645963898925	0.0
43.73364679783394	0.0
43.74364763176896	0.0
43.753648465703975	0.0
43.76364929963899	0.0
43.77365013357401	0.0
43.78365096750903	407.0
43.79365180144405	412.0
43.803652635379066	417.0
43.81365346931408	421.0
43.8236543032491	0.0
43.83365513718412	0.0
43.84365597111914	0.0
43.85365680505416	0.0
43.863657638989174	0.0
43.87365847292419	0.0
43.88365930685921	402.0
43.893660140794225	402.0
43.90366097472925	402.0
43.913661808664266	402.0
43.92366264259928	398.0
43.9336634765343	398.0
43.943664310469316	398.0
43.95366514440433	398.0
43.96366597833936	0.0
43.973666812274374	0.0
43.98366764620939	0.0
43.99366848014441	0.0
44.003669314079424	0.0
44.01367014801444	0.0
44.023670981949465	0.0
44.03367181588448	0.0
44.0436726498195	0.0
44.053673483754515	0.0
44.06367431768953	0.0
44.073675151624556	0.0
44.08367598555957	0.0
44.09367681949459	0.0
44.10367765342961	0.0
44.11367848736462	0.0
44.12367932129964	0.0
44.133680155234664	0.0
44.14368098916968	0.0
44.1536818231047	0.0
44.163682657039715	0.0
44.17368349097473	0.0
44.18368432490975	0.0
44.19368515884477	0.0
44.20368599277979	0.0
44.213686826714806	0.0
44.22368766064982	0.0
44.23368849458484	0.0
44.24368932851986	0.0
44.25369016245488	0.0
44.2636909963899	0.0
44.273691830324914	0.0
44.28369266425993	0.0
44.29369349819495	0.0
44.303694332129965	0.0
44.31369516606499	0.0
44.323696000000005	0.0
44.33369683393502	0.0
44.34369766787004	0.0
44.353698501805056	0.0
44.36369933574008	0.0
44.3737001696751	0.0
44.38370100361011	0.0
44.39370183754513	0.0
44.40370267148015	0.0
44.413703505415164	0.0
44.42370433935019	0.0
44.433705173285205	0.0
44.44370600722022	0.0
44.45370684115524	0.0
44.463707675090255	0.0
44.47370850902527	0.0
44.483709342960296	0.0
44.49371017689531	0.0
44.50371101083033	0.0
44.513711844765346	0.0
44.52371267870036	0.0
44.53371351263538	0.0
44.543714346570404	0.0
44.55371518050542	0.0
44.56371601444044	0.0
44.573716848375454	0.0
44.58371768231047	0.0
44.59371851624549	0.0
44.60371935018051	0.0
44.61372018411553	0.0
44.623721018050546	0.0
44.63372185198556	0.0
44.64372268592058	0.0
44.6537235198556	0.0
44.66372435379062	0.0
44.67372518772564	0.0
44.683726021660654	0.0
44.69372685559567	0.0
44.70372768953069	0.0
44.71372852346571	0.0
44.72372935740073	0.0
44.733730191335745	0.0
44.74373102527076	0.0
44.75373185920578	0.0
44.763732693140796	0.0
44.77373352707582	0.0
44.783734361010836	0.0
44.79373519494585	0.0
44.80373602888087	0.0
44.81373686281589	0.0
44.823737696750904	0.0
44.83373853068593	0.0
44.843739364620944	0.0
44.85374019855596	0.0
44.86374103249098	0.0
44.873741866425995	0.0
44.88374270036101	0.0
44.893743534296036	0.0
44.90374436823105	0.0
44.91374520216607	0.0
44.923746036101086	0.0
44.9337468700361	0.0
44.94374770397113	0.0
44.953748537906144	0.0
44.96374937184116	0.0
44.97375020577618	0.0
44.983751039711194	0.0
44.99375187364621	0.0
45.003752707581235	0.0
45.01375354151625	0.0
45.02375437545127	0.0
45.033755209386285	0.0
45.0437560433213	0.0
45.05375687725632	0.0
45.06375771119134	0.0
45.07375854512636	0.0
45.08375937906138	0.0
45.09376021299639	0.0
45.10376104693141	0.0
45.11376188086643	0.0
45.12376271480145	0.0
45.13376354873647	0.0
45.143764382671485	0.0
45.1537652166065	0.0
45.16376605054152	0.0
45.173766884476535	0.0
45.18376771841156	0.0
45.193768552346576	0.0
45.20376938628159	0.0
45.21377022021661	0.0
45.22377105415163	0.0
45.23377188808664	0.0
45.24377272202167	0.0
45.253773555956684	0.0
45.2637743898917	0.0
45.27377522382672	0.0
45.283776057761735	0.0
45.29377689169676	0.0
45.303777725631775	0.0
45.31377855956679	0.0
45.32377939350181	0.0
45.333780227436826	0.0
45.34378106137184	0.0
45.35378189530687	0.0
45.36378272924188	0.0
45.3737835631769	0.0
45.38378439711192	0.0
45.393785231046934	0.0
45.40378606498195	0.0
45.413786898916975	0.0
45.42378773285199	0.0
45.43378856678701	0.0
45.443789400722025	0.0
45.45379023465704	0.0
45.46379106859206	0.0
45.47379190252708	0.0
45.4837927364621	0.0
45.493793570397116	0.0
45.50379440433213	0.0
45.51379523826715	0.0
45.52379607220217	0.0
45.53379690613719	0.0
45.54379774007221	0.0
45.553798574007224	0.0
45.56379940794224	0.0
45.57380024187726	0.0
45.58380107581228	0.0
45.5938019097473	0.0
45.603802743682316	0.0
45.61380357761733	0.0
45.62380441155235	0.0
45.633805245487366	0.0
45.64380607942239	0.0
45.65380691335741	0.0
45.663807747292424	0.0
45.67380858122744	0.0
45.68380941516246	0.0
45.693810249097474	0.0
45.7038110830325	0.0
45.713811916967515	0.0
45.72381275090253	0.0
45.73381358483755	0.0
45.743814418772565	0.0
45.75381525270758	0.0
45.763816086642606	0.0
45.77381692057762	0.0
45.78381775451264	0.0
45.79381858844766	0.0
45.803819422382674	0.0
45.81382025631769	0.0
45.823821090252714	0.0
45.83382192418773	0.0
45.84382275812275	0.0
45.853823592057765	0.0
45.86382442599278	0.0
45.873825259927806	0.0
45.88382609386282	0.0
45.89382692779784	0.0
45.903827761732856	0.0
45.91382859566787	0.0
45.92382942960289	0.0
45.933830263537914	0.0
45.94383109747293	0.0
45.95383193140795	0.0
45.963832765342964	0.0
45.97383359927798	0.0
45.983834433213	0.0
45.99383526714802	0.0
46.00383610108304	0.0
46.013836935018055	0.0
46.02383776895307	0.0
46.03383860288809	0.0
46.043839436823106	0.0
46.05384027075813	0.0
46.06384110469315	0.0
46.07384193862816	0.0
46.08384277256318	0.0
46.0938436064982	0.0
46.103844440433214	0.0
46.11384527436824	0.0
46.123846108303255	0.0
46.13384694223827	0.0
46.14384777617329	0.0
46.153848610108305	0.0
46.16384944404333	0.0
46.173850277978346	0.0
46.18385111191336	0.0
46.19385194584838	0.0
46.203852779783396	0.0
46.21385361371841	0.0
46.22385444765344	0.0
46.233855281588454	0.0
46.24385611552347	0.0
46.25385694945849	0.0
46.263857783393505	0.0
46.27385861732852	0.0
46.283859451263545	0.0
46.29386028519856	0.0
46.30386111913358	0.0
46.313861953068596	0.0
46.32386278700361	0.0
46.33386362093863	0.0
46.34386445487365	0.0
46.35386528880867	0.0
46.36386612274369	0.0
46.373866956678704	0.0
46.38386779061372	0.0
46.39386862454874	0.0
46.40386945848376	0.0
46.41387029241878	0.0
46.423871126353795	0.0
46.43387196028881	0.0
46.44387279422383	0.0
46.453873628158846	0.0
46.46387446209387	0.0
46.473875296028886	0.0
46.4838761299639	0.0
46.49387696389892	0.0
46.50387779783394	0.0
46.51387863176896	0.0
46.52387946570398	0.0
46.533880299638994	0.0
46.54388113357401	0.0
46.55388196750903	0.0
46.563882801444045	0.0
46.57388363537907	0.0
46.583884469314086	0.0
46.5938853032491	0.0
46.60388613718412	0.0
46.613886971119136	0.0
46.62388780505415	0.0
46.63388863898918	0.0
46.643889472924194	0.0
46.65389030685921	0.0
46.66389114079423	0.0
46.673891974729244	0.0
46.68389280866426	677.0
46.693893642599285	677.0
46.7038944765343	669.0
46.71389531046932	0.0
46.723896144404335	0.0
46.73389697833935	0.0
46.74389781227437	0.0
46.75389864620939	0.0
46.76389948014441	0.0
46.77390031407943	0.0
46.78390114801444	0.0
46.79390198194946	0.0
46.803902815884484	0.0
46.8139036498195	0.0
46.82390448375452	0.0
46.833905317689535	0.0
46.84390615162455	0.0
46.85390698555957	0.0
46.86390781949459	0.0
46.87390865342961	0.0
46.883909487364626	0.0
46.89391032129964	0.0
46.90391115523466	0.0
46.91391198916968	0.0
46.9239128231047	0.0
46.93391365703972	0.0
46.943914490974734	0.0
46.95391532490975	0.0
46.96391615884477	0.0
46.973916992779785	0.0
46.98391782671481	0.0
46.993918660649825	0.0
47.00391949458484	0.0
47.01392032851986	0.0
47.023921162454876	0.0
47.03392199638989	0.0
47.04392283032492	0.0
47.05392366425993	0.0
47.06392449819495	0.0
47.07392533212997	0.0
47.083926166064984	0.0
47.09392700000001	0.0
47.103927833935025	0.0
47.11392866787004	0.0
47.12392950180506	0.0
47.133930335740075	0.0
47.14393116967509	0.0
47.153932003610116	0.0
47.16393283754513	0.0
47.17393367148015	0.0
47.183934505415166	0.0
47.19393533935018	0.0
47.2039361732852	0.0
47.213937007220224	0.0
47.22393784115524	0.0
47.23393867509026	0.0
47.243939509025275	0.0
47.25394034296029	0.0
47.26394117689531	0.0
47.27394201083033	0.0
47.28394284476535	0.0
47.293943678700366	0.0
47.30394451263538	0.0
47.3139453465704	0.0
47.323946180505416	873.0
47.33394701444044	0.0
47.34394784837546	0.0
47.353948682310474	0.0
47.36394951624549	0.0
47.37395035018051	0.0
47.38395118411553	0.0
47.39395201805055	0.0
47.403952851985565	0.0
47.41395368592058	0.0
47.4239545198556	0.0
47.433955353790616	0.0
47.44395618772564	0.0
47.453957021660656	0.0
47.46395785559567	0.0
47.47395868953069	0.0
47.48395952346571	0.0
47.493960357400724	0.0
47.50396119133575	0.0
47.513962025270764	0.0
47.52396285920578	0.0
47.5339636931408	0.0
47.543964527075815	0.0
47.55396536101083	0.0
47.563966194945856	0.0
47.57396702888087	0.0
47.58396786281589	0.0
47.593968696750906	0.0
47.60396953068592	0.0
47.61397036462094	0.0
47.623971198555964	0.0
47.63397203249098	0.0
47.643972866426	0.0
47.653973700361014	0.0
47.66397453429603	0.0
47.67397536823105	0.0
47.68397620216607	0.0
47.69397703610109	0.0
47.703977870036105	0.0
47.71397870397112	0.0
47.72397953790614	0.0
47.73398037184116	0.0
47.74398120577618	0.0
47.7539820397112	0.0
47.76398287364621	0.0
47.77398370758123	0.0
47.78398454151625	0.0
47.79398537545127	0.0
47.80398620938629	0.0
47.813987043321305	0.0
47.82398787725632	0.0
47.83398871119134	0.0
47.843989545126355	0.0
47.85399037906138	0.0
47.863991212996396	0.0
47.87399204693141	0.0
47.88399288086643	0.0
47.89399371480145	0.0
47.90399454873646	0.0
47.91399538267149	0.0
47.923996216606504	0.0
47.93399705054152	0.0
47.94399788447654	0.0
47.953998718411555	0.0
47.96399955234657	0.0
47.974000386281595	0.0
47.98400122021661	0.0
47.99400205415163	0.0
48.004002888086646	0.0
48.01400372202166	0.0
48.02400455595669	0.0
48.0340053898917	0.0
48.04400622382672	0.0
48.05400705776174	0.0
48.064007891696754	0.0
48.07400872563177	0.0
48.084009559566795	0.0
48.09401039350181	0.0
48.10401122743683	0.0
48.114012061371845	0.0
48.12401289530686	0.0
48.13401372924188	0.0
48.1440145631769	0.0
48.15401539711192	0.0
48.164016231046936	0.0
48.17401706498195	0.0
48.18401789891697	0.0
48.19401873285199	0.0
48.20401956678701	0.0
48.21402040072203	0.0
48.224021234657044	0.0
48.23402206859206	0.0
48.24402290252708	0.0
48.254023736462095	0.0
48.26402457039712	0.0
48.274025404332136	0.0
48.28402623826715	0.0
48.29402707220217	0.0
48.304027906137186	0.0
48.31402874007221	0.0
48.32402957400723	0.0
48.334030407942244	0.0
48.34403124187726	0.0
48.35403207581228	0.0
48.364032909747294	0.0
48.37403374368232	0.0
48.384034577617335	0.0
48.39403541155235	0.0
48.40403624548737	0.0
48.414037079422386	0.0
48.4240379133574	0.0
48.434038747292426	0.0
48.44403958122744	0.0
48.45404041516246	0.0
48.46404124909748	0.0
48.474042083032494	0.0
48.48404291696751	0.0
48.494043750902534	0.0
48.50404458483755	0.0
48.51404541877257	0.0
48.524046252707585	0.0
48.5340470866426	0.0
48.54404792057762	0.0
48.55404875451264	0.0
48.56404958844766	0.0
48.574050422382676	0.0
48.58405125631769	0.0
48.59405209025271	0.0
48.60405292418773	0.0
48.61405375812275	0.0
48.62405459205777	0.0
48.634055425992784	0.0
48.6440562599278	0.0
48.65405709386282	0.0
48.66405792779784	0.0
48.67405876173286	0.0
48.684059595667875	0.0
48.69406042960289	0.0
48.70406126353791	0.0
48.714062097472926	0.0
48.72406293140795	0.0
48.73406376534297	0.0
48.74406459927798	0.0
48.754065433213	0.0
48.76406626714802	0.0
48.774067101083034	0.0
48.78406793501806	0.0
48.794068768953075	0.0
48.80406960288809	0.0
48.81407043682311	0.0
48.824071270758125	0.0
48.83407210469314	0.0
48.844072938628166	0.0
48.85407377256318	0.0
48.8640746064982	0.0
48.87407544043322	0.0
48.88407627436823	0.0
48.89407710830325	0.0
48.904077942238274	0.0
48.91407877617329	0.0
48.92407961010831	0.0
48.934080444043325	0.0
48.94408127797834	0.0
48.954082111913365	0.0
48.96408294584838	0.0
48.9740837797834	0.0
48.984084613718416	0.0
48.99408544765343	0.0
49.00408628158845	0.0
49.01408711552347	0.0
49.02408794945849	0.0
49.03408878339351	0.0
49.044089617328524	0.0
49.05409045126354	0.0
49.06409128519856	0.0
49.07409211913358	0.0
49.0840929530686	0.0
49.094093787003615	0.0
49.10409462093863	0.0
49.11409545487365	0.0
49.124096288808666	0.0
49.13409712274369	0.0
49.144097956678706	0.0
49.15409879061372	0.0
49.16409962454874	0.0
49.17410045848376	0.0
49.184101292418774	0.0
49.1941021263538	0.0
49.204102960288814	0.0
49.21410379422383	0.0
49.22410462815885	0.0
49.234105462093865	0.0
49.24410629602889	0.0
49.254107129963906	0.0
49.26410796389892	0.0
49.27410879783394	0.0
49.284109631768956	0.0
49.29411046570397	0.0
49.304111299639	0.0
49.314112133574014	0.0
49.32411296750903	0.0
49.33411380144405	0.0
49.344114635379064	0.0
49.35411546931408	0.0
49.364116303249105	0.0
49.37411713718412	0.0
49.38411797111914	0.0
49.394118805054156	0.0
49.40411963898917	0.0
49.41412047292419	0.0
49.42412130685921	0.0
49.43412214079423	0.0
49.44412297472925	0.0
49.454123808664264	0.0
49.46412464259928	0.0
49.4741254765343	0.0
49.48412631046932	0.0
49.49412714440434	0.0
49.504127978339355	0.0
49.51412881227437	0.0
49.52412964620939	0.0
49.53413048014441	0.0
49.54413131407943	0.0
49.554132148014446	0.0
49.56413298194946	0.0
49.57413381588448	0.0
49.5841346498195	0.0
49.59413548375452	0.0
49.60413631768954	0.0
49.614137151624554	0.0
49.62413798555957	0.0
49.63413881949459	0.0
49.644139653429605	0.0
49.65414048736463	0.0
49.664141321299645	0.0
49.67414215523466	0.0
49.68414298916968	0.0
49.694143823104696	0.0
49.70414465703971	0.0
49.71414549097474	0.0
49.72414632490975	0.0
49.73414715884477	0.0
49.74414799277979	0.0
49.754148826714804	0.0
49.76414966064982	0.0
49.774150494584845	0.0
49.78415132851986	0.0
49.79415216245488	0.0
49.804152996389895	0.0
49.81415383032491	0.0
49.82415466425993	0.0
49.83415549819495	0.0
49.84415633212997	0.0
49.85415716606499	0.0
49.864158	0.0
49.87415883393502	0.0
49.884159667870044	0.0
49.89416050180506	0.0
49.90416133574008	0.0
49.914162169675095	0.0
49.92416300361011	0.0
49.93416383754513	0.0
49.94416467148015	0.0
49.95416550541517	0.0
49.964166339350186	0.0
49.9741671732852	0.0
49.98416800722022	0.0
49.994168841155236	0.0
50.00416967509026	0.0
50.01417050902528	0.0
50.024171342960294	0.0
50.03417217689531	0.0
50.04417301083033	0.0
50.054173844765344	0.0
50.06417467870037	0.0
50.074175512635385	0.0
50.0841763465704	0.0
50.09417718050542	0.0
50.104178014440436	0.0
50.11417884837545	0.0
50.124179682310476	0.0
50.13418051624549	0.0
50.14418135018051	0.0
50.15418218411553	0.0
50.164183018050544	0.0
50.17418385198557	0.0
50.184184685920584	0.0
50.1941855198556	0.0
50.20418635379062	0.0
50.214187187725635	0.0
50.22418802166065	0.0
50.234188855595676	0.0
50.24418968953069	0.0
50.25419052346571	0.0
50.264191357400726	0.0
50.27419219133574	0.0
50.28419302527076	0.0
50.294193859205784	0.0
50.3041946931408	0.0
50.31419552707582	0.0
50.324196361010834	0.0
50.33419719494585	0.0
50.34419802888087	0.0
50.35419886281589	0.0
50.36419969675091	0.0
50.374200530685926	0.0
50.38420136462094	0.0
50.39420219855596	0.0
50.404203032490976	0.0
50.414203866426	0.0
50.42420470036102	0.0
50.434205534296034	0.0
50.44420636823105	0.0
50.45420720216607	0.0
50.46420803610109	0.0
50.47420887003611	0.0
50.484209703971125	0.0
50.49421053790614	0.0
50.50421137184116	0.0
50.514212205776175	0.0
50.5242130397112	0.0
50.534213873646216	0.0
50.54421470758123	0.0
50.55421554151625	0.0
50.56421637545127	0.0
50.57421720938628	0.0
50.58421804332131	0.0
50.594218877256324	0.0
50.60421971119134	0.0
50.61422054512636	0.0
50.624221379061375	0.0
50.63422221299639	0.0
50.644223046931415	0.0
50.65422388086643	0.0
50.66422471480145	0.0
50.674225548736466	0.0
50.68422638267148	0.0
50.6942272166065	0.0
50.70422805054152	0.0
50.71422888447654	0.0
50.72422971841156	0.0
50.734230552346574	0.0
50.74423138628159	0.0
50.754232220216615	0.0
50.76423305415163	0.0
50.77423388808665	0.0
50.784234722021665	0.0
50.79423555595668	0.0
50.8042363898917	0.0
50.81423722382672	0.0
50.82423805776174	0.0
50.83423889169676	0.0
50.84423972563177	0.0
50.85424055956679	0.0
50.86424139350181	0.0
50.87424222743683	0.0
50.88424306137185	0.0
50.894243895306865	0.0
50.90424472924188	0.0
50.9142455631769	0.0
50.924246397111915	0.0
50.93424723104694	0.0
50.944248064981956	0.0
50.95424889891697	0.0
50.96424973285199	0.0
50.974250566787006	0.0
50.98425140072202	0.0
50.99425223465705	0.0
51.004253068592064	0.0
51.01425390252708	0.0
51.0242547364621	0.0
51.034255570397114	0.0
51.04425640433213	0.0
51.054257238267155	0.0
51.06425807220217	0.0
51.07425890613719	0.0
51.084259740072206	0.0
51.09426057400722	0.0
51.104261407942246	0.0
51.11426224187726	0.0
51.12426307581228	0.0
51.1342639097473	0.0
51.144264743682314	0.0
51.15426557761733	0.0
51.164266411552354	0.0
51.17426724548737	0.0
51.18426807942239	0.0
51.194268913357405	0.0
51.20426974729242	0.0
51.21427058122744	0.0
51.22427141516246	0.0
51.23427224909748	0.0
51.244273083032496	0.0
51.25427391696751	0.0
51.26427475090253	0.0
51.27427558483755	0.0
51.28427641877257	0.0
51.29427725270759	0.0
51.304278086642604	0.0
51.31427892057762	0.0
51.32427975451264	0.0
51.334280588447655	0.0
51.34428142238268	0.0
51.354282256317695	0.0
51.36428309025271	0.0
51.37428392418773	0.0
51.384284758122746	0.0
51.39428559205777	0.0
51.40428642599279	0.0
51.414287259927804	0.0
51.42428809386282	0.0
51.43428892779784	0.0
51.444289761732854	0.0
51.45429059566788	0.0
51.464291429602895	0.0
51.47429226353791	0.0
51.48429309747293	0.0
51.494293931407945	0.0
51.50429476534296	0.0
51.514295599277986	0.0
51.524296433213	0.0
51.53429726714802	0.0
51.54429810108304	0.0
51.55429893501805	0.0
51.56429976895307	0.0
51.574300602888094	0.0
51.58430143682311	0.0
51.59430227075813	0.0
51.604303104693145	0.0
51.61430393862816	0.0
51.62430477256318	0.0
51.6343056064982	0.0
51.64430644043322	0.0
51.654307274368236	0.0
51.66430810830325	0.0
51.67430894223827	0.0
51.68430977617329	0.0
51.69431061010831	0.0
51.70431144404333	0.0
51.714312277978344	0.0
51.72431311191336	0.0
51.73431394584838	0.0
51.7443147797834	0.0
51.75431561371842	0.0
51.764316447653435	0.0
51.77431728158845	0.0
51.78431811552347	0.0
51.794318949458486	0.0
51.80431978339351	0.0
51.81432061732853	0.0
51.82432145126354	0.0
51.83432228519856	0.0
51.84432311913358	0.0
51.854323953068594	0.0
51.86432478700362	0.0
51.874325620938635	0.0
51.88432645487365	0.0
51.89432728880867	0.0
51.904328122743685	0.0
51.9143289566787	0.0
51.924329790613726	0.0
51.93433062454874	0.0
51.94433145848376	0.0
51.954332292418776	0.0
51.96433312635379	0.0
51.97433396028882	0.0
51.984334794223834	0.0
51.99433562815885	0.0
52.00433646209387	0.0
52.014337296028884	0.0
52.0243381299639	0.0
52.034338963898925	0.0
52.04433979783394	0.0
52.05434063176896	0.0
52.064341465703976	0.0
52.07434229963899	0.0
52.08434313357401	0.0
52.09434396750903	0.0
52.10434480144405	0.0
52.11434563537907	0.0
52.124346469314084	0.0
52.1343473032491	0.0
52.14434813718412	0.0
52.15434897111914	0.0
52.16434980505416	0.0
52.174350638989175	0.0
52.18435147292419	0.0
52.19435230685921	0.0
52.204353140794225	0.0
52.21435397472925	0.0
52.224354808664266	0.0
52.23435564259928	0.0
52.2443564765343	0.0
52.25435731046932	0.0
52.26435814440433	0.0
52.27435897833936	0.0
52.284359812274374	0.0
52.29436064620939	0.0
52.30436148014441	0.0
52.314362314079425	0.0
52.32436314801445	0.0
52.334363981949465	0.0
52.34436481588448	0.0
52.3543656498195	0.0
52.364366483754516	0.0
52.37436731768953	0.0
52.38436815162456	0.0
52.394368985559574	0.0
52.40436981949459	0.0
52.41437065342961	0.0
52.424371487364624	0.0
52.43437232129964	769.0
52.444373155234665	760.0
52.45437398916968	760.0
52.4643748231047	751.0
52.474375657039715	751.0
52.48437649097473	709.0
52.49437732490975	717.0
52.50437815884477	717.0
52.51437899277979	726.0
52.52437982671481	726.0
52.53438066064982	726.0
52.54438149458484	726.0
52.55438232851986	0.0
52.56438316245488	0.0
52.5743839963899	0.0
52.584384830324915	0.0
52.59438566425993	0.0
52.60438649819495	0.0
52.61438733212997	0.0
52.62438816606499	0.0
52.634389000000006	0.0
52.64438983393502	0.0
52.65439066787004	0.0
52.664391501805056	0.0
52.67439233574008	0.0
52.6843931696751	0.0
52.694394003610114	0.0
52.70439483754513	0.0
52.71439567148015	0.0
52.724396505415164	0.0
52.73439733935019	0.0
52.744398173285205	0.0
52.75439900722022	0.0
52.76439984115524	0.0
52.774400675090256	0.0
52.78440150902527	0.0
52.794402342960296	0.0
52.80440317689531	0.0
52.81440401083033	0.0
52.82440484476535	0.0
52.834405678700364	0.0
52.84440651263538	0.0
52.854407346570405	0.0
52.86440818050542	0.0
52.87440901444044	0.0
52.884409848375455	0.0
52.89441068231047	0.0
52.904411516245496	0.0
52.91441235018051	0.0
52.92441318411553	0.0
52.934414018050546	0.0
52.94441485198556	0.0
52.95441568592058	0.0
52.964416519855604	0.0
52.97441735379062	0.0
52.98441818772564	0.0
52.994419021660654	0.0
53.00441985559567	0.0
53.01442068953069	0.0
53.02442152346571	0.0
53.03442235740073	0.0
53.044423191335746	0.0
53.05442402527076	0.0
53.06442485920578	0.0
53.074425693140796	0.0
53.08442652707582	0.0
53.09442736101084	0.0
53.104428194945854	0.0
53.11442902888087	0.0
53.12442986281589	0.0
53.134430696750904	0.0
53.14443153068593	0.0
53.154432364620945	0.0
53.16443319855596	0.0
53.17443403249098	0.0
53.184434866425995	0.0
53.19443570036102	0.0
53.204436534296036	0.0
53.21443736823105	0.0
53.22443820216607	0.0
53.23443903610109	0.0
53.2444398700361	0.0
53.25444070397113	0.0
53.264441537906144	0.0
53.27444237184116	0.0
53.28444320577618	0.0
53.294444039711195	0.0
53.30444487364621	0.0
53.314445707581235	0.0
53.32444654151625	0.0
53.33444737545127	0.0
53.344448209386286	0.0
53.3544490433213	0.0
53.36444987725632	0.0
53.37445071119134	0.0
53.38445154512636	0.0
53.39445237906138	0.0
53.404453212996394	0.0
53.41445404693141	0.0
53.42445488086643	0.0
53.43445571480145	0.0
53.44445654873647	0.0
53.454457382671485	0.0
53.4644582166065	0.0
53.47445905054152	0.0
53.484459884476536	0.0
53.49446071841156	0.0
53.50446155234658	0.0
53.51446238628159	0.0
53.52446322021661	0.0
53.53446405415163	0.0
53.54446488808665	0.0
53.55446572202167	0.0
53.564466555956685	0.0
53.5744673898917	0.0
53.58446822382672	0.0
53.594469057761735	0.0
53.60446989169676	0.0
53.614470725631776	0.0
53.62447155956679	0.0
53.63447239350181	0.0
53.644473227436826	0.0
53.65447406137184	0.0
53.66447489530687	0.0
53.674475729241884	0.0
53.6844765631769	0.0
53.69447739711192	0.0
53.704478231046934	0.0
53.71447906498195	0.0
53.724479898916975	0.0
53.73448073285199	0.0
53.74448156678701	0.0
53.754482400722026	0.0
53.76448323465704	0.0
53.77448406859206	0.0
53.78448490252708	0.0
53.7944857364621	0.0
53.80448657039712	0.0
53.814487404332134	0.0
53.82448823826715	0.0
53.834489072202174	0.0
53.84448990613719	0.0
53.85449074007221	0.0
53.864491574007225	0.0
53.87449240794224	0.0
53.88449324187726	0.0
53.89449407581228	0.0
53.9044949097473	0.0
53.914495743682316	0.0
53.92449657761733	0.0
53.93449741155235	0.0
53.94449824548737	0.0
53.95449907942239	0.0
53.96449991335741	0.0
53.974500747292424	0.0
53.98450158122744	0.0
53.99450241516246	0.0
54.004503249097475	0.0
54.0145040830325	0.0
54.024504916967516	0.0
54.03450575090253	0.0
54.04450658483755	0.0
54.054507418772566	0.0
54.06450825270758	0.0
54.07450908664261	0.0
54.084509920577624	0.0
54.09451075451264	0.0
54.10451158844766	0.0
54.114512422382674	0.0
54.1245132563177	0.0
54.134514090252715	0.0
54.14451492418773	0.0
54.15451575812275	0.0
54.164516592057765	0.0
54.17451742599278	0.0
54.184518259927806	0.0
54.19451909386282	0.0
54.20451992779784	0.0
54.21452076173286	0.0
54.22452159566787	0.0
54.23452242960289	0.0
54.244523263537914	0.0
54.25452409747293	0.0
54.26452493140795	0.0
54.274525765342965	0.0
54.28452659927798	0.0
54.294527433213	0.0
54.30452826714802	0.0
54.31452910108304	0.0
54.324529935018056	0.0
54.33453076895307	0.0
54.34453160288809	0.0
54.354532436823106	0.0
54.36453327075813	0.0
54.37453410469315	0.0
54.384534938628164	0.0
54.39453577256318	0.0
54.4045366064982	0.0
54.41453744043322	0.0
54.42453827436824	0.0
54.434539108303255	0.0
54.44453994223827	0.0
54.45454077617329	0.0
54.464541610108306	0.0
54.47454244404333	0.0
54.48454327797835	0.0
54.49454411191336	0.0
54.50454494584838	0.0
54.5145457797834	0.0
54.524546613718414	0.0
54.53454744765344	0.0
54.544548281588455	0.0
54.55454911552347	525.0
54.56454994945849	519.0
54.574550783393505	513.0
54.58455161732852	513.0
54.594552451263546	519.0
54.60455328519856	519.0
54.61455411913358	0.0
54.624554953068596	0.0
54.63455578700361	0.0
54.64455662093863	0.0
54.654557454873654	0.0
54.66455828880867	0.0
54.67455912274369	0.0
54.684559956678704	0.0
54.69456079061372	0.0
54.70456162454874	0.0
54.71456245848376	0.0
54.72456329241878	0.0
54.734564126353796	0.0
54.74456496028881	0.0
54.75456579422383	0.0
54.76456662815885	0.0
54.77456746209387	0.0
54.78456829602889	0.0
54.794569129963904	0.0
54.80456996389892	0.0
54.81457079783394	0.0
54.82457163176896	0.0
54.83457246570398	0.0
54.844573299638995	0.0
54.85457413357401	0.0
54.86457496750903	0.0
54.874575801444045	0.0
54.88457663537907	0.0
54.894577469314086	0.0
54.9045783032491	0.0
54.91457913718412	0.0
54.92457997111914	0.0
54.93458080505415	0.0
54.94458163898918	0.0
54.954582472924194	0.0
54.96458330685921	0.0
54.97458414079423	0.0
54.984584974729245	0.0
54.99458580866426	0.0
55.004586642599286	610.0
55.0145874765343	610.0
55.02458831046932	0.0
55.034589144404336	0.0
55.04458997833935	0.0
55.05459081227438	0.0
55.064591646209394	0.0
55.07459248014441	0.0
55.08459331407943	0.0
55.094594148014444	0.0
55.10459498194946	0.0
55.114595815884485	0.0
55.1245966498195	0.0
55.13459748375452	0.0
55.144598317689535	0.0
55.15459915162455	0.0
55.16459998555957	0.0
55.17460081949459	0.0
55.18460165342961	0.0
55.19460248736463	0.0
55.20460332129964	0.0
55.21460415523466	0.0
55.22460498916968	0.0
55.2346058231047	0.0
55.24460665703972	0.0
55.254607490974735	0.0
55.26460832490975	0.0
55.27460915884477	0.0
55.284609992779785	0.0
55.29461082671481	0.0
55.304611660649826	0.0
55.31461249458484	0.0
55.32461332851986	0.0
55.334614162454876	0.0
55.3446149963899	0.0
55.35461583032492	726.0
55.364616664259934	0.0
55.37461749819495	0.0
55.38461833212997	275.0
55.394619166064984	278.0
55.40462000000001	0.0
55.414620833935025	0.0
55.42462166787004	0.0
55.43462250180506	0.0
55.444623335740076	0.0
55.45462416967509	0.0
55.46462500361012	0.0
55.47462583754513	0.0
55.48462667148015	0.0
55.49462750541517	0.0
55.504628339350184	0.0
55.5146291732852	272.0
55.524630007220225	268.0
55.53463084115524	265.0
55.54463167509026	265.0
55.554632509025275	265.0
55.56463334296029	265.0
55.57463417689531	268.0
55.58463501083033	275.0
55.59463584476535	278.0
55.604636678700366	281.0
55.61463751263538	301.0
55.6246383465704	301.0
55.63463918050542	301.0
55.64464001444044	305.0
55.65464084837546	305.0
55.664641682310474	301.0
55.67464251624549	301.0
55.68464335018051	301.0
55.69464418411553	301.0
55.70464501805055	301.0
55.714645851985566	298.0
55.72464668592058	294.0
55.7346475198556	288.0
55.744648353790616	281.0
55.75464918772564	278.0
55.76465002166066	275.0
55.774650855595674	272.0
55.78465168953069	268.0
55.79465252346571	268.0
55.804653357400724	268.0
55.81465419133575	272.0
55.824655025270765	275.0
55.83465585920578	278.0
55.8446566931408	281.0
55.854657527075815	288.0
55.86465836101083	291.0
55.874659194945856	294.0
55.88466002888087	301.0
55.89466086281589	308.0
55.90466169675091	312.0
55.91466253068592	316.0
55.92466336462094	316.0
55.934664198555964	316.0
55.94466503249098	316.0
55.954665866426	316.0
55.964666700361015	316.0
55.97466753429603	316.0
55.984668368231056	316.0
55.99466920216607	316.0
56.00467003610109	316.0
56.014670870036106	316.0
56.02467170397112	316.0
56.03467253790614	316.0
56.044673371841164	316.0
56.05467420577618	316.0
56.0646750397112	316.0
56.074675873646214	319.0
56.08467670758123	319.0
56.09467754151625	319.0
56.10467837545127	316.0
56.11467920938629	316.0
56.124680043321305	316.0
56.13468087725632	316.0
56.14468171119134	316.0
56.154682545126356	316.0
56.16468337906138	316.0
56.1746842129964	316.0
56.18468504693141	316.0
56.19468588086643	316.0
56.20468671480145	316.0
56.214687548736464	316.0
56.22468838267149	316.0
56.234689216606505	312.0
56.24469005054152	312.0
56.25469088447654	312.0
56.264691718411555	312.0
56.27469255234658	316.0
56.284693386281596	319.0
56.29469422021661	319.0
56.30469505415163	319.0
56.314695888086646	319.0
56.32469672202166	319.0
56.33469755595669	319.0
56.344698389891704	319.0
56.35469922382672	319.0
56.36470005776174	319.0
56.374700891696754	316.0
56.38470172563177	316.0
56.394702559566795	316.0
56.40470339350181	316.0
56.41470422743683	316.0
56.424705061371846	316.0
56.43470589530686	316.0
56.44470672924188	319.0
56.4547075631769	319.0
56.46470839711192	319.0
56.47470923104694	319.0
56.484710064981954	316.0
56.49471089891697	316.0
56.50471173285199	312.0
56.51471256678701	312.0
56.52471340072203	316.0
56.534714234657045	319.0
56.54471506859206	327.0
56.55471590252708	334.0
56.5647167364621	447.0
56.57471757039712	436.0
56.584718404332136	421.0
56.59471923826715	384.0
56.60472007220217	371.0
56.61472090613719	323.0
56.62472174007221	316.0
56.63472257400723	312.0
56.644723407942244	308.0
56.65472424187726	312.0
56.66472507581228	312.0
56.674725909747295	316.0
56.68472674368232	316.0
56.694727577617336	316.0
56.70472841155235	316.0
56.71472924548737	316.0
56.724730079422386	316.0
56.7347309133574	327.0
56.74473174729243	327.0
56.754732581227444	447.0
56.76473341516246	447.0
56.77473424909748	447.0
56.784735083032494	447.0
56.79473591696751	447.0
56.804736750902535	436.0
56.81473758483755	431.0
56.82473841877257	436.0
56.834739252707585	0.0
56.8447400866426	0.0
56.85474092057762	0.0
56.86474175451264	0.0
56.87474258844766	0.0
56.88474342238268	0.0
56.89474425631769	0.0
56.90474509025271	0.0
56.914745924187734	0.0
56.92474675812275	0.0
56.93474759205777	0.0
56.944748425992785	0.0
56.9547492599278	0.0
56.96475009386282	0.0
56.97475092779784	0.0
56.98475176173286	281.0
56.994752595667876	0.0
57.00475342960289	0.0
57.01475426353791	0.0
57.02475509747293	0.0
57.03475593140795	0.0
57.04475676534297	0.0
57.054757599277984	0.0
57.064758433213	0.0
57.07475926714802	0.0
57.084760101083035	537.0
57.09476093501806	537.0
57.104761768953075	531.0
57.11476260288809	525.0
57.12476343682311	525.0
57.134764270758126	519.0
57.14476510469314	519.0
57.15476593862817	272.0
57.16476677256318	275.0
57.1747676064982	275.0
57.18476844043322	272.0
57.194769274368234	275.0
57.20477010830326	278.0
57.214770942238275	308.0
57.22477177617329	294.0
57.23477261010831	291.0
57.244773444043325	275.0
57.25477427797834	268.0
57.264775111913366	265.0
57.27477594584838	268.0
57.2847767797834	272.0
57.294777613718416	278.0
57.30477844765343	281.0
57.31477928158845	281.0
57.324780115523474	278.0
57.33478094945849	278.0
57.34478178339351	278.0
57.354782617328524	275.0
57.36478345126354	272.0
57.37478428519856	268.0
57.38478511913358	0.0
57.3947859530686	525.0
57.404786787003616	531.0
57.41478762093863	531.0
57.42478845487365	0.0
57.434789288808666	0.0
57.44479012274369	0.0
57.45479095667871	0.0
57.464791790613724	0.0
57.47479262454874	0.0
57.48479345848376	0.0
57.49479429241878	0.0
57.5047951263538	0.0
57.514795960288815	479.0
57.52479679422383	473.0
57.53479762815885	473.0
57.544798462093866	0.0
57.55479929602889	0.0
57.564800129963906	0.0
57.57480096389892	0.0
57.58480179783394	0.0
57.59480263176896	0.0
57.604803465703974	0.0
57.614804299639	0.0
57.624805133574014	0.0
57.63480596750903	0.0
57.64480680144405	0.0
57.654807635379065	0.0
57.66480846931408	0.0
57.674809303249106	0.0
57.68481013718412	0.0
57.69481097111914	0.0
57.704811805054156	0.0
57.71481263898917	0.0
57.72481347292419	0.0
57.734814306859214	0.0
57.74481514079423	0.0
57.75481597472925	0.0
57.764816808664264	0.0
57.77481764259928	0.0
57.784818476534305	0.0
57.79481931046932	0.0
57.80482014440434	0.0
57.814820978339355	0.0
57.82482181227437	0.0
57.83482264620939	0.0
57.84482348014441	0.0
57.85482431407943	0.0
57.86482514801445	0.0
57.87482598194946	0.0
57.88482681588448	0.0
57.8948276498195	0.0
57.90482848375452	0.0
57.91482931768954	0.0
57.924830151624555	0.0
57.93483098555957	0.0
57.94483181949459	0.0
57.954832653429605	0.0
57.96483348736463	0.0
57.974834321299646	0.0
57.98483515523466	0.0
57.99483598916968	0.0
58.0048368231047	0.0
58.01483765703971	0.0
58.02483849097474	0.0
58.034839324909754	0.0
58.04484015884477	0.0
58.05484099277979	0.0
58.064841826714805	0.0
58.07484266064982	0.0
58.084843494584845	0.0
58.09484432851986	0.0
58.10484516245488	0.0
58.114845996389896	0.0
58.12484683032491	0.0
58.13484766425994	0.0
58.14484849819495	0.0
58.15484933212997	0.0
58.16485016606499	0.0
58.174851000000004	0.0
58.18485183393502	0.0
58.194852667870045	0.0
58.20485350180506	0.0
58.21485433574008	0.0
58.224855169675095	0.0
58.23485600361011	0.0
58.24485683754513	0.0
58.25485767148015	0.0
58.26485850541517	0.0
58.274859339350186	0.0
58.2848601732852	0.0
58.29486100722022	0.0
58.30486184115524	0.0
58.31486267509026	0.0
58.32486350902528	0.0
58.334864342960294	0.0
58.34486517689531	0.0
58.35486601083033	0.0
58.364866844765345	0.0
58.37486767870037	0.0
58.384868512635386	0.0
58.3948693465704	0.0
58.40487018050542	0.0
58.414871014440436	0.0
58.42487184837546	0.0
58.43487268231048	0.0
58.444873516245494	0.0
58.45487435018051	0.0
58.46487518411553	0.0
58.474876018050544	0.0
58.48487685198557	0.0
58.494877685920585	0.0
58.5048785198556	0.0
58.51487935379062	0.0
58.524880187725635	0.0
58.53488102166065	0.0
58.544881855595676	0.0
58.55488268953069	0.0
58.56488352346571	0.0
58.57488435740073	0.0
58.584885191335744	0.0
58.59488602527076	0.0
58.604886859205784	0.0
58.6148876931408	0.0
58.62488852707582	0.0
58.634889361010835	0.0
58.64489019494585	0.0
58.65489102888087	0.0
58.66489186281589	0.0
58.67489269675091	0.0
58.684893530685926	0.0
58.69489436462094	0.0
58.70489519855596	0.0
58.714896032490984	0.0
58.724896866426	0.0
58.73489770036102	0.0
58.744898534296034	0.0
58.75489936823105	0.0
58.76490020216607	0.0
58.77490103610109	0.0
58.78490187003611	0.0
58.794902703971125	0.0
58.80490353790614	0.0
58.81490437184116	0.0
58.824905205776176	0.0
58.8349060397112	0.0
58.84490687364622	0.0
58.85490770758123	0.0
58.86490854151625	0.0
58.87490937545127	0.0
58.884910209386284	0.0
58.89491104332131	0.0
58.904911877256325	0.0
58.91491271119134	479.0
58.92491354512636	479.0
58.934914379061375	484.0
58.94491521299639	484.0
58.954916046931416	490.0
58.96491688086643	484.0
58.97491771480145	484.0
58.98491854873647	484.0
58.99491938267148	479.0
59.00492021660651	473.0
59.014921050541524	468.0
59.02492188447654	468.0
59.03492271841156	0.0
59.044923552346575	0.0
59.05492438628159	0.0
59.064925220216615	0.0
59.07492605415163	0.0
59.08492688808665	0.0
59.094927722021666	0.0
59.10492855595668	298.0
59.1149293898917	294.0
59.12493022382672	284.0
59.13493105776174	0.0
59.14493189169676	0.0
59.154932725631774	0.0
59.16493355956679	0.0
59.17493439350181	0.0
59.18493522743683	0.0
59.19493606137185	0.0
59.204936895306865	0.0
59.21493772924188	0.0
59.2249385631769	0.0
59.234939397111916	0.0
59.24494023104694	0.0
59.254941064981956	0.0
59.26494189891697	0.0
59.27494273285199	0.0
59.28494356678701	0.0
59.294944400722024	0.0
59.30494523465705	0.0
59.314946068592064	0.0
59.32494690252708	0.0
59.3349477364621	0.0
59.344948570397115	0.0
59.35494940433214	0.0
59.364950238267156	0.0
59.37495107220217	0.0
59.38495190613719	0.0
59.394952740072206	0.0
59.40495357400722	0.0
59.41495440794225	0.0
59.424955241877264	0.0
59.43495607581228	0.0
59.4449569097473	0.0
59.454957743682314	0.0
59.46495857761733	0.0
59.474959411552355	0.0
59.48496024548737	0.0
59.49496107942239	0.0
59.504961913357405	0.0
59.51496274729242	0.0
59.52496358122744	0.0
59.53496441516246	0.0
59.54496524909748	0.0
59.5549660830325	0.0
59.564966916967514	0.0
59.57496775090253	0.0
59.58496858483755	0.0
59.59496941877257	0.0
59.60497025270759	0.0
59.614971086642605	0.0
59.62497192057762	0.0
59.63497275451264	0.0
59.64497358844766	0.0
59.65497442238268	0.0
59.664975256317696	0.0
59.67497609025271	0.0
59.68497692418773	0.0
59.69497775812275	0.0
59.70497859205777	0.0
59.71497942599279	0.0
59.724980259927804	0.0
59.73498109386282	0.0
59.74498192779784	0.0
59.754982761732855	0.0
59.76498359566788	0.0
59.774984429602895	0.0
59.78498526353791	0.0
59.79498609747293	0.0
59.804986931407946	0.0
59.81498776534296	0.0
59.82498859927799	0.0
59.834989433213	0.0
59.84499026714802	0.0
59.85499110108304	0.0
59.864991935018054	0.0
59.87499276895307	0.0
59.884993602888095	0.0
59.89499443682311	0.0
59.90499527075813	0.0
59.914996104693145	0.0
59.92499693862816	0.0
59.934997772563186	0.0
59.9449986064982	0.0
59.95499944043322	0.0
59.965000274368236	0.0
59.97500110830325	0.0
59.98500194223827	0.0
59.995002776173294	0.0
60.00500361010831	0.0
60.01500444404333	0.0
60.025005277978345	0.0
60.03500611191336	0.0
60.04500694584838	0.0
60.0550077797834	0.0
60.06500861371842	0.0
60.075009447653436	0.0
60.08501028158845	0.0
60.09501111552347	0.0
60.105011949458486	0.0
60.11501278339351	0.0
60.12501361732853	0.0
60.135014451263544	0.0
60.14501528519856	0.0
60.15501611913358	0.0
60.165016953068594	0.0
60.17501778700362	0.0
60.185018620938635	0.0
60.19501945487365	0.0
60.20502028880867	0.0
60.215021122743686	0.0
60.22502195667871	0.0
60.235022790613726	0.0
60.24502362454874	0.0
60.25502445848376	0.0
60.26502529241878	0.0
60.275026126353794	0.0
60.28502696028882	0.0
60.295027794223834	0.0
60.30502862815885	0.0
60.31502946209387	0.0
60.325030296028885	0.0
60.3350311299639	0.0
60.345031963898926	0.0
60.35503279783394	0.0
60.36503363176896	0.0
60.375034465703976	0.0
60.38503529963899	0.0
60.39503613357401	0.0
60.405036967509034	0.0
60.41503780144405	0.0
60.42503863537907	0.0
60.435039469314084	0.0
60.4450403032491	0.0
60.45504113718412	0.0
60.46504197111914	0.0
60.47504280505416	0.0
60.485043638989175	0.0
60.49504447292419	0.0
60.50504530685921	0.0
60.515046140794226	0.0
60.52504697472925	0.0
60.53504780866427	0.0
60.54504864259928	0.0
60.5550494765343	0.0
60.56505031046932	0.0
60.57505114440434	0.0
60.58505197833936	0.0
60.595052812274375	0.0
60.60505364620939	0.0
60.61505448014441	0.0
60.625055314079425	0.0
60.63505614801445	0.0
60.645056981949466	0.0
60.65505781588448	0.0
60.6650586498195	0.0
60.67505948375452	0.0
60.68506031768953	0.0
60.69506115162456	0.0
60.705061985559574	0.0
60.71506281949459	0.0
60.72506365342961	0.0
60.735064487364625	0.0
60.74506532129964	0.0
60.755066155234665	0.0
60.76506698916968	0.0
60.7750678231047	0.0
60.785068657039716	0.0
60.79506949097473	0.0
60.80507032490975	0.0
60.81507115884477	0.0
60.82507199277979	0.0
60.83507282671481	0.0
60.845073660649824	0.0
60.85507449458484	0.0
60.865075328519865	0.0
60.87507616245488	0.0
60.8850769963899	0.0
60.895077830324915	0.0
60.90507866425993	0.0
60.91507949819495	0.0
60.92508033212997	0.0
60.93508116606499	0.0
60.945082000000006	0.0
60.95508283393502	0.0
60.96508366787004	0.0
60.97508450180506	0.0
60.98508533574008	0.0
60.9950861696751	0.0
61.005087003610114	0.0
61.01508783754513	0.0
61.02508867148015	0.0
61.035089505415165	0.0
61.04509033935019	0.0
61.055091173285206	0.0
61.06509200722022	0.0
61.07509284115524	0.0
61.085093675090256	0.0
61.09509450902527	0.0
61.1050953429603	0.0
61.115096176895314	0.0
61.12509701083033	0.0
61.13509784476535	0.0
61.145098678700364	0.0
61.15509951263539	0.0
61.165100346570405	0.0
61.17510118050542	0.0
61.18510201444044	0.0
61.195102848375456	0.0
61.20510368231047	0.0
61.215104516245496	0.0
61.22510535018051	0.0
61.23510618411553	0.0
61.24510701805055	0.0
61.255107851985564	0.0
61.26510868592058	0.0
61.275109519855604	0.0
61.28511035379062	0.0
61.29511118772564	0.0
61.305112021660655	0.0
61.31511285559567	0.0
61.32511368953069	0.0
61.33511452346571	0.0
61.34511535740073	0.0
61.355116191335746	0.0
61.36511702527076	0.0
61.37511785920578	0.0
61.3851186931408	0.0
61.39511952707582	0.0
61.40512036101084	0.0
61.415121194945854	0.0
61.42512202888087	0.0
61.43512286281589	0.0
61.44512369675091	0.0
61.45512453068593	0.0
61.465125364620945	0.0
61.47512619855596	0.0
61.48512703249098	0.0
61.495127866425996	0.0
61.50512870036102	0.0
61.51512953429604	0.0
61.52513036823105	0.0
61.53513120216607	0.0
61.54513203610109	0.0
61.555132870036104	0.0
61.56513370397113	0.0
61.575134537906145	0.0
61.58513537184116	0.0
61.59513620577618	0.0
61.605137039711195	0.0
61.61513787364621	0.0
61.625138707581236	0.0
61.63513954151625	0.0
61.64514037545127	0.0
61.65514120938629	0.0
61.6651420433213	0.0
61.67514287725632	0.0
61.685143711191344	0.0
61.69514454512636	0.0
61.70514537906138	0.0
61.715146212996395	0.0
61.72514704693141	0.0
61.73514788086643	0.0
61.74514871480145	0.0
61.75514954873647	0.0
61.765150382671486	0.0
61.7751512166065	0.0
61.78515205054152	0.0
61.79515288447654	0.0
61.80515371841156	0.0
61.81515455234658	0.0
61.825155386281594	0.0
61.83515622021661	0.0
61.84515705415163	0.0
61.85515788808665	0.0
61.86515872202167	0.0
61.875159555956685	563.0
61.8851603898917	556.0
61.89516122382672	550.0
61.905162057761736	544.0
61.91516289169676	537.0
61.925163725631776	537.0
61.93516455956679	537.0
61.94516539350181	537.0
61.95516622743683	537.0
61.965167061371844	544.0
61.97516789530687	550.0
61.985168729241884	556.0
61.9951695631769	563.0
62.00517039711192	569.0
62.015171231046935	0.0
62.02517206498195	301.0
62.035172898916976	305.0
62.04517373285199	308.0
62.05517456678701	308.0
62.065175400722026	312.0
62.07517623465704	312.0
62.08517706859207	316.0
62.095177902527084	316.0
62.1051787364621	316.0
62.11517957039712	319.0
62.125180404332134	319.0
62.13518123826715	319.0
62.145182072202175	319.0
62.15518290613719	319.0
62.16518374007221	319.0
62.175184574007226	319.0
62.18518540794224	319.0
62.19518624187726	319.0
62.20518707581228	319.0
62.2151879097473	319.0
62.22518874368232	319.0
62.235189577617334	319.0
62.24519041155235	319.0
62.25519124548737	316.0
62.26519207942239	316.0
62.27519291335741	316.0
62.285193747292425	316.0
62.29519458122744	319.0
62.30519541516246	319.0
62.315196249097475	319.0
62.3251970830325	319.0
62.335197916967516	319.0
62.34519875090253	319.0
62.35519958483755	319.0
62.36520041877257	319.0
62.37520125270759	319.0
62.38520208664261	319.0
62.395202920577624	319.0
62.40520375451264	316.0
62.41520458844766	316.0
62.425205422382675	316.0
62.4352062563177	316.0
62.445207090252715	316.0
62.45520792418773	316.0
62.46520875812275	316.0
62.475209592057766	316.0
62.48521042599278	316.0
62.49521125992781	316.0
62.50521209386282	316.0
62.51521292779784	316.0
62.52521376173286	316.0
62.535214595667874	316.0
62.54521542960289	316.0
62.555216263537915	316.0
62.56521709747293	312.0
62.57521793140795	312.0
62.585218765342965	312.0
62.59521959927798	312.0
62.605220433213	312.0
62.61522126714802	312.0
62.62522210108304	316.0
62.63522293501806	316.0
62.64522376895307	316.0
62.65522460288809	316.0
62.66522543682311	316.0
62.67522627075813	316.0
62.68522710469315	316.0
62.695227938628165	319.0
62.70522877256318	319.0
62.7152296064982	319.0
62.72523044043322	0.0
62.73523127436824	319.0
62.745232108303256	319.0
62.75523294223827	323.0
62.76523377617329	323.0
62.775234610108306	319.0
62.78523544404333	319.0
62.79523627797835	319.0
62.805237111913364	319.0
62.81523794584838	319.0
62.8252387797834	319.0
62.835239613718414	319.0
62.84524044765344	316.0
62.855241281588455	316.0
62.86524211552347	316.0
62.87524294945849	316.0
62.885243783393506	316.0
62.89524461732852	316.0
62.905245451263546	316.0
62.91524628519856	319.0
62.92524711913358	319.0
62.9352479530686	319.0
62.945248787003614	316.0
62.95524962093863	316.0
62.965250454873654	316.0
62.97525128880867	316.0
62.98525212274369	312.0
62.995252956678705	312.0
63.00525379061372	312.0
63.015254624548746	312.0
63.02525545848376	316.0
63.03525629241878	316.0
63.045257126353796	316.0
63.05525796028881	319.0
63.06525879422383	319.0
63.075259628158854	316.0
63.08526046209387	316.0
63.09526129602889	316.0
63.105262129963904	316.0
63.11526296389892	316.0
63.12526379783394	319.0
63.13526463176896	319.0
63.14526546570398	319.0
63.155266299638996	319.0
63.16526713357401	319.0
63.17526796750903	319.0
63.185268801444046	319.0
63.19526963537907	319.0
63.20527046931409	316.0
63.215271303249104	316.0
63.22527213718412	316.0
63.23527297111914	312.0
63.245273805054154	312.0
63.25527463898918	312.0
63.265275472924195	316.0
63.27527630685921	316.0
63.28527714079423	316.0
63.295277974729245	319.0
63.30527880866427	319.0
63.315279642599286	319.0
63.3252804765343	319.0
63.33528131046932	319.0
63.34528214440434	319.0
63.35528297833935	319.0
63.36528381227438	316.0
63.375284646209394	316.0
63.38528548014441	316.0
63.39528631407943	316.0
63.405287148014445	316.0
63.41528798194946	316.0
63.425288815884485	319.0
63.4352896498195	319.0
63.44529048375452	319.0
63.455291317689536	319.0
63.46529215162455	319.0
63.47529298555957	319.0
63.48529381949459	316.0
63.49529465342961	316.0
63.50529548736463	316.0
63.515296321299644	316.0
63.52529715523466	316.0
63.53529798916968	319.0
63.5452988231047	319.0
63.55529965703972	319.0
63.565300490974735	319.0
63.57530132490975	316.0
63.58530215884477	316.0
63.59530299277979	316.0
63.60530382671481	312.0
63.61530466064983	312.0
63.62530549458484	312.0
63.63530632851986	312.0
63.64530716245488	312.0
63.6553079963899	316.0
63.66530883032492	316.0
63.675309664259935	319.0
63.68531049819495	319.0
63.69531133212997	319.0
63.705312166064985	316.0
63.71531300000001	316.0
63.725313833935026	316.0
63.73531466787004	312.0
63.74531550180506	312.0
63.755316335740076	312.0
63.76531716967509	312.0
63.77531800361012	312.0
63.785318837545134	316.0
63.79531967148015	316.0
63.80532050541517	316.0
63.815321339350184	316.0
63.8253221732852	316.0
63.835323007220225	316.0
63.84532384115524	316.0
63.85532467509026	312.0
63.865325509025276	312.0
63.87532634296029	312.0
63.88532717689531	312.0
63.89532801083033	316.0
63.90532884476535	316.0
63.91532967870037	316.0
63.925330512635384	316.0
63.9353313465704	316.0
63.945332180505424	316.0
63.95533301444044	316.0
63.96533384837546	316.0
63.975334682310475	316.0
63.98533551624549	316.0
63.99533635018051	316.0
64.00533718411553	319.0
64.01533801805054	319.0
64.02533885198557	319.0
64.03533968592059	319.0
64.0453405198556	316.0
64.05534135379062	316.0
64.06534218772563	316.0
64.07534302166066	316.0
64.08534385559567	316.0
64.09534468953069	316.0
64.10534552346572	316.0
64.11534635740072	316.0
64.12534719133575	319.0
64.13534802527076	319.0
64.14534885920578	319.0
64.1553496931408	319.0
64.16535052707582	319.0
64.17535136101084	319.0
64.18535219494585	319.0
64.19535302888087	319.0
64.2053538628159	319.0
64.21535469675091	319.0
64.22535553068593	319.0
64.23535636462094	319.0
64.24535719855596	319.0
64.25535803249097	319.0
64.265358866426	319.0
64.27535970036102	319.0
64.28536053429603	319.0
64.29536136823106	319.0
64.30536220216607	319.0
64.31536303610109	316.0
64.32536387003611	316.0
64.33536470397112	312.0
64.34536553790615	312.0
64.35536637184116	312.0
64.36536720577618	308.0
64.37536803971119	308.0
64.38536887364621	308.0
64.39536970758124	312.0
64.40537054151625	316.0
64.41537137545127	316.0
64.42537220938628	316.0
64.4353730433213	316.0
64.44537387725633	316.0
64.45537471119134	316.0
64.46537554512636	316.0
64.47537637906137	316.0
64.4853772129964	316.0
64.4953780469314	316.0
64.50537888086643	0.0
64.51537971480145	0.0
64.52538054873646	0.0
64.53538138267149	0.0
64.5453822166065	0.0
64.55538305054152	0.0
64.56538388447655	281.0
64.57538471841156	275.0
64.58538555234658	265.0
64.59538638628159	262.0
64.60538722021661	262.0
64.61538805415164	272.0
64.62538888808665	284.0
64.63538972202167	298.0
64.64539055595668	316.0
64.6553913898917	327.0
64.66539222382671	363.0
64.67539305776174	363.0
64.68539389169676	305.0
64.69539472563177	284.0
64.7053955595668	275.0
64.7153963935018	268.0
64.72539722743683	259.0
64.73539806137185	256.0
64.74539889530686	259.0
64.75539972924189	268.0
64.7654005631769	278.0
64.77540139711192	281.0
64.78540223104693	281.0
64.79540306498195	278.0
64.80540389891698	268.0
64.81540473285199	262.0
64.82540556678701	253.0
64.83540640072202	248.0
64.84540723465705	248.0
64.85540806859207	250.0
64.86540890252708	256.0
64.8754097364621	262.0
64.88541057039711	265.0
64.89541140433214	262.0
64.90541223826716	259.0
64.91541307220217	250.0
64.9254139061372	242.0
64.9354147400722	223.0
64.94541557400723	218.0
64.95541640794224	220.0
64.96541724187726	228.0
64.97541807581229	236.0
64.9854189097473	245.0
64.99541974368232	250.0
65.00542057761733	253.0
65.01542141155235	250.0
65.02542224548738	213.0
65.03542307942239	203.0
65.04542391335741	199.0
65.05542474729242	199.0
65.06542558122744	201.0
65.07542641516245	206.0
65.08542724909748	213.0
65.0954280830325	218.0
65.10542891696751	223.0
65.11542975090254	223.0
65.12543058483755	223.0
65.13543141877257	218.0
65.1454322527076	201.0
65.1554330866426	196.0
65.16543392057763	192.0
65.17543475451264	192.0
65.18543558844766	192.0
65.19543642238268	196.0
65.2054372563177	206.0
65.21543809025272	208.0
65.22543892418773	206.0
65.23543975812275	201.0
65.24544059205776	187.0
65.25544142599279	181.0
65.26544225992781	173.0
65.27544309386282	171.0
65.28544392779784	179.0
65.29544476173285	181.0
65.30544559566788	192.0
65.3154464296029	199.0
65.32544726353791	203.0
65.33544809747293	206.0
65.34544893140794	208.0
65.35544976534297	194.0
65.36545059927798	165.0
65.375451433213	163.0
65.38545226714803	159.0
65.39545310108304	159.0
65.40545393501806	159.0
65.41545476895307	159.0
65.42545560288809	161.0
65.43545643682312	161.0
65.44545727075813	159.0
65.45545810469315	159.0
65.46545893862816	159.0
65.47545977256318	159.0
65.48546060649821	159.0
65.49546144043322	161.0
65.50546227436824	163.0
65.51546310830325	163.0
65.52546394223828	0.0
65.53546477617328	0.0
65.54546561010831	0.0
65.55546644404333	0.0
65.56546727797834	0.0
65.57546811191337	0.0
65.58546894584838	0.0
65.5954697797834	165.0
65.60547061371842	165.0
65.61547144765343	0.0
65.62547228158846	183.0
65.63547311552347	187.0
65.64547394945849	192.0
65.6554747833935	196.0
65.66547561732853	199.0
65.67547645126355	196.0
65.68547728519856	194.0
65.69547811913358	190.0
65.70547895306859	185.0
65.71547978700362	185.0
65.72548062093864	187.0
65.73548145487365	194.0
65.74548228880867	203.0
65.75548312274368	253.0
65.76548395667871	259.0
65.77548479061373	259.0
65.78548562454874	259.0
65.79548645848377	253.0
65.80548729241877	248.0
65.8154881263538	248.0
65.82548896028881	0.0
65.83548979422383	183.0
65.84549062815886	190.0
65.85549146209387	199.0
65.86549229602889	226.0
65.8754931299639	236.0
65.88549396389892	242.0
65.89549479783395	245.0
65.90549563176896	248.0
65.91549646570398	248.0
65.92549729963899	245.0
65.93549813357401	236.0
65.94549896750902	256.0
65.95549980144405	262.0
65.96550063537907	272.0
65.97550146931408	308.0
65.9855023032491	316.0
65.99550313718412	319.0
66.00550397111914	316.0
66.01550480505416	305.0
66.02550563898917	288.0
66.0355064729242	256.0
66.04550730685921	253.0
66.05550814079423	259.0
66.06550897472925	268.0
66.07550980866426	278.0
66.08551064259929	291.0
66.0955114765343	301.0
66.10551231046932	308.0
66.11551314440433	308.0
66.12551397833936	308.0
66.13551481227438	308.0
66.14551564620939	305.0
66.15551648014441	305.0
66.16551731407942	305.0
66.17551814801445	305.0
66.18551898194947	308.0
66.19551981588448	312.0
66.2055206498195	316.0
66.21552148375451	316.0
66.22552231768954	319.0
66.23552315162455	319.0
66.24552398555957	319.0
66.2555248194946	316.0
66.2655256534296	316.0
66.27552648736463	316.0
66.28552732129964	316.0
66.29552815523466	316.0
66.30552898916969	316.0
66.3155298231047	316.0
66.32553065703972	319.0
66.33553149097473	319.0
66.34553232490975	319.0
66.35553315884478	319.0
66.36553399277979	319.0
66.37553482671481	319.0
66.38553566064982	319.0
66.39553649458485	316.0
66.40553732851986	316.0
66.41553816245488	316.0
66.4255389963899	316.0
66.43553983032491	316.0
66.44554066425994	316.0
66.45554149819495	316.0
66.46554233212997	316.0
66.475543166065	316.0
66.485544	316.0
66.49554483393503	316.0
66.50554566787004	312.0
66.51554650180506	305.0
66.52554733574007	294.0
66.5355481696751	281.0
66.54554900361012	275.0
66.55554983754513	272.0
66.56555067148015	301.0
66.57555150541516	305.0
66.58555233935019	312.0
66.59555317328521	316.0
66.60555400722022	308.0
66.61555484115524	272.0
66.62555567509025	272.0
66.63555650902528	275.0
66.6455573429603	0.0
66.65555817689531	0.0
66.66555901083034	0.0
66.67555984476535	0.0
66.68556067870037	0.0
66.69556151263538	0.0
66.7055623465704	0.0
66.71556318050543	0.0
66.72556401444044	0.0
66.73556484837546	0.0
66.74556568231047	0.0
66.7555665162455	0.0
66.76556735018052	0.0
66.77556818411553	0.0
66.78556901805055	0.0
66.79556985198556	0.0
66.80557068592059	0.0
66.8155715198556	358.0
66.82557235379062	358.0
66.83557318772564	358.0
66.84557402166065	358.0
66.85557485559568	354.0
66.86557568953069	354.0
66.87557652346571	323.0
66.88557735740073	319.0
66.89557819133574	319.0
66.90557902527077	319.0
66.91557985920578	319.0
66.9255806931408	316.0
66.93558152707581	316.0
66.94558236101084	316.0
66.95558319494586	316.0
66.96558402888087	316.0
66.9755848628159	316.0
66.9855856967509	319.0
66.99558653068593	358.0
67.00558736462095	354.0
67.01558819855596	354.0
67.02558903249098	0.0
67.035589866426	0.0
67.04559070036102	0.0
67.05559153429604	0.0
67.06559236823105	0.0
67.07559320216608	0.0
67.08559403610109	0.0
67.09559487003611	0.0
67.10559570397112	0.0
67.11559653790614	0.0
67.12559737184117	0.0
67.13559820577618	0.0
67.1455990397112	0.0
67.15559987364621	0.0
67.16560070758123	0.0
67.17560154151626	0.0
67.18560237545127	0.0
67.19560320938629	0.0
67.2056040433213	0.0
67.21560487725633	0.0
67.22560571119133	0.0
67.23560654512636	0.0
67.24560737906138	0.0
67.25560821299639	0.0
67.26560904693142	0.0
67.27560988086643	0.0
67.28561071480145	0.0
67.29561154873647	0.0
67.30561238267148	0.0
67.31561321660651	0.0
67.32561405054152	0.0
67.33561488447654	0.0
67.34561571841157	0.0
67.35561655234658	0.0
67.3656173862816	0.0
67.37561822021661	0.0
67.38561905415163	0.0
67.39561988808664	0.0
67.40562072202167	0.0
67.41562155595669	0.0
67.4256223898917	0.0
67.43562322382672	0.0
67.44562405776173	0.0
67.45562489169676	0.0
67.46562572563178	0.0
67.47562655956679	0.0
67.48562739350182	0.0
67.49562822743682	0.0
67.50562906137185	0.0
67.51562989530686	0.0
67.52563072924188	0.0
67.5356315631769	0.0
67.54563239711192	0.0
67.55563323104694	0.0
67.56563406498195	0.0
67.57563489891697	0.0
67.585635732852	0.0
67.59563656678701	0.0
67.60563740072203	0.0
67.61563823465704	0.0
67.62563906859206	0.0
67.63563990252709	0.0
67.6456407364621	0.0
67.65564157039712	0.0
67.66564240433213	0.0
67.67564323826716	0.0
67.68564407220217	0.0
67.69564490613719	0.0
67.70564574007221	0.0
67.71564657400722	0.0
67.72564740794225	0.0
67.73564824187726	0.0
67.74564907581228	0.0
67.7556499097473	0.0
67.76565074368231	0.0
67.77565157761734	0.0
67.78565241155235	0.0
67.79565324548737	0.0
67.80565407942238	0.0
67.8156549133574	0.0
67.82565574729243	0.0
67.83565658122744	0.0
67.84565741516246	0.0
67.85565824909747	0.0
67.8656590830325	0.0
67.87565991696752	0.0
67.88566075090253	0.0
67.89566158483755	0.0
67.90566241877256	0.0
67.91566325270759	0.0
67.92566408664261	0.0
67.93566492057762	0.0
67.94566575451265	0.0
67.95566658844766	0.0
67.96566742238268	0.0
67.97566825631769	0.0
67.98566909025271	0.0
67.99566992418774	0.0
68.00567075812275	0.0
68.01567159205777	0.0
68.02567242599278	576.0
68.0356732599278	569.0
68.04567409386283	563.0
68.05567492779784	563.0
68.06567576173286	556.0
68.07567659566787	550.0
68.0856774296029	544.0
68.0956782635379	537.0
68.10567909747293	531.0
68.11567993140795	531.0
68.12568076534296	531.0
68.13568159927799	531.0
68.145682433213	531.0
68.15568326714802	531.0
68.16568410108304	531.0
68.17568493501805	531.0
68.18568576895308	531.0
68.19568660288809	531.0
68.20568743682311	531.0
68.21568827075814	531.0
68.22568910469315	0.0
68.23568993862817	0.0
68.24569077256318	0.0
68.2556916064982	0.0
68.26569244043321	0.0
68.27569327436824	0.0
68.28569410830326	0.0
68.29569494223827	0.0
68.3056957761733	0.0
68.3156966101083	0.0
68.32569744404333	0.0
68.33569827797835	0.0
68.34569911191336	0.0
68.35569994584839	0.0
68.3657007797834	0.0
68.37570161371842	0.0
68.38570244765343	0.0
68.39570328158845	0.0
68.40570411552348	0.0
68.41570494945849	0.0
68.42570578339351	0.0
68.43570661732852	0.0
68.44570745126354	0.0
68.45570828519857	0.0
68.46570911913358	0.0
68.4757099530686	0.0
68.48571078700361	0.0
68.49571162093864	0.0
68.50571245487366	0.0
68.51571328880867	0.0
68.5257141227437	0.0
68.5357149566787	0.0
68.54571579061373	0.0
68.55571662454874	0.0
68.56571745848376	0.0
68.57571829241878	0.0
68.5857191263538	0.0
68.59571996028882	0.0
68.60572079422383	0.0
68.61572162815885	0.0
68.62572246209388	0.0
68.63572329602889	0.0
68.64572412996391	0.0
68.65572496389892	0.0
68.66572579783394	0.0
68.67572663176895	0.0
68.68572746570398	0.0
68.695728299639	0.0
68.70572913357401	0.0
68.71572996750903	0.0
68.72573080144404	0.0
68.73573163537907	0.0
68.74573246931409	0.0
68.7557333032491	0.0
68.76573413718413	0.0
68.77573497111914	0.0
68.78573580505416	0.0
68.79573663898918	0.0
68.80573747292419	0.0
68.81573830685922	0.0
68.82573914079423	0.0
68.83573997472925	0.0
68.84574080866426	0.0
68.85574164259928	0.0
68.86574247653431	0.0
68.87574331046932	0.0
68.88574414440434	0.0
68.89574497833935	0.0
68.90574581227438	0.0
68.9157466462094	0.0
68.92574748014441	0.0
68.93574831407943	0.0
68.94574914801444	0.0
68.95574998194947	0.0
68.96575081588448	0.0
68.9757516498195	0.0
68.98575248375452	0.0
68.99575331768953	0.0
69.00575415162456	0.0
69.01575498555957	0.0
69.02575581949459	0.0
69.03575665342962	0.0
69.04575748736463	0.0
69.05575832129965	0.0
69.06575915523466	0.0
69.07575998916968	0.0
69.08576082310469	0.0
69.09576165703972	0.0
69.10576249097474	0.0
69.11576332490975	0.0
69.12576415884477	0.0
69.13576499277978	0.0
69.14576582671481	0.0
69.15576666064983	0.0
69.16576749458484	0.0
69.17576832851987	0.0
69.18576916245487	0.0
69.1957699963899	0.0
69.20577083032492	0.0
69.21577166425993	0.0
69.22577249819496	0.0
69.23577333212997	0.0
69.24577416606499	0.0
69.255775	0.0
69.26577583393502	0.0
69.27577666787005	0.0
69.28577750180506	248.0
69.29577833574008	245.0
69.30577916967509	242.0
69.31578000361012	236.0
69.32578083754514	234.0
69.33578167148015	234.0
69.34578250541517	234.0
69.35578333935018	234.0
69.3657841732852	234.0
69.37578500722022	234.0
69.38578584115524	231.0
69.39578667509026	228.0
69.40578750902527	223.0
69.4157883429603	215.0
69.42578917689531	208.0
69.43579001083033	203.0
69.44579084476536	203.0
69.45579167870036	203.0
69.46579251263539	284.0
69.4757933465704	301.0
69.48579418050542	312.0
69.49579501444045	308.0
69.50579584837546	301.0
69.51579668231048	291.0
69.52579751624549	281.0
69.53579835018051	272.0
69.54579918411552	262.0
69.55580001805055	253.0
69.56580085198557	250.0
69.57580168592058	250.0
69.5858025198556	256.0
69.59580335379061	268.0
69.60580418772564	281.0
69.61580502166066	301.0
69.62580585559567	312.0
69.6358066895307	316.0
69.6458075234657	312.0
69.65580835740073	308.0
69.66580919133574	294.0
69.67581002527076	278.0
69.68581085920579	259.0
69.6958116931408	250.0
69.70581252707582	245.0
69.71581336101083	242.0
69.72581419494585	242.0
69.73581502888088	248.0
69.74581586281589	259.0
69.75581669675091	272.0
69.76581753068592	281.0
69.77581836462095	291.0
69.78581919855597	298.0
69.79582003249098	305.0
69.805820866426	308.0
69.81582170036101	312.0
69.82582253429604	316.0
69.83582336823105	316.0
69.84582420216607	316.0
69.8558250361011	319.0
69.8658258700361	319.0
69.87582670397113	319.0
69.88582753790614	319.0
69.89582837184116	319.0
69.90582920577619	319.0
69.9158300397112	316.0
69.92583087364622	316.0
69.93583170758123	316.0
69.94583254151625	316.0
69.95583337545126	316.0
69.96583420938629	316.0
69.97583504332131	316.0
69.98583587725632	316.0
69.99583671119134	312.0
70.00583754512635	312.0
70.01583837906138	312.0
70.0258392129964	312.0
70.03584004693141	312.0
70.04584088086644	312.0
70.05584171480145	312.0
70.06584254873647	312.0
70.0758433826715	312.0
70.0858442166065	312.0
70.09584505054153	316.0
70.10584588447654	316.0
70.11584671841156	316.0
70.12584755234657	316.0
70.1358483862816	316.0
70.14584922021662	316.0
70.15585005415163	316.0
70.16585088808665	316.0
70.17585172202166	316.0
70.18585255595669	316.0
70.19585338989171	316.0
70.20585422382672	316.0
70.21585505776174	316.0
70.22585589169675	316.0
70.23585672563178	316.0
70.24585755956679	316.0
70.25585839350181	316.0
70.26585922743683	316.0
70.27586006137184	316.0
70.28586089530687	316.0
70.29586172924188	316.0
70.3058625631769	316.0
70.31586339711193	316.0
70.32586423104694	316.0
70.33586506498196	316.0
70.34586589891697	316.0
70.355866732852	316.0
70.36586756678702	316.0
70.37586840072203	316.0
70.38586923465705	316.0
70.39587006859206	316.0
70.40587090252708	316.0
70.4158717364621	316.0
70.42587257039712	316.0
70.43587340433214	316.0
70.44587423826715	316.0
70.45587507220218	316.0
70.46587590613719	316.0
70.47587674007221	316.0
70.48587757400723	316.0
70.49587840794224	316.0
70.50587924187727	316.0
70.51588007581228	316.0
70.5258809097473	316.0
70.53588174368231	316.0
70.54588257761733	316.0
70.55588341155236	312.0
70.56588424548737	312.0
70.57588507942239	316.0
70.5858859133574	316.0
70.59588674729243	316.0
70.60588758122745	316.0
70.61588841516246	319.0
70.62588924909748	319.0
70.63589008303249	319.0
70.64589091696752	319.0
70.65589175090254	316.0
70.66589258483755	316.0
70.67589341877257	316.0
70.68589425270758	316.0
70.69589508664261	312.0
70.70589592057762	316.0
70.71589675451264	316.0
70.72589758844767	316.0
70.73589842238268	316.0
70.7458992563177	319.0
70.75590009025271	319.0
70.76590092418773	316.0
70.77590175812276	316.0
70.78590259205777	316.0
70.79590342599279	312.0
70.8059042599278	312.0
70.81590509386282	312.0
70.82590592779783	316.0
70.83590676173286	316.0
70.84590759566788	316.0
70.85590842960289	316.0
70.86590926353792	316.0
70.87591009747293	316.0
70.88591093140795	316.0
70.89591176534297	316.0
70.90591259927798	316.0
70.915913433213	316.0
70.92591426714802	312.0
70.93591510108304	312.0
70.94591593501806	312.0
70.95591676895307	312.0
70.9659176028881	312.0
70.97591843682311	316.0
70.98591927075813	316.0
70.99592010469314	316.0
71.00592093862817	316.0
71.01592177256319	316.0
71.0259226064982	312.0
71.03592344043322	312.0
71.04592427436823	312.0
71.05592510830326	312.0
71.06592594223828	312.0
71.07592677617329	316.0
71.08592761010831	316.0
71.09592844404332	316.0
71.10592927797835	316.0
71.11593011191336	316.0
71.12593094584838	316.0
71.1359317797834	316.0
71.14593261371841	316.0
71.15593344765344	316.0
71.16593428158845	316.0
71.17593511552347	316.0
71.1859359494585	316.0
71.1959367833935	316.0
71.20593761732853	316.0
71.21593845126354	316.0
71.22593928519856	316.0
71.23594011913359	316.0
71.2459409530686	316.0
71.25594178700362	316.0
71.26594262093863	316.0
71.27594345487366	312.0
71.28594428880866	312.0
71.29594512274369	312.0
71.30594595667871	312.0
71.31594679061372	312.0
71.32594762454875	312.0
71.33594845848376	312.0
71.34594929241878	312.0
71.3559501263538	312.0
71.36595096028881	312.0
71.37595179422384	316.0
71.38595262815885	316.0
71.39595346209387	316.0
71.40595429602888	316.0
71.4159551299639	316.0
71.42595596389893	316.0
71.43595679783394	316.0
71.44595763176896	316.0
71.45595846570397	316.0
71.465959299639	316.0
71.47596013357402	316.0
71.48596096750903	316.0
71.49596180144405	316.0
71.50596263537906	316.0
71.51596346931409	316.0
71.5259643032491	316.0
71.53596513718412	316.0
71.54596597111914	316.0
71.55596680505415	316.0
71.56596763898918	312.0
71.57596847292419	312.0
71.58596930685921	312.0
71.59597014079424	308.0
71.60597097472925	305.0
71.61597180866427	298.0
71.62597264259928	298.0
71.6359734765343	301.0
71.64597431046933	305.0
71.65597514440434	305.0
71.66597597833936	308.0
71.67597681227437	308.0
71.6859776462094	308.0
71.6959784801444	308.0
71.70597931407943	312.0
71.71598014801445	312.0
71.72598098194946	316.0
71.73598181588449	316.0
71.7459826498195	319.0
71.75598348375452	319.0
71.76598431768954	319.0
71.77598515162455	319.0
71.78598598555958	319.0
71.79598681949459	319.0
71.80598765342961	319.0
71.81598848736462	319.0
71.82598932129964	319.0
71.83599015523467	319.0
71.84599098916968	316.0
71.8559918231047	316.0
71.86599265703971	312.0
71.87599349097474	308.0
71.88599432490976	294.0
71.89599515884477	288.0
71.9059959927798	275.0
71.9159968267148	265.0
71.92599766064983	265.0
71.93599849458485	272.0
71.94599932851986	323.0
71.95600016245488	342.0
71.9660009963899	354.0
71.97600183032492	350.0
71.98600266425993	338.0
71.99600349819495	308.0
72.00600433212998	298.0
72.01600516606499	291.0
72.02600600000001	262.0
72.03600683393502	259.0
72.04600766787004	262.0
72.05600850180507	268.0
72.06600933574008	281.0
72.0760101696751	291.0
72.08601100361011	298.0
72.09601183754513	298.0
72.10601267148014	298.0
72.11601350541517	288.0
72.12601433935019	281.0
72.1360151732852	272.0
72.14601600722023	265.0
72.15601684115524	265.0
72.16601767509026	268.0
72.17601850902528	275.0
72.1860193429603	281.0
72.19602017689532	281.0
72.20602101083033	281.0
72.21602184476535	272.0
72.22602267870037	265.0
72.23602351263538	256.0
72.24602434657041	245.0
72.25602518050542	239.0
72.26602601444044	234.0
72.27602684837545	231.0
72.28602768231048	236.0
72.2960285162455	242.0
72.30602935018051	245.0
72.31603018411553	245.0
72.32603101805054	245.0
72.33603185198557	239.0
72.34603268592059	231.0
72.3560335198556	231.0
72.36603435379062	231.0
72.37603518772563	236.0
72.38603602166066	239.0
72.39603685559567	248.0
72.40603768953069	262.0
72.41603852346572	278.0
72.42603935740073	291.0
72.43604019133575	301.0
72.44604102527076	305.0
72.45604185920578	308.0
72.4660426931408	308.0
72.47604352707582	308.0
72.48604436101084	305.0
72.49604519494585	294.0
72.50604602888087	288.0
72.5160468628159	281.0
72.52604769675091	272.0
72.53604853068593	268.0
72.54604936462094	265.0
72.55605019855597	262.0
72.56605103249098	259.0
72.576051866426	259.0
72.58605270036102	259.0
72.59605353429603	265.0
72.60605436823106	275.0
72.61605520216607	284.0
72.62605603610109	291.0
72.63605687003611	301.0
72.64605770397112	308.0
72.65605853790615	312.0
72.66605937184116	316.0
72.67606020577618	316.0
72.68606103971119	316.0
72.69606187364622	316.0
72.70606270758124	308.0
72.71606354151625	301.0
72.72606437545127	294.0
72.73606520938628	288.0
72.7460660433213	281.0
72.75606687725633	275.0
72.76606771119134	272.0
72.77606854512636	268.0
72.78606937906137	268.0
72.7960702129964	265.0
72.80607104693142	268.0
72.81607188086643	265.0
72.82607271480146	268.0
72.83607354873646	262.0
72.84607438267149	259.0
72.8560752166065	259.0
72.86607605054152	259.0
72.87607688447655	259.0
72.88607771841156	259.0
72.89607855234658	256.0
72.90607938628159	0.0
72.91608022021661	0.0
72.92608105415164	0.0
72.93608188808665	0.0
72.94608272202167	0.0
72.95608355595668	0.0
72.9660843898917	0.0
72.97608522382671	0.0
72.98608605776174	0.0
72.99608689169676	0.0
73.00608772563177	0.0
73.0160885595668	0.0
73.0260893935018	0.0
73.03609022743683	0.0
73.04609106137185	0.0
73.05609189530686	0.0
73.06609272924189	0.0
73.0760935631769	0.0
73.08609439711192	0.0
73.09609523104695	0.0
73.10609606498195	0.0
73.11609689891698	0.0
73.12609773285199	0.0
73.13609856678701	0.0
73.14609940072202	0.0
73.15610023465705	0.0
73.16610106859207	0.0
73.17610190252708	0.0
73.1861027364621	0.0
73.19610357039711	0.0
73.20610440433214	0.0
73.21610523826716	0.0
73.22610607220217	0.0
73.2361069061372	0.0
73.2461077400722	0.0
73.25610857400723	0.0
73.26610940794224	0.0
73.27611024187726	0.0
73.28611107581229	0.0
73.2961119097473	0.0
73.30611274368232	0.0
73.31611357761733	0.0
73.32611441155235	0.0
73.33611524548738	0.0
73.34611607942239	0.0
73.35611691335741	0.0
73.36611774729242	0.0
73.37611858122744	0.0
73.38611941516247	0.0
73.39612024909748	0.0
73.4061210830325	0.0
73.41612191696751	0.0
73.42612275090254	0.0
73.43612358483755	0.0
73.44612441877257	0.0
73.4561252527076	0.0
73.4661260866426	0.0
73.47612692057763	0.0
73.48612775451264	0.0
73.49612858844766	0.0
73.50612942238268	0.0
73.5161302563177	0.0
73.52613109025272	0.0
73.53613192418773	0.0
73.54613275812275	0.0
73.55613359205776	0.0
73.56613442599279	0.0
73.57613525992781	0.0
73.58613609386282	0.0
73.59613692779784	0.0
73.60613776173285	0.0
73.61613859566788	0.0
73.6261394296029	0.0
73.63614026353791	0.0
73.64614109747293	0.0
73.65614193140794	0.0
73.66614276534297	0.0
73.67614359927799	0.0
73.686144433213	0.0
73.69614526714803	0.0
73.70614610108304	0.0
73.71614693501806	0.0
73.72614776895307	0.0
73.7361486028881	0.0
73.74614943682312	0.0
73.75615027075813	0.0
73.76615110469315	0.0
73.77615193862816	0.0
73.78615277256318	0.0
73.79615360649821	0.0
73.80615444043322	0.0
73.81615527436824	0.0
73.82615610830325	0.0
73.83615694223828	0.0
73.84615777617329	0.0
73.85615861010831	0.0
73.86615944404333	0.0
73.87616027797834	0.0
73.88616111191337	0.0
73.89616194584838	0.0
73.9061627797834	0.0
73.91616361371842	0.0
73.92616444765343	0.0
73.93616528158846	0.0
73.94616611552347	0.0
73.95616694945849	0.0
73.9661677833935	0.0
73.97616861732853	0.0
73.98616945126355	0.0
73.99617028519856	0.0
74.00617111913358	0.0
74.01617195306859	0.0
74.02617278700362	0.0
74.03617362093864	0.0
74.04617445487365	0.0
74.05617528880867	0.0
74.06617612274368	0.0
74.07617695667871	0.0
74.08617779061373	0.0
74.09617862454874	0.0
74.10617945848377	0.0
74.11618029241878	0.0
74.1261811263538	0.0
74.13618196028881	0.0
74.14618279422383	0.0
74.15618362815886	0.0
74.16618446209387	0.0
74.17618529602889	0.0
74.1861861299639	0.0
74.19618696389892	0.0
74.20618779783395	0.0
74.21618863176896	0.0
74.22618946570398	0.0
74.23619029963899	0.0
74.24619113357402	0.0
74.25619196750903	0.0
74.26619280144405	0.0
74.27619363537907	0.0
74.28619446931408	0.0
74.2961953032491	0.0
74.30619613718412	0.0
74.31619697111914	0.0
74.32619780505416	0.0
74.33619863898917	0.0
74.3461994729242	0.0
74.35620030685921	0.0
74.36620114079423	0.0
74.37620197472926	0.0
74.38620280866427	0.0
74.39620364259929	0.0
74.4062044765343	0.0
74.41620531046932	0.0
74.42620614440433	0.0
74.43620697833936	0.0
74.44620781227438	0.0
74.45620864620939	0.0
74.46620948014441	0.0
74.47621031407942	0.0
74.48621114801445	0.0
74.49621198194947	0.0
74.50621281588448	0.0
74.5162136498195	0.0
74.52621448375452	0.0
74.53621531768954	0.0
74.54621615162455	0.0
74.55621698555957	0.0
74.5662178194946	0.0
74.5762186534296	0.0
74.58621948736463	0.0
74.59622032129964	0.0
74.60622115523466	0.0
74.61622198916969	0.0
74.6262228231047	0.0
74.63622365703972	0.0
74.64622449097473	0.0
74.65622532490976	0.0
74.66622615884478	0.0
74.67622699277979	0.0
74.68622782671481	0.0
74.69622866064982	0.0
74.70622949458485	0.0
74.71623032851986	0.0
74.72623116245488	0.0
74.7362319963899	0.0
74.74623283032491	0.0
74.75623366425994	0.0
74.76623449819495	0.0
74.77623533212997	0.0
74.786236166065	0.0
74.796237	0.0
74.80623783393503	0.0
74.81623866787004	0.0
74.82623950180506	0.0
74.83624033574007	0.0
74.8462411696751	0.0
74.85624200361012	0.0
74.86624283754513	0.0
74.87624367148015	0.0
74.88624450541516	0.0
74.89624533935019	0.0
74.90624617328521	0.0
74.91624700722022	0.0
74.92624784115525	0.0
74.93624867509025	0.0
74.94624950902528	0.0
74.9562503429603	0.0
74.96625117689531	0.0
74.97625201083034	0.0
74.98625284476535	0.0
74.99625367870037	0.0
75.00625451263538	0.0
75.0162553465704	0.0
75.02625618050543	0.0
75.03625701444044	0.0
75.04625784837546	0.0
75.05625868231047	0.0
75.0662595162455	0.0
75.07626035018052	0.0
75.08626118411553	0.0
75.09626201805055	0.0
75.10626285198556	0.0
75.11626368592059	0.0
75.1262645198556	0.0
75.13626535379062	0.0
75.14626618772564	0.0
75.15626702166065	0.0
75.16626785559568	0.0
75.17626868953069	0.0
75.18626952346571	0.0
75.19627035740073	0.0
75.20627119133574	0.0
75.21627202527077	0.0
75.22627285920578	0.0
75.2362736931408	0.0
75.24627452707583	0.0
75.25627536101084	0.0
75.26627619494586	0.0
75.27627702888087	0.0
75.2862778628159	0.0
75.2962786967509	0.0
75.30627953068593	0.0
75.31628036462095	0.0
75.32628119855596	0.0
75.33628203249098	0.0
75.346282866426	0.0
75.35628370036102	0.0
75.36628453429604	0.0
75.37628536823105	0.0
75.38628620216608	0.0
75.39628703610109	0.0
75.40628787003611	0.0
75.41628870397112	0.0
75.42628953790614	0.0
75.43629037184117	0.0
75.44629120577618	0.0
75.4562920397112	0.0
75.46629287364621	0.0
75.47629370758123	0.0
75.48629454151626	0.0
75.49629537545127	0.0
75.50629620938629	0.0
75.5162970433213	0.0
75.52629787725633	0.0
75.53629871119135	0.0
75.54629954512636	0.0
75.55630037906138	0.0
75.5663012129964	0.0
75.57630204693142	0.0
75.58630288086643	0.0
75.59630371480145	0.0
75.60630454873647	0.0
75.61630538267148	0.0
75.62630621660651	0.0
75.63630705054152	0.0
75.64630788447654	0.0
75.65630871841157	0.0
75.66630955234658	0.0
75.6763103862816	0.0
75.68631122021661	0.0
75.69631205415163	0.0
75.70631288808664	0.0
75.71631372202167	0.0
75.72631455595669	0.0
75.7363153898917	0.0
75.74631622382672	569.0
75.75631705776173	569.0
75.76631789169676	569.0
75.77631872563178	569.0
75.78631955956679	563.0
75.79632039350182	563.0
75.80632122743683	556.0
75.81632206137185	556.0
75.82632289530687	556.0
75.83632372924188	550.0
75.8463245631769	537.0
75.85632539711192	531.0
75.86632623104694	525.0
75.87632706498195	519.0
75.88632789891697	519.0
75.896328732852	496.0
75.90632956678701	490.0
75.91633040072203	490.0
75.92633123465704	484.0
75.93633206859207	479.0
75.94633290252709	479.0
75.9563337364621	479.0
75.96633457039712	473.0
75.97633540433213	473.0
75.98633623826716	479.0
75.99633707220217	473.0
76.00633790613719	473.0
76.01633874007221	473.0
76.02633957400722	473.0
76.03634040794225	473.0
76.04634124187726	473.0
76.05634207581228	479.0
76.0663429097473	479.0
76.07634374368232	473.0
76.08634457761734	473.0
76.09634541155235	473.0
76.10634624548737	473.0
76.11634707942238	473.0
76.1263479133574	479.0
76.13634874729243	490.0
76.14634958122744	501.0
76.15635041516246	513.0
76.16635124909747	525.0
76.1763520830325	531.0
76.18635291696752	0.0
76.19635375090253	639.0
76.20635458483756	639.0
76.21635541877257	639.0
76.22635625270759	624.0
76.23635708664261	610.0
76.24635792057762	596.0
76.25635875451265	596.0
76.26635958844766	589.0
76.27636042238268	589.0
76.28636125631769	537.0
76.29636209025271	531.0
76.30636292418774	531.0
76.31636375812275	531.0
76.32636459205777	531.0
76.33636542599278	537.0
76.3463662599278	537.0
76.35636709386283	589.0
76.36636792779784	596.0
76.37636876173286	596.0
76.38636959566787	603.0
76.3963704296029	603.0
76.4063712635379	603.0
76.41637209747293	603.0
76.42637293140795	603.0
76.43637376534296	603.0
76.44637459927799	603.0
76.456375433213	537.0
76.46637626714802	537.0
76.47637710108305	537.0
76.48637793501806	537.0
76.49637876895308	537.0
76.50637960288809	537.0
76.51638043682311	537.0
76.52638127075814	0.0
76.53638210469315	0.0
76.54638293862817	0.0
76.55638377256318	0.0
76.5663846064982	0.0
76.57638544043321	0.0
76.58638627436824	0.0
76.59638710830326	0.0
76.60638794223827	0.0
76.6163887761733	0.0
76.6263896101083	0.0
76.63639044404333	0.0
76.64639127797835	0.0
76.65639211191336	0.0
76.66639294584839	0.0
76.6763937797834	0.0
76.68639461371842	0.0
76.69639544765343	0.0
76.70639628158845	0.0
76.71639711552348	0.0
76.72639794945849	0.0
76.73639878339351	0.0
76.74639961732852	0.0
76.75640045126354	0.0
76.76640128519857	0.0
76.77640211913358	0.0
76.7864029530686	0.0
76.79640378700361	0.0
76.80640462093864	0.0
76.81640545487366	0.0
76.82640628880867	0.0
76.8364071227437	0.0
76.8464079566787	0.0
76.85640879061373	0.0
76.86640962454874	0.0
76.87641045848376	0.0
76.88641129241879	0.0
76.8964121263538	0.0
76.90641296028882	0.0
76.91641379422383	0.0
76.92641462815885	0.0
76.93641546209388	0.0
76.94641629602889	0.0
76.95641712996391	248.0
76.96641796389892	248.0
76.97641879783394	245.0
76.98641963176895	242.0
76.99642046570398	242.0
77.006421299639	239.0
77.01642213357401	239.0
77.02642296750903	239.0
77.03642380144404	236.0
77.04642463537907	236.0
77.05642546931409	236.0
77.0664263032491	234.0
77.07642713718413	231.0
77.08642797111914	226.0
77.09642880505416	213.0
77.10642963898918	206.0
77.1164304729242	206.0
77.12643130685922	208.0
77.13643214079423	0.0
77.14643297472925	298.0
77.15643380866426	316.0
77.16643464259928	319.0
77.17643547653431	316.0
77.18643631046932	308.0
77.19643714440434	301.0
77.20643797833935	291.0
77.21643881227438	281.0
77.2264396462094	275.0
77.23644048014441	265.0
77.24644131407943	259.0
77.25644214801444	256.0
77.26644298194947	256.0
77.27644381588448	259.0
77.2864446498195	268.0
77.29644548375452	278.0
77.30644631768953	288.0
77.31644715162456	294.0
77.32644798555957	301.0
77.33644881949459	308.0
77.34644965342962	308.0
77.35645048736463	308.0
77.36645132129965	301.0
77.37645215523466	294.0
77.38645298916968	288.0
77.39645382310471	278.0
77.40645465703972	268.0
77.41645549097474	262.0
77.42645632490975	256.0
77.43645715884477	256.0
77.44645799277978	256.0
77.45645882671481	259.0
77.46645966064983	268.0
77.47646049458484	278.0
77.48646132851987	288.0
77.49646216245488	298.0
77.5064629963899	308.0
77.51646383032492	312.0
77.52646466425993	312.0
77.53646549819496	312.0
77.54646633212997	312.0
77.55646716606499	312.0
77.566468	312.0
77.57646883393502	316.0
77.58646966787005	316.0
77.59647050180506	316.0
77.60647133574008	319.0
77.61647216967509	319.0
77.62647300361012	319.0
77.63647383754514	316.0
77.64647467148015	316.0
77.65647550541517	312.0
77.66647633935018	312.0
77.6764771732852	308.0
77.68647800722023	308.0
77.69647884115524	312.0
77.70647967509026	316.0
77.71648050902527	319.0
77.7264813429603	319.0
77.73648217689531	319.0
77.74648301083033	323.0
77.75648384476536	319.0
77.76648467870037	319.0
77.77648551263539	316.0
77.7864863465704	316.0
77.79648718050542	316.0
77.80648801444045	316.0
77.81648884837546	316.0
77.82648968231048	316.0
77.83649051624549	319.0
77.84649135018051	319.0
77.85649218411552	319.0
77.86649301805055	316.0
77.87649385198557	316.0
77.88649468592058	316.0
77.8964955198556	316.0
77.90649635379062	316.0
77.91649718772564	316.0
77.92649802166066	316.0
77.93649885559567	316.0
77.9464996895307	319.0
77.9565005234657	319.0
77.96650135740073	316.0
77.97650219133575	316.0
77.98650302527076	316.0
77.99650385920579	316.0
78.0065046931408	316.0
78.01650552707582	316.0
78.02650636101083	316.0
78.03650719494586	316.0
78.04650802888088	316.0
78.05650886281589	316.0
78.06650969675091	319.0
78.07651053068592	319.0
78.08651136462095	319.0
78.09651219855597	319.0
78.10651303249098	319.0
78.116513866426	323.0
78.12651470036101	334.0
78.13651553429604	350.0
78.14651636823105	367.0
78.15651720216607	380.0
78.1665180361011	398.0
78.1765188700361	412.0
78.18651970397113	417.0
78.19652053790614	393.0
78.20652137184116	367.0
78.21652220577619	354.0
78.2265230397112	346.0
78.23652387364622	334.0
78.24652470758123	331.0
78.25652554151625	331.0
78.26652637545128	342.0
78.27652720938629	358.0
78.28652804332131	375.0
78.29652887725632	389.0
78.30652971119135	393.0
78.31653054512635	389.0
78.32653137906138	384.0
78.3365322129964	371.0
78.34653304693141	358.0
78.35653388086644	342.0
78.36653471480145	331.0
78.37653554873647	327.0
78.3865363826715	327.0
78.3965372166065	338.0
78.40653805054153	350.0
78.41653888447654	363.0
78.42653971841156	375.0
78.43654055234657	393.0
78.4465413862816	398.0
78.45654222021662	398.0
78.46654305415163	398.0
78.47654388808665	393.0
78.48654472202166	393.0
78.49654555595669	398.0
78.50654638989171	398.0
78.51654722382672	398.0
78.52654805776174	402.0
78.53654889169675	402.0
78.54654972563178	398.0
78.55655055956679	389.0
78.56655139350181	380.0
78.57655222743684	371.0
78.58655306137184	363.0
78.59655389530687	354.0
78.60655472924188	354.0
78.6165555631769	358.0
78.62655639711193	393.0
78.63655723104694	436.0
78.64655806498196	490.0
78.65655889891697	490.0
78.666559732852	484.0
78.67656056678702	473.0
78.68656140072203	323.0
78.69656223465705	316.0
78.70656306859206	301.0
78.71656390252708	298.0
78.7265647364621	301.0
78.73656557039712	305.0
78.74656640433214	308.0
78.75656723826715	312.0
78.76656807220218	316.0
78.77656890613719	319.0
78.78656974007221	319.0
78.79657057400723	319.0
78.80657140794224	319.0
78.81657224187727	316.0
78.82657307581228	316.0
78.8365739097473	316.0
78.84657474368231	312.0
78.85657557761733	312.0
78.86657641155236	312.0
78.87657724548737	308.0
78.88657807942239	308.0
78.8965789133574	308.0
78.90657974729243	312.0
78.91658058122745	316.0
78.92658141516246	319.0
78.93658224909748	319.0
78.9465830830325	319.0
78.95658391696752	319.0
78.96658475090254	319.0
78.97658558483755	316.0
78.98658641877257	316.0
78.99658725270758	316.0
79.00658808664261	316.0
79.01658892057762	316.0
79.02658975451264	316.0
79.03659058844767	316.0
79.04659142238268	316.0
79.0565922563177	316.0
79.06659309025271	316.0
79.07659392418773	319.0
79.08659475812276	319.0
79.09659559205777	319.0
79.10659642599279	319.0
79.1165972599278	319.0
79.12659809386282	319.0
79.13659892779783	319.0
79.14659976173286	319.0
79.15660059566788	319.0
79.16660142960289	319.0
79.17660226353792	319.0
79.18660309747293	319.0
79.19660393140795	319.0
79.20660476534297	319.0
79.21660559927798	319.0
79.22660643321301	319.0
79.23660726714802	319.0
79.24660810108304	319.0
79.25660893501806	319.0
79.26660976895307	319.0
79.2766106028881	316.0
79.28661143682311	316.0
79.29661227075813	316.0
79.30661310469314	316.0
79.31661393862817	316.0
79.32661477256319	316.0
79.3366156064982	316.0
79.34661644043322	316.0
79.35661727436823	316.0
79.36661810830326	312.0
79.37661894223828	316.0
79.38661977617329	316.0
79.39662061010831	319.0
79.40662144404332	319.0
79.41662227797835	319.0
79.42662311191336	319.0
79.43662394584838	316.0
79.4466247797834	316.0
79.45662561371842	316.0
79.46662644765344	316.0
79.47662728158845	316.0
79.48662811552347	319.0
79.4966289494585	319.0
79.5066297833935	323.0
79.51663061732853	323.0
79.52663145126354	323.0
79.53663228519856	323.0
79.54663311913359	323.0
79.5566339530686	319.0
79.56663478700362	316.0
79.57663562093863	316.0
79.58663645487366	312.0
79.59663728880867	316.0
79.60663812274369	327.0
79.61663895667871	338.0
79.62663979061372	367.0
79.63664062454875	402.0
79.64664145848376	407.0
79.65664229241878	407.0
79.6666431263538	389.0
79.67664396028881	363.0
79.68664479422384	346.0
79.69664562815885	323.0
79.70664646209387	319.0
79.71664729602888	319.0
79.7266481299639	346.0
79.73664896389893	363.0
79.74664979783394	371.0
79.75665063176896	375.0
79.76665146570397	375.0
79.776652299639	371.0
79.78665313357402	358.0
79.79665396750903	346.0
79.80665480144405	342.0
79.81665563537906	342.0
79.82665646931409	346.0
79.83665730324911	358.0
79.84665813718412	375.0
79.85665897111915	436.0
79.86665980505416	436.0
79.87666063898918	436.0
79.88666147292419	426.0
79.89666230685921	402.0
79.90666314079424	371.0
79.91666397472925	358.0
79.92666480866427	358.0
79.93666564259928	358.0
79.9466664765343	358.0
79.95666731046933	358.0
79.96666814440434	358.0
79.97666897833936	354.0
79.98666981227437	346.0
79.9966706462094	331.0
80.0066714801444	316.0
80.01667231407943	308.0
80.02667314801445	305.0
80.03667398194946	305.0
80.04667481588449	305.0
80.0566756498195	305.0
80.06667648375452	308.0
80.07667731768954	308.0
80.08667815162455	312.0
80.09667898555958	316.0
80.10667981949459	316.0
80.11668065342961	316.0
80.12668148736464	316.0
80.13668232129965	312.0
80.14668315523467	312.0
80.15668398916968	312.0
80.1666848231047	316.0
80.17668565703971	316.0
80.18668649097474	316.0
80.19668732490976	319.0
80.20668815884477	319.0
80.2166889927798	319.0
80.2266898267148	316.0
80.23669066064983	316.0
80.24669149458485	316.0
80.25669232851986	316.0
80.26669316245489	316.0
80.2766939963899	319.0
80.28669483032492	319.0
80.29669566425993	319.0
80.30669649819495	319.0
80.31669733212998	319.0
80.32669816606499	316.0
80.33669900000001	316.0
80.34669983393502	312.0
80.35670066787004	312.0
80.36670150180507	312.0
80.37670233574008	316.0
80.3867031696751	316.0
80.39670400361011	319.0
80.40670483754513	319.0
80.41670567148016	319.0
80.42670650541517	319.0
80.43670733935019	319.0
80.4467081732852	316.0
80.45670900722023	312.0
80.46670984115524	308.0
80.47671067509026	305.0
80.48671150902528	294.0
80.4967123429603	281.0
80.50671317689532	272.0
80.51671401083033	265.0
80.52671484476535	265.0
80.53671567870038	272.0
80.54671651263538	275.0
80.55671734657041	288.0
80.56671818050542	358.0
80.57671901444044	338.0
80.58671984837545	319.0
80.59672068231048	301.0
80.6067215162455	275.0
80.61672235018051	259.0
80.62672318411553	259.0
80.63672401805054	259.0
80.64672485198557	265.0
80.65672568592059	275.0
80.6667265198556	284.0
80.67672735379062	291.0
80.68672818772563	288.0
80.69672902166066	284.0
80.70672985559568	275.0
80.71673068953069	268.0
80.72673152346572	262.0
80.73673235740073	259.0
80.74673319133575	259.0
80.75673402527076	262.0
80.76673485920578	265.0
80.77673569314081	268.0
80.78673652707582	268.0
80.79673736101084	262.0
80.80673819494585	253.0
80.81673902888087	245.0
80.8267398628159	234.0
80.83674069675091	226.0
80.84674153068593	220.0
80.85674236462094	220.0
80.86674319855597	223.0
80.87674403249098	231.0
80.886744866426	239.0
80.89674570036102	248.0
80.90674653429603	250.0
80.91674736823106	248.0
80.92674820216607	245.0
80.93674903610109	239.0
80.94674987003611	234.0
80.95675070397112	234.0
80.96675153790615	234.0
80.97675237184116	236.0
80.98675320577618	239.0
80.99675403971119	242.0
81.00675487364622	242.0
81.01675570758124	242.0
81.02675654151625	239.0
81.03675737545127	239.0
81.04675820938628	239.0
81.0567590433213	239.0
81.06675987725633	239.0
81.07676071119134	239.0
81.08676154512636	239.0
81.09676237906137	242.0
81.1067632129964	242.0
81.11676404693142	242.0
81.12676488086643	242.0
81.13676571480146	242.0
81.14676654873647	239.0
81.15676738267149	234.0
81.1667682166065	231.0
81.17676905054152	231.0
81.18676988447655	236.0
81.19677071841156	239.0
81.20677155234658	250.0
81.21677238628159	259.0
81.22677322021661	268.0
81.23677405415164	281.0
81.24677488808665	298.0
81.25677572202167	308.0
81.26677655595668	312.0
81.2767773898917	316.0
81.28677822382672	316.0
81.29677905776174	308.0
81.30677989169676	301.0
81.31678072563177	294.0
81.3267815595668	284.0
81.3367823935018	278.0
81.34678322743683	275.0
81.35678406137185	268.0
81.36678489530686	265.0
81.37678572924189	259.0
81.3867865631769	259.0
81.39678739711192	262.0
81.40678823104695	268.0
81.41678906498196	278.0
81.42678989891698	288.0
81.43679073285199	298.0
81.44679156678701	308.0
81.45679240072202	316.0
81.46679323465705	319.0
81.47679406859207	319.0
81.48679490252708	316.0
81.4967957364621	308.0
81.50679657039711	301.0
81.51679740433214	291.0
81.52679823826716	281.0
81.53679907220217	275.0
81.5467999061372	272.0
81.5568007400722	268.0
81.56680157400723	265.0
81.57680240794224	262.0
81.58680324187726	256.0
81.59680407581229	253.0
81.6068049097473	253.0
81.61680574368232	256.0
81.62680657761733	259.0
81.63680741155235	262.0
81.64680824548738	265.0
81.65680907942239	265.0
81.66680991335741	0.0
81.67681074729242	0.0
81.68681158122745	0.0
81.69681241516247	0.0
81.70681324909748	0.0
81.7168140830325	0.0
81.72681491696751	0.0
81.73681575090254	0.0
81.74681658483755	0.0
81.75681741877257	0.0
81.7668182527076	0.0
81.7768190866426	0.0
81.78681992057763	0.0
81.79682075451264	0.0
81.80682158844766	0.0
81.81682242238269	0.0
81.8268232563177	0.0
81.83682409025272	0.0
81.84682492418773	0.0
81.85682575812275	0.0
81.86682659205776	0.0
81.87682742599279	0.0
81.88682825992781	0.0
81.89682909386282	0.0
81.90682992779784	0.0
81.91683076173285	0.0
81.92683159566788	0.0
81.9368324296029	0.0
81.94683326353791	0.0
81.95683409747294	0.0
81.96683493140794	0.0
81.97683576534297	0.0
81.98683659927799	0.0
81.996837433213	0.0
82.00683826714803	0.0
82.01683910108304	0.0
82.02683993501806	0.0
82.03684076895307	0.0
82.0468416028881	0.0
82.05684243682312	0.0
82.06684327075813	0.0
82.07684410469315	0.0
82.08684493862816	0.0
82.09684577256319	0.0
82.10684660649821	0.0
82.11684744043322	0.0
82.12684827436824	0.0
82.13684910830325	0.0
82.14684994223828	0.0
82.15685077617329	0.0
82.16685161010831	0.0
82.17685244404333	0.0
82.18685327797834	0.0
82.19685411191337	0.0
82.20685494584838	0.0
82.2168557797834	0.0
82.22685661371843	0.0
82.23685744765343	0.0
82.24685828158846	0.0
82.25685911552347	0.0
82.26685994945849	0.0
82.27686078339352	0.0
82.28686161732853	0.0
82.29686245126355	0.0
82.30686328519856	0.0
82.31686411913358	0.0
82.3268649530686	0.0
82.33686578700362	0.0
82.34686662093864	0.0
82.35686745487365	0.0
82.36686828880867	0.0
82.37686912274368	0.0
82.38686995667871	0.0
82.39687079061373	0.0
82.40687162454874	0.0
82.41687245848377	0.0
82.42687329241878	0.0
82.4368741263538	0.0
82.44687496028881	0.0
82.45687579422383	0.0
82.46687662815886	0.0
82.47687746209387	0.0
82.48687829602889	0.0
82.4968791299639	0.0
82.50687996389892	0.0
82.51688079783395	0.0
82.52688163176896	0.0
82.53688246570398	0.0
82.54688329963899	0.0
82.55688413357402	0.0
82.56688496750904	0.0
82.57688580144405	0.0
82.58688663537907	0.0
82.59688746931408	0.0
82.60688830324911	0.0
82.61688913718412	0.0
82.62688997111914	0.0
82.63689080505416	0.0
82.64689163898917	0.0
82.6568924729242	0.0
82.66689330685921	0.0
82.67689414079423	0.0
82.68689497472926	0.0
82.69689580866427	0.0
82.70689664259929	0.0
82.7168974765343	0.0
82.72689831046932	0.0
82.73689914440433	0.0
82.74689997833936	0.0
82.75690081227438	0.0
82.76690164620939	0.0
82.77690248014441	0.0
82.78690331407942	0.0
82.79690414801445	0.0
82.80690498194947	0.0
82.81690581588448	0.0
82.8269066498195	0.0
82.83690748375452	0.0
82.84690831768954	0.0
82.85690915162456	0.0
82.86690998555957	0.0
82.8769108194946	0.0
82.8869116534296	0.0
82.89691248736463	0.0
82.90691332129964	0.0
82.91691415523466	0.0
82.92691498916969	0.0
82.9369158231047	0.0
82.94691665703972	0.0
82.95691749097473	0.0
82.96691832490976	0.0
82.97691915884478	0.0
82.98691999277979	0.0
82.99692082671481	0.0
83.00692166064982	0.0
83.01692249458485	0.0
83.02692332851986	0.0
83.03692416245488	0.0
83.0469249963899	231.0
83.05692583032491	231.0
83.06692666425994	234.0
83.07692749819495	234.0
83.08692833212997	236.0
83.096929166065	239.0
83.10693	239.0
83.11693083393503	239.0
83.12693166787004	239.0
83.13693250180506	242.0
83.14693333574007	239.0
83.1569341696751	239.0
83.16693500361012	236.0
83.17693583754513	234.0
83.18693667148015	231.0
83.19693750541516	231.0
83.20693833935019	201.0
83.21693917328521	201.0
83.22694000722022	201.0
83.23694084115525	203.0
83.24694167509026	208.0
83.25694250902528	215.0
83.2669433429603	298.0
83.27694417689531	301.0
83.28694501083034	308.0
83.29694584476535	312.0
83.30694667870037	312.0
83.31694751263538	312.0
83.3269483465704	308.0
83.33694918050543	305.0
83.34695001444044	298.0
83.35695084837546	291.0
83.36695168231047	281.0
83.3769525162455	275.0
83.38695335018052	268.0
83.39695418411553	259.0
83.40695501805055	256.0
83.41695585198556	253.0
83.42695668592059	253.0
83.4369575198556	253.0
83.44695835379062	262.0
83.45695918772564	272.0
83.46696002166065	284.0
83.47696085559568	298.0
83.48696168953069	308.0
83.49696252346571	316.0
83.50696335740074	316.0
83.51696419133575	316.0
83.52696502527077	312.0
83.53696585920578	305.0
83.5469666931408	298.0
83.55696752707583	291.0
83.56696836101084	288.0
83.57696919494586	281.0
83.58697002888087	278.0
83.5969708628159	272.0
83.6069716967509	268.0
83.61697253068593	262.0
83.62697336462095	256.0
83.63697419855596	256.0
83.64697503249099	259.0
83.656975866426	268.0
83.66697670036102	278.0
83.67697753429604	288.0
83.68697836823105	301.0
83.69697920216608	312.0
83.70698003610109	319.0
83.71698087003611	323.0
83.72698170397112	319.0
83.73698253790614	316.0
83.74698337184117	308.0
83.75698420577618	301.0
83.7669850397112	294.0
83.77698587364621	284.0
83.78698670758124	278.0
83.79698754151626	275.0
83.80698837545127	272.0
83.81698920938629	268.0
83.8269900433213	265.0
83.83699087725633	265.0
83.84699171119135	265.0
83.85699254512636	265.0
83.86699337906138	272.0
83.8769942129964	278.0
83.88699504693142	281.0
83.89699588086643	288.0
83.90699671480145	288.0
83.91699754873648	284.0
83.92699838267148	281.0
83.93699921660651	278.0
83.94700005054152	275.0
83.95700088447654	268.0
83.96700171841157	262.0
83.97700255234658	259.0
83.9870033862816	256.0
83.99700422021661	253.0
84.00700505415163	250.0
84.01700588808664	248.0
84.02700672202167	248.0
84.03700755595669	0.0
84.0470083898917	0.0
84.05700922382673	0.0
84.06701005776173	0.0
84.07701089169676	0.0
84.08701172563178	0.0
84.09701255956679	0.0
84.10701339350182	0.0
84.11701422743683	0.0
84.12701506137185	0.0
84.13701589530687	0.0
84.14701672924188	0.0
84.15701756317691	0.0
84.16701839711192	0.0
84.17701923104694	0.0
84.18702006498195	0.0
84.19702089891697	0.0
84.207021732852	0.0
84.21702256678701	0.0
84.22702340072203	0.0
84.23702423465704	0.0
84.24702506859207	0.0
84.25702590252709	0.0
84.2670267364621	0.0
84.27702757039712	0.0
84.28702840433213	0.0
84.29702923826716	0.0
84.30703007220217	0.0
84.31703090613719	0.0
84.32703174007221	242.0
84.33703257400722	242.0
84.34703340794225	239.0
84.35703424187726	239.0
84.36703507581228	236.0
84.3770359097473	239.0
84.38703674368232	239.0
84.39703757761734	242.0
84.40703841155235	245.0
84.41703924548737	245.0
84.4270400794224	245.0
84.43704091335741	245.0
84.44704174729243	242.0
84.45704258122744	236.0
84.46704341516246	226.0
84.47704424909747	218.0
84.4870450830325	213.0
84.49704591696752	210.0
84.50704675090253	210.0
84.51704758483756	0.0
84.52704841877257	0.0
84.53704925270759	0.0
84.54705008664261	331.0
84.55705092057762	323.0
84.56705175451265	319.0
84.57705258844766	312.0
84.58705342238268	305.0
84.59705425631769	294.0
84.60705509025271	281.0
84.61705592418774	272.0
84.62705675812275	262.0
84.63705759205777	256.0
84.64705842599278	253.0
84.6570592599278	256.0
84.66706009386283	268.0
84.67706092779784	284.0
84.68706176173286	305.0
84.69706259566787	316.0
84.7070634296029	323.0
84.71706426353792	327.0
84.72706509747293	327.0
84.73706593140795	319.0
84.74706676534296	312.0
84.75706759927799	301.0
84.767068433213	284.0
84.77706926714802	268.0
84.78707010108305	265.0
84.79707093501806	259.0
84.80707176895308	259.0
84.81707260288809	259.0
84.82707343682311	262.0
84.83707427075814	272.0
84.84707510469315	281.0
84.85707593862817	291.0
84.86707677256318	301.0
84.8770776064982	312.0
84.88707844043321	316.0
84.89707927436824	319.0
84.90708010830326	319.0
84.91708094223827	319.0
84.9270817761733	323.0
84.9370826101083	319.0
84.94708344404333	319.0
84.95708427797835	319.0
84.96708511191336	319.0
84.97708594584839	319.0
84.9870867797834	319.0
84.99708761371842	319.0
85.00708844765344	319.0
85.01708928158845	316.0
85.02709011552348	316.0
85.03709094945849	316.0
85.04709178339351	319.0
85.05709261732852	319.0
85.06709345126355	323.0
85.07709428519857	323.0
85.08709511913358	323.0
85.0970959530686	323.0
85.10709678700361	323.0
85.11709762093864	319.0
85.12709845487366	316.0
85.13709928880867	312.0
85.1471001227437	312.0
85.1571009566787	312.0
85.16710179061373	316.0
85.17710262454874	331.0
85.18710345848376	346.0
85.19710429241879	367.0
85.2071051263538	389.0
85.21710596028882	407.0
85.22710679422383	417.0
85.23710762815885	412.0
85.24710846209388	393.0
85.25710929602889	380.0
85.26711012996391	363.0
85.27711096389892	346.0
85.28711179783394	338.0
85.29711263176897	334.0
85.30711346570398	334.0
85.317114299639	342.0
85.32711513357401	358.0
85.33711596750904	375.0
85.34711680144405	389.0
85.35711763537907	398.0
85.3671184693141	402.0
85.3771193032491	398.0
85.38712013718413	389.0
85.39712097111914	375.0
85.40712180505416	363.0
85.41712263898918	354.0
85.4271234729242	346.0
85.43712430685922	342.0
85.44712514079423	342.0
85.45712597472925	354.0
85.46712680866426	380.0
85.47712764259929	398.0
85.48712847653431	412.0
85.49712931046932	412.0
85.50713014440434	407.0
85.51713097833935	393.0
85.52713181227438	384.0
85.5371326462094	371.0
85.54713348014441	371.0
85.55713431407943	375.0
85.56713514801444	389.0
85.57713598194947	412.0
85.58713681588448	426.0
85.5971376498195	431.0
85.60713848375453	431.0
85.61713931768954	417.0
85.62714015162456	393.0
85.63714098555957	393.0
85.64714181949459	393.0
85.65714265342962	398.0
85.66714348736463	402.0
85.67714432129965	407.0
85.68714515523466	407.0
85.69714598916968	407.0
85.70714682310471	398.0
85.71714765703972	380.0
85.72714849097474	363.0
85.73714932490975	354.0
85.74715015884478	350.0
85.75715099277978	350.0
85.76715182671481	375.0
85.77715266064983	384.0
85.78715349458484	402.0
85.79715432851987	421.0
85.80715516245488	484.0
85.8171559963899	484.0
85.82715683032492	0.0
85.83715766425993	0.0
85.84715849819496	316.0
85.85715933212997	312.0
85.86716016606499	308.0
85.877161	305.0
85.88716183393502	305.0
85.89716266787005	308.0
85.90716350180506	312.0
85.91716433574008	319.0
85.92716516967509	323.0
85.93716600361012	319.0
85.94716683754514	319.0
85.95716767148015	316.0
85.96716850541517	316.0
85.97716933935018	316.0
85.98717017328521	312.0
85.99717100722023	312.0
86.00717184115524	312.0
86.01717267509026	312.0
86.02717350902527	312.0
86.0371743429603	312.0
86.04717517689531	312.0
86.05717601083033	312.0
86.06717684476536	312.0
86.07717767870037	312.0
86.08717851263539	316.0
86.0971793465704	316.0
86.10718018050542	316.0
86.11718101444045	319.0
86.12718184837546	319.0
86.13718268231048	323.0
86.14718351624549	327.0
86.15718435018051	327.0
86.16718518411552	323.0
86.17718601805055	323.0
86.18718685198557	319.0
86.19718768592058	319.0
86.2071885198556	316.0
86.21718935379062	316.0
86.22719018772564	316.0
86.23719102166066	316.0
86.24719185559567	316.0
86.2571926895307	316.0
86.2671935234657	316.0
86.27719435740073	316.0
86.28719519133575	316.0
86.29719602527076	316.0
86.30719685920579	316.0
86.3171976931408	316.0
86.32719852707582	316.0
86.33719936101083	316.0
86.34720019494586	316.0
86.35720102888088	319.0
86.36720186281589	323.0
86.37720269675091	323.0
86.38720353068592	323.0
86.39720436462095	319.0
86.40720519855597	319.0
86.41720603249098	319.0
86.427206866426	316.0
86.43720770036101	316.0
86.44720853429604	316.0
86.45720936823105	316.0
86.46721020216607	316.0
86.4772110361011	316.0
86.4872118700361	316.0
86.49721270397113	316.0
86.50721353790614	316.0
86.51721437184116	316.0
86.52721520577619	316.0
86.5372160397112	316.0
86.54721687364622	316.0
86.55721770758123	316.0
86.56721854151625	316.0
86.57721937545128	316.0
86.58722020938629	316.0
86.59722104332131	316.0
86.60722187725632	316.0
86.61722271119135	316.0
86.62722354512636	316.0
86.63722437906138	316.0
86.6472252129964	316.0
86.65722604693141	316.0
86.66722688086644	316.0
86.67722771480145	316.0
86.68722854873647	316.0
86.6972293826715	316.0
86.7072302166065	316.0
86.71723105054153	316.0
86.72723188447654	316.0
86.73723271841156	312.0
86.74723355234657	312.0
86.7572343862816	312.0
86.76723522021662	316.0
86.77723605415163	319.0
86.78723688808665	331.0
86.79723772202166	342.0
86.80723855595669	363.0
86.81723938989171	384.0
86.82724022382672	421.0
86.83724105776174	426.0
86.84724189169675	412.0
86.85724272563178	389.0
86.8672435595668	371.0
86.87724439350181	363.0
86.88724522743684	346.0
86.89724606137185	334.0
86.90724689530687	327.0
86.91724772924188	327.0
86.9272485631769	338.0
86.93724939711193	354.0
86.94725023104694	371.0
86.95725106498196	389.0
86.96725189891697	398.0
86.977252732852	398.0
86.98725356678702	389.0
86.99725440072203	380.0
87.00725523465705	367.0
87.01725606859206	350.0
87.02725690252709	338.0
87.0372577364621	334.0
87.04725857039712	338.0
87.05725940433214	342.0
87.06726023826715	358.0
87.07726107220218	371.0
87.08726190613719	398.0
87.09726274007221	407.0
87.10726357400723	412.0
87.11726440794224	407.0
87.12726524187727	402.0
87.13726607581228	398.0
87.1472669097473	393.0
87.15726774368233	389.0
87.16726857761734	384.0
87.17726941155236	380.0
87.18727024548737	380.0
87.19727107942239	384.0
87.2072719133574	393.0
87.21727274729243	398.0
87.22727358122745	402.0
87.23727441516246	402.0
87.24727524909748	402.0
87.2572760830325	398.0
87.26727691696752	393.0
87.27727775090254	389.0
87.28727858483755	380.0
87.29727941877258	375.0
87.30728025270759	367.0
87.31728108664261	358.0
87.32728192057762	350.0
87.33728275451264	342.0
87.34728358844767	334.0
87.35728442238268	327.0
87.3672852563177	319.0
87.37728609025271	319.0
87.38728692418773	319.0
87.39728775812276	316.0
87.40728859205777	316.0
87.41728942599279	316.0
87.4272902599278	316.0
87.43729109386283	312.0
87.44729192779785	312.0
87.45729276173286	308.0
87.46729359566788	301.0
87.47729442960289	298.0
87.48729526353792	294.0
87.49729609747293	0.0
87.50729693140795	0.0
87.51729776534297	0.0
87.52729859927798	0.0
87.53729943321301	0.0
87.54730026714802	0.0
87.55730110108304	0.0
87.56730193501807	0.0
87.57730276895307	0.0
87.5873036028881	0.0
87.59730443682311	0.0
87.60730527075813	0.0
87.61730610469314	0.0
87.62730693862817	0.0
87.63730777256319	0.0
87.6473086064982	0.0
87.65730944043322	0.0
87.66731027436823	0.0
87.67731110830326	0.0
87.68731194223828	0.0
87.69731277617329	0.0
87.70731361010832	0.0
87.71731444404332	0.0
87.72731527797835	0.0
87.73731611191337	0.0
87.74731694584838	0.0
87.7573177797834	0.0
87.76731861371842	0.0
87.77731944765344	0.0
87.78732028158845	0.0
87.79732111552347	0.0
87.8073219494585	0.0
87.81732278339351	0.0
87.82732361732853	0.0
87.83732445126354	0.0
87.84732528519856	0.0
87.85732611913359	0.0
87.8673269530686	0.0
87.87732778700362	0.0
87.88732862093863	0.0
87.89732945487366	0.0
87.90733028880867	0.0
87.91733112274369	0.0
87.92733195667871	0.0
87.93733279061372	0.0
87.94733362454875	0.0
87.95733445848376	0.0
87.96733529241878	0.0
87.9773361263538	0.0
87.98733696028881	0.0
87.99733779422384	0.0
88.00733862815885	0.0
88.01733946209387	0.0
88.02734029602888	0.0
88.0373411299639	0.0
88.04734196389893	0.0
88.05734279783394	0.0
88.06734363176896	0.0
88.07734446570397	0.0
88.087345299639	0.0
88.09734613357402	0.0
88.10734696750903	0.0
88.11734780144405	0.0
88.12734863537906	0.0
88.13734946931409	0.0
88.14735030324911	0.0
88.15735113718412	0.0
88.16735197111915	0.0
88.17735280505416	0.0
88.18735363898918	0.0
88.19735447292419	0.0
88.20735530685921	0.0
88.21735614079424	0.0
88.22735697472925	0.0
88.23735780866427	0.0
88.24735864259928	0.0
88.2573594765343	0.0
88.26736031046933	0.0
88.27736114440434	0.0
88.28736197833936	0.0
88.29736281227437	0.0
88.3073636462094	291.0
88.3173644801444	298.0
88.32736531407943	298.0
88.33736614801445	301.0
88.34736698194946	305.0
88.35736781588449	305.0
88.3673686498195	308.0
88.37736948375452	308.0
88.38737031768954	312.0
88.39737115162455	312.0
88.40737198555958	312.0
88.41737281949459	308.0
88.42737365342961	308.0
88.43737448736464	308.0
88.44737532129965	308.0
88.45737615523467	308.0
88.46737698916968	312.0
88.4773778231047	312.0
88.48737865703971	316.0
88.49737949097474	319.0
88.50738032490976	319.0
88.51738115884477	319.0
88.5273819927798	319.0
88.5373828267148	319.0
88.54738366064983	319.0
88.55738449458485	316.0
88.56738532851986	316.0
88.57738616245489	316.0
88.5873869963899	316.0
88.59738783032492	316.0
88.60738866425993	316.0
88.61738949819495	316.0
88.62739033212998	316.0
88.63739116606499	316.0
88.64739200000001	316.0
88.65739283393502	312.0
88.66739366787004	312.0
88.67739450180507	312.0
88.68739533574008	316.0
88.6973961696751	316.0
88.70739700361011	316.0
88.71739783754514	319.0
88.72739867148016	319.0
88.73739950541517	319.0
88.7474003393502	316.0
88.7574011732852	316.0
88.76740200722023	316.0
88.77740284115524	312.0
88.78740367509026	312.0
88.79740450902528	312.0
88.8074053429603	312.0
88.81740617689532	312.0
88.82740701083033	312.0
88.83740784476535	312.0
88.84740867870038	312.0
88.85740951263539	312.0
88.86741034657041	312.0
88.87741118050542	312.0
88.88741201444044	312.0
88.89741284837545	312.0
88.90741368231048	312.0
88.9174145162455	312.0
88.92741535018051	312.0
88.93741618411553	312.0
88.94741701805054	312.0
88.95741785198557	312.0
88.96741868592059	312.0
88.9774195198556	316.0
88.98742035379063	316.0
88.99742118772564	316.0
89.00742202166066	316.0
89.01742285559568	316.0
89.02742368953069	316.0
89.03742452346572	316.0
89.04742535740073	316.0
89.05742619133575	319.0
89.06742702527076	319.0
89.07742785920578	319.0
89.08742869314081	319.0
89.09742952707582	319.0
89.10743036101084	319.0
89.11743119494585	316.0
89.12743202888088	316.0
89.1374328628159	316.0
89.14743369675091	312.0
89.15743453068593	312.0
89.16743536462094	308.0
89.17743619855597	308.0
89.18743703249098	305.0
89.197437866426	308.0
89.20743870036102	312.0
89.21743953429603	334.0
89.22744036823106	0.0
89.23744120216607	389.0
89.24744203610109	371.0
89.25744287003612	363.0
89.26744370397113	354.0
89.27744453790615	346.0
89.28744537184116	338.0
89.29744620577618	338.0
89.3074470397112	363.0
89.31744787364622	375.0
89.32744870758124	402.0
89.33744954151625	426.0
89.34745037545127	441.0
89.35745120938628	441.0
89.36745204332131	380.0
89.37745287725633	358.0
89.38745371119134	354.0
89.39745454512637	338.0
89.40745537906137	334.0
89.4174562129964	338.0
89.42745704693142	342.0
89.43745788086643	350.0
89.44745871480146	354.0
89.45745954873647	358.0
89.46746038267149	358.0
89.4774612166065	350.0
89.48746205054152	338.0
89.49746288447655	316.0
89.50746371841156	312.0
89.51746455234658	308.0
89.52746538628159	305.0
89.53746622021661	0.0
89.54746705415164	354.0
89.55746788808665	354.0
89.56746872202167	334.0
89.57746955595668	331.0
89.5874703898917	312.0
89.59747122382673	308.0
89.60747205776174	308.0
89.61747289169676	312.0
89.62747372563177	316.0
89.6374745595668	316.0
89.64747539350181	308.0
89.65747622743683	298.0
89.66747706137186	288.0
89.67747789530686	275.0
89.68747872924189	268.0
89.6974795631769	262.0
89.70748039711192	265.0
89.71748123104695	272.0
89.72748206498196	281.0
89.73748289891698	294.0
89.74748373285199	305.0
89.75748456678701	312.0
89.76748540072202	316.0
89.77748623465705	316.0
89.78748706859207	316.0
89.79748790252708	319.0
89.8074887364621	319.0
89.81748957039711	319.0
89.82749040433214	319.0
89.83749123826716	319.0
89.84749207220217	316.0
89.8574929061372	316.0
89.8674937400722	308.0
89.87749457400723	301.0
89.88749540794225	294.0
89.89749624187726	284.0
89.90749707581229	281.0
89.9174979097473	284.0
89.92749874368232	294.0
89.93749957761733	301.0
89.94750041155235	316.0
89.95750124548738	319.0
89.96750207942239	319.0
89.97750291335741	316.0
89.98750374729242	316.0
89.99750458122745	316.0
90.00750541516247	316.0
90.01750624909748	331.0
90.0275070830325	334.0
90.03750791696751	398.0
90.04750875090254	441.0
90.05750958483755	426.0
90.06751041877257	402.0
90.0775112527076	380.0
90.0875120866426	367.0
90.09751292057763	358.0
90.10751375451264	354.0
90.11751458844766	350.0
90.12751542238269	350.0
90.1375162563177	354.0
90.14751709025272	358.0
90.15751792418773	358.0
90.16751875812275	363.0
90.17751959205776	358.0
90.18752042599279	358.0
90.19752125992781	363.0
90.20752209386282	367.0
90.21752292779784	380.0
90.22752376173285	384.0
90.23752459566788	421.0
90.2475254296029	431.0
90.25752626353791	426.0
90.26752709747294	398.0
90.27752793140795	358.0
90.28752876534297	323.0
90.297529599278	323.0
90.307530433213	319.0
90.31753126714803	319.0
90.32753210108304	319.0
90.33753293501806	319.0
90.34753376895307	316.0
90.3575346028881	316.0
90.36753543682312	316.0
90.37753627075813	316.0
90.38753710469315	316.0
90.39753793862816	316.0
90.40753877256319	316.0
90.41753960649821	319.0
90.42754044043322	319.0
90.43754127436824	319.0
90.44754210830325	319.0
90.45754294223828	316.0
90.46754377617329	316.0
90.47754461010831	316.0
90.48754544404333	316.0
90.49754627797834	316.0
90.50754711191337	316.0
90.51754794584838	316.0
90.5275487797834	316.0
90.53754961371843	316.0
90.54755044765344	316.0
90.55755128158846	316.0
90.56755211552347	316.0
90.5775529494585	316.0
90.58755378339352	316.0
90.59755461732853	312.0
90.60755545126355	305.0
90.61755628519856	294.0
90.62755711913358	281.0
90.6375579530686	272.0
90.64755878700362	262.0
90.65755962093864	256.0
90.66756045487365	253.0
90.67756128880868	253.0
90.68756212274369	262.0
90.69756295667871	268.0
90.70756379061373	281.0
90.71756462454874	291.0
90.72756545848377	298.0
90.73756629241878	305.0
90.7475671263538	312.0
90.75756796028881	316.0
90.76756879422383	319.0
90.77756962815886	319.0
90.78757046209387	316.0
90.79757129602889	312.0
90.8075721299639	305.0
90.81757296389893	298.0
90.82757379783395	294.0
90.83757463176896	284.0
90.84757546570398	281.0
90.85757629963899	275.0
90.86757713357402	268.0
90.87757796750904	265.0
90.88757880144405	265.0
90.89757963537907	265.0
90.90758046931408	272.0
90.91758130324911	281.0
90.92758213718412	323.0
90.93758297111914	331.0
90.94758380505417	346.0
90.95758463898918	384.0
90.9675854729242	371.0
90.97758630685921	354.0
90.98758714079423	334.0
90.99758797472926	316.0
91.00758880866427	312.0
91.01758964259929	312.0
91.0275904765343	312.0
91.03759131046932	316.0
91.04759214440433	316.0
91.05759297833936	319.0
91.06759381227438	319.0
91.07759464620939	319.0
91.08759548014442	319.0
91.09759631407942	316.0
91.10759714801445	312.0
91.11759798194947	312.0
91.12759881588448	308.0
91.1375996498195	308.0
91.14760048375452	312.0
91.15760131768954	441.0
91.16760215162456	452.0
91.17760298555957	457.0
91.1876038194946	426.0
91.19760465342961	384.0
91.20760548736463	363.0
91.21760632129964	331.0
91.22760715523467	312.0
91.23760798916969	312.0
91.2476088231047	316.0
91.25760965703972	316.0
91.26761049097473	316.0
91.27761132490976	312.0
91.28761215884478	305.0
91.29761299277979	294.0
91.30761382671481	288.0
91.31761466064982	281.0
91.32761549458485	275.0
91.33761632851986	272.0
91.34761716245488	272.0
91.3576179963899	275.0
91.36761883032491	281.0
91.37761966425994	284.0
91.38762049819495	288.0
91.39762133212997	288.0
91.407622166065	288.0
91.417623	288.0
91.42762383393503	284.0
91.43762466787004	389.0
91.44762550180506	375.0
91.45762633574009	354.0
91.4676271696751	327.0
91.47762800361012	294.0
91.48762883754513	275.0
91.49762967148015	268.0
91.50763050541516	262.0
91.51763133935019	262.0
91.52763217328521	262.0
91.53763300722022	262.0
91.54763384115525	262.0
91.55763467509026	265.0
91.56763550902528	265.0
91.5776363429603	265.0
91.58763717689531	265.0
91.59763801083034	265.0
91.60763884476535	262.0
91.61763967870037	262.0
91.62764051263538	259.0
91.6376413465704	259.0
91.64764218050543	259.0
91.65764301444044	262.0
91.66764384837546	262.0
91.67764468231047	262.0
91.6876455162455	265.0
91.69764635018052	265.0
91.70764718411553	265.0
91.71764801805055	268.0
91.72764885198556	268.0
91.73764968592059	268.0
91.74765051985561	265.0
91.75765135379062	265.0
91.76765218772564	265.0
91.77765302166065	265.0
91.78765385559568	265.0
91.79765468953069	265.0
91.80765552346571	265.0
91.81765635740074	268.0
91.82765719133575	268.0
91.83765802527077	268.0
91.84765885920578	272.0
91.8576596931408	275.0
91.86766052707583	278.0
91.87766136101084	281.0
91.88766219494586	281.0
91.89766302888087	278.0
91.9076638628159	275.0
91.9176646967509	268.0
91.92766553068593	265.0
91.93766636462095	259.0
91.94766719855596	253.0
91.95766803249099	248.0
91.967668866426	245.0
91.97766970036102	239.0
91.98767053429604	236.0
91.99767136823105	234.0
92.00767220216608	250.0
92.01767303610109	253.0
92.02767387003611	256.0
92.03767470397113	256.0
92.04767553790614	253.0
92.05767637184117	259.0
92.06767720577618	265.0
92.0776780397112	268.0
92.08767887364621	268.0
92.09767970758124	259.0
92.10768054151626	262.0
92.11768137545127	0.0
92.1276822093863	0.0
92.1376830433213	0.0
92.14768387725633	0.0
92.15768471119135	0.0
92.16768554512636	268.0
92.17768637906138	265.0
92.1876872129964	265.0
92.19768804693142	262.0
92.20768888086643	262.0
92.21768971480145	262.0
92.22769054873648	262.0
92.23769138267149	262.0
92.24769221660651	0.0
92.25769305054152	0.0
92.26769388447654	0.0
92.27769471841157	0.0
92.28769555234658	0.0
92.2976963862816	0.0
92.30769722021661	0.0
92.31769805415163	0.0
92.32769888808666	0.0
92.33769972202167	0.0
92.34770055595669	0.0
92.3577013898917	0.0
92.36770222382673	0.0
92.37770305776174	0.0
92.38770389169676	0.0
92.39770472563178	0.0
92.40770555956679	0.0
92.41770639350182	0.0
92.42770722743683	0.0
92.43770806137185	0.0
92.44770889530687	0.0
92.45770972924188	0.0
92.46771056317691	0.0
92.47771139711192	0.0
92.48771223104694	0.0
92.49771306498195	0.0
92.50771389891698	0.0
92.517714732852	0.0
92.52771556678701	0.0
92.53771640072203	0.0
92.54771723465704	0.0
92.55771806859207	0.0
92.56771890252709	0.0
92.5777197364621	0.0
92.58772057039712	0.0
92.59772140433213	0.0
92.60772223826716	0.0
92.61772307220217	0.0
92.62772390613719	0.0
92.63772474007222	0.0
92.64772557400723	0.0
92.65772640794225	0.0
92.66772724187726	0.0
92.67772807581228	0.0
92.6877289097473	0.0
92.69772974368232	0.0
92.70773057761734	0.0
92.71773141155235	0.0
92.72773224548737	0.0
92.7377330794224	0.0
92.74773391335741	0.0
92.75773474729243	0.0
92.76773558122744	0.0
92.77773641516247	0.0
92.78773724909748	0.0
92.7977380830325	0.0
92.80773891696752	0.0
92.81773975090253	0.0
92.82774058483756	0.0
92.83774141877257	0.0
92.84774225270759	0.0
92.85774308664261	0.0
92.86774392057762	0.0
92.87774475451265	0.0
92.88774558844766	0.0
92.89774642238268	0.0
92.90774725631769	0.0
92.91774809025272	0.0
92.92774892418774	0.0
92.93774975812275	0.0
92.94775059205777	0.0
92.95775142599278	0.0
92.9677522599278	0.0
92.97775309386283	0.0
92.98775392779784	0.0
92.99775476173286	0.0
93.00775559566787	0.0
93.0177564296029	0.0
93.02775726353792	0.0
93.03775809747293	0.0
93.04775893140796	0.0
93.05775976534296	0.0
93.06776059927799	0.0
93.077761433213	563.0
93.08776226714802	563.0
93.09776310108305	563.0
93.10776393501806	563.0
93.11776476895308	563.0
93.12776560288809	563.0
93.13776643682311	563.0
93.14776727075814	556.0
93.15776810469315	544.0
93.16776893862817	537.0
93.17776977256318	531.0
93.1877706064982	531.0
93.19777144043321	525.0
93.20777227436824	513.0
93.21777310830326	501.0
93.22777394223827	490.0
93.2377747761733	484.0
93.2477756101083	479.0
93.25777644404333	473.0
93.26777727797835	473.0
93.27777811191336	473.0
93.28777894584839	473.0
93.2977797797834	473.0
93.30778061371842	0.0
93.31778144765345	0.0
93.32778228158845	0.0
93.33778311552348	0.0
93.34778394945849	0.0
93.35778478339351	0.0
93.36778561732852	0.0
93.37778645126355	0.0
93.38778728519857	0.0
93.39778811913358	0.0
93.4077889530686	0.0
93.41778978700361	0.0
93.42779062093864	0.0
93.43779145487366	0.0
93.44779228880867	0.0
93.4577931227437	0.0
93.4677939566787	0.0
93.47779479061373	0.0
93.48779562454874	0.0
93.49779645848376	0.0
93.50779729241879	0.0
93.5177981263538	0.0
93.52779896028882	0.0
93.53779979422383	0.0
93.54780062815885	0.0
93.55780146209388	0.0
93.56780229602889	0.0
93.57780312996391	0.0
93.58780396389892	0.0
93.59780479783394	0.0
93.60780563176897	0.0
93.61780646570398	0.0
93.627807299639	0.0
93.63780813357401	0.0
93.64780896750904	0.0
93.65780980144405	0.0
93.66781063537907	0.0
93.6778114693141	0.0
93.6878123032491	0.0
93.69781313718413	0.0
93.70781397111914	0.0
93.71781480505416	0.0
93.72781563898918	0.0
93.7378164729242	0.0
93.74781730685922	0.0
93.75781814079423	0.0
93.76781897472925	0.0
93.77781980866426	239.0
93.78782064259929	236.0
93.79782147653431	234.0
93.80782231046932	234.0
93.81782314440434	234.0
93.82782397833935	234.0
93.83782481227438	234.0
93.8478256462094	231.0
93.85782648014441	231.0
93.86782731407943	231.0
93.87782814801444	0.0
93.88782898194947	0.0
93.89782981588449	0.0
93.9078306498195	0.0
93.91783148375453	0.0
93.92783231768954	0.0
93.93783315162456	0.0
93.94783398555957	0.0
93.9578348194946	0.0
93.96783565342962	316.0
93.97783648736463	308.0
93.98783732129965	301.0
93.99783815523466	291.0
94.00783898916968	278.0
94.01783982310471	259.0
94.02784065703972	250.0
94.03784149097474	245.0
94.04784232490975	242.0
94.05784315884478	245.0
94.06784399277979	250.0
94.07784482671481	259.0
94.08784566064983	275.0
94.09784649458484	288.0
94.10784732851987	288.0
94.11784816245488	284.0
94.1278489963899	275.0
94.13784983032492	265.0
94.14785066425993	250.0
94.15785149819496	245.0
94.16785233212997	245.0
94.17785316606499	250.0
94.18785400000002	259.0
94.19785483393503	265.0
94.20785566787005	272.0
94.21785650180506	275.0
94.22785733574008	272.0
94.23785816967509	268.0
94.24785900361012	265.0
94.25785983754514	0.0
94.26786067148015	0.0
94.27786150541517	0.0
94.28786233935018	0.0
94.29786317328521	0.0
94.30786400722023	0.0
94.31786484115524	0.0
94.32786567509027	0.0
94.33786650902528	0.0
94.3478673429603	0.0
94.35786817689531	0.0
94.36786901083033	0.0
94.37786984476536	0.0
94.38787067870037	375.0
94.39787151263539	384.0
94.4078723465704	393.0
94.41787318050542	412.0
94.42787401444045	412.0
94.43787484837546	412.0
94.44787568231048	412.0
94.45787651624549	407.0
94.46787735018052	398.0
94.47787818411554	393.0
94.48787901805055	389.0
94.49787985198557	389.0
94.50788068592058	393.0
94.5178815198556	402.0
94.52788235379062	412.0
94.53788318772564	412.0
94.54788402166066	412.0
94.55788485559567	402.0
94.5678856895307	389.0
94.57788652346571	371.0
94.58788735740073	363.0
94.59788819133576	354.0
94.60788902527077	354.0
94.61788985920579	358.0
94.6278906931408	375.0
94.63789152707582	402.0
94.64789236101083	412.0
94.65789319494586	402.0
94.66789402888088	371.0
94.67789486281589	342.0
94.68789569675091	331.0
94.69789653068592	319.0
94.70789736462095	316.0
94.71789819855597	312.0
94.72789903249098	316.0
94.737899866426	312.0
94.74790070036101	312.0
94.75790153429604	312.0
94.76790236823106	312.0
94.77790320216607	312.0
94.7879040361011	312.0
94.7979048700361	312.0
94.80790570397113	308.0
94.81790653790614	308.0
94.82790737184116	308.0
94.83790820577619	308.0
94.8479090397112	308.0
94.85790987364622	308.0
94.86791070758123	312.0
94.87791154151626	312.0
94.88791237545128	316.0
94.89791320938629	316.0
94.90791404332131	319.0
94.91791487725632	319.0
94.92791571119135	319.0
94.93791654512636	316.0
94.94791737906138	316.0
94.9579182129964	316.0
94.96791904693141	316.0
94.97791988086644	316.0
94.98792071480145	316.0
94.99792154873647	316.0
95.0079223826715	316.0
95.0179232166065	319.0
95.02792405054153	0.0
95.03792488447654	0.0
95.04792571841156	0.0
95.05792655234657	0.0
95.0679273862816	0.0
95.07792822021662	0.0
95.08792905415163	0.0
95.09792988808665	0.0
95.10793072202166	0.0
95.11793155595669	0.0
95.12793238989171	0.0
95.13793322382672	0.0
95.14793405776174	0.0
95.15793489169675	0.0
95.16793572563178	0.0
95.1779365595668	0.0
95.18793739350181	0.0
95.19793822743684	0.0
95.20793906137185	0.0
95.21793989530687	0.0
95.22794072924188	0.0
95.2379415631769	0.0
95.24794239711193	0.0
95.25794323104694	0.0
95.26794406498196	0.0
95.27794489891697	0.0
95.287945732852	0.0
95.29794656678702	0.0
95.30794740072203	0.0
95.31794823465705	0.0
95.32794906859206	0.0
95.33794990252709	0.0
95.3479507364621	0.0
95.35795157039712	0.0
95.36795240433214	0.0
95.37795323826715	0.0
95.38795407220218	0.0
95.39795490613719	0.0
95.40795574007221	0.0
95.41795657400723	0.0
95.42795740794224	0.0
95.43795824187727	0.0
95.44795907581228	0.0
95.4579599097473	0.0
95.46796074368233	0.0
95.47796157761734	0.0
95.48796241155236	0.0
95.49796324548737	0.0
95.5079640794224	0.0
95.5179649133574	0.0
95.52796574729243	0.0
95.53796658122745	0.0
95.54796741516246	0.0
95.55796824909748	0.0
95.5679690830325	275.0
95.57796991696752	275.0
95.58797075090254	281.0
95.59797158483755	298.0
95.60797241877258	312.0
95.61797325270759	0.0
95.62797408664261	0.0
95.63797492057762	0.0
95.64797575451264	0.0
95.65797658844767	275.0
95.66797742238268	262.0
95.6779782563177	256.0
95.68797909025271	253.0
95.69797992418773	262.0
95.70798075812276	275.0
95.71798159205777	281.0
95.72798242599279	288.0
95.7379832599278	288.0
95.74798409386283	281.0
95.75798492779785	272.0
95.76798576173286	262.0
95.77798659566788	256.0
95.7879874296029	256.0
95.79798826353792	259.0
95.80798909747293	262.0
95.81798993140795	268.0
95.82799076534297	275.0
95.83799159927798	272.0
95.84799243321301	265.0
95.85799326714802	262.0
95.86799410108304	253.0
95.87799493501807	242.0
95.88799576895308	234.0
95.8979966028881	231.0
95.90799743682311	231.0
95.91799827075813	236.0
95.92799910469314	242.0
95.93799993862817	245.0
95.94800077256319	245.0
95.9580016064982	242.0
95.96800244043322	242.0
95.97800327436823	239.0
95.98800410830326	236.0
95.99800494223828	236.0
96.00800577617329	234.0
96.01800661010832	236.0
96.02800744404333	239.0
96.03800827797835	242.0
96.04800911191337	242.0
96.05800994584838	245.0
96.0680107797834	245.0
96.07801161371842	245.0
96.08801244765344	242.0
96.09801328158845	236.0
96.10801411552347	234.0
96.1180149494585	231.0
96.12801578339351	231.0
96.13801661732853	236.0
96.14801745126354	239.0
96.15801828519857	245.0
96.16801911913359	253.0
96.1780199530686	265.0
96.18802078700362	281.0
96.19802162093863	294.0
96.20802245487366	301.0
96.21802328880867	308.0
96.22802412274369	308.0
96.23802495667871	308.0
96.24802579061372	305.0
96.25802662454875	298.0
96.26802745848376	291.0
96.27802829241878	281.0
96.2880291263538	278.0
96.29802996028882	272.0
96.30803079422384	265.0
96.31803162815885	262.0
96.32803246209387	256.0
96.3380332960289	256.0
96.3480341299639	256.0
96.35803496389893	262.0
96.36803579783394	272.0
96.37803663176896	281.0
96.38803746570397	291.0
96.398038299639	305.0
96.40803913357402	316.0
96.41803996750903	319.0
96.42804080144406	319.0
96.43804163537907	316.0
96.44804246931409	308.0
96.45804330324911	301.0
96.46804413718412	291.0
96.47804497111915	284.0
96.48804580505416	278.0
96.49804663898918	272.0
96.50804747292419	268.0
96.51804830685921	268.0
96.52804914079424	272.0
96.53804997472925	272.0
96.54805080866427	275.0
96.55805164259928	281.0
96.5680524765343	0.0
96.57805331046933	0.0
96.58805414440434	305.0
96.59805497833936	0.0
96.60805581227437	275.0
96.6180566462094	272.0
96.62805748014442	268.0
96.63805831407943	0.0
96.64805914801445	0.0
96.65805998194946	0.0
96.66806081588449	0.0
96.6780616498195	0.0
96.68806248375452	0.0
96.69806331768955	0.0
96.70806415162455	0.0
96.71806498555958	0.0
96.72806581949459	0.0
96.73806665342961	0.0
96.74806748736464	0.0
96.75806832129965	0.0
96.76806915523467	0.0
96.77806998916968	0.0
96.7880708231047	0.0
96.79807165703971	0.0
96.80807249097474	0.0
96.81807332490976	0.0
96.82807415884477	0.0
96.8380749927798	0.0
96.8480758267148	0.0
96.85807666064983	0.0
96.86807749458485	0.0
96.87807832851986	0.0
96.88807916245489	0.0
96.8980799963899	0.0
96.90808083032492	0.0
96.91808166425994	0.0
96.92808249819495	0.0
96.93808333212998	0.0
96.94808416606499	0.0
96.95808500000001	0.0
96.96808583393502	0.0
96.97808666787004	0.0
96.98808750180507	0.0
96.99808833574008	0.0
97.0080891696751	0.0
97.01809000361011	0.0
97.02809083754514	0.0
97.03809167148016	0.0
97.04809250541517	0.0
97.0580933393502	0.0
97.0680941732852	0.0
97.07809500722023	0.0
97.08809584115524	0.0
97.09809667509026	0.0
97.10809750902528	0.0
97.1180983429603	0.0
97.12809917689532	0.0
97.13810001083033	0.0
97.14810084476535	0.0
97.15810167870038	0.0
97.16810251263539	0.0
97.17810334657041	0.0
97.18810418050542	0.0
97.19810501444044	0.0
97.20810584837545	0.0
97.21810668231048	0.0
97.2281075162455	0.0
97.23810835018051	0.0
97.24810918411553	0.0
97.25811001805054	0.0
97.26811085198557	0.0
97.27811168592059	0.0
97.2881125198556	0.0
97.29811335379063	0.0
97.30811418772564	0.0
97.31811502166066	0.0
97.32811585559568	0.0
97.3381166895307	0.0
97.34811752346572	0.0
97.35811835740073	0.0
97.36811919133575	0.0
97.37812002527076	0.0
97.38812085920578	0.0
97.39812169314081	0.0
97.40812252707582	0.0
97.41812336101084	0.0
97.42812419494585	0.0
97.43812502888088	0.0
97.4481258628159	0.0
97.45812669675091	0.0
97.46812753068593	0.0
97.47812836462094	0.0
97.48812919855597	0.0
97.49813003249098	0.0
97.508130866426	0.0
97.51813170036102	0.0
97.52813253429603	0.0
97.53813336823106	0.0
97.54813420216607	0.0
97.55813503610109	0.0
97.56813587003612	0.0
97.57813670397113	0.0
97.58813753790615	0.0
97.59813837184116	0.0
97.60813920577618	0.0
97.61814003971121	0.0
97.62814087364622	0.0
97.63814170758124	0.0
97.64814254151625	0.0
97.65814337545127	0.0
97.66814420938628	0.0
97.67814504332131	0.0
97.68814587725633	0.0
97.69814671119134	0.0
97.70814754512637	0.0
97.71814837906138	0.0
97.7281492129964	0.0
97.73815004693142	0.0
97.74815088086643	0.0
97.75815171480146	0.0
97.76815254873647	0.0
97.77815338267149	0.0
97.7881542166065	0.0
97.79815505054152	0.0
97.80815588447655	0.0
97.81815671841156	0.0
97.82815755234658	0.0
97.83815838628159	0.0
97.84815922021662	0.0
97.85816005415164	0.0
97.86816088808665	0.0
97.87816172202167	0.0
97.88816255595668	0.0
97.8981633898917	0.0
97.90816422382673	0.0
97.91816505776174	0.0
97.92816589169676	0.0
97.93816672563177	0.0
97.9481675595668	0.0
97.95816839350181	0.0
97.96816922743683	0.0
97.97817006137186	0.0
97.98817089530687	0.0
97.99817172924189	0.0
98.0081725631769	0.0
98.01817339711192	0.0
98.02817423104695	0.0
98.03817506498196	0.0
98.04817589891698	0.0
98.05817673285199	0.0
98.06817756678701	0.0
98.07817840072202	0.0
98.08817923465705	0.0
98.09818006859207	0.0
98.10818090252708	0.0
98.1181817364621	0.0
98.12818257039712	0.0
98.13818340433214	0.0
98.14818423826716	0.0
98.15818507220217	0.0
98.1681859061372	0.0
98.1781867400722	0.0
98.18818757400723	0.0
98.19818840794225	0.0
98.20818924187726	0.0
98.21819007581229	0.0
98.2281909097473	0.0
98.23819174368232	0.0
98.24819257761733	0.0
98.25819341155236	0.0
98.26819424548738	0.0
98.27819507942239	0.0
98.28819591335741	0.0
98.29819674729242	0.0
98.30819758122745	0.0
98.31819841516247	0.0
98.32819924909748	0.0
98.3382000830325	0.0
98.34820091696751	0.0
98.35820175090254	0.0
98.36820258483755	0.0
98.37820341877257	0.0
98.3882042527076	0.0
98.3982050866426	0.0
98.40820592057763	0.0
98.41820675451264	0.0
98.42820758844766	0.0
98.43820842238269	0.0
98.4482092563177	0.0
98.45821009025272	0.0
98.46821092418773	0.0
98.47821175812275	0.0
98.48821259205778	0.0
98.49821342599279	0.0
98.50821425992781	0.0
98.51821509386282	0.0
98.52821592779785	0.0
98.53821676173285	0.0
98.54821759566788	0.0
98.5582184296029	0.0
98.56821926353791	0.0
98.57822009747294	0.0
98.58822093140795	0.0
98.59822176534297	0.0
98.608222599278	0.0
98.618223433213	0.0
98.62822426714803	0.0
98.63822510108304	0.0
98.64822593501806	0.0
98.65822676895307	0.0
98.6682276028881	0.0
98.67822843682312	0.0
98.68822927075813	0.0
98.69823010469315	0.0
98.70823093862816	0.0
98.71823177256319	0.0
98.72823260649821	0.0
98.73823344043322	0.0
98.74823427436824	0.0
98.75823510830325	0.0
98.76823594223828	0.0
98.7782367761733	0.0
98.78823761010831	0.0
98.79823844404333	0.0
98.80823927797834	0.0
98.81824011191337	0.0
98.82824094584838	0.0
98.8382417797834	0.0
98.84824261371843	0.0
98.85824344765344	0.0
98.86824428158846	0.0
98.87824511552347	0.0
98.8882459494585	0.0
98.89824678339352	0.0
98.90824761732853	0.0
98.91824845126355	0.0
98.92824928519856	0.0
98.93825011913358	0.0
98.9482509530686	0.0
98.95825178700362	0.0
98.96825262093864	0.0
98.97825345487365	0.0
98.98825428880868	0.0
98.99825512274369	0.0
99.00825595667871	0.0
99.01825679061373	0.0
99.02825762454874	0.0
99.03825845848377	0.0
99.04825929241878	0.0
99.0582601263538	0.0
99.06826096028882	0.0
99.07826179422383	0.0
99.08826262815886	0.0
99.09826346209387	0.0
99.10826429602889	0.0
99.1182651299639	0.0
99.12826596389893	0.0
99.13826679783395	0.0
99.14826763176896	0.0
99.15826846570398	0.0
99.168269299639	0.0
99.17827013357402	0.0
99.18827096750904	0.0
99.19827180144405	0.0
99.20827263537907	0.0
99.21827346931408	0.0
99.22827430324911	0.0
99.23827513718412	0.0
99.24827597111914	0.0
99.25827680505417	0.0
99.26827763898918	0.0
99.2782784729242	0.0
99.28827930685921	0.0
99.29828014079423	0.0
99.30828097472926	0.0
99.31828180866427	473.0
99.32828264259929	468.0
99.3382834765343	468.0
99.34828431046932	0.0
99.35828514440435	0.0
99.36828597833936	0.0
99.37828681227438	0.0
99.38828764620939	0.0
99.39828848014442	490.0
99.40828931407943	496.0
99.41829014801445	501.0
99.42829098194947	519.0
99.43829181588448	0.0
99.4482926498195	624.0
99.45829348375452	632.0
99.46829431768954	632.0
99.47829515162456	639.0
99.48829598555957	639.0
99.4982968194946	639.0
99.50829765342961	624.0
99.51829848736463	596.0
99.52829932129964	589.0
99.53830015523467	583.0
99.54830098916969	544.0
99.5583018231047	531.0
99.56830265703972	531.0
99.57830349097473	531.0
99.58830432490976	531.0
99.59830515884478	531.0
99.60830599277979	531.0
99.61830682671481	537.0
99.62830766064982	583.0
99.63830849458485	617.0
99.64830932851986	624.0
99.65831016245488	632.0
99.6683109963899	632.0
99.67831183032492	632.0
99.68831266425994	624.0
99.69831349819495	603.0
99.70831433212997	589.0
99.718315166065	576.0
99.728316	544.0
99.73831683393503	537.0
99.74831766787004	531.0
99.75831850180506	531.0
99.76831933574009	537.0
99.7783201696751	537.0
99.78832100361012	596.0
99.79832183754513	603.0
99.80832267148016	617.0
99.81832350541517	624.0
99.82832433935019	624.0
99.83832517328521	624.0
99.84832600722022	0.0
99.85832684115525	0.0
99.86832767509026	0.0
99.87832850902528	0.0
99.8883293429603	0.0
99.89833017689531	0.0
99.90833101083034	0.0
99.91833184476535	0.0
99.92833267870037	0.0
99.93833351263538	0.0
99.9483343465704	0.0
99.95833518050543	0.0
99.96833601444044	0.0
99.97833684837546	0.0
99.98833768231047	0.0
99.9983385162455	0.0
100.00833935018052	0.0
100.01834018411553	0.0
100.02834101805055	0.0
100.03834185198556	0.0
100.04834268592059	0.0
100.05834351985561	0.0
100.06834435379062	0.0
100.07834518772565	0.0
100.08834602166066	262.0
100.09834685559568	272.0
100.10834768953069	278.0
100.11834852346571	281.0
100.12834935740074	281.0
100.13835019133575	275.0
100.14835102527077	265.0
100.15835185920578	256.0
100.1683526931408	250.0
100.17835352707583	250.0
100.18835436101084	256.0
100.19835519494586	265.0
100.20835602888087	278.0
100.2183568628159	291.0
100.2283576967509	301.0
100.23835853068593	308.0
100.24835936462095	308.0
100.25836019855596	308.0
100.26836103249099	305.0
100.278361866426	305.0
100.28836270036102	301.0
100.29836353429604	301.0
100.30836436823105	301.0
100.31836520216608	305.0
100.32836603610109	312.0
100.33836687003611	316.0
100.34836770397114	319.0
100.35836853790614	319.0
100.36836937184117	319.0
100.37837020577618	316.0
100.3883710397112	316.0
100.39837187364621	312.0
100.40837270758124	308.0
100.41837354151626	308.0
100.42837437545127	308.0
100.4383752093863	312.0
100.4483760433213	316.0
100.45837687725633	316.0
100.46837771119135	316.0
100.47837854512636	316.0
100.48837937906139	316.0
100.4983802129964	312.0
100.50838104693142	312.0
100.51838188086643	308.0
100.52838271480145	312.0
100.53838354873648	312.0
100.54838438267149	316.0
100.55838521660651	319.0
100.56838605054152	319.0
100.57838688447654	319.0
100.58838771841157	316.0
100.59838855234658	308.0
100.6083893862816	305.0
100.61839022021661	0.0
100.62839105415163	0.0
100.63839188808666	0.0
100.64839272202167	0.0
100.65839355595669	0.0
100.6683943898917	0.0
100.67839522382673	0.0
100.68839605776174	0.0
100.69839689169676	0.0
100.70839772563178	0.0
100.7183985595668	0.0
100.72839939350182	0.0
100.73840022743683	0.0
100.74840106137185	0.0
100.75840189530687	0.0
100.76840272924188	0.0
100.77840356317691	0.0
100.78840439711192	0.0
100.79840523104694	0.0
100.80840606498195	0.0
100.81840689891698	0.0
100.828407732852	0.0
100.83840856678701	0.0
100.84840940072203	0.0
100.85841023465704	0.0
100.86841106859207	0.0
100.87841190252709	0.0
100.8884127364621	0.0
100.89841357039712	0.0
100.90841440433213	0.0
100.91841523826716	0.0
100.92841607220218	0.0
100.93841690613719	0.0
100.94841774007222	0.0
100.95841857400723	0.0
100.96841940794225	0.0
100.97842024187726	0.0
100.98842107581228	0.0
100.99842190974731	0.0
101.00842274368232	0.0
101.01842357761734	0.0
101.02842441155235	0.0
101.03842524548737	0.0
101.0484260794224	0.0
101.05842691335741	0.0
101.06842774729243	0.0
101.07842858122744	0.0
101.08842941516247	0.0
101.09843024909748	0.0
101.1084310830325	0.0
101.11843191696752	0.0
101.12843275090253	0.0
101.13843358483756	0.0
101.14843441877257	0.0
101.15843525270759	0.0
101.16843608664261	0.0
101.17843692057762	0.0
101.18843775451265	0.0
101.19843858844766	0.0
101.20843942238268	0.0
101.2184402563177	0.0
101.22844109025272	0.0
101.23844192418774	0.0
101.24844275812275	0.0
101.25844359205777	0.0
101.26844442599278	0.0
101.2784452599278	0.0
101.28844609386283	0.0
101.29844692779784	0.0
101.30844776173286	0.0
101.31844859566787	0.0
101.3284494296029	0.0
101.33845026353792	0.0
101.34845109747293	0.0
101.35845193140796	0.0
101.36845276534297	0.0
101.37845359927799	0.0
101.388454433213	0.0
101.39845526714802	0.0
101.40845610108305	0.0
101.41845693501806	0.0
101.42845776895308	0.0
101.43845860288809	0.0
101.44845943682311	0.0
101.45846027075814	0.0
101.46846110469315	0.0
101.47846193862817	0.0
101.48846277256318	0.0
101.4984636064982	0.0
101.50846444043323	0.0
101.51846527436824	0.0
101.52846610830326	0.0
101.53846694223827	0.0
101.5484677761733	0.0
101.5584686101083	0.0
101.56846944404333	316.0
101.57847027797835	312.0
101.58847111191336	308.0
101.59847194584839	308.0
101.6084727797834	312.0
101.61847361371842	0.0
101.62847444765345	0.0
101.63847528158846	0.0
101.64847611552348	0.0
101.65847694945849	312.0
101.66847778339351	312.0
101.67847861732852	316.0
101.68847945126355	316.0
101.69848028519857	316.0
101.70848111913358	319.0
101.7184819530686	319.0
101.72848278700361	0.0
101.73848362093864	0.0
101.74848445487366	0.0
101.75848528880867	0.0
101.7684861227437	0.0
101.7784869566787	0.0
101.78848779061373	0.0
101.79848862454875	0.0
101.80848945848376	0.0
101.81849029241879	0.0
101.8284911263538	0.0
101.83849196028882	0.0
101.84849279422383	0.0
101.85849362815885	0.0
101.86849446209388	0.0
101.87849529602889	0.0
101.88849612996391	0.0
101.89849696389892	0.0
101.90849779783395	0.0
101.91849863176897	0.0
101.92849946570398	0.0
101.938500299639	0.0
101.94850113357401	0.0
101.95850196750904	0.0
101.96850280144405	0.0
101.97850363537907	0.0
101.9885044693141	0.0
101.9985053032491	0.0
102.00850613718413	0.0
102.01850697111914	0.0
102.02850780505416	0.0
102.03850863898919	0.0
102.0485094729242	0.0
102.05851030685922	0.0
102.06851114079423	0.0
102.07851197472925	0.0
102.08851280866426	0.0
102.09851364259929	0.0
102.10851447653431	0.0
102.11851531046932	0.0
102.12851614440434	0.0
102.13851697833935	0.0
102.14851781227438	0.0
102.1585186462094	0.0
102.16851948014441	0.0
102.17852031407944	0.0
102.18852114801444	0.0
102.19852198194947	0.0
102.20852281588449	0.0
102.2185236498195	0.0
102.22852448375453	0.0
102.23852531768954	0.0
102.24852615162456	0.0
102.25852698555957	0.0
102.2685278194946	0.0
102.27852865342962	0.0
102.28852948736463	0.0
102.29853032129965	0.0
102.30853115523466	0.0
102.31853198916968	0.0
102.32853282310471	0.0
102.33853365703972	0.0
102.34853449097474	0.0
102.35853532490975	0.0
102.36853615884478	0.0
102.37853699277979	0.0
102.38853782671481	0.0
102.39853866064983	0.0
102.40853949458484	0.0
102.41854032851987	0.0
102.42854116245488	0.0
102.4385419963899	0.0
102.44854283032493	0.0
102.45854366425993	0.0
102.46854449819496	0.0
102.47854533212997	0.0
102.48854616606499	0.0
102.49854700000002	0.0
102.50854783393503	0.0
102.51854866787005	0.0
102.52854950180506	0.0
102.53855033574008	0.0
102.5485511696751	0.0
102.55855200361012	0.0
102.56855283754514	0.0
102.57855367148015	0.0
102.58855450541517	0.0
102.59855533935018	0.0
102.60855617328521	0.0
102.61855700722023	0.0
102.62855784115524	0.0
102.63855867509027	0.0
102.64855950902528	0.0
102.6585603429603	0.0
102.66856117689531	0.0
102.67856201083033	0.0
102.68856284476536	0.0
102.69856367870037	0.0
102.70856451263539	0.0
102.7185653465704	0.0
102.72856618050542	0.0
102.73856701444045	0.0
102.74856784837546	0.0
102.75856868231048	0.0
102.76856951624549	0.0
102.77857035018052	0.0
102.78857118411554	0.0
102.79857201805055	0.0
102.80857285198557	0.0
102.81857368592058	0.0
102.82857451985561	0.0
102.83857535379062	0.0
102.84857618772564	0.0
102.85857702166066	0.0
102.86857785559567	0.0
102.8785786895307	0.0
102.88857952346571	0.0
102.89858035740073	0.0
102.90858119133576	0.0
102.91858202527077	0.0
102.92858285920579	0.0
102.9385836931408	0.0
102.94858452707582	0.0
102.95858536101083	0.0
102.96858619494586	0.0
102.97858702888088	0.0
102.98858786281589	0.0
102.99858869675091	0.0
103.00858953068592	0.0
103.01859036462095	0.0
103.02859119855597	0.0
103.03859203249098	0.0
103.048592866426	0.0
103.05859370036102	0.0
103.06859453429604	0.0
103.07859536823106	0.0
103.08859620216607	0.0
103.0985970361011	0.0
103.1085978700361	0.0
103.11859870397113	0.0
103.12859953790614	0.0
103.13860037184116	0.0
103.14860120577619	0.0
103.1586020397112	0.0
103.16860287364622	0.0
103.17860370758123	0.0
103.18860454151626	0.0
103.19860537545128	0.0
103.20860620938629	0.0
103.21860704332131	0.0
103.22860787725632	0.0
103.23860871119135	0.0
103.24860954512636	0.0
103.25861037906138	0.0
103.2686112129964	0.0
103.27861204693141	0.0
103.28861288086644	0.0
103.29861371480145	0.0
103.30861454873647	0.0
103.3186153826715	0.0
103.3286162166065	0.0
103.33861705054153	0.0
103.34861788447654	0.0
103.35861871841156	0.0
103.36861955234659	0.0
103.3786203862816	0.0
103.38862122021662	0.0
103.39862205415163	0.0
103.40862288808665	0.0
103.41862372202166	0.0
103.42862455595669	646.0
103.43862538989171	639.0
103.44862622382672	639.0
103.45862705776175	646.0
103.46862789169676	646.0
103.47862872563178	646.0
103.4886295595668	646.0
103.49863039350181	646.0
103.50863122743684	646.0
103.51863206137185	646.0
103.52863289530687	654.0
103.53863372924188	654.0
103.5486345631769	654.0
103.55863539711193	654.0
103.56863623104694	654.0
103.57863706498196	0.0
103.58863789891697	0.0
103.598638732852	0.0
103.60863956678702	0.0
103.61864040072203	639.0
103.62864123465705	639.0
103.63864206859206	632.0
103.64864290252709	632.0
103.65864373646211	632.0
103.66864457039712	632.0
103.67864540433214	0.0
103.68864623826715	0.0
103.69864707220218	0.0
103.70864790613719	0.0
103.71864874007221	0.0
103.72864957400724	0.0
103.73865040794225	0.0
103.74865124187727	0.0
103.75865207581228	0.0
103.7686529097473	0.0
103.77865374368233	0.0
103.78865457761734	0.0
103.79865541155236	0.0
103.80865624548737	0.0
103.8186570794224	0.0
103.8286579133574	0.0
103.83865874729243	0.0
103.84865958122745	0.0
103.85866041516246	0.0
103.86866124909749	0.0
103.8786620830325	0.0
103.88866291696752	0.0
103.89866375090254	0.0
103.90866458483755	0.0
103.91866541877258	0.0
103.92866625270759	0.0
103.93866708664261	0.0
103.94866792057763	0.0
103.95866875451264	0.0
103.96866958844767	0.0
103.97867042238268	0.0
103.9886712563177	0.0
103.99867209025271	0.0
104.00867292418774	0.0
104.01867375812276	0.0
104.02867459205777	0.0
104.03867542599279	0.0
104.0486762599278	0.0
104.05867709386283	0.0
104.06867792779785	0.0
104.07867876173286	0.0
104.08867959566788	0.0
104.0986804296029	0.0
104.10868126353792	0.0
104.11868209747293	0.0
104.12868293140795	0.0
104.13868376534298	0.0
104.14868459927798	0.0
104.15868543321301	0.0
104.16868626714802	0.0
104.17868710108304	0.0
104.18868793501807	0.0
104.19868876895308	0.0
104.2086896028881	0.0
104.21869043682311	0.0
104.22869127075813	0.0
104.23869210469314	0.0
104.24869293862817	0.0
104.25869377256319	0.0
104.2686946064982	0.0
104.27869544043322	0.0
104.28869627436823	0.0
104.29869710830326	0.0
104.30869794223828	0.0
104.31869877617329	0.0
104.32869961010832	0.0
104.33870044404333	0.0
104.34870127797835	0.0
104.35870211191337	0.0
104.36870294584838	0.0
104.37870377978341	0.0
104.38870461371842	0.0
104.39870544765344	0.0
104.40870628158845	0.0
104.41870711552347	0.0
104.4287079494585	0.0
104.43870878339351	0.0
104.44870961732853	0.0
104.45871045126354	0.0
104.46871128519857	0.0
104.47871211913359	0.0
104.4887129530686	0.0
104.49871378700362	0.0
104.50871462093863	0.0
104.51871545487366	0.0
104.52871628880867	0.0
104.53871712274369	0.0
104.54871795667871	0.0
104.55871879061372	0.0
104.56871962454875	0.0
104.57872045848376	0.0
104.58872129241878	0.0
104.5987221263538	0.0
104.60872296028882	0.0
104.61872379422384	0.0
104.62872462815885	0.0
104.63872546209387	0.0
104.6487262960289	0.0
104.6587271299639	0.0
104.66872796389893	0.0
104.67872879783394	0.0
104.68872963176896	0.0
104.69873046570397	0.0
104.708731299639	0.0
104.71873213357402	0.0
104.72873296750903	0.0
104.73873380144406	0.0
104.74873463537907	0.0
104.75873546931409	0.0
104.76873630324911	0.0
104.77873713718412	0.0
104.78873797111915	0.0
104.79873880505416	0.0
104.80873963898918	0.0
104.81874047292419	0.0
104.82874130685921	0.0
104.83874214079424	0.0
104.84874297472925	0.0
104.85874380866427	0.0
104.86874464259928	0.0
104.8787454765343	0.0
104.88874631046933	0.0
104.89874714440434	0.0
104.90874797833936	0.0
104.91874881227437	0.0
104.9287496462094	925.0
104.93875048014442	925.0
104.94875131407943	0.0
104.95875214801445	0.0
104.96875298194946	0.0
104.97875381588449	0.0
104.9887546498195	0.0
104.99875548375452	0.0
105.00875631768955	0.0
105.01875715162456	0.0
105.02875798555958	0.0
105.03875881949459	0.0
105.04875965342961	0.0
105.05876048736464	0.0
105.06876132129965	0.0
105.07876215523467	0.0
105.08876298916968	0.0
105.0987638231047	0.0
105.10876465703971	0.0
105.11876549097474	0.0
105.12876632490976	0.0
105.13876715884477	0.0
105.1487679927798	0.0
105.1587688267148	0.0
105.16876966064983	0.0
105.17877049458485	0.0
105.18877132851986	0.0
105.19877216245489	0.0
105.2087729963899	0.0
105.21877383032492	0.0
105.22877466425994	0.0
105.23877549819495	0.0
105.24877633212998	0.0
105.25877716606499	0.0
105.26877800000001	0.0
105.27877883393502	0.0
105.28877966787005	0.0
105.29878050180507	0.0
105.30878133574008	0.0
105.3187821696751	0.0
105.32878300361011	0.0
105.33878383754514	0.0
105.34878467148016	0.0
105.35878550541517	0.0
105.3687863393502	0.0
105.3787871732852	0.0
105.38878800722023	0.0
105.39878884115524	0.0
105.40878967509026	0.0
105.41879050902529	0.0
105.4287913429603	0.0
105.43879217689532	0.0
105.44879301083033	0.0
105.45879384476535	0.0
105.46879467870038	0.0
105.47879551263539	0.0
105.48879634657041	0.0
105.49879718050542	0.0
105.50879801444044	0.0
105.51879884837547	0.0
105.52879968231048	0.0
105.5388005162455	0.0
105.54880135018051	0.0
105.55880218411554	0.0
105.56880301805055	0.0
105.57880385198557	0.0
105.58880468592059	0.0
105.5988055198556	0.0
105.60880635379063	0.0
105.61880718772564	0.0
105.62880802166066	0.0
105.63880885559568	0.0
105.6488096895307	0.0
105.65881052346572	0.0
105.66881135740073	0.0
105.67881219133575	0.0
105.68881302527076	0.0
105.69881385920579	0.0
105.70881469314081	0.0
105.71881552707582	0.0
105.72881636101084	0.0
105.73881719494585	0.0
105.74881802888088	0.0
105.7588188628159	0.0
105.76881969675091	0.0
105.77882053068593	0.0
105.78882136462094	0.0
105.79882219855597	0.0
105.80882303249099	0.0
105.818823866426	0.0
105.82882470036103	0.0
105.83882553429603	0.0
105.84882636823106	0.0
105.85882720216607	0.0
105.86882803610109	0.0
105.87882887003612	0.0
105.88882970397113	0.0
105.89883053790615	0.0
105.90883137184116	0.0
105.91883220577618	0.0
105.92883303971121	0.0
105.93883387364622	0.0
105.94883470758124	0.0
105.95883554151625	0.0
105.96883637545127	0.0
105.97883720938628	0.0
105.98883804332131	0.0
105.99883887725633	0.0
106.00883971119134	0.0
106.01884054512637	0.0
106.02884137906138	0.0
106.0388422129964	0.0
106.04884304693142	0.0
106.05884388086643	0.0
106.06884471480146	0.0
106.07884554873647	0.0
106.08884638267149	0.0
106.09884721660652	0.0
106.10884805054152	0.0
106.11884888447655	0.0
106.12884971841156	0.0
106.13885055234658	0.0
106.14885138628159	0.0
106.15885222021662	0.0
106.16885305415164	0.0
106.17885388808665	0.0
106.18885472202167	0.0
106.19885555595668	0.0
106.20885638989171	0.0
106.21885722382673	0.0
106.22885805776174	0.0
106.23885889169676	0.0
106.24885972563177	319.0
106.2588605595668	319.0
106.26886139350181	319.0
106.27886222743683	319.0
106.28886306137186	319.0
106.29886389530687	323.0
106.30886472924189	331.0
106.3188655631769	342.0
106.32886639711192	354.0
106.33886723104695	393.0
106.34886806498196	393.0
106.35886889891698	393.0
106.36886973285199	393.0
106.37887056678701	389.0
106.38887140072204	384.0
106.39887223465705	358.0
106.40887306859207	354.0
106.41887390252708	346.0
106.4288747364621	342.0
106.43887557039712	334.0
106.44887640433214	331.0
106.45887723826716	334.0
106.46887807220217	342.0
106.4788789061372	393.0
106.4888797400722	393.0
106.49888057400723	389.0
106.50888140794225	384.0
106.51888224187726	380.0
106.52888307581229	380.0
106.5388839097473	380.0
106.54888474368232	384.0
106.55888557761733	384.0
106.56888641155236	393.0
106.57888724548738	393.0
106.58888807942239	398.0
106.59888891335741	398.0
106.60888974729242	398.0
106.61889058122745	398.0
106.62889141516247	393.0
106.63889224909748	393.0
106.6488930830325	389.0
106.65889391696751	398.0
106.66889475090254	412.0
106.67889558483755	479.0
106.68889641877257	484.0
106.6988972527076	484.0
106.7088980866426	484.0
106.71889892057763	457.0
106.72889975451264	447.0
106.73890058844766	436.0
106.74890142238269	421.0
106.7589022563177	393.0
106.76890309025272	398.0
106.77890392418773	402.0
106.78890475812275	468.0
106.79890559205778	473.0
106.80890642599279	473.0
106.81890725992781	473.0
106.82890809386282	473.0
106.83890892779785	0.0
106.84890976173286	426.0
106.85891059566788	421.0
106.8689114296029	398.0
106.87891226353791	398.0
106.88891309747294	402.0
106.89891393140795	412.0
106.90891476534297	417.0
106.918915599278	417.0
106.928916433213	417.0
106.93891726714803	402.0
106.94891810108304	393.0
106.95891893501806	384.0
106.96891976895307	350.0
106.9789206028881	346.0
106.98892143682312	342.0
106.99892227075813	342.0
107.00892310469315	346.0
107.01892393862816	0.0
107.02892477256319	0.0
107.03892560649821	544.0
107.04892644043322	537.0
107.05892727436824	0.0
107.06892810830325	0.0
107.07892894223828	0.0
107.0889297761733	346.0
107.09893061010831	346.0
107.10893144404334	350.0
107.11893227797835	354.0
107.12893311191337	363.0
107.13893394584838	371.0
107.1489347797834	371.0
107.15893561371843	371.0
107.16893644765344	367.0
107.17893728158846	363.0
107.18893811552347	363.0
107.1989389494585	0.0
107.20893978339352	0.0
107.21894061732853	0.0
107.22894145126355	537.0
107.23894228519856	531.0
107.24894311913359	531.0
107.2589439530686	525.0
107.26894478700362	0.0
107.27894562093864	0.0
107.28894645487365	0.0
107.29894728880868	0.0
107.30894812274369	0.0
107.31894895667871	617.0
107.32894979061373	624.0
107.33895062454874	646.0
107.34895145848377	654.0
107.35895229241878	654.0
107.3689531263538	0.0
107.37895396028883	0.0
107.38895479422384	550.0
107.39895562815886	550.0
107.40895646209387	550.0
107.41895729602889	550.0
107.4289581299639	550.0
107.43895896389893	0.0
107.44895979783395	569.0
107.45896063176896	589.0
107.46896146570398	603.0
107.478962299639	610.0
107.48896313357402	624.0
107.49896396750904	632.0
107.50896480144405	632.0
107.51896563537908	632.0
107.52896646931408	316.0
107.53896730324911	316.0
107.54896813718412	0.0
107.55896897111914	0.0
107.56896980505417	0.0
107.57897063898918	0.0
107.5889714729242	0.0
107.59897230685921	0.0
107.60897314079423	0.0
107.61897397472926	0.0
107.62897480866427	0.0
107.63897564259929	0.0
107.6489764765343	0.0
107.65897731046933	0.0
107.66897814440435	0.0
107.67897897833936	0.0
107.68897981227438	0.0
107.69898064620939	0.0
107.70898148014442	0.0
107.71898231407943	0.0
107.72898314801445	0.0
107.73898398194947	0.0
107.74898481588448	0.0
107.75898564981951	0.0
107.76898648375452	0.0
107.77898731768954	0.0
107.78898815162457	0.0
107.79898898555957	0.0
107.8089898194946	0.0
107.81899065342961	0.0
107.82899148736463	0.0
107.83899232129964	0.0
107.84899315523467	0.0
107.85899398916969	0.0
107.8689948231047	0.0
107.87899565703972	0.0
107.88899649097473	0.0
107.89899732490976	0.0
107.90899815884478	0.0
107.91899899277979	0.0
107.92899982671481	0.0
107.93900066064982	278.0
107.94900149458485	281.0
107.95900232851987	284.0
107.96900316245488	284.0
107.9790039963899	0.0
107.98900483032492	0.0
107.99900566425994	0.0
108.00900649819495	272.0
108.01900733212997	268.0
108.029008166065	262.0
108.03900900000001	262.0
108.04900983393503	262.0
108.05901066787004	268.0
108.06901150180506	272.0
108.07901233574009	275.0
108.0890131696751	275.0
108.09901400361012	272.0
108.10901483754513	259.0
108.11901567148016	248.0
108.12901650541517	245.0
108.13901733935019	242.0
108.14901817328521	242.0
108.15901900722022	242.0
108.16901984115525	239.0
108.17902067509026	239.0
108.18902150902528	239.0
108.1990223429603	236.0
108.20902317689531	234.0
108.21902401083034	228.0
108.22902484476535	228.0
108.23902567870037	226.0
108.2490265126354	239.0
108.2590273465704	256.0
108.26902818050543	275.0
108.27902901444044	327.0
108.28902984837546	358.0
108.29903068231047	363.0
108.3090315162455	346.0
108.31903235018052	301.0
108.32903318411553	288.0
108.33903401805055	262.0
108.34903485198556	248.0
108.35903568592059	234.0
108.36903651985561	262.0
108.37903735379062	268.0
108.38903818772565	350.0
108.39903902166066	354.0
108.40903985559568	350.0
108.41904068953069	0.0
108.42904152346571	0.0
108.43904235740074	0.0
108.44904319133575	0.0
108.45904402527077	0.0
108.46904485920578	0.0
108.4790456931408	0.0
108.48904652707583	0.0
108.49904736101084	0.0
108.50904819494586	0.0
108.51904902888087	248.0
108.5290498628159	248.0
108.53905069675092	0.0
108.54905153068593	0.0
108.55905236462095	0.0
108.56905319855596	0.0
108.57905403249099	0.0
108.589054866426	0.0
108.59905570036102	0.0
108.60905653429604	0.0
108.61905736823105	220.0
108.62905820216608	223.0
108.63905903610109	220.0
108.64905987003611	213.0
108.65906070397114	203.0
108.66906153790615	199.0
108.67906237184117	194.0
108.68906320577618	194.0
108.6990640397112	196.0
108.70906487364621	201.0
108.71906570758124	203.0
108.72906654151626	206.0
108.73906737545127	206.0
108.7490682093863	206.0
108.7590690433213	203.0
108.76906987725633	203.0
108.77907071119135	203.0
108.78907154512636	203.0
108.79907237906139	203.0
108.8090732129964	213.0
108.81907404693142	220.0
108.82907488086644	228.0
108.83907571480145	234.0
108.84907654873648	239.0
108.85907738267149	242.0
108.86907821660651	242.0
108.87907905054152	242.0
108.88907988447654	242.0
108.89908071841157	242.0
108.90908155234658	248.0
108.9190823862816	256.0
108.92908322021661	272.0
108.93908405415164	291.0
108.94908488808666	316.0
108.95908572202167	327.0
108.9690865559567	327.0
108.9790873898917	291.0
108.98908822382673	288.0
108.99908905776174	278.0
109.00908989169676	262.0
109.01909072563178	259.0
109.0290915595668	262.0
109.03909239350182	278.0
109.04909322743683	291.0
109.05909406137185	305.0
109.06909489530688	316.0
109.07909572924189	327.0
109.08909656317691	331.0
109.09909739711192	331.0
109.10909823104694	334.0
109.11909906498195	331.0
109.12909989891698	331.0
109.139100732852	327.0
109.14910156678701	319.0
109.15910240072203	316.0
109.16910323465704	316.0
109.17910406859207	316.0
109.18910490252709	319.0
109.1991057364621	319.0
109.20910657039713	319.0
109.21910740433214	319.0
109.22910823826716	319.0
109.23910907220218	319.0
109.24910990613719	319.0
109.25911074007222	316.0
109.26911157400723	316.0
109.27911240794225	316.0
109.28911324187726	316.0
109.29911407581228	316.0
109.30911490974731	316.0
109.31911574368232	316.0
109.32911657761734	316.0
109.33911741155235	312.0
109.34911824548738	312.0
109.3591190794224	312.0
109.36911991335741	308.0
109.37912074729243	308.0
109.38912158122744	305.0
109.39912241516247	301.0
109.40912324909748	298.0
109.4191240830325	294.0
109.42912491696752	288.0
109.43912575090253	281.0
109.44912658483756	275.0
109.45912741877257	265.0
109.46912825270759	259.0
109.47912908664262	253.0
109.48912992057762	250.0
109.49913075451265	248.0
109.50913158844766	248.0
109.51913242238268	248.0
109.5291332563177	248.0
109.53913409025272	250.0
109.54913492418774	0.0
109.55913575812275	0.0
109.56913659205777	0.0
109.57913742599278	0.0
109.58913825992781	0.0
109.59913909386283	0.0
109.60913992779784	0.0
109.61914076173287	0.0
109.62914159566787	0.0
109.6391424296029	0.0
109.64914326353792	0.0
109.65914409747293	0.0
109.66914493140796	0.0
109.67914576534297	0.0
109.68914659927799	0.0
109.699147433213	0.0
109.70914826714802	0.0
109.71914910108305	0.0
109.72914993501806	0.0
109.73915076895308	0.0
109.74915160288809	0.0
109.75915243682311	0.0
109.76915327075814	0.0
109.77915410469315	0.0
109.78915493862817	0.0
109.79915577256318	0.0
109.8091566064982	0.0
109.81915744043323	0.0
109.82915827436824	0.0
109.83915910830326	0.0
109.84915994223827	0.0
109.8591607761733	0.0
109.8691616101083	0.0
109.87916244404333	0.0
109.88916327797835	0.0
109.89916411191336	0.0
109.90916494584839	0.0
109.9191657797834	0.0
109.92916661371842	0.0
109.93916744765345	0.0
109.94916828158846	0.0
109.95916911552348	0.0
109.96916994945849	0.0
109.97917078339351	0.0
109.98917161732852	0.0
109.99917245126355	0.0
110.00917328519857	0.0
110.01917411913358	0.0
110.0291749530686	0.0
110.03917578700361	0.0
110.04917662093864	0.0
110.05917745487366	0.0
110.06917828880867	0.0
110.0791791227437	0.0
110.0891799566787	0.0
110.09918079061373	0.0
110.10918162454875	0.0
110.11918245848376	0.0
110.12918329241879	0.0
110.1391841263538	0.0
110.14918496028882	0.0
110.15918579422383	0.0
110.16918662815885	0.0
110.17918746209388	0.0
110.18918829602889	0.0
110.19918912996391	0.0
110.20918996389892	0.0
110.21919079783395	0.0
110.22919163176897	0.0
110.23919246570398	0.0
110.249193299639	0.0
110.25919413357401	0.0
110.26919496750904	0.0
110.27919580144405	0.0
110.28919663537907	0.0
110.2991974693141	0.0
110.3091983032491	0.0
110.31919913718413	0.0
110.32919997111914	0.0
110.33920080505416	0.0
110.34920163898919	0.0
110.3592024729242	0.0
110.36920330685922	0.0
110.37920414079423	0.0
110.38920497472925	0.0
110.39920580866428	0.0
110.40920664259929	0.0
110.41920747653431	0.0
110.42920831046932	0.0
110.43920914440434	0.0
110.44920997833935	0.0
110.45921081227438	0.0
110.4692116462094	0.0
110.47921248014441	0.0
110.48921331407944	0.0
110.49921414801445	0.0
110.50921498194947	0.0
110.5192158158845	0.0
110.5292166498195	0.0
110.53921748375453	0.0
110.54921831768954	0.0
110.55921915162456	0.0
110.56921998555957	0.0
110.5792208194946	0.0
110.58922165342962	0.0
110.59922248736463	0.0
110.60922332129965	0.0
110.61922415523466	0.0
110.62922498916969	0.0
110.63922582310471	0.0
110.64922665703972	0.0
110.65922749097474	0.0
110.66922832490975	0.0
110.67922915884478	0.0
110.6892299927798	0.0
110.69923082671481	0.0
110.70923166064983	0.0
110.71923249458484	0.0
110.72923332851987	0.0
110.73923416245488	0.0
110.7492349963899	0.0
110.75923583032493	0.0
110.76923666425994	0.0
110.77923749819496	0.0
110.78923833212997	0.0
110.799239166065	0.0
110.80924000000002	0.0
110.81924083393503	0.0
110.82924166787005	0.0
110.83924250180506	0.0
110.84924333574008	0.0
110.8592441696751	0.0
110.86924500361012	0.0
110.87924583754514	0.0
110.88924667148015	0.0
110.89924750541518	0.0
110.90924833935019	0.0
110.91924917328521	0.0
110.92925000722023	0.0
110.93925084115524	0.0
110.94925167509027	0.0
110.95925250902528	0.0
110.9692533429603	0.0
110.97925417689532	0.0
110.98925501083033	0.0
110.99925584476536	0.0
111.00925667870037	0.0
111.01925751263539	0.0
111.0292583465704	0.0
111.03925918050543	0.0
111.04926001444045	0.0
111.05926084837546	0.0
111.06926168231048	0.0
111.07926251624549	0.0
111.08926335018052	0.0
111.09926418411554	0.0
111.10926501805055	0.0
111.11926585198557	0.0
111.12926668592058	0.0
111.13926751985561	0.0
111.14926835379062	0.0
111.15926918772564	0.0
111.16927002166067	0.0
111.17927085559568	0.0
111.1892716895307	0.0
111.19927252346571	0.0
111.20927335740073	0.0
111.21927419133576	0.0
111.22927502527077	0.0
111.23927585920579	0.0
111.2492766931408	0.0
111.25927752707582	0.0
111.26927836101083	0.0
111.27927919494586	0.0
111.28928002888088	0.0
111.29928086281589	0.0
111.30928169675092	0.0
111.31928253068592	0.0
111.32928336462095	914.0
111.33928419855597	0.0
111.34928503249098	0.0
111.359285866426	0.0
111.36928670036102	0.0
111.37928753429604	0.0
111.38928836823106	0.0
111.39928920216607	0.0
111.4092900361011	0.0
111.41929087003611	0.0
111.42929170397113	0.0
111.43929253790614	0.0
111.44929337184116	0.0
111.45929420577619	0.0
111.4692950397112	0.0
111.47929587364622	0.0
111.48929670758123	0.0
111.49929754151626	0.0
111.50929837545128	0.0
111.51929920938629	0.0
111.52930004332131	0.0
111.53930087725632	0.0
111.54930171119135	0.0
111.55930254512636	0.0
111.56930337906138	0.0
111.5793042129964	0.0
111.58930504693141	0.0
111.59930588086644	0.0
111.60930671480145	0.0
111.61930754873647	0.0
111.6293083826715	0.0
111.6393092166065	0.0
111.64931005054153	0.0
111.65931088447654	0.0
111.66931171841156	0.0
111.67931255234659	0.0
111.6893133862816	0.0
111.69931422021662	0.0
111.70931505415163	0.0
111.71931588808665	0.0
111.72931672202166	0.0
111.73931755595669	0.0
111.74931838989171	0.0
111.75931922382672	0.0
111.76932005776175	0.0
111.77932089169676	0.0
111.78932172563178	0.0
111.7993225595668	0.0
111.80932339350181	0.0
111.81932422743684	0.0
111.82932506137185	0.0
111.83932589530687	0.0
111.84932672924188	0.0
111.8593275631769	0.0
111.86932839711193	0.0
111.87932923104694	0.0
111.88933006498196	0.0
111.89933089891697	0.0
111.909331732852	0.0
111.91933256678702	0.0
111.92933340072203	0.0
111.93933423465705	0.0
111.94933506859206	0.0
111.95933590252709	0.0
111.96933673646211	0.0
111.97933757039712	0.0
111.98933840433214	0.0
111.99933923826715	0.0
112.00934007220218	0.0
112.01934090613719	0.0
112.02934174007221	0.0
112.03934257400724	0.0
112.04934340794225	0.0
112.05934424187727	0.0
112.06934507581228	0.0
112.0793459097473	0.0
112.08934674368233	0.0
112.09934757761734	0.0
112.10934841155236	0.0
112.11934924548737	0.0
112.1293500794224	0.0
112.1393509133574	0.0
112.14935174729243	0.0
112.15935258122745	0.0
112.16935341516246	0.0
112.17935424909749	0.0
112.1893550830325	0.0
112.19935591696752	0.0
112.20935675090254	0.0
112.21935758483755	0.0
112.22935841877258	0.0
112.23935925270759	0.0
112.24936008664261	0.0
112.25936092057763	0.0
112.26936175451264	0.0
112.27936258844767	0.0
112.28936342238268	0.0
112.2993642563177	0.0
112.30936509025271	0.0
112.31936592418774	0.0
112.32936675812276	0.0
112.33936759205777	0.0
112.3493684259928	0.0
112.3593692599278	0.0
112.36937009386283	0.0
112.37937092779785	0.0
112.38937176173286	0.0
112.39937259566788	0.0
112.4093734296029	0.0
112.41937426353792	0.0
112.42937509747293	0.0
112.43937593140795	0.0
112.44937676534298	0.0
112.45937759927799	0.0
112.46937843321301	0.0
112.47937926714802	0.0
112.48938010108304	0.0
112.49938093501807	0.0
112.50938176895308	0.0
112.5193826028881	0.0
112.52938343682311	0.0
112.53938427075813	0.0
112.54938510469316	0.0
112.55938593862817	0.0
112.56938677256319	0.0
112.5793876064982	0.0
112.58938844043323	0.0
112.59938927436824	0.0
112.60939010830326	0.0
112.61939094223828	0.0
112.62939177617329	0.0
112.63939261010832	0.0
112.64939344404333	0.0
112.65939427797835	0.0
112.66939511191337	0.0
112.67939594584838	0.0
112.68939677978341	0.0
112.69939761371842	0.0
112.70939844765344	0.0
112.71939928158845	0.0
112.72940011552348	0.0
112.7394009494585	0.0
112.74940178339351	0.0
112.75940261732853	0.0
112.76940345126354	0.0
112.77940428519857	0.0
112.78940511913359	0.0
112.7994059530686	0.0
112.80940678700362	0.0
112.81940762093863	0.0
112.82940845487366	0.0
112.83940928880868	0.0
112.84941012274369	0.0
112.85941095667872	0.0
112.86941179061373	0.0
112.87941262454875	0.0
112.88941345848376	0.0
112.89941429241878	0.0
112.9094151263538	0.0
112.91941596028882	0.0
112.92941679422384	0.0
112.93941762815885	0.0
112.94941846209387	0.0
112.9594192960289	0.0
112.96942012996391	0.0
112.97942096389893	0.0
112.98942179783394	0.0
112.99942263176897	0.0
113.00942346570397	0.0
113.019424299639	0.0
113.02942513357402	0.0
113.03942596750903	0.0
113.04942680144406	0.0
113.05942763537907	0.0
113.06942846931409	0.0
113.07942930324911	0.0
113.08943013718412	0.0
113.09943097111915	0.0
113.10943180505416	0.0
113.11943263898918	0.0
113.1294334729242	0.0
113.13943430685921	0.0
113.14943514079424	0.0
113.15943597472925	0.0
113.16943680866427	0.0
113.17943764259928	0.0
113.1894384765343	0.0
113.19943931046933	0.0
113.20944014440434	0.0
113.21944097833936	0.0
113.22944181227437	0.0
113.2394426462094	0.0
113.24944348014442	0.0
113.25944431407943	0.0
113.26944514801446	0.0
113.27944598194946	0.0
113.28944681588449	0.0
113.2994476498195	0.0
113.30944848375452	242.0
113.31944931768955	242.0
113.32945015162456	242.0
113.33945098555958	242.0
113.34945181949459	242.0
113.35945265342961	242.0
113.36945348736464	242.0
113.37945432129965	242.0
113.38945515523467	242.0
113.39945598916968	245.0
113.4094568231047	245.0
113.41945765703973	0.0
113.42945849097474	0.0
113.43945932490976	0.0
113.44946015884477	0.0
113.4594609927798	0.0
113.4694618267148	0.0
113.47946266064983	0.0
113.48946349458485	342.0
113.49946432851986	342.0
113.50946516245489	338.0
113.5194659963899	334.0
113.52946683032492	331.0
113.53946766425994	331.0
113.54946849819495	331.0
113.55946933212998	331.0
113.56947016606499	331.0
113.57947100000001	0.0
113.58947183393502	0.0
113.59947266787005	0.0
113.60947350180507	0.0
113.61947433574008	0.0
113.6294751696751	0.0
113.63947600361011	0.0
113.64947683754514	0.0
113.65947767148016	0.0
113.66947850541517	0.0
113.6794793393502	0.0
113.6894801732852	0.0
113.69948100722023	0.0
113.70948184115524	0.0
113.71948267509026	0.0
113.72948350902529	0.0
113.7394843429603	0.0
113.74948517689532	0.0
113.75948601083033	0.0
113.76948684476535	0.0
113.77948767870038	0.0
113.78948851263539	0.0
113.79948934657041	0.0
113.80949018050542	0.0
113.81949101444044	0.0
113.82949184837547	0.0
113.83949268231048	0.0
113.8494935162455	0.0
113.85949435018051	0.0
113.86949518411554	0.0
113.87949601805055	0.0
113.88949685198557	0.0
113.8994976859206	0.0
113.9094985198556	0.0
113.91949935379063	0.0
113.92950018772564	0.0
113.93950102166066	0.0
113.94950185559568	0.0
113.9595026895307	0.0
113.96950352346572	0.0
113.97950435740073	0.0
113.98950519133575	0.0
113.99950602527076	0.0
114.00950685920579	0.0
114.01950769314081	0.0
114.02950852707582	0.0
114.03950936101084	0.0
114.04951019494585	0.0
114.05951102888088	0.0
114.0695118628159	0.0
114.07951269675091	0.0
114.08951353068593	0.0
114.09951436462094	0.0
114.10951519855597	0.0
114.11951603249099	0.0
114.129516866426	0.0
114.13951770036103	0.0
114.14951853429604	0.0
114.15951936823106	0.0
114.16952020216607	0.0
114.1795210361011	0.0
114.18952187003612	0.0
114.19952270397113	0.0
114.20952353790615	0.0
114.21952437184116	0.0
114.22952520577618	0.0
114.23952603971121	0.0
114.24952687364622	0.0
114.25952770758124	0.0
114.26952854151625	0.0
114.27952937545128	0.0
114.28953020938629	0.0
114.29953104332131	0.0
114.30953187725633	0.0
114.31953271119134	0.0
114.32953354512637	0.0
114.33953437906138	0.0
114.3495352129964	0.0
114.35953604693142	0.0
114.36953688086643	0.0
114.37953771480146	0.0
114.38953854873647	0.0
114.39953938267149	0.0
114.40954021660652	0.0
114.41954105054153	0.0
114.42954188447655	0.0
114.43954271841156	0.0
114.44954355234658	0.0
114.45954438628159	0.0
114.46954522021662	0.0
114.47954605415164	0.0
114.48954688808665	0.0
114.49954772202167	0.0
114.50954855595668	0.0
114.51954938989171	0.0
114.52955022382673	0.0
114.53955105776174	0.0
114.54955189169677	0.0
114.55955272563178	0.0
114.5695535595668	0.0
114.57955439350181	0.0
114.58955522743683	0.0
114.59955606137186	0.0
114.60955689530687	0.0
114.61955772924189	0.0
114.6295585631769	0.0
114.63955939711192	0.0
114.64956023104695	0.0
114.65956106498196	0.0
114.66956189891698	0.0
114.67956273285199	0.0
114.68956356678702	0.0
114.69956440072204	0.0
114.70956523465705	0.0
114.71956606859207	0.0
114.72956690252708	0.0
114.7395677364621	0.0
114.74956857039712	0.0
114.75956940433214	0.0
114.76957023826716	0.0
114.77957107220217	0.0
114.7895719061372	0.0
114.79957274007221	358.0
114.80957357400723	367.0
114.81957440794226	375.0
114.82957524187727	389.0
114.83957607581229	402.0
114.8495769097473	412.0
114.85957774368232	412.0
114.86957857761733	0.0
114.87957941155236	0.0
114.88958024548738	0.0
114.89958107942239	0.0
114.90958191335741	346.0
114.91958274729242	342.0
114.92958358122745	342.0
114.93958441516247	354.0
114.94958524909748	371.0
114.9595860830325	380.0
114.96958691696751	384.0
114.97958775090254	389.0
114.98958858483756	393.0
114.99958941877257	393.0
115.0095902527076	393.0
115.0195910866426	389.0
115.02959192057763	384.0
115.03959275451264	384.0
115.04959358844766	380.0
115.05959442238269	371.0
115.0695952563177	354.0
115.07959609025272	354.0
115.08959692418773	393.0
115.09959775812275	398.0
115.10959859205778	398.0
115.11959942599279	398.0
115.12960025992781	398.0
115.13960109386282	393.0
115.14960192779785	389.0
115.15960276173286	384.0
115.16960359566788	384.0
115.1796044296029	384.0
115.18960526353791	384.0
115.19960609747294	393.0
115.20960693140795	412.0
115.21960776534297	412.0
115.229608599278	407.0
115.239609433213	402.0
115.24961026714803	393.0
115.25961110108304	393.0
115.26961193501806	389.0
115.27961276895309	393.0
115.2896136028881	393.0
115.29961443682312	398.0
115.30961527075813	398.0
115.31961610469315	393.0
115.32961693862816	393.0
115.33961777256319	389.0
115.34961860649821	380.0
115.35961944043322	363.0
115.36962027436824	354.0
115.37962110830325	350.0
115.38962194223828	354.0
115.3996227761733	412.0
115.40962361010831	412.0
115.41962444404334	407.0
115.42962527797835	402.0
115.43962611191337	363.0
115.44962694584838	354.0
115.4596277797834	350.0
115.46962861371843	346.0
115.47962944765344	308.0
115.48963028158846	305.0
115.49963111552347	308.0
115.5096319494585	308.0
115.51963278339352	316.0
115.52963361732853	316.0
115.53963445126355	319.0
115.54963528519856	323.0
115.55963611913359	323.0
115.56963695306861	323.0
115.57963778700362	323.0
115.58963862093864	323.0
115.59963945487365	323.0
115.60964028880868	323.0
115.61964112274369	319.0
115.62964195667871	319.0
115.63964279061373	319.0
115.64964362454874	319.0
115.65964445848377	323.0
115.66964529241878	323.0
115.6796461263538	323.0
115.68964696028883	323.0
115.69964779422384	323.0
115.70964862815886	323.0
115.71964946209387	323.0
115.7296502960289	323.0
115.7396511299639	323.0
115.74965196389893	323.0
115.75965279783395	323.0
115.76965363176896	323.0
115.77965446570398	323.0
115.789655299639	323.0
115.79965613357402	323.0
115.80965696750904	323.0
115.81965780144405	323.0
115.82965863537908	323.0
115.83965946931409	323.0
115.84966030324911	323.0
115.85966113718413	323.0
115.86966197111914	323.0
115.87966280505417	323.0
115.88966363898918	323.0
115.8996644729242	319.0
115.90966530685921	319.0
115.91966614079423	319.0
115.92966697472926	319.0
115.93966780866427	316.0
115.94966864259929	316.0
115.9596694765343	319.0
115.96967031046933	319.0
115.97967114440435	319.0
115.98967197833936	319.0
115.99967281227438	319.0
116.0096736462094	323.0
116.01967448014442	323.0
116.02967531407943	319.0
116.03967614801445	319.0
116.04967698194947	319.0
116.05967781588448	319.0
116.06967864981951	319.0
116.07967948375452	319.0
116.08968031768954	319.0
116.09968115162457	323.0
116.10968198555958	323.0
116.1196828194946	323.0
116.12968365342961	323.0
116.13968448736463	319.0
116.14968532129964	319.0
116.15968615523467	316.0
116.16968698916969	312.0
116.1796878231047	308.0
116.18968865703972	316.0
116.19968949097473	327.0
116.20969032490976	350.0
116.21969115884478	371.0
116.22969199277979	380.0
116.23969282671482	384.0
116.24969366064983	398.0
116.25969449458485	412.0
116.26969532851987	421.0
116.27969616245488	421.0
116.2896969963899	346.0
116.29969783032492	334.0
116.30969866425994	327.0
116.31969949819495	327.0
116.32970033212997	327.0
116.339701166065	338.0
116.34970200000001	346.0
116.35970283393503	363.0
116.36970366787004	380.0
116.37970450180507	384.0
116.38970533574009	384.0
116.3997061696751	384.0
116.40970700361012	380.0
116.41970783754513	363.0
116.42970867148016	342.0
116.43970950541517	334.0
116.44971033935019	334.0
116.45971117328521	338.0
116.46971200722022	346.0
116.47971284115525	350.0
116.48971367509026	371.0
116.49971450902528	398.0
116.5097153429603	398.0
116.51971617689532	398.0
116.52971701083034	393.0
116.53971784476535	393.0
116.54971867870037	389.0
116.5597195126354	389.0
116.5697203465704	389.0
116.57972118050543	389.0
116.58972201444044	389.0
116.59972284837546	389.0
116.60972368231047	393.0
116.6197245162455	398.0
116.62972535018052	402.0
116.63972618411553	407.0
116.64972701805056	407.0
116.65972785198556	407.0
116.66972868592059	402.0
116.67972951985561	398.0
116.68973035379062	389.0
116.69973118772565	384.0
116.70973202166066	375.0
116.71973285559568	371.0
116.72973368953069	367.0
116.73973452346571	358.0
116.74973535740074	346.0
116.75973619133575	342.0
116.76973702527077	342.0
116.77973785920578	334.0
116.7897386931408	327.0
116.79973952707583	319.0
116.80974036101084	316.0
116.81974119494586	312.0
116.82974202888087	312.0
116.8397428628159	316.0
116.84974369675092	319.0
116.85974453068593	319.0
116.86974536462095	319.0
116.87974619855596	319.0
116.88974703249099	319.0
116.899747866426	319.0
116.90974870036102	319.0
116.91974953429605	316.0
116.92975036823105	316.0
116.93975120216608	316.0
116.94975203610109	316.0
116.95975287003611	316.0
116.96975370397114	316.0
116.97975453790615	319.0
116.98975537184117	319.0
116.99975620577618	319.0
117.0097570397112	319.0
117.01975787364621	316.0
117.02975870758124	316.0
117.03975954151626	312.0
117.04976037545127	316.0
117.0597612093863	319.0
117.0697620433213	327.0
117.07976287725633	342.0
117.08976371119135	358.0
117.09976454512636	393.0
117.10976537906139	436.0
117.1197662129964	421.0
117.12976704693142	398.0
117.13976788086644	375.0
117.14976871480145	350.0
117.15976954873648	331.0
117.16977038267149	319.0
117.17977121660651	323.0
117.18977205054152	0.0
117.19977288447654	0.0
117.20977371841157	367.0
117.21977455234658	375.0
117.2297753862816	375.0
117.23977622021661	375.0
117.24977705415164	371.0
117.25977788808666	363.0
117.26977872202167	350.0
117.2797795559567	354.0
117.2897803898917	380.0
117.29978122382673	402.0
117.30978205776174	417.0
117.31978289169676	426.0
117.32978372563178	436.0
117.3397845595668	436.0
117.34978539350182	431.0
117.35978622743683	417.0
117.36978706137185	371.0
117.37978789530688	346.0
117.38978872924189	338.0
117.39978956317691	342.0
117.40979039711192	346.0
117.41979123104694	350.0
117.42979206498197	354.0
117.43979289891698	358.0
117.449793732852	358.0
117.45979456678701	354.0
117.46979540072203	342.0
117.47979623465704	331.0
117.48979706859207	323.0
117.49979790252709	316.0
117.5097987364621	312.0
117.51979957039713	316.0
117.52980040433214	316.0
117.53980123826716	316.0
117.54980207220218	319.0
117.5598029061372	319.0
117.56980374007222	316.0
117.57980457400723	316.0
117.58980540794225	316.0
117.59980624187726	316.0
117.60980707581228	316.0
117.61980790974731	316.0
117.62980874368232	316.0
117.63980957761734	316.0
117.64981041155235	316.0
117.65981124548738	316.0
117.6698120794224	319.0
117.67981291335741	319.0
117.68981374729243	319.0
117.69981458122744	319.0
117.70981541516247	319.0
117.71981624909749	319.0
117.7298170830325	319.0
117.73981791696752	319.0
117.74981875090253	316.0
117.75981958483756	316.0
117.76982041877257	0.0
117.77982125270759	0.0
117.78982208664262	0.0
117.79982292057763	308.0
117.80982375451265	294.0
117.81982458844766	288.0
117.82982542238268	275.0
117.8398262563177	265.0
117.84982709025272	259.0
117.85982792418774	265.0
117.86982875812275	275.0
117.87982959205777	281.0
117.88983042599278	380.0
117.89983125992781	363.0
117.90983209386283	323.0
117.91983292779784	308.0
117.92983376173287	291.0
117.93983459566788	281.0
117.9498354296029	272.0
117.95983626353792	268.0
117.96983709747293	275.0
117.97983793140796	281.0
117.98983876534297	288.0
117.99983959927799	291.0
118.00984043321301	291.0
118.01984126714802	284.0
118.02984210108305	278.0
118.03984293501806	272.0
118.04984376895308	265.0
118.05984460288809	259.0
118.06984543682312	262.0
118.07984627075814	265.0
118.08984710469315	272.0
118.09984793862817	278.0
118.10984877256318	278.0
118.1198496064982	278.0
118.12985044043323	272.0
118.13985127436824	265.0
118.14985210830326	259.0
118.15985294223827	250.0
118.1698537761733	245.0
118.17985461010831	239.0
118.18985544404333	236.0
118.19985627797836	236.0
118.20985711191337	239.0
118.21985794584839	242.0
118.2298587797834	242.0
118.23985961371842	242.0
118.24986044765345	239.0
118.25986128158846	236.0
118.26986211552348	236.0
118.27986294945849	236.0
118.28986378339351	236.0
118.29986461732852	239.0
118.30986545126355	242.0
118.31986628519857	245.0
118.32986711913358	248.0
118.3398679530686	250.0
118.34986878700362	250.0
118.35986962093864	250.0
118.36987045487366	248.0
118.37987128880867	242.0
118.3898721227437	242.0
118.3998729566787	239.0
118.40987379061373	242.0
118.41987462454875	242.0
118.42987545848376	245.0
118.43987629241879	248.0
118.4498771263538	250.0
118.45987796028882	253.0
118.46987879422383	259.0
118.47987962815886	268.0
118.48988046209388	281.0
118.49988129602889	291.0
118.50988212996391	298.0
118.51988296389892	305.0
118.52988379783395	308.0
118.53988463176897	312.0
118.54988546570398	316.0
118.559886299639	316.0
118.56988713357401	312.0
118.57988796750904	301.0
118.58988880144405	291.0
118.59988963537907	281.0
118.6098904693141	275.0
118.6198913032491	268.0
118.62989213718413	262.0
118.63989297111914	259.0
118.64989380505416	262.0
118.65989463898919	265.0
118.6698954729242	275.0
118.67989630685922	281.0
118.68989714079423	291.0
118.69989797472925	301.0
118.70989880866428	308.0
118.71989964259929	312.0
118.72990047653431	316.0
118.73990131046932	319.0
118.74990214440434	319.0
118.75990297833935	312.0
118.76990381227438	305.0
118.7799046462094	298.0
118.78990548014441	291.0
118.79990631407944	284.0
118.80990714801445	278.0
118.81990798194947	275.0
118.8299088158845	272.0
118.8399096498195	268.0
118.84991048375453	265.0
118.85991131768954	265.0
118.86991215162456	268.0
118.87991298555957	272.0
118.8899138194946	0.0
118.89991465342962	0.0
118.90991548736463	0.0
118.91991632129965	0.0
118.92991715523466	0.0
118.93991798916969	0.0
118.94991882310471	0.0
118.95991965703972	0.0
118.96992049097474	0.0
118.97992132490975	0.0
118.98992215884478	0.0
118.9999229927798	0.0
119.00992382671481	0.0
119.01992466064983	0.0
119.02992549458484	0.0
119.03992632851987	0.0
119.04992716245488	0.0
119.0599279963899	0.0
119.06992883032493	0.0
119.07992966425994	0.0
119.08993049819496	0.0
119.09993133212997	0.0
119.109932166065	0.0
119.11993300000002	0.0
119.12993383393503	0.0
119.13993466787005	0.0
119.14993550180506	0.0
119.15993633574008	0.0
119.1699371696751	0.0
119.17993800361012	0.0
119.18993883754514	0.0
119.19993967148015	0.0
119.20994050541518	0.0
119.21994133935019	0.0
119.22994217328521	0.0
119.23994300722023	0.0
119.24994384115524	0.0
119.25994467509027	0.0
119.26994550902528	0.0
119.2799463429603	0.0
119.28994717689532	0.0
119.29994801083033	0.0
119.30994884476536	0.0
119.31994967870037	0.0
119.32995051263539	0.0
119.3399513465704	0.0
119.34995218050543	0.0
119.35995301444045	0.0
119.36995384837546	0.0
119.37995468231048	0.0
119.3899555162455	0.0
119.39995635018052	0.0
119.40995718411554	0.0
119.41995801805055	0.0
119.42995885198557	0.0
119.43995968592058	0.0
119.44996051985561	0.0
119.45996135379062	0.0
119.46996218772564	0.0
119.47996302166067	0.0
119.48996385559568	0.0
119.4999646895307	0.0
119.50996552346571	0.0
119.51996635740073	0.0
119.52996719133576	0.0
119.53996802527077	0.0
119.54996885920579	0.0
119.5599696931408	0.0
119.56997052707582	0.0
119.57997136101085	0.0
119.58997219494586	393.0
119.59997302888088	389.0
119.60997386281589	389.0
119.61997469675092	389.0
119.62997553068593	393.0
119.63997636462095	398.0
119.64997719855597	402.0
119.65997803249098	407.0
119.669978866426	412.0
119.67997970036102	412.0
119.68998053429604	407.0
119.69998136823106	398.0
119.70998220216607	393.0
119.7199830361011	384.0
119.72998387003611	380.0
119.73998470397113	375.0
119.74998553790614	367.0
119.75998637184117	363.0
119.76998720577619	358.0
119.7799880397112	354.0
119.78998887364622	354.0
119.79998970758123	354.0
119.80999054151626	354.0
119.81999137545128	363.0
119.82999220938629	371.0
119.83999304332131	375.0
119.84999387725632	380.0
119.85999471119135	380.0
119.86999554512637	375.0
119.87999637906138	371.0
119.8899972129964	363.0
119.89999804693142	358.0
119.90999888086644	350.0
119.91999971480145	346.0
119.93000054873647	338.0
119.9400013826715	334.0
119.9500022166065	327.0
119.96000305054153	323.0
119.97000388447654	319.0
119.98000471841156	316.0
119.99000555234659	316.0
120.0000063862816	316.0
120.01000722021662	316.0
120.02000805415163	316.0
120.03000888808666	316.0
120.04000972202167	316.0
120.05001055595669	316.0
120.06001138989171	316.0
120.07001222382672	316.0
120.08001305776175	308.0
120.09001389169676	0.0
120.10001472563178	0.0
120.1100155595668	305.0
120.12001639350181	316.0
120.13001722743684	316.0
120.14001806137185	316.0
120.15001889530687	316.0
120.1600197292419	316.0
120.1700205631769	312.0
120.18002139711193	312.0
120.19002223104694	312.0
120.20002306498196	316.0
120.21002389891697	319.0
120.220024732852	323.0
120.23002556678702	327.0
120.24002640072203	354.0
120.25002723465705	363.0
120.26002806859206	0.0
120.27002890252709	0.0
120.28002973646211	398.0
120.29003057039712	402.0
120.30003140433215	0.0
120.31003223826715	0.0
120.32003307220218	0.0
120.33003390613719	354.0
120.34003474007221	350.0
120.35003557400724	350.0
120.36003640794225	350.0
120.37003724187727	354.0
120.38003807581228	363.0
120.3900389097473	375.0
120.40003974368233	393.0
120.41004057761734	407.0
120.42004141155236	412.0
120.43004224548737	412.0
120.4400430794224	412.0
120.45004391335742	412.0
120.46004474729243	402.0
120.47004558122745	398.0
120.48004641516246	393.0
120.49004724909749	393.0
120.5000480830325	393.0
120.51004891696752	393.0
120.52004975090254	398.0
120.53005058483755	398.0
120.54005141877258	402.0
120.55005225270759	407.0
120.56005308664261	412.0
120.57005392057764	412.0
120.58005475451264	412.0
120.59005558844767	417.0
120.60005642238268	417.0
120.6100572563177	417.0
120.62005809025271	417.0
120.63005892418774	412.0
120.64005975812276	412.0
120.65006059205777	407.0
120.6600614259928	407.0
120.6700622599278	402.0
120.68006309386283	398.0
120.69006392779785	389.0
120.70006476173286	384.0
120.71006559566788	375.0
120.7200664296029	367.0
120.73006726353792	363.0
120.74006809747293	354.0
120.75006893140795	350.0
120.76006976534298	350.0
120.77007059927799	350.0
120.78007143321301	350.0
120.79007226714802	354.0
120.80007310108304	358.0
120.81007393501807	358.0
120.82007476895308	363.0
120.8300756028881	371.0
120.84007643682311	380.0
120.85007727075813	389.0
120.86007810469316	398.0
120.87007893862817	398.0
120.88007977256319	402.0
120.8900806064982	402.0
120.90008144043323	402.0
120.91008227436824	402.0
120.92008310830326	398.0
120.93008394223828	398.0
120.9400847761733	398.0
120.95008561010832	393.0
120.96008644404333	393.0
120.97008727797835	393.0
120.98008811191337	393.0
120.99008894584838	389.0
121.00008977978341	389.0
121.01009061371842	384.0
121.02009144765344	375.0
121.03009228158845	363.0
121.04009311552348	354.0
121.0500939494585	346.0
121.06009478339351	342.0
121.07009561732853	338.0
121.08009645126354	334.0
121.09009728519857	331.0
121.10009811913359	323.0
121.1100989530686	323.0
121.12009978700362	316.0
121.13010062093863	316.0
121.14010145487366	316.0
121.15010228880868	316.0
121.16010312274369	316.0
121.17010395667872	319.0
121.18010479061373	316.0
121.19010562454875	316.0
121.20010645848376	312.0
121.21010729241878	308.0
121.22010812635381	301.0
121.23010896028882	308.0
121.24010979422384	0.0
121.25011062815885	0.0
121.26011146209387	0.0
121.2701122960289	342.0
121.28011312996391	350.0
121.29011396389893	350.0
121.30011479783394	350.0
121.31011563176897	354.0
121.32011646570398	371.0
121.330117299639	393.0
121.34011813357402	412.0
121.35011896750903	412.0
121.36011980144406	412.0
121.37012063537907	402.0
121.38012146931409	380.0
121.39012230324911	371.0
121.40012313718412	363.0
121.41012397111915	358.0
121.42012480505416	354.0
121.43012563898918	354.0
121.4401264729242	363.0
121.45012730685922	375.0
121.46012814079424	389.0
121.47012897472925	393.0
121.48012980866427	393.0
121.49013064259928	393.0
121.5001314765343	384.0
121.51013231046933	380.0
121.52013314440434	358.0
121.53013397833936	350.0
121.54013481227437	346.0
121.5501356462094	0.0
121.56013648014442	0.0
121.57013731407943	0.0
121.58013814801446	0.0
121.59013898194947	0.0
121.60013981588449	0.0
121.6101406498195	0.0
121.62014148375452	0.0
121.63014231768955	0.0
121.64014315162456	0.0
121.65014398555958	0.0
121.66014481949459	0.0
121.67014565342961	0.0
121.68014648736464	0.0
121.69014732129965	0.0
121.70014815523467	0.0
121.71014898916968	0.0
121.7201498231047	0.0
121.73015065703973	0.0
121.74015149097474	0.0
121.75015232490976	0.0
121.76015315884477	0.0
121.7701539927798	0.0
121.7801548267148	0.0
121.79015566064983	0.0
121.80015649458485	0.0
121.81015732851986	0.0
121.82015816245489	0.0
121.8301589963899	0.0
121.84015983032492	0.0
121.85016066425995	0.0
121.86016149819496	0.0
121.87016233212998	0.0
121.88016316606499	0.0
121.89016400000001	0.0
121.90016483393502	0.0
121.91016566787005	402.0
121.92016650180507	417.0
121.93016733574008	431.0
121.9401681696751	441.0
121.95016900361011	452.0
121.96016983754514	452.0
121.97017067148016	452.0
121.98017150541517	0.0
121.9901723393502	0.0
122.0001731732852	393.0
122.01017400722023	393.0
122.02017484115525	393.0
122.03017567509026	398.0
122.04017650902529	402.0
122.0501773429603	402.0
122.06017817689532	407.0
122.07017901083033	407.0
122.08017984476535	407.0
122.09018067870038	402.0
122.10018151263539	393.0
122.11018234657041	384.0
122.12018318050542	371.0
122.13018401444045	363.0
122.14018484837547	354.0
122.15018568231048	354.0
122.1601865162455	354.0
122.17018735018051	354.0
122.18018818411554	358.0
122.19018901805055	358.0
122.20018985198557	363.0
122.2101906859206	0.0
122.2201915198556	0.0
122.23019235379063	0.0
122.24019318772564	0.0
122.25019402166066	0.0
122.26019485559569	0.0
122.2701956895307	0.0
122.28019652346572	0.0
122.29019735740073	0.0
122.30019819133575	0.0
122.31019902527078	0.0
122.32019985920579	0.0
122.33020069314081	0.0
122.34020152707582	0.0
122.35020236101084	0.0
122.36020319494585	319.0
122.37020402888088	316.0
122.3802048628159	316.0
122.39020569675091	316.0
122.40020653068594	316.0
122.41020736462094	316.0
122.42020819855597	316.0
122.43020903249099	316.0
122.440209866426	316.0
122.45021070036103	316.0
122.46021153429604	316.0
122.47021236823106	316.0
122.48021320216607	319.0
122.4902140361011	319.0
122.50021487003612	319.0
122.51021570397113	319.0
122.52021653790615	319.0
122.53021737184116	319.0
122.54021820577618	316.0
122.55021903971121	316.0
122.56021987364622	316.0
122.57022070758124	316.0
122.58022154151625	316.0
122.59022237545128	316.0
122.6002232093863	316.0
122.61022404332131	316.0
122.62022487725633	316.0
122.63022571119134	316.0
122.64022654512637	316.0
122.65022737906138	316.0
122.6602282129964	319.0
122.67022904693142	319.0
122.68022988086643	319.0
122.69023071480146	316.0
122.70023154873647	316.0
122.71023238267149	316.0
122.72023321660652	316.0
122.73023405054153	312.0
122.74023488447655	308.0
122.75023571841156	294.0
122.76023655234658	275.0
122.7702373862816	268.0
122.78023822021662	268.0
122.79023905415164	268.0
122.80023988808665	275.0
122.81024072202167	281.0
122.82024155595668	291.0
122.83024238989171	305.0
122.84024322382673	316.0
122.85024405776174	323.0
122.86024489169677	323.0
122.87024572563178	323.0
122.8802465595668	323.0
122.89024739350182	319.0
122.90024822743683	312.0
122.91024906137186	275.0
122.92024989530687	294.0
122.93025072924189	305.0
122.9402515631769	308.0
122.95025239711192	316.0
122.96025323104695	319.0
122.97025406498196	319.0
122.98025489891698	319.0
122.99025573285199	319.0
123.00025656678702	316.0
123.01025740072204	312.0
123.02025823465705	312.0
123.03025906859207	308.0
123.04025990252708	265.0
123.0502607364621	268.0
123.06026157039712	275.0
123.07026240433214	284.0
123.08026323826716	281.0
123.09026407220217	278.0
123.1002649061372	275.0
123.11026574007221	272.0
123.12026657400723	265.0
123.13026740794226	259.0
123.14026824187727	250.0
123.15026907581229	245.0
123.1602699097473	245.0
123.17027074368232	242.0
123.18027157761733	256.0
123.19027241155236	265.0
123.20027324548738	265.0
123.21027407942239	0.0
123.22027491335741	0.0
123.23027574729242	0.0
123.24027658122745	0.0
123.25027741516247	0.0
123.26027824909748	0.0
123.2702790830325	0.0
123.28027991696752	242.0
123.29028075090254	239.0
123.30028158483756	236.0
123.31028241877257	236.0
123.3202832527076	236.0
123.3302840866426	239.0
123.34028492057763	239.0
123.35028575451264	239.0
123.36028658844766	239.0
123.37028742238269	242.0
123.3802882563177	248.0
123.39028909025272	262.0
123.40028992418773	278.0
123.41029075812276	294.0
123.42029159205778	308.0
123.43029242599279	312.0
123.44029325992781	312.0
123.45029409386282	312.0
123.46029492779785	316.0
123.47029576173286	316.0
123.48029659566788	312.0
123.4902974296029	308.0
123.50029826353791	305.0
123.51029909747294	291.0
123.52029993140795	275.0
123.53030076534297	268.0
123.540301599278	262.0
123.550302433213	262.0
123.56030326714803	262.0
123.57030410108304	268.0
123.58030493501806	275.0
123.59030576895309	281.0
123.6003066028881	291.0
123.61030743682312	301.0
123.62030827075813	308.0
123.63030910469315	316.0
123.64030993862816	316.0
123.65031077256319	316.0
123.66031160649821	312.0
123.67031244043322	305.0
123.68031327436825	291.0
123.69031410830326	278.0
123.70031494223828	268.0
123.7103157761733	265.0
123.72031661010831	265.0
123.73031744404334	262.0
123.74031827797835	265.0
123.75031911191337	275.0
123.76031994584838	291.0
123.7703207797834	305.0
123.78032161371843	312.0
123.79032244765344	316.0
123.80032328158846	319.0
123.81032411552347	319.0
123.8203249494585	319.0
123.83032578339352	316.0
123.84032661732853	316.0
123.85032745126355	0.0
123.86032828519856	0.0
123.87032911913359	0.0
123.88032995306861	0.0
123.89033078700362	0.0
123.90033162093864	0.0
123.91033245487365	0.0
123.92033328880868	0.0
123.93033412274369	0.0
123.94033495667871	0.0
123.95033579061374	0.0
123.96033662454875	0.0
123.97033745848377	0.0
123.98033829241878	0.0
123.9903391263538	0.0
124.00033996028883	0.0
124.01034079422384	0.0
124.02034162815886	0.0
124.03034246209387	0.0
124.0403432960289	0.0
124.0503441299639	0.0
124.06034496389893	0.0
124.07034579783395	0.0
124.08034663176896	0.0
124.09034746570399	0.0
124.100348299639	0.0
124.11034913357402	0.0
124.12034996750904	0.0
124.13035080144405	0.0
124.14035163537908	0.0
124.15035246931409	0.0
124.16035330324911	0.0
124.17035413718413	0.0
124.18035497111914	0.0
124.19035580505417	0.0
124.20035663898918	0.0
124.2103574729242	0.0
124.22035830685921	0.0
124.23035914079423	0.0
124.24035997472926	0.0
124.25036080866427	0.0
124.26036164259929	0.0
124.2703624765343	0.0
124.28036331046933	0.0
124.29036414440435	0.0
124.30036497833936	0.0
124.31036581227438	0.0
124.3203666462094	0.0
124.33036748014442	0.0
124.34036831407943	0.0
124.35036914801445	0.0
124.36036998194948	0.0
124.37037081588448	0.0
124.38037164981951	0.0
124.39037248375452	0.0
124.40037331768954	0.0
124.41037415162457	0.0
124.42037498555958	0.0
124.4303758194946	0.0
124.44037665342961	0.0
124.45037748736463	0.0
124.46037832129966	0.0
124.47037915523467	0.0
124.48037998916969	0.0
124.4903808231047	0.0
124.50038165703972	0.0
124.51038249097473	0.0
124.52038332490976	0.0
124.53038415884478	0.0
124.54038499277979	0.0
124.55038582671482	0.0
124.56038666064983	0.0
124.57038749458485	0.0
124.58038832851987	0.0
124.59038916245488	0.0
124.60038999638991	384.0
124.61039083032492	380.0
124.62039166425994	380.0
124.63039249819495	380.0
124.64039333212997	384.0
124.650394166065	389.0
124.66039500000001	389.0
124.67039583393503	389.0
124.68039666787004	393.0
124.69039750180507	393.0
124.70039833574009	393.0
124.7103991696751	398.0
124.72040000361012	398.0
124.73040083754513	393.0
124.74040167148016	389.0
124.75040250541518	380.0
124.76040333935019	363.0
124.77040417328521	363.0
124.78040500722022	363.0
124.79040584115525	371.0
124.80040667509026	384.0
124.81040750902528	393.0
124.8204083429603	398.0
124.83040917689532	398.0
124.84041001083034	393.0
124.85041084476535	393.0
124.86041167870037	393.0
124.8704125126354	393.0
124.8804133465704	393.0
124.89041418050543	393.0
124.90041501444044	393.0
124.91041584837546	393.0
124.92041668231047	393.0
124.9304175162455	393.0
124.94041835018052	393.0
124.95041918411553	393.0
124.96042001805056	393.0
124.97042085198557	393.0
124.98042168592059	393.0
124.99042251985561	389.0
125.00042335379062	393.0
125.01042418772565	398.0
125.02042502166066	402.0
125.03042585559568	402.0
125.0404266895307	402.0
125.05042752346571	398.0
125.06042835740074	398.0
125.07042919133575	398.0
125.08043002527077	398.0
125.09043085920578	398.0
125.1004316931408	398.0
125.11043252707583	398.0
125.12043336101084	398.0
125.13043419494586	402.0
125.14043502888087	398.0
125.1504358628159	398.0
125.16043669675092	393.0
125.17043753068593	393.0
125.18043836462095	389.0
125.19043919855596	380.0
125.20044003249099	367.0
125.210440866426	354.0
125.22044170036102	346.0
125.23044253429605	342.0
125.24044336823106	342.0
125.25044420216608	346.0
125.26044503610109	350.0
125.27044587003611	358.0
125.28044670397114	371.0
125.29044753790615	384.0
125.30044837184117	398.0
125.31044920577618	417.0
125.3204500397112	412.0
125.33045087364621	402.0
125.34045170758124	398.0
125.35045254151626	389.0
125.36045337545127	384.0
125.3704542093863	375.0
125.3804550433213	367.0
125.39045587725633	363.0
125.40045671119135	354.0
125.41045754512636	350.0
125.42045837906139	350.0
125.4304592129964	346.0
125.44046004693142	346.0
125.45046088086644	354.0
125.46046171480145	367.0
125.47046254873648	384.0
125.48046338267149	393.0
125.49046421660651	402.0
125.50046505054152	402.0
125.51046588447655	398.0
125.52046671841157	393.0
125.53046755234658	384.0
125.5404683862816	371.0
125.55046922021661	363.0
125.56047005415164	350.0
125.57047088808666	342.0
125.58047172202167	342.0
125.5904725559567	342.0
125.6004733898917	350.0
125.61047422382673	358.0
125.62047505776174	384.0
125.63047589169676	402.0
125.64047672563179	402.0
125.6504775595668	402.0
125.66047839350182	398.0
125.67047922743683	389.0
125.68048006137185	384.0
125.69048089530688	384.0
125.70048172924189	384.0
125.71048256317691	402.0
125.72048339711192	417.0
125.73048423104694	426.0
125.74048506498197	426.0
125.75048589891698	417.0
125.760486732852	407.0
125.77048756678701	393.0
125.78048840072204	389.0
125.79048923465704	389.0
125.80049006859207	393.0
125.81049090252709	402.0
125.8204917364621	412.0
125.83049257039713	412.0
125.84049340433214	412.0
125.85049423826716	402.0
125.86049507220218	389.0
125.8704959061372	371.0
125.88049674007222	358.0
125.89049757400723	350.0
125.90049840794225	350.0
125.91049924187726	358.0
125.92050007581228	371.0
125.93050090974731	380.0
125.94050174368232	384.0
125.95050257761734	380.0
125.96050341155235	367.0
125.97050424548738	334.0
125.9805050794224	316.0
125.99050591335741	308.0
126.00050674729243	301.0
126.01050758122744	294.0
126.02050841516247	294.0
126.03050924909749	294.0
126.0405100830325	301.0
126.05051091696753	308.0
126.06051175090253	312.0
126.07051258483756	316.0
126.08051341877257	316.0
126.09051425270759	316.0
126.10051508664262	316.0
126.11051592057763	316.0
126.12051675451265	316.0
126.13051758844766	316.0
126.14051842238268	316.0
126.15051925631771	316.0
126.16052009025272	319.0
126.17052092418774	319.0
126.18052175812275	319.0
126.19052259205777	319.0
126.20052342599278	319.0
126.21052425992781	319.0
126.22052509386283	319.0
126.23052592779784	316.0
126.24052676173287	316.0
126.25052759566788	312.0
126.2605284296029	312.0
126.27052926353792	312.0
126.28053009747293	312.0
126.29053093140796	312.0
126.30053176534297	316.0
126.31053259927799	316.0
126.32053343321301	316.0
126.33053426714802	319.0
126.34053510108305	316.0
126.35053593501806	316.0
126.36053676895308	316.0
126.37053760288809	316.0
126.38053843682312	312.0
126.39053927075814	316.0
126.40054010469315	316.0
126.41054093862817	316.0
126.42054177256318	316.0
126.43054260649821	316.0
126.44054344043323	316.0
126.45054427436824	312.0
126.46054510830326	312.0
126.47054594223827	312.0
126.4805467761733	312.0
126.49054761010831	316.0
126.50054844404333	316.0
126.51054927797836	319.0
126.52055011191337	319.0
126.53055094584839	319.0
126.5405517797834	319.0
126.55055261371842	319.0
126.56055344765345	319.0
126.57055428158846	316.0
126.58055511552348	316.0
126.59055594945849	316.0
126.60055678339351	316.0
126.61055761732854	316.0
126.62055845126355	316.0
126.63055928519857	316.0
126.64056011913358	316.0
126.6505609530686	316.0
126.66056178700362	316.0
126.67056262093864	316.0
126.68056345487366	316.0
126.69056428880867	316.0
126.7005651227437	316.0
126.7105659566787	319.0
126.72056679061373	319.0
126.73056762454875	319.0
126.74056845848376	319.0
126.75056929241879	319.0
126.7605701263538	319.0
126.77057096028882	319.0
126.78057179422383	319.0
126.79057262815886	319.0
126.80057346209388	319.0
126.81057429602889	319.0
126.82057512996391	319.0
126.83057596389892	319.0
126.84057679783395	319.0
126.85057763176897	319.0
126.86057846570398	319.0
126.870579299639	319.0
126.88058013357401	316.0
126.89058096750904	316.0
126.90058180144406	316.0
126.91058263537907	316.0
126.9205834693141	316.0
126.9305843032491	316.0
126.94058513718413	316.0
126.95058597111914	319.0
126.96058680505416	319.0
126.97058763898919	319.0
126.9805884729242	319.0
126.99058930685922	319.0
127.00059014079423	319.0
127.01059097472925	316.0
127.02059180866428	316.0
127.03059264259929	312.0
127.04059347653431	312.0
127.05059431046932	316.0
127.06059514440435	331.0
127.07059597833936	358.0
127.08059681227438	380.0
127.0905976462094	393.0
127.10059848014441	398.0
127.11059931407944	393.0
127.12060014801445	380.0
127.13060098194947	358.0
127.1406018158845	334.0
127.1506026498195	319.0
127.16060348375453	312.0
127.17060431768954	308.0
127.18060515162456	308.0
127.19060598555959	393.0
127.2006068194946	402.0
127.21060765342962	412.0
127.22060848736463	417.0
127.23060932129965	407.0
127.24061015523466	398.0
127.25061098916969	389.0
127.26061182310471	384.0
127.27061265703972	380.0
127.28061349097474	380.0
127.29061432490975	398.0
127.30061515884478	407.0
127.3106159927798	412.0
127.32061682671481	412.0
127.33061766064984	412.0
127.34061849458485	407.0
127.35061932851987	398.0
127.36062016245488	393.0
127.3706209963899	389.0
127.38062183032493	389.0
127.39062266425994	393.0
127.40062349819496	398.0
127.41062433212997	402.0
127.420625166065	402.0
127.43062600000002	393.0
127.44062683393503	384.0
127.45062766787005	375.0
127.46062850180506	358.0
127.47062933574009	346.0
127.48063016967511	342.0
127.49063100361012	342.0
127.50063183754514	350.0
127.51063267148015	367.0
127.52063350541518	371.0
127.53063433935019	371.0
127.54063517328521	358.0
127.55063600722023	308.0
127.56063684115524	305.0
127.57063767509027	298.0
127.58063850902528	294.0
127.5906393429603	354.0
127.60064017689533	305.0
127.61064101083034	312.0
127.62064184476536	316.0
127.63064267870037	319.0
127.64064351263539	319.0
127.6506443465704	319.0
127.66064518050543	319.0
127.67064601444045	319.0
127.68064684837546	319.0
127.69064768231048	316.0
127.7006485162455	316.0
127.71064935018052	316.0
127.72065018411554	316.0
127.73065101805055	316.0
127.74065185198558	319.0
127.75065268592058	319.0
127.76065351985561	319.0
127.77065435379062	319.0
127.78065518772564	319.0
127.79065602166067	316.0
127.80065685559568	316.0
127.8106576895307	316.0
127.82065852346571	316.0
127.83065935740073	316.0
127.84066019133576	319.0
127.85066102527077	319.0
127.86066185920579	319.0
127.8706626931408	319.0
127.88066352707582	319.0
127.89066436101085	316.0
127.90066519494586	316.0
127.91066602888088	316.0
127.92066686281589	316.0
127.93066769675092	316.0
127.94066853068593	316.0
127.95066936462095	316.0
127.96067019855597	316.0
127.97067103249098	316.0
127.98067186642601	316.0
127.99067270036102	316.0
128.00067353429603	316.0
128.01067436823107	319.0
128.02067520216607	319.0
128.03067603610108	319.0
128.04067687003612	316.0
128.05067770397113	316.0
128.06067853790614	308.0
128.07067937184118	301.0
128.0806802057762	291.0
128.0906810397112	278.0
128.1006818736462	268.0
128.11068270758125	265.0
128.12068354151626	265.0
128.13068437545127	268.0
128.1406852093863	0.0
128.15068604332131	0.0
128.16068687725632	342.0
128.17068771119133	334.0
128.18068854512637	319.0
128.19068937906138	308.0
128.2006902129964	291.0
128.21069104693143	275.0
128.22069188086644	268.0
128.23069271480145	265.0
128.2406935487365	272.0
128.2506943826715	281.0
128.2606952166065	288.0
128.27069605054152	291.0
128.28069688447655	291.0
128.29069771841156	288.0
128.30069855234657	281.0
128.3106993862816	275.0
128.32070022021662	268.0
128.33070105415163	265.0
128.34070188808664	262.0
128.35070272202168	262.0
128.3607035559567	265.0
128.3707043898917	265.0
128.38070522382674	265.0
128.39070605776175	259.0
128.40070689169676	253.0
128.4107077256318	248.0
128.4207085595668	242.0
128.43070939350181	234.0
128.44071022743682	231.0
128.45071106137186	231.0
128.46071189530687	234.0
128.47071272924188	239.0
128.48071356317692	242.0
128.49071439711193	242.0
128.50071523104694	242.0
128.51071606498195	239.0
128.520716898917	239.0
128.530717732852	236.0
128.540718566787	234.0
128.55071940072204	234.0
128.56072023465705	236.0
128.57072106859206	236.0
128.58072190252707	239.0
128.5907227364621	239.0
128.60072357039712	239.0
128.61072440433213	239.0
128.62072523826717	239.0
128.63072607220218	239.0
128.6407269061372	239.0
128.65072774007223	239.0
128.66072857400724	242.0
128.67072940794225	242.0
128.68073024187726	242.0
128.6907310758123	242.0
128.7007319097473	239.0
128.7107327436823	234.0
128.72073357761735	231.0
128.73073441155236	231.0
128.74073524548737	234.0
128.75073607942238	239.0
128.76073691335742	248.0
128.77073774729243	259.0
128.78073858122744	278.0
128.79073941516248	298.0
128.8007402490975	312.0
128.8107410830325	319.0
128.82074191696753	323.0
128.83074275090254	319.0
128.84074358483755	316.0
128.85074441877256	308.0
128.8607452527076	301.0
128.8707460866426	291.0
128.88074692057762	284.0
128.89074775451266	278.0
128.90074858844767	272.0
128.91074942238268	268.0
128.9207502563177	265.0
128.93075109025273	262.0
128.94075192418774	262.0
128.95075275812275	262.0
128.96075359205778	265.0
128.9707544259928	268.0
128.9807552599278	275.0
128.9907560938628	281.0
129.00075692779785	291.0
129.01075776173286	301.0
129.02075859566787	308.0
129.0307594296029	312.0
129.04076026353792	316.0
129.05076109747293	316.0
129.06076193140797	312.0
129.07076276534298	305.0
129.080763599278	298.0
129.090764433213	291.0
129.10076526714803	284.0
129.11076610108304	278.0
129.12076693501805	275.0
129.1307677689531	272.0
129.1407686028881	272.0
129.1507694368231	272.0
129.16077027075812	272.0
129.17077110469316	268.0
129.18077193862817	268.0
129.19077277256318	272.0
129.20077360649822	281.0
129.21077444043323	278.0
129.22077527436824	278.0
129.23077610830327	0.0
129.24077694223828	0.0
129.2507777761733	0.0
129.2607786101083	0.0
129.27077944404334	0.0
129.28078027797835	0.0
129.29078111191336	268.0
129.3007819458484	272.0
129.3107827797834	0.0
129.32078361371842	0.0
129.33078444765343	0.0
129.34078528158847	0.0
129.35078611552348	0.0
129.3607869494585	0.0
129.37078778339352	0.0
129.38078861732853	0.0
129.39078945126354	0.0
129.40079028519858	0.0
129.4107911191336	0.0
129.4207919530686	0.0
129.4307927870036	0.0
129.44079362093865	0.0
129.45079445487366	0.0
129.46079528880867	0.0
129.4707961227437	0.0
129.48079695667872	0.0
129.49079779061373	0.0
129.50079862454874	0.0
129.51079945848377	0.0
129.52080029241878	0.0
129.5308011263538	0.0
129.54080196028883	0.0
129.55080279422384	0.0
129.56080362815885	0.0
129.57080446209386	0.0
129.5808052960289	0.0
129.5908061299639	0.0
129.60080696389892	0.0
129.61080779783396	0.0
129.62080863176897	0.0
129.63080946570398	0.0
129.640810299639	0.0
129.65081113357402	0.0
129.66081196750903	0.0
129.67081280144404	0.0
129.68081363537908	0.0
129.6908144693141	0.0
129.7008153032491	0.0
129.71081613718414	0.0
129.72081697111915	0.0
129.73081780505416	0.0
129.74081863898917	0.0
129.7508194729242	0.0
129.76082030685922	0.0
129.77082114079423	0.0
129.78082197472926	0.0
129.79082280866427	0.0
129.80082364259928	0.0
129.81082447653432	0.0
129.82082531046933	0.0
129.83082614440434	0.0
129.84082697833935	0.0
129.8508278122744	0.0
129.8608286462094	0.0
129.8708294801444	0.0
129.88083031407945	0.0
129.89083114801446	0.0
129.90083198194947	0.0
129.91083281588448	0.0
129.9208336498195	0.0
129.93083448375452	0.0
129.94083531768953	0.0
129.95083615162457	0.0
129.96083698555958	0.0
129.9708378194946	0.0
129.98083865342963	0.0
129.99083948736464	0.0
130.00084032129965	0.0
130.01084115523466	0.0
130.0208419891697	0.0
130.0308428231047	0.0
130.04084365703972	0.0
130.05084449097475	0.0
130.06084532490976	0.0
130.07084615884477	0.0
130.08084699277978	0.0
130.09084782671482	0.0
130.10084866064983	0.0
130.11084949458484	0.0
130.12085032851988	0.0
130.1308511624549	0.0
130.1408519963899	0.0
130.1508528303249	0.0
130.16085366425995	0.0
130.17085449819496	0.0
130.18085533212997	0.0
130.190856166065	0.0
130.200857	0.0
130.21085783393502	0.0
130.22085866787006	0.0
130.23085950180507	0.0
130.24086033574008	0.0
130.2508611696751	0.0
130.26086200361013	0.0
130.27086283754514	0.0
130.28086367148015	0.0
130.2908645054152	0.0
130.3008653393502	0.0
130.3108661732852	0.0
130.32086700722022	0.0
130.33086784115525	0.0
130.34086867509026	0.0
130.35086950902527	0.0
130.3608703429603	0.0
130.37087117689532	0.0
130.38087201083033	371.0
130.39087284476537	371.0
130.40087367870038	367.0
130.4108745126354	363.0
130.4208753465704	358.0
130.43087618050544	358.0
130.44087701444045	354.0
130.45087784837546	354.0
130.4608786823105	354.0
130.4708795162455	358.0
130.4808803501805	358.0
130.49088118411552	0.0
130.50088201805056	0.0
130.51088285198557	0.0
130.52088368592058	0.0
130.53088451985562	0.0
130.54088535379063	0.0
130.55088618772564	0.0
130.56088702166068	0.0
130.57088785559569	0.0
130.5808886895307	0.0
130.5908895234657	0.0
130.60089035740074	0.0
130.61089119133575	0.0
130.62089202527076	0.0
130.6308928592058	0.0
130.6408936931408	0.0
130.65089452707582	0.0
130.66089536101083	0.0
130.67089619494587	0.0
130.68089702888088	0.0
130.6908978628159	0.0
130.70089869675093	0.0
130.71089953068594	0.0
130.72090036462095	398.0
130.73090119855596	398.0
130.740902032491	402.0
130.750902866426	398.0
130.760903700361	393.0
130.77090453429605	384.0
130.78090536823106	371.0
130.79090620216607	367.0
130.8009070361011	358.0
130.81090787003612	358.0
130.82090870397113	358.0
130.83090953790614	358.0
130.84091037184118	363.0
130.85091120577619	367.0
130.8609120397112	389.0
130.87091287364623	389.0
130.88091370758124	393.0
130.89091454151625	393.0
130.90091537545126	384.0
130.9109162093863	371.0
130.9209170433213	367.0
130.93091787725632	358.0
130.94091871119136	354.0
130.95091954512637	354.0
130.96092037906138	354.0
130.97092121299642	354.0
130.98092204693143	363.0
130.99092288086644	375.0
131.00092371480144	398.0
131.01092454873648	412.0
131.0209253826715	417.0
131.0309262166065	421.0
131.04092705054154	412.0
131.05092788447655	402.0
131.06092871841156	402.0
131.07092955234657	398.0
131.0809303862816	398.0
131.09093122021662	398.0
131.10093205415163	402.0
131.11093288808667	407.0
131.12093372202168	417.0
131.13093455595669	417.0
131.1409353898917	421.0
131.15093622382673	412.0
131.16093705776174	402.0
131.17093789169675	398.0
131.1809387256318	398.0
131.1909395595668	398.0
131.2009403935018	398.0
131.21094122743685	398.0
131.22094206137186	398.0
131.23094289530687	402.0
131.24094372924188	402.0
131.25094456317692	402.0
131.26094539711193	398.0
131.27094623104693	389.0
131.28094706498197	380.0
131.29094789891698	367.0
131.300948732852	358.0
131.310949566787	354.0
131.32095040072204	354.0
131.33095123465705	354.0
131.34095206859206	354.0
131.3509529025271	358.0
131.3609537364621	363.0
131.37095457039712	363.0
131.38095540433216	363.0
131.39095623826717	363.0
131.40095707220217	363.0
131.41095790613718	363.0
131.42095874007222	358.0
131.43095957400723	0.0
131.44096040794224	0.0
131.45096124187728	0.0
131.4609620758123	0.0
131.4709629097473	0.0
131.4809637436823	0.0
131.49096457761735	0.0
131.50096541155236	316.0
131.51096624548737	316.0
131.5209670794224	316.0
131.53096791335742	316.0
131.54096874729242	316.0
131.55096958122746	316.0
131.56097041516247	316.0
131.57097124909748	316.0
131.5809720830325	316.0
131.59097291696753	316.0
131.60097375090254	316.0
131.61097458483755	316.0
131.6209754187726	316.0
131.6309762527076	316.0
131.6409770866426	316.0
131.65097792057762	316.0
131.66097875451266	316.0
131.67097958844766	316.0
131.68098042238267	316.0
131.6909812563177	316.0
131.70098209025272	316.0
131.71098292418773	319.0
131.72098375812274	319.0
131.73098459205778	316.0
131.7409854259928	316.0
131.7509862599278	316.0
131.76098709386284	316.0
131.77098792779785	312.0
131.78098876173286	312.0
131.7909895956679	312.0
131.8009904296029	312.0
131.81099126353791	316.0
131.82099209747292	316.0
131.83099293140796	319.0
131.84099376534297	319.0
131.85099459927798	319.0
131.86099543321302	319.0
131.87099626714803	319.0
131.88099710108304	319.0
131.89099793501805	319.0
131.9009987689531	319.0
131.9109996028881	316.0
131.9210004368231	316.0
131.93100127075814	316.0
131.94100210469315	319.0
131.95100293862816	319.0
131.9610037725632	316.0
131.9710046064982	316.0
131.98100544043322	316.0
131.99100627436823	316.0
132.00100710830327	312.0
132.01100794223828	305.0
132.0210087761733	298.0
132.03100961010833	291.0
132.04101044404334	281.0
132.05101127797835	272.0
132.06101211191336	272.0
132.0710129458484	275.0
132.0810137797834	281.0
132.09101461371841	298.0
132.10101544765345	305.0
132.11101628158846	312.0
132.12101711552347	316.0
132.1310179494585	319.0
132.14101878339352	316.0
132.15101961732853	312.0
132.16102045126354	308.0
132.17102128519858	298.0
132.1810221191336	288.0
132.1910229530686	281.0
132.20102378700363	284.0
132.21102462093864	298.0
132.22102545487365	308.0
132.23102628880866	316.0
132.2410271227437	316.0
132.2510279566787	316.0
132.26102879061372	312.0
132.27102962454876	308.0
132.28103045848377	305.0
132.29103129241878	301.0
132.3010321263538	268.0
132.31103296028883	265.0
132.32103379422384	265.0
132.33103462815885	272.0
132.34103546209388	278.0
132.3510362960289	278.0
132.3610371299639	278.0
132.37103796389894	275.0
132.38103879783395	265.0
132.39103963176896	0.0
132.40104046570397	0.0
132.411041299639	0.0
132.42104213357402	316.0
132.43104296750903	316.0
132.44104380144407	316.0
132.45104463537908	316.0
132.4610454693141	312.0
132.4710463032491	312.0
132.48104713718413	308.0
132.49104797111914	308.0
132.50104880505415	305.0
132.5110496389892	301.0
132.5210504729242	281.0
132.5310513068592	272.0
132.54105214079425	265.0
132.55105297472926	265.0
132.56105380866427	265.0
132.57105464259928	268.0
132.58105547653432	272.0
132.59105631046933	278.0
132.60105714440434	288.0
132.61105797833937	298.0
132.62105881227438	308.0
132.6310596462094	312.0
132.6410604801444	312.0
132.65106131407944	0.0
132.66106214801445	0.0
132.67106298194946	0.0
132.6810638158845	0.0
132.6910646498195	0.0
132.70106548375452	0.0
132.71106631768956	0.0
132.72106715162457	0.0
132.73106798555958	0.0
132.7410688194946	0.0
132.75106965342962	0.0
132.76107048736463	0.0
132.77107132129964	0.0
132.78107215523468	0.0
132.7910729891697	316.0
132.8010738231047	316.0
132.8110746570397	316.0
132.82107549097475	316.0
132.83107632490976	316.0
132.84107715884477	316.0
132.8510779927798	316.0
132.86107882671482	316.0
132.87107966064983	316.0
132.88108049458484	316.0
132.89108132851987	316.0
132.90108216245488	316.0
132.9110829963899	312.0
132.92108383032493	316.0
132.93108466425994	316.0
132.94108549819495	316.0
132.95108633213	316.0
132.961087166065	316.0
132.971088	0.0
132.98108883393502	316.0
132.99108966787006	316.0
133.00109050180507	312.0
133.01109133574008	312.0
133.02109216967511	312.0
133.03109300361012	308.0
133.04109383754513	308.0
133.05109467148014	312.0
133.06109550541518	316.0
133.0710963393502	316.0
133.0810971732852	319.0
133.09109800722024	316.0
133.10109884115525	316.0
133.11109967509026	316.0
133.1211005090253	316.0
133.1311013429603	316.0
133.14110217689532	316.0
133.15110301083033	0.0
133.16110384476536	0.0
133.17110467870037	0.0
133.18110551263538	0.0
133.19110634657042	0.0
133.20110718050543	0.0
133.21110801444044	0.0
133.22110884837545	0.0
133.2311096823105	0.0
133.2411105162455	0.0
133.2511113501805	0.0
133.26111218411555	0.0
133.27111301805056	0.0
133.28111385198557	0.0
133.2911146859206	0.0
133.3011155198556	0.0
133.31111635379062	0.0
133.32111718772563	0.0
133.33111802166067	0.0
133.34111885559568	0.0
133.3511196895307	0.0
133.36112052346573	0.0
133.37112135740074	0.0
133.38112219133575	0.0
133.39112302527076	0.0
133.4011238592058	0.0
133.4111246931408	0.0
133.42112552707582	0.0
133.43112636101085	0.0
133.44112719494586	0.0
133.45112802888087	0.0
133.46112886281588	0.0
133.47112969675092	0.0
133.48113053068593	0.0
133.49113136462094	0.0
133.50113219855598	0.0
133.511133032491	0.0
133.521133866426	0.0
133.53113470036104	0.0
133.54113553429605	0.0
133.55113636823106	363.0
133.56113720216607	358.0
133.5711380361011	354.0
133.5811388700361	354.0
133.59113970397112	350.0
133.60114053790616	350.0
133.61114137184117	354.0
133.62114220577618	358.0
133.6311430397112	367.0
133.64114387364623	375.0
133.65114470758124	380.0
133.66114554151625	389.0
133.6711463754513	393.0
133.6811472093863	398.0
133.6911480433213	398.0
133.70114887725634	398.0
133.71114971119135	398.0
133.72115054512636	398.0
133.73115137906137	398.0
133.7411522129964	398.0
133.75115304693142	398.0
133.76115388086643	393.0
133.77115471480147	389.0
133.78115554873648	380.0
133.7911563826715	375.0
133.8011572166065	367.0
133.81115805054154	358.0
133.82115888447655	350.0
133.83115971841156	346.0
133.8411605523466	342.0
133.8511613862816	338.0
133.8611622202166	327.0
133.87116305415162	323.0
133.88116388808666	316.0
133.89116472202167	316.0
133.90116555595668	316.0
133.91116638989172	316.0
133.92116722382673	316.0
133.93116805776174	316.0
133.94116889169678	319.0
133.9511697256318	319.0
133.9611705595668	0.0
133.9711713935018	0.0
133.98117222743684	0.0
133.99117306137185	0.0
134.00117389530686	0.0
134.0111747292419	0.0
134.0211755631769	0.0
134.03117639711192	363.0
134.04117723104693	354.0
134.05117806498197	354.0
134.06117889891698	350.0
134.071179732852	354.0
134.08118056678703	363.0
134.09118140072204	393.0
134.10118223465705	407.0
134.11118306859208	407.0
134.1211839025271	402.0
134.1311847364621	393.0
134.1411855703971	375.0
134.15118640433215	367.0
134.16118723826716	363.0
134.17118807220217	354.0
134.1811889061372	350.0
134.19118974007222	350.0
134.20119057400723	354.0
134.21119140794224	375.0
134.22119224187728	384.0
134.23119307581229	389.0
134.2411939097473	389.0
134.25119474368233	389.0
134.26119557761734	384.0
134.27119641155235	375.0
134.2811972454874	363.0
134.2911980794224	354.0
134.3011989133574	350.0
134.31119974729242	350.0
134.32120058122746	350.0
134.33120141516247	0.0
134.34120224909748	0.0
134.35120308303252	0.0
134.36120391696753	0.0
134.37120475090254	0.0
134.38120558483755	0.0
134.39120641877258	0.0
134.4012072527076	0.0
134.4112080866426	0.0
134.42120892057764	0.0
134.43120975451265	0.0
134.44121058844766	0.0
134.45121142238267	0.0
134.4612122563177	0.0
134.47121309025272	0.0
134.48121392418773	0.0
134.49121475812277	0.0
134.50121559205778	0.0
134.51121642599279	0.0
134.52121725992782	0.0
134.53121809386283	0.0
134.54121892779784	0.0
134.55121976173285	0.0
134.5612205956679	0.0
134.5712214296029	0.0
134.5812222635379	0.0
134.59122309747295	0.0
134.60122393140796	0.0
134.61122476534297	0.0
134.62122559927798	0.0
134.63122643321302	0.0
134.64122726714803	0.0
134.65122810108303	0.0
134.66122893501807	0.0
134.67122976895308	0.0
134.6812306028881	389.0
134.69123143682313	417.0
134.70123227075814	431.0
134.71123310469315	436.0
134.72123393862816	441.0
134.7312347725632	0.0
134.7412356064982	0.0
134.75123644043322	407.0
134.76123727436826	393.0
134.77123810830327	393.0
134.78123894223828	398.0
134.79123977617328	398.0
134.80124061010832	402.0
134.81124144404333	412.0
134.82124227797834	417.0
134.83124311191338	417.0
134.8412439458484	412.0
134.8512447797834	402.0
134.86124561371844	384.0
134.87124644765345	371.0
134.88124728158846	363.0
134.89124811552347	363.0
134.9012489494585	367.0
134.91124978339352	367.0
134.92125061732852	371.0
134.93125145126356	371.0
134.94125228519857	0.0
134.95125311913358	0.0
134.9612539530686	0.0
134.97125478700363	0.0
134.98125562093864	0.0
134.99125645487365	0.0
135.0012572888087	0.0
135.0112581227437	0.0
135.0212589566787	0.0
135.03125979061372	316.0
135.04126062454876	316.0
135.05126145848376	316.0
135.06126229241877	312.0
135.0712631263538	308.0
135.08126396028882	305.0
135.09126479422383	305.0
135.10126562815887	305.0
135.11126646209388	308.0
135.1212672960289	312.0
135.1312681299639	312.0
135.14126896389894	316.0
135.15126979783395	316.0
135.16127063176896	319.0
135.171271465704	319.0
135.181272299639	319.0
135.19127313357401	319.0
135.20127396750902	316.0
135.21127480144406	316.0
135.22127563537907	316.0
135.23127646931408	316.0
135.24127730324912	316.0
135.25127813718413	0.0
135.26127897111914	312.0
135.27127980505418	308.0
135.2812806389892	312.0
135.2912814729242	312.0
135.3012823068592	316.0
135.31128314079425	316.0
135.32128397472925	316.0
135.33128480866426	316.0
135.3412856425993	312.0
135.3512864765343	308.0
135.36128731046932	305.0
135.37128814440433	301.0
135.38128897833937	298.0
135.39128981227438	305.0
135.4012906462094	308.0
135.41129148014443	316.0
135.42129231407944	316.0
135.43129314801445	319.0
135.44129398194949	316.0
135.4512948158845	316.0
135.4612956498195	312.0
135.47129648375451	308.0
135.48129731768955	305.0
135.49129815162456	301.0
135.50129898555957	291.0
135.5112998194946	281.0
135.52130065342962	275.0
135.53130148736463	272.0
135.54130232129964	268.0
135.55130315523468	268.0
135.5613039891697	268.0
135.5713048231047	0.0
135.58130565703974	0.0
135.59130649097474	0.0
135.60130732490975	0.0
135.61130815884476	0.0
135.6213089927798	0.0
135.6313098267148	0.0
135.64131066064982	0.0
135.65131149458486	0.0
135.66131232851987	0.0
135.67131316245488	0.0
135.68131399638992	0.0
135.69131483032493	0.0
135.70131566425994	0.0
135.71131649819495	0.0
135.72131733212998	0.0
135.731318166065	0.0
135.741319	0.0
135.75131983393504	0.0
135.76132066787005	0.0
135.77132150180506	0.0
135.78132233574007	0.0
135.7913231696751	0.0
135.80132400361012	0.0
135.81132483754513	0.0
135.82132567148017	0.0
135.83132650541518	0.0
135.8413273393502	0.0
135.85132817328522	0.0
135.86132900722023	0.0
135.87132984115524	0.0
135.88133067509025	0.0
135.8913315090253	0.0
135.9013323429603	0.0
135.9113331768953	0.0
135.92133401083035	0.0
135.93133484476536	0.0
135.94133567870037	0.0
135.95133651263538	0.0
135.96133734657042	0.0
135.97133818050543	0.0
135.98133901444044	0.0
135.99133984837547	0.0
136.00134068231048	0.0
136.0113415162455	0.0
136.0213423501805	0.0
136.03134318411554	0.0
136.04134401805055	0.0
136.05134485198556	0.0
136.0613456859206	0.0
136.0713465198556	0.0
136.08134735379062	0.0
136.09134818772566	0.0
136.10134902166067	0.0
136.11134985559568	0.0
136.1213506895307	0.0
136.13135152346572	0.0
136.14135235740073	0.0
136.15135319133574	0.0
136.16135402527078	0.0
136.1713548592058	0.0
136.1813556931408	0.0
136.1913565270758	0.0
136.20135736101085	0.0
136.21135819494586	0.0
136.22135902888087	0.0
136.2313598628159	0.0
136.24136069675092	0.0
136.25136153068593	0.0
136.26136236462096	0.0
136.27136319855597	0.0
136.28136403249098	0.0
136.291364866426	0.0
136.30136570036103	0.0
136.31136653429604	0.0
136.32136736823105	0.0
136.3313682021661	0.0
136.3413690361011	0.0
136.3513698700361	375.0
136.36137070397112	371.0
136.37137153790616	371.0
136.38137237184117	371.0
136.39137320577618	375.0
136.40137403971121	380.0
136.41137487364622	380.0
136.42137570758123	380.0
136.43137654151627	380.0
136.44137737545128	380.0
136.4513782093863	380.0
136.4613790433213	380.0
136.47137987725634	384.0
136.48138071119135	393.0
136.49138154512636	462.0
136.5013823790614	479.0
136.5113832129964	507.0
136.52138404693142	603.0
136.53138488086643	589.0
136.54138571480146	569.0
136.55138654873647	371.0
136.56138738267148	371.0
136.57138821660652	371.0
136.58138905054153	380.0
136.59138988447654	389.0
136.60139071841155	398.0
136.6113915523466	398.0
136.6213923862816	398.0
136.6313932202166	398.0
136.64139405415165	393.0
136.65139488808666	389.0
136.66139572202167	384.0
136.6713965559567	380.0
136.6813973898917	384.0
136.69139822382672	384.0
136.70139905776173	389.0
136.71139989169677	393.0
136.72140072563178	398.0
136.7314015595668	402.0
136.74140239350183	402.0
136.75140322743684	398.0
136.76140406137185	398.0
136.77140489530686	398.0
136.7814057292419	398.0
136.7914065631769	398.0
136.80140739711192	398.0
136.81140823104695	402.0
136.82140906498196	402.0
136.83140989891697	402.0
136.841410732852	407.0
136.85141156678702	407.0
136.86141240072203	402.0
136.87141323465704	402.0
136.88141406859208	398.0
136.8914149025271	398.0
136.9014157364621	398.0
136.91141657039714	398.0
136.92141740433215	398.0
136.93141823826716	398.0
136.94141907220217	398.0
136.9514199061372	398.0
136.9614207400722	402.0
136.97142157400722	398.0
136.98142240794226	398.0
136.99142324187727	398.0
137.00142407581228	398.0
137.01142490974732	398.0
137.02142574368233	398.0
137.03142657761734	398.0
137.04142741155235	398.0
137.0514282454874	393.0
137.0614290794224	389.0
137.0714299133574	389.0
137.08143074729244	389.0
137.09143158122745	389.0
137.10143241516246	389.0
137.11143324909747	393.0
137.1214340830325	393.0
137.13143491696752	393.0
137.14143575090253	393.0
137.15143658483757	393.0
137.16143741877258	393.0
137.1714382527076	393.0
137.1814390866426	393.0
137.19143992057764	393.0
137.20144075451265	393.0
137.21144158844766	393.0
137.2214424223827	393.0
137.2314432563177	393.0
137.2414440902527	393.0
137.25144492418775	393.0
137.26144575812276	393.0
137.27144659205777	393.0
137.28144742599278	393.0
137.29144825992782	393.0
137.30144909386283	393.0
137.31144992779784	389.0
137.32145076173288	389.0
137.3314515956679	393.0
137.3414524296029	393.0
137.3514532635379	393.0
137.36145409747294	393.0
137.37145493140795	393.0
137.38145576534296	393.0
137.391456599278	393.0
137.401457433213	393.0
137.41145826714802	393.0
137.42145910108306	389.0
137.43145993501807	389.0
137.44146076895308	389.0
137.4514616028881	389.0
137.46146243682313	389.0
137.47146327075814	389.0
137.48146410469315	389.0
137.49146493862818	389.0
137.5014657725632	393.0
137.5114666064982	393.0
137.5214674404332	393.0
137.53146827436825	393.0
137.54146910830326	398.0
137.55146994223827	398.0
137.5614707761733	393.0
137.57147161010832	393.0
137.58147244404333	393.0
137.59147327797837	393.0
137.60147411191338	389.0
137.61147494584839	389.0
137.6214757797834	389.0
137.63147661371843	384.0
137.64147744765344	384.0
137.65147828158845	393.0
137.6614791155235	393.0
137.6714799494585	393.0
137.6814807833935	393.0
137.69148161732852	393.0
137.70148245126356	393.0
137.71148328519857	393.0
137.72148411913358	393.0
137.73148495306862	398.0
137.74148578700363	398.0
137.75148662093864	398.0
137.76148745487365	398.0
137.77148828880868	398.0
137.7814891227437	398.0
137.7914899566787	398.0
137.80149079061374	398.0
137.81149162454875	398.0
137.82149245848376	393.0
137.8314932924188	393.0
137.8414941263538	389.0
137.85149496028882	389.0
137.86149579422383	389.0
137.87149662815887	389.0
137.88149746209388	389.0
137.89149829602889	389.0
137.90149912996392	389.0
137.91149996389893	389.0
137.92150079783394	393.0
137.93150163176895	393.0
137.941502465704	393.0
137.951503299639	393.0
137.961504133574	398.0
137.97150496750905	398.0
137.98150580144406	393.0
137.99150663537907	393.0
138.0015074693141	393.0
138.01150830324912	393.0
138.02150913718413	393.0
138.03150997111914	393.0
138.04151080505417	389.0
138.05151163898918	389.0
138.0615124729242	389.0
138.07151330685923	389.0
138.08151414079424	393.0
138.09151497472925	393.0
138.10151580866426	393.0
138.1115166425993	393.0
138.1215174765343	393.0
138.13151831046932	393.0
138.14151914440436	393.0
138.15151997833937	393.0
138.16152081227438	389.0
138.17152164620938	389.0
138.18152248014442	389.0
138.19152331407943	389.0
138.20152414801444	393.0
138.21152498194948	393.0
138.2215258158845	393.0
138.2315266498195	393.0
138.24152748375454	398.0
138.25152831768955	398.0
138.26152915162456	393.0
138.27152998555957	398.0
138.2815308194946	398.0
138.29153165342962	398.0
138.30153248736463	398.0
138.31153332129966	393.0
138.32153415523467	393.0
138.33153498916968	393.0
138.3415358231047	389.0
138.35153665703973	389.0
138.36153749097474	389.0
138.37153832490975	389.0
138.3815391588448	389.0
138.3915399927798	389.0
138.4015408267148	389.0
138.41154166064985	389.0
138.42154249458486	389.0
138.43154332851987	393.0
138.44154416245487	393.0
138.4515449963899	393.0
138.46154583032492	393.0
138.47154666425993	398.0
138.48154749819497	398.0
138.49154833212998	393.0
138.501549166065	393.0
138.51155	393.0
138.52155083393504	393.0
138.53155166787005	393.0
138.54155250180506	393.0
138.5515533357401	393.0
138.5615541696751	393.0
138.57155500361011	393.0
138.58155583754515	393.0
138.59155667148016	393.0
138.60155750541517	393.0
138.61155833935018	393.0
138.62155917328522	393.0
138.63156000722023	393.0
138.64156084115524	393.0
138.65156167509028	393.0
138.6615625090253	393.0
138.6715633429603	393.0
138.6815641768953	393.0
138.69156501083035	393.0
138.70156584476535	393.0
138.71156667870036	393.0
138.7215675126354	393.0
138.7315683465704	389.0
138.74156918050542	389.0
138.75157001444043	384.0
138.76157084837547	384.0
138.77157168231048	384.0
138.7815725162455	389.0
138.79157335018053	389.0
138.80157418411554	389.0
138.81157501805055	389.0
138.82157585198559	393.0
138.8315766859206	393.0
138.8415775198556	393.0
138.85157835379061	393.0
138.86157918772565	393.0
138.87158002166066	393.0
138.88158085559567	393.0
138.8915816895307	389.0
138.90158252346572	384.0
138.91158335740073	384.0
138.92158419133574	389.0
138.93158502527078	389.0
138.9415858592058	393.0
138.9515866931408	398.0
138.96158752707584	398.0
138.97158836101084	398.0
138.98158919494585	398.0
138.9915900288809	393.0
139.0015908628159	393.0
139.0115916967509	393.0
139.02159253068592	393.0
139.03159336462096	393.0
139.04159419855597	398.0
139.05159503249098	398.0
139.06159586642602	398.0
139.07159670036103	402.0
139.08159753429604	402.0
139.09159836823105	398.0
139.10159920216608	398.0
139.1116000361011	393.0
139.1216008700361	389.0
139.13160170397114	384.0
139.14160253790615	371.0
139.15160337184116	358.0
139.1616042057762	350.0
139.1716050397112	0.0
139.18160587364622	0.0
139.19160670758123	0.0
139.20160754151627	0.0
139.21160837545128	0.0
139.2216092093863	0.0
139.23161004332133	393.0
139.24161087725633	398.0
139.25161171119134	398.0
139.26161254512635	398.0
139.2716133790614	393.0
139.2816142129964	393.0
139.2916150469314	393.0
139.30161588086645	393.0
139.31161671480146	393.0
139.32161754873647	393.0
139.33161838267148	393.0
139.34161921660652	393.0
139.35162005054153	393.0
139.36162088447654	393.0
139.37162171841157	393.0
139.38162255234658	393.0
139.3916233862816	393.0
139.40162422021663	393.0
139.41162505415164	393.0
139.42162588808665	393.0
139.43162672202166	393.0
139.4416275559567	393.0
139.4516283898917	398.0
139.46162922382672	398.0
139.47163005776176	398.0
139.48163089169677	398.0
139.49163172563178	398.0
139.5016325595668	393.0
139.51163339350182	393.0
139.52163422743683	393.0
139.53163506137184	389.0
139.54163589530688	389.0
139.5516367292419	393.0
139.5616375631769	393.0
139.57163839711194	393.0
139.58163923104695	393.0
139.59164006498196	398.0
139.60164089891697	398.0
139.611641732852	398.0
139.62164256678702	393.0
139.63164340072203	393.0
139.64164423465706	393.0
139.65164506859207	393.0
139.66164590252708	393.0
139.6716467364621	393.0
139.68164757039713	398.0
139.69164840433214	398.0
139.70164923826715	398.0
139.7116500722022	398.0
139.7216509061372	398.0
139.7316517400722	398.0
139.74165257400725	393.0
139.75165340794226	393.0
139.76165424187727	393.0
139.77165507581228	393.0
139.78165590974731	393.0
139.79165674368232	393.0
139.80165757761733	393.0
139.81165841155237	393.0
139.82165924548738	393.0
139.8316600794224	393.0
139.8416609133574	393.0
139.85166174729244	393.0
139.86166258122745	393.0
139.87166341516246	389.0
139.8816642490975	389.0
139.8916650830325	384.0
139.90166591696752	384.0
139.91166675090253	384.0
139.92166758483756	389.0
139.93166841877257	393.0
139.94166925270758	393.0
139.95167008664262	398.0
139.96167092057763	398.0
139.97167175451264	398.0
139.98167258844768	393.0
139.9916734223827	389.0
140.0016742563177	0.0
140.0116750902527	0.0
140.02167592418775	0.0
140.03167675812276	0.0
140.04167759205777	0.0
140.0516784259928	0.0
140.0616792599278	0.0
140.07168009386282	384.0
140.08168092779783	389.0
140.09168176173287	389.0
140.10168259566788	389.0
140.1116834296029	389.0
140.12168426353793	389.0
140.13168509747294	393.0
140.14168593140795	393.0
140.151686765343	393.0
140.161687599278	393.0
140.171688433213	398.0
140.18168926714802	398.0
140.19169010108305	398.0
140.20169093501806	393.0
140.21169176895307	393.0
140.2216926028881	393.0
140.23169343682312	389.0
140.24169427075813	389.0
140.25169510469314	389.0
140.26169593862818	389.0
140.2716967725632	393.0
140.2816976064982	393.0
140.29169844043324	393.0
140.30169927436825	393.0
140.31170010830326	398.0
140.3217009422383	398.0
140.3317017761733	398.0
140.3417026101083	393.0
140.35170344404332	393.0
140.36170427797836	393.0
140.37170511191337	393.0
140.38170594584838	393.0
140.39170677978342	389.0
140.40170761371843	389.0
140.41170844765344	393.0
140.42170928158845	393.0
140.4317101155235	393.0
140.4417109494585	393.0
140.4517117833935	393.0
140.46171261732854	393.0
140.47171345126355	393.0
140.48171428519856	393.0
140.49171511913357	393.0
140.5017159530686	393.0
140.51171678700362	393.0
140.52171762093863	393.0
140.53171845487367	389.0
140.54171928880868	389.0
140.5517201227437	389.0
140.56172095667873	389.0
140.57172179061374	389.0
140.58172262454875	389.0
140.59172345848376	389.0
140.6017242924188	389.0
140.6117251263538	384.0
140.6217259602888	384.0
140.63172679422385	384.0
140.64172762815886	375.0
140.65172846209387	375.0
140.66172929602888	380.0
140.67173012996392	384.0
140.68173096389893	389.0
140.69173179783394	393.0
140.70173263176898	398.0
140.711733465704	398.0
140.721734299639	398.0
140.73173513357403	398.0
140.74173596750904	398.0
140.75173680144405	398.0
140.76173763537906	398.0
140.7717384693141	398.0
140.7817393032491	398.0
140.79174013718412	402.0
140.80174097111916	402.0
140.81174180505417	398.0
140.82174263898918	398.0
140.8317434729242	393.0
140.84174430685923	389.0
140.85174514079424	389.0
140.86174597472925	384.0
140.87174680866428	384.0
140.8817476425993	384.0
140.8917484765343	389.0
140.9017493104693	393.0
140.91175014440435	393.0
140.92175097833936	398.0
140.93175181227437	398.0
140.9417526462094	398.0
140.95175348014442	398.0
140.96175431407943	393.0
140.97175514801447	389.0
140.98175598194948	389.0
140.9917568158845	384.0
141.0017576498195	384.0
141.01175848375453	389.0
141.02175931768954	389.0
141.03176015162455	389.0
141.0417609855596	393.0
141.0517618194946	393.0
141.0617626534296	393.0
141.07176348736462	393.0
141.08176432129966	393.0
141.09176515523467	393.0
141.10176598916968	393.0
141.11176682310472	393.0
141.12176765703973	393.0
141.13176849097474	393.0
141.14176932490977	393.0
141.15177015884478	393.0
141.1617709927798	393.0
141.1717718267148	398.0
141.18177266064984	398.0
141.19177349458485	393.0
141.20177432851986	393.0
141.2117751624549	393.0
141.2217759963899	393.0
141.23177683032492	393.0
141.24177766425993	393.0
141.25177849819497	393.0
141.26177933212998	398.0
141.27178016606499	398.0
141.28178100000002	402.0
141.29178183393503	407.0
141.30178266787004	407.0
141.31178350180508	402.0
141.3217843357401	398.0
141.3317851696751	398.0
141.3417860036101	393.0
141.35178683754515	393.0
141.36178767148016	393.0
141.37178850541517	393.0
141.3817893393502	393.0
141.39179017328522	393.0
141.40179100722023	398.0
141.41179184115524	398.0
141.42179267509027	393.0
141.43179350902528	393.0
141.4417943429603	393.0
141.45179517689533	393.0
141.46179601083034	389.0
141.47179684476535	389.0
141.48179767870036	389.0
141.4917985126354	389.0
141.5017993465704	389.0
141.51180018050542	389.0
141.52180101444046	389.0
141.53180184837547	389.0
141.54180268231048	389.0
141.5518035162455	389.0
141.56180435018052	389.0
141.57180518411553	389.0
141.58180601805054	389.0
141.59180685198558	389.0
141.6018076859206	389.0
141.6118085198556	389.0
141.62180935379064	389.0
141.63181018772565	389.0
141.64181102166066	389.0
141.65181185559567	393.0
141.6618126895307	393.0
141.67181352346572	393.0
141.68181435740073	393.0
141.69181519133576	398.0
141.70181602527077	398.0
141.71181685920578	393.0
141.72181769314082	393.0
141.73181852707583	389.0
141.74181936101084	389.0
141.75182019494585	389.0
141.7618210288809	389.0
141.7718218628159	389.0
141.7818226967509	393.0
141.79182353068595	393.0
141.80182436462096	393.0
141.81182519855597	398.0
141.82182603249097	393.0
141.831826866426	393.0
141.84182770036102	389.0
141.85182853429603	384.0
141.86182936823107	384.0
141.87183020216608	380.0
141.8818310361011	384.0
141.89183187003613	384.0
141.90183270397114	389.0
141.91183353790615	393.0
141.92183437184116	393.0
141.9318352057762	393.0
141.9418360397112	393.0
141.95183687364622	393.0
141.96183770758125	393.0
141.97183854151626	393.0
141.98183937545127	393.0
141.99184020938628	393.0
142.00184104332132	393.0
142.01184187725633	393.0
142.02184271119134	393.0
142.03184354512638	393.0
142.0418443790614	393.0
142.0518452129964	393.0
142.0618460469314	393.0
142.07184688086645	393.0
142.08184771480146	398.0
142.09184854873646	389.0
142.1018493826715	389.0
142.1118502166065	389.0
142.12185105054152	389.0
142.13185188447656	389.0
142.14185271841157	393.0
142.15185355234658	393.0
142.1618543862816	398.0
142.17185522021663	398.0
142.18185605415164	393.0
142.19185688808665	393.0
142.20185772202169	393.0
142.2118585559567	389.0
142.2218593898917	389.0
142.23186022382671	389.0
142.24186105776175	389.0
142.25186189169676	393.0
142.26186272563177	393.0
142.2718635595668	398.0
142.28186439350182	393.0
142.29186522743683	393.0
142.30186606137187	393.0
142.31186689530688	393.0
142.3218677292419	389.0
142.3318685631769	389.0
142.34186939711194	389.0
142.35187023104695	389.0
142.36187106498195	389.0
142.371871898917	393.0
142.381872732852	393.0
142.391873566787	393.0
142.40187440072202	393.0
142.41187523465706	393.0
142.42187606859207	393.0
142.43187690252708	389.0
142.44187773646212	384.0
142.45187857039713	384.0
142.46187940433214	380.0
142.47188023826718	380.0
142.48188107220219	380.0
142.4918819061372	384.0
142.5018827400722	393.0
142.51188357400724	393.0
142.52188440794225	398.0
142.53188524187726	402.0
142.5418860758123	407.0
142.5518869097473	407.0
142.56188774368232	407.0
142.57188857761733	407.0
142.58188941155237	402.0
142.59189024548738	407.0
142.6018910794224	407.0
142.61189191335743	412.0
142.62189274729243	412.0
142.63189358122744	412.0
142.64189441516245	407.0
142.6518952490975	407.0
142.6618960830325	402.0
142.6718969169675	402.0
142.68189775090255	398.0
142.69189858483756	393.0
142.70189941877257	393.0
142.7119002527076	393.0
142.72190108664262	389.0
142.73190192057763	389.0
142.74190275451264	389.0
142.75190358844768	389.0
142.76190442238268	389.0
142.7719052563177	389.0
142.78190609025273	393.0
142.79190692418774	393.0
142.80190775812275	389.0
142.81190859205776	389.0
142.8219094259928	384.0
142.8319102599278	384.0
142.84191109386282	380.0
142.85191192779786	375.0
142.86191276173287	358.0
142.87191359566788	354.0
142.88191442960292	354.0
142.89191526353792	358.0
142.90191609747293	363.0
142.91191693140794	375.0
142.92191776534298	384.0
142.931918599278	389.0
142.941919433213	393.0
142.95192026714804	398.0
142.96192110108305	402.0
142.97192193501806	398.0
142.98192276895307	398.0
142.9919236028881	393.0
143.00192443682312	393.0
143.01192527075813	393.0
143.02192610469316	389.0
143.03192693862817	380.0
143.04192777256318	363.0
143.0519286064982	363.0
143.06192944043323	367.0
143.07193027436824	371.0
143.08193110830325	375.0
143.0919319422383	384.0
143.1019327761733	389.0
143.1119336101083	389.0
143.12193444404335	389.0
143.13193527797836	389.0
143.14193611191337	389.0
143.15193694584838	389.0
143.16193777978341	389.0
143.17193861371842	389.0
143.18193944765343	389.0
143.19194028158847	393.0
143.20194111552348	393.0
143.2119419494585	398.0
143.2219427833935	393.0
143.23194361732854	393.0
143.24194445126355	393.0
143.25194528519856	393.0
143.2619461191336	389.0
143.2719469530686	389.0
143.28194778700362	389.0
143.29194862093865	389.0
143.30194945487366	389.0
143.31195028880867	389.0
143.32195112274368	389.0
143.33195195667872	389.0
143.34195279061373	393.0
143.35195362454874	393.0
143.36195445848378	393.0
143.3719552924188	380.0
143.3819561263538	375.0
143.3919569602888	354.0
143.40195779422385	350.0
143.41195862815886	350.0
143.42195946209387	350.0
143.4319602960289	354.0
143.44196112996391	358.0
143.45196196389892	371.0
143.46196279783396	384.0
143.47196363176897	398.0
143.48196446570398	398.0
143.491965299639	398.0
143.50196613357403	384.0
143.51196696750904	375.0
143.52196780144405	367.0
143.5319686353791	363.0
143.5419694693141	354.0
143.5519703032491	350.0
143.56197113718412	346.0
143.57197197111915	346.0
143.58197280505416	350.0
143.59197363898917	354.0
143.6019744729242	358.0
143.61197530685922	389.0
143.62197614079423	398.0
143.63197697472924	402.0
143.64197780866428	402.0
143.6519786425993	398.0
143.6619794765343	393.0
143.67198031046934	384.0
143.68198114440435	380.0
143.69198197833936	380.0
143.7019828122744	375.0
143.7119836462094	375.0
143.7219844801444	380.0
143.73198531407942	389.0
143.74198614801446	398.0
143.75198698194947	398.0
143.76198781588448	402.0
143.77198864981952	402.0
143.78198948375453	402.0
143.79199031768954	398.0
143.80199115162455	393.0
143.8119919855596	393.0
143.8219928194946	393.0
143.8319936534296	393.0
143.84199448736464	393.0
143.85199532129965	398.0
143.86199615523466	398.0
143.8719969891697	398.0
143.8819978231047	398.0
143.89199865703972	393.0
143.90199949097473	389.0
143.91200032490977	384.0
143.92200115884478	380.0
143.9320019927798	380.0
143.94200282671483	384.0
143.95200366064984	398.0
143.96200449458485	407.0
143.97200532851986	407.0
143.9820061624549	407.0
143.9920069963899	398.0
144.0020078303249	398.0
144.01200866425995	393.0
144.02200949819496	393.0
144.03201033212997	393.0
144.042011166065	393.0
144.05201200000002	393.0
144.06201283393503	393.0
144.07201366787004	393.0
144.08201450180508	389.0
144.0920153357401	389.0
144.1020161696751	389.0
144.11201700361013	393.0
144.12201783754514	393.0
144.13201867148015	398.0
144.14201950541516	398.0
144.1520203393502	398.0
144.1620211732852	393.0
144.17202200722022	393.0
144.18202284115526	389.0
144.19202367509027	393.0
144.20202450902528	393.0
144.2120253429603	398.0
144.22202617689533	398.0
144.23202701083034	398.0
144.24202784476535	398.0
144.25202867870038	398.0
144.2620295126354	393.0
144.2720303465704	393.0
144.28203118050544	389.0
144.29203201444045	384.0
144.30203284837546	384.0
144.31203368231047	384.0
144.3220345162455	389.0
144.33203535018052	389.0
144.34203618411553	393.0
144.35203701805057	393.0
144.36203785198558	393.0
144.3720386859206	393.0
144.3820395198556	393.0
144.39204035379063	389.0
144.40204118772564	389.0
144.41204202166065	389.0
144.4220428555957	389.0
144.4320436895307	389.0
144.4420445234657	389.0
144.45204535740075	393.0
144.46204619133576	393.0
144.47204702527077	393.0
144.48204785920578	393.0
144.49204869314082	398.0
144.50204952707583	398.0
144.51205036101084	398.0
144.52205119494587	398.0
144.53205202888088	402.0
144.5420528628159	407.0
144.5520536967509	407.0
144.56205453068594	412.0
144.57205536462095	417.0
144.58205619855596	417.0
144.592057032491	412.0
144.602057866426	407.0
144.61205870036102	398.0
144.62205953429606	393.0
144.63206036823107	393.0
144.64206120216608	393.0
144.65206203610109	393.0
144.66206287003612	393.0
144.67206370397113	393.0
144.68206453790614	393.0
144.69206537184118	389.0
144.7020662057762	389.0
144.7120670397112	389.0
144.7220678736462	389.0
144.73206870758125	389.0
144.74206954151626	389.0
144.75207037545127	389.0
144.7620712093863	389.0
144.77207204332132	389.0
144.78207287725633	389.0
144.79207371119134	389.0
144.80207454512637	389.0
144.81207537906138	393.0
144.8220762129964	393.0
144.83207704693143	393.0
144.84207788086644	398.0
144.85207871480145	398.0
144.8620795487365	398.0
144.8720803826715	398.0
144.8820812166065	393.0
144.89208205054152	389.0
144.90208288447656	384.0
144.91208371841157	375.0
144.92208455234658	367.0
144.9320853862816	358.0
144.94208622021662	350.0
144.95208705415163	342.0
144.96208788808664	342.0
144.97208872202168	350.0
144.9820895559567	402.0
144.9920903898917	496.0
145.00209122382674	402.0
145.01209205776175	398.0
145.02209289169676	389.0
145.0320937256318	375.0
145.0420945595668	363.0
145.05209539350182	354.0
145.06209622743683	350.0
145.07209706137186	350.0
145.08209789530687	358.0
145.09209872924188	371.0
145.10209956317692	380.0
145.11210039711193	380.0
145.12210123104694	380.0
145.13210206498195	375.0
145.142102898917	371.0
145.152103732852	358.0
145.162104566787	346.0
145.17210540072205	323.0
145.18210623465706	308.0
145.19210706859207	305.0
145.20210790252708	305.0
145.2121087364621	308.0
145.22210957039712	312.0
145.23211040433213	312.0
145.24211123826717	316.0
145.25211207220218	319.0
145.2621129061372	319.0
145.27211374007223	319.0
145.28211457400724	316.0
145.29211540794225	316.0
145.30211624187726	316.0
145.3121170758123	312.0
145.3221179097473	312.0
145.33211874368232	312.0
145.34211957761735	316.0
145.35212041155236	319.0
145.36212124548737	323.0
145.37212207942238	323.0
145.38212291335742	319.0
145.39212374729243	316.0
145.40212458122744	316.0
145.41212541516248	319.0
145.4221262490975	350.0
145.4321270830325	371.0
145.44212791696754	384.0
145.45212875090255	398.0
145.46212958483756	402.0
145.47213041877257	402.0
145.4821312527076	393.0
145.4921320866426	380.0
145.50213292057762	354.0
145.51213375451266	342.0
145.52213458844767	331.0
145.53213542238268	334.0
145.5421362563177	338.0
145.55213709025273	354.0
145.56213792418774	375.0
145.57213875812275	393.0
145.58213959205779	398.0
145.5921404259928	398.0
145.6021412599278	398.0
145.61214209386284	393.0
145.62214292779785	380.0
145.63214376173286	375.0
145.64214459566787	371.0
145.6521454296029	380.0
145.66214626353792	393.0
145.67214709747293	398.0
145.68214793140797	402.0
145.69214876534298	402.0
145.702149599278	402.0
145.712150433213	402.0
145.72215126714804	402.0
145.73215210108305	402.0
145.74215293501805	402.0
145.7521537689531	402.0
145.7621546028881	398.0
145.7721554368231	393.0
145.78215627075812	384.0
145.79215710469316	375.0
145.80215793862817	358.0
145.81215877256318	342.0
145.82215960649822	323.0
145.83216044043323	323.0
145.84216127436824	327.0
145.85216210830328	346.0
145.86216294223829	358.0
145.8721637761733	375.0
145.8821646101083	384.0
145.89216544404334	389.0
145.90216627797835	393.0
145.91216711191336	393.0
145.9221679458484	393.0
145.9321687797834	384.0
145.94216961371842	384.0
145.95217044765343	389.0
145.96217128158847	389.0
145.97217211552348	389.0
145.9821729494585	389.0
145.99217378339353	393.0
146.00217461732854	393.0
146.01217545126354	393.0
146.02217628519858	393.0
146.0321771191336	393.0
146.0421779530686	393.0
146.0521787870036	393.0
146.06217962093865	393.0
146.07218045487366	389.0
146.08218128880867	389.0
146.0921821227437	393.0
146.10218295667872	393.0
146.11218379061373	393.0
146.12218462454874	398.0
146.13218545848378	398.0
146.14218629241878	398.0
146.1521871263538	393.0
146.16218796028883	393.0
146.17218879422384	389.0
146.18218962815885	384.0
146.1921904620939	384.0
146.2021912960289	384.0
146.2121921299639	389.0
146.22219296389892	393.0
146.23219379783396	398.0
146.24219463176897	398.0
146.25219546570398	393.0
146.26219629963902	393.0
146.27219713357402	393.0
146.28219796750903	389.0
146.29219880144404	389.0
146.30219963537908	389.0
146.3122004693141	389.0
146.3222013032491	389.0
146.33220213718414	393.0
146.34220297111915	398.0
146.35220380505416	398.0
146.36220463898917	402.0
146.3722054729242	402.0
146.38220630685922	402.0
146.39220714079423	402.0
146.40220797472927	402.0
146.41220880866427	398.0
146.42220964259928	393.0
146.43221047653432	389.0
146.44221131046933	389.0
146.45221214440434	393.0
146.46221297833935	398.0
146.4722138122744	402.0
146.4822146462094	402.0
146.4922154801444	407.0
146.50221631407945	402.0
146.51221714801446	402.0
146.52221798194947	393.0
146.53221881588448	375.0
146.54221964981951	0.0
146.55222048375452	0.0
146.56222131768953	0.0
146.57222215162457	0.0
146.58222298555958	0.0
146.5922238194946	0.0
146.60222465342963	0.0
146.61222548736464	0.0
146.62222632129965	0.0
146.63222715523466	0.0
146.6422279891697	0.0
146.6522288231047	0.0
146.66222965703972	0.0
146.67223049097475	0.0
146.68223132490976	0.0
146.69223215884477	0.0
146.70223299277978	0.0
146.71223382671482	0.0
146.72223466064983	0.0
146.73223549458484	0.0
146.74223632851988	0.0
146.7522371624549	0.0
146.7622379963899	0.0
146.77223883032494	0.0
146.78223966425995	0.0
146.79224049819496	0.0
146.80224133212997	0.0
146.812242166065	0.0
146.82224300000001	0.0
146.83224383393502	0.0
146.84224466787006	0.0
146.85224550180507	0.0
146.86224633574008	389.0
146.8722471696751	389.0
146.88224800361013	393.0
146.89224883754514	393.0
146.90224967148015	393.0
146.9122505054152	393.0
146.9222513393502	393.0
146.9322521732852	393.0
146.94225300722022	393.0
146.95225384115525	393.0
146.96225467509026	393.0
146.97225550902527	393.0
146.9822563429603	393.0
146.99225717689532	393.0
147.00225801083033	393.0
147.01225884476537	393.0
147.02225967870038	393.0
147.0322605126354	393.0
147.0422613465704	393.0
147.05226218050544	393.0
147.06226301444045	393.0
147.07226384837546	393.0
147.0822646823105	393.0
147.0922655162455	393.0
147.1022663501805	393.0
147.11226718411552	393.0
147.12226801805056	393.0
147.13226885198557	393.0
147.14226968592058	393.0
147.15227051985562	398.0
147.16227135379063	398.0
147.17227218772564	398.0
147.18227302166068	398.0
147.1922738555957	398.0
147.2022746895307	398.0
147.2122755234657	389.0
147.22227635740074	389.0
147.23227719133575	389.0
147.24227802527076	389.0
147.2522788592058	389.0
147.2622796931408	389.0
147.27228052707582	393.0
147.28228136101083	393.0
147.29228219494587	393.0
147.30228302888088	393.0
147.3122838628159	393.0
147.32228469675093	393.0
147.33228553068594	393.0
147.34228636462095	393.0
147.35228719855598	393.0
147.362288032491	393.0
147.372288866426	398.0
147.382289700361	393.0
147.39229053429605	393.0
147.40229136823106	393.0
147.41229220216607	393.0
147.4222930361011	389.0
147.43229387003612	384.0
147.44229470397113	375.0
147.45229553790614	363.0
147.46229637184118	358.0
147.4722972057762	354.0
147.4822980397112	354.0
147.49229887364623	358.0
147.50229970758124	367.0
147.51230054151625	384.0
147.52230137545126	393.0
147.5323022093863	398.0
147.5423030433213	402.0
147.55230387725632	402.0
147.56230471119136	393.0
147.57230554512637	389.0
147.58230637906138	380.0
147.59230721299642	371.0
147.60230804693143	363.0
147.61230888086644	363.0
147.62230971480145	354.0
147.63231054873648	354.0
147.6423113826715	358.0
147.6523122166065	363.0
147.66231305054154	367.0
147.67231388447655	380.0
147.68231471841156	389.0
147.69231555234657	393.0
147.7023163862816	398.0
147.71231722021662	398.0
147.72231805415163	398.0
147.73231888808667	398.0
147.74231972202168	393.0
147.7523205559567	393.0
147.76232138989172	393.0
147.77232222382673	393.0
147.78232305776174	398.0
147.79232389169675	402.0
147.8023247256318	407.0
147.8123255595668	412.0
147.8223263935018	417.0
147.83232722743685	421.0
147.84232806137186	417.0
147.85232889530687	412.0
147.86232972924188	407.0
147.87233056317692	402.0
147.88233139711193	398.0
147.89233223104694	398.0
147.90233306498197	398.0
147.91233389891698	398.0
147.922334732852	398.0
147.932335566787	398.0
147.94233640072204	402.0
147.95233723465705	398.0
147.96233806859206	398.0
147.9723389025271	393.0
147.9823397364621	393.0
147.99234057039712	389.0
148.00234140433216	0.0
148.01234223826717	0.0
148.02234307220218	0.0
148.03234390613719	0.0
148.04234474007222	0.0
148.05234557400723	0.0
148.06234640794224	0.0
148.07234724187728	398.0
148.0823480758123	398.0
148.0923489097473	398.0
148.1023497436823	398.0
148.11235057761735	398.0
148.12235141155236	398.0
148.13235224548737	398.0
148.1423530794224	398.0
148.15235391335742	398.0
148.16235474729243	398.0
148.17235558122746	393.0
148.18235641516247	393.0
148.19235724909748	393.0
148.2023580830325	393.0
148.21235891696753	393.0
148.22235975090254	398.0
148.23236058483755	398.0
148.2423614187726	398.0
148.2523622527076	398.0
148.2623630866426	402.0
148.27236392057762	402.0
148.28236475451266	402.0
148.29236558844767	398.0
148.30236642238268	398.0
148.3123672563177	398.0
148.32236809025272	398.0
148.33236892418773	398.0
148.34236975812277	398.0
148.35237059205778	398.0
148.3623714259928	398.0
148.3723722599278	407.0
148.38237309386284	412.0
148.39237392779785	412.0
148.40237476173286	417.0
148.4123755956679	412.0
148.4223764296029	412.0
148.43237726353792	412.0
148.44237809747293	412.0
148.45237893140796	407.0
148.46237976534297	407.0
148.47238059927798	402.0
148.48238143321302	402.0
148.49238226714803	398.0
148.50238310108304	393.0
148.51238393501805	393.0
148.5223847689531	393.0
148.5323856028881	393.0
148.5423864368231	393.0
148.55238727075815	393.0
148.56238810469316	393.0
148.57238893862817	398.0
148.5823897725632	398.0
148.5923906064982	398.0
148.60239144043322	402.0
148.61239227436823	412.0
148.62239310830327	412.0
148.63239394223828	417.0
148.6423947761733	412.0
148.65239561010833	412.0
148.66239644404334	407.0
148.67239727797835	402.0
148.68239811191336	398.0
148.6923989458484	393.0
148.7023997797834	393.0
148.71240061371842	393.0
148.72240144765345	393.0
148.73240228158846	393.0
148.74240311552347	407.0
148.7524039494585	417.0
148.76240478339352	426.0
148.77240561732853	426.0
148.78240645126354	426.0
148.79240728519858	421.0
148.8024081191336	417.0
148.8124089530686	412.0
148.82240978700364	407.0
148.83241062093865	402.0
148.84241145487366	398.0
148.85241228880867	398.0
148.8624131227437	402.0
148.8724139566787	407.0
148.88241479061372	417.0
148.89241562454876	421.0
148.90241645848377	0.0
148.91241729241878	0.0
148.92241812635382	0.0
148.93241896028883	0.0
148.94241979422384	0.0
148.95242062815885	0.0
148.9624214620939	389.0
148.9724222960289	389.0
148.9824231299639	398.0
148.99242396389894	431.0
149.00242479783395	441.0
149.01242563176896	452.0
149.02242646570397	447.0
149.032427299639	436.0
149.04242813357402	407.0
149.05242896750903	398.0
149.06242980144407	393.0
149.07243063537908	393.0
149.0824314693141	393.0
149.0924323032491	393.0
149.10243313718414	398.0
149.11243397111915	407.0
149.12243480505416	412.0
149.1324356389892	407.0
149.1424364729242	398.0
149.1524373068592	389.0
149.16243814079425	380.0
149.17243897472926	367.0
149.18243980866427	363.0
149.19244064259928	354.0
149.20244147653432	354.0
149.21244231046933	354.0
149.22244314440434	354.0
149.23244397833938	363.0
149.24244481227439	375.0
149.2524456462094	389.0
149.2624464801444	389.0
149.27244731407944	384.0
149.28244814801445	380.0
149.29244898194946	371.0
149.3024498158845	358.0
149.3124506498195	350.0
149.32245148375452	342.0
149.33245231768956	338.0
149.34245315162457	331.0
149.35245398555958	323.0
149.3624548194946	316.0
149.37245565342963	316.0
149.38245648736464	316.0
149.39245732129964	316.0
149.40245815523468	316.0
149.4124589891697	316.0
149.4224598231047	316.0
149.4324606570397	316.0
149.44246149097475	312.0
149.45246232490976	312.0
149.46246315884477	0.0
149.4724639927798	384.0
149.48246482671482	380.0
149.49246566064983	371.0
149.50246649458487	358.0
149.51246732851988	350.0
149.52246816245489	350.0
149.5324689963899	354.0
149.54246983032493	363.0
149.55247066425994	375.0
149.56247149819495	389.0
149.57247233213	393.0
149.582473166065	393.0
149.592474	393.0
149.60247483393502	393.0
149.61247566787006	393.0
149.62247650180507	393.0
149.63247733574008	389.0
149.64247816967512	389.0
149.65247900361013	389.0
149.66247983754513	393.0
149.67248067148014	398.0
149.68248150541518	407.0
149.6924823393502	412.0
149.7024831732852	417.0
149.71248400722024	417.0
149.72248484115525	417.0
149.73248567509026	0.0
149.7424865090253	0.0
149.7524873429603	0.0
149.76248817689532	0.0
149.77248901083033	0.0
149.78248984476537	0.0
149.79249067870037	0.0
149.80249151263538	0.0
149.81249234657042	398.0
149.82249318050543	398.0
149.83249401444044	398.0
149.84249484837545	393.0
149.8524956823105	389.0
149.8624965162455	380.0
149.8724973501805	371.0
149.88249818411555	367.0
149.89249901805056	358.0
149.90249985198557	354.0
149.9125006859206	354.0
149.92250151985562	354.0
149.93250235379062	354.0
149.94250318772563	354.0
149.95250402166067	354.0
149.96250485559568	354.0
149.9725056895307	354.0
149.98250652346573	358.0
149.99250735740074	367.0
150.00250819133575	375.0
150.01250902527076	380.0
150.0225098592058	384.0
150.0325106931408	389.0
150.04251152707582	393.0
150.05251236101086	393.0
150.06251319494586	393.0
150.07251402888087	393.0
150.08251486281588	393.0
150.09251569675092	398.0
150.10251653068593	398.0
150.11251736462094	398.0
150.12251819855598	398.0
150.132519032491	398.0
150.142519866426	398.0
150.15252070036104	398.0
150.16252153429605	398.0
150.17252236823106	398.0
150.18252320216607	398.0
150.1925240361011	398.0
150.20252487003611	398.0
150.21252570397112	398.0
150.22252653790616	398.0
150.23252737184117	393.0
150.24252820577618	398.0
150.2525290397112	398.0
150.26252987364623	398.0
150.27253070758124	398.0
150.28253154151625	398.0
150.2925323754513	398.0
150.3025332093863	398.0
150.3125340433213	398.0
150.32253487725634	398.0
150.33253571119135	398.0
150.34253654512636	398.0
150.35253737906137	402.0
150.3625382129964	398.0
150.37253904693142	398.0
150.38253988086643	398.0
150.39254071480147	393.0
150.40254154873648	389.0
150.4125423826715	380.0
150.4225432166065	375.0
150.43254405054154	371.0
150.44254488447655	367.0
150.45254571841156	363.0
150.4625465523466	363.0
150.4725473862816	358.0
150.48254822021661	358.0
150.49254905415165	358.0
150.50254988808666	358.0
150.51255072202167	358.0
150.52255155595668	363.0
150.53255238989172	363.0
150.54255322382673	363.0
150.55255405776174	0.0
150.56255489169678	0.0
150.5725557256318	0.0
150.5825565595668	0.0
150.5925573935018	0.0
150.60255822743684	0.0
150.61255906137185	0.0
150.62255989530686	0.0
150.6325607292419	0.0
150.6425615631769	0.0
150.65256239711192	393.0
150.66256323104693	389.0
150.67256406498197	389.0
150.68256489891698	389.0
150.692565732852	393.0
150.70256656678703	393.0
150.71256740072204	398.0
150.72256823465705	398.0
150.73256906859208	402.0
150.7425699025271	407.0
150.7525707364621	412.0
150.7625715703971	412.0
150.77257240433215	412.0
150.78257323826716	407.0
150.79257407220217	398.0
150.8025749061372	393.0
150.81257574007222	389.0
150.82257657400723	389.0
150.83257740794224	389.0
150.84257824187728	389.0
150.8525790758123	389.0
150.8625799097473	393.0
150.87258074368233	393.0
150.88258157761734	389.0
150.89258241155235	389.0
150.9025832454874	389.0
150.9125840794224	389.0
150.9225849133574	389.0
150.93258574729242	393.0
150.94258658122746	393.0
150.95258741516247	393.0
150.96258824909748	393.0
150.97258908303252	393.0
150.98258991696753	389.0
150.99259075090254	389.0
151.00259158483755	389.0
151.01259241877258	389.0
151.0225932527076	393.0
151.0325940866426	393.0
151.04259492057764	398.0
151.05259575451265	389.0
151.06259658844766	389.0
151.0725974223827	389.0
151.0825982563177	389.0
151.09259909025272	389.0
151.10259992418773	393.0
151.11260075812277	393.0
151.12260159205778	393.0
151.1326024259928	393.0
151.14260325992782	393.0
151.15260409386283	393.0
151.16260492779784	393.0
151.17260576173285	393.0
151.1826065956679	393.0
151.1926074296029	389.0
151.2026082635379	389.0
151.21260909747295	389.0
151.22260993140796	389.0
151.23261076534297	393.0
151.24261159927798	393.0
151.25261243321302	393.0
151.26261326714803	393.0
151.27261410108304	393.0
151.28261493501807	393.0
151.29261576895308	393.0
151.3026166028881	393.0
151.31261743682313	393.0
151.32261827075814	389.0
151.33261910469315	389.0
151.34261993862816	389.0
151.3526207725632	389.0
151.3626216064982	389.0
151.37262244043322	389.0
151.38262327436826	389.0
151.39262410830327	389.0
151.40262494223828	389.0
151.4126257761733	389.0
151.42262661010832	389.0
151.43262744404333	389.0
151.44262827797834	389.0
151.45262911191338	389.0
151.4626299458484	389.0
151.4726307797834	384.0
151.48263161371844	384.0
151.49263244765345	384.0
151.50263328158846	384.0
151.51263411552347	389.0
151.5226349494585	389.0
151.53263578339352	389.0
151.54263661732853	389.0
151.55263745126356	389.0
151.56263828519857	389.0
151.57263911913358	389.0
151.5826399530686	389.0
151.59264078700363	389.0
151.60264162093864	389.0
151.61264245487365	393.0
151.6226432888087	393.0
151.6326441227437	393.0
151.6426449566787	393.0
151.65264579061375	393.0
151.66264662454876	393.0
151.67264745848377	393.0
151.68264829241878	393.0
151.6926491263538	393.0
151.70264996028882	393.0
151.71265079422383	393.0
151.72265162815887	389.0
151.73265246209388	393.0
151.7426532960289	393.0
151.7526541299639	393.0
151.76265496389894	393.0
151.77265579783395	393.0
151.78265663176896	393.0
151.792657465704	393.0
151.802658299639	389.0
151.81265913357402	389.0
151.82265996750903	389.0
151.83266080144406	389.0
151.84266163537907	389.0
151.85266246931408	389.0
151.86266330324912	389.0
151.87266413718413	393.0
151.88266497111914	393.0
151.89266580505418	393.0
151.9026666389892	393.0
151.9126674729242	393.0
151.9226683068592	393.0
151.93266914079425	393.0
151.94266997472926	389.0
151.95267080866427	389.0
151.9626716425993	389.0
151.9726724765343	393.0
151.98267331046932	393.0
151.99267414440433	393.0
152.00267497833937	393.0
152.01267581227438	393.0
152.0226766462094	393.0
152.03267748014443	389.0
152.04267831407944	389.0
152.05267914801445	389.0
152.0626799819495	389.0
152.0726808158845	389.0
152.0826816498195	389.0
152.09268248375452	389.0
152.10268331768955	389.0
152.11268415162456	389.0
152.12268498555957	389.0
152.1326858194946	393.0
152.14268665342962	398.0
152.15268748736463	402.0
152.16268832129964	402.0
152.17268915523468	398.0
152.1826899891697	393.0
152.1926908231047	393.0
152.20269165703974	393.0
152.21269249097475	393.0
152.22269332490976	393.0
152.23269415884477	393.0
152.2426949927798	393.0
152.2526958267148	393.0
152.26269666064982	398.0
152.27269749458486	398.0
152.28269832851987	398.0
152.29269916245488	398.0
152.30269999638992	393.0
152.31270083032493	393.0
152.32270166425994	393.0
152.33270249819495	393.0
152.34270333213	393.0
152.352704166065	393.0
152.362705	393.0
152.37270583393504	393.0
152.38270666787005	393.0
152.39270750180506	393.0
152.40270833574007	398.0
152.4127091696751	393.0
152.42271000361012	393.0
152.43271083754513	393.0
152.44271167148017	393.0
152.45271250541518	393.0
152.4627133393502	393.0
152.47271417328523	393.0
152.48271500722024	393.0
152.49271584115525	393.0
152.50271667509026	393.0
152.5127175090253	393.0
152.5227183429603	393.0
152.5327191768953	393.0
152.54272001083035	393.0
152.55272084476536	393.0
152.56272167870037	393.0
152.57272251263538	393.0
152.58272334657042	393.0
152.59272418050543	393.0
152.60272501444044	393.0
152.61272584837548	393.0
152.62272668231049	393.0
152.6327275162455	389.0
152.64272835018053	389.0
152.65272918411554	389.0
152.66273001805055	393.0
152.67273085198556	407.0
152.6827316859206	417.0
152.6927325198556	426.0
152.70273335379062	426.0
152.71273418772566	421.0
152.72273502166067	412.0
152.73273585559568	398.0
152.7427366895307	384.0
152.75273752346573	375.0
152.76273835740074	375.0
152.77273919133575	375.0
152.78274002527078	389.0
152.7927408592058	407.0
152.8027416931408	468.0
152.8127425270758	496.0
152.82274336101085	617.0
152.83274419494586	596.0
152.84274502888087	583.0
152.8527458628159	569.0
152.86274669675092	407.0
152.87274753068593	389.0
152.88274836462097	389.0
152.89274919855598	393.0
152.90275003249099	407.0
152.912750866426	417.0
152.92275170036103	426.0
152.93275253429604	431.0
152.94275336823105	431.0
152.9527542021661	426.0
152.9627550361011	407.0
152.9727558700361	398.0
152.98275670397112	380.0
152.99275753790616	380.0
153.00275837184117	384.0
153.01275920577618	402.0
153.02276003971122	421.0
153.03276087364623	431.0
153.04276170758123	431.0
153.05276254151627	421.0
153.06276337545128	412.0
153.0727642093863	389.0
153.0827650433213	384.0
153.09276587725634	380.0
153.10276671119135	380.0
153.11276754512636	384.0
153.1227683790614	389.0
153.1327692129964	393.0
153.14277004693142	389.0
153.15277088086643	384.0
153.16277171480147	371.0
153.17277254873648	354.0
153.18277338267148	342.0
153.19277421660652	338.0
153.20277505054153	342.0
153.21277588447654	346.0
153.22277671841158	354.0
153.2327775523466	367.0
153.2427783862816	380.0
153.2527792202166	389.0
153.26278005415165	393.0
153.27278088808666	393.0
153.28278172202167	398.0
153.2927825559567	398.0
153.30278338989172	393.0
153.31278422382672	393.0
153.32278505776173	393.0
153.33278589169677	389.0
153.34278672563178	384.0
153.3527875595668	375.0
153.36278839350183	363.0
153.37278922743684	354.0
153.38279006137185	350.0
153.39279089530686	350.0
153.4027917292419	363.0
153.4127925631769	384.0
153.42279339711192	393.0
153.43279423104696	398.0
153.44279506498196	393.0
153.45279589891697	389.0
153.462796732852	380.0
153.47279756678702	375.0
153.48279840072203	375.0
153.49279923465704	389.0
153.50280006859208	398.0
153.5128009025271	407.0
153.5228017364621	407.0
153.53280257039714	407.0
153.54280340433215	402.0
153.55280423826716	398.0
153.56280507220217	389.0
153.5728059061372	389.0
153.58280674007221	389.0
153.59280757400722	389.0
153.60280840794226	389.0
153.61280924187727	398.0
153.62281007581228	398.0
153.63281090974732	398.0
153.64281174368233	398.0
153.65281257761734	398.0
153.66281341155235	398.0
153.6728142454874	407.0
153.6828150794224	417.0
153.6928159133574	426.0
153.70281674729245	462.0
153.71281758122745	479.0
153.72281841516246	479.0
153.73281924909747	462.0
153.7428200830325	447.0
153.75282091696752	417.0
153.76282175090253	402.0
153.77282258483757	398.0
153.78282341877258	398.0
153.7928242527076	402.0
153.80282508664263	402.0
153.81282592057764	402.0
153.82282675451265	398.0
153.83282758844766	393.0
153.8428284223827	389.0
153.8528292563177	384.0
153.86283009025271	380.0
153.87283092418775	384.0
153.88283175812276	384.0
153.89283259205777	393.0
153.90283342599278	402.0
153.91283425992782	407.0
153.92283509386283	412.0
153.93283592779784	412.0
153.94283676173288	412.0
153.9528375956679	412.0
153.9628384296029	412.0
153.9728392635379	412.0
153.98284009747294	412.0
153.99284093140795	412.0
154.00284176534296	407.0
154.012842599278	407.0
154.022843433213	402.0
154.03284426714802	398.0
154.04284510108306	398.0
154.05284593501807	393.0
154.06284676895308	393.0
154.0728476028881	389.0
154.08284843682313	389.0
154.09284927075814	389.0
154.10285010469315	389.0
154.11285093862818	389.0
154.1228517725632	389.0
154.1328526064982	393.0
154.1428534404332	393.0
154.15285427436825	393.0
154.16285510830326	393.0
154.17285594223827	393.0
154.1828567761733	398.0
154.19285761010832	398.0
154.20285844404333	398.0
154.21285927797837	393.0
154.22286011191338	393.0
154.2328609458484	389.0
154.2428617797834	389.0
154.25286261371843	384.0
154.26286344765344	384.0
154.27286428158845	389.0
154.2828651155235	398.0
154.2928659494585	417.0
154.3028667833935	426.0
154.31286761732852	436.0
154.32286845126356	436.0
154.33286928519857	436.0
154.34287011913358	384.0
154.35287095306862	380.0
154.36287178700363	380.0
154.37287262093864	380.0
154.38287345487367	384.0
154.39287428880868	384.0
154.4028751227437	389.0
154.4128759566787	389.0
154.42287679061374	389.0
154.43287762454875	384.0
154.44287845848376	384.0
154.4528792924188	380.0
154.4628801263538	380.0
154.47288096028882	384.0
154.48288179422383	393.0
154.49288262815887	398.0
154.50288346209388	402.0
154.5128842960289	402.0
154.52288512996392	402.0
154.53288596389893	398.0
154.54288679783394	393.0
154.55288763176895	389.0
154.562888465704	380.0
154.572889299639	371.0
154.582890133574	367.0
154.59289096750905	367.0
154.60289180144406	363.0
154.61289263537907	358.0
154.6228934693141	358.0
154.63289430324912	358.0
154.64289513718413	354.0
154.65289597111914	354.0
154.66289680505417	354.0
154.67289763898918	354.0
154.6828984729242	354.0
154.69289930685923	354.0
154.70290014079424	358.0
154.71290097472925	363.0
154.72290180866426	371.0
154.7329026425993	380.0
154.7429034765343	384.0
154.75290431046932	393.0
154.76290514440436	393.0
154.77290597833937	398.0
154.78290681227438	402.0
154.79290764620941	402.0
154.80290848014442	402.0
154.81290931407943	398.0
154.82291014801444	389.0
154.83291098194948	384.0
154.8429118158845	375.0
154.8529126498195	371.0
154.86291348375454	367.0
154.87291431768955	363.0
154.88291515162456	358.0
154.89291598555957	358.0
154.9029168194946	358.0
154.91291765342962	358.0
154.92291848736463	354.0
154.93291932129966	354.0
154.94292015523467	358.0
154.95292098916968	363.0
154.9629218231047	367.0
154.97292265703973	371.0
154.98292349097474	380.0
154.99292432490975	389.0
155.0029251588448	393.0
155.0129259927798	398.0
155.0229268267148	402.0
155.03292766064985	402.0
155.04292849458486	402.0
155.05292932851987	398.0
155.06293016245488	393.0
155.0729309963899	384.0
155.08293183032492	375.0
155.09293266425993	371.0
155.10293349819497	363.0
155.11293433212998	354.0
155.122935166065	350.0
155.132936	346.0
155.14293683393504	342.0
155.15293766787005	342.0
155.16293850180506	0.0
155.1729393357401	0.0
155.1829401696751	0.0
155.19294100361012	0.0
155.20294183754515	0.0
155.21294267148016	0.0
155.22294350541517	0.0
155.23294433935018	384.0
155.24294517328522	380.0
155.25294600722023	389.0
155.26294684115524	393.0
155.27294767509028	412.0
155.2829485090253	431.0
155.2929493429603	441.0
155.3029501768953	447.0
155.31295101083035	447.0
155.32295184476536	441.0
155.33295267870037	421.0
155.3429535126354	398.0
155.3529543465704	398.0
155.36295518050542	393.0
155.37295601444046	393.0
155.38295684837547	393.0
155.39295768231048	398.0
155.4029585162455	398.0
155.41295935018053	398.0
155.42296018411554	398.0
155.43296101805055	398.0
155.4429618519856	402.0
155.4529626859206	402.0
155.4629635198556	402.0
155.47296435379062	402.0
155.48296518772565	402.0
155.49296602166066	402.0
155.50296685559567	402.0
155.5129676895307	402.0
155.52296852346572	398.0
155.53296935740073	398.0
155.54297019133574	398.0
155.55297102527078	398.0
155.5629718592058	398.0
155.5729726931408	398.0
155.58297352707584	402.0
155.59297436101085	417.0
155.60297519494586	421.0
155.6129760288809	431.0
155.6229768628159	431.0
155.6329776967509	431.0
155.64297853068592	421.0
155.65297936462096	417.0
155.66298019855597	0.0
155.67298103249098	0.0
155.68298186642602	0.0
155.69298270036103	0.0
155.70298353429604	0.0
155.71298436823105	0.0
155.7229852021661	0.0
155.7329860361011	0.0
155.7429868700361	407.0
155.75298770397114	402.0
155.76298853790615	398.0
155.77298937184116	398.0
155.7829902057762	393.0
155.7929910397112	393.0
155.80299187364622	393.0
155.81299270758123	393.0
155.82299354151627	398.0
155.83299437545128	398.0
155.8429952093863	398.0
155.85299604332133	398.0
155.86299687725634	398.0
155.87299771119135	398.0
155.88299854512636	398.0
155.8929993790614	393.0
155.9030002129964	393.0
155.9130010469314	393.0
155.92300188086645	393.0
155.93300271480146	393.0
155.94300354873647	389.0
155.9530043826715	384.0
155.96300521660652	375.0
155.97300605054153	371.0
155.98300688447654	367.0
155.99300771841158	363.0
156.00300855234659	358.0
156.0130093862816	358.0
156.02301022021663	354.0
156.03301105415164	354.0
156.04301188808665	350.0
156.05301272202166	350.0
156.0630135559567	354.0
156.0730143898917	354.0
156.08301522382672	354.0
156.09301605776176	358.0
156.10301689169677	363.0
156.11301772563178	371.0
156.1230185595668	380.0
156.13301939350183	389.0
156.14302022743684	398.0
156.15302106137185	398.0
156.16302189530688	398.0
156.1730227292419	398.0
156.1830235631769	398.0
156.19302439711194	393.0
156.20302523104695	393.0
156.21302606498196	389.0
156.22302689891697	389.0
156.233027732852	384.0
156.24302856678702	380.0
156.25302940072203	375.0
156.26303023465707	371.0
156.27303106859208	367.0
156.28303190252709	363.0
156.2930327364621	358.0
156.30303357039713	354.0
156.31303440433214	354.0
156.32303523826715	354.0
156.3330360722022	354.0
156.3430369061372	358.0
156.3530377400722	358.0
156.36303857400725	367.0
156.37303940794226	393.0
156.38304024187727	412.0
156.39304107581228	417.0
156.40304190974732	412.0
156.41304274368233	398.0
156.42304357761734	389.0
156.43304441155237	384.0
156.44304524548738	380.0
156.4530460794224	380.0
156.4630469133574	384.0
156.47304774729244	393.0
156.48304858122745	402.0
156.49304941516246	407.0
156.5030502490975	417.0
156.5130510830325	417.0
156.52305191696752	417.0
156.53305275090256	412.0
156.54305358483757	402.0
156.55305441877258	398.0
156.56305525270758	393.0
156.57305608664262	393.0
156.58305692057763	393.0
156.59305775451264	393.0
156.60305858844768	393.0
156.6130594223827	398.0
156.6230602563177	398.0
156.6330610902527	398.0
156.64306192418775	398.0
156.65306275812276	398.0
156.66306359205777	393.0
156.6730644259928	389.0
156.68306525992782	384.0
156.69306609386283	375.0
156.70306692779783	363.0
156.71306776173287	354.0
156.72306859566788	346.0
156.7330694296029	346.0
156.74307026353793	346.0
156.75307109747294	350.0
156.76307193140795	363.0
156.773072765343	375.0
156.783073599278	389.0
156.793074433213	398.0
156.80307526714802	402.0
156.81307610108306	407.0
156.82307693501807	407.0
156.83307776895307	402.0
156.8430786028881	393.0
156.85307943682312	389.0
156.86308027075813	375.0
156.87308110469314	363.0
156.88308193862818	346.0
156.8930827725632	338.0
156.9030836064982	338.0
156.91308444043324	338.0
156.92308527436825	346.0
156.93308610830326	358.0
156.9430869422383	384.0
156.9530877761733	398.0
156.96308861010831	402.0
156.97308944404332	407.0
156.98309027797836	402.0
156.99309111191337	398.0
157.00309194584838	389.0
157.01309277978342	384.0
157.02309361371843	380.0
157.03309444765344	380.0
157.04309528158845	384.0
157.0530961155235	393.0
157.0630969494585	398.0
157.0730977833935	407.0
157.08309861732855	412.0
157.09309945126356	412.0
157.10310028519856	407.0
157.11310111913357	398.0
157.1231019530686	393.0
157.13310278700362	389.0
157.14310362093863	389.0
157.15310445487367	384.0
157.16310528880868	384.0
157.1731061227437	389.0
157.18310695667873	389.0
157.19310779061374	393.0
157.20310862454875	393.0
157.21310945848376	393.0
157.2231102924188	393.0
157.2331111263538	389.0
157.24311196028881	384.0
157.25311279422385	375.0
157.26311362815886	363.0
157.27311446209387	358.0
157.28311529602888	350.0
157.29311612996392	346.0
157.30311696389893	346.0
157.31311779783394	346.0
157.32311863176898	358.0
157.333119465704	371.0
157.343120299639	384.0
157.35312113357404	389.0
157.36312196750904	398.0
157.37312280144405	402.0
157.38312363537906	402.0
157.3931244693141	402.0
157.4031253032491	398.0
157.41312613718412	393.0
157.42312697111916	384.0
157.43312780505417	375.0
157.44312863898918	367.0
157.4531294729242	358.0
157.46313030685923	354.0
157.47313114079424	346.0
157.48313197472925	342.0
157.49313280866428	342.0
157.5031336425993	346.0
157.5131344765343	358.0
157.52313531046934	375.0
157.53313614440435	389.0
157.54313697833936	398.0
157.55313781227437	402.0
157.5631386462094	398.0
157.57313948014442	393.0
157.58314031407943	389.0
157.59314114801447	380.0
157.60314198194948	371.0
157.6131428158845	363.0
157.6231436498195	354.0
157.63314448375453	350.0
157.64314531768954	346.0
157.65314615162455	342.0
157.6631469855596	342.0
157.6731478194946	342.0
157.6831486534296	363.0
157.69314948736462	384.0
157.70315032129966	393.0
157.71315115523467	407.0
157.72315198916968	407.0
157.73315282310472	407.0
157.74315365703973	402.0
157.75315449097474	393.0
157.76315532490977	384.0
157.77315615884478	375.0
157.7831569927798	367.0
157.7931578267148	358.0
157.80315866064984	350.0
157.81315949458485	346.0
157.82316032851986	346.0
157.8331611624549	350.0
157.8431619963899	354.0
157.85316283032492	363.0
157.86316366425993	380.0
157.87316449819497	393.0
157.88316533212998	398.0
157.893166166065	402.0
157.90316700000002	398.0
157.91316783393503	393.0
157.92316866787004	384.0
157.93316950180508	371.0
157.9431703357401	358.0
157.9531711696751	350.0
157.9631720036101	342.0
157.97317283754515	342.0
157.98317367148016	346.0
157.99317450541517	371.0
158.0031753393502	384.0
158.01317617328522	389.0
158.02317700722023	393.0
158.03317784115524	393.0
158.04317867509027	393.0
158.05317950902528	389.0
158.0631803429603	384.0
158.07318117689533	380.0
158.08318201083034	380.0
158.09318284476535	384.0
158.1031836787004	393.0
158.1131845126354	402.0
158.1231853465704	407.0
158.13318618050542	412.0
158.14318701444046	407.0
158.15318784837547	398.0
158.16318868231048	393.0
158.17318951624551	389.0
158.18319035018052	384.0
158.19319118411553	384.0
158.20319201805054	384.0
158.21319285198558	384.0
158.2231936859206	389.0
158.2331945198556	393.0
158.24319535379064	398.0
158.25319618772565	398.0
158.26319702166066	398.0
158.27319785559567	393.0
158.2831986895307	384.0
158.29319952346572	375.0
158.30320035740073	367.0
158.31320119133576	354.0
158.32320202527077	346.0
158.33320285920578	346.0
158.34320369314082	354.0
158.35320452707583	367.0
158.36320536101084	375.0
158.37320619494585	389.0
158.3832070288809	398.0
158.3932078628159	407.0
158.4032086967509	407.0
158.41320953068595	402.0
158.42321036462096	389.0
158.43321119855597	380.0
158.44321203249098	371.0
158.45321286642601	363.0
158.46321370036102	358.0
158.47321453429603	350.0
158.48321536823107	350.0
158.49321620216608	350.0
158.5032170361011	358.0
158.51321787003613	375.0
158.52321870397114	384.0
158.53321953790615	393.0
158.54322037184116	398.0
158.5532212057762	398.0
158.5632220397112	393.0
158.57322287364622	384.0
158.58322370758125	375.0
158.59322454151626	363.0
158.60322537545127	354.0
158.61322620938628	346.0
158.62322704332132	346.0
158.63322787725633	342.0
158.64322871119134	346.0
158.65322954512638	354.0
158.6632303790614	371.0
158.6732312129964	384.0
158.68323204693144	402.0
158.69323288086645	412.0
158.70323371480146	412.0
158.71323454873647	412.0
158.7232353826715	407.0
158.7332362166065	380.0
158.74323705054152	371.0
158.75323788447656	363.0
158.76323871841157	354.0
158.77323955234658	346.0
158.7832403862816	342.0
158.79324122021663	334.0
158.80324205415164	334.0
158.81324288808665	334.0
158.8232437220217	342.0
158.8332445559567	384.0
158.8432453898917	393.0
158.85324622382672	398.0
158.86324705776175	402.0
158.87324789169676	402.0
158.88324872563177	402.0
158.8932495595668	398.0
158.90325039350182	389.0
158.91325122743683	375.0
158.92325206137187	363.0
158.93325289530688	350.0
158.9432537292419	342.0
158.9532545631769	338.0
158.96325539711194	346.0
158.97325623104695	358.0
158.98325706498196	371.0
158.993257898917	384.0
159.003258732852	393.0
159.013259566787	402.0
159.02326040072202	407.0
159.03326123465706	407.0
159.04326206859207	393.0
159.05326290252708	389.0
159.06326373646212	384.0
159.07326457039713	389.0
159.08326540433214	398.0
159.09326623826718	402.0
159.1032670722022	407.0
159.1132679061372	412.0
159.1232687400722	412.0
159.13326957400724	407.0
159.14327040794225	402.0
159.15327124187726	398.0
159.1632720758123	393.0
159.1732729097473	389.0
159.18327374368232	389.0
159.19327457761733	389.0
159.20327541155237	389.0
159.21327624548738	393.0
159.2232770794224	393.0
159.23327791335743	393.0
159.24327874729244	398.0
159.25327958122745	398.0
159.26328041516246	398.0
159.2732812490975	398.0
159.2832820830325	398.0
159.2932829169675	398.0
159.30328375090255	398.0
159.31328458483756	398.0
159.32328541877257	398.0
159.3332862527076	402.0
159.34328708664262	402.0
159.35328792057763	402.0
159.36328875451264	402.0
159.37328958844768	398.0
159.3832904223827	393.0
159.3932912563177	389.0
159.40329209025273	384.0
159.41329292418774	384.0
159.42329375812275	384.0
159.43329459205776	393.0
159.4432954259928	412.0
159.4532962599278	421.0
159.46329709386282	556.0
159.47329792779786	576.0
159.48329876173287	563.0
159.49329959566788	544.0
159.50330042960292	421.0
159.51330126353793	417.0
159.52330209747294	407.0
159.53330293140795	402.0
159.54330376534298	398.0
159.553304599278	398.0
159.563305433213	393.0
159.57330626714804	389.0
159.58330710108305	384.0
159.59330793501806	380.0
159.60330876895307	371.0
159.6133096028881	363.0
159.62331043682312	358.0
159.63331127075813	358.0
159.64331210469317	358.0
159.65331293862818	363.0
159.66331377256319	367.0
159.67331460649822	371.0
159.68331544043323	371.0
159.69331627436824	363.0
159.70331710830325	354.0
159.7133179422383	342.0
159.7233187761733	334.0
159.7333196101083	331.0
159.74332044404335	323.0
159.75332127797836	323.0
159.76332211191337	316.0
159.77332294584838	316.0
159.78332377978342	312.0
159.79332461371843	316.0
159.80332544765344	316.0
159.81332628158847	316.0
159.82332711552348	316.0
159.8333279494585	312.0
159.8433287833935	316.0
159.85332961732854	316.0
159.86333045126355	316.0
159.87333128519856	319.0
159.8833321191336	319.0
159.8933329530686	323.0
159.90333378700362	323.0
159.91333462093866	319.0
159.92333545487367	319.0
159.93333628880868	319.0
159.94333712274369	319.0
159.95333795667872	323.0
159.96333879061373	323.0
159.97333962454874	323.0
159.98334045848378	327.0
159.9933412924188	331.0
160.0033421263538	338.0
160.0133429602888	342.0
160.02334379422385	342.0
160.03334462815886	338.0
160.04334546209387	331.0
160.0533462960289	323.0
160.06334712996392	319.0
160.07334796389893	316.0
160.08334879783396	316.0
160.09334963176897	316.0
160.10335046570398	316.0
160.113351299639	316.0
160.12335213357403	316.0
160.13335296750904	316.0
160.14335380144405	316.0
160.1533546353791	316.0
160.1633554693141	316.0
160.1733563032491	316.0
160.18335713718412	316.0
160.19335797111916	312.0
160.20335880505417	312.0
160.21335963898917	312.0
160.2233604729242	312.0
160.23336130685922	312.0
160.24336214079423	312.0
160.25336297472927	316.0
160.26336380866428	316.0
160.2733646425993	316.0
160.2833654765343	316.0
160.29336631046934	316.0
160.30336714440435	316.0
160.31336797833936	316.0
160.3233688122744	316.0
160.3333696462094	316.0
160.34337048014442	316.0
160.35337131407942	316.0
160.36337214801446	316.0
160.37337298194947	316.0
160.38337381588448	316.0
160.39337464981952	316.0
160.40337548375453	316.0
160.41337631768954	316.0
160.42337715162455	312.0
160.4333779855596	312.0
160.4433788194946	316.0
160.4533796534296	316.0
160.46338048736465	316.0
160.47338132129966	316.0
160.48338215523466	316.0
160.4933829891697	316.0
160.5033838231047	316.0
160.51338465703972	316.0
160.52338549097473	316.0
160.53338632490977	316.0
160.54338715884478	312.0
160.5533879927798	312.0
160.56338882671483	312.0
160.57338966064984	312.0
160.58339049458485	312.0
160.59339132851986	312.0
160.6033921624549	316.0
160.6133929963899	316.0
160.62339383032491	316.0
160.63339466425995	316.0
160.64339549819496	312.0
160.65339633212997	312.0
160.663397166065	308.0
160.67339800000002	308.0
160.68339883393503	308.0
160.69339966787004	312.0
160.70340050180508	316.0
160.7134013357401	316.0
160.7234021696751	316.0
160.73340300361014	316.0
160.74340383754515	316.0
160.75340467148015	316.0
160.76340550541516	316.0
160.7734063393502	316.0
160.7834071732852	316.0
160.79340800722022	319.0
160.80340884115526	319.0
160.81340967509027	323.0
160.82341050902528	323.0
160.83341134296032	323.0
160.84341217689533	319.0
160.85341301083034	319.0
160.86341384476535	312.0
160.87341467870039	308.0
160.8834155126354	305.0
160.8934163465704	305.0
160.90341718050544	305.0
160.91341801444045	308.0
160.92341884837546	312.0
160.93341968231047	319.0
160.9434205162455	319.0
160.95342135018052	319.0
160.96342218411553	319.0
160.97342301805057	316.0
160.98342385198558	312.0
160.9934246859206	312.0
161.0034255198556	308.0
161.01342635379063	308.0
161.02342718772564	312.0
161.03342802166065	316.0
161.0434288555957	319.0
161.0534296895307	319.0
161.0634305234657	323.0
161.07343135740075	323.0
161.08343219133576	319.0
161.09343302527077	316.0
161.10343385920578	312.0
161.11343469314082	308.0
161.12343552707583	308.0
161.13343636101084	312.0
161.14343719494588	316.0
161.15343802888088	316.0
161.1634388628159	319.0
161.1734396967509	319.0
161.18344053068594	316.0
161.19344136462095	316.0
161.20344219855596	312.0
161.213443032491	308.0
161.223443866426	308.0
161.23344470036102	308.0
161.24344553429606	312.0
161.25344636823107	316.0
161.26344720216608	323.0
161.2734480361011	338.0
161.28344887003612	350.0
161.29344970397113	331.0
161.30345053790614	346.0
161.31345137184118	375.0
161.3234522057762	389.0
161.3334530397112	431.0
161.3434538736462	426.0
161.35345470758125	417.0
161.36345554151626	407.0
161.37345637545127	398.0
161.3834572093863	384.0
161.39345804332132	371.0
161.40345887725633	358.0
161.41345971119136	354.0
161.42346054512637	350.0
161.43346137906138	350.0
161.4434622129964	350.0
161.45346304693143	350.0
161.46346388086644	350.0
161.47346471480145	350.0
161.4834655487365	350.0
161.4934663826715	350.0
161.5034672166065	350.0
161.51346805054152	350.0
161.52346888447656	354.0
161.53346971841157	358.0
161.54347055234658	367.0
161.55347138628161	371.0
161.56347222021662	367.0
161.57347305415163	367.0
161.58347388808664	358.0
161.59347472202168	350.0
161.6034755559567	319.0
161.6134763898917	316.0
161.62347722382674	316.0
161.63347805776175	312.0
161.64347889169676	312.0
161.6534797256318	312.0
161.6634805595668	316.0
161.67348139350182	316.0
161.68348222743683	316.0
161.69348306137186	316.0
161.70348389530687	316.0
161.71348472924188	316.0
161.72348556317692	312.0
161.73348639711193	312.0
161.74348723104694	312.0
161.75348806498195	312.0
161.763488898917	308.0
161.773489732852	305.0
161.783490566787	316.0
161.79349140072205	316.0
161.80349223465706	316.0
161.81349306859207	316.0
161.8234939025271	319.0
161.83349473646211	319.0
161.84349557039712	319.0
161.85349640433213	319.0
161.86349723826717	316.0
161.87349807220218	316.0
161.8834989061372	316.0
161.89349974007223	316.0
161.90350057400724	316.0
161.91350140794225	316.0
161.92350224187726	316.0
161.9335030758123	316.0
161.9435039097473	316.0
161.95350474368232	316.0
161.96350557761735	316.0
161.97350641155236	316.0
161.98350724548737	316.0
161.99350807942238	316.0
162.00350891335742	316.0
162.01350974729243	316.0
162.02351058122744	316.0
162.03351141516248	316.0
162.0435122490975	316.0
162.0535130830325	316.0
162.06351391696754	319.0
162.07351475090255	319.0
162.08351558483756	0.0
162.09351641877257	0.0
162.1035172527076	0.0
162.1135180866426	0.0
162.12351892057762	0.0
162.13351975451266	0.0
162.14352058844767	0.0
162.15352142238268	0.0
162.1635222563177	0.0
162.17352309025273	0.0
162.18352392418774	0.0
162.19352475812275	0.0
162.2035255920578	0.0
162.2135264259928	0.0
162.2235272599278	0.0
162.23352809386284	0.0
162.24352892779785	0.0
162.25352976173286	0.0
162.26353059566787	331.0
162.2735314296029	338.0
162.28353226353792	358.0
162.29353309747293	375.0
162.30353393140797	389.0
162.31353476534298	398.0
162.323535599278	407.0
162.333536433213	407.0
162.34353726714804	0.0
162.35353810108305	0.0
162.36353893501806	0.0
162.3735397689531	0.0
162.3835406028881	331.0
162.3935414368231	327.0
162.40354227075815	327.0
162.41354310469316	334.0
162.42354393862817	354.0
162.43354477256318	367.0
162.44354560649822	375.0
162.45354644043323	389.0
162.46354727436824	398.0
162.47354810830328	402.0
162.4835489422383	393.0
162.4935497761733	384.0
162.5035506101083	0.0
162.51355144404334	0.0
162.52355227797835	0.0
162.53355311191336	0.0
162.5435539458484	0.0
162.5535547797834	0.0
162.56355561371842	0.0
162.57355644765343	407.0
162.58355728158847	407.0
162.59355811552348	0.0
162.6035589494585	402.0
162.61355978339353	402.0
162.62356061732854	402.0
162.63356145126355	402.0
162.64356228519858	398.0
162.6535631191336	398.0
162.6635639530686	398.0
162.6735647870036	398.0
162.68356562093865	398.0
162.69356645487366	398.0
162.70356728880867	398.0
162.7135681227437	398.0
162.72356895667872	398.0
162.73356979061373	398.0
162.74357062454874	393.0
162.75357145848378	393.0
162.7635722924188	393.0
162.7735731263538	398.0
162.78357396028883	398.0
162.79357479422384	407.0
162.80357562815885	407.0
162.8135764620939	407.0
162.8235772960289	407.0
162.8335781299639	402.0
162.84357896389892	398.0
162.85357979783396	398.0
162.86358063176897	398.0
162.87358146570398	393.0
162.88358229963902	393.0
162.89358313357403	393.0
162.90358396750904	393.0
162.91358480144405	393.0
162.92358563537908	393.0
162.9335864693141	389.0
162.9435873032491	389.0
162.95358813718414	384.0
162.96358897111915	384.0
162.97358980505416	375.0
162.9835906389892	358.0
162.9935914729242	358.0
163.00359230685922	363.0
163.01359314079423	0.0
163.02359397472927	0.0
163.03359480866428	0.0
163.04359564259929	331.0
163.05359647653432	331.0
163.06359731046933	323.0
163.07359814440434	316.0
163.08359897833935	312.0
163.0935998122744	323.0
163.1036006462094	338.0
163.1136014801444	350.0
163.12360231407945	380.0
163.13360314801446	371.0
163.14360398194947	363.0
163.15360481588448	358.0
163.16360564981952	358.0
163.17360648375453	358.0
163.18360731768954	363.0
163.19360815162457	367.0
163.20360898555958	375.0
163.2136098194946	384.0
163.22361065342963	389.0
163.23361148736464	393.0
163.24361232129965	398.0
163.25361315523466	398.0
163.2636139891697	398.0
163.2736148231047	398.0
163.28361565703972	393.0
163.29361649097476	393.0
163.30361732490977	389.0
163.31361815884478	389.0
163.32361899277979	393.0
163.33361982671482	393.0
163.34362066064983	398.0
163.35362149458484	398.0
163.36362232851988	398.0
163.3736231624549	393.0
163.3836239963899	393.0
163.39362483032494	393.0
163.40362566425995	393.0
163.41362649819496	0.0
163.42362733212997	323.0
163.433628166065	316.0
163.44362900000002	312.0
163.45362983393503	316.0
163.46363066787006	316.0
163.47363150180507	316.0
163.48363233574008	319.0
163.4936331696751	319.0
163.50363400361013	319.0
163.51363483754514	319.0
163.52363567148015	319.0
163.5336365054152	319.0
163.5436373393502	316.0
163.5536381732852	319.0
163.56363900722025	319.0
163.57363984115526	319.0
163.58364067509027	319.0
163.59364150902528	319.0
163.6036423429603	319.0
163.61364317689532	319.0
163.62364401083033	319.0
163.63364484476537	319.0
163.64364567870038	319.0
163.6536465126354	319.0
163.6636473465704	319.0
163.67364818050544	319.0
163.68364901444045	319.0
163.69364984837546	319.0
163.7036506823105	319.0
163.7136515162455	319.0
163.72365235018052	319.0
163.73365318411552	319.0
163.74365401805056	319.0
163.75365485198557	323.0
163.76365568592058	323.0
163.77365651985562	323.0
163.78365735379063	323.0
163.79365818772564	323.0
163.80365902166068	323.0
163.8136598555957	0.0
163.8236606895307	0.0
163.8336615234657	0.0
163.84366235740075	0.0
163.85366319133576	308.0
163.86366402527077	308.0
163.8736648592058	308.0
163.8836656931408	301.0
163.89366652707582	301.0
163.90366736101083	308.0
163.91366819494587	319.0
163.92366902888088	331.0
163.9336698628159	342.0
163.94367069675093	354.0
163.95367153068594	367.0
163.96367236462095	380.0
163.97367319855599	389.0
163.983674032491	398.0
163.993674866426	402.0
164.00367570036101	407.0
164.01367653429605	402.0
164.02367736823106	398.0
164.03367820216607	393.0
164.0436790361011	375.0
164.05367987003612	371.0
164.06368070397113	363.0
164.07368153790614	363.0
164.08368237184118	358.0
164.0936832057762	358.0
164.1036840397112	367.0
164.11368487364624	375.0
164.12368570758125	384.0
164.13368654151625	393.0
164.14368737545126	398.0
164.1536882093863	402.0
164.1636890433213	398.0
164.17368987725632	398.0
164.18369071119136	393.0
164.19369154512637	389.0
164.20369237906138	384.0
164.21369321299642	384.0
164.22369404693143	389.0
164.23369488086644	389.0
164.24369571480145	389.0
164.25369654873649	393.0
164.2636973826715	398.0
164.2736982166065	398.0
164.28369905054154	398.0
164.29369988447655	402.0
164.30370071841156	402.0
164.31370155234657	402.0
164.3237023862816	402.0
164.33370322021662	402.0
164.34370405415163	407.0
164.35370488808667	407.0
164.36370572202168	407.0
164.3737065559567	412.0
164.38370738989173	412.0
164.39370822382674	412.0
164.40370905776174	412.0
164.41370989169675	412.0
164.4237107256318	412.0
164.4337115595668	407.0
164.4437123935018	398.0
164.45371322743685	393.0
164.46371406137186	384.0
164.47371489530687	375.0
164.48371572924188	371.0
164.49371656317692	358.0
164.50371739711193	350.0
164.51371823104694	342.0
164.52371906498198	342.0
164.53371989891698	346.0
164.543720732852	354.0
164.55372156678703	363.0
164.56372240072204	380.0
164.57372323465705	389.0
164.58372406859206	393.0
164.5937249025271	393.0
164.6037257364621	393.0
164.61372657039712	389.0
164.62372740433216	389.0
164.63372823826717	389.0
164.64372907220218	389.0
164.6537299061372	389.0
164.66373074007222	393.0
164.67373157400723	393.0
164.68373240794224	398.0
164.69373324187728	402.0
164.7037340758123	402.0
164.7137349097473	398.0
164.7237357436823	393.0
164.73373657761735	389.0
164.74373741155236	384.0
164.75373824548737	375.0
164.7637390794224	363.0
164.77373991335742	346.0
164.78374074729243	331.0
164.79374158122747	323.0
164.80374241516247	312.0
164.81374324909748	316.0
164.8237440830325	331.0
164.83374491696753	346.0
164.84374575090254	363.0
164.85374658483755	380.0
164.8637474187726	393.0
164.8737482527076	407.0
164.8837490866426	417.0
164.89374992057762	417.0
164.90375075451266	417.0
164.91375158844767	412.0
164.92375242238268	398.0
164.93375325631771	384.0
164.94375409025272	367.0
164.95375492418773	358.0
164.96375575812277	350.0
164.97375659205778	342.0
164.9837574259928	342.0
164.9937582599278	342.0
165.00375909386284	358.0
165.01375992779785	375.0
165.02376076173286	393.0
165.0337615956679	402.0
165.0437624296029	407.0
165.05376326353792	407.0
165.06376409747293	402.0
165.07376493140796	398.0
165.08376576534297	384.0
165.09376659927798	375.0
165.10376743321302	363.0
165.11376826714803	354.0
165.12376910108304	346.0
165.13376993501808	350.0
165.1437707689531	354.0
165.1537716028881	371.0
165.1637724368231	384.0
165.17377327075815	393.0
165.18377410469316	398.0
165.19377493862817	393.0
165.2037757725632	393.0
165.21377660649821	384.0
165.22377744043322	380.0
165.23377827436823	367.0
165.24377910830327	358.0
165.25377994223828	354.0
165.2637807761733	358.0
165.27378161010833	371.0
165.28378244404334	384.0
165.29378327797835	531.0
165.30378411191336	583.0
165.3137849458484	583.0
165.3237857797834	544.0
165.33378661371842	513.0
165.34378744765345	462.0
165.35378828158846	421.0
165.36378911552347	417.0
165.3737899494585	407.0
165.38379078339352	407.0
165.39379161732853	407.0
165.40379245126354	412.0
165.41379328519858	412.0
165.4237941191336	407.0
165.4337949530686	402.0
165.44379578700364	393.0
165.45379662093865	393.0
165.46379745487366	389.0
165.47379828880867	389.0
165.4837991227437	393.0
165.4937999566787	398.0
165.50380079061372	402.0
165.51380162454876	407.0
165.52380245848377	407.0
165.53380329241878	407.0
165.54380412635382	402.0
165.55380496028883	402.0
165.56380579422384	402.0
165.57380662815885	402.0
165.5838074620939	407.0
165.5938082960289	407.0
165.6038091299639	417.0
165.61380996389894	417.0
165.62381079783395	417.0
165.63381163176896	417.0
165.64381246570397	417.0
165.653813299639	412.0
165.66381413357402	407.0
165.67381496750903	398.0
165.68381580144407	393.0
165.69381663537908	389.0
165.7038174693141	389.0
165.71381830324913	389.0
165.72381913718414	389.0
165.73381997111915	389.0
165.74382080505416	389.0
165.7538216389892	393.0
165.7638224729242	393.0
165.7738233068592	393.0
165.78382414079425	393.0
165.79382497472926	393.0
165.80382580866427	389.0
165.81382664259928	389.0
165.82382747653432	380.0
165.83382831046933	371.0
165.84382914440434	342.0
165.85382997833938	342.0
165.8638308122744	342.0
165.8738316462094	350.0
165.8838324801444	358.0
165.89383331407944	380.0
165.90383414801445	393.0
165.91383498194946	402.0
165.9238358158845	407.0
165.9338366498195	398.0
165.94383748375452	389.0
165.95383831768956	380.0
165.96383915162457	384.0
165.97383998555958	393.0
165.9838408194946	398.0
165.99384165342963	402.0
166.00384248736464	402.0
166.01384332129965	402.0
166.02384415523468	402.0
166.0338449891697	398.0
166.0438458231047	393.0
166.0538466570397	393.0
166.06384749097475	393.0
166.07384832490976	393.0
166.08384915884477	393.0
166.0938499927798	398.0
166.10385082671482	398.0
166.11385166064983	398.0
166.12385249458487	402.0
166.13385332851988	402.0
166.1438541624549	402.0
166.1538549963899	402.0
166.16385583032493	398.0
166.17385666425994	393.0
166.18385749819495	389.0
166.19385833213	380.0
166.203859166065	371.0
166.21386	358.0
166.22386083393502	354.0
166.23386166787006	354.0
166.24386250180507	358.0
166.25386333574008	375.0
166.26386416967512	384.0
166.27386500361013	389.0
166.28386583754514	389.0
166.29386667148015	375.0
166.30386750541518	358.0
166.3138683393502	354.0
166.3238691732852	350.0
166.33387000722024	331.0
166.34387084115525	323.0
166.35387167509026	319.0
166.3638725090253	319.0
166.3738733429603	316.0
166.38387417689532	316.0
166.39387501083033	312.0
166.40387584476537	316.0
166.41387667870038	312.0
166.42387751263539	312.0
166.43387834657042	312.0
166.44387918050543	312.0
166.45388001444044	312.0
166.46388084837545	312.0
166.4738816823105	316.0
166.4838825162455	316.0
166.4938833501805	316.0
166.50388418411555	316.0
166.51388501805056	316.0
166.52388585198557	312.0
166.5338866859206	312.0
166.54388751985562	312.0
166.55388835379063	308.0
166.56388918772564	308.0
166.57389002166067	312.0
166.58389085559568	312.0
166.5938916895307	316.0
166.60389252346573	319.0
166.61389335740074	319.0
166.62389419133575	319.0
166.63389502527076	316.0
166.6438958592058	316.0
166.6538966931408	316.0
166.66389752707582	312.0
166.67389836101086	312.0
166.68389919494587	312.0
166.69390002888088	308.0
166.7039008628159	305.0
166.71390169675092	301.0
166.72390253068593	298.0
166.73390336462094	301.0
166.74390419855598	301.0
166.753905032491	305.0
166.763905866426	312.0
166.77390670036104	316.0
166.78390753429605	319.0
166.79390836823106	323.0
166.80390920216607	316.0
166.8139100361011	312.0
166.82391087003612	308.0
166.83391170397113	308.0
166.84391253790616	312.0
166.85391337184117	316.0
166.86391420577618	319.0
166.8739150397112	319.0
166.88391587364623	316.0
166.89391670758124	316.0
166.90391754151625	316.0
166.9139183754513	312.0
166.9239192093863	312.0
166.9339200433213	312.0
166.94392087725635	316.0
166.95392171119136	316.0
166.96392254512637	316.0
166.97392337906138	316.0
166.9839242129964	316.0
166.99392504693142	312.0
167.00392588086643	305.0
167.01392671480147	294.0
167.02392754873648	284.0
167.0339283826715	275.0
167.0439292166065	272.0
167.05393005054154	275.0
167.06393088447655	288.0
167.07393171841156	291.0
167.0839325523466	316.0
167.0939333862816	323.0
167.10393422021662	327.0
167.11393505415165	319.0
167.12393588808666	294.0
167.13393672202167	284.0
167.14393755595668	275.0
167.15393838989172	262.0
167.16393922382673	262.0
167.17394005776174	265.0
167.18394089169678	272.0
167.1939417256318	281.0
167.2039425595668	288.0
167.2139433935018	291.0
167.22394422743685	291.0
167.23394506137186	288.0
167.24394589530687	281.0
167.2539467292419	275.0
167.2639475631769	268.0
167.27394839711192	265.0
167.28394923104696	268.0
167.29395006498197	275.0
167.30395089891698	278.0
167.313951732852	281.0
167.32395256678703	281.0
167.33395340072204	278.0
167.34395423465705	268.0
167.3539550685921	262.0
167.3639559025271	253.0
167.3739567364621	248.0
167.38395757039711	245.0
167.39395840433215	242.0
167.40395923826716	239.0
167.41396007220217	239.0
167.4239609061372	236.0
167.43396174007222	236.0
167.44396257400723	239.0
167.45396340794224	245.0
167.46396424187728	259.0
167.4739650758123	268.0
167.4839659097473	0.0
167.49396674368234	0.0
167.50396757761735	0.0
167.51396841155236	0.0
167.5239692454874	327.0
167.5339700794224	323.0
167.5439709133574	319.0
167.55397174729242	319.0
167.56397258122746	319.0
167.57397341516247	319.0
167.58397424909748	0.0
167.59397508303252	0.0
167.60397591696753	0.0
167.61397675090254	0.0
167.62397758483755	0.0
167.63397841877259	0.0
167.6439792527076	0.0
167.6539800866426	0.0
167.66398092057764	0.0
167.67398175451265	0.0
167.68398258844766	0.0
167.6939834223827	0.0
167.7039842563177	0.0
167.71398509025272	0.0
167.72398592418773	0.0
167.73398675812277	0.0
167.74398759205778	0.0
167.7539884259928	0.0
167.76398925992783	301.0
167.77399009386284	298.0
167.78399092779784	288.0
167.79399176173285	262.0
167.8039925956679	256.0
167.8139934296029	250.0
167.8239942635379	248.0
167.83399509747295	248.0
167.84399593140796	253.0
167.85399676534297	259.0
167.863997599278	265.0
167.87399843321302	268.0
167.88399926714803	265.0
167.89400010108304	265.0
167.90400093501808	259.0
167.91400176895309	253.0
167.9240026028881	239.0
167.93400343682313	0.0
167.94400427075814	0.0
167.95400510469315	0.0
167.96400593862816	0.0
167.9740067725632	0.0
167.9840076064982	305.0
167.99400844043322	308.0
168.00400927436826	305.0
168.01401010830327	308.0
168.02401094223828	305.0
168.0340117761733	305.0
168.04401261010833	305.0
168.05401344404333	308.0
168.06401427797834	308.0
168.07401511191338	308.0
168.0840159458484	312.0
168.0940167797834	316.0
168.10401761371844	316.0
168.11401844765345	319.0
168.12401928158846	319.0
168.13402011552347	319.0
168.1440209494585	319.0
168.15402178339352	319.0
168.16402261732853	316.0
168.17402345126357	316.0
168.18402428519857	312.0
168.19402511913358	312.0
168.2040259530686	312.0
168.21402678700363	316.0
168.22402762093864	327.0
168.23402845487365	338.0
168.2440292888087	350.0
168.2540301227437	363.0
168.2640309566787	375.0
168.27403179061375	380.0
168.28403262454876	389.0
168.29403345848377	402.0
168.30403429241878	426.0
168.31403512635382	421.0
168.32403596028882	412.0
168.33403679422383	393.0
168.34403762815887	380.0
168.35403846209388	367.0
168.3640392960289	358.0
168.3740401299639	350.0
168.38404096389894	338.0
168.39404179783395	334.0
168.40404263176896	342.0
168.414043465704	354.0
168.424044299639	363.0
168.43404513357402	371.0
168.44404596750906	384.0
168.45404680144406	398.0
168.46404763537907	402.0
168.47404846931408	407.0
168.48404930324912	402.0
168.49405013718413	393.0
168.50405097111914	384.0
168.51405180505418	375.0
168.5240526389892	367.0
168.5340534729242	363.0
168.5440543068592	346.0
168.55405514079425	342.0
168.56405597472926	346.0
168.57405680866427	367.0
168.5840576425993	380.0
168.59405847653431	393.0
168.60405931046932	398.0
168.61406014440433	398.0
168.62406097833937	398.0
168.63406181227438	393.0
168.6440626462094	389.0
168.65406348014443	384.0
168.66406431407944	389.0
168.67406514801445	393.0
168.6840659819495	402.0
168.6940668158845	407.0
168.7040676498195	407.0
168.71406848375452	407.0
168.72406931768955	407.0
168.73407015162456	407.0
168.74407098555957	398.0
168.7540718194946	393.0
168.76407265342962	393.0
168.77407348736463	393.0
168.78407432129964	398.0
168.79407515523468	398.0
168.8040759891697	402.0
168.8140768231047	407.0
168.82407765703974	0.0
168.83407849097475	0.0
168.84407932490976	0.0
168.8540801588448	0.0
168.8640809927798	0.0
168.87408182671481	0.0
168.88408266064982	0.0
168.89408349458486	0.0
168.90408432851987	0.0
168.91408516245488	537.0
168.92408599638992	0.0
168.93408683032493	0.0
168.94408766425994	375.0
168.95408849819495	367.0
168.96408933213	358.0
168.974090166065	334.0
168.984091	331.0
168.99409183393504	0.0
169.00409266787005	0.0
169.01409350180506	0.0
169.02409433574007	0.0
169.0340951696751	0.0
169.04409600361012	0.0
169.05409683754513	323.0
169.06409767148017	0.0
169.07409850541518	327.0
169.0840993393502	0.0
169.09410017328523	0.0
169.10410100722024	308.0
169.11410184115525	312.0
169.12410267509026	327.0
169.1341035090253	338.0
169.1441043429603	350.0
169.1541051768953	363.0
169.16410601083035	380.0
169.17410684476536	421.0
169.18410767870037	421.0
169.19410851263538	412.0
169.20410934657042	407.0
169.21411018050543	402.0
169.22411101444044	398.0
169.23411184837548	398.0
169.2441126823105	375.0
169.2541135162455	371.0
169.26411435018053	371.0
169.27411518411554	375.0
169.28411601805055	389.0
169.29411685198556	402.0
169.3041176859206	412.0
169.3141185198556	417.0
169.32411935379062	417.0
169.33412018772566	417.0
169.34412102166067	407.0
169.35412185559568	398.0
169.3641226895307	371.0
169.37412352346573	358.0
169.38412435740074	354.0
169.39412519133575	354.0
169.40412602527078	398.0
169.4141268592058	398.0
169.4241276931408	402.0
169.43412852707584	402.0
169.44412936101085	402.0
169.45413019494586	402.0
169.46413102888087	393.0
169.4741318628159	384.0
169.48413269675092	375.0
169.49413353068593	371.0
169.50413436462097	363.0
169.51413519855598	316.0
169.524136032491	327.0
169.534136866426	354.0
169.54413770036103	371.0
169.55413853429604	384.0
169.56413936823105	393.0
169.5741402021661	393.0
169.5841410361011	393.0
169.5941418700361	380.0
169.60414270397112	371.0
169.61414353790616	363.0
169.62414437184117	350.0
169.63414520577618	342.0
169.64414603971122	338.0
169.65414687364623	354.0
169.66414770758124	380.0
169.67414854151627	393.0
169.68414937545128	407.0
169.6941502093863	407.0
169.7041510433213	402.0
169.71415187725634	402.0
169.72415271119135	398.0
169.73415354512636	398.0
169.7441543790614	402.0
169.7541552129964	462.0
169.76415604693142	484.0
169.77415688086643	501.0
169.78415771480147	501.0
169.79415854873648	496.0
169.8041593826715	484.0
169.81416021660652	468.0
169.82416105054153	441.0
169.83416188447654	417.0
169.84416271841158	407.0
169.8541635523466	407.0
169.8641643862816	407.0
169.8741652202166	412.0
169.88416605415165	412.0
169.89416688808666	412.0
169.90416772202167	417.0
169.9141685559567	417.0
169.92416938989172	412.0
169.93417022382673	407.0
169.94417105776174	402.0
169.95417189169677	402.0
169.96417272563178	398.0
169.9741735595668	398.0
169.98417439350183	398.0
169.99417522743684	402.0
170.00417606137185	412.0
170.0141768953069	421.0
170.0241777292419	426.0
170.0341785631769	421.0
170.04417939711192	407.0
170.05418023104696	402.0
170.06418106498197	398.0
170.07418189891698	393.0
170.084182732852	393.0
170.09418356678702	393.0
170.10418440072203	393.0
170.11418523465704	393.0
170.12418606859208	398.0
170.1341869025271	398.0
170.1441877364621	398.0
170.15418857039714	398.0
170.16418940433215	398.0
170.17419023826716	393.0
170.18419107220217	389.0
170.1941919061372	389.0
170.20419274007222	389.0
170.21419357400723	393.0
170.22419440794226	398.0
170.23419524187727	402.0
170.24419607581228	407.0
170.25419690974732	407.0
170.26419774368233	402.0
170.27419857761734	402.0
170.28419941155235	402.0
170.2942002454874	398.0
170.3042010794224	393.0
170.3142019133574	393.0
170.32420274729245	393.0
170.33420358122746	393.0
170.34420441516247	393.0
170.35420524909748	393.0
170.3642060830325	398.0
170.37420691696752	398.0
170.38420775090253	402.0
170.39420858483757	402.0
170.40420941877258	398.0
170.4142102527076	393.0
170.42421108664263	389.0
170.43421192057764	389.0
170.44421275451265	389.0
170.45421358844766	393.0
170.4642144223827	393.0
170.4742152563177	393.0
170.48421609025272	393.0
170.49421692418775	389.0
170.50421775812276	389.0
170.51421859205777	384.0
170.52421942599278	384.0
170.53422025992782	384.0
170.54422109386283	389.0
170.55422192779784	393.0
170.56422276173288	398.0
170.5742235956679	417.0
170.5842244296029	426.0
170.59422526353794	457.0
170.60422609747295	462.0
170.61422693140796	468.0
170.62422776534297	468.0
170.634228599278	462.0
170.644229433213	0.0
170.65423026714802	0.0
170.66423110108306	0.0
170.67423193501807	0.0
170.68423276895308	0.0
170.6942336028881	0.0
170.70423443682313	0.0
170.71423527075814	0.0
170.72423610469315	0.0
170.7342369386282	0.0
170.7442377725632	0.0
170.7542386064982	407.0
170.76423944043322	407.0
170.77424027436825	407.0
170.78424110830326	407.0
170.79424194223827	407.0
170.8042427761733	412.0
170.81424361010832	412.0
170.82424444404333	417.0
170.83424527797837	417.0
170.84424611191338	417.0
170.8542469458484	417.0
170.8642477797834	417.0
170.87424861371844	417.0
170.88424944765345	417.0
170.89425028158846	417.0
170.9042511155235	0.0
170.9142519494585	0.0
170.9242527833935	0.0
170.93425361732852	0.0
170.94425445126356	0.0
170.95425528519857	0.0
170.96425611913358	0.0
170.97425695306862	0.0
170.98425778700363	0.0
170.99425862093864	0.0
171.00425945487368	0.0
171.01426028880869	0.0
171.0242611227437	0.0
171.0342619566787	393.0
171.04426279061374	393.0
171.05426362454875	393.0
171.06426445848376	398.0
171.0742652924188	398.0
171.0842661263538	398.0
171.09426696028882	398.0
171.10426779422383	398.0
171.11426862815887	398.0
171.12426946209388	398.0
171.1342702960289	398.0
171.14427112996393	398.0
171.15427196389894	393.0
171.16427279783395	393.0
171.17427363176895	393.0
171.184274465704	393.0
171.194275299639	393.0
171.204276133574	393.0
171.21427696750905	398.0
171.22427780144406	398.0
171.23427863537907	398.0
171.2442794693141	398.0
171.25428030324912	398.0
171.26428113718413	398.0
171.27428197111914	398.0
171.28428280505418	398.0
171.29428363898919	398.0
171.3042844729242	398.0
171.31428530685923	398.0
171.32428614079424	398.0
171.33428697472925	398.0
171.34428780866426	398.0
171.3542886425993	398.0
171.3642894765343	398.0
171.37429031046932	398.0
171.38429114440436	398.0
171.39429197833937	398.0
171.40429281227438	393.0
171.41429364620942	393.0
171.42429448014443	393.0
171.43429531407944	393.0
171.44429614801444	393.0
171.45429698194948	398.0
171.4642978158845	398.0
171.4742986498195	398.0
171.48429948375454	398.0
171.49430031768955	398.0
171.50430115162456	398.0
171.51430198555957	398.0
171.5243028194946	393.0
171.53430365342962	393.0
171.54430448736463	393.0
171.55430532129967	393.0
171.56430615523468	398.0
171.57430698916968	398.0
171.58430782310472	398.0
171.59430865703973	398.0
171.60430949097474	398.0
171.61431032490975	398.0
171.6243111588448	398.0
171.6343119927798	398.0
171.6443128267148	398.0
171.65431366064985	398.0
171.66431449458486	398.0
171.67431532851987	398.0
171.68431616245488	398.0
171.69431699638992	393.0
171.70431783032492	393.0
171.71431866425993	393.0
171.72431949819497	393.0
171.73432033212998	393.0
171.744321166065	398.0
171.754322	398.0
171.76432283393504	398.0
171.77432366787005	398.0
171.78432450180506	398.0
171.7943253357401	393.0
171.8043261696751	393.0
171.81432700361012	393.0
171.82432783754516	393.0
171.83432867148016	398.0
171.84432950541517	398.0
171.85433033935018	398.0
171.86433117328522	398.0
171.87433200722023	398.0
171.88433284115524	398.0
171.89433367509028	398.0
171.9043345090253	393.0
171.9143353429603	393.0
171.9243361768953	393.0
171.93433701083035	393.0
171.94433784476536	393.0
171.95433867870037	393.0
171.9643395126354	393.0
171.97434034657041	393.0
171.98434118050542	393.0
171.99434201444046	393.0
172.00434284837547	398.0
172.01434368231048	398.0
172.0243445162455	398.0
172.03434535018053	398.0
172.04434618411554	393.0
172.05434701805055	389.0
172.0643478519856	384.0
172.0743486859206	380.0
172.0843495198556	380.0
172.09435035379062	389.0
172.10435118772565	393.0
172.11435202166066	393.0
172.12435285559567	393.0
172.1343536895307	398.0
172.14435452346572	398.0
172.15435535740073	393.0
172.16435619133577	393.0
172.17435702527078	393.0
172.1843578592058	393.0
172.1943586931408	393.0
172.20435952707584	393.0
172.21436036101085	398.0
172.22436119494586	398.0
172.2343620288809	398.0
172.2443628628159	398.0
172.25436369675091	398.0
172.26436453068592	398.0
172.27436536462096	393.0
172.28436619855597	393.0
172.29436703249098	393.0
172.30436786642602	393.0
172.31436870036103	393.0
172.32436953429604	393.0
172.33437036823105	393.0
172.3443712021661	393.0
172.3543720361011	393.0
172.3643728700361	393.0
172.37437370397114	393.0
172.38437453790615	393.0
172.39437537184116	393.0
172.4043762057762	393.0
172.4143770397112	393.0
172.42437787364622	393.0
172.43437870758123	398.0
172.44437954151627	398.0
172.45438037545128	398.0
172.4643812093863	398.0
172.47438204332133	398.0
172.48438287725634	398.0
172.49438371119135	398.0
172.50438454512636	393.0
172.5143853790614	389.0
172.5243862129964	384.0
172.5343870469314	371.0
172.54438788086645	367.0
172.55438871480146	371.0
172.56438954873647	380.0
172.5743903826715	384.0
172.58439121660652	389.0
172.59439205054153	389.0
172.60439288447654	389.0
172.61439371841158	389.0
172.6243945523466	389.0
172.6343953862816	389.0
172.64439622021663	389.0
172.65439705415164	389.0
172.66439788808665	389.0
172.67439872202166	389.0
172.6843995559567	389.0
172.6944003898917	389.0
172.70440122382672	389.0
172.71440205776176	389.0
172.72440289169677	393.0
172.73440372563178	393.0
172.74440455956682	393.0
172.75440539350183	393.0
172.76440622743684	389.0
172.77440706137185	389.0
172.78440789530688	389.0
172.7944087292419	389.0
172.8044095631769	389.0
172.81441039711194	389.0
172.82441123104695	389.0
172.83441206498196	389.0
172.84441289891697	389.0
172.854413732852	384.0
172.86441456678702	384.0
172.87441540072203	384.0
172.88441623465707	384.0
172.89441706859208	389.0
172.9044179025271	389.0
172.9144187364621	389.0
172.92441957039713	393.0
172.93442040433214	393.0
172.94442123826715	393.0
172.9544220722022	393.0
172.9644229061372	393.0
172.9744237400722	393.0
172.98442457400725	393.0
172.99442540794226	393.0
173.00442624187727	393.0
173.01442707581228	393.0
173.02442790974732	398.0
173.03442874368233	398.0
173.04442957761734	398.0
173.05443041155237	398.0
173.06443124548738	398.0
173.0744320794224	398.0
173.0844329133574	398.0
173.09443374729244	398.0
173.10443458122745	398.0
173.11443541516246	398.0
173.1244362490975	398.0
173.1344370830325	393.0
173.14443791696752	393.0
173.15443875090256	389.0
173.16443958483757	389.0
173.17444041877258	389.0
173.1844412527076	389.0
173.19444208664262	389.0
173.20444292057763	393.0
173.21444375451264	393.0
173.22444458844768	398.0
173.2344454223827	398.0
173.2444462563177	398.0
173.2544470902527	398.0
173.26444792418775	398.0
173.27444875812276	398.0
173.28444959205777	393.0
173.2944504259928	393.0
173.30445125992782	393.0
173.31445209386283	393.0
173.32445292779784	393.0
173.33445376173287	398.0
173.34445459566788	398.0
173.3544554296029	398.0
173.36445626353793	398.0
173.37445709747294	398.0
173.38445793140795	398.0
173.394458765343	398.0
173.404459599278	398.0
173.414460433213	398.0
173.42446126714802	398.0
173.43446210108306	398.0
173.44446293501807	393.0
173.45446376895308	389.0
173.4644646028881	384.0
173.47446543682312	384.0
173.48446627075813	384.0
173.49446710469314	384.0
173.50446793862818	384.0
173.5144687725632	384.0
173.5244696064982	389.0
173.53447044043324	389.0
173.54447127436825	393.0
173.55447210830326	393.0
173.5644729422383	393.0
173.5744737761733	393.0
173.58447461010832	393.0
173.59447544404333	393.0
173.60447627797836	393.0
173.61447711191337	393.0
173.62447794584838	393.0
173.63447877978342	393.0
173.64447961371843	398.0
173.65448044765344	398.0
173.66448128158845	398.0
173.6744821155235	398.0
173.6844829494585	398.0
173.6944837833935	398.0
173.70448461732855	393.0
173.71448545126356	393.0
173.72448628519857	393.0
173.7344871191336	393.0
173.7444879530686	393.0
173.75448878700362	398.0
173.76448962093863	398.0
173.77449045487367	398.0
173.78449128880868	398.0
173.7944921227437	398.0
173.80449295667873	393.0
173.81449379061374	393.0
173.82449462454875	389.0
173.83449545848376	389.0
173.8444962924188	389.0
173.8544971263538	389.0
173.86449796028882	393.0
173.87449879422385	393.0
173.88449962815886	393.0
173.89450046209387	393.0
173.90450129602888	393.0
173.91450212996392	398.0
173.92450296389893	398.0
173.93450379783394	398.0
173.94450463176898	398.0
173.954505465704	398.0
173.964506299639	398.0
173.97450713357404	398.0
173.98450796750905	393.0
173.99450880144406	393.0
174.00450963537907	389.0
174.0145104693141	393.0
174.0245113032491	393.0
174.03451213718412	393.0
174.04451297111916	398.0
174.05451380505417	398.0
174.06451463898918	398.0
174.0745154729242	398.0
174.08451630685923	393.0
174.09451714079424	393.0
174.10451797472925	393.0
174.1145188086643	389.0
174.1245196425993	389.0
174.1345204765343	384.0
174.14452131046934	384.0
174.15452214440435	389.0
174.16452297833936	389.0
174.17452381227437	393.0
174.1845246462094	398.0
174.19452548014442	398.0
174.20452631407943	398.0
174.21452714801447	398.0
174.22452798194948	398.0
174.2345288158845	393.0
174.2445296498195	393.0
174.25453048375454	393.0
174.26453131768955	389.0
174.27453215162456	393.0
174.2845329855596	393.0
174.2945338194946	398.0
174.3045346534296	398.0
174.31453548736465	398.0
174.32453632129966	398.0
174.33453715523467	393.0
174.34453798916968	393.0
174.35453882310472	389.0
174.36453965703973	389.0
174.37454049097474	389.0
174.38454132490978	389.0
174.39454215884479	393.0
174.4045429927798	393.0
174.4145438267148	393.0
174.42454466064984	393.0
174.43454549458485	393.0
174.44454632851986	398.0
174.4545471624549	398.0
174.4645479963899	398.0
174.47454883032492	393.0
174.48454966425993	384.0
174.49455049819497	384.0
174.50455133212998	384.0
174.514552166065	389.0
174.52455300000003	393.0
174.53455383393504	398.0
174.54455466787005	402.0
174.55455550180508	402.0
174.5645563357401	398.0
174.5745571696751	393.0
174.5845580036101	389.0
174.59455883754515	384.0
174.60455967148016	384.0
174.61456050541517	389.0
174.6245613393502	393.0
174.63456217328522	407.0
174.64456300722023	0.0
174.65456384115524	0.0
174.66456467509028	0.0
174.67456550902529	0.0
174.6845663429603	0.0
174.69456717689533	0.0
174.70456801083034	0.0
174.71456884476535	0.0
174.7245696787004	380.0
174.7345705126354	384.0
174.7445713465704	393.0
174.75457218050542	407.0
174.76457301444046	412.0
174.77457384837547	412.0
174.78457468231048	412.0
174.79457551624552	407.0
174.80457635018053	398.0
174.81457718411554	389.0
174.82457801805054	380.0
174.83457885198558	380.0
174.8445796859206	384.0
174.8545805198556	402.0
174.86458135379064	407.0
174.87458218772565	412.0
174.88458302166066	412.0
174.8945838555957	402.0
174.9045846895307	393.0
174.91458552346572	389.0
174.92458635740073	384.0
174.93458719133577	389.0
174.94458802527078	389.0
174.95458885920578	398.0
174.96458969314082	398.0
174.97459052707583	398.0
174.98459136101084	389.0
174.99459219494585	371.0
175.0045930288809	363.0
175.0145938628159	354.0
175.0245946967509	346.0
175.03459553068595	342.0
175.04459636462096	342.0
175.05459719855597	346.0
175.06459803249098	358.0
175.07459886642602	375.0
175.08459970036103	384.0
175.09460053429603	393.0
175.10460136823107	393.0
175.11460220216608	393.0
175.1246030361011	393.0
175.13460387003613	393.0
175.14460470397114	393.0
175.15460553790615	393.0
175.16460637184116	393.0
175.1746072057762	398.0
175.1846080397112	398.0
175.19460887364622	393.0
175.20460970758126	393.0
175.21461054151627	393.0
175.22461137545127	393.0
175.23461220938628	393.0
175.24461304332132	389.0
175.25461387725633	389.0
175.26461471119134	389.0
175.27461554512638	393.0
175.2846163790614	398.0
175.2946172129964	402.0
175.30461804693144	407.0
175.31461888086645	407.0
175.32461971480146	402.0
175.33462054873647	398.0
175.3446213826715	393.0
175.35462221660651	389.0
175.36462305054152	384.0
175.37462388447656	384.0
175.38462471841157	389.0
175.39462555234658	389.0
175.4046263862816	393.0
175.41462722021663	393.0
175.42462805415164	398.0
175.43462888808665	398.0
175.4446297220217	398.0
175.4546305559567	398.0
175.4646313898917	398.0
175.47463222382675	398.0
175.48463305776176	393.0
175.49463389169676	393.0
175.50463472563177	393.0
175.5146355595668	393.0
175.52463639350182	393.0
175.53463722743683	393.0
175.54463806137187	393.0
175.55463889530688	393.0
175.5646397292419	393.0
175.5746405631769	393.0
175.58464139711194	393.0
175.59464223104695	393.0
175.60464306498196	393.0
175.614643898917	398.0
175.624644732852	398.0
175.63464556678701	398.0
175.64464640072202	398.0
175.65464723465706	398.0
175.66464806859207	398.0
175.67464890252708	398.0
175.68464973646212	393.0
175.69465057039713	393.0
175.70465140433214	393.0
175.71465223826718	393.0
175.7246530722022	393.0
175.7346539061372	398.0
175.7446547400722	398.0
175.75465557400724	398.0
175.76465640794225	398.0
175.77465724187726	398.0
175.7846580758123	398.0
175.7946589097473	398.0
175.80465974368232	393.0
175.81466057761733	393.0
175.82466141155237	393.0
175.83466224548738	393.0
175.8446630794224	393.0
175.85466391335743	393.0
175.86466474729244	398.0
175.87466558122745	398.0
175.88466641516249	398.0
175.8946672490975	417.0
175.9046680830325	431.0
175.9146689169675	447.0
175.92466975090255	452.0
175.93467058483756	457.0
175.94467141877257	452.0
175.9546722527076	452.0
175.96467308664262	447.0
175.97467392057763	447.0
175.98467475451264	398.0
175.99467558844768	398.0
176.0046764223827	398.0
176.0146772563177	402.0
176.02467809025273	407.0
176.03467892418774	407.0
176.04467975812275	412.0
176.05468059205776	412.0
176.0646814259928	402.0
176.0746822599278	398.0
176.08468309386282	393.0
176.09468392779786	389.0
176.10468476173287	389.0
176.11468559566788	393.0
176.12468642960292	393.0
176.13468726353793	402.0
176.14468809747294	402.0
176.15468893140795	412.0
176.16468976534298	412.0
176.174690599278	407.0
176.184691433213	402.0
176.19469226714804	402.0
176.20469310108305	398.0
176.21469393501806	398.0
176.22469476895307	398.0
176.2346956028881	398.0
176.24469643682312	398.0
176.25469727075813	398.0
176.26469810469317	398.0
176.27469893862818	398.0
176.2846997725632	393.0
176.29470060649822	384.0
176.30470144043323	363.0
176.31470227436824	358.0
176.32470310830325	358.0
176.3347039422383	358.0
176.3447047761733	363.0
176.3547056101083	384.0
176.36470644404335	393.0
176.37470727797836	393.0
176.38470811191337	398.0
176.39470894584838	398.0
176.40470977978342	398.0
176.41471061371843	393.0
176.42471144765344	393.0
176.43471228158847	393.0
176.44471311552348	393.0
176.4547139494585	393.0
176.46471478339353	393.0
176.47471561732854	398.0
176.48471645126355	398.0
176.49471728519856	398.0
176.5047181191336	398.0
176.5147189530686	398.0
176.52471978700362	393.0
176.53472062093866	393.0
176.54472145487367	0.0
176.55472228880868	0.0
176.5647231227437	0.0
176.57472395667872	0.0
176.58472479061373	0.0
176.59472562454874	0.0
176.60472645848378	0.0
176.6147272924188	0.0
176.6247281263538	0.0
176.6347289602888	402.0
176.64472979422385	402.0
176.65473062815886	0.0
176.66473146209387	0.0
176.6747322960289	0.0
176.68473312996392	0.0
176.69473396389893	0.0
176.70473479783396	0.0
176.71473563176897	358.0
176.72473646570398	375.0
176.734737299639	384.0
176.74473813357403	389.0
176.75473896750904	393.0
176.76473980144405	398.0
176.7747406353791	402.0
176.7847414693141	407.0
176.7947423032491	407.0
176.80474313718412	407.0
176.81474397111916	402.0
176.82474480505417	393.0
176.83474563898918	389.0
176.84474647292421	389.0
176.85474730685922	393.0
176.86474814079423	393.0
176.87474897472927	398.0
176.88474980866428	398.0
176.8947506425993	398.0
176.9047514765343	398.0
176.91475231046934	393.0
176.92475314440435	393.0
176.93475397833936	389.0
176.9447548122744	389.0
176.9547556462094	389.0
176.96475648014442	393.0
176.97475731407943	417.0
176.98475814801446	421.0
176.99475898194947	0.0
177.00475981588448	576.0
177.01476064981952	569.0
177.02476148375453	0.0
177.03476231768954	0.0
177.04476315162458	389.0
177.0547639855596	384.0
177.0647648194946	384.0
177.0747656534296	389.0
177.08476648736465	398.0
177.09476732129966	412.0
177.10476815523467	417.0
177.1147689891697	421.0
177.1247698231047	417.0
177.13477065703972	412.0
177.14477149097473	402.0
177.15477232490977	389.0
177.16477315884478	384.0
177.1747739927798	384.0
177.18477482671483	389.0
177.19477566064984	407.0
177.20477649458485	417.0
177.21477732851986	426.0
177.2247781624549	426.0
177.2347789963899	426.0
177.24477983032492	421.0
177.25478066425995	412.0
177.26478149819496	398.0
177.27478233212997	389.0
177.284783166065	389.0
177.29478400000002	389.0
177.30478483393503	393.0
177.31478566787004	398.0
177.32478650180508	398.0
177.3347873357401	393.0
177.3447881696751	384.0
177.35478900361014	375.0
177.36478983754515	358.0
177.37479067148016	346.0
177.38479150541517	334.0
177.3947923393502	334.0
177.4047931732852	342.0
177.41479400722022	354.0
177.42479484115526	367.0
177.43479567509027	375.0
177.44479650902528	384.0
177.45479734296032	389.0
177.46479817689533	389.0
177.47479901083034	389.0
177.48479984476535	389.0
177.4948006787004	389.0
177.5048015126354	384.0
177.5148023465704	389.0
177.52480318050544	389.0
177.53480401444045	393.0
177.54480484837546	398.0
177.55480568231047	398.0
177.5648065162455	398.0
177.57480735018052	398.0
177.58480818411553	398.0
177.59480901805057	393.0
177.60480985198558	389.0
177.6148106859206	389.0
177.62481151985563	389.0
177.63481235379064	393.0
177.64481318772565	398.0
177.65481402166066	398.0
177.6648148555957	402.0
177.6748156895307	398.0
177.6848165234657	398.0
177.69481735740075	393.0
177.70481819133576	389.0
177.71481902527077	389.0
177.72481985920578	389.0
177.73482069314082	393.0
177.74482152707583	393.0
177.75482236101084	398.0
177.76482319494588	398.0
177.7748240288809	398.0
177.7848248628159	398.0
177.7948256967509	393.0
177.80482653068594	389.0
177.81482736462095	389.0
177.82482819855596	384.0
177.834829032491	0.0
177.844829866426	0.0
177.85483070036102	0.0
177.86483153429606	0.0
177.87483236823107	0.0
177.88483320216608	0.0
177.8948340361011	0.0
177.90483487003613	0.0
177.91483570397114	0.0
177.92483653790615	0.0
177.93483737184118	0.0
177.9448382057762	0.0
177.9548390397112	0.0
177.9648398736462	389.0
177.97484070758125	393.0
177.98484154151626	393.0
177.99484237545127	393.0
178.0048432093863	393.0
178.01484404332132	393.0
178.02484487725633	393.0
178.03484571119137	393.0
178.04484654512638	398.0
178.05484737906139	398.0
178.0648482129964	398.0
178.07484904693143	398.0
178.08484988086644	398.0
178.09485071480145	398.0
178.1048515487365	393.0
178.1148523826715	393.0
178.1248532166065	393.0
178.13485405054152	398.0
178.14485488447656	407.0
178.15485571841157	421.0
178.16485655234658	431.0
178.17485738628162	447.0
178.18485822021663	462.0
178.19485905415164	468.0
178.20485988808665	468.0
178.21486072202168	468.0
178.2248615559567	462.0
178.2348623898917	462.0
178.24486322382674	457.0
178.25486405776175	0.0
178.26486489169676	0.0
178.2748657256318	0.0
178.2848665595668	0.0
178.29486739350182	0.0
178.30486822743683	0.0
178.31486906137187	0.0
178.32486989530688	0.0
178.33487072924189	0.0
178.34487156317692	0.0
178.35487239711193	393.0
178.36487323104694	393.0
178.37487406498195	393.0
178.384874898917	398.0
178.394875732852	407.0
178.404876566787	417.0
178.41487740072205	421.0
178.42487823465706	417.0
178.43487906859207	412.0
178.4448799025271	407.0
178.45488073646212	398.0
178.46488157039713	398.0
178.47488240433213	398.0
178.48488323826717	398.0
178.49488407220218	398.0
178.5048849061372	398.0
178.51488574007223	393.0
178.52488657400724	389.0
178.53488740794225	384.0
178.54488824187726	371.0
178.5548890758123	363.0
178.5648899097473	358.0
178.57489074368232	358.0
178.58489157761736	371.0
178.59489241155237	389.0
178.60489324548737	393.0
178.6148940794224	398.0
178.62489491335742	398.0
178.63489574729243	398.0
178.64489658122744	393.0
178.65489741516248	393.0
178.6648982490975	393.0
178.6748990830325	393.0
178.68489991696754	398.0
178.69490075090255	398.0
178.70490158483756	398.0
178.71490241877257	398.0
178.7249032527076	398.0
178.73490408664262	398.0
178.74490492057762	398.0
178.75490575451266	398.0
178.76490658844767	398.0
178.77490742238268	393.0
178.7849082563177	393.0
178.79490909025273	393.0
178.80490992418774	393.0
178.81491075812275	393.0
178.8249115920578	398.0
178.8349124259928	393.0
178.8449132599278	393.0
178.85491409386285	323.0
178.86491492779786	334.0
178.87491576173286	342.0
178.88491659566787	358.0
178.8949174296029	375.0
178.90491826353792	393.0
178.91491909747293	407.0
178.92491993140797	407.0
178.93492076534298	407.0
178.944921599278	393.0
178.954922433213	389.0
178.96492326714804	389.0
178.97492410108305	389.0
178.98492493501806	389.0
178.9949257689531	393.0
179.0049266028881	393.0
179.01492743682311	393.0
179.02492827075815	393.0
179.03492910469316	393.0
179.04492993862817	393.0
179.05493077256318	393.0
179.06493160649822	393.0
179.07493244043323	393.0
179.08493327436824	393.0
179.09493410830328	393.0
179.1049349422383	398.0
179.1149357761733	407.0
179.1249366101083	431.0
179.13493744404335	468.0
179.14493827797835	531.0
179.15493911191336	0.0
179.1649399458484	0.0
179.1749407797834	0.0
179.18494161371842	0.0
179.19494244765346	0.0
179.20494328158847	402.0
179.21494411552348	0.0
179.2249449494585	412.0
179.23494578339353	412.0
179.24494661732854	412.0
179.25494745126355	407.0
179.26494828519859	402.0
179.2749491191336	398.0
179.2849499530686	389.0
179.29495078700361	389.0
179.30495162093865	389.0
179.31495245487366	389.0
179.32495328880867	393.0
179.3349541227437	402.0
179.34495495667872	412.0
179.35495579061373	417.0
179.36495662454874	412.0
179.37495745848378	412.0
179.3849582924188	407.0
179.3949591263538	398.0
179.40495996028883	393.0
179.41496079422384	389.0
179.42496162815885	384.0
179.4349624620939	384.0
179.4449632960289	389.0
179.4549641299639	393.0
179.46496496389892	393.0
179.47496579783396	398.0
179.48496663176897	398.0
179.49496746570398	398.0
179.50496829963902	398.0
179.51496913357403	393.0
179.52496996750904	393.0
179.53497080144405	393.0
179.54497163537908	393.0
179.5549724693141	389.0
179.5649733032491	384.0
179.57497413718414	380.0
179.58497497111915	375.0
179.59497580505416	367.0
179.6049766389892	358.0
179.6149774729242	350.0
179.62497830685922	342.0
179.63497914079423	338.0
179.64497997472927	331.0
179.65498080866428	323.0
179.6649816425993	319.0
179.67498247653432	316.0
179.68498331046933	312.0
179.69498414440434	312.0
179.70498497833935	312.0
179.7149858122744	308.0
179.7249866462094	308.0
179.7349874801444	312.0
179.74498831407945	312.0
179.75498914801446	316.0
179.76498998194947	316.0
179.7749908158845	319.0
179.78499164981952	319.0
179.79499248375453	319.0
179.80499331768954	319.0
179.81499415162457	319.0
179.82499498555958	316.0
179.8349958194946	312.0
179.84499665342963	308.0
179.85499748736464	308.0
179.86499832129965	312.0
179.87499915523466	323.0
179.8849999891697	334.0
179.8950008231047	358.0
179.90500165703972	393.0
179.91500249097476	407.0
179.92500332490977	412.0
179.93500415884478	407.0
179.9450049927798	398.0
179.95500582671482	384.0
179.96500666064983	363.0
179.97500749458484	342.0
179.98500832851988	331.0
179.9950091624549	323.0
180.0050099963899	327.0
180.01501083032494	338.0
180.02501166425995	358.0
180.03501249819496	380.0
180.04501333212997	393.0
180.055014166065	398.0
180.06501500000002	402.0
180.07501583393503	398.0
180.08501666787006	398.0
180.09501750180507	389.0
180.10501833574008	384.0
180.1150191696751	375.0
180.12502000361013	375.0
180.13502083754514	421.0
180.14502167148015	441.0
180.1550225054152	583.0
180.1650233393502	576.0
180.1750241732852	569.0
180.18502500722025	550.0
180.19502584115526	537.0
180.20502667509027	398.0
180.21502750902528	393.0
180.22502834296031	389.0
180.23502917689532	389.0
180.24503001083033	389.0
180.25503084476537	398.0
180.26503167870038	407.0
180.2750325126354	407.0
180.2850333465704	407.0
180.29503418050544	407.0
180.30503501444045	398.0
180.31503584837546	389.0
180.3250366823105	384.0
180.3350375162455	384.0
180.34503835018052	389.0
180.35503918411553	407.0
180.36504001805056	417.0
180.37504085198557	421.0
180.38504168592058	421.0
180.39504251985562	417.0
180.40504335379063	407.0
180.41504418772564	398.0
180.42504502166068	393.0
180.4350458555957	389.0
180.4450466895307	389.0
180.4550475234657	393.0
180.46504835740075	393.0
180.47504919133576	398.0
180.48505002527077	398.0
180.4950508592058	398.0
180.5050516931408	389.0
180.51505252707582	375.0
180.52505336101083	363.0
180.53505419494587	354.0
180.54505502888088	350.0
180.5550558628159	354.0
180.56505669675093	358.0
180.57505753068594	371.0
180.58505836462095	380.0
180.595059198556	389.0
180.605060032491	393.0
180.615060866426	393.0
180.62506170036102	398.0
180.63506253429605	398.0
180.64506336823106	393.0
180.65506420216607	393.0
180.6650650361011	393.0
180.67506587003612	398.0
180.68506670397113	398.0
180.69506753790614	398.0
180.70506837184118	398.0
180.7150692057762	402.0
180.7250700397112	398.0
180.73507087364624	393.0
180.74507170758125	393.0
180.75507254151626	389.0
180.7650733754513	389.0
180.7750742093863	389.0
180.7850750433213	389.0
180.79507587725632	393.0
180.80507671119136	402.0
180.81507754512637	407.0
180.82507837906138	407.0
180.83507921299642	407.0
180.84508004693143	407.0
180.85508088086644	402.0
180.86508171480145	393.0
180.8750825487365	393.0
180.8850833826715	393.0
180.8950842166065	393.0
180.90508505054154	398.0
180.91508588447655	398.0
180.92508671841156	398.0
180.93508755234657	398.0
180.9450883862816	398.0
180.95508922021662	398.0
180.96509005415163	393.0
180.97509088808667	393.0
180.98509172202168	398.0
180.9950925559567	407.0
181.00509338989173	452.0
181.01509422382674	462.0
181.02509505776175	462.0
181.03509589169676	457.0
181.0450967256318	436.0
181.0550975595668	421.0
181.0650983935018	407.0
181.07509922743685	393.0
181.08510006137186	393.0
181.09510089530687	393.0
181.10510172924188	407.0
181.11510256317692	421.0
181.12510339711193	426.0
181.13510423104694	426.0
181.14510506498198	421.0
181.155105898917	407.0
181.165106732852	402.0
181.17510756678703	393.0
181.18510840072204	389.0
181.19510923465705	389.0
181.20511006859206	398.0
181.2151109025271	407.0
181.2251117364621	412.0
181.23511257039712	417.0
181.24511340433216	412.0
181.25511423826717	402.0
181.26511507220218	398.0
181.2751159061372	398.0
181.28511674007223	398.0
181.29511757400724	398.0
181.30511840794225	398.0
181.31511924187728	402.0
181.3251200758123	402.0
181.3351209097473	402.0
181.34512174368234	398.0
181.35512257761735	393.0
181.36512341155236	389.0
181.37512424548737	384.0
181.3851250794224	375.0
181.39512591335742	375.0
181.40512674729243	384.0
181.41512758122747	393.0
181.42512841516248	398.0
181.43512924909749	398.0
181.4451300830325	398.0
181.45513091696753	398.0
181.46513175090254	398.0
181.47513258483755	398.0
181.4851334187726	398.0
181.4951342527076	398.0
181.5051350866426	398.0
181.51513592057762	398.0
181.52513675451266	398.0
181.53513758844767	402.0
181.54513842238268	402.0
181.55513925631772	402.0
181.56514009025273	398.0
181.57514092418774	398.0
181.58514175812277	398.0
181.59514259205778	398.0
181.6051434259928	398.0
181.6151442599278	393.0
181.62514509386284	393.0
181.63514592779785	393.0
181.64514676173286	389.0
181.6551475956679	380.0
181.6651484296029	375.0
181.67514926353792	371.0
181.68515009747293	363.0
181.69515093140797	358.0
181.70515176534298	354.0
181.71515259927799	350.0
181.72515343321302	346.0
181.73515426714803	342.0
181.74515510108304	338.0
181.75515593501808	338.0
181.7651567689531	334.0
181.7751576028881	334.0
181.7851584368231	334.0
181.79515927075815	331.0
181.80516010469316	327.0
181.81516093862817	323.0
181.8251617725632	319.0
181.83516260649822	0.0
181.84516344043323	0.0
181.85516427436824	0.0
181.86516510830327	0.0
181.87516594223828	0.0
181.8851667761733	0.0
181.89516761010833	0.0
181.90516844404334	0.0
181.91516927797835	0.0
181.9251701119134	0.0
181.9351709458484	0.0
181.9451717797834	0.0
181.95517261371842	0.0
181.96517344765346	0.0
181.97517428158847	0.0
181.98517511552348	0.0
181.9951759494585	0.0
182.00517678339352	0.0
182.01517761732853	0.0
182.02517845126354	0.0
182.03517928519858	0.0
182.0451801191336	0.0
182.0551809530686	0.0
182.06518178700364	0.0
182.07518262093865	0.0
182.08518345487366	0.0
182.09518428880867	0.0
182.1051851227437	358.0
182.11518595667872	358.0
182.12518679061372	363.0
182.13518762454876	0.0
182.14518845848377	0.0
182.15518929241878	384.0
182.16519012635382	389.0
182.17519096028883	389.0
182.18519179422384	393.0
182.19519262815885	393.0
182.2051934620939	393.0
182.2151942960289	393.0
182.2251951299639	393.0
182.23519596389895	389.0
182.24519679783396	393.0
182.25519763176897	393.0
182.26519846570397	398.0
182.275199299639	402.0
182.28520013357402	0.0
182.29520096750903	0.0
182.30520180144407	0.0
182.31520263537908	0.0
182.3252034693141	0.0
182.33520430324913	0.0
182.34520513718414	0.0
182.35520597111915	0.0
182.36520680505416	0.0
182.3752076389892	0.0
182.3852084729242	0.0
182.39520930685921	0.0
182.40521014079425	393.0
182.41521097472926	398.0
182.42521180866427	412.0
182.43521264259928	421.0
182.44521347653432	421.0
182.45521431046933	421.0
182.46521514440434	412.0
182.47521597833938	0.0
182.4852168122744	393.0
182.4952176462094	393.0
182.50521848014444	389.0
182.51521931407945	393.0
182.52522014801445	0.0
182.53522098194946	0.0
182.5452218158845	0.0
182.5552226498195	417.0
182.56522348375452	412.0
182.57522431768956	0.0
182.58522515162457	398.0
182.59522598555958	393.0
182.6052268194946	393.0
182.61522765342963	393.0
182.62522848736464	393.0
182.63522932129965	398.0
182.64523015523469	398.0
182.6552309891697	398.0
182.6652318231047	398.0
182.67523265703971	393.0
182.68523349097475	0.0
182.69523432490976	0.0
182.70523515884477	358.0
182.7152359927798	358.0
182.72523682671482	0.0
182.73523766064983	0.0
182.74523849458487	0.0
182.75523932851988	0.0
182.7652401624549	0.0
182.7752409963899	0.0
182.78524183032494	0.0
182.79524266425994	0.0
182.80524349819495	0.0
182.81524433213	0.0
182.825245166065	0.0
182.835246	0.0
182.84524683393502	0.0
182.85524766787006	0.0
182.86524850180507	0.0
182.87524933574008	346.0
182.88525016967512	354.0
182.89525100361013	358.0
182.90525183754514	371.0
182.91525267148018	380.0
182.92525350541518	384.0
182.9352543393502	393.0
182.9452551732852	398.0
182.95525600722024	402.0
182.96525684115525	0.0
182.97525767509026	402.0
182.9852585090253	402.0
182.9952593429603	402.0
183.00526017689532	398.0
183.01526101083033	398.0
183.02526184476537	398.0
183.03526267870038	398.0
183.0452635126354	398.0
183.05526434657043	398.0
183.06526518050543	398.0
183.07526601444044	393.0
183.08526684837545	393.0
183.0952676823105	393.0
183.1052685162455	393.0
183.1152693501805	393.0
183.12527018411555	398.0
183.13527101805056	0.0
183.14527185198557	0.0
183.1552726859206	0.0
183.16527351985562	0.0
183.17527435379063	0.0
183.18527518772564	398.0
183.19527602166067	398.0
183.20527685559568	398.0
183.2152776895307	402.0
183.22527852346573	407.0
183.23527935740074	412.0
183.24528019133575	412.0
183.25528102527076	412.0
183.2652818592058	412.0
183.2752826931408	407.0
183.28528352707582	398.0
183.29528436101086	398.0
183.30528519494587	398.0
183.31528602888088	398.0
183.32528686281591	402.0
183.33528769675092	402.0
183.34528853068593	407.0
183.35528936462094	407.0
183.36529019855598	407.0
183.375291032491	407.0
183.385291866426	398.0
183.39529270036104	398.0
183.40529353429605	393.0
183.41529436823106	393.0
183.42529520216607	393.0
183.4352960361011	393.0
183.44529687003612	393.0
183.45529770397113	393.0
183.46529853790616	393.0
183.47529937184117	393.0
183.48530020577618	393.0
183.49530103971122	398.0
183.50530187364623	398.0
183.51530270758124	398.0
183.52530354151625	393.0
183.5353043754513	393.0
183.5453052093863	393.0
183.5553060433213	393.0
183.56530687725635	393.0
183.57530771119136	393.0
183.58530854512637	398.0
183.59530937906138	398.0
183.60531021299641	398.0
183.61531104693142	398.0
183.62531188086643	393.0
183.63531271480147	384.0
183.64531354873648	380.0
183.6553143826715	371.0
183.6653152166065	367.0
183.67531605054154	363.0
183.68531688447655	354.0
183.69531771841156	346.0
183.7053185523466	342.0
183.7153193862816	334.0
183.72532022021662	331.0
183.73532105415165	323.0
183.74532188808666	319.0
183.75532272202167	316.0
183.76532355595668	312.0
183.77532438989172	312.0
183.78532522382673	312.0
183.79532605776174	312.0
183.80532689169678	312.0
183.8153277256318	312.0
183.8253285595668	312.0
183.8353293935018	312.0
183.84533022743685	316.0
183.85533106137186	319.0
183.86533189530687	319.0
183.8753327292419	319.0
183.8853335631769	319.0
183.89533439711192	316.0
183.90533523104696	312.0
183.91533606498197	312.0
183.92533689891698	312.0
183.935337732852	312.0
183.94533856678703	308.0
183.95533940072204	308.0
183.96534023465705	312.0
183.9753410685921	319.0
183.9853419025271	327.0
183.9953427364621	338.0
184.00534357039712	358.0
184.01534440433215	375.0
184.02534523826716	384.0
184.03534607220217	393.0
184.0453469061372	402.0
184.05534774007222	402.0
184.06534857400723	407.0
184.07534940794227	402.0
184.08535024187728	398.0
184.0953510758123	393.0
184.1053519097473	384.0
184.11535274368234	375.0
184.12535357761735	363.0
184.13535441155236	354.0
184.1453552454874	350.0
184.1553560794224	346.0
184.1653569133574	346.0
184.17535774729242	346.0
184.18535858122746	346.0
184.19535941516247	354.0
184.20536024909748	367.0
184.21536108303252	380.0
184.22536191696753	393.0
184.23536275090254	398.0
184.24536358483755	402.0
184.2553644187726	407.0
184.2653652527076	407.0
184.2753660866426	407.0
184.28536692057764	402.0
184.29536775451265	398.0
184.30536858844766	398.0
184.3153694223827	393.0
184.3253702563177	389.0
184.33537109025272	393.0
184.34537192418773	393.0
184.35537275812277	398.0
184.36537359205778	398.0
184.3753744259928	398.0
184.38537525992783	393.0
184.39537609386284	393.0
184.40537692779785	393.0
184.41537776173286	393.0
184.4253785956679	393.0
184.4353794296029	393.0
184.4453802635379	393.0
184.45538109747295	393.0
184.46538193140796	393.0
184.47538276534297	393.0
184.485383599278	393.0
184.49538443321302	393.0
184.50538526714803	393.0
184.51538610108304	393.0
184.52538693501808	393.0
184.5353877689531	393.0
184.5453886028881	393.0
184.55538943682313	393.0
184.56539027075814	393.0
184.57539110469315	393.0
184.58539193862816	393.0
184.5953927725632	393.0
184.6053936064982	393.0
184.61539444043322	393.0
184.62539527436826	389.0
184.63539610830327	389.0
184.64539694223828	389.0
184.65539777617332	389.0
184.66539861010833	389.0
184.67539944404334	389.0
184.68540027797835	389.0
184.69540111191338	393.0
184.7054019458484	398.0
184.7154027797834	402.0
184.72540361371844	402.0
184.73540444765345	398.0
184.74540528158846	393.0
184.75540611552347	389.0
184.7654069494585	389.0
184.77540778339352	384.0
184.78540861732853	384.0
184.79540945126357	384.0
184.80541028519858	384.0
184.81541111913359	398.0
184.8254119530686	407.0
184.83541278700363	412.0
184.84541362093864	412.0
184.85541445487365	407.0
184.8654152888087	398.0
184.8754161227437	389.0
184.8854169566787	384.0
184.89541779061375	384.0
184.90541862454876	380.0
184.91541945848377	384.0
184.92542029241878	479.0
184.93542112635382	462.0
184.94542196028883	589.0
184.95542279422384	589.0
184.96542362815887	583.0
184.97542446209388	417.0
184.9854252960289	402.0
184.9954261299639	398.0
185.00542696389894	393.0
185.01542779783395	393.0
185.02542863176896	398.0
185.035429465704	407.0
185.045430299639	417.0
185.05543113357402	417.0
185.06543196750906	417.0
185.07543280144407	412.0
185.08543363537908	402.0
185.09543446931409	393.0
185.10543530324912	384.0
185.11543613718413	375.0
185.12543697111914	371.0
185.13543780505418	375.0
185.1454386389892	389.0
185.1554394729242	407.0
185.1654403068592	412.0
185.17544114079425	412.0
185.18544197472926	402.0
185.19544280866427	398.0
185.2054436425993	393.0
185.21544447653432	393.0
185.22544531046933	393.0
185.23544614440434	398.0
185.24544697833937	398.0
185.25544781227438	402.0
185.2654486462094	398.0
185.27544948014443	389.0
185.28545031407944	371.0
185.29545114801445	354.0
185.3054519819495	342.0
185.3154528158845	334.0
185.3254536498195	338.0
185.33545448375452	346.0
185.34545531768956	354.0
185.35545615162457	363.0
185.36545698555958	375.0
185.3754578194946	384.0
185.38545865342962	389.0
185.39545948736463	393.0
185.40546032129964	393.0
185.41546115523468	398.0
185.4254619891697	398.0
185.4354628231047	393.0
185.44546365703974	393.0
185.45546449097475	389.0
185.46546532490976	380.0
185.4754661588448	371.0
185.4854669927798	363.0
185.49546782671482	354.0
185.50546866064983	350.0
185.51546949458486	358.0
185.52547032851987	380.0
185.53547116245488	393.0
185.54547199638992	402.0
185.55547283032493	407.0
185.56547366425994	402.0
185.57547449819495	398.0
185.58547533213	393.0
185.595476166065	384.0
185.605477	384.0
185.61547783393505	393.0
185.62547866787006	398.0
185.63547950180507	431.0
185.6454803357401	447.0
185.6554811696751	447.0
185.66548200361012	441.0
185.67548283754513	426.0
185.68548367148017	407.0
185.69548450541518	398.0
185.7054853393502	398.0
185.71548617328523	393.0
185.72548700722024	398.0
185.73548784115525	398.0
185.74548867509026	398.0
185.7554895090253	398.0
185.7654903429603	398.0
185.77549117689531	393.0
185.78549201083035	393.0
185.79549284476536	389.0
185.80549367870037	393.0
185.81549451263538	393.0
185.82549534657042	421.0
185.83549618050543	431.0
185.84549701444044	537.0
185.85549784837548	550.0
185.8654986823105	537.0
185.8754995162455	490.0
185.88550035018054	452.0
185.89550118411555	426.0
185.90550201805056	417.0
185.91550285198556	407.0
185.9255036859206	407.0
185.9355045198556	402.0
185.94550535379062	402.0
185.95550618772566	402.0
185.96550702166067	398.0
185.97550785559568	393.0
185.9855086895307	389.0
185.99550952346573	384.0
186.00551035740074	380.0
186.01551119133575	384.0
186.02551202527079	393.0
186.0355128592058	402.0
186.0455136931408	407.0
186.05551452707584	412.0
186.06551536101085	412.0
186.07551619494586	412.0
186.08551702888087	412.0
186.0955178628159	412.0
186.10551869675092	407.0
186.11551953068593	407.0
186.12552036462097	407.0
186.13552119855598	407.0
186.145522032491	407.0
186.155522866426	407.0
186.16552370036104	412.0
186.17552453429604	412.0
186.18552536823105	407.0
186.1955262021661	402.0
186.2055270361011	398.0
186.2155278700361	393.0
186.22552870397115	389.0
186.23552953790616	389.0
186.24553037184117	393.0
186.25553120577618	393.0
186.26553203971122	393.0
186.27553287364623	393.0
186.28553370758124	393.0
186.29553454151628	393.0
186.30553537545129	389.0
186.3155362093863	389.0
186.3255370433213	389.0
186.33553787725634	393.0
186.34553871119135	393.0
186.35553954512636	398.0
186.3655403790614	402.0
186.3755412129964	398.0
186.38554204693142	393.0
186.39554288086643	380.0
186.40554371480147	367.0
186.41554454873648	358.0
186.4255453826715	350.0
186.43554621660653	0.0
186.44554705054153	0.0
186.45554788447654	0.0
186.46554871841158	0.0
186.4755495523466	0.0
186.4855503862816	393.0
186.4955512202166	393.0
186.50555205415165	393.0
186.51555288808666	393.0
186.52555372202167	393.0
186.5355545559567	0.0
186.54555538989172	0.0
186.55555622382673	0.0
186.56555705776174	0.0
186.57555789169677	0.0
186.58555872563178	0.0
186.5955595595668	0.0
186.60556039350183	380.0
186.61556122743684	384.0
186.62556206137185	393.0
186.6355628953069	398.0
186.6455637292419	398.0
186.6555645631769	398.0
186.66556539711192	398.0
186.67556623104696	0.0
186.68556706498197	0.0
186.69556789891698	0.0
186.70556873285202	417.0
186.71556956678702	417.0
186.72557040072203	407.0
186.73557123465704	398.0
186.74557206859208	389.0
186.7555729025271	384.0
186.7655737364621	384.0
186.77557457039714	384.0
186.78557540433215	384.0
186.79557623826716	389.0
186.8055770722022	398.0
186.8155779061372	407.0
186.82557874007222	412.0
186.83557957400723	412.0
186.84558040794226	417.0
186.85558124187727	412.0
186.86558207581228	407.0
186.87558290974732	402.0
186.88558374368233	398.0
186.89558457761734	393.0
186.90558541155235	393.0
186.9155862454874	393.0
186.9255870794224	398.0
186.9355879133574	398.0
186.94558874729245	402.0
186.95558958122746	402.0
186.96559041516247	407.0
186.97559124909748	402.0
186.98559208303251	402.0
186.99559291696752	393.0
187.00559375090253	389.0
187.01559458483757	384.0
187.02559541877258	375.0
187.0355962527076	363.0
187.04559708664263	354.0
187.05559792057764	346.0
187.06559875451265	346.0
187.07559958844766	350.0
187.0856004223827	354.0
187.0956012563177	367.0
187.10560209025272	375.0
187.11560292418775	389.0
187.12560375812276	398.0
187.13560459205777	402.0
187.14560542599278	402.0
187.15560625992782	402.0
187.16560709386283	398.0
187.17560792779784	389.0
187.18560876173288	380.0
187.1956095956679	371.0
187.2056104296029	363.0
187.21561126353794	354.0
187.22561209747295	346.0
187.23561293140796	346.0
187.24561376534297	354.0
187.255614599278	363.0
187.26561543321301	371.0
187.27561626714802	384.0
187.28561710108306	393.0
187.29561793501807	398.0
187.30561876895308	402.0
187.3156196028881	402.0
187.32562043682313	398.0
187.33562127075814	389.0
187.34562210469315	384.0
187.3556229386282	384.0
187.3656237725632	384.0
187.3756246064982	389.0
187.38562544043322	393.0
187.39562627436825	398.0
187.40562710830326	402.0
187.41562794223827	407.0
187.4256287761733	407.0
187.43562961010832	407.0
187.44563044404333	402.0
187.45563127797837	393.0
187.46563211191338	389.0
187.4756329458484	389.0
187.4856337797834	389.0
187.49563461371844	389.0
187.50563544765345	389.0
187.51563628158846	393.0
187.5256371155235	393.0
187.5356379494585	393.0
187.5456387833935	393.0
187.55563961732852	393.0
187.56564045126356	389.0
187.57564128519857	384.0
187.58564211913358	380.0
187.59564295306862	371.0
187.60564378700363	363.0
187.61564462093864	354.0
187.62564545487368	346.0
187.6356462888087	346.0
187.6456471227437	350.0
187.6556479566787	358.0
187.66564879061374	371.0
187.67564962454875	384.0
187.68565045848376	389.0
187.6956512924188	393.0
187.7056521263538	398.0
187.71565296028882	398.0
187.72565379422383	398.0
187.73565462815887	393.0
187.74565546209388	384.0
187.7556562960289	375.0
187.76565712996393	367.0
187.77565796389894	358.0
187.78565879783395	350.0
187.79565963176898	346.0
187.805660465704	346.0
187.815661299639	354.0
187.825662133574	363.0
187.83566296750905	375.0
187.84566380144406	389.0
187.85566463537907	398.0
187.8656654693141	402.0
187.87566630324912	407.0
187.88566713718413	407.0
187.89566797111914	398.0
187.90566880505418	389.0
187.9156696389892	380.0
187.9256704729242	375.0
187.93567130685923	380.0
187.94567214079424	389.0
187.95567297472925	398.0
187.96567380866426	407.0
187.9756746425993	412.0
187.9856754765343	417.0
187.99567631046932	412.0
188.00567714440436	412.0
188.01567797833937	407.0
188.02567881227438	398.0
188.03567964620942	393.0
188.04568048014443	389.0
188.05568131407944	389.0
188.06568214801445	389.0
188.07568298194948	389.0
188.0856838158845	393.0
188.0956846498195	393.0
188.10568548375454	398.0
188.11568631768955	402.0
188.12568715162456	402.0
188.13568798555957	398.0
188.1456888194946	393.0
188.15568965342962	389.0
188.16569048736463	380.0
188.17569132129967	371.0
188.18569215523468	363.0
188.1956929891697	354.0
188.20569382310472	350.0
188.21569465703973	350.0
188.22569549097474	350.0
188.23569632490975	358.0
188.2456971588448	371.0
188.2556979927798	389.0
188.2656988267148	393.0
188.27569966064985	398.0
188.28570049458486	402.0
188.29570132851987	402.0
188.30570216245488	398.0
188.31570299638992	393.0
188.32570383032493	384.0
188.33570466425994	371.0
188.34570549819497	363.0
188.35570633212998	354.0
188.365707166065	350.0
188.37570800000003	346.0
188.38570883393504	346.0
188.39570966787005	350.0
188.40571050180506	363.0
188.4157113357401	375.0
188.4257121696751	389.0
188.43571300361012	398.0
188.44571383754516	398.0
188.45571467148017	398.0
188.46571550541518	398.0
188.47571633935019	393.0
188.48571717328522	389.0
188.49571800722023	384.0
188.50571884115524	380.0
188.51571967509028	380.0
188.5257205090253	384.0
188.5357213429603	393.0
188.5457221768953	407.0
188.55572301083035	412.0
188.56572384476536	412.0
188.57572467870037	407.0
188.5857255126354	407.0
188.59572634657042	402.0
188.60572718050543	398.0
188.61572801444046	393.0
188.62572884837547	393.0
188.63572968231048	393.0
188.6457305162455	393.0
188.65573135018053	393.0
188.66573218411554	393.0
188.67573301805055	393.0
188.6857338519856	393.0
188.6957346859206	393.0
188.7057355198556	393.0
188.71573635379062	393.0
188.72573718772566	393.0
188.73573802166067	393.0
188.74573885559568	389.0
188.7557396895307	389.0
188.76574052346572	389.0
188.77574135740073	389.0
188.78574219133577	393.0
188.79574302527078	393.0
188.8057438592058	398.0
188.8157446931408	398.0
188.82574552707584	398.0
188.83574636101085	393.0
188.84574719494586	393.0
188.8557480288809	389.0
188.8657488628159	389.0
188.87574969675092	389.0
188.88575053068593	389.0
188.89575136462096	393.0
188.90575219855597	398.0
188.91575303249098	398.0
188.92575386642602	402.0
188.93575470036103	402.0
188.94575553429604	398.0
188.95575636823108	398.0
188.9657572021661	393.0
188.9757580361011	389.0
188.9857588700361	389.0
188.99575970397115	384.0
189.00576053790616	384.0
189.01576137184117	389.0
189.0257622057762	393.0
189.0357630397112	398.0
189.04576387364622	398.0
189.05576470758123	398.0
189.06576554151627	398.0
189.07576637545128	393.0
189.0857672093863	389.0
189.09576804332133	384.0
189.10576887725634	384.0
189.11576971119135	389.0
189.12577054512636	393.0
189.1357713790614	393.0
189.1457722129964	398.0
189.15577304693142	398.0
189.16577388086645	398.0
189.17577471480146	393.0
189.18577554873647	393.0
189.1957763826715	393.0
189.20577721660652	393.0
189.21577805054153	393.0
189.22577888447654	393.0
189.23577971841158	393.0
189.2457805523466	393.0
189.2557813862816	393.0
189.26578222021664	393.0
189.27578305415165	393.0
189.28578388808666	393.0
189.29578472202166	393.0
189.3057855559567	398.0
189.3157863898917	421.0
189.32578722382672	544.0
189.33578805776176	550.0
189.34578889169677	544.0
189.35578972563178	537.0
189.36579055956682	525.0
189.37579139350183	384.0
189.38579222743684	393.0
189.39579306137185	393.0
189.40579389530689	398.0
189.4157947292419	398.0
189.4257955631769	398.0
189.43579639711194	384.0
189.44579723104695	375.0
189.45579806498196	384.0
189.46579889891697	371.0
189.475799732852	363.0
189.48580056678702	354.0
189.49580140072203	358.0
189.50580223465707	363.0
189.51580306859208	367.0
189.5258039025271	371.0
189.53580473646213	371.0
189.54580557039714	367.0
189.55580640433215	358.0
189.56580723826715	346.0
189.5758080722022	334.0
189.5858089061372	323.0
189.5958097400722	316.0
189.60581057400725	316.0
189.61581140794226	316.0
189.62581224187727	319.0
189.63581307581228	323.0
189.64581390974732	323.0
189.65581474368233	323.0
189.66581557761734	319.0
189.67581641155238	316.0
189.68581724548739	312.0
189.6958180794224	308.0
189.7058189133574	301.0
189.71581974729244	294.0
189.72582058122745	0.0
189.73582141516246	0.0
189.7458222490975	0.0
189.7558230830325	0.0
189.76582391696752	0.0
189.77582475090256	0.0
189.78582558483757	0.0
189.79582641877258	380.0
189.8058272527076	375.0
189.81582808664263	367.0
189.82582892057764	363.0
189.83582975451264	354.0
189.84583058844768	354.0
189.8558314223827	354.0
189.8658322563177	358.0
189.8758330902527	367.0
189.88583392418775	371.0
189.89583475812276	375.0
189.90583559205777	375.0
189.9158364259928	375.0
189.92583725992782	375.0
189.93583809386283	375.0
189.94583892779787	371.0
189.95583976173288	367.0
189.96584059566788	358.0
189.9758414296029	350.0
189.98584226353793	338.0
189.99584309747294	331.0
190.00584393140795	327.0
190.015844765343	327.0
190.025845599278	323.0
190.035846433213	312.0
190.04584726714802	312.0
190.05584810108306	312.0
190.06584893501807	312.0
190.07584976895308	316.0
190.08585060288812	316.0
190.09585143682312	316.0
190.10585227075813	316.0
190.11585310469314	316.0
190.12585393862818	316.0
190.1358547725632	312.0
190.1458556064982	312.0
190.15585644043324	312.0
190.16585727436825	316.0
190.17585810830326	316.0
190.1858589422383	316.0
190.1958597761733	316.0
190.20586061010832	316.0
190.21586144404333	319.0
190.22586227797837	327.0
190.23586311191337	331.0
190.24586394584838	334.0
190.25586477978342	334.0
190.26586561371843	331.0
190.27586644765344	323.0
190.28586728158845	319.0
190.2958681155235	316.0
190.3058689494585	316.0
190.3158697833935	316.0
190.32587061732855	316.0
190.33587145126356	316.0
190.34587228519857	327.0
190.3558731191336	342.0
190.36587395306861	358.0
190.37587478700362	375.0
190.38587562093863	389.0
190.39587645487367	393.0
190.40587728880868	393.0
190.4158781227437	389.0
190.42587895667873	380.0
190.43587979061374	371.0
190.44588062454875	358.0
190.45588145848376	327.0
190.4658822924188	331.0
190.4758831263538	342.0
190.48588396028882	367.0
190.49588479422385	375.0
190.50588562815886	407.0
190.51588646209387	412.0
190.5258872960289	407.0
190.53588812996392	0.0
190.54588896389893	0.0
190.55588979783394	0.0
190.56589063176898	0.0
190.575891465704	0.0
190.585892299639	0.0
190.59589313357404	0.0
190.60589396750905	0.0
190.61589480144406	0.0
190.62589563537907	0.0
190.6358964693141	0.0
190.64589730324911	398.0
190.65589813718412	393.0
190.66589897111916	389.0
190.67589980505417	389.0
190.68590063898918	393.0
190.6959014729242	398.0
190.70590230685923	402.0
190.71590314079424	402.0
190.72590397472925	402.0
190.7359048086643	393.0
190.7459056425993	393.0
190.7559064765343	389.0
190.76590731046934	384.0
190.77590814440435	380.0
190.78590897833936	384.0
190.79590981227437	393.0
190.8059106462094	412.0
190.81591148014442	412.0
190.82591231407943	412.0
190.83591314801447	407.0
190.84591398194948	402.0
190.8559148158845	393.0
190.8659156498195	384.0
190.87591648375454	380.0
190.88591731768955	363.0
190.89591815162456	358.0
190.9059189855596	358.0
190.9159198194946	354.0
190.9259206534296	354.0
190.93592148736465	354.0
190.94592232129966	354.0
190.95592315523467	358.0
190.96592398916968	358.0
190.97592482310472	358.0
190.98592565703973	358.0
190.99592649097474	358.0
191.00592732490978	358.0
191.0159281588448	358.0
191.0259289927798	358.0
191.0359298267148	358.0
191.04593066064984	358.0
191.05593149458485	358.0
191.06593232851986	380.0
191.0759331624549	384.0
191.0859339963899	389.0
191.09593483032492	393.0
191.10593566425996	393.0
191.11593649819497	393.0
191.12593733212998	393.0
191.135938166065	389.0
191.14593900000003	380.0
191.15593983393504	375.0
191.16594066787005	367.0
191.17594150180508	363.0
191.1859423357401	363.0
191.1959431696751	363.0
191.2059440036101	358.0
191.21594483754515	358.0
191.22594567148016	358.0
191.23594650541517	358.0
191.2459473393502	358.0
191.25594817328522	358.0
191.26594900722023	358.0
191.27594984115524	367.0
191.28595067509028	380.0
191.2959515090253	380.0
191.3059523429603	384.0
191.31595317689533	389.0
191.32595401083034	393.0
191.33595484476535	398.0
191.3459556787004	402.0
191.3559565126354	402.0
191.3659573465704	398.0
191.37595818050542	393.0
191.38595901444046	389.0
191.39595984837547	384.0
191.40596068231048	375.0
191.41596151624552	367.0
191.42596235018053	367.0
191.43596318411554	363.0
191.44596401805055	363.0
191.45596485198558	363.0
191.4659656859206	358.0
191.4759665198556	358.0
191.48596735379064	358.0
191.49596818772565	358.0
191.50596902166066	358.0
191.5159698555957	358.0
191.5259706895307	358.0
191.53597152346572	358.0
191.54597235740073	363.0
191.55597319133577	363.0
191.56597402527078	363.0
191.5759748592058	363.0
191.58597569314082	0.0
191.59597652707583	0.0
191.60597736101084	0.0
191.61597819494585	0.0
191.6259790288809	398.0
191.6359798628159	402.0
191.6459806967509	402.0
191.65598153068595	402.0
191.66598236462096	0.0
191.67598319855597	358.0
191.685984032491	358.0
191.69598486642602	358.0
191.70598570036103	358.0
191.71598653429604	363.0
191.72598736823107	367.0
191.73598820216608	371.0
191.7459890361011	375.0
191.75598987003613	384.0
191.76599070397114	398.0
191.77599153790615	407.0
191.78599237184116	407.0
191.7959932057762	402.0
191.8059940397112	398.0
191.81599487364622	398.0
191.82599570758126	393.0
191.83599654151627	393.0
191.84599737545128	0.0
191.85599820938629	0.0
191.86599904332132	0.0
191.87599987725633	0.0
191.88600071119134	624.0
191.89600154512638	632.0
191.9060023790614	632.0
191.9160032129964	632.0
191.92600404693144	639.0
191.93600488086645	639.0
191.94600571480146	639.0
191.95600654873647	639.0
191.9660073826715	639.0
191.97600821660652	0.0
191.98600905054153	0.0
191.99600988447656	639.0
192.00601071841157	639.0
192.01601155234658	0.0
192.0260123862816	0.0
192.03601322021663	319.0
192.04601405415164	319.0
192.05601488808665	319.0
192.0660157220217	319.0
192.0760165559567	319.0
192.0860173898917	319.0
192.09601822382675	316.0
192.10601905776176	0.0
192.11601989169677	0.0
192.12602072563178	0.0
192.1360215595668	0.0
192.14602239350182	0.0
192.15602322743683	0.0
192.16602406137187	0.0
192.17602489530688	0.0
192.1860257292419	0.0
192.1960265631769	354.0
192.20602739711194	363.0
192.21602823104695	371.0
192.22602906498196	384.0
192.236029898917	393.0
192.246030732852	393.0
192.25603156678702	384.0
192.26603240072203	371.0
192.27603323465706	354.0
192.28603406859207	342.0
192.29603490252708	338.0
192.30603573646212	342.0
192.31603657039713	350.0
192.32603740433214	371.0
192.33603823826718	384.0
192.3460390722022	412.0
192.3560399061372	412.0
192.3660407400722	407.0
192.37604157400725	0.0
192.38604240794226	0.0
192.39604324187727	0.0
192.4060440758123	0.0
192.4160449097473	0.0
192.42604574368232	389.0
192.43604657761733	389.0
192.44604741155237	389.0
192.45604824548738	389.0
192.4660490794224	398.0
192.47604991335743	402.0
192.48605074729244	407.0
192.49605158122745	407.0
192.5060524151625	407.0
192.5160532490975	402.0
192.5260540830325	402.0
192.53605491696752	398.0
192.54605575090255	393.0
192.55605658483756	389.0
192.56605741877257	389.0
192.5760582527076	384.0
192.58605908664262	389.0
192.59605992057763	398.0
192.60606075451264	402.0
192.61606158844768	407.0
192.6260624223827	402.0
192.6360632563177	398.0
192.64606409025274	389.0
192.65606492418775	371.0
192.66606575812276	358.0
192.6760665920578	358.0
192.6860674259928	354.0
192.6960682599278	354.0
192.70606909386282	371.0
192.71606992779786	384.0
192.72607076173287	421.0
192.73607159566788	421.0
192.74607242960292	417.0
192.75607326353793	402.0
192.76607409747294	0.0
192.77607493140795	363.0
192.78607576534299	358.0
192.796076599278	358.0
192.806077433213	358.0
192.81607826714804	358.0
192.82607910108305	367.0
192.83607993501806	371.0
192.84608076895307	375.0
192.8560816028881	375.0
192.86608243682312	375.0
192.87608327075813	371.0
192.88608410469317	354.0
192.89608493862818	342.0
192.9060857725632	323.0
192.91608660649823	308.0
192.92608744043324	305.0
192.93608827436825	301.0
192.94608910830325	305.0
192.9560899422383	316.0
192.9660907761733	323.0
192.9760916101083	342.0
192.98609244404335	367.0
192.99609327797836	375.0
193.00609411191337	380.0
193.01609494584838	384.0
193.02609577978342	384.0
193.03609661371843	375.0
193.04609744765344	367.0
193.05609828158848	354.0
193.06609911552349	346.0
193.0760999494585	338.0
193.08610078339353	338.0
193.09610161732854	342.0
193.10610245126355	367.0
193.11610328519856	367.0
193.1261041191336	371.0
193.1361049530686	375.0
193.14610578700362	380.0
193.15610662093866	384.0
193.16610745487367	384.0
193.17610828880868	384.0
193.1861091227437	375.0
193.19610995667873	371.0
193.20611079061374	363.0
193.21611162454874	354.0
193.22611245848378	354.0
193.2361132924188	354.0
193.2461141263538	363.0
193.25611496028884	371.0
193.26611579422385	375.0
193.27611662815886	375.0
193.28611746209387	380.0
193.2961182960289	380.0
193.30611912996392	375.0
193.31611996389893	375.0
193.32612079783397	371.0
193.33612163176898	363.0
193.34612246570398	363.0
193.356123299639	358.0
193.36612413357403	358.0
193.37612496750904	358.0
193.38612580144405	358.0
193.3961266353791	363.0
193.4061274693141	367.0
193.4161283032491	380.0
193.42612913718412	384.0
193.43612997111916	384.0
193.44613080505417	384.0
193.45613163898918	375.0
193.46613247292422	367.0
193.47613330685923	0.0
193.48613414079423	0.0
193.49613497472927	0.0
193.50613580866428	0.0
193.5161366425993	0.0
193.5261374765343	0.0
193.53613831046934	0.0
193.54613914440435	331.0
193.55613997833936	350.0
193.5661408122744	371.0
193.5761416462094	384.0
193.58614248014442	393.0
193.59614331407943	393.0
193.60614414801447	393.0
193.61614498194947	389.0
193.62614581588448	384.0
193.63614664981952	375.0
193.64614748375453	371.0
193.65614831768954	363.0
193.66614915162458	358.0
193.6761499855596	354.0
193.6861508194946	363.0
193.6961516534296	384.0
193.70615248736465	398.0
193.71615332129966	402.0
193.72615415523467	402.0
193.7361549891697	398.0
193.74615582310471	393.0
193.75615665703972	384.0
193.76615749097473	384.0
193.77615832490977	380.0
193.78615915884478	389.0
193.7961599927798	402.0
193.80616082671483	507.0
193.81616166064984	496.0
193.82616249458485	462.0
193.8361633285199	452.0
193.8461641624549	431.0
193.8561649963899	421.0
193.86616583032492	412.0
193.87616666425996	407.0
193.88616749819496	402.0
193.89616833212997	402.0
193.906169166065	398.0
193.91617000000002	393.0
193.92617083393503	389.0
193.93617166787004	389.0
193.94617250180508	389.0
193.9561733357401	389.0
193.9661741696751	389.0
193.97617500361014	393.0
193.98617583754515	398.0
193.99617667148016	402.0
194.00617750541517	407.0
194.0161783393502	407.0
194.02617917328521	407.0
194.03618000722022	407.0
194.04618084115526	407.0
194.05618167509027	407.0
194.06618250902528	407.0
194.07618334296032	412.0
194.08618417689533	412.0
194.09618501083034	412.0
194.10618584476535	417.0
194.1161866787004	417.0
194.1261875126354	417.0
194.1361883465704	412.0
194.14618918050544	407.0
194.15619001444045	398.0
194.16619084837546	393.0
194.17619168231047	393.0
194.1861925162455	393.0
194.19619335018052	393.0
194.20619418411553	393.0
194.21619501805057	393.0
194.22619585198558	393.0
194.2361966859206	398.0
194.24619751985563	398.0
194.25619835379064	398.0
194.26619918772565	393.0
194.27620002166066	389.0
194.2862008555957	384.0
194.2962016895307	375.0
194.3062025234657	363.0
194.31620335740075	338.0
194.32620419133576	338.0
194.33620502527077	0.0
194.34620585920578	0.0
194.35620669314082	0.0
194.36620752707583	0.0
194.37620836101084	0.0
194.38620919494588	380.0
194.3962100288809	380.0
194.4062108628159	380.0
194.4162116967509	375.0
194.42621253068594	375.0
194.43621336462095	380.0
194.44621419855596	398.0
194.456215032491	402.0
194.466215866426	407.0
194.47621670036102	412.0
194.48621753429606	407.0
194.49621836823107	402.0
194.50621920216608	398.0
194.5162200361011	398.0
194.52622087003613	398.0
194.53622170397114	393.0
194.54622253790615	393.0
194.55622337184118	398.0
194.5662242057762	398.0
194.5762250397112	393.0
194.5862258736462	398.0
194.59622670758125	398.0
194.60622754151626	398.0
194.61622837545127	398.0
194.6262292093863	393.0
194.63623004332132	384.0
194.64623087725633	371.0
194.65623171119137	354.0
194.66623254512638	346.0
194.6762333790614	346.0
194.6862342129964	350.0
194.69623504693143	367.0
194.70623588086644	402.0
194.71623671480145	412.0
194.7262375487365	407.0
194.7362383826715	393.0
194.7462392166065	389.0
194.75624005054152	331.0
194.76624088447656	312.0
194.77624171841157	305.0
194.78624255234658	301.0
194.79624338628162	301.0
194.80624422021663	305.0
194.81624505415164	308.0
194.82624588808667	308.0
194.83624672202168	308.0
194.8462475559567	312.0
194.8562483898917	312.0
194.86624922382674	312.0
194.87625005776175	312.0
194.88625089169676	312.0
194.8962517256318	308.0
194.9062525595668	308.0
194.91625339350182	308.0
194.92625422743683	308.0
194.93625506137187	308.0
194.94625589530688	312.0
194.9562567292419	312.0
194.96625756317692	316.0
194.97625839711193	316.0
194.98625923104694	316.0
194.99626006498195	312.0
195.006260898917	312.0
195.016261732852	312.0
195.026262566787	312.0
195.03626340072205	312.0
195.04626423465706	312.0
195.05626506859207	312.0
195.0662659025271	312.0
195.07626673646212	312.0
195.08626757039713	316.0
195.09626840433214	319.0
195.10626923826717	319.0
195.11627007220218	319.0
195.1262709061372	316.0
195.13627174007223	316.0
195.14627257400724	312.0
195.15627340794225	312.0
195.16627424187726	308.0
195.1762750758123	305.0
195.1862759097473	305.0
195.19627674368232	308.0
195.20627757761736	312.0
195.21627841155237	316.0
195.22627924548738	319.0
195.23628007942241	319.0
195.24628091335742	319.0
195.25628174729243	319.0
195.26628258122744	319.0
195.27628341516248	319.0
195.2862842490975	319.0
195.2962850830325	319.0
195.30628591696754	316.0
195.31628675090255	316.0
195.32628758483756	319.0
195.33628841877257	319.0
195.3462892527076	316.0
195.35629008664262	316.0
195.36629092057763	312.0
195.37629175451266	305.0
195.38629258844767	298.0
195.39629342238268	291.0
195.40629425631772	281.0
195.41629509025273	275.0
195.42629592418774	275.0
195.43629675812275	284.0
195.4462975920578	298.0
195.4562984259928	308.0
195.4662992599278	334.0
195.47630009386285	363.0
195.48630092779786	354.0
195.49630176173287	338.0
195.50630259566788	323.0
195.5163034296029	301.0
195.52630426353792	281.0
195.53630509747293	268.0
195.54630593140797	265.0
195.55630676534298	265.0
195.566307599278	272.0
195.576308433213	275.0
195.58630926714804	284.0
195.59631010108305	284.0
195.60631093501806	284.0
195.6163117689531	278.0
195.6263126028881	272.0
195.63631343682312	265.0
195.64631427075815	259.0
195.65631510469316	259.0
195.66631593862817	259.0
195.67631677256318	265.0
195.68631760649822	268.0
195.69631844043323	272.0
195.70631927436824	268.0
195.71632010830328	265.0
195.7263209422383	256.0
195.7363217761733	250.0
195.7463226101083	248.0
195.75632344404335	245.0
195.76632427797836	242.0
195.77632511191337	242.0
195.7863259458484	239.0
195.7963267797834	239.0
195.80632761371842	234.0
195.81632844765346	220.0
195.82632928158847	312.0
195.83633011552348	0.0
195.8463309494585	0.0
195.85633178339353	319.0
195.86633261732854	319.0
195.87633345126355	342.0
195.8863342851986	342.0
195.8963351191336	342.0
195.9063359530686	316.0
195.91633678700362	316.0
195.92633762093865	316.0
195.93633845487366	316.0
195.94633928880867	316.0
195.9563401227437	316.0
195.96634095667872	316.0
195.97634179061373	316.0
195.98634262454877	0.0
195.99634345848378	312.0
196.0063442924188	312.0
196.0163451263538	312.0
196.02634596028884	0.0
196.03634679422385	0.0
196.04634762815886	0.0
196.0563484620939	0.0
196.0663492960289	0.0
196.0763501299639	0.0
196.08635096389892	0.0
196.09635179783396	0.0
196.10635263176897	0.0
196.11635346570398	298.0
196.12635429963902	284.0
196.13635513357403	265.0
196.14635596750904	256.0
196.15635680144405	253.0
196.1663576353791	253.0
196.1763584693141	256.0
196.1863593032491	262.0
196.19636013718414	265.0
196.20636097111915	272.0
196.21636180505416	275.0
196.2263626389892	275.0
196.2363634729242	272.0
196.24636430685922	0.0
196.25636514079423	0.0
196.26636597472927	0.0
196.27636680866428	0.0
196.2863676425993	0.0
196.29636847653433	0.0
196.30636931046934	0.0
196.31637014440435	319.0
196.32637097833936	327.0
196.3363718122744	327.0
196.3463726462094	0.0
196.3563734801444	0.0
196.36637431407945	0.0
196.37637514801446	0.0
196.38637598194947	0.0
196.3963768158845	0.0
196.40637764981952	0.0
196.41637848375453	0.0
196.42637931768954	0.0
196.43638015162458	0.0
196.44638098555959	0.0
196.4563818194946	0.0
196.46638265342963	0.0
196.47638348736464	0.0
196.48638432129965	0.0
196.49638515523466	0.0
196.5063859891697	0.0
196.5163868231047	0.0
196.52638765703972	0.0
196.53638849097476	0.0
196.54638932490977	0.0
196.55639015884478	0.0
196.56639099277982	0.0
196.57639182671483	0.0
196.58639266064984	0.0
196.59639349458485	0.0
196.60639432851988	0.0
196.6163951624549	0.0
196.6263959963899	0.0
196.63639683032494	0.0
196.64639766425995	0.0
196.65639849819496	0.0
196.66639933212997	0.0
196.676400166065	0.0
196.68640100000002	0.0
196.69640183393503	0.0
196.70640266787007	0.0
196.71640350180508	0.0
196.72640433574009	0.0
196.7364051696751	0.0
196.74640600361013	0.0
196.75640683754514	0.0
196.76640767148015	0.0
196.7764085054152	402.0
196.7864093393502	0.0
196.7964101732852	0.0
196.80641100722025	0.0
196.81641184115526	0.0
196.82641267509027	0.0
196.83641350902528	0.0
196.84641434296032	0.0
196.85641517689533	0.0
196.86641601083033	0.0
196.87641684476537	0.0
196.88641767870038	0.0
196.8964185126354	402.0
196.9064193465704	402.0
196.91642018050544	402.0
196.92642101444045	402.0
196.93642184837546	402.0
196.9464226823105	0.0
196.9564235162455	0.0
196.96642435018052	0.0
196.97642518411556	0.0
196.98642601805057	0.0
196.99642685198558	0.0
197.00642768592058	412.0
197.01642851985562	412.0
197.02642935379063	402.0
197.03643018772564	398.0
197.04643102166068	393.0
197.0564318555957	398.0
197.0664326895307	402.0
197.0764335234657	402.0
197.08643435740075	402.0
197.09643519133576	402.0
197.10643602527077	402.0
197.1164368592058	402.0
197.12643769314082	402.0
197.13643852707582	0.0
197.14643936101083	0.0
197.15644019494587	0.0
197.16644102888088	0.0
197.1764418628159	0.0
197.18644269675093	0.0
197.19644353068594	0.0
197.20644436462095	0.0
197.216445198556	0.0
197.226446032491	0.0
197.236446866426	0.0
197.24644770036102	0.0
197.25644853429606	0.0
197.26644936823106	0.0
197.27645020216607	0.0
197.2864510361011	0.0
197.29645187003612	0.0
197.30645270397113	0.0
197.31645353790614	0.0
197.32645437184118	0.0
197.3364552057762	0.0
197.3464560397112	0.0
197.35645687364624	0.0
197.36645770758125	0.0
197.37645854151626	0.0
197.3864593754513	0.0
197.3964602093863	0.0
197.40646104332131	0.0
197.41646187725632	0.0
197.42646271119136	0.0
197.43646354512637	393.0
197.44646437906138	398.0
197.45646521299642	0.0
197.46646604693143	0.0
197.47646688086644	0.0
197.48646771480145	0.0
197.4964685487365	0.0
197.5064693826715	0.0
197.5164702166065	0.0
197.52647105054155	0.0
197.53647188447655	0.0
197.54647271841156	0.0
197.5564735523466	398.0
197.5664743862816	402.0
197.57647522021662	398.0
197.58647605415163	393.0
197.59647688808667	393.0
197.60647772202168	393.0
197.6164785559567	398.0
197.62647938989173	398.0
197.63648022382674	398.0
197.64648105776175	402.0
197.65648189169676	402.0
197.6664827256318	407.0
197.6764835595668	407.0
197.68648439350181	407.0
197.69648522743685	402.0
197.70648606137186	393.0
197.71648689530687	389.0
197.72648772924188	375.0
197.73648856317692	367.0
197.74648939711193	354.0
197.75649023104694	346.0
197.76649106498198	338.0
197.776491898917	338.0
197.786492732852	350.0
197.79649356678703	363.0
197.80649440072204	375.0
197.81649523465705	389.0
197.82649606859206	398.0
197.8364969025271	398.0
197.8464977364621	398.0
197.85649857039712	393.0
197.86649940433216	393.0
197.87650023826717	389.0
197.88650107220218	389.0
197.8965019061372	389.0
197.90650274007223	393.0
197.91650357400724	398.0
197.92650440794225	402.0
197.93650524187728	407.0
197.9465060758123	407.0
197.9565069097473	407.0
197.96650774368234	402.0
197.97650857761735	398.0
197.98650941155236	393.0
197.99651024548737	393.0
198.0065110794224	389.0
198.01651191335742	389.0
198.02651274729243	393.0
198.03651358122747	398.0
198.04651441516248	402.0
198.0565152490975	402.0
198.0665160830325	402.0
198.07651691696753	398.0
198.08651775090254	398.0
198.09651858483755	398.0
198.1065194187726	393.0
198.1165202527076	389.0
198.1265210866426	389.0
198.13652192057765	389.0
198.14652275451266	389.0
198.15652358844767	389.0
198.16652442238268	0.0
198.17652525631772	316.0
198.18652609025273	319.0
198.19652692418774	323.0
198.20652775812277	331.0
198.21652859205778	342.0
198.2265294259928	384.0
198.2365302599278	393.0
198.24653109386284	398.0
198.25653192779785	398.0
198.26653276173286	398.0
198.2765335956679	389.0
198.2865344296029	380.0
198.29653526353792	371.0
198.30653609747293	363.0
198.31653693140797	354.0
198.32653776534298	354.0
198.336538599278	354.0
198.34653943321302	354.0
198.35654026714803	363.0
198.36654110108304	380.0
198.37654193501808	389.0
198.3865427689531	393.0
198.3965436028881	398.0
198.4065444368231	398.0
198.41654527075815	389.0
198.42654610469316	389.0
198.43654693862817	389.0
198.4465477725632	389.0
198.45654860649822	389.0
198.46654944043323	389.0
198.47655027436824	389.0
198.48655110830327	393.0
198.49655194223828	393.0
198.5065527761733	0.0
198.51655361010833	412.0
198.52655444404334	417.0
198.53655527797835	417.0
198.5465561119134	417.0
198.5565569458484	412.0
198.5665577797834	412.0
198.57655861371842	407.0
198.58655944765346	402.0
198.59656028158847	398.0
198.60656111552348	393.0
198.61656194945851	389.0
198.62656278339352	380.0
198.63656361732853	375.0
198.64656445126354	371.0
198.65656528519858	363.0
198.6665661191336	358.0
198.6765669530686	354.0
198.68656778700364	354.0
198.69656862093865	354.0
198.70656945487366	354.0
198.7165702888087	358.0
198.7265711227437	363.0
198.73657195667872	371.0
198.74657279061373	380.0
198.75657362454876	389.0
198.76657445848377	393.0
198.77657529241878	398.0
198.78657612635382	398.0
198.79657696028883	398.0
198.80657779422384	398.0
198.81657862815885	398.0
198.8265794620939	398.0
198.8365802960289	398.0
198.8465811299639	398.0
198.85658196389895	393.0
198.86658279783396	393.0
198.87658363176897	389.0
198.88658446570398	384.0
198.896585299639	380.0
198.90658613357402	371.0
198.91658696750903	363.0
198.92658780144407	354.0
198.93658863537908	346.0
198.9465894693141	342.0
198.95659030324913	334.0
198.96659113718414	327.0
198.97659197111915	323.0
198.98659280505416	319.0
198.9965936389892	316.0
199.0065944729242	0.0
199.01659530685922	0.0
199.02659614079425	0.0
199.03659697472926	0.0
199.04659780866427	0.0
199.05659864259928	0.0
199.06659947653432	0.0
199.07660031046933	0.0
199.08660114440434	0.0
199.09660197833938	0.0
199.1066028122744	0.0
199.1166036462094	0.0
199.12660448014444	0.0
199.13660531407945	0.0
199.14660614801446	0.0
199.15660698194947	375.0
199.1666078158845	367.0
199.1766086498195	363.0
199.18660948375452	358.0
199.19661031768956	354.0
199.20661115162457	358.0
199.21661198555958	367.0
199.2266128194946	380.0
199.23661365342963	384.0
199.24661448736464	389.0
199.25661532129965	393.0
199.2666161552347	393.0
199.2766169891697	398.0
199.2866178231047	398.0
199.29661865703972	393.0
199.30661949097475	393.0
199.31662032490976	389.0
199.32662115884477	389.0
199.3366219927798	389.0
199.34662282671482	398.0
199.35662366064983	407.0
199.36662449458487	421.0
199.37662532851988	431.0
199.3866261624549	0.0
199.3966269963899	0.0
199.40662783032494	0.0
199.41662866425995	468.0
199.42662949819496	0.0
199.43663033213	0.0
199.446631166065	0.0
199.456632	0.0
199.46663283393502	0.0
199.47663366787006	0.0
199.48663450180507	0.0
199.49663533574008	0.0
199.50663616967512	417.0
199.51663700361013	417.0
199.52663783754514	412.0
199.53663867148018	407.0
199.5466395054152	398.0
199.5566403393502	393.0
199.5666411732852	393.0
199.57664200722024	393.0
199.58664284115525	402.0
199.59664367509026	412.0
199.6066445090253	412.0
199.6166453429603	417.0
199.62664617689532	417.0
199.63664701083033	417.0
199.64664784476537	417.0
199.65664867870038	417.0
199.6666495126354	417.0
199.67665034657043	417.0
199.68665118050544	412.0
199.69665201444045	0.0
199.70665284837548	0.0
199.7166536823105	0.0
199.7266545162455	0.0
199.7366553501805	0.0
199.74665618411555	0.0
199.75665701805056	0.0
199.76665785198557	0.0
199.7766586859206	0.0
199.78665951985562	0.0
199.79666035379063	0.0
199.80666118772564	0.0
199.81666202166068	0.0
199.82666285559569	393.0
199.8366636895307	393.0
199.84666452346573	398.0
199.85666535740074	398.0
199.86666619133575	398.0
199.87666702527076	398.0
199.8866678592058	398.0
199.8966686931408	393.0
199.90666952707582	393.0
199.91667036101086	393.0
199.92667119494587	393.0
199.93667202888088	393.0
199.94667286281592	393.0
199.95667369675093	393.0
199.96667453068594	393.0
199.97667536462095	393.0
199.98667619855598	393.0
199.996677032491	393.0
200.006677866426	393.0
200.01667870036104	393.0
200.02667953429605	393.0
200.03668036823106	389.0
200.04668120216607	393.0
200.0566820361011	393.0
200.06668287003612	393.0
200.07668370397113	393.0
200.08668453790617	393.0
200.09668537184118	393.0
200.10668620577619	0.0
200.11668703971122	0.0
200.12668787364623	0.0
200.13668870758124	0.0
200.14668954151625	0.0
200.1566903754513	0.0
200.1666912093863	0.0
200.1766920433213	0.0
200.18669287725635	245.0
200.19669371119136	242.0
200.20669454512637	245.0
200.21669537906138	248.0
200.22669621299642	253.0
200.23669704693143	259.0
200.24669788086644	265.0
200.25669871480147	272.0
200.26669954873648	275.0
200.2767003826715	278.0
200.28670121660653	284.0
200.29670205054154	291.0
200.30670288447655	301.0
200.31670371841156	312.0
200.3267045523466	331.0
200.3367053862816	350.0
200.34670622021662	389.0
200.35670705415166	468.0
200.36670788808667	479.0
200.37670872202168	479.0
200.38670955595668	412.0
200.39671038989172	402.0
200.40671122382673	389.0
200.41671205776174	375.0
200.42671289169678	371.0
200.4367137256318	371.0
200.4467145595668	441.0
200.4567153935018	468.0
200.46671622743685	490.0
200.47671706137186	507.0
200.48671789530687	484.0
200.4967187292419	462.0
200.50671956317692	441.0
200.51672039711192	412.0
200.52672123104696	393.0
200.53672206498197	384.0
200.54672289891698	384.0
200.556723732852	384.0
200.56672456678703	393.0
200.57672540072204	407.0
200.58672623465705	407.0
200.5967270685921	407.0
200.6067279025271	402.0
200.6167287364621	393.0
200.62672957039712	389.0
200.63673040433216	380.0
200.64673123826717	380.0
200.65673207220217	384.0
200.6667329061372	398.0
200.67673374007222	407.0
200.68673457400723	412.0
200.69673540794227	417.0
200.70673624187728	421.0
200.7167370758123	407.0
200.7267379097473	398.0
200.73673874368234	384.0
200.74673957761735	384.0
200.75674041155236	384.0
200.7667412454874	389.0
200.7767420794224	393.0
200.78674291335741	398.0
200.79674374729242	398.0
200.80674458122746	393.0
200.81674541516247	384.0
200.82674624909748	371.0
200.83674708303252	358.0
200.84674791696753	346.0
200.85674875090254	342.0
200.86674958483758	354.0
200.8767504187726	389.0
200.8867512527076	402.0
200.8967520866426	412.0
200.90675292057765	412.0
200.91675375451265	402.0
200.92675458844766	389.0
200.9367554223827	363.0
200.9467562563177	327.0
200.95675709025272	305.0
200.96675792418773	298.0
200.97675875812277	301.0
200.98675959205778	298.0
200.9967604259928	298.0
201.00676125992783	301.0
201.01676209386284	312.0
201.02676292779785	319.0
201.03676376173286	319.0
201.0467645956679	319.0
201.0567654296029	316.0
201.06676626353791	308.0
201.07676709747295	305.0
201.08676793140796	305.0
201.09676876534297	323.0
201.106769599278	350.0
201.11677043321302	389.0
201.12677126714803	402.0
201.13677210108304	407.0
201.14677293501808	407.0
201.1567737689531	393.0
201.1667746028881	375.0
201.17677543682314	327.0
201.18677627075814	316.0
201.19677710469315	312.0
201.20677793862816	312.0
201.2167787725632	316.0
201.2267796064982	327.0
201.23678044043322	338.0
201.24678127436826	358.0
201.25678210830327	384.0
201.26678294223828	389.0
201.27678377617332	393.0
201.28678461010833	393.0
201.29678544404334	393.0
201.30678627797835	389.0
201.31678711191338	389.0
201.3267879458484	389.0
201.3367887797834	389.0
201.34678961371844	389.0
201.35679044765345	398.0
201.36679128158846	398.0
201.37679211552347	398.0
201.3867929494585	398.0
201.39679378339352	393.0
201.40679461732853	389.0
201.41679545126357	389.0
201.42679628519858	384.0
201.4367971191336	384.0
201.4467979530686	389.0
201.45679878700363	398.0
201.46679962093864	407.0
201.47680045487365	412.0
201.4868012888087	412.0
201.4968021227437	407.0
201.5068029566787	407.0
201.51680379061375	402.0
201.52680462454876	393.0
201.53680545848377	389.0
201.54680629241878	380.0
201.55680712635382	0.0
201.56680796028883	0.0
201.57680879422384	0.0
201.58680962815887	0.0
201.59681046209388	0.0
201.6068112960289	0.0
201.6168121299639	0.0
201.62681296389894	0.0
201.63681379783395	0.0
201.64681463176896	0.0
201.656815465704	0.0
201.666816299639	0.0
201.67681713357402	0.0
201.68681796750906	0.0
201.69681880144407	0.0
201.70681963537908	0.0
201.7168204693141	0.0
201.72682130324912	0.0
201.73682213718413	0.0
201.74682297111914	0.0
201.75682380505418	0.0
201.7668246389892	0.0
201.7768254729242	0.0
201.7868263068592	0.0
201.79682714079425	0.0
201.80682797472926	0.0
201.81682880866427	0.0
201.8268296425993	0.0
201.83683047653432	0.0
201.84683131046933	0.0
201.85683214440436	0.0
201.86683297833937	0.0
201.87683381227438	0.0
201.8868346462094	0.0
201.89683548014443	0.0
201.90683631407944	0.0
201.91683714801445	0.0
201.9268379819495	0.0
201.9368388158845	0.0
201.9468396498195	0.0
201.95684048375452	0.0
201.96684131768956	0.0
201.97684215162457	0.0
201.98684298555958	0.0
201.99684381949461	0.0
202.00684465342962	0.0
202.01684548736463	0.0
202.02684632129964	0.0
202.03684715523468	0.0
202.0468479891697	0.0
202.0568488231047	0.0
202.06684965703974	0.0
202.07685049097475	0.0
202.08685132490976	0.0
202.0968521588448	0.0
202.1068529927798	0.0
202.11685382671482	0.0
202.12685466064983	0.0
202.13685549458486	0.0
202.14685632851987	0.0
202.15685716245488	0.0
202.16685799638992	0.0
202.17685883032493	0.0
202.18685966425994	0.0
202.19686049819495	0.0
202.20686133213	0.0
202.216862166065	0.0
202.226863	0.0
202.23686383393505	0.0
202.24686466787006	0.0
202.25686550180507	0.0
202.2668663357401	0.0
202.2768671696751	0.0
202.28686800361012	0.0
202.29686883754513	0.0
202.30686967148017	0.0
202.31687050541518	0.0
202.3268713393502	0.0
202.33687217328523	0.0
202.34687300722024	0.0
202.35687384115525	0.0
202.36687467509026	0.0
202.3768755090253	0.0
202.3868763429603	0.0
202.39687717689532	0.0
202.40687801083035	0.0
202.41687884476536	0.0
202.42687967870037	0.0
202.4368805126354	0.0
202.44688134657042	0.0
202.45688218050543	0.0
202.46688301444044	0.0
202.47688384837548	0.0
202.4868846823105	0.0
202.4968855162455	0.0
202.50688635018054	0.0
202.51688718411555	0.0
202.52688801805056	0.0
202.53688885198557	0.0
202.5468896859206	0.0
202.5568905198556	0.0
202.56689135379062	0.0
202.57689218772566	0.0
202.58689302166067	0.0
202.59689385559568	0.0
202.6068946895307	0.0
202.61689552346573	0.0
202.62689635740074	0.0
202.63689719133575	0.0
202.6468980252708	0.0
202.6568988592058	0.0
202.6668996931408	0.0
202.67690052707584	0.0
202.68690136101085	0.0
202.69690219494586	0.0
202.70690302888087	0.0
202.7169038628159	0.0
202.72690469675092	0.0
202.73690553068593	0.0
202.74690636462097	0.0
202.75690719855598	0.0
202.766908032491	0.0
202.776908866426	0.0
202.78690970036104	0.0
202.79691053429605	0.0
202.80691136823106	0.0
202.8169122021661	0.0
202.8269130361011	0.0
202.8369138700361	0.0
202.84691470397115	0.0
202.85691553790616	0.0
202.86691637184117	0.0
202.87691720577618	0.0
202.88691803971122	0.0
202.89691887364623	0.0
202.90691970758124	0.0
202.91692054151628	0.0
202.9269213754513	0.0
202.9369222093863	0.0
202.9469230433213	0.0
202.95692387725634	0.0
202.96692471119135	0.0
202.97692554512636	0.0
202.9869263790614	0.0
202.9969272129964	0.0
203.00692804693142	0.0
203.01692888086646	0.0
203.02692971480147	0.0
203.03693054873648	0.0
203.0469313826715	0.0
203.05693221660653	0.0
203.06693305054154	0.0
203.07693388447655	0.0
203.08693471841158	0.0
203.0969355523466	0.0
203.1069363862816	0.0
203.1169372202166	0.0
203.12693805415165	0.0
203.13693888808666	0.0
203.14693972202167	0.0
203.1569405559567	0.0
203.16694138989172	0.0
203.17694222382673	0.0
203.18694305776174	0.0
203.19694389169678	0.0
203.20694472563179	0.0
203.2169455595668	0.0
203.22694639350183	0.0
203.23694722743684	0.0
203.24694806137185	0.0
203.2569488953069	0.0
203.2669497292419	0.0
203.2769505631769	0.0
203.28695139711192	0.0
203.29695223104696	0.0
203.30695306498197	0.0
203.31695389891698	0.0
203.32695473285202	0.0
203.33695556678703	0.0
203.34695640072204	0.0
203.35695723465705	0.0
203.36695806859208	0.0
203.3769589025271	0.0
203.3869597364621	0.0
203.39696057039714	0.0
203.40696140433215	0.0
203.41696223826716	0.0
203.4269630722022	0.0
203.4369639061372	0.0
203.44696474007222	0.0
203.45696557400723	0.0
203.46696640794227	0.0
203.47696724187728	0.0
203.48696807581229	0.0
203.49696890974732	0.0
203.50696974368233	0.0
203.51697057761734	0.0
203.52697141155235	0.0
203.5369722454874	0.0
203.5469730794224	0.0
203.5569739133574	0.0
203.56697474729245	0.0
203.57697558122746	0.0
203.58697641516247	0.0
203.5969772490975	0.0
203.60697808303252	0.0
203.61697891696753	0.0
203.62697975090254	0.0
203.63698058483757	0.0
203.64698141877258	0.0
203.6569822527076	0.0
203.66698308664263	0.0
203.67698392057764	0.0
203.68698475451265	0.0
203.69698558844766	0.0
203.7069864223827	0.0
203.7169872563177	0.0
203.72698809025272	0.0
203.73698892418776	0.0
203.74698975812277	0.0
203.75699059205778	0.0
203.76699142599279	0.0
203.77699225992782	0.0
203.78699309386283	0.0
203.79699392779784	0.0
203.80699476173288	0.0
203.8169955956679	0.0
203.8269964296029	0.0
203.83699726353794	0.0
203.84699809747295	0.0
203.85699893140796	0.0
203.86699976534297	0.0
203.877000599278	0.0
203.88700143321302	0.0
203.89700226714803	0.0
203.90700310108306	0.0
203.91700393501807	0.0
203.92700476895308	0.0
203.9370056028881	0.0
203.94700643682313	0.0
203.95700727075814	0.0
203.96700810469315	0.0
203.9770089386282	0.0
203.9870097725632	0.0
203.9970106064982	0.0
204.00701144043325	0.0
204.01701227436826	0.0
204.02701310830327	0.0
204.03701394223827	0.0
204.0470147761733	0.0
204.05701561010832	0.0
204.06701644404333	0.0
204.07701727797837	0.0
204.08701811191338	0.0
204.0970189458484	0.0
204.1070197797834	0.0
204.11702061371844	0.0
204.12702144765345	0.0
204.13702228158846	0.0
204.1470231155235	0.0
204.1570239494585	0.0
204.16702478339352	0.0
204.17702561732852	0.0
204.18702645126356	0.0
204.19702728519857	0.0
204.20702811913358	0.0
204.21702895306862	0.0
204.22702978700363	0.0
204.23703062093864	0.0
204.24703145487368	0.0
204.2570322888087	0.0
204.2670331227437	0.0
204.2770339566787	0.0
204.28703479061375	0.0
204.29703562454876	0.0
204.30703645848376	0.0
204.3170372924188	0.0
204.3270381263538	0.0
204.33703896028882	0.0
204.34703979422383	0.0
204.35704062815887	0.0
204.36704146209388	0.0
204.3770422960289	0.0
204.38704312996393	0.0
204.39704396389894	0.0
204.40704479783395	0.0
204.41704563176899	0.0
204.427046465704	0.0
204.437047299639	0.0
204.44704813357401	0.0
204.45704896750905	0.0
204.46704980144406	0.0
204.47705063537907	0.0
204.4870514693141	0.0
204.49705230324912	0.0
204.50705313718413	0.0
204.51705397111914	0.0
204.52705480505418	0.0
204.5370556389892	0.0
204.5470564729242	0.0
204.55705730685924	0.0
204.56705814079424	0.0
204.57705897472925	0.0
204.5870598086643	0.0
204.5970606425993	0.0
204.6070614765343	0.0
204.61706231046932	0.0
204.62706314440436	0.0
204.63706397833937	0.0
204.64706481227438	0.0
204.65706564620942	0.0
204.66706648014443	0.0
204.67706731407944	0.0
204.68706814801445	0.0
204.69706898194949	0.0
204.7070698158845	0.0
204.7170706498195	0.0
204.72707148375454	0.0
204.73707231768955	0.0
204.74707315162456	0.0
204.75707398555957	0.0
204.7670748194946	0.0
204.77707565342962	894.0
204.78707648736463	0.0
204.79707732129967	0.0
204.80707815523468	0.0
204.8170789891697	0.0
204.82707982310473	0.0
204.83708065703973	0.0
204.84708149097474	0.0
204.85708232490975	0.0
204.8670831588448	0.0
204.8770839927798	0.0
204.8870848267148	0.0
204.89708566064985	0.0
204.90708649458486	0.0
204.91708732851987	0.0
204.92708816245488	0.0
204.93708899638992	0.0
204.94708983032493	0.0
204.95709066425994	0.0
204.96709149819497	0.0
204.97709233212998	0.0
204.987093166065	0.0
204.99709400000003	0.0
205.00709483393504	0.0
205.01709566787005	0.0
205.02709650180506	0.0
205.0370973357401	0.0
205.0470981696751	0.0
205.05709900361012	0.0
205.06709983754516	0.0
205.07710067148017	0.0
205.08710150541518	0.0
205.0971023393502	0.0
205.10710317328522	0.0
205.11710400722023	0.0
205.12710484115524	0.0
205.13710567509028	0.0
205.1471065090253	0.0
205.1571073429603	0.0
205.16710817689534	0.0
205.17710901083035	0.0
205.18710984476536	0.0
205.19711067870037	0.0
205.2071115126354	0.0
205.21711234657042	0.0
205.22711318050543	0.0
205.23711401444046	0.0
205.24711484837547	0.0
205.25711568231048	0.0
205.2671165162455	0.0
205.27711735018053	0.0
205.28711818411554	0.0
205.29711901805055	0.0
205.3071198519856	0.0
205.3171206859206	0.0
205.3271215198556	0.0
205.33712235379062	0.0
205.34712318772566	0.0
205.35712402166067	0.0
205.36712485559568	0.0
205.37712568953071	0.0
205.38712652346572	0.0
205.39712735740073	0.0
205.40712819133577	0.0
205.41712902527078	0.0
205.4271298592058	0.0
205.4371306931408	0.0
205.44713152707584	0.0
205.45713236101085	0.0
205.46713319494586	0.0
205.4771340288809	0.0
205.4871348628159	0.0
205.49713569675092	0.0
205.50713653068593	0.0
205.51713736462096	0.0
205.52713819855597	0.0
205.53713903249098	0.0
205.54713986642602	0.0
205.55714070036103	0.0
205.56714153429604	0.0
205.57714236823108	0.0
205.5871432021661	0.0
205.5971440361011	0.0
205.6071448700361	0.0
205.61714570397115	0.0
205.62714653790616	0.0
205.63714737184117	0.0
205.6471482057762	0.0
205.65714903971121	0.0
205.66714987364622	0.0
205.67715070758123	0.0
205.68715154151627	0.0
205.69715237545128	402.0
205.7071532093863	407.0
205.71715404332133	412.0
205.72715487725634	417.0
205.73715571119135	417.0
205.7471565451264	421.0
205.7571573790614	421.0
205.7671582129964	421.0
205.77715904693142	421.0
205.78715988086645	417.0
205.79716071480146	0.0
205.80716154873647	0.0
205.8171623826715	0.0
205.82716321660652	0.0
205.83716405054153	0.0
205.84716488447654	0.0
205.85716571841158	0.0
205.8671665523466	0.0
205.8771673862816	0.0
205.88716822021664	0.0
205.89716905415165	0.0
205.90716988808666	0.0
205.91717072202167	0.0
205.9271715559567	393.0
205.9371723898917	0.0
205.94717322382672	0.0
205.95717405776176	0.0
205.96717489169677	0.0
205.97717572563178	0.0
205.98717655956682	0.0
205.99717739350183	0.0
206.00717822743684	0.0
206.01717906137185	0.0
206.0271798953069	0.0
206.0371807292419	0.0
206.0471815631769	0.0
206.05718239711194	0.0
206.06718323104695	0.0
206.07718406498196	0.0
206.08718489891697	0.0
206.097185732852	0.0
206.10718656678702	0.0
206.11718740072203	0.0
206.12718823465707	0.0
206.13718906859208	0.0
206.1471899025271	0.0
206.15719073646213	0.0
206.16719157039714	0.0
206.17719240433215	0.0
206.18719323826716	0.0
206.1971940722022	0.0
206.2071949061372	0.0
206.2171957400722	0.0
206.22719657400725	0.0
206.23719740794226	0.0
206.24719824187727	0.0
206.25719907581228	0.0
206.26719990974732	0.0
206.27720074368233	0.0
206.28720157761734	0.0
206.29720241155238	0.0
206.3072032454874	0.0
206.3172040794224	0.0
206.3272049133574	0.0
206.33720574729244	0.0
206.34720658122745	0.0
206.35720741516246	0.0
206.3672082490975	0.0
206.3772090830325	0.0
206.38720991696752	0.0
206.39721075090256	0.0
206.40721158483757	0.0
206.41721241877258	0.0
206.4272132527076	0.0
206.43721408664263	0.0
206.44721492057764	0.0
206.45721575451265	0.0
206.46721658844768	0.0
206.4772174223827	0.0
206.4872182563177	0.0
206.4972190902527	0.0
206.50721992418775	0.0
206.51722075812276	0.0
206.52722159205777	0.0
206.5372224259928	0.0
206.54722325992782	0.0
206.55722409386283	0.0
206.56722492779787	0.0
206.57722576173288	0.0
206.5872265956679	0.0
206.5972274296029	0.0
206.60722826353793	0.0
206.61722909747294	0.0
206.62722993140795	0.0
206.637230765343	0.0
206.647231599278	0.0
206.657232433213	0.0
206.66723326714802	0.0
206.67723410108306	0.0
206.68723493501807	0.0
206.69723576895308	0.0
206.70723660288812	0.0
206.71723743682313	0.0
206.72723827075814	0.0
206.73723910469317	0.0
206.74723993862818	0.0
206.7572407725632	0.0
206.7672416064982	0.0
206.77724244043324	0.0
206.78724327436825	0.0
206.79724410830326	0.0
206.8072449422383	0.0
206.8172457761733	0.0
206.82724661010832	0.0
206.83724744404333	0.0
206.84724827797837	0.0
206.85724911191338	0.0
206.86724994584839	0.0
206.87725077978342	0.0
206.88725161371843	0.0
206.89725244765344	0.0
206.90725328158845	0.0
206.9172541155235	0.0
206.9272549494585	0.0
206.9372557833935	0.0
206.94725661732855	0.0
206.95725745126356	0.0
206.96725828519857	0.0
206.9772591191336	0.0
206.98725995306862	0.0
206.99726078700363	0.0
207.00726162093864	0.0
207.01726245487367	0.0
207.02726328880868	0.0
207.0372641227437	0.0
207.04726495667873	0.0
207.05726579061374	0.0
207.06726662454875	0.0
207.07726745848376	0.0
207.0872682924188	0.0
207.0972691263538	0.0
207.10726996028882	0.0
207.11727079422386	0.0
207.12727162815887	0.0
207.13727246209388	0.0
207.1472732960289	0.0
207.15727412996392	0.0
207.16727496389893	0.0
207.17727579783394	0.0
207.18727663176898	0.0
207.197277465704	0.0
207.207278299639	0.0
207.21727913357404	0.0
207.22727996750905	0.0
207.23728080144406	0.0
207.24728163537907	0.0
207.2572824693141	0.0
207.26728330324912	0.0
207.27728413718413	0.0
207.28728497111916	0.0
207.29728580505417	0.0
207.30728663898918	0.0
207.31728747292422	0.0
207.32728830685923	0.0
207.33728914079424	0.0
207.34728997472925	0.0
207.3572908086643	0.0
207.3672916425993	0.0
207.3772924765343	0.0
207.38729331046935	0.0
207.39729414440436	0.0
207.40729497833937	0.0
207.41729581227438	0.0
207.4272966462094	0.0
207.43729748014442	0.0
207.44729831407943	0.0
207.45729914801447	0.0
207.46729998194948	0.0
207.4773008158845	0.0
207.4873016498195	0.0
207.49730248375454	0.0
207.50730331768955	0.0
207.51730415162456	0.0
207.5273049855596	0.0
207.5373058194946	0.0
207.54730665342962	0.0
207.55730748736465	0.0
207.56730832129966	0.0
207.57730915523467	0.0
207.58730998916968	0.0
207.59731082310472	0.0
207.60731165703973	0.0
207.61731249097474	0.0
207.62731332490978	0.0
207.6373141588448	0.0
207.6473149927798	0.0
207.6573158267148	0.0
207.66731666064985	0.0
207.67731749458486	0.0
207.68731832851986	0.0
207.6973191624549	0.0
207.7073199963899	0.0
207.71732083032492	0.0
207.72732166425996	0.0
207.73732249819497	0.0
207.74732333212998	0.0
207.757324166065	0.0
207.76732500000003	0.0
207.77732583393504	0.0
207.78732666787005	0.0
207.79732750180509	0.0
207.8073283357401	0.0
207.8173291696751	0.0
207.82733000361011	0.0
207.83733083754515	0.0
207.84733167148016	0.0
207.85733250541517	0.0
207.8673333393502	0.0
207.87733417328522	0.0
207.88733500722023	0.0
207.89733584115527	0.0
207.90733667509028	0.0
207.9173375090253	0.0
207.9273383429603	0.0
207.93733917689534	0.0
207.94734001083035	0.0
207.95734084476535	0.0
207.9673416787004	0.0
207.9773425126354	0.0
207.9873433465704	0.0
207.99734418050542	0.0
208.00734501444046	0.0
208.01734584837547	0.0
208.02734668231048	0.0
208.03734751624552	0.0
208.04734835018053	0.0
208.05734918411554	0.0
208.06735001805055	0.0
208.07735085198559	0.0
208.0873516859206	0.0
208.0973525198556	0.0
208.10735335379064	0.0
208.11735418772565	0.0
208.12735502166066	0.0
208.1373558555957	0.0
208.1473566895307	0.0
208.15735752346572	0.0
208.16735835740073	0.0
208.17735919133577	0.0
208.18736002527078	0.0
208.1973608592058	0.0
208.20736169314083	0.0
208.21736252707584	0.0
208.22736336101084	0.0
208.23736419494585	0.0
208.2473650288809	0.0
208.2573658628159	0.0
208.2673666967509	0.0
208.27736753068595	0.0
208.28736836462096	0.0
208.29736919855597	0.0
208.307370032491	0.0
208.31737086642602	0.0
208.32737170036103	0.0
208.33737253429604	0.0
208.34737336823108	0.0
208.35737420216608	0.0
208.3673750361011	0.0
208.37737587003613	0.0
208.38737670397114	0.0
208.39737753790615	0.0
208.40737837184116	0.0
208.4173792057762	0.0
208.4273800397112	0.0
208.43738087364622	0.0
208.44738170758126	0.0
208.45738254151627	0.0
208.46738337545128	0.0
208.4773842093863	0.0
208.48738504332132	0.0
208.49738587725633	0.0
208.50738671119134	0.0
208.51738754512638	0.0
208.5273883790614	0.0
208.5373892129964	0.0
208.54739004693144	0.0
208.55739088086645	0.0
208.56739171480146	0.0
208.57739254873647	0.0
208.5873933826715	0.0
208.59739421660652	0.0
208.60739505054153	0.0
208.61739588447657	0.0
208.62739671841157	0.0
208.63739755234658	0.0
208.6473983862816	0.0
208.65739922021663	0.0
208.66740005415164	0.0
208.67740088808665	0.0
208.6874017220217	0.0
208.6974025559567	0.0
208.7074033898917	0.0
208.71740422382675	0.0
208.72740505776176	0.0
208.73740589169677	0.0
208.74740672563178	0.0
208.75740755956681	0.0
208.76740839350182	0.0
208.77740922743683	0.0
208.78741006137187	0.0
208.79741089530688	0.0
208.8074117292419	0.0
208.8174125631769	0.0
208.82741339711194	0.0
208.83741423104695	0.0
208.84741506498196	0.0
208.857415898917	0.0
208.867416732852	0.0
208.87741756678702	0.0
208.88741840072205	0.0
208.89741923465706	0.0
208.90742006859207	0.0
208.91742090252708	0.0
208.92742173646212	0.0
208.93742257039713	0.0
208.94742340433214	0.0
208.95742423826718	0.0
208.9674250722022	0.0
208.9774259061372	0.0
208.9874267400722	0.0
208.99742757400725	0.0
209.00742840794226	0.0
209.01742924187727	0.0
209.0274300758123	0.0
209.03743090974731	0.0
209.04743174368232	0.0
209.05743257761733	0.0
209.06743341155237	0.0
209.07743424548738	0.0
209.0874350794224	0.0
209.09743591335743	0.0
209.10743674729244	0.0
209.11743758122745	0.0
209.1274384151625	0.0
209.1374392490975	0.0
209.1474400830325	0.0
209.15744091696752	0.0
209.16744175090255	0.0
209.17744258483756	0.0
209.18744341877257	0.0
209.1974442527076	0.0
209.20744508664262	0.0
209.21744592057763	0.0
209.22744675451264	0.0
209.23744758844768	0.0
209.2474484223827	0.0
209.2574492563177	0.0
209.26745009025274	0.0
209.27745092418775	0.0
209.28745175812276	0.0
209.2974525920578	0.0
209.3074534259928	0.0
209.3174542599278	0.0
209.32745509386282	0.0
209.33745592779786	0.0
209.34745676173287	0.0
209.35745759566788	0.0
209.36745842960292	0.0
209.37745926353793	0.0
209.38746009747294	0.0
209.39746093140795	0.0
209.407461765343	0.0
209.417462599278	0.0
209.427463433213	0.0
209.43746426714804	0.0
209.44746510108305	0.0
209.45746593501806	0.0
209.4674667689531	0.0
209.4774676028881	0.0
209.48746843682312	0.0
209.49746927075813	0.0
209.50747010469317	0.0
209.51747093862818	0.0
209.5274717725632	0.0
209.53747260649823	0.0
209.54747344043324	0.0
209.55747427436825	0.0
209.56747510830326	0.0
209.5774759422383	0.0
209.5874767761733	0.0
209.5974776101083	0.0
209.60747844404335	0.0
209.61747927797836	0.0
209.62748011191337	0.0
209.63748094584838	0.0
209.64748177978342	0.0
209.65748261371843	0.0
209.66748344765344	0.0
209.67748428158848	0.0
209.6874851155235	0.0
209.6974859494585	0.0
209.70748678339353	0.0
209.71748761732854	0.0
209.72748845126355	0.0
209.73748928519856	0.0
209.7474901191336	0.0
209.7574909530686	0.0
209.76749178700362	0.0
209.77749262093866	0.0
209.78749345487367	0.0
209.79749428880868	0.0
209.8074951227437	0.0
209.81749595667873	0.0
209.82749679061374	0.0
209.83749762454875	0.0
209.84749845848378	0.0
209.8574992924188	0.0
209.8675001263538	0.0
209.87750096028884	0.0
209.88750179422385	0.0
209.89750262815886	0.0
209.90750346209387	0.0
209.9175042960289	0.0
209.92750512996392	0.0
209.93750596389893	0.0
209.94750679783397	0.0
209.95750763176898	0.0
209.967508465704	0.0
209.977509299639	0.0
209.98751013357403	0.0
209.99751096750904	0.0
210.00751180144405	0.0
210.0175126353791	0.0
210.0275134693141	0.0
210.0375143032491	0.0
210.04751513718415	0.0
210.05751597111916	0.0
210.06751680505417	0.0
210.07751763898918	0.0
210.08751847292422	0.0
210.09751930685923	0.0
210.10752014079424	0.0
210.11752097472927	0.0
210.12752180866428	0.0
210.1375226425993	0.0
210.1475234765343	0.0
210.15752431046934	0.0
210.16752514440435	0.0
210.17752597833936	0.0
210.1875268122744	0.0
210.1975276462094	0.0
210.20752848014442	0.0
210.21752931407943	0.0
210.22753014801447	0.0
210.23753098194948	0.0
210.24753181588449	0.0
210.25753264981952	0.0
210.26753348375453	0.0
210.27753431768954	0.0
210.28753515162458	0.0
210.2975359855596	0.0
210.3075368194946	0.0
210.3175376534296	0.0
210.32753848736465	0.0
210.33753932129966	0.0
210.34754015523467	0.0
210.3575409891697	0.0
210.36754182310472	0.0
210.37754265703973	0.0
210.38754349097474	0.0
210.39754432490977	0.0
210.40754515884478	0.0
210.4175459927798	0.0
210.42754682671483	0.0
210.43754766064984	0.0
210.44754849458485	0.0
210.4575493285199	0.0
210.4675501624549	0.0
210.4775509963899	0.0
210.48755183032492	0.0
210.49755266425996	0.0
210.50755349819497	0.0
210.51755433212998	0.0
210.527555166065	0.0
210.53755600000002	0.0
210.54755683393503	0.0
210.55755766787004	0.0
210.56755850180508	0.0
210.5775593357401	0.0
210.5875601696751	0.0
210.59756100361014	0.0
210.60756183754515	0.0
210.61756267148016	0.0
210.6275635054152	0.0
210.6375643393502	0.0
210.64756517328522	0.0
210.65756600722023	0.0
210.66756684115526	0.0
210.67756767509027	0.0
210.68756850902528	0.0
210.69756934296032	0.0
210.70757017689533	0.0
210.71757101083034	0.0
210.72757184476535	0.0
210.7375726787004	0.0
210.7475735126354	0.0
210.7575743465704	0.0
210.76757518050545	0.0
210.77757601444046	0.0
210.78757684837547	0.0
210.79757768231048	0.0
210.8075785162455	0.0
210.81757935018052	0.0
210.82758018411553	0.0
210.83758101805057	0.0
210.84758185198558	0.0
210.8575826859206	0.0
210.86758351985563	0.0
210.87758435379064	0.0
210.88758518772565	0.0
210.89758602166066	0.0
210.9075868555957	0.0
210.9175876895307	0.0
210.92758852346572	0.0
210.93758935740075	0.0
210.94759019133576	0.0
210.95759102527077	0.0
210.96759185920578	0.0
210.97759269314082	0.0
210.98759352707583	0.0
210.99759436101084	0.0
211.00759519494588	0.0
211.0175960288809	0.0
211.0275968628159	0.0
211.03759769675094	0.0
211.04759853068595	0.0
211.05759936462096	0.0
211.06760019855597	0.0
211.077601032491	0.0
211.087601866426	0.0
211.09760270036102	0.0
211.10760353429606	0.0
211.11760436823107	0.0
211.12760520216608	0.0
211.1376060361011	0.0
211.14760687003613	0.0
211.15760770397114	0.0
211.16760853790615	0.0
211.17760937184119	0.0
211.1876102057762	0.0
211.1976110397112	0.0
211.20761187364621	0.0
211.21761270758125	0.0
211.22761354151626	0.0
211.23761437545127	0.0
211.2476152093863	0.0
211.25761604332132	0.0
211.26761687725633	0.0
211.27761771119137	0.0
211.28761854512638	0.0
211.2976193790614	0.0
211.3076202129964	0.0
211.31762104693144	0.0
211.32762188086645	0.0
211.33762271480146	0.0
211.3476235487365	0.0
211.3576243826715	0.0
211.3676252166065	0.0
211.37762605054152	0.0
211.38762688447656	0.0
211.39762771841157	0.0
211.40762855234658	0.0
211.41762938628162	0.0
211.42763022021663	0.0
211.43763105415164	0.0
211.44763188808668	0.0
211.45763272202169	0.0
211.4676335559567	0.0
211.4776343898917	0.0
211.48763522382674	0.0
211.49763605776175	0.0
211.50763689169676	0.0
211.5176377256318	0.0
211.5276385595668	0.0
211.53763939350182	0.0
211.54764022743683	0.0
211.55764106137187	0.0
211.56764189530688	0.0
211.5776427292419	0.0
211.58764356317693	0.0
211.59764439711194	0.0
211.60764523104694	0.0
211.61764606498198	0.0
211.627646898917	0.0
211.637647732852	0.0
211.647648566787	0.0
211.65764940072205	0.0
211.66765023465706	0.0
211.67765106859207	0.0
211.6876519025271	0.0
211.69765273646212	0.0
211.70765357039713	0.0
211.71765440433214	0.0
211.72765523826718	0.0
211.73765607220218	0.0
211.7476569061372	0.0
211.75765774007223	0.0
211.76765857400724	0.0
211.77765940794225	0.0
211.78766024187726	0.0
211.7976610758123	0.0
211.8076619097473	0.0
211.81766274368232	0.0
211.82766357761736	0.0
211.83766441155237	0.0
211.84766524548738	0.0
211.85766607942242	0.0
211.86766691335743	0.0
211.87766774729243	0.0
211.88766858122744	0.0
211.89766941516248	0.0
211.9076702490975	0.0
211.9176710830325	0.0
211.92767191696754	0.0
211.93767275090255	0.0
211.94767358483756	0.0
211.95767441877257	0.0
211.9676752527076	0.0
211.97767608664262	0.0
211.98767692057763	0.0
211.99767775451267	0.0
212.00767858844767	0.0
212.01767942238268	0.0
212.02768025631772	0.0
212.03768109025273	0.0
212.04768192418774	0.0
212.05768275812275	0.0
212.0676835920578	0.0
212.0776844259928	0.0
212.0876852599278	0.0
212.09768609386285	0.0
212.10768692779786	0.0
212.11768776173287	0.0
212.12768859566788	0.0
212.13768942960291	0.0
212.14769026353792	0.0
212.15769109747293	0.0
212.16769193140797	0.0
212.17769276534298	0.0
212.187693599278	0.0
212.19769443321303	0.0
212.20769526714804	0.0
212.21769610108305	0.0
212.22769693501806	669.0
212.2376977689531	662.0
212.2476986028881	662.0
212.25769943682312	654.0
212.26770027075816	654.0
212.27770110469316	654.0
212.28770193862817	654.0
212.29770277256318	0.0
212.30770360649822	0.0
212.31770444043323	0.0
212.32770527436824	0.0
212.33770610830328	0.0
212.3477069422383	0.0
212.3577077761733	0.0
212.3677086101083	0.0
212.37770944404335	0.0
212.38771027797836	0.0
212.39771111191337	0.0
212.4077119458484	0.0
212.41771277978341	0.0
212.42771361371842	0.0
212.43771444765346	0.0
212.44771528158847	0.0
212.45771611552348	0.0
212.4677169494585	0.0
212.47771778339353	0.0
212.48771861732854	0.0
212.49771945126355	0.0
212.5077202851986	0.0
212.5177211191336	0.0
212.5277219530686	0.0
212.53772278700362	0.0
212.54772362093865	0.0
212.55772445487366	0.0
212.56772528880867	0.0
212.5777261227437	0.0
212.58772695667872	0.0
212.59772779061373	0.0
212.60772862454877	0.0
212.61772945848378	0.0
212.6277302924188	0.0
212.6377311263538	0.0
212.64773196028884	0.0
212.65773279422385	0.0
212.66773362815886	0.0
212.6777344620939	0.0
212.6877352960289	0.0
212.6977361299639	0.0
212.70773696389892	0.0
212.71773779783396	0.0
212.72773863176897	0.0
212.73773946570398	0.0
212.74774029963902	0.0
212.75774113357403	0.0
212.76774196750904	0.0
212.77774280144408	0.0
212.7877436353791	0.0
212.7977444693141	0.0
212.8077453032491	0.0
212.81774613718414	0.0
212.82774697111915	0.0
212.83774780505416	0.0
212.8477486389892	0.0
212.8577494729242	0.0
212.86775030685922	0.0
212.87775114079423	0.0
212.88775197472927	0.0
212.89775280866428	0.0
212.9077536425993	0.0
212.91775447653433	0.0
212.92775531046934	0.0
212.93775614440435	0.0
212.94775697833936	0.0
212.9577578122744	0.0
212.9677586462094	0.0
212.9777594801444	0.0
212.98776031407945	0.0
212.99776114801446	0.0
213.00776198194947	0.0
213.0177628158845	0.0
213.02776364981952	0.0
213.03776448375453	0.0
213.04776531768954	0.0
213.05776615162458	0.0
213.0677669855596	0.0
213.0777678194946	0.0
213.08776865342963	0.0
213.09776948736464	0.0
213.10777032129965	0.0
213.11777115523466	0.0
213.1277719891697	0.0
213.1377728231047	0.0
213.14777365703972	0.0
213.15777449097476	371.0
213.16777532490977	384.0
213.17777615884478	389.0
213.18777699277982	393.0
213.19777782671483	398.0
213.20777866064984	402.0
213.21777949458485	407.0
213.22778032851988	407.0
213.2377811624549	407.0
213.2477819963899	402.0
213.25778283032494	398.0
213.26778366425995	393.0
213.27778449819496	393.0
213.28778533212997	363.0
213.297786166065	363.0
213.30778700000002	363.0
213.31778783393503	363.0
213.32778866787007	367.0
213.33778950180508	375.0
213.3477903357401	393.0
213.3577911696751	398.0
213.36779200361013	398.0
213.37779283754514	398.0
213.38779367148015	398.0
213.3977945054152	393.0
213.4077953393502	393.0
213.4177961732852	389.0
213.42779700722025	389.0
213.43779784115526	389.0
213.44779867509027	389.0
213.45779950902528	389.0
213.46780034296032	389.0
213.47780117689533	393.0
213.48780201083034	398.0
213.49780284476537	402.0
213.50780367870038	402.0
213.5178045126354	407.0
213.5278053465704	407.0
213.53780618050544	407.0
213.54780701444045	407.0
213.55780784837546	407.0
213.5678086823105	407.0
213.5778095162455	407.0
213.58781035018052	412.0
213.59781118411556	412.0
213.60781201805057	412.0
213.61781285198558	417.0
213.6278136859206	417.0
213.63781451985562	412.0
213.64781535379063	407.0
213.65781618772564	402.0
213.66781702166068	398.0
213.6778178555957	393.0
213.6878186895307	389.0
213.6978195234657	380.0
213.70782035740075	371.0
213.71782119133576	363.0
213.72782202527077	354.0
213.7378228592058	350.0
213.74782369314082	350.0
213.75782452707583	350.0
213.76782536101086	350.0
213.77782619494587	380.0
213.78782702888088	384.0
213.7978278628159	389.0
213.80782869675093	389.0
213.81782953068594	393.0
213.82783036462095	393.0
213.837831198556	393.0
213.847832032491	393.0
213.857832866426	389.0
213.86783370036102	389.0
213.87783453429606	393.0
213.88783536823107	393.0
213.89783620216608	398.0
213.9078370361011	402.0
213.91783787003612	402.0
213.92783870397113	402.0
213.93783953790614	398.0
213.94784037184118	393.0
213.9578412057762	389.0
213.9678420397112	384.0
213.97784287364624	380.0
213.98784370758125	375.0
213.99784454151626	367.0
214.0078453754513	358.0
214.0178462093863	0.0
214.02784704332132	346.0
214.03784787725633	342.0
214.04784871119136	338.0
214.05784954512637	342.0
214.06785037906138	358.0
214.07785121299642	384.0
214.08785204693143	398.0
214.09785288086644	407.0
214.10785371480145	412.0
214.1178545487365	417.0
214.1278553826715	412.0
214.1378562166065	407.0
214.14785705054155	393.0
214.15785788447656	375.0
214.16785871841157	371.0
214.1778595523466	363.0
214.1878603862816	358.0
214.19786122021662	354.0
214.20786205415163	354.0
214.21786288808667	358.0
214.22786372202168	363.0
214.2378645559567	375.0
214.24786538989173	393.0
214.25786622382674	402.0
214.26786705776175	407.0
214.27786789169676	407.0
214.2878687256318	407.0
214.2978695595668	393.0
214.30787039350182	389.0
214.31787122743685	375.0
214.32787206137186	367.0
214.33787289530687	363.0
214.3478737292419	358.0
214.35787456317692	358.0
214.36787539711193	363.0
214.37787623104694	375.0
214.38787706498198	389.0
214.397877898917	398.0
214.407878732852	398.0
214.41787956678704	398.0
214.42788040072205	393.0
214.43788123465706	389.0
214.44788206859207	375.0
214.4578829025271	367.0
214.4678837364621	358.0
214.47788457039712	354.0
214.48788540433216	358.0
214.49788623826717	389.0
214.50788707220218	398.0
214.5178879061372	576.0
214.52788874007223	576.0
214.53788957400724	576.0
214.54789040794225	544.0
214.5578912418773	490.0
214.5678920758123	452.0
214.5778929097473	421.0
214.58789374368234	0.0
214.59789457761735	0.0
214.60789541155236	0.0
214.61789624548737	0.0
214.6278970794224	0.0
214.63789791335742	0.0
214.64789874729243	0.0
214.65789958122747	0.0
214.66790041516248	0.0
214.6779012490975	0.0
214.6879020830325	0.0
214.69790291696754	0.0
214.70790375090255	0.0
214.71790458483756	402.0
214.7279054187726	402.0
214.7379062527076	402.0
214.7479070866426	407.0
214.75790792057765	407.0
214.76790875451266	402.0
214.77790958844767	402.0
214.78791042238268	402.0
214.79791125631772	407.0
214.80791209025273	412.0
214.81791292418774	417.0
214.82791375812278	417.0
214.83791459205779	421.0
214.8479154259928	417.0
214.8579162599278	417.0
214.86791709386284	412.0
214.87791792779785	407.0
214.88791876173286	398.0
214.8979195956679	398.0
214.9079204296029	393.0
214.91792126353792	393.0
214.92792209747296	389.0
214.93792293140797	389.0
214.94792376534298	389.0
214.957924599278	389.0
214.96792543321303	389.0
214.97792626714804	389.0
214.98792710108305	389.0
214.99792793501808	393.0
215.0079287689531	393.0
215.0179296028881	393.0
215.0279304368231	393.0
215.03793127075815	398.0
215.04793210469316	398.0
215.05793293862817	389.0
215.0679337725632	389.0
215.07793460649822	393.0
215.08793544043323	398.0
215.09793627436824	402.0
215.10793710830328	407.0
215.11793794223829	407.0
215.1279387761733	412.0
215.13793961010833	412.0
215.14794044404334	407.0
215.15794127797835	398.0
215.1679421119134	393.0
215.1779429458484	393.0
215.1879437797834	393.0
215.19794461371842	398.0
215.20794544765346	402.0
215.21794628158847	402.0
215.22794711552348	407.0
215.23794794945852	407.0
215.24794878339353	407.0
215.25794961732853	402.0
215.26795045126354	402.0
215.27795128519858	398.0
215.2879521191336	398.0
215.2979529530686	398.0
215.30795378700364	398.0
215.31795462093865	402.0
215.32795545487366	402.0
215.3379562888087	402.0
215.3479571227437	407.0
215.35795795667872	407.0
215.36795879061373	407.0
215.37795962454877	407.0
215.38796045848378	398.0
215.39796129241878	389.0
215.40796212635382	380.0
215.41796296028883	371.0
215.42796379422384	367.0
215.43796462815885	367.0
215.4479654620939	367.0
215.4579662960289	375.0
215.4679671299639	380.0
215.47796796389895	384.0
215.48796879783396	389.0
215.49796963176897	389.0
215.50797046570398	384.0
215.51797129963902	375.0
215.52797213357402	363.0
215.53797296750903	363.0
215.54797380144407	363.0
215.55797463537908	363.0
215.5679754693141	319.0
215.57797630324913	316.0
215.58797713718414	316.0
215.59797797111915	316.0
215.60797880505416	316.0
215.6179796389892	316.0
215.6279804729242	316.0
215.63798130685922	316.0
215.64798214079426	316.0
215.65798297472926	316.0
215.66798380866427	316.0
215.67798464259928	316.0
215.68798547653432	316.0
215.69798631046933	319.0
215.70798714440434	319.0
215.71798797833938	319.0
215.7279888122744	316.0
215.7379896462094	316.0
215.74799048014444	316.0
215.75799131407945	316.0
215.76799214801446	319.0
215.77799298194947	319.0
215.7879938158845	319.0
215.79799464981951	323.0
215.80799548375452	323.0
215.81799631768956	319.0
215.82799715162457	319.0
215.83799798555958	319.0
215.8479988194946	319.0
215.85799965342963	319.0
215.86800048736464	319.0
215.87800132129965	319.0
215.8880021552347	316.0
215.8980029891697	312.0
215.9080038231047	312.0
215.91800465703975	312.0
215.92800549097475	308.0
215.93800632490976	308.0
215.94800715884477	308.0
215.9580079927798	308.0
215.96800882671482	312.0
215.97800966064983	316.0
215.98801049458487	319.0
215.99801132851988	319.0
216.0080121624549	319.0
216.0180129963899	316.0
216.02801383032494	316.0
216.03801466425995	316.0
216.04801549819496	316.0
216.05801633213	316.0
216.068017166065	316.0
216.07801800000001	316.0
216.08801883393502	319.0
216.09801966787006	319.0
216.10802050180507	319.0
216.11802133574008	319.0
216.12802216967512	319.0
216.13802300361013	316.0
216.14802383754514	316.0
216.15802467148018	316.0
216.1680255054152	316.0
216.1780263393502	319.0
216.1880271732852	319.0
216.19802800722024	316.0
216.20802884115525	0.0
216.21802967509026	583.0
216.2280305090253	563.0
216.2380313429603	544.0
216.24803217689532	281.0
216.25803301083033	278.0
216.26803384476537	284.0
216.27803467870038	0.0
216.2880355126354	0.0
216.29803634657043	0.0
216.30803718050544	0.0
216.31803801444045	0.0
216.32803884837548	0.0
216.3380396823105	0.0
216.3480405162455	0.0
216.3580413501805	0.0
216.36804218411555	0.0
216.37804301805056	0.0
216.38804385198557	0.0
216.3980446859206	281.0
216.40804551985562	284.0
216.41804635379063	284.0
216.42804718772564	272.0
216.43804802166068	272.0
216.4480488555957	268.0
216.4580496895307	268.0
216.46805052346573	268.0
216.47805135740074	268.0
216.48805219133575	272.0
216.4980530252708	275.0
216.5080538592058	278.0
216.5180546931408	278.0
216.52805552707582	278.0
216.53805636101086	272.0
216.54805719494587	265.0
216.55805802888088	259.0
216.56805886281592	250.0
216.57805969675093	248.0
216.58806053068594	245.0
216.59806136462095	242.0
216.60806219855598	239.0
216.618063032491	236.0
216.628063866426	234.0
216.63806470036104	234.0
216.64806553429605	239.0
216.65806636823106	0.0
216.66806720216607	0.0
216.6780680361011	0.0
216.68806887003612	0.0
216.69806970397113	0.0
216.70807053790617	0.0
216.71807137184118	346.0
216.7280722057762	342.0
216.73807303971122	334.0
216.74807387364623	0.0
216.75807470758124	0.0
216.76807554151625	0.0
216.7780763754513	0.0
216.7880772093863	0.0
216.7980780433213	0.0
216.80807887725635	0.0
216.81807971119136	0.0
216.82808054512637	0.0
216.83808137906138	0.0
216.84808221299642	0.0
216.85808304693143	0.0
216.86808388086644	0.0
216.87808471480147	0.0
216.88808554873648	0.0
216.8980863826715	0.0
216.90808721660653	0.0
216.91808805054154	0.0
216.92808888447655	0.0
216.93808971841156	0.0
216.9480905523466	0.0
216.9580913862816	0.0
216.96809222021662	0.0
216.97809305415166	312.0
216.98809388808667	298.0
216.99809472202168	284.0
217.0080955559567	268.0
217.01809638989172	256.0
217.02809722382673	250.0
217.03809805776174	248.0
217.04809889169678	250.0
217.0580997256318	250.0
217.0681005595668	253.0
217.07810139350184	259.0
217.08810222743685	265.0
217.09810306137186	265.0
217.10810389530687	0.0
217.1181047292419	0.0
217.12810556317692	0.0
217.13810639711193	0.0
217.14810723104696	0.0
217.15810806498197	0.0
217.16810889891698	0.0
217.178109732852	0.0
217.18811056678703	0.0
217.19811140072204	312.0
217.20811223465705	316.0
217.2181130685921	316.0
217.2281139025271	316.0
217.2381147364621	312.0
217.24811557039712	312.0
217.25811640433216	312.0
217.26811723826717	312.0
217.27811807220218	312.0
217.2881189061372	312.0
217.29811974007222	316.0
217.30812057400723	316.0
217.31812140794227	319.0
217.32812224187728	319.0
217.3381230758123	323.0
217.3481239097473	323.0
217.35812474368234	323.0
217.36812557761735	319.0
217.37812641155236	319.0
217.3881272454874	316.0
217.3981280794224	316.0
217.40812891335742	312.0
217.41812974729243	316.0
217.42813058122746	323.0
217.43813141516247	0.0
217.44813224909748	350.0
217.45813308303252	371.0
217.46813391696753	375.0
217.47813475090254	380.0
217.48813558483758	384.0
217.4981364187726	402.0
217.5081372527076	426.0
217.5181380866426	426.0
217.52813892057765	417.0
217.53813975451266	407.0
217.54814058844767	0.0
217.5581414223827	0.0
217.5681422563177	0.0
217.57814309025272	0.0
217.58814392418773	0.0
217.59814475812277	0.0
217.60814559205778	0.0
217.6181464259928	363.0
217.62814725992783	367.0
217.63814809386284	371.0
217.64814892779785	380.0
217.6581497617329	389.0
217.6681505956679	398.0
217.6781514296029	402.0
217.68815226353792	402.0
217.69815309747295	398.0
217.70815393140796	389.0
217.71815476534297	384.0
217.728155599278	380.0
217.73815643321302	380.0
217.74815726714803	354.0
217.75815810108304	354.0
217.76815893501808	363.0
217.7781597689531	380.0
217.7881606028881	389.0
217.79816143682314	398.0
217.80816227075815	398.0
217.81816310469316	398.0
217.82816393862817	393.0
217.8381647725632	393.0
217.8481656064982	389.0
217.85816644043322	389.0
217.86816727436826	384.0
217.87816810830327	389.0
217.88816894223828	389.0
217.89816977617332	393.0
217.90817061010833	402.0
217.91817144404334	407.0
217.92817227797835	402.0
217.9381731119134	402.0
217.9481739458484	398.0
217.9581747797834	398.0
217.96817561371844	393.0
217.97817644765345	393.0
217.98817728158846	393.0
217.99817811552347	398.0
218.0081789494585	402.0
218.01817978339352	402.0
218.02818061732853	402.0
218.03818145126357	402.0
218.04818228519858	393.0
218.0581831191336	389.0
218.06818395306863	380.0
218.07818478700364	354.0
218.08818562093865	350.0
218.09818645487366	350.0
218.1081872888087	354.0
218.1181881227437	380.0
218.1281889566787	384.0
218.13818979061375	384.0
218.14819062454876	380.0
218.15819145848377	380.0
218.16819229241878	0.0
218.17819312635382	0.0
218.18819396028883	354.0
218.19819479422384	354.0
218.20819562815888	354.0
218.21819646209389	342.0
218.2281972960289	327.0
218.2381981299639	327.0
218.24819896389894	323.0
218.25819979783395	323.0
218.26820063176896	319.0
218.278201465704	319.0
218.288202299639	319.0
218.29820313357402	323.0
218.30820396750906	323.0
218.31820480144407	0.0
218.32820563537908	350.0
218.3382064693141	358.0
218.34820730324913	363.0
218.35820813718414	375.0
218.36820897111915	384.0
218.37820980505418	407.0
218.3882106389892	426.0
218.3982114729242	421.0
218.4082123068592	407.0
218.41821314079425	393.0
218.42821397472926	393.0
218.43821480866427	393.0
218.4482156425993	393.0
218.45821647653432	389.0
218.46821731046933	380.0
218.47821814440437	380.0
218.48821897833938	389.0
218.49821981227439	402.0
218.5082206462094	412.0
218.51822148014443	421.0
218.52822231407944	421.0
218.53822314801445	426.0
218.5482239819495	393.0
218.5582248158845	389.0
218.5682256498195	384.0
218.57822648375452	380.0
218.58822731768956	358.0
218.59822815162457	354.0
218.60822898555958	393.0
218.61822981949462	398.0
218.62823065342963	402.0
218.63823148736464	402.0
218.64823232129967	402.0
218.65823315523468	402.0
218.6682339891697	393.0
218.6782348231047	389.0
218.68823565703974	384.0
218.69823649097475	389.0
218.70823732490976	389.0
218.7182381588448	389.0
218.7282389927798	389.0
218.73823982671482	389.0
218.74824066064983	393.0
218.75824149458487	398.0
218.76824232851988	398.0
218.77824316245488	398.0
218.78824399638992	389.0
218.79824483032493	380.0
218.80824566425994	358.0
218.81824649819495	354.0
218.82824733213	350.0
218.838248166065	350.0
218.848249	367.0
218.85824983393505	384.0
218.86825066787006	393.0
218.87825150180507	402.0
218.8882523357401	407.0
218.89825316967512	407.0
218.90825400361012	407.0
218.91825483754513	407.0
218.92825567148017	402.0
218.93825650541518	402.0
218.9482573393502	407.0
218.95825817328523	479.0
218.96825900722024	496.0
218.97825984115525	501.0
218.98826067509026	501.0
218.9982615090253	501.0
219.0082623429603	484.0
219.01826317689532	468.0
219.02826401083036	426.0
219.03826484476537	412.0
219.04826567870037	412.0
219.0582665126354	412.0
219.06826734657042	412.0
219.07826818050543	412.0
219.08826901444044	412.0
219.09826984837548	417.0
219.1082706823105	417.0
219.1182715162455	417.0
219.12827235018054	412.0
219.13827318411555	407.0
219.14827401805056	402.0
219.15827485198557	398.0
219.1682756859206	398.0
219.17827651985561	398.0
219.18827735379062	402.0
219.19827818772566	402.0
219.20827902166067	412.0
219.21827985559568	417.0
219.22828068953072	421.0
219.23828152346573	417.0
219.24828235740074	412.0
219.25828319133575	402.0
219.2682840252708	402.0
219.2782848592058	398.0
219.2882856931408	393.0
219.29828652707585	393.0
219.30828736101085	393.0
219.31828819494586	393.0
219.32828902888087	393.0
219.3382898628159	398.0
219.34829069675092	402.0
219.35829153068593	402.0
219.36829236462097	398.0
219.37829319855598	393.0
219.388294032491	393.0
219.398294866426	393.0
219.40829570036104	398.0
219.41829653429605	402.0
219.42829736823106	402.0
219.4382982021661	407.0
219.4482990361011	407.0
219.45829987003611	412.0
219.46830070397115	412.0
219.47830153790616	407.0
219.48830237184117	402.0
219.49830320577618	398.0
219.50830403971122	398.0
219.51830487364623	393.0
219.52830570758124	393.0
219.53830654151628	393.0
219.5483073754513	398.0
219.5583082093863	398.0
219.5683090433213	402.0
219.57830987725634	402.0
219.58831071119135	398.0
219.59831154512636	398.0
219.6083123790614	398.0
219.6183132129964	393.0
219.62831404693142	393.0
219.63831488086646	393.0
219.64831571480147	393.0
219.65831654873648	398.0
219.6683173826715	398.0
219.67831821660653	398.0
219.68831905054154	393.0
219.69831988447655	393.0
219.70832071841158	389.0
219.7183215523466	384.0
219.7283223862816	384.0
219.7383232202166	384.0
219.74832405415165	384.0
219.75832488808666	393.0
219.76832572202167	402.0
219.7783265559567	417.0
219.78832738989172	447.0
219.79832822382673	457.0
219.80832905776177	462.0
219.81832989169678	468.0
219.8283307256318	0.0
219.8383315595668	0.0
219.84833239350183	0.0
219.85833322743684	0.0
219.86833406137185	0.0
219.8783348953069	0.0
219.8883357292419	0.0
219.8983365631769	0.0
219.90833739711192	0.0
219.91833823104696	0.0
219.92833906498197	0.0
219.93833989891698	0.0
219.94834073285202	0.0
219.95834156678703	0.0
219.96834240072204	0.0
219.97834323465705	0.0
219.98834406859208	0.0
219.9983449025271	0.0
220.0083457364621	0.0
220.01834657039714	0.0
220.02834740433215	0.0
220.03834823826716	0.0
220.0483490722022	0.0
220.0583499061372	0.0
220.06835074007222	0.0
220.07835157400723	0.0
220.08835240794227	0.0
220.09835324187728	0.0
220.1083540758123	0.0
220.11835490974732	0.0
220.12835574368233	0.0
220.13835657761734	0.0
220.14835741155235	0.0
220.1583582454874	0.0
220.1683590794224	0.0
220.1783599133574	0.0
220.18836074729245	0.0
220.19836158122746	0.0
220.20836241516247	0.0
220.2183632490975	0.0
220.22836408303252	0.0
220.23836491696753	0.0
220.24836575090254	0.0
220.25836658483757	0.0
220.26836741877258	0.0
220.2783682527076	0.0
220.28836908664263	402.0
220.29836992057764	402.0
220.30837075451265	402.0
220.31837158844766	398.0
220.3283724223827	398.0
220.3383732563177	398.0
220.34837409025272	398.0
220.35837492418776	398.0
220.36837575812277	398.0
220.37837659205778	398.0
220.3883774259928	398.0
220.39837825992782	398.0
220.40837909386283	398.0
220.41837992779784	398.0
220.42838076173288	398.0
220.4383815956679	398.0
220.4483824296029	398.0
220.45838326353794	398.0
220.46838409747295	398.0
220.47838493140796	398.0
220.48838576534297	398.0
220.498386599278	398.0
220.50838743321302	398.0
220.51838826714803	398.0
220.52838910108306	398.0
220.53838993501807	398.0
220.54839076895308	398.0
220.5583916028881	398.0
220.56839243682313	398.0
220.57839327075814	398.0
220.58839410469315	398.0
220.5983949386282	398.0
220.6083957725632	398.0
220.6183966064982	398.0
220.62839744043325	398.0
220.63839827436826	398.0
220.64839910830327	398.0
220.65839994223828	398.0
220.6684007761733	398.0
220.67840161010832	398.0
220.68840244404333	398.0
220.69840327797837	398.0
220.70840411191338	398.0
220.7184049458484	398.0
220.7284057797834	398.0
220.73840661371844	398.0
220.74840744765345	398.0
220.75840828158846	402.0
220.7684091155235	402.0
220.7784099494585	402.0
220.78841078339352	402.0
220.79841161732855	398.0
220.80841245126356	398.0
220.81841328519857	398.0
220.82841411913358	398.0
220.83841495306862	398.0
220.84841578700363	398.0
220.85841662093864	398.0
220.86841745487368	398.0
220.8784182888087	398.0
220.8884191227437	398.0
220.8984199566787	393.0
220.90842079061375	393.0
220.91842162454876	393.0
220.92842245848377	393.0
220.9384232924188	398.0
220.9484241263538	398.0
220.95842496028882	398.0
220.96842579422383	398.0
220.97842662815887	398.0
220.98842746209388	398.0
220.9984282960289	398.0
221.00842912996393	398.0
221.01842996389894	398.0
221.02843079783395	398.0
221.038431631769	398.0
221.048432465704	398.0
221.058433299639	393.0
221.06843413357402	393.0
221.07843496750905	393.0
221.08843580144406	393.0
221.09843663537907	393.0
221.1084374693141	393.0
221.11843830324912	393.0
221.12843913718413	398.0
221.13843997111914	398.0
221.14844080505418	398.0
221.1584416389892	398.0
221.1684424729242	398.0
221.17844330685924	398.0
221.18844414079425	398.0
221.19844497472926	398.0
221.2084458086643	398.0
221.2184466425993	402.0
221.2284474765343	398.0
221.23844831046932	398.0
221.24844914440436	393.0
221.25844997833937	384.0
221.26845081227438	380.0
221.27845164620942	389.0
221.28845248014443	393.0
221.29845331407944	393.0
221.30845414801445	398.0
221.3184549819495	398.0
221.3284558158845	398.0
221.3384566498195	398.0
221.34845748375454	393.0
221.35845831768955	393.0
221.36845915162456	393.0
221.3784599855596	393.0
221.3884608194946	393.0
221.39846165342962	393.0
221.40846248736463	393.0
221.41846332129967	398.0
221.42846415523468	398.0
221.4384649891697	398.0
221.44846582310473	398.0
221.45846665703974	398.0
221.46846749097475	398.0
221.47846832490976	398.0
221.4884691588448	398.0
221.4984699927798	398.0
221.5084708267148	398.0
221.51847166064985	398.0
221.52847249458486	398.0
221.53847332851987	398.0
221.54847416245488	398.0
221.55847499638992	393.0
221.56847583032493	393.0
221.57847666425994	393.0
221.58847749819498	393.0
221.59847833213	398.0
221.608479166065	398.0
221.61848000000003	398.0
221.62848083393504	398.0
221.63848166787005	398.0
221.64848250180506	398.0
221.6584833357401	398.0
221.6684841696751	398.0
221.67848500361012	398.0
221.68848583754516	398.0
221.69848667148017	393.0
221.70848750541518	389.0
221.7184883393502	384.0
221.72848917328523	380.0
221.73849000722024	380.0
221.74849084115525	380.0
221.75849167509028	380.0
221.7684925090253	384.0
221.7784933429603	384.0
221.78849417689534	384.0
221.79849501083035	389.0
221.80849584476536	389.0
221.81849667870037	389.0
221.8284975126354	393.0
221.83849834657042	393.0
221.84849918050543	393.0
221.85850001444047	393.0
221.86850084837548	393.0
221.87850168231049	389.0
221.8885025162455	389.0
221.89850335018053	393.0
221.90850418411554	393.0
221.91850501805055	393.0
221.9285058519856	393.0
221.9385066859206	393.0
221.9485075198556	393.0
221.95850835379065	389.0
221.96850918772566	389.0
221.97851002166067	389.0
221.98851085559568	384.0
221.99851168953072	384.0
222.00851252346573	384.0
222.01851335740074	384.0
222.02851419133577	384.0
222.03851502527078	384.0
222.0485158592058	384.0
222.0585166931408	384.0
222.06851752707584	389.0
222.07851836101085	389.0
222.08851919494586	389.0
222.0985200288809	393.0
222.1085208628159	393.0
222.11852169675092	393.0
222.12852253068593	398.0
222.13852336462097	398.0
222.14852419855598	398.0
222.15852503249099	398.0
222.16852586642602	398.0
222.17852670036103	398.0
222.18852753429604	398.0
222.19852836823108	398.0
222.2085292021661	398.0
222.2185300361011	398.0
222.2285308700361	398.0
222.23853170397115	398.0
222.24853253790616	398.0
222.25853337184117	398.0
222.2685342057762	398.0
222.27853503971122	398.0
222.28853587364623	398.0
222.29853670758123	398.0
222.30853754151627	398.0
222.31853837545128	398.0
222.3285392093863	393.0
222.33854004332133	393.0
222.34854087725634	389.0
222.35854171119135	389.0
222.3685425451264	389.0
222.3785433790614	393.0
222.3885442129964	393.0
222.39854504693142	398.0
222.40854588086646	398.0
222.41854671480147	398.0
222.42854754873647	402.0
222.4385483826715	402.0
222.44854921660652	402.0
222.45855005054153	402.0
222.46855088447654	402.0
222.47855171841158	402.0
222.4885525523466	398.0
222.4985533862816	398.0
222.50855422021664	393.0
222.51855505415165	393.0
222.52855588808666	393.0
222.53855672202167	398.0
222.5485575559567	398.0
222.55855838989172	398.0
222.56855922382672	402.0
222.57856005776176	402.0
222.58856089169677	407.0
222.59856172563178	407.0
222.60856255956682	402.0
222.61856339350183	402.0
222.62856422743684	398.0
222.63856506137185	393.0
222.6485658953069	389.0
222.6585667292419	384.0
222.6685675631769	384.0
222.67856839711195	384.0
222.68856923104696	384.0
222.69857006498196	384.0
222.70857089891697	389.0
222.718571732852	389.0
222.72857256678702	393.0
222.73857340072203	398.0
222.74857423465707	398.0
222.75857506859208	393.0
222.7685759025271	393.0
222.77857673646213	393.0
222.78857757039714	393.0
222.79857840433215	393.0
222.80857923826716	398.0
222.8185800722022	398.0
222.8285809061372	398.0
222.83858174007221	398.0
222.84858257400725	398.0
222.85858340794226	398.0
222.86858424187727	398.0
222.87858507581228	398.0
222.88858590974732	398.0
222.89858674368233	398.0
222.90858757761734	398.0
222.91858841155238	398.0
222.9285892454874	398.0
222.9385900794224	398.0
222.94859091335744	398.0
222.95859174729245	398.0
222.96859258122745	398.0
222.97859341516246	398.0
222.9885942490975	398.0
222.9985950830325	398.0
223.00859591696752	393.0
223.01859675090256	393.0
223.02859758483757	393.0
223.03859841877258	393.0
223.0485992527076	393.0
223.05860008664263	393.0
223.06860092057764	398.0
223.07860175451265	398.0
223.08860258844769	402.0
223.0986034223827	402.0
223.1086042563177	398.0
223.11860509025271	398.0
223.12860592418775	398.0
223.13860675812276	398.0
223.14860759205777	398.0
223.1586084259928	398.0
223.16860925992782	393.0
223.17861009386283	393.0
223.18861092779787	393.0
223.19861176173288	393.0
223.2086125956679	393.0
223.2186134296029	393.0
223.22861426353793	398.0
223.23861509747294	398.0
223.24861593140795	398.0
223.258616765343	402.0
223.268617599278	402.0
223.278618433213	402.0
223.28861926714802	398.0
223.29862010108306	398.0
223.30862093501807	393.0
223.31862176895308	393.0
223.32862260288812	393.0
223.33862343682313	393.0
223.34862427075814	393.0
223.35862510469317	398.0
223.36862593862818	398.0
223.3786267725632	398.0
223.3886276064982	398.0
223.39862844043324	398.0
223.40862927436825	398.0
223.41863010830326	398.0
223.4286309422383	393.0
223.4386317761733	393.0
223.44863261010832	393.0
223.45863344404333	393.0
223.46863427797837	398.0
223.47863511191338	398.0
223.4886359458484	398.0
223.49863677978342	398.0
223.50863761371843	402.0
223.51863844765344	402.0
223.52863928158848	398.0
223.5386401155235	398.0
223.5486409494585	393.0
223.5586417833935	393.0
223.56864261732855	393.0
223.57864345126356	393.0
223.58864428519857	393.0
223.5986451191336	393.0
223.60864595306862	398.0
223.61864678700363	398.0
223.62864762093864	398.0
223.63864845487367	398.0
223.64864928880868	398.0
223.6586501227437	393.0
223.66865095667873	393.0
223.67865179061374	393.0
223.68865262454875	393.0
223.69865345848376	393.0
223.7086542924188	393.0
223.7186551263538	393.0
223.72865596028882	398.0
223.73865679422386	398.0
223.74865762815887	398.0
223.75865846209388	398.0
223.76865929602891	398.0
223.77866012996392	393.0
223.78866096389893	389.0
223.79866179783394	389.0
223.80866263176898	393.0
223.818663465704	393.0
223.828664299639	398.0
223.83866513357404	398.0
223.84866596750905	393.0
223.85866680144406	393.0
223.86866763537907	393.0
223.8786684693141	389.0
223.88866930324912	389.0
223.89867013718413	389.0
223.90867097111916	389.0
223.91867180505417	393.0
223.92867263898918	402.0
223.93867347292422	0.0
223.94867430685923	0.0
223.95867514079424	0.0
223.96867597472925	0.0
223.9786768086643	0.0
223.9886776425993	0.0
223.9986784765343	0.0
224.00867931046935	0.0
224.01868014440436	389.0
224.02868097833937	393.0
224.03868181227438	412.0
224.04868264620941	412.0
224.05868348014442	407.0
224.06868431407943	398.0
224.07868514801447	393.0
224.08868598194948	393.0
224.0986868158845	393.0
224.10868764981953	389.0
224.11868848375454	389.0
224.12868931768955	393.0
224.13869015162456	393.0
224.1486909855596	393.0
224.1586918194946	398.0
224.16869265342962	398.0
224.17869348736465	398.0
224.18869432129966	398.0
224.19869515523467	398.0
224.20869598916968	398.0
224.21869682310472	398.0
224.22869765703973	393.0
224.23869849097474	393.0
224.24869932490978	393.0
224.2587001588448	393.0
224.2687009927798	393.0
224.2787018267148	393.0
224.28870266064985	393.0
224.29870349458486	393.0
224.30870432851987	393.0
224.3187051624549	393.0
224.3287059963899	393.0
224.33870683032492	393.0
224.34870766425996	393.0
224.35870849819497	393.0
224.36870933212998	393.0
224.378710166065	393.0
224.38871100000003	398.0
224.39871183393504	398.0
224.40871266787005	398.0
224.4187135018051	398.0
224.4287143357401	393.0
224.4387151696751	393.0
224.44871600361012	393.0
224.45871683754515	398.0
224.46871767148016	398.0
224.47871850541517	398.0
224.4887193393502	398.0
224.49872017328522	398.0
224.50872100722023	393.0
224.51872184115527	393.0
224.52872267509028	393.0
224.5387235090253	389.0
224.5487243429603	389.0
224.55872517689534	389.0
224.56872601083035	393.0
224.57872684476536	393.0
224.5887276787004	393.0
224.5987285126354	393.0
224.6087293465704	393.0
224.61873018050542	393.0
224.62873101444046	393.0
224.63873184837547	393.0
224.64873268231048	398.0
224.65873351624552	398.0
224.66873435018053	398.0
224.67873518411554	398.0
224.68873601805058	393.0
224.6987368519856	393.0
224.7087376859206	393.0
224.7187385198556	393.0
224.72873935379064	393.0
224.73874018772565	393.0
224.74874102166066	0.0
224.7587418555957	0.0
224.7687426895307	393.0
224.77874352346572	398.0
224.78874435740073	398.0
224.79874519133577	393.0
224.80874602527078	393.0
224.8187468592058	393.0
224.82874769314083	393.0
224.83874852707584	398.0
224.84874936101085	398.0
224.85875019494586	398.0
224.8687510288809	398.0
224.8787518628159	398.0
224.8887526967509	398.0
224.89875353068595	398.0
224.90875436462096	398.0
224.91875519855597	398.0
224.928756032491	398.0
224.93875686642602	398.0
224.94875770036103	398.0
224.95875853429604	398.0
224.96875936823108	398.0
224.9787602021661	398.0
224.9887610361011	393.0
224.99876187003613	393.0
225.00876270397114	393.0
225.01876353790615	393.0
225.02876437184116	393.0
225.0387652057762	393.0
225.0487660397112	393.0
225.05876687364622	393.0
225.06876770758126	393.0
225.07876854151627	0.0
225.08876937545128	0.0
225.09877020938632	0.0
225.10877104332133	0.0
225.11877187725634	0.0
225.12877271119135	0.0
225.13877354512638	0.0
225.1487743790614	0.0
225.1587752129964	0.0
225.16877604693144	0.0
225.17877688086645	0.0
225.18877771480146	0.0
225.19877854873647	0.0
225.2087793826715	0.0
225.21878021660652	0.0
225.22878105054153	0.0
225.23878188447657	0.0
225.24878271841158	0.0
225.25878355234659	0.0
225.2687843862816	0.0
225.27878522021663	0.0
225.28878605415164	0.0
225.29878688808665	426.0
225.3087877220217	426.0
225.3187885559567	426.0
225.3287893898917	426.0
225.33879022382675	421.0
225.34879105776176	407.0
225.35879189169677	402.0
225.36879272563178	402.0
225.37879355956682	402.0
225.38879439350183	402.0
225.39879522743684	398.0
225.40879606137187	398.0
225.41879689530688	398.0
225.4287977292419	398.0
225.4387985631769	398.0
225.44879939711194	398.0
225.45880023104695	398.0
225.46880106498196	398.0
225.478801898917	398.0
225.488802732852	398.0
225.49880356678702	398.0
225.50880440072206	398.0
225.51880523465707	398.0
225.52880606859208	398.0
225.53880690252709	398.0
225.54880773646212	398.0
225.55880857039713	398.0
225.56880940433214	398.0
225.57881023826718	398.0
225.5888110722022	398.0
225.5988119061372	398.0
225.6088127400722	398.0
225.61881357400725	398.0
225.62881440794226	398.0
225.63881524187727	398.0
225.6488160758123	398.0
225.65881690974732	398.0
225.66881774368233	398.0
225.67881857761736	398.0
225.68881941155237	398.0
225.69882024548738	398.0
225.7088210794224	398.0
225.71882191335743	398.0
225.72882274729244	398.0
225.73882358122745	398.0
225.7488244151625	402.0
225.7588252490975	402.0
225.7688260830325	402.0
225.77882691696752	402.0
225.78882775090256	402.0
225.79882858483757	402.0
225.80882941877258	402.0
225.8188302527076	402.0
225.82883108664262	402.0
225.83883192057763	402.0
225.84883275451264	402.0
225.85883358844768	398.0
225.8688344223827	393.0
225.8788352563177	389.0
225.88883609025274	384.0
225.89883692418775	384.0
225.90883775812276	384.0
225.9188385920578	389.0
225.9288394259928	393.0
225.93884025992782	402.0
225.94884109386282	407.0
225.95884192779786	412.0
225.96884276173287	412.0
225.97884359566788	407.0
225.98884442960292	398.0
225.99884526353793	398.0
226.00884609747294	398.0
226.01884693140795	398.0
226.028847765343	398.0
226.038848599278	398.0
226.048849433213	398.0
226.05885026714805	402.0
226.06885110108306	402.0
226.07885193501806	398.0
226.0888527689531	398.0
226.0988536028881	393.0
226.10885443682312	393.0
226.11885527075813	393.0
226.12885610469317	393.0
226.13885693862818	398.0
226.1488577725632	398.0
226.15885860649823	393.0
226.16885944043324	393.0
226.17886027436825	393.0
226.18886110830326	393.0
226.1988619422383	393.0
226.2088627761733	393.0
226.21886361010831	393.0
226.22886444404335	393.0
226.23886527797836	393.0
226.24886611191337	393.0
226.2588669458484	393.0
226.26886777978342	393.0
226.27886861371843	393.0
226.28886944765344	393.0
226.29887028158848	393.0
226.3088711155235	393.0
226.3188719494585	393.0
226.32887278339354	393.0
226.33887361732855	393.0
226.34887445126355	393.0
226.35887528519856	398.0
226.3688761191336	398.0
226.3788769530686	402.0
226.38887778700362	407.0
226.39887862093866	407.0
226.40887945487367	412.0
226.41888028880868	412.0
226.4288811227437	402.0
226.43888195667873	402.0
226.44888279061374	398.0
226.45888362454875	398.0
226.46888445848379	398.0
226.4788852924188	398.0
226.4888861263538	398.0
226.49888696028884	398.0
226.50888779422385	398.0
226.51888862815886	398.0
226.52888946209387	398.0
226.5388902960289	0.0
226.54889112996392	0.0
226.55889196389893	0.0
226.56889279783397	0.0
226.57889363176898	393.0
226.588894465704	393.0
226.598895299639	393.0
226.60889613357404	393.0
226.61889696750904	393.0
226.62889780144405	393.0
226.6388986353791	393.0
226.6488994693141	393.0
226.6589003032491	389.0
226.66890113718415	389.0
226.67890197111916	389.0
226.68890280505417	389.0
226.69890363898918	389.0
226.70890447292422	393.0
226.71890530685923	393.0
226.72890614079424	398.0
226.73890697472928	398.0
226.74890780866428	398.0
226.7589086425993	398.0
226.7689094765343	398.0
226.77891031046934	398.0
226.78891114440435	398.0
226.79891197833936	398.0
226.8089128122744	398.0
226.8189136462094	398.0
226.82891448014442	402.0
226.83891531407946	402.0
226.84891614801447	398.0
226.85891698194948	398.0
226.8689178158845	398.0
226.87891864981952	393.0
226.88891948375453	393.0
226.89892031768954	393.0
226.90892115162458	393.0
226.9189219855596	398.0
226.9289228194946	398.0
226.9389236534296	398.0
226.94892448736465	398.0
226.95892532129966	398.0
226.96892615523467	398.0
226.9789269891697	398.0
226.98892782310472	398.0
226.99892865703973	398.0
227.00892949097474	398.0
227.01893032490977	398.0
227.02893115884478	398.0
227.0389319927798	0.0
227.04893282671483	0.0
227.05893366064984	0.0
227.06893449458485	0.0
227.0789353285199	0.0
227.0889361624549	0.0
227.0989369963899	0.0
227.10893783032492	0.0
227.11893866425996	0.0
227.12893949819497	0.0
227.13894033212998	393.0
227.14894116606501	393.0
227.15894200000002	398.0
227.16894283393503	398.0
227.17894366787004	398.0
227.18894450180508	398.0
227.1989453357401	0.0
227.2089461696751	398.0
227.21894700361014	398.0
227.22894783754515	398.0
227.23894867148016	398.0
227.2489495054152	398.0
227.2589503393502	398.0
227.26895117328522	398.0
227.27895200722023	398.0
227.28895284115526	398.0
227.29895367509027	398.0
227.30895450902528	0.0
227.31895534296032	0.0
227.32895617689533	0.0
227.33895701083034	0.0
227.34895784476535	468.0
227.3589586787004	468.0
227.3689595126354	468.0
227.3789603465704	468.0
227.38896118050545	468.0
227.39896201444046	473.0
227.40896284837547	0.0
227.41896368231048	0.0
227.42896451624551	0.0
227.43896535018052	0.0
227.44896618411553	0.0
227.45896701805057	0.0
227.46896785198558	0.0
227.4789686859206	0.0
227.48896951985563	0.0
227.49897035379064	0.0
227.50897118772565	0.0
227.51897202166066	0.0
227.5289728555957	0.0
227.5389736895307	398.0
227.54897452346572	407.0
227.55897535740075	412.0
227.56897619133576	421.0
227.57897702527077	421.0
227.58897785920578	421.0
227.59897869314082	417.0
227.60897952707583	412.0
227.61898036101084	407.0
227.62898119494588	402.0
227.6389820288809	398.0
227.6489828628159	398.0
227.65898369675094	398.0
227.66898453068595	398.0
227.67898536462096	398.0
227.68898619855597	398.0
227.698987032491	398.0
227.708987866426	398.0
227.71898870036102	398.0
227.72898953429606	358.0
227.73899036823107	358.0
227.74899120216608	358.0
227.7589920361011	398.0
227.76899287003613	398.0
227.77899370397114	398.0
227.78899453790615	398.0
227.7989953718412	398.0
227.8089962057762	398.0
227.8189970397112	398.0
227.82899787364624	398.0
227.83899870758125	398.0
227.84899954151626	398.0
227.85900037545127	402.0
227.8690012093863	402.0
227.87900204332132	402.0
227.88900287725633	398.0
227.89900371119137	398.0
227.90900454512638	398.0
227.9190053790614	398.0
227.9290062129964	398.0
227.93900704693144	398.0
227.94900788086645	398.0
227.95900871480146	398.0
227.9690095487365	398.0
227.9790103826715	398.0
227.9890112166065	398.0
227.99901205054152	393.0
228.00901288447656	393.0
228.01901371841157	393.0
228.02901455234658	393.0
228.03901538628162	393.0
228.04901622021663	398.0
228.05901705415164	398.0
228.06901788808668	402.0
228.0790187220217	402.0
228.0890195559567	402.0
228.0990203898917	402.0
228.10902122382674	398.0
228.11902205776175	398.0
228.12902289169676	393.0
228.1390237256318	393.0
228.1490245595668	393.0
228.15902539350182	393.0
228.16902622743683	393.0
228.17902706137187	393.0
228.18902789530688	393.0
228.1990287292419	393.0
228.20902956317693	393.0
228.21903039711194	393.0
228.22903123104695	393.0
228.23903206498198	393.0
228.249032898917	393.0
228.259033732852	393.0
228.269034566787	393.0
228.27903540072205	393.0
228.28903623465706	393.0
228.29903706859207	393.0
228.3090379025271	393.0
228.31903873646212	398.0
228.32903957039713	398.0
228.33904040433214	398.0
228.34904123826718	402.0
228.3590420722022	402.0
228.3690429061372	402.0
228.37904374007223	402.0
228.38904457400724	402.0
228.39904540794225	402.0
228.4090462418773	398.0
228.4190470758123	398.0
228.4290479097473	398.0
228.43904874368232	393.0
228.44904957761736	393.0
228.45905041155237	393.0
228.46905124548738	393.0
228.47905207942242	393.0
228.48905291335743	389.0
228.49905374729244	393.0
228.50905458122745	393.0
228.51905541516248	393.0
228.5290562490975	398.0
228.5390570830325	402.0
228.54905791696754	402.0
228.55905875090255	402.0
228.56905958483756	398.0
228.57906041877257	393.0
228.5890612527076	393.0
228.59906208664262	393.0
228.60906292057763	393.0
228.61906375451267	393.0
228.62906458844768	393.0
228.63906542238269	393.0
228.64906625631772	393.0
228.65906709025273	393.0
228.66906792418774	393.0
228.67906875812275	393.0
228.6890695920578	393.0
228.6990704259928	393.0
228.7090712599278	389.0
228.71907209386285	389.0
228.72907292779786	384.0
228.73907376173287	380.0
228.74907459566788	371.0
228.75907542960292	363.0
228.76907626353793	358.0
228.77907709747294	354.0
228.78907793140797	350.0
228.79907876534298	346.0
228.809079599278	334.0
228.81908043321303	327.0
228.82908126714804	319.0
228.83908210108305	316.0
228.84908293501806	312.0
228.8590837689531	312.0
228.8690846028881	312.0
228.87908543682312	312.0
228.88908627075816	312.0
228.89908710469317	312.0
228.90908793862818	316.0
228.91908877256319	316.0
228.92908960649822	319.0
228.93909044043323	319.0
228.94909127436824	319.0
228.95909210830328	319.0
228.9690929422383	316.0
228.9790937761733	624.0
228.98909461010834	624.0
228.99909544404335	0.0
229.00909627797836	0.0
229.01909711191337	0.0
229.0290979458484	327.0
229.03909877978342	331.0
229.04909961371843	375.0
229.05910044765346	384.0
229.06910128158847	393.0
229.07910211552348	398.0
229.0891029494585	407.0
229.09910378339353	393.0
229.10910461732854	393.0
229.11910545126355	384.0
229.1291062851986	375.0
229.1391071191336	0.0
229.1491079530686	0.0
229.15910878700362	334.0
229.16910962093866	338.0
229.17911045487367	0.0
229.18911128880868	375.0
229.1991121227437	384.0
229.20911295667872	398.0
229.21911379061373	402.0
229.22911462454877	402.0
229.23911545848378	402.0
229.2491162924188	393.0
229.2591171263538	389.0
229.26911796028884	384.0
229.27911879422385	380.0
229.28911962815886	380.0
229.2991204620939	398.0
229.3091212960289	0.0
229.31912212996392	589.0
229.32912296389893	583.0
229.33912379783396	576.0
229.34912463176897	556.0
229.35912546570398	0.0
229.36912629963902	398.0
229.37912713357403	398.0
229.38912796750904	393.0
229.39912880144408	398.0
229.4091296353791	402.0
229.4191304693141	407.0
229.4291313032491	407.0
229.43913213718415	412.0
229.44913297111916	407.0
229.45913380505417	407.0
229.4691346389892	398.0
229.4791354729242	393.0
229.48913630685922	389.0
229.49913714079423	393.0
229.50913797472927	402.0
229.51913880866428	412.0
229.5291396425993	417.0
229.53914047653433	421.0
229.54914131046934	417.0
229.55914214440435	412.0
229.56914297833936	407.0
229.5791438122744	398.0
229.5891446462094	389.0
229.59914548014441	389.0
229.60914631407945	389.0
229.61914714801446	398.0
229.62914798194947	402.0
229.6391488158845	402.0
229.64914964981952	402.0
229.65915048375453	393.0
229.66915131768954	384.0
229.67915215162458	371.0
229.6891529855596	363.0
229.6991538194946	354.0
229.70915465342964	354.0
229.71915548736465	363.0
229.72915632129966	367.0
229.73915715523466	375.0
229.7491579891697	389.0
229.7591588231047	393.0
229.76915965703972	398.0
229.77916049097476	398.0
229.78916132490977	398.0
229.79916215884478	398.0
229.80916299277982	398.0
229.81916382671483	398.0
229.82916466064984	398.0
229.83916549458485	398.0
229.84916632851989	398.0
229.8591671624549	398.0
229.8691679963899	402.0
229.87916883032494	402.0
229.88916966425995	398.0
229.89917049819496	398.0
229.90917133212997	393.0
229.919172166065	393.0
229.92917300000002	393.0
229.93917383393503	393.0
229.94917466787007	398.0
229.95917550180508	402.0
229.9691763357401	407.0
229.97917716967513	407.0
229.98917800361014	407.0
229.99917883754514	407.0
230.00917967148015	402.0
230.0191805054152	393.0
230.0291813393502	389.0
230.0391821732852	389.0
230.04918300722025	389.0
230.05918384115526	393.0
230.06918467509027	398.0
230.07918550902528	402.0
230.08918634296032	402.0
230.09918717689533	402.0
230.10918801083034	398.0
230.11918884476538	398.0
230.12918967870039	398.0
230.1391905126354	398.0
230.1491913465704	417.0
230.15919218050544	457.0
230.16919301444045	462.0
230.17919384837546	468.0
230.1891946823105	468.0
230.1991955162455	462.0
230.20919635018052	452.0
230.21919718411556	417.0
230.22919801805057	402.0
230.23919885198558	398.0
230.2491996859206	398.0
230.25920051985563	407.0
230.26920135379063	417.0
230.27920218772564	421.0
230.28920302166068	426.0
230.2992038555957	421.0
230.3092046895307	412.0
230.3192055234657	402.0
230.32920635740075	398.0
230.33920719133576	393.0
230.34920802527077	393.0
230.3592088592058	393.0
230.36920969314082	402.0
230.37921052707583	407.0
230.38921136101087	412.0
230.39921219494587	417.0
230.40921302888088	417.0
230.4192138628159	398.0
230.42921469675093	402.0
230.43921553068594	402.0
230.44921636462095	402.0
230.459217198556	402.0
230.469218032491	402.0
230.479218866426	402.0
230.48921970036102	398.0
230.49922053429606	398.0
230.50922136823107	398.0
230.51922220216608	393.0
230.52922303610111	389.0
230.53922387003612	380.0
230.54922470397113	380.0
230.55922553790617	389.0
230.56922637184118	398.0
230.5792272057762	402.0
230.5892280397112	402.0
230.59922887364624	402.0
230.60922970758125	402.0
230.61923054151626	402.0
230.6292313754513	398.0
230.6392322093863	398.0
230.64923304332132	398.0
230.65923387725633	398.0
230.66923471119136	402.0
230.67923554512637	402.0
230.68923637906138	402.0
230.69923721299642	402.0
230.70923804693143	402.0
230.71923888086644	398.0
230.72923971480145	398.0
230.7392405487365	398.0
230.7492413826715	398.0
230.7592422166065	398.0
230.76924305054155	393.0
230.77924388447656	393.0
230.78924471841157	393.0
230.7992455523466	389.0
230.80924638628161	384.0
230.81924722021662	375.0
230.82924805415163	371.0
230.83924888808667	363.0
230.84924972202168	358.0
230.8592505559567	354.0
230.86925138989173	350.0
230.87925222382674	346.0
230.88925305776175	342.0
230.89925389169676	338.0
230.9092547256318	338.0
230.9192555595668	334.0
230.92925639350182	331.0
230.93925722743685	331.0
230.94925806137186	327.0
230.95925889530687	323.0
230.9692597292419	319.0
230.97926056317692	319.0
230.98926139711193	316.0
230.99926223104694	316.0
231.00926306498198	316.0
231.019263898917	319.0
231.029264732852	323.0
231.03926556678704	323.0
231.04926640072205	327.0
231.05926723465706	338.0
231.06926806859207	338.0
231.0792689025271	0.0
231.08926973646211	0.0
231.09927057039712	0.0
231.10927140433216	0.0
231.11927223826717	0.0
231.12927307220218	0.0
231.13927390613722	0.0
231.14927474007223	0.0
231.15927557400724	0.0
231.16927640794225	0.0
231.1792772418773	0.0
231.1892780758123	398.0
231.1992789097473	389.0
231.20927974368234	380.0
231.21928057761735	371.0
231.22928141155236	363.0
231.23928224548737	358.0
231.2492830794224	358.0
231.25928391335742	358.0
231.26928474729243	363.0
231.27928558122747	367.0
231.28928641516248	375.0
231.2992872490975	384.0
231.3092880830325	389.0
231.31928891696754	393.0
231.32928975090255	393.0
231.33929058483756	393.0
231.3492914187726	393.0
231.3592922527076	393.0
231.3692930866426	393.0
231.37929392057765	393.0
231.38929475451266	393.0
231.39929558844767	393.0
231.40929642238268	398.0
231.41929725631772	402.0
231.42929809025273	407.0
231.43929892418774	417.0
231.44929975812278	431.0
231.4593005920578	452.0
231.4693014259928	462.0
231.4793022599278	462.0
231.48930309386284	462.0
231.49930392779785	462.0
231.50930476173286	457.0
231.5193055956679	0.0
231.5293064296029	0.0
231.53930726353792	0.0
231.54930809747296	0.0
231.55930893140797	402.0
231.56930976534298	0.0
231.579310599278	0.0
231.58931143321303	0.0
231.59931226714804	0.0
231.60931310108305	0.0
231.61931393501808	0.0
231.6293147689531	0.0
231.6393156028881	0.0
231.6493164368231	393.0
231.65931727075815	393.0
231.66931810469316	398.0
231.67931893862817	402.0
231.6893197725632	407.0
231.69932060649822	417.0
231.70932144043323	407.0
231.71932227436827	402.0
231.72932310830328	398.0
231.7393239422383	398.0
231.7493247761733	393.0
231.75932561010833	393.0
231.76932644404334	398.0
231.77932727797835	398.0
231.7893281119134	398.0
231.7993289458484	402.0
231.8093297797834	398.0
231.81933061371842	393.0
231.82933144765346	384.0
231.83933228158847	371.0
231.84933311552348	363.0
231.85933394945852	358.0
231.86933478339353	358.0
231.87933561732854	371.0
231.88933645126355	389.0
231.89933728519858	393.0
231.9093381191336	398.0
231.9193389530686	398.0
231.92933978700364	398.0
231.93934062093865	398.0
231.94934145487366	398.0
231.9593422888087	398.0
231.9693431227437	398.0
231.97934395667872	402.0
231.98934479061373	367.0
231.99934562454877	346.0
232.00934645848378	334.0
232.0193472924188	338.0
232.02934812635382	350.0
232.03934896028883	363.0
232.04934979422384	375.0
232.05935062815885	384.0
232.0693514620939	389.0
232.0793522960289	393.0
232.0893531299639	398.0
232.09935396389895	407.0
232.10935479783396	407.0
232.11935563176897	407.0
232.129356465704	398.0
232.13935729963902	398.0
232.14935813357403	398.0
232.15935896750904	398.0
232.16935980144407	398.0
232.17936063537908	398.0
232.1893614693141	398.0
232.19936230324913	398.0
232.20936313718414	398.0
232.21936397111915	398.0
232.22936480505416	398.0
232.2393656389892	398.0
232.2493664729242	398.0
232.25936730685922	398.0
232.26936814079426	393.0
232.27936897472927	0.0
232.28936980866428	0.0
232.29937064259929	0.0
232.30937147653432	0.0
232.31937231046933	0.0
232.32937314440434	0.0
232.33937397833938	0.0
232.3493748122744	0.0
232.3593756462094	407.0
232.36937648014444	412.0
232.37937731407945	417.0
232.38937814801446	412.0
232.39937898194947	412.0
232.4093798158845	412.0
232.41938064981952	407.0
232.42938148375453	407.0
232.43938231768956	407.0
232.44938315162457	407.0
232.45938398555958	402.0
232.4693848194946	402.0
232.47938565342963	407.0
232.48938648736464	407.0
232.49938732129965	407.0
232.5093881552347	402.0
232.5193889891697	398.0
232.5293898231047	393.0
232.53939065703975	393.0
232.54939149097476	393.0
232.55939232490977	393.0
232.56939315884478	393.0
232.5793939927798	393.0
232.58939482671482	393.0
232.59939566064983	393.0
232.60939649458487	393.0
232.61939732851988	393.0
232.6293981624549	393.0
232.6393989963899	398.0
232.64939983032494	398.0
232.65940066425995	398.0
232.66940149819496	398.0
232.67940233213	398.0
232.689403166065	398.0
232.69940400000002	398.0
232.70940483393505	398.0
232.71940566787006	398.0
232.72940650180507	398.0
232.73940733574008	398.0
232.74940816967512	393.0
232.75940900361013	389.0
232.76940983754514	384.0
232.77941067148018	375.0
232.7894115054152	375.0
232.7994123393502	371.0
232.8094131732852	367.0
232.81941400722025	358.0
232.82941484115526	354.0
232.83941567509027	342.0
232.8494165090253	338.0
232.8594173429603	331.0
232.86941817689532	327.0
232.87941901083033	327.0
232.88941984476537	323.0
232.89942067870038	323.0
232.9094215126354	319.0
232.91942234657043	316.0
232.92942318050544	316.0
232.93942401444045	312.0
232.9494248483755	316.0
232.9594256823105	316.0
232.9694265162455	316.0
232.97942735018052	316.0
232.98942818411555	319.0
232.99942901805056	319.0
233.00942985198557	319.0
233.0194306859206	319.0
233.02943151985562	319.0
233.03943235379063	319.0
233.04943318772564	316.0
233.05943402166068	316.0
233.0694348555957	312.0
233.0794356895307	312.0
233.08943652346574	312.0
233.09943735740075	312.0
233.10943819133576	316.0
233.1194390252708	323.0
233.1294398592058	334.0
233.1394406931408	350.0
233.14944152707582	367.0
233.15944236101086	384.0
233.16944319494587	393.0
233.17944402888088	398.0
233.18944486281592	402.0
233.19944569675093	407.0
233.20944653068594	407.0
233.21944736462095	407.0
233.22944819855599	398.0
233.239449032491	393.0
233.249449866426	380.0
233.25945070036104	371.0
233.26945153429605	363.0
233.27945236823106	358.0
233.2894532021661	350.0
233.2994540361011	342.0
233.30945487003612	342.0
233.31945570397113	346.0
233.32945653790617	358.0
233.33945737184118	367.0
233.3494582057762	380.0
233.35945903971123	389.0
233.36945987364624	398.0
233.37946070758125	407.0
233.38946154151625	412.0
233.3994623754513	412.0
233.4094632093863	412.0
233.4194640433213	407.0
233.42946487725635	407.0
233.43946571119136	402.0
233.44946654512637	398.0
233.45946737906138	393.0
233.46946821299642	393.0
233.47946904693143	393.0
233.48946988086644	393.0
233.49947071480148	398.0
233.50947154873649	398.0
233.5194723826715	398.0
233.52947321660653	393.0
233.53947405054154	393.0
233.54947488447655	393.0
233.55947571841156	393.0
233.5694765523466	393.0
233.5794773862816	398.0
233.58947822021662	398.0
233.59947905415166	398.0
233.60947988808667	398.0
233.61948072202168	393.0
233.6294815559567	393.0
233.63948238989173	393.0
233.64948322382673	393.0
233.65948405776174	393.0
233.66948489169678	393.0
233.6794857256318	398.0
233.6894865595668	393.0
233.69948739350184	393.0
233.70948822743685	393.0
233.71948906137186	393.0
233.72948989530687	393.0
233.7394907292419	393.0
233.74949156317692	393.0
233.75949239711193	393.0
233.76949323104697	393.0
233.77949406498198	393.0
233.78949489891698	389.0
233.799495732852	389.0
233.80949656678703	393.0
233.81949740072204	393.0
233.82949823465705	398.0
233.8394990685921	398.0
233.8494999025271	402.0
233.8595007364621	402.0
233.86950157039715	402.0
233.87950240433216	398.0
233.88950323826717	393.0
233.89950407220218	393.0
233.90950490613722	389.0
233.91950574007222	384.0
233.92950657400723	384.0
233.93950740794227	389.0
233.94950824187728	398.0
233.9595090758123	407.0
233.9695099097473	412.0
233.97951074368234	417.0
233.98951157761735	412.0
233.99951241155236	407.0
234.0095132454874	398.0
234.0195140794224	389.0
234.02951491335742	384.0
234.03951574729243	384.0
234.04951658122746	389.0
234.05951741516247	417.0
234.06951824909748	421.0
234.07951908303252	421.0
234.08951991696753	417.0
234.09952075090254	407.0
234.10952158483758	402.0
234.1195224187726	402.0
234.1295232527076	398.0
234.1395240866426	398.0
234.14952492057765	393.0
234.15952575451266	398.0
234.16952658844767	402.0
234.1795274223827	412.0
234.18952825631771	417.0
234.19952909025272	417.0
234.20952992418773	412.0
234.21953075812277	407.0
234.22953159205778	402.0
234.2395324259928	393.0
234.24953325992783	389.0
234.25953409386284	380.0
234.26953492779785	389.0
234.2795357617329	398.0
234.2895365956679	407.0
234.2995374296029	412.0
234.30953826353792	412.0
234.31953909747295	407.0
234.32953993140796	402.0
234.33954076534297	398.0
234.349541599278	398.0
234.35954243321302	398.0
234.36954326714803	398.0
234.37954410108304	402.0
234.38954493501808	402.0
234.3995457689531	398.0
234.4095466028881	389.0
234.41954743682314	375.0
234.42954827075815	363.0
234.43954910469316	354.0
234.44954993862817	342.0
234.4595507725632	338.0
234.46955160649821	342.0
234.47955244043322	354.0
234.48955327436826	371.0
234.49955410830327	384.0
234.50955494223828	389.0
234.51955577617332	393.0
234.52955661010833	398.0
234.53955744404334	398.0
234.54955827797835	398.0
234.5595591119134	398.0
234.5695599458484	393.0
234.5795607797834	393.0
234.58956161371844	389.0
234.59956244765345	380.0
234.60956328158846	371.0
234.61956411552347	363.0
234.6295649494585	363.0
234.63956578339352	363.0
234.64956661732853	375.0
234.65956745126357	389.0
234.66956828519858	402.0
234.6795691191336	412.0
234.68956995306863	412.0
234.69957078700364	407.0
234.70957162093865	402.0
234.71957245487366	393.0
234.7295732888087	389.0
234.7395741227437	389.0
234.7495749566787	393.0
234.75957579061375	407.0
234.76957662454876	447.0
234.77957745848377	452.0
234.78957829241878	452.0
234.79957912635382	447.0
234.80957996028883	441.0
234.81958079422384	402.0
234.82958162815888	398.0
234.8395824620939	398.0
234.8495832960289	398.0
234.85958412996393	398.0
234.86958496389894	398.0
234.87958579783395	398.0
234.88958663176896	398.0
234.899587465704	398.0
234.909588299639	393.0
234.91958913357402	393.0
234.92958996750906	398.0
234.93959080144407	402.0
234.94959163537908	407.0
234.9595924693141	441.0
234.96959330324913	496.0
234.97959413718414	544.0
234.98959497111915	556.0
234.99959580505418	544.0
235.0095966389892	479.0
235.0195974729242	441.0
235.0295983068592	421.0
235.03959914079425	412.0
235.04959997472926	407.0
235.05960080866427	402.0
235.0696016425993	402.0
235.07960247653432	402.0
235.08960331046933	402.0
235.09960414440437	398.0
235.10960497833938	393.0
235.1196058122744	389.0
235.1296066462094	389.0
235.13960748014443	389.0
235.14960831407944	393.0
235.15960914801445	402.0
235.1696099819495	407.0
235.1796108158845	412.0
235.1896116498195	417.0
235.19961248375452	417.0
235.20961331768956	417.0
235.21961415162457	412.0
235.22961498555958	412.0
235.23961581949462	407.0
235.24961665342963	402.0
235.25961748736464	407.0
235.26961832129967	407.0
235.27961915523468	407.0
235.2896199891697	412.0
235.2996208231047	417.0
235.30962165703974	412.0
235.31962249097475	407.0
235.32962332490976	402.0
235.3396241588448	398.0
235.3496249927798	393.0
235.35962582671482	398.0
235.36962666064983	398.0
235.37962749458487	398.0
235.38962832851988	398.0
235.3996291624549	398.0
235.40962999638992	398.0
235.41963083032493	398.0
235.42963166425994	398.0
235.43963249819498	398.0
235.44963333213	398.0
235.459634166065	398.0
235.469635	398.0
235.47963583393505	402.0
235.48963666787006	402.0
235.49963750180507	402.0
235.5096383357401	398.0
235.51963916967512	393.0
235.52964000361013	375.0
235.53964083754514	358.0
235.54964167148017	358.0
235.55964250541518	393.0
235.5696433393502	398.0
235.57964417328523	398.0
235.58964500722024	402.0
235.59964584115525	402.0
235.60964667509026	402.0
235.6196475090253	402.0
235.6296483429603	402.0
235.63964917689532	402.0
235.64965001083036	402.0
235.65965084476537	402.0
235.66965167870038	402.0
235.6796525126354	402.0
235.68965334657042	398.0
235.69965418050543	393.0
235.70965501444044	393.0
235.71965584837548	393.0
235.7296566823105	398.0
235.7396575162455	393.0
235.74965835018054	393.0
235.75965918411555	393.0
235.76966001805056	398.0
235.77966085198557	398.0
235.7896616859206	402.0
235.79966251985562	0.0
235.80966335379063	412.0
235.81966418772566	412.0
235.82966502166067	417.0
235.83966585559568	417.0
235.84966668953072	407.0
235.85966752346573	398.0
235.86966835740074	402.0
235.87966919133575	402.0
235.8896700252708	0.0
235.8996708592058	0.0
235.9096716931408	0.0
235.91967252707585	0.0
235.92967336101086	0.0
235.93967419494587	393.0
235.94967502888088	417.0
235.9596758628159	412.0
235.96967669675092	412.0
235.97967753068593	412.0
235.98967836462097	412.0
235.99967919855598	407.0
236.009680032491	402.0
236.01968086642603	398.0
236.02968170036104	398.0
236.03968253429605	398.0
236.04968336823106	398.0
236.0596842021661	402.0
236.0696850361011	407.0
236.07968587003612	412.0
236.08968670397115	412.0
236.09968753790616	412.0
236.10968837184117	402.0
236.11968920577618	398.0
236.12969003971122	393.0
236.13969087364623	389.0
236.14969170758124	384.0
236.15969254151628	380.0
236.1696933754513	371.0
236.1796942093863	363.0
236.1896950433213	358.0
236.19969587725635	358.0
236.20969671119136	398.0
236.21969754512637	398.0
236.2296983790614	398.0
236.2396992129964	398.0
236.24970004693142	402.0
236.25970088086646	402.0
236.26970171480147	402.0
236.27970254873648	402.0
236.2897033826715	402.0
236.29970421660653	398.0
236.30970505054154	393.0
236.31970588447655	393.0
236.3297067184116	389.0
236.3397075523466	389.0
236.3497083862816	389.0
236.35970922021662	389.0
236.36971005415165	389.0
236.37971088808666	389.0
236.38971172202167	393.0
236.3997125559567	398.0
236.40971338989172	398.0
236.41971422382673	402.0
236.42971505776177	402.0
236.43971589169678	398.0
236.4497167256318	393.0
236.4597175595668	393.0
236.46971839350184	389.0
236.47971922743685	389.0
236.48972006137186	389.0
236.4997208953069	393.0
236.5097217292419	402.0
236.5197225631769	407.0
236.52972339711192	412.0
236.53972423104696	417.0
236.54972506498197	412.0
236.55972589891698	412.0
236.56972673285202	402.0
236.57972756678703	398.0
236.58972840072204	393.0
236.59972923465705	393.0
236.60973006859209	393.0
236.6197309025271	393.0
236.6297317364621	393.0
236.63973257039714	398.0
236.64973340433215	393.0
236.65973423826716	393.0
236.6697350722022	393.0
236.6797359061372	389.0
236.68973674007222	380.0
236.69973757400723	371.0
236.70973840794227	363.0
236.71973924187728	354.0
236.7297400758123	350.0
236.73974090974733	350.0
236.74974174368234	354.0
236.75974257761735	358.0
236.76974341155235	363.0
236.7797442454874	375.0
236.7897450794224	389.0
236.7997459133574	393.0
236.80974674729245	398.0
236.81974758122746	398.0
236.82974841516247	402.0
236.8397492490975	398.0
236.84975008303252	393.0
236.85975091696753	389.0
236.86975175090254	380.0
236.87975258483758	371.0
236.88975341877259	367.0
236.8997542527076	363.0
236.90975508664263	354.0
236.91975592057764	354.0
236.92975675451265	354.0
236.93975758844766	363.0
236.9497584223827	371.0
236.9597592563177	384.0
236.96976009025272	393.0
236.97976092418776	402.0
236.98976175812277	407.0
236.99976259205778	407.0
237.00976342599282	402.0
237.01976425992783	398.0
237.02976509386284	389.0
237.03976592779784	384.0
237.04976676173288	384.0
237.0597675956679	389.0
237.0697684296029	398.0
237.07976926353794	407.0
237.08977009747295	412.0
237.09977093140796	412.0
237.10977176534297	412.0
237.119772599278	412.0
237.12977343321302	407.0
237.13977426714803	402.0
237.14977510108307	398.0
237.15977593501808	393.0
237.16977676895308	389.0
237.1797776028881	389.0
237.18977843682313	393.0
237.19977927075814	393.0
237.20978010469315	398.0
237.2197809386282	398.0
237.2297817725632	402.0
237.2397826064982	402.0
237.24978344043325	402.0
237.25978427436826	398.0
237.26978510830327	389.0
237.27978594223828	384.0
237.28978677617332	375.0
237.29978761010832	363.0
237.30978844404333	354.0
237.31978927797837	350.0
237.32979011191338	350.0
237.3397909458484	354.0
237.3497917797834	363.0
237.35979261371844	380.0
237.36979344765345	389.0
237.37979428158846	398.0
237.3897951155235	402.0
237.3997959494585	402.0
237.40979678339352	407.0
237.41979761732856	402.0
237.42979845126357	398.0
237.43979928519857	389.0
237.44980011913358	380.0
237.45980095306862	367.0
237.46980178700363	358.0
237.47980262093864	354.0
237.48980345487368	350.0
237.4998042888087	346.0
237.5098051227437	354.0
237.5198059566787	363.0
237.52980679061375	380.0
237.53980762454876	389.0
237.54980845848377	393.0
237.5598092924188	398.0
237.56981012635381	398.0
237.57981096028882	398.0
237.58981179422386	393.0
237.59981262815887	389.0
237.60981346209388	384.0
237.6198142960289	384.0
237.62981512996393	384.0
237.63981596389894	393.0
237.64981679783395	398.0
237.659817631769	407.0
237.669818465704	412.0
237.679819299639	412.0
237.68982013357402	412.0
237.69982096750905	407.0
237.70982180144406	402.0
237.71982263537907	398.0
237.7298234693141	393.0
237.73982430324912	393.0
237.74982513718413	393.0
237.75982597111914	393.0
237.76982680505418	393.0
237.7798276389892	393.0
237.7898284729242	393.0
237.79982930685924	393.0
237.80983014079425	393.0
237.81983097472926	393.0
237.8298318086643	393.0
237.8398326425993	393.0
237.84983347653431	393.0
237.85983431046932	393.0
237.86983514440436	393.0
237.87983597833937	393.0
237.88983681227438	393.0
237.89983764620942	398.0
237.90983848014443	398.0
237.91983931407944	398.0
237.92984014801445	398.0
237.9398409819495	398.0
237.9498418158845	393.0
237.9598426498195	393.0
237.96984348375454	389.0
237.97984431768955	389.0
237.98984515162456	393.0
237.9998459855596	393.0
238.0098468194946	398.0
238.01984765342962	398.0
238.02984848736463	398.0
238.03984932129967	402.0
238.04985015523468	402.0
238.0598509891697	398.0
238.06985182310473	398.0
238.07985265703974	393.0
238.08985349097475	393.0
238.09985432490976	389.0
238.1098551588448	393.0
238.1198559927798	393.0
238.1298568267148	398.0
238.13985766064985	398.0
238.14985849458486	398.0
238.15985932851987	398.0
238.1698601624549	398.0
238.17986099638992	393.0
238.18986183032493	389.0
238.19986266425994	384.0
238.20986349819498	384.0
238.21986433213	389.0
238.229865166065	393.0
238.23986600000003	393.0
238.24986683393504	393.0
238.25986766787005	398.0
238.26986850180506	393.0
238.2798693357401	393.0
238.2898701696751	393.0
238.29987100361012	393.0
238.30987183754516	398.0
238.31987267148017	398.0
238.32987350541518	398.0
238.3398743393502	398.0
238.34987517328523	398.0
238.35987600722024	398.0
238.36987684115525	398.0
238.37987767509028	398.0
238.3898785090253	393.0
238.3998793429603	393.0
238.40988017689534	398.0
238.41988101083035	421.0
238.42988184476536	431.0
238.43988267870037	550.0
238.4498835126354	550.0
238.45988434657042	537.0
238.46988518050543	407.0
238.47988601444047	398.0
238.48988684837548	389.0
238.4998876823105	389.0
238.5098885162455	393.0
238.51988935018053	398.0
238.52989018411554	402.0
238.53989101805055	402.0
238.5498918519856	393.0
238.5598926859206	384.0
238.5698935198556	371.0
238.57989435379065	363.0
238.58989518772566	358.0
238.59989602166067	354.0
238.60989685559568	358.0
238.61989768953072	367.0
238.62989852346573	371.0
238.63989935740074	375.0
238.64990019133577	371.0
238.65990102527078	363.0
238.6699018592058	354.0
238.6799026931408	342.0
238.68990352707584	323.0
238.69990436101085	316.0
238.70990519494586	312.0
238.7199060288809	316.0
238.7299068628159	319.0
238.73990769675092	323.0
238.74990853068596	327.0
238.75990936462097	327.0
238.76991019855598	323.0
238.779911032491	319.0
238.78991186642602	316.0
238.79991270036103	312.0
238.80991353429604	308.0
238.81991436823108	298.0
238.8299152021661	288.0
238.8399160361011	0.0
238.8499168700361	0.0
238.85991770397115	0.0
238.86991853790616	0.0
238.87991937184117	0.0
238.8899202057762	0.0
238.89992103971122	375.0
238.90992187364623	375.0
238.91992270758124	371.0
238.92992354151627	363.0
238.93992437545128	358.0
238.9499252093863	354.0
238.95992604332133	354.0
238.96992687725634	358.0
238.97992771119135	363.0
238.9899285451264	367.0
238.9999293790614	371.0
239.0099302129964	375.0
239.01993104693142	375.0
239.02993188086646	380.0
239.03993271480147	380.0
239.04993354873648	375.0
239.0599343826715	375.0
239.06993521660652	363.0
239.07993605054153	354.0
239.08993688447654	342.0
239.09993771841158	334.0
239.1099385523466	331.0
239.1199393862816	331.0
239.12994022021664	327.0
239.13994105415165	323.0
239.14994188808666	316.0
239.1599427220217	316.0
239.1699435559567	316.0
239.17994438989172	312.0
239.18994522382673	312.0
239.19994605776176	312.0
239.20994689169677	312.0
239.21994772563178	316.0
239.22994855956682	316.0
239.23994939350183	316.0
239.24995022743684	316.0
239.25995106137185	316.0
239.2699518953069	316.0
239.2799527292419	316.0
239.2899535631769	316.0
239.29995439711195	319.0
239.30995523104696	319.0
239.31995606498197	323.0
239.32995689891698	327.0
239.339957732852	331.0
239.34995856678702	334.0
239.35995940072203	338.0
239.36996023465707	338.0
239.37996106859208	331.0
239.3899619025271	331.0
239.39996273646213	327.0
239.40996357039714	323.0
239.41996440433215	319.0
239.42996523826716	316.0
239.4399660722022	316.0
239.4499669061372	319.0
239.45996774007222	338.0
239.46996857400725	354.0
239.47996940794226	367.0
239.48997024187727	389.0
239.49997107581228	398.0
239.50997190974732	398.0
239.51997274368233	393.0
239.52997357761734	389.0
239.53997441155238	380.0
239.5499752454874	354.0
239.5599760794224	334.0
239.56997691335744	331.0
239.57997774729245	358.0
239.58997858122746	402.0
239.59997941516247	421.0
239.6099802490975	421.0
239.6199810830325	412.0
239.62998191696752	407.0
239.63998275090256	402.0
239.64998358483757	398.0
239.65998441877258	393.0
239.6699852527076	398.0
239.67998608664263	398.0
239.68998692057764	398.0
239.69998775451265	398.0
239.7099885884477	398.0
239.7199894223827	398.0
239.7299902563177	393.0
239.73999109025274	393.0
239.74999192418775	389.0
239.75999275812276	389.0
239.76999359205777	393.0
239.7799944259928	398.0
239.78999525992782	402.0
239.79999609386283	402.0
239.80999692779787	407.0
239.81999776173288	412.0
239.8299985956679	412.0
239.8399994296029	412.0
239.85000026353794	402.0
239.86000109747295	393.0
239.87000193140796	389.0
239.880002765343	389.0
239.890003599278	398.0
239.900004433213	407.0
239.91000526714802	412.0
239.92000610108306	412.0
239.93000693501807	412.0
239.94000776895308	412.0
239.95000860288812	407.0
239.96000943682313	402.0
239.97001027075814	0.0
239.98001110469318	0.0
239.9900119386282	0.0
240.0000127725632	0.0
240.0100136064982	0.0
240.02001444043324	0.0
240.03001527436825	358.0
240.04001610830326	358.0
240.0500169422383	358.0
240.0600177761733	358.0
240.07001861010832	358.0
240.08001944404333	358.0
240.09002027797837	358.0
240.10002111191338	358.0
240.1100219458484	358.0
240.12002277978343	358.0
240.13002361371844	358.0
240.14002444765345	363.0
240.15002528158848	363.0
240.1600261155235	371.0
240.1700269494585	384.0
240.1800277833935	393.0
240.19002861732855	393.0
240.20002945126356	393.0
240.21003028519857	393.0
240.2200311191336	393.0
240.23003195306862	393.0
240.24003278700363	393.0
240.25003362093864	0.0
240.26003445487368	0.0
240.27003528880869	0.0
240.2800361227437	0.0
240.29003695667873	363.0
240.30003779061374	363.0
240.31003862454875	363.0
240.3200394584838	358.0
240.3300402924188	358.0
240.3400411263538	358.0
240.35004196028882	358.0
240.36004279422386	363.0
240.37004362815887	363.0
240.38004446209388	367.0
240.39004529602892	375.0
240.40004612996393	380.0
240.41004696389894	389.0
240.42004779783394	393.0
240.43004863176898	393.0
240.440049465704	398.0
240.450050299639	398.0
240.46005113357404	398.0
240.47005196750905	398.0
240.48005280144406	393.0
240.49005363537907	389.0
240.5000544693141	375.0
240.51005530324912	371.0
240.52005613718413	367.0
240.53005697111917	363.0
240.54005780505418	363.0
240.55005863898919	363.0
240.56005947292422	363.0
240.57006030685923	363.0
240.58006114079424	363.0
240.59006197472925	358.0
240.6000628086643	358.0
240.6100636425993	358.0
240.6200644765343	358.0
240.63006531046935	358.0
240.64006614440436	358.0
240.65006697833937	358.0
240.66006781227438	0.0
240.67006864620942	0.0
240.68006948014443	0.0
240.69007031407943	0.0
240.70007114801447	0.0
240.71007198194948	0.0
240.7200728158845	0.0
240.73007364981953	0.0
240.74007448375454	0.0
240.75007531768955	0.0
240.76007615162456	0.0
240.7700769855596	0.0
240.7800778194946	363.0
240.79007865342962	358.0
240.80007948736466	358.0
240.81008032129967	358.0
240.82008115523467	363.0
240.83008198916968	371.0
240.84008282310472	380.0
240.85008365703973	389.0
240.86008449097474	398.0
240.87008532490978	407.0
240.8800861588448	412.0
240.8900869927798	407.0
240.90008782671484	402.0
240.91008866064985	398.0
240.92008949458486	398.0
240.93009032851987	0.0
240.9400911624549	0.0
240.95009199638992	0.0
240.96009283032492	0.0
240.97009366425996	0.0
240.98009449819497	0.0
240.99009533212998	0.0
241.000096166065	0.0
241.01009700000003	0.0
241.02009783393504	0.0
241.03009866787005	0.0
241.0400995018051	0.0
241.0501003357401	0.0
241.0601011696751	0.0
241.07010200361012	0.0
241.08010283754516	0.0
241.09010367148016	0.0
241.10010450541517	0.0
241.1101053393502	0.0
241.12010617328522	0.0
241.13010700722023	0.0
241.14010784115527	0.0
241.15010867509028	0.0
241.1601095090253	0.0
241.1701103429603	0.0
241.18011117689534	0.0
241.19011201083035	0.0
241.20011284476536	0.0
241.2101136787004	0.0
241.2201145126354	0.0
241.23011534657041	0.0
241.24011618050542	0.0
241.25011701444046	0.0
241.26011784837547	0.0
241.27011868231048	0.0
241.28011951624552	350.0
241.29012035018053	350.0
241.30012118411554	354.0
241.31012201805058	375.0
241.3201228519856	384.0
241.3301236859206	389.0
241.3401245198556	389.0
241.35012535379065	389.0
241.36012618772565	384.0
241.37012702166066	375.0
241.3801278555957	358.0
241.3901286895307	346.0
241.40012952346572	346.0
241.41013035740073	358.0
241.42013119133577	371.0
241.43013202527078	380.0
241.4401328592058	384.0
241.45013369314083	398.0
241.46013452707584	402.0
241.47013536101085	402.0
241.48013619494586	398.0
241.4901370288809	393.0
241.5001378628159	393.0
241.51013869675091	393.0
241.52013953068595	393.0
241.53014036462096	389.0
241.54014119855597	384.0
241.550142032491	384.0
241.56014286642602	389.0
241.57014370036103	402.0
241.58014453429604	407.0
241.59014536823108	412.0
241.6001462021661	412.0
241.6101470361011	407.0
241.62014787003613	402.0
241.63014870397114	398.0
241.64014953790615	393.0
241.65015037184116	393.0
241.6601512057762	389.0
241.6701520397112	389.0
241.68015287364622	389.0
241.69015370758126	393.0
241.70015454151627	402.0
241.71015537545128	402.0
241.72015620938632	402.0
241.73015704332133	398.0
241.74015787725634	393.0
241.75015871119135	389.0
241.76015954512638	358.0
241.7701603790614	358.0
241.7801612129964	358.0
241.79016204693144	358.0
241.80016288086645	363.0
241.81016371480146	375.0
241.82016454873647	426.0
241.8301653826715	426.0
241.84016621660652	426.0
241.85016705054153	421.0
241.86016788447657	412.0
241.87016871841158	407.0
241.8801695523466	393.0
241.89017038628162	393.0
241.90017122021663	389.0
241.91017205415164	380.0
241.92017288808665	380.0
241.9301737220217	375.0
241.9401745559567	375.0
241.9501753898917	375.0
241.96017622382675	375.0
241.97017705776176	375.0
241.98017789169677	367.0
241.99017872563178	358.0
242.00017955956682	0.0
242.01018039350183	0.0
242.02018122743684	338.0
242.03018206137187	312.0
242.04018289530688	308.0
242.0501837292419	316.0
242.0601845631769	327.0
242.07018539711194	346.0
242.08018623104695	367.0
242.09018706498196	375.0
242.100187898917	380.0
242.110188732852	384.0
242.12018956678702	380.0
242.13019040072206	367.0
242.14019123465707	354.0
242.15019206859208	346.0
242.1601929025271	342.0
242.17019373646212	338.0
242.18019457039713	338.0
242.19019540433214	346.0
242.20019623826718	350.0
242.2101970722022	367.0
242.2201979061372	375.0
242.2301987400722	384.0
242.24019957400725	389.0
242.25020040794226	389.0
242.26020124187727	389.0
242.2702020758123	380.0
242.28020290974732	371.0
242.29020374368233	367.0
242.30020457761736	363.0
242.31020541155237	358.0
242.32020624548738	358.0
242.3302070794224	363.0
242.34020791335743	367.0
242.35020874729244	371.0
242.36020958122745	380.0
242.3702104151625	380.0
242.3802112490975	380.0
242.3902120830325	380.0
242.40021291696752	375.0
242.41021375090256	371.0
242.42021458483757	358.0
242.43021541877258	350.0
242.44021625270761	371.0
242.45021708664262	371.0
242.46021792057763	375.0
242.47021875451267	371.0
242.48021958844768	371.0
242.4902204223827	375.0
242.5002212563177	380.0
242.51022209025274	384.0
242.52022292418775	384.0
242.53022375812276	384.0
242.5402245920578	384.0
242.5502254259928	0.0
242.56022625992782	0.0
242.57022709386283	0.0
242.58022792779786	0.0
242.59022876173287	0.0
242.60022959566788	0.0
242.61023042960292	0.0
242.62023126353793	0.0
242.63023209747294	338.0
242.64023293140795	346.0
242.650233765343	371.0
242.660234599278	384.0
242.670235433213	393.0
242.68023626714805	398.0
242.69023710108306	398.0
242.70023793501807	393.0
242.7102387689531	389.0
242.7202396028881	380.0
242.73024043682312	371.0
242.74024127075813	363.0
242.75024210469317	358.0
242.76024293862818	358.0
242.7702437725632	358.0
242.78024460649823	367.0
242.79024544043324	393.0
242.80024627436825	398.0
242.81024710830326	402.0
242.8202479422383	402.0
242.8302487761733	398.0
242.84024961010832	389.0
242.85025044404335	384.0
242.86025127797836	380.0
242.87025211191337	393.0
242.8802529458484	402.0
242.89025377978342	507.0
242.90025461371843	468.0
242.91025544765344	441.0
242.92025628158848	441.0
242.9302571155235	0.0
242.9402579494585	0.0
242.95025878339354	0.0
242.96025961732855	0.0
242.97026045126356	0.0
242.98026128519857	0.0
242.9902621191336	0.0
243.0002629530686	389.0
243.01026378700362	393.0
243.02026462093866	393.0
243.03026545487367	393.0
243.04026628880868	389.0
243.05026712274372	389.0
243.06026795667873	393.0
243.07026879061374	398.0
243.08026962454875	407.0
243.0902704584838	407.0
243.1002712924188	407.0
243.1102721263538	407.0
243.12027296028884	407.0
243.13027379422385	407.0
243.14027462815886	407.0
243.15027546209387	407.0
243.1602762960289	412.0
243.17027712996392	412.0
243.18027796389893	412.0
243.19027879783397	412.0
243.20027963176898	407.0
243.210280465704	407.0
243.220281299639	402.0
243.23028213357404	402.0
243.24028296750905	398.0
243.25028380144406	398.0
243.2602846353791	393.0
243.2702854693141	393.0
243.2802863032491	393.0
243.29028713718415	393.0
243.30028797111916	393.0
243.31028880505417	393.0
243.32028963898918	398.0
243.33029047292422	398.0
243.34029130685923	402.0
243.35029214079424	398.0
243.36029297472928	393.0
243.3702938086643	389.0
243.3802946425993	380.0
243.3902954765343	375.0
243.40029631046934	0.0
243.41029714440435	0.0
243.42029797833936	0.0
243.4302988122744	0.0
243.4402996462094	0.0
243.45030048014442	0.0
243.46030131407946	0.0
243.47030214801447	0.0
243.48030298194948	389.0
243.4903038158845	384.0
243.50030464981953	380.0
243.51030548375454	380.0
243.52030631768955	380.0
243.53030715162458	384.0
243.5403079855596	393.0
243.5503088194946	402.0
243.5603096534296	407.0
243.57031048736465	407.0
243.58031132129966	402.0
243.59031215523467	398.0
243.6003129891697	398.0
243.61031382310472	393.0
243.62031465703973	393.0
243.63031549097474	393.0
243.64031632490978	398.0
243.65031715884479	398.0
243.6603179927798	402.0
243.67031882671483	402.0
243.68031966064984	402.0
243.69032049458485	398.0
243.7003213285199	398.0
243.7103221624549	393.0
243.7203229963899	384.0
243.73032383032492	371.0
243.74032466425996	358.0
243.75032549819497	354.0
243.76032633212998	354.0
243.77032716606502	389.0
243.78032800000003	402.0
243.79032883393504	417.0
243.80032966787005	417.0
243.81033050180508	407.0
243.8203313357401	398.0
243.8303321696751	371.0
243.84033300361014	0.0
243.85033383754515	0.0
243.86033467148016	0.0
243.8703355054152	0.0
243.8803363393502	0.0
243.89033717328522	0.0
243.90033800722023	0.0
243.91033884115527	0.0
243.92033967509028	312.0
243.93034050902529	316.0
243.94034134296032	316.0
243.95034217689533	316.0
243.96034301083034	316.0
243.97034384476535	316.0
243.9803446787004	316.0
243.9903455126354	316.0
244.0003463465704	316.0
244.01034718050545	312.0
244.02034801444046	632.0
244.03034884837547	312.0
244.0403496823105	312.0
244.05035051624552	312.0
244.06035135018053	316.0
244.07035218411554	316.0
244.08035301805057	316.0
244.09035385198558	316.0
244.1003546859206	316.0
244.11035551985563	316.0
244.12035635379064	316.0
244.13035718772565	316.0
244.14035802166066	316.0
244.1503588555957	0.0
244.1603596895307	0.0
244.17036052346572	0.0
244.18036135740076	0.0
244.19036219133577	639.0
244.20036302527078	0.0
244.21036385920578	632.0
244.22036469314082	632.0
244.23036552707583	624.0
244.24036636101084	617.0
244.25036719494588	0.0
244.2603680288809	0.0
244.2703688628159	0.0
244.28036969675094	0.0
244.29037053068595	0.0
244.30037136462096	0.0
244.31037219855597	0.0
244.320373032491	646.0
244.33037386642602	646.0
244.34037470036102	639.0
244.35037553429606	639.0
244.36037636823107	639.0
244.37037720216608	632.0
244.3803780361011	0.0
244.39037887003613	0.0
244.40037970397114	0.0
244.41038053790615	0.0
244.4203813718412	0.0
244.4303822057762	0.0
244.4403830397112	0.0
244.45038387364625	0.0
244.46038470758126	0.0
244.47038554151626	0.0
244.48038637545127	0.0
244.4903872093863	0.0
244.50038804332132	278.0
244.51038887725633	278.0
244.52038971119137	281.0
244.53039054512638	301.0
244.5403913790614	312.0
244.5503922129964	323.0
244.56039304693144	363.0
244.57039388086645	342.0
244.58039471480146	316.0
244.5903955487365	308.0
244.6003963826715	298.0
244.61039721660651	288.0
244.62039805054155	262.0
244.63039888447656	262.0
244.64039971841157	265.0
244.65040055234658	268.0
244.66040138628162	272.0
244.67040222021663	278.0
244.68040305415164	281.0
244.69040388808668	284.0
244.7004047220217	0.0
244.7104055559567	0.0
244.7204063898917	0.0
244.73040722382675	0.0
244.74040805776175	0.0
244.75040889169676	0.0
244.7604097256318	0.0
244.7704105595668	0.0
244.78041139350182	0.0
244.79041222743683	0.0
244.80041306137187	0.0
244.81041389530688	0.0
244.8204147292419	0.0
244.83041556317693	0.0
244.84041639711194	0.0
244.85041723104695	0.0
244.86041806498199	242.0
244.870418898917	242.0
244.880419732852	0.0
244.89042056678701	0.0
244.90042140072205	0.0
244.91042223465706	0.0
244.92042306859207	0.0
244.9304239025271	0.0
244.94042473646212	0.0
244.95042557039713	0.0
244.96042640433214	0.0
244.97042723826718	0.0
244.9804280722022	0.0
244.9904289061372	0.0
245.00042974007224	0.0
245.01043057400724	0.0
245.02043140794225	0.0
245.0304322418773	0.0
245.0404330758123	0.0
245.0504339097473	0.0
245.06043474368232	0.0
245.07043557761736	0.0
245.08043641155237	0.0
245.09043724548738	0.0
245.10043807942242	0.0
245.11043891335743	0.0
245.12043974729244	0.0
245.13044058122745	0.0
245.14044141516248	0.0
245.1504422490975	0.0
245.1604430830325	0.0
245.17044391696754	0.0
245.18044475090255	0.0
245.19044558483756	0.0
245.2004464187726	0.0
245.2104472527076	0.0
245.22044808664262	0.0
245.23044892057763	0.0
245.24044975451267	0.0
245.25045058844768	0.0
245.2604514223827	0.0
245.27045225631772	0.0
245.28045309025273	0.0
245.29045392418774	0.0
245.30045475812275	0.0
245.3104555920578	0.0
245.3204564259928	0.0
245.3304572599278	0.0
245.34045809386285	0.0
245.35045892779786	0.0
245.36045976173287	0.0
245.37046059566788	0.0
245.38046142960292	0.0
245.39046226353793	0.0
245.40046309747294	0.0
245.41046393140797	0.0
245.42046476534298	0.0
245.430465599278	0.0
245.44046643321303	0.0
245.45046726714804	0.0
245.46046810108305	0.0
245.47046893501806	0.0
245.4804697689531	0.0
245.4904706028881	0.0
245.50047143682312	0.0
245.51047227075816	0.0
245.52047310469317	0.0
245.53047393862818	0.0
245.5404747725632	0.0
245.55047560649822	0.0
245.56047644043323	0.0
245.57047727436824	0.0
245.58047810830328	0.0
245.5904789422383	0.0
245.6004797761733	0.0
245.61048061010834	0.0
245.62048144404335	0.0
245.63048227797836	0.0
245.64048311191337	0.0
245.6504839458484	0.0
245.66048477978342	0.0
245.67048561371843	0.0
245.68048644765346	0.0
245.69048728158847	0.0
245.70048811552348	0.0
245.7104889494585	0.0
245.72048978339353	0.0
245.73049061732854	0.0
245.74049145126355	0.0
245.7504922851986	0.0
245.7604931191336	0.0
245.7704939530686	0.0
245.78049478700365	0.0
245.79049562093866	0.0
245.80049645487367	0.0
245.81049728880868	0.0
245.82049812274371	0.0
245.83049895667872	0.0
245.84049979061373	0.0
245.85050062454877	0.0
245.86050145848378	0.0
245.8705022924188	0.0
245.8805031263538	0.0
245.89050396028884	0.0
245.90050479422385	0.0
245.91050562815886	0.0
245.9205064620939	0.0
245.9305072960289	0.0
245.94050812996392	0.0
245.95050896389893	0.0
245.96050979783396	0.0
245.97051063176897	0.0
245.98051146570398	0.0
245.99051229963902	0.0
246.00051313357403	0.0
246.01051396750904	0.0
246.02051480144408	0.0
246.0305156353791	0.0
246.0405164693141	0.0
246.0505173032491	0.0
246.06051813718415	0.0
246.07051897111916	0.0
246.08051980505417	0.0
246.0905206389892	0.0
246.1005214729242	0.0
246.11052230685922	0.0
246.12052314079423	0.0
246.13052397472927	0.0
246.14052480866428	0.0
246.1505256425993	0.0
246.16052647653433	0.0
246.17052731046934	0.0
246.18052814440435	0.0
246.1905289783394	0.0
246.2005298122744	0.0
246.2105306462094	0.0
246.22053148014442	0.0
246.23053231407945	0.0
246.24053314801446	0.0
246.25053398194947	0.0
246.2605348158845	0.0
246.27053564981952	0.0
246.28053648375453	0.0
246.29053731768954	0.0
246.30053815162458	0.0
246.3105389855596	0.0
246.3205398194946	0.0
246.33054065342964	0.0
246.34054148736465	0.0
246.35054232129966	0.0
246.36054315523467	0.0
246.3705439891697	0.0
246.3805448231047	0.0
246.39054565703972	0.0
246.40054649097476	0.0
246.41054732490977	0.0
246.42054815884478	0.0
246.43054899277982	0.0
246.44054982671483	0.0
246.45055066064984	0.0
246.46055149458485	0.0
246.4705523285199	0.0
246.4805531624549	0.0
246.4905539963899	0.0
246.50055483032494	0.0
246.51055566425995	0.0
246.52055649819496	0.0
246.53055733212997	0.0
246.540558166065	0.0
246.55055900000002	0.0
246.56055983393503	0.0
246.57056066787007	0.0
246.58056150180508	354.0
246.5905623357401	358.0
246.60056316967513	0.0
246.61056400361014	0.0
246.62056483754515	0.0
246.63056567148016	0.0
246.6405665054152	0.0
246.6505673393502	398.0
246.6605681732852	398.0
246.67056900722025	398.0
246.68056984115526	398.0
246.69057067509027	398.0
246.70057150902528	398.0
246.71057234296032	398.0
246.72057317689533	398.0
246.73057401083034	402.0
246.74057484476538	407.0
246.7505756787004	407.0
246.7605765126354	407.0
246.77057734657043	407.0
246.78057818050544	398.0
246.79057901444045	384.0
246.80057984837546	375.0
246.8105806823105	358.0
246.8205815162455	350.0
246.83058235018052	346.0
246.84058318411556	342.0
246.85058401805057	346.0
246.86058485198558	354.0
246.8705856859206	363.0
246.88058651985563	367.0
246.89058735379064	380.0
246.90058818772565	398.0
246.91058902166068	398.0
246.9205898555957	398.0
246.9305906895307	398.0
246.9405915234657	398.0
246.95059235740075	398.0
246.96059319133576	398.0
246.97059402527077	398.0
246.9805948592058	398.0
246.99059569314082	398.0
247.00059652707583	402.0
247.01059736101087	402.0
247.02059819494588	407.0
247.03059902888089	407.0
247.0405998628159	407.0
247.05060069675093	0.0
247.06060153068594	389.0
247.07060236462095	393.0
247.080603198556	393.0
247.090604032491	398.0
247.100604866426	398.0
247.11060570036102	402.0
247.12060653429606	402.0
247.13060736823107	402.0
247.14060820216608	402.0
247.15060903610112	402.0
247.16060987003613	398.0
247.17061070397114	398.0
247.18061153790617	393.0
247.19061237184118	393.0
247.2006132057762	389.0
247.2106140397112	389.0
247.22061487364624	389.0
247.23061570758125	0.0
247.24061654151626	0.0
247.2506173754513	0.0
247.2606182093863	0.0
247.27061904332132	323.0
247.28061987725633	338.0
247.29062071119137	380.0
247.30062154512638	389.0
247.31062237906139	398.0
247.32062321299642	402.0
247.33062404693143	402.0
247.34062488086644	398.0
247.35062571480148	389.0
247.3606265487365	380.0
247.3706273826715	371.0
247.3806282166065	363.0
247.39062905054155	358.0
247.40062988447656	354.0
247.41063071841157	354.0
247.4206315523466	358.0
247.43063238628162	371.0
247.44063322021663	380.0
247.45063405415164	389.0
247.46063488808667	393.0
247.47063572202168	398.0
247.4806365559567	398.0
247.49063738989173	393.0
247.50063822382674	393.0
247.51063905776175	389.0
247.52063989169676	389.0
247.5306407256318	389.0
247.5406415595668	389.0
247.55064239350182	393.0
247.56064322743686	398.0
247.57064406137187	402.0
247.58064489530688	412.0
247.5906457292419	412.0
247.60064656317692	417.0
247.61064739711193	417.0
247.62064823104694	417.0
247.63064906498198	412.0
247.640649898917	412.0
247.650650732852	407.0
247.66065156678704	407.0
247.67065240072205	398.0
247.68065323465706	393.0
247.69065406859207	384.0
247.7006549025271	380.0
247.71065573646212	371.0
247.72065657039713	371.0
247.73065740433216	367.0
247.74065823826717	363.0
247.75065907220218	358.0
247.76065990613722	354.0
247.77066074007223	354.0
247.78066157400724	358.0
247.79066240794225	358.0
247.8006632418773	367.0
247.8106640758123	375.0
247.8206649097473	384.0
247.83066574368235	393.0
247.84066657761736	398.0
247.85066741155237	402.0
247.86066824548737	402.0
247.8706690794224	402.0
247.88066991335742	402.0
247.89067074729243	402.0
247.90067158122747	398.0
247.91067241516248	398.0
247.9206732490975	398.0
247.93067408303253	393.0
247.94067491696754	393.0
247.95067575090255	389.0
247.96067658483756	380.0
247.9706774187726	375.0
247.9806782527076	367.0
247.99067908664261	358.0
248.00067992057765	350.0
248.01068075451266	346.0
248.02068158844767	338.0
248.03068242238268	334.0
248.04068325631772	327.0
248.05068409025273	323.0
248.06068492418774	319.0
248.07068575812278	319.0
248.0806865920578	316.0
248.0906874259928	316.0
248.1006882599278	0.0
248.11068909386285	0.0
248.12068992779786	323.0
248.13069076173286	0.0
248.1406915956679	0.0
248.1506924296029	0.0
248.16069326353792	0.0
248.17069409747296	0.0
248.18069493140797	0.0
248.19069576534298	0.0
248.200696599278	0.0
248.21069743321303	0.0
248.22069826714804	375.0
248.23069910108305	367.0
248.24069993501809	363.0
248.2507007689531	354.0
248.2607016028881	354.0
248.27070243682311	354.0
248.28070327075815	363.0
248.29070410469316	371.0
248.30070493862817	384.0
248.3107057725632	393.0
248.32070660649822	398.0
248.33070744043323	398.0
248.34070827436827	398.0
248.35070910830328	398.0
248.3607099422383	398.0
248.3707107761733	393.0
248.38071161010834	393.0
248.39071244404334	393.0
248.40071327797835	393.0
248.4107141119134	398.0
248.4207149458484	407.0
248.4307157797834	421.0
248.44071661371842	436.0
248.45071744765346	452.0
248.46071828158847	462.0
248.47071911552348	468.0
248.48071994945852	468.0
248.49072078339353	468.0
248.50072161732854	462.0
248.51072245126355	457.0
248.52072328519859	0.0
248.5307241191336	0.0
248.5407249530686	0.0
248.55072578700364	0.0
248.56072662093865	0.0
248.57072745487366	0.0
248.5807282888087	0.0
248.5907291227437	0.0
248.60072995667872	0.0
248.61073079061373	0.0
248.62073162454877	0.0
248.63073245848378	0.0
248.6407332924188	398.0
248.65073412635383	402.0
248.66073496028883	412.0
248.67073579422384	417.0
248.68073662815885	417.0
248.6907374620939	417.0
248.7007382960289	417.0
248.7107391299639	417.0
248.72073996389895	417.0
248.73074079783396	417.0
248.74074163176897	417.0
248.750742465704	412.0
248.76074329963902	412.0
248.77074413357403	412.0
248.78074496750904	0.0
248.79074580144407	0.0
248.80074663537908	0.0
248.8107474693141	0.0
248.82074830324913	0.0
248.83074913718414	0.0
248.84074997111915	0.0
248.85075080505416	0.0
248.8607516389892	0.0
248.8707524729242	0.0
248.88075330685922	0.0
248.89075414079426	398.0
248.90075497472927	398.0
248.91075580866428	398.0
248.92075664259932	398.0
248.93075747653432	398.0
248.94075831046933	398.0
248.95075914440434	398.0
248.96075997833938	398.0
248.9707608122744	398.0
248.9807616462094	398.0
248.99076248014444	393.0
249.00076331407945	393.0
249.01076414801446	393.0
249.02076498194947	393.0
249.0307658158845	393.0
249.04076664981952	398.0
249.05076748375453	398.0
249.06076831768956	398.0
249.07076915162457	398.0
249.08076998555958	398.0
249.0907708194946	398.0
249.10077165342963	398.0
249.11077248736464	398.0
249.12077332129965	398.0
249.1307741552347	398.0
249.1407749891697	398.0
249.1507758231047	398.0
249.16077665703975	398.0
249.17077749097476	398.0
249.18077832490977	398.0
249.19077915884478	393.0
249.20077999277981	0.0
249.21078082671482	0.0
249.22078166064983	0.0
249.23078249458487	0.0
249.24078332851988	0.0
249.2507841624549	250.0
249.2607849963899	250.0
249.27078583032494	248.0
249.28078666425995	250.0
249.29078749819496	256.0
249.30078833213	262.0
249.310789166065	268.0
249.32079000000002	275.0
249.33079083393505	278.0
249.34079166787006	284.0
249.35079250180507	288.0
249.36079333574008	294.0
249.37079416967512	305.0
249.38079500361013	316.0
249.39079583754514	331.0
249.40079667148018	350.0
249.4107975054152	421.0
249.4207983393502	473.0
249.4307991732852	473.0
249.44080000722025	462.0
249.45080084115526	417.0
249.46080167509027	402.0
249.4708025090253	389.0
249.48080334296031	380.0
249.49080417689532	375.0
249.50080501083036	375.0
249.51080584476537	452.0
249.52080667870038	473.0
249.5308075126354	484.0
249.54080834657043	484.0
249.55080918050544	473.0
249.56081001444045	447.0
249.5708108483755	421.0
249.5808116823105	398.0
249.5908125162455	389.0
249.60081335018052	384.0
249.61081418411555	384.0
249.62081501805056	389.0
249.63081585198557	398.0
249.6408166859206	407.0
249.65081751985562	407.0
249.66081835379063	407.0
249.67081918772564	402.0
249.68082002166068	398.0
249.6908208555957	393.0
249.7008216895307	384.0
249.71082252346574	384.0
249.72082335740075	384.0
249.73082419133576	389.0
249.7408250252708	398.0
249.7508258592058	412.0
249.7608266931408	417.0
249.77082752707582	421.0
249.78082836101086	412.0
249.79082919494587	402.0
249.80083002888088	389.0
249.81083086281592	384.0
249.82083169675093	384.0
249.83083253068594	389.0
249.84083336462095	393.0
249.850834198556	402.0
249.860835032491	402.0
249.870835866426	398.0
249.88083670036104	389.0
249.89083753429605	375.0
249.90083836823106	358.0
249.9108392021661	346.0
249.9208400361011	346.0
249.93084087003612	354.0
249.94084170397113	389.0
249.95084253790617	402.0
249.96084337184118	407.0
249.9708442057762	412.0
249.98084503971123	407.0
249.99084587364624	393.0
250.00084670758125	380.0
250.01084754151626	346.0
250.0208483754513	316.0
250.0308492093863	301.0
250.0408500433213	298.0
250.05085087725635	298.0
250.06085171119136	305.0
250.07085254512637	312.0
250.0808533790614	316.0
250.09085421299642	323.0
250.10085504693143	323.0
250.11085588086644	319.0
250.12085671480148	316.0
250.1308575487365	308.0
250.1408583826715	308.0
250.15085921660653	312.0
250.16086005054154	331.0
250.17086088447655	380.0
250.18086171841156	389.0
250.1908625523466	402.0
250.2008633862816	407.0
250.21086422021662	407.0
250.22086505415166	393.0
250.23086588808667	371.0
250.24086672202168	338.0
250.2508675559567	319.0
250.26086838989173	312.0
250.27086922382674	316.0
250.28087005776175	319.0
250.29087089169678	331.0
250.3008717256318	346.0
250.3108725595668	367.0
250.32087339350184	384.0
250.33087422743685	393.0
250.34087506137186	393.0
250.35087589530687	393.0
250.3608767292419	393.0
250.37087756317692	389.0
250.38087839711193	389.0
250.39087923104697	393.0
250.40088006498198	393.0
250.410880898917	393.0
250.420881732852	398.0
250.43088256678703	398.0
250.44088340072204	398.0
250.45088423465705	398.0
250.4608850685921	393.0
250.4708859025271	389.0
250.4808867364621	389.0
250.49088757039715	389.0
250.50088840433216	389.0
250.51088923826717	393.0
250.52089007220218	402.0
250.53089090613722	407.0
250.54089174007223	412.0
250.55089257400724	412.0
250.56089340794227	407.0
250.57089424187728	402.0
250.5808950758123	398.0
250.5908959097473	389.0
250.60089674368234	384.0
250.61089757761735	384.0
250.62089841155236	389.0
250.6308992454874	393.0
250.6409000794224	407.0
250.65090091335742	407.0
250.66090174729243	407.0
250.67090258122747	407.0
250.68090341516248	398.0
250.69090424909749	393.0
250.70090508303252	389.0
250.71090591696753	389.0
250.72090675090254	393.0
250.73090758483758	398.0
250.7409084187726	402.0
250.7509092527076	402.0
250.7609100866426	402.0
250.77091092057765	398.0
250.78091175451266	398.0
250.79091258844767	398.0
250.8009134223827	393.0
250.81091425631772	393.0
250.82091509025273	389.0
250.83091592418774	346.0
250.84091675812277	0.0
250.85091759205778	0.0
250.8609184259928	0.0
250.87091925992783	0.0
250.88092009386284	0.0
250.89092092779785	0.0
250.9009217617329	398.0
250.9109225956679	398.0
250.9209234296029	393.0
250.93092426353792	384.0
250.94092509747296	384.0
250.95092593140797	0.0
250.96092676534298	0.0
250.970927599278	0.0
250.98092843321302	316.0
250.99092926714803	319.0
251.00093010108304	323.0
251.01093093501808	327.0
251.0209317689531	331.0
251.0309326028881	380.0
251.04093343682314	380.0
251.05093427075815	389.0
251.06093510469316	398.0
251.0709359386282	0.0
251.0809367725632	0.0
251.09093760649822	0.0
251.10093844043323	468.0
251.11093927436826	468.0
251.12094010830327	468.0
251.13094094223828	468.0
251.14094177617332	0.0
251.15094261010833	0.0
251.16094344404334	0.0
251.17094427797835	0.0
251.1809451119134	0.0
251.1909459458484	0.0
251.2009467797834	0.0
251.21094761371845	0.0
251.22094844765346	0.0
251.23094928158847	0.0
251.24095011552348	0.0
251.2509509494585	0.0
251.26095178339352	0.0
251.27095261732853	0.0
251.28095345126357	0.0
251.29095428519858	0.0
251.3009551191336	0.0
251.31095595306863	0.0
251.32095678700364	0.0
251.33095762093865	0.0
251.34095845487366	0.0
251.3509592888087	0.0
251.3609601227437	0.0
251.37096095667872	0.0
251.38096179061375	0.0
251.39096262454876	0.0
251.40096345848377	0.0
251.41096429241878	0.0
251.42096512635382	0.0
251.43096596028883	0.0
251.44096679422384	0.0
251.45096762815888	398.0
251.4609684620939	398.0
251.4709692960289	398.0
251.48097012996394	402.0
251.49097096389895	402.0
251.50097179783396	402.0
251.51097263176896	402.0
251.520973465704	402.0
251.530974299639	402.0
251.54097513357402	402.0
251.55097596750906	402.0
251.56097680144407	398.0
251.57097763537908	393.0
251.5809784693141	380.0
251.59097930324913	367.0
251.60098013718414	363.0
251.61098097111915	358.0
251.62098180505419	358.0
251.6309826389892	363.0
251.6409834729242	371.0
251.65098430685924	375.0
251.66098514079425	384.0
251.67098597472926	402.0
251.68098680866427	402.0
251.6909876425993	398.0
251.70098847653432	393.0
251.71098931046933	384.0
251.72099014440437	371.0
251.73099097833938	367.0
251.7409918122744	363.0
251.7509926462094	358.0
251.76099348014444	358.0
251.77099431407945	367.0
251.78099514801445	371.0
251.7909959819495	375.0
251.8009968158845	375.0
251.8109976498195	375.0
251.82099848375452	375.0
251.83099931768956	371.0
251.84100015162457	371.0
251.85100098555958	363.0
251.86100181949462	354.0
251.87100265342963	346.0
251.88100348736464	334.0
251.89100432129968	327.0
251.90100515523469	323.0
251.9110059891697	323.0
251.9210068231047	319.0
251.93100765703974	316.0
251.94100849097475	316.0
251.95100932490976	316.0
251.9610101588448	316.0
251.9710109927798	316.0
251.98101182671482	319.0
251.99101266064983	319.0
252.00101349458487	319.0
252.01101432851988	319.0
252.0210151624549	319.0
252.03101599638993	316.0
252.04101683032493	316.0
252.05101766425994	316.0
252.06101849819498	316.0
252.07101933213	319.0
252.081020166065	319.0
252.091021	319.0
252.10102183393505	323.0
252.11102266787006	0.0
252.12102350180507	0.0
252.1310243357401	0.0
252.14102516967512	0.0
252.15102600361013	0.0
252.16102683754514	0.0
252.17102767148018	0.0
252.18102850541518	0.0
252.1910293393502	350.0
252.20103017328523	354.0
252.21103100722024	358.0
252.22103184115525	363.0
252.2310326750903	371.0
252.2410335090253	384.0
252.2510343429603	393.0
252.26103517689532	393.0
252.27103601083036	393.0
252.28103684476537	393.0
252.29103767870038	393.0
252.30103851263542	393.0
252.31103934657042	393.0
252.32104018050543	393.0
252.33104101444044	393.0
252.34104184837548	402.0
252.3510426823105	407.0
252.3610435162455	412.0
252.37104435018054	412.0
252.38104518411555	417.0
252.39104601805056	417.0
252.40104685198557	417.0
252.4110476859206	417.0
252.42104851985562	421.0
252.43104935379063	421.0
252.44105018772566	421.0
252.45105102166067	421.0
252.46105185559568	421.0
252.47105268953072	421.0
252.48105352346573	417.0
252.49105435740074	412.0
252.50105519133575	407.0
252.5110560252708	407.0
252.5210568592058	402.0
252.5310576931408	402.0
252.54105852707585	398.0
252.55105936101086	398.0
252.56106019494587	398.0
252.57106102888088	398.0
252.58106186281591	398.0
252.59106269675092	398.0
252.60106353068593	398.0
252.61106436462097	398.0
252.62106519855598	398.0
252.631066032491	398.0
252.64106686642603	398.0
252.65106770036104	398.0
252.66106853429605	398.0
252.67106936823106	402.0
252.6810702021661	402.0
252.6910710361011	402.0
252.70107187003612	308.0
252.71107270397115	305.0
252.72107353790616	298.0
252.73107437184117	298.0
252.74107520577618	298.0
252.75107603971122	301.0
252.76107687364623	301.0
252.77107770758124	305.0
252.78107854151628	305.0
252.7910793754513	0.0
252.8010802093863	0.0
252.8110810433213	0.0
252.82108187725635	0.0
252.83108271119136	0.0
252.84108354512637	0.0
252.8510843790614	0.0
252.86108521299641	0.0
252.87108604693142	0.0
252.88108688086646	0.0
252.89108771480147	0.0
252.90108854873648	0.0
252.9110893826715	0.0
252.92109021660653	0.0
252.93109105054154	0.0
252.94109188447655	0.0
252.9510927184116	0.0
252.9610935523466	0.0
252.9710943862816	0.0
252.98109522021662	0.0
252.99109605415165	0.0
253.00109688808666	0.0
253.01109772202167	0.0
253.0210985559567	0.0
253.03109938989172	0.0
253.04110022382673	0.0
253.05110105776177	0.0
253.06110189169678	0.0
253.0711027256318	0.0
253.0811035595668	0.0
253.09110439350184	0.0
253.10110522743685	0.0
253.11110606137186	0.0
253.1211068953069	0.0
253.1311077292419	0.0
253.1411085631769	0.0
253.15110939711192	0.0
253.16111023104696	0.0
253.17111106498197	0.0
253.18111189891698	0.0
253.19111273285202	0.0
253.20111356678703	0.0
253.21111440072204	0.0
253.22111523465708	0.0
253.2311160685921	0.0
253.2411169025271	0.0
253.2511177364621	0.0
253.26111857039714	0.0
253.27111940433215	0.0
253.28112023826716	0.0
253.2911210722022	0.0
253.3011219061372	0.0
253.31112274007222	0.0
253.32112357400723	0.0
253.33112440794227	0.0
253.34112524187728	0.0
253.3511260758123	0.0
253.36112690974733	0.0
253.37112774368234	0.0
253.38112857761735	0.0
253.39112941155236	0.0
253.4011302454874	0.0
253.4111310794224	0.0
253.4211319133574	0.0
253.43113274729245	0.0
253.44113358122746	0.0
253.45113441516247	0.0
253.4611352490975	398.0
253.47113608303252	398.0
253.48113691696753	398.0
253.49113775090254	398.0
253.50113858483758	398.0
253.5111394187726	402.0
253.5211402527076	402.0
253.53114108664263	402.0
253.54114192057764	398.0
253.55114275451265	398.0
253.56114358844766	398.0
253.5711444223827	393.0
253.5811452563177	393.0
253.59114609025272	393.0
253.60114692418776	398.0
253.61114775812277	398.0
253.62114859205778	398.0
253.63114942599282	402.0
253.64115025992783	407.0
253.65115109386284	407.0
253.66115192779785	407.0
253.67115276173288	407.0
253.6811535956679	402.0
253.6911544296029	393.0
253.70115526353794	393.0
253.71115609747295	389.0
253.72115693140796	389.0
253.73115776534297	0.0
253.741158599278	393.0
253.75115943321302	393.0
253.76116026714803	398.0
253.77116110108307	398.0
253.78116193501808	402.0
253.7911627689531	407.0
253.80116360288812	407.0
253.81116443682313	407.0
253.82116527075814	407.0
253.83116610469315	402.0
253.8411669386282	398.0
253.8511677725632	393.0
253.8611686064982	389.0
253.87116944043325	384.0
253.88117027436826	384.0
253.89117110830327	384.0
253.90117194223828	384.0
253.91117277617332	389.0
253.92117361010833	407.0
253.93117444404334	421.0
253.94117527797837	426.0
253.95117611191338	426.0
253.9611769458484	393.0
253.9711777797834	393.0
253.98117861371844	393.0
253.99117944765345	389.0
254.00118028158846	389.0
254.0111811155235	389.0
254.0211819494585	384.0
254.03118278339352	384.0
254.04118361732856	389.0
254.05118445126357	0.0
254.06118528519858	0.0
254.07118611913359	0.0
254.08118695306862	0.0
254.09118778700363	0.0
254.10118862093864	398.0
254.11118945487368	402.0
254.1211902888087	402.0
254.1311911227437	407.0
254.1411919566787	412.0
254.15119279061375	412.0
254.16119362454876	412.0
254.17119445848377	412.0
254.1811952924188	412.0
254.19119612635382	407.0
254.20119696028883	407.0
254.21119779422386	402.0
254.22119862815887	398.0
254.23119946209388	398.0
254.2412002960289	393.0
254.25120112996393	393.0
254.26120196389894	393.0
254.27120279783395	393.0
254.281203631769	402.0
254.291204465704	407.0
254.301205299639	412.0
254.31120613357402	412.0
254.32120696750906	412.0
254.33120780144407	402.0
254.34120863537908	398.0
254.3512094693141	393.0
254.36121030324912	393.0
254.37121113718413	0.0
254.38121197111917	0.0
254.39121280505418	0.0
254.4012136389892	0.0
254.4112144729242	0.0
254.42121530685924	0.0
254.43121614079425	0.0
254.44121697472926	0.0
254.4512178086643	0.0
254.4612186425993	0.0
254.47121947653432	0.0
254.48122031046933	0.0
254.49122114440436	380.0
254.50122197833937	389.0
254.51122281227438	412.0
254.52122364620942	412.0
254.53122448014443	417.0
254.54122531407944	417.0
254.55122614801445	417.0
254.5612269819495	407.0
254.5712278158845	407.0
254.5812286498195	398.0
254.59122948375455	398.0
254.60123031768956	0.0
254.61123115162457	0.0
254.6212319855596	0.0
254.6312328194946	389.0
254.64123365342962	393.0
254.65123448736463	398.0
254.66123532129967	402.0
254.67123615523468	402.0
254.6812369891697	398.0
254.69123782310473	398.0
254.70123865703974	393.0
254.71123949097475	393.0
254.72124032490976	389.0
254.7312411588448	389.0
254.7412419927798	393.0
254.75124282671482	398.0
254.76124366064985	421.0
254.77124449458486	436.0
254.78124532851987	441.0
254.7912461624549	447.0
254.80124699638992	441.0
254.81124783032493	431.0
254.82124866425994	417.0
254.83124949819498	380.0
254.84125033213	363.0
254.851251166065	358.0
254.86125200000004	358.0
254.87125283393505	0.0
254.88125366787006	0.0
254.89125450180507	0.0
254.9012553357401	0.0
254.9112561696751	589.0
254.92125700361012	583.0
254.93125783754516	569.0
254.94125867148017	0.0
254.95125950541518	0.0
254.96126033935022	398.0
254.97126117328523	393.0
254.98126200722024	398.0
254.99126284115525	407.0
255.00126367509029	417.0
255.0112645090253	421.0
255.0212653429603	421.0
255.03126617689534	417.0
255.04126701083035	407.0
255.05126784476536	389.0
255.06126867870037	389.0
255.0712695126354	389.0
255.08127034657042	389.0
255.09127118050543	393.0
255.10127201444047	402.0
255.11127284837548	412.0
255.1212736823105	412.0
255.1312745162455	412.0
255.14127535018054	407.0
255.15127618411555	393.0
255.16127701805055	407.0
255.1712778519856	367.0
255.1812786859206	371.0
255.1912795198556	371.0
255.20128035379065	375.0
255.21128118772566	384.0
255.22128202166067	431.0
255.23128285559568	436.0
255.24128368953072	436.0
255.25128452346573	431.0
255.26128535740074	0.0
255.27128619133578	0.0
255.28128702527079	0.0
255.2912878592058	0.0
255.3012886931408	0.0
255.31128952707584	323.0
255.32129036101085	323.0
255.33129119494586	323.0
255.3412920288809	323.0
255.3512928628159	323.0
255.36129369675092	323.0
255.37129453068596	0.0
255.38129536462097	0.0
255.39129619855598	0.0
255.401297032491	0.0
255.41129786642603	350.0
255.42129870036104	375.0
255.43129953429604	393.0
255.44130036823108	407.0
255.4513012021661	412.0
255.4613020361011	417.0
255.4713028700361	417.0
255.48130370397115	0.0
255.49130453790616	0.0
255.50130537184117	0.0
255.5113062057762	0.0
255.52130703971122	0.0
255.53130787364623	380.0
255.54130870758124	371.0
255.55130954151628	375.0
255.56131037545128	384.0
255.5713112093863	393.0
255.58131204332133	398.0
255.59131287725634	398.0
255.60131371119135	398.0
255.6113145451264	398.0
255.6213153790614	398.0
255.6313162129964	398.0
255.64131704693142	398.0
255.65131788086646	398.0
255.66131871480147	398.0
255.67131954873648	398.0
255.68132038267152	398.0
255.69132121660653	398.0
255.70132205054153	398.0
255.71132288447654	398.0
255.72132371841158	398.0
255.7313245523466	398.0
255.7413253862816	398.0
255.75132622021664	402.0
255.76132705415165	407.0
255.77132788808666	407.0
255.7813287220217	412.0
255.7913295559567	407.0
255.80133038989172	402.0
255.81133122382673	398.0
255.82133205776177	393.0
255.83133289169677	393.0
255.84133372563178	389.0
255.85133455956682	393.0
255.86133539350183	398.0
255.87133622743684	407.0
255.88133706137185	412.0
255.8913378953069	412.0
255.9013387292419	417.0
255.9113395631769	412.0
255.92134039711195	412.0
255.93134123104696	402.0
255.94134206498197	393.0
255.951342898917	384.0
255.96134373285201	384.0
255.97134456678702	389.0
255.98134540072203	0.0
255.99134623465707	0.0
256.00134706859205	0.0
256.0113479025271	0.0
256.02134873646213	398.0
256.03134957039714	402.0
256.04135040433215	0.0
256.05135123826716	0.0
256.06135207220217	0.0
256.07135290613724	0.0
256.08135374007225	0.0
256.09135457400725	0.0
256.10135540794226	0.0
256.1113562418773	0.0
256.1213570758123	0.0
256.1313579097473	0.0
256.14135874368236	393.0
256.15135957761737	402.0
256.1613604115524	402.0
256.1713612454874	402.0
256.1813620794224	402.0
256.1913629133574	402.0
256.2013637472924	398.0
256.2113645812275	384.0
256.2213654151625	375.0
256.2313662490975	367.0
256.2413670830325	358.0
256.2513679169675	358.0
256.26136875090253	358.0
256.27136958483754	367.0
256.2813704187726	380.0
256.2913712527076	393.0
256.30137208664263	393.0
256.31137292057764	393.0
256.32137375451265	393.0
256.33137458844766	398.0
256.34137542238267	398.0
256.35137625631774	398.0
256.36137709025274	398.0
256.37137792418775	393.0
256.38137875812276	393.0
256.3913795920578	398.0
256.4013804259928	398.0
256.4113812599278	398.0
256.42138209386286	407.0
256.43138292779787	412.0
256.4413837617329	417.0
256.4513845956679	417.0
256.4613854296029	417.0
256.4713862635379	417.0
256.481387097473	417.0
256.491387931408	417.0
256.501388765343	412.0
256.511389599278	407.0
256.521390433213	398.0
256.531391267148	393.0
256.54139210108303	398.0
256.5513929350181	417.0
256.5613937689531	447.0
256.5713946028881	468.0
256.58139543682313	473.0
256.59139627075814	473.0
256.60139710469315	473.0
256.61139793862816	468.0
256.6213987725632	452.0
256.63139960649823	421.0
256.64140044043324	417.0
256.65140127436825	412.0
256.66140210830326	0.0
256.6714029422383	0.0
256.6814037761733	0.0
256.69140461010835	468.0
256.70140544404336	0.0
256.71140627797837	0.0
256.7214071119134	0.0
256.7314079458484	0.0
256.7414087797834	0.0
256.7514096137184	0.0
256.7614104476535	0.0
256.7714112815885	393.0
256.7814121155235	398.0
256.7914129494585	398.0
256.8014137833935	398.0
256.8114146173285	398.0
256.8214154512636	398.0
256.8314162851986	398.0
256.8414171191336	398.0
256.8514179530686	402.0
256.86141878700363	402.0
256.87141962093864	402.0
256.88142045487365	402.0
256.8914212888087	402.0
256.9014221227437	398.0
256.91142295667873	398.0
256.92142379061374	393.0
256.93142462454875	393.0
256.94142545848376	389.0
256.9514262924188	384.0
256.96142712635384	380.0
256.97142796028885	367.0
256.98142879422386	358.0
256.99142962815887	350.0
257.0014304620939	342.0
257.0114312960289	334.0
257.0214321299639	331.0
257.03143296389896	327.0
257.041433797834	323.0
257.051434631769	319.0
257.061435465704	316.0
257.071436299639	316.0
257.081437133574	316.0
257.091437967509	319.0
257.1014388014441	323.0
257.1114396353791	327.0
257.1214404693141	334.0
257.1314413032491	354.0
257.14144213718413	363.0
257.15144297111914	402.0
257.16144380505415	402.0
257.1714446389892	398.0
257.1814454729242	389.0
257.19144630685923	375.0
257.20144714079424	367.0
257.21144797472925	358.0
257.22144880866426	358.0
257.23144964259933	358.0
257.24145047653434	371.0
257.25145131046935	380.0
257.26145214440436	389.0
257.27145297833937	393.0
257.2814538122744	398.0
257.2914546462094	398.0
257.30145548014445	393.0
257.31145631407946	393.0
257.3214571480145	393.0
257.3314579819495	393.0
257.3414588158845	393.0
257.3514596498195	393.0
257.3614604837545	393.0
257.3714613176896	393.0
257.3814621516246	398.0
257.3914629855596	412.0
257.4014638194946	412.0
257.4114646534296	417.0
257.4214654873646	417.0
257.43146632129964	412.0
257.4414671552347	407.0
257.4514679891697	398.0
257.4614688231047	398.0
257.47146965703973	398.0
257.48147049097474	402.0
257.49147132490975	412.0
257.50147215884476	421.0
257.51147299277983	0.0
257.52147382671484	468.0
257.53147466064985	0.0
257.54147549458486	0.0
257.55147632851987	0.0
257.5614771624549	0.0
257.5714779963899	0.0
257.58147883032495	0.0
257.59147966425996	0.0
257.601480498195	0.0
257.61148133213	0.0
257.621482166065	0.0
257.631483	0.0
257.64148383393507	412.0
257.6514846678701	412.0
257.6614855018051	412.0
257.6714863357401	412.0
257.6814871696751	412.0
257.6914880036101	417.0
257.7014888375451	417.0
257.7114896714802	417.0
257.7214905054152	417.0
257.7314913393502	412.0
257.7414921732852	407.0
257.75149300722023	402.0
257.76149384115524	398.0
257.77149467509025	393.0
257.7814955090253	393.0
257.79149634296033	393.0
257.80149717689534	393.0
257.81149801083035	398.0
257.82149884476536	398.0
257.83149967870037	398.0
257.8415005126354	398.0
257.85150134657044	398.0
257.86150218050545	398.0
257.87150301444046	398.0
257.8815038483755	398.0
257.8915046823105	393.0
257.9015055162455	393.0
257.9115063501805	389.0
257.92150718411557	380.0
257.9315080180506	371.0
257.9415088519856	363.0
257.9515096859206	354.0
257.9615105198556	346.0
257.9715113537906	342.0
257.9815121877256	331.0
257.9915130216607	323.0
258.0015138555957	319.0
258.0115146895307	316.0
258.0215155234657	316.0
258.03151635740073	346.0
258.04151719133574	346.0
258.0515180252708	0.0
258.0615188592058	0.0
258.07151969314083	0.0
258.08152052707584	0.0
258.09152136101085	0.0
258.10152219494586	0.0
258.11152302888087	389.0
258.12152386281593	380.0
258.13152469675094	371.0
258.14152553068595	358.0
258.15152636462096	350.0
258.161527198556	350.0
258.171528032491	0.0
258.181528866426	0.0
258.19152970036106	0.0
258.20153053429607	0.0
258.2115313682311	412.0
258.2215322021661	412.0
258.2315330361011	407.0
258.2415338700361	398.0
258.2515347039711	393.0
258.2615355379062	389.0
258.2715363718412	384.0
258.2815372057762	380.0
258.2915380397112	384.0
258.3015388736462	393.0
258.31153970758123	402.0
258.32154054151624	407.0
258.3315413754513	412.0
258.3415422093863	412.0
258.3515430433213	407.0
258.36154387725634	407.0
258.37154471119135	402.0
258.38154554512636	393.0
258.3915463790614	384.0
258.40154721299643	380.0
258.41154804693144	380.0
258.42154888086645	380.0
258.43154971480146	393.0
258.4415505487365	412.0
258.4515513826715	426.0
258.46155221660655	441.0
258.47155305054156	457.0
258.48155388447657	462.0
258.4915547184116	462.0
258.5015555523466	462.0
258.5115563862816	457.0
258.5215572202166	447.0
258.5315580541517	436.0
258.5415588880867	431.0
258.5515597220217	431.0
258.5615605559567	436.0
258.5715613898917	441.0
258.5815622238267	0.0
258.59156305776173	0.0
258.6015638916968	0.0
258.6115647256318	0.0
258.6215655595668	0.0
258.6315663935018	0.0
258.64156722743684	0.0
258.65156806137185	0.0
258.66156889530686	0.0
258.6715697292419	0.0
258.68157056317693	0.0
258.69157139711194	0.0
258.70157223104695	0.0
258.71157306498196	0.0
258.721573898917	0.0
258.731574732852	0.0
258.74157556678705	0.0
258.75157640072206	0.0
258.76157723465707	0.0
258.7715780685921	0.0
258.7815789025271	0.0
258.7915797364621	0.0
258.80158057039716	0.0
258.8115814043322	0.0
258.8215822382672	0.0
258.8315830722022	0.0
258.8415839061372	0.0
258.8515847400722	0.0
258.8615855740072	0.0
258.8715864079423	0.0
258.8815872418773	0.0
258.8915880758123	0.0
258.9015889097473	0.0
258.9115897436823	0.0
258.92159057761734	0.0
258.93159141155235	0.0
258.9415922454874	0.0
258.9515930794224	0.0
258.96159391335743	0.0
258.97159474729244	0.0
258.98159558122745	0.0
258.99159641516246	0.0
259.0015972490975	0.0
259.01159808303254	0.0
259.02159891696755	0.0
259.03159975090256	0.0
259.04160058483757	0.0
259.0516014187726	0.0
259.0616022527076	0.0
259.0716030866426	0.0
259.08160392057766	0.0
259.0916047545127	398.0
259.1016055884477	398.0
259.1116064223827	402.0
259.1216072563177	407.0
259.1316080902527	412.0
259.1416089241877	0.0
259.1516097581228	417.0
259.1616105920578	421.0
259.1716114259928	421.0
259.1816122599278	421.0
259.1916130938628	421.0
259.20161392779784	421.0
259.2116147617329	417.0
259.2216155956679	412.0
259.2316164296029	402.0
259.24161726353793	389.0
259.25161809747294	375.0
259.26161893140795	371.0
259.27161976534296	363.0
259.281620599278	358.0
259.29162143321304	358.0
259.30162226714805	358.0
259.31162310108306	358.0
259.32162393501807	358.0
259.3316247689531	363.0
259.3416256028881	371.0
259.35162643682315	375.0
259.36162727075816	384.0
259.3716281046932	393.0
259.3816289386282	398.0
259.3916297725632	398.0
259.4016306064982	398.0
259.4116314404332	398.0
259.4216322743683	398.0
259.4316331083033	398.0
259.4416339422383	398.0
259.4516347761733	398.0
259.4616356101083	398.0
259.4716364440433	398.0
259.48163727797834	398.0
259.4916381119134	398.0
259.5016389458484	398.0
259.5116397797834	402.0
259.52164061371843	402.0
259.53164144765344	402.0
259.54164228158845	402.0
259.5516431155235	402.0
259.5616439494585	398.0
259.57164478339354	398.0
259.58164561732855	398.0
259.59164645126356	398.0
259.60164728519857	398.0
259.6116481191336	398.0
259.62164895306864	0.0
259.63164978700365	0.0
259.64165062093866	316.0
259.6516514548737	323.0
259.6616522888087	327.0
259.6716531227437	327.0
259.6816539566787	323.0
259.69165479061377	316.0
259.7016556245488	312.0
259.7116564584838	308.0
259.7216572924188	308.0
259.7316581263538	308.0
259.7416589602888	312.0
259.7516597942238	323.0
259.7616606281589	0.0
259.7716614620939	407.0
259.7816622960289	412.0
259.7916631299639	426.0
259.80166396389893	426.0
259.81166479783394	412.0
259.82166563176895	402.0
259.831666465704	384.0
259.841667299639	367.0
259.85166813357404	358.0
259.86166896750905	354.0
259.87166980144406	346.0
259.88167063537907	346.0
259.8916714693141	350.0
259.90167230324914	358.0
259.91167313718415	389.0
259.92167397111916	402.0
259.9316748050542	407.0
259.9416756389892	407.0
259.9516764729242	402.0
259.96167730685926	398.0
259.97167814079427	389.0
259.9816789747293	389.0
259.9916798086643	384.0
260.0016806425993	384.0
260.0116814765343	393.0
260.0216823104693	407.0
260.0316831444044	417.0
260.0416839783394	426.0
260.0516848122744	431.0
260.0616856462094	426.0
260.0716864801444	421.0
260.08168731407943	407.0
260.09168814801444	398.0
260.1016889819495	393.0
260.1116898158845	389.0
260.1216906498195	389.0
260.13169148375454	441.0
260.14169231768955	484.0
260.15169315162456	610.0
260.16169398555957	610.0
260.17169481949463	596.0
260.18169565342964	501.0
260.19169648736465	447.0
260.20169732129966	426.0
260.21169815523467	412.0
260.2216989891697	402.0
260.2316998231047	402.0
260.24170065703976	402.0
260.25170149097477	407.0
260.2617023249098	412.0
260.2717031588448	417.0
260.2817039927798	417.0
260.2917048267148	407.0
260.3017056606498	398.0
260.3117064945849	389.0
260.3217073285199	384.0
260.3317081624549	384.0
260.3417089963899	384.0
260.3517098303249	389.0
260.36171066425993	398.0
260.371711498195	398.0
260.38171233213	398.0
260.391713166065	398.0
260.401714	393.0
260.41171483393504	384.0
260.42171566787005	375.0
260.43171650180506	354.0
260.4417173357401	338.0
260.45171816967513	327.0
260.46171900361014	323.0
260.47171983754515	334.0
260.48172067148016	350.0
260.49172150541517	371.0
260.5017223393502	412.0
260.51172317328525	421.0
260.52172400722026	426.0
260.53172484115527	431.0
260.5417256750903	426.0
260.5517265090253	412.0
260.5617273429603	393.0
260.5717281768953	375.0
260.5817290108304	358.0
260.5917298447654	346.0
260.6017306787004	342.0
260.6117315126354	342.0
260.6217323465704	346.0
260.6317331805054	354.0
260.64173401444043	375.0
260.6517348483755	393.0
260.6617356823105	398.0
260.6717365162455	398.0
260.6817373501805	398.0
260.69173818411554	393.0
260.70173901805055	389.0
260.71173985198556	389.0
260.7217406859206	389.0
260.73174151985563	389.0
260.74174235379064	393.0
260.75174318772565	398.0
260.76174402166066	407.0
260.77174485559567	407.0
260.78174568953074	412.0
260.79174652346575	412.0
260.80174735740076	407.0
260.81174819133577	407.0
260.8217490252708	402.0
260.8317498592058	402.0
260.8417506931408	402.0
260.85175152707586	402.0
260.8617523610109	407.0
260.8717531949459	412.0
260.8817540288809	412.0
260.8917548628159	417.0
260.9017556967509	412.0
260.9117565306859	412.0
260.921757364621	407.0
260.931758198556	402.0
260.941759032491	393.0
260.951759866426	389.0
260.961760700361	389.0
260.97176153429604	393.0
260.98176236823105	402.0
260.9917632021661	412.0
261.0017640361011	417.0
261.01176487003613	417.0
261.02176570397114	417.0
261.03176653790615	412.0
261.04176737184116	407.0
261.05176820577617	402.0
261.06176903971124	402.0
261.07176987364625	402.0
261.08177070758126	402.0
261.09177154151627	402.0
261.1017723754513	407.0
261.1117732093863	407.0
261.12177404332135	412.0
261.13177487725636	412.0
261.14177571119137	412.0
261.1517765451264	412.0
261.1617773790614	412.0
261.1717782129964	407.0
261.1817790469314	398.0
261.1917798808665	389.0
261.2017807148015	380.0
261.2117815487365	375.0
261.2217823826715	367.0
261.2317832166065	363.0
261.2417840505415	354.0
261.25178488447654	346.0
261.2617857184116	342.0
261.2717865523466	334.0
261.2817873862816	323.0
261.29178822021663	319.0
261.30178905415164	319.0
261.31178988808665	316.0
261.32179072202166	316.0
261.3317915559567	319.0
261.34179238989174	319.0
261.35179322382675	323.0
261.36179405776176	323.0
261.37179489169677	323.0
261.3817957256318	323.0
261.3917965595668	323.0
261.40179739350185	319.0
261.41179822743686	319.0
261.42179906137187	316.0
261.4317998953069	312.0
261.4418007292419	316.0
261.4518015631769	323.0
261.4618023971119	338.0
261.471803231047	358.0
261.481804064982	393.0
261.491804898917	407.0
261.501805732852	417.0
261.511806566787	421.0
261.521807400722	412.0
261.5318082346571	393.0
261.5418090685921	371.0
261.5518099025271	350.0
261.5618107364621	338.0
261.57181157039713	327.0
261.58181240433214	331.0
261.59181323826715	338.0
261.6018140722022	354.0
261.6118149061372	375.0
261.62181574007224	389.0
261.63181657400725	398.0
261.64181740794226	402.0
261.65181824187727	402.0
261.6618190758123	402.0
261.67181990974734	398.0
261.68182074368235	393.0
261.69182157761736	393.0
261.70182241155237	393.0
261.7118232454874	393.0
261.7218240794224	393.0
261.7318249133574	398.0
261.74182574729247	398.0
261.7518265812275	398.0
261.7618274151625	398.0
261.7718282490975	398.0
261.7818290830325	398.0
261.7918299169675	393.0
261.8018307509025	393.0
261.8118315848376	393.0
261.8218324187726	393.0
261.8318332527076	398.0
261.8418340866426	402.0
261.85183492057763	412.0
261.86183575451264	421.0
261.87183658844765	426.0
261.8818374223827	426.0
261.8918382563177	426.0
261.90183909025274	412.0
261.91183992418775	398.0
261.92184075812276	393.0
261.93184159205776	389.0
261.94184242599283	384.0
261.95184325992784	426.0
261.96184409386285	436.0
261.97184492779786	452.0
261.98184576173287	617.0
261.9918465956679	610.0
262.0018474296029	583.0
262.01184826353796	556.0
262.02184909747297	417.0
262.031849931408	402.0
262.041850765343	402.0
262.051851599278	407.0
262.061852433213	417.0
262.071853267148	421.0
262.0818541010831	421.0
262.0918549350181	421.0
262.1018557689531	417.0
262.1118566028881	407.0
262.1218574368231	398.0
262.13185827075813	389.0
262.14185910469314	384.0
262.1518599386282	384.0
262.1618607725632	389.0
262.1718616064982	398.0
262.18186244043324	407.0
262.19186327436825	412.0
262.20186410830325	412.0
262.21186494223826	412.0
262.22186577617333	412.0
262.23186661010834	412.0
262.24186744404335	407.0
262.25186827797836	407.0
262.26186911191337	407.0
262.2718699458484	412.0
262.2818707797834	412.0
262.29187161371846	412.0
262.30187244765347	412.0
262.3118732815885	412.0
262.3218741155235	407.0
262.3318749494585	402.0
262.3418757833935	398.0
262.35187661732857	393.0
262.3618774512636	393.0
262.3718782851986	393.0
262.3818791191336	393.0
262.3918799530686	398.0
262.4018807870036	398.0
262.41188162093863	402.0
262.4218824548737	402.0
262.4318832888087	398.0
262.4418841227437	389.0
262.4518849566787	384.0
262.46188579061374	367.0
262.47188662454874	350.0
262.48188745848375	346.0
262.4918882924188	350.0
262.50188912635383	354.0
262.51188996028884	371.0
262.52189079422385	412.0
262.53189162815886	421.0
262.54189246209387	421.0
262.5518932960289	412.0
262.56189412996395	398.0
262.57189496389896	389.0
262.58189579783397	380.0
262.591896631769	380.0
262.601897465704	384.0
262.611898299639	402.0
262.621899133574	412.0
262.63189996750907	412.0
262.6419008014441	412.0
262.6519016353791	402.0
262.6619024693141	398.0
262.6719033032491	393.0
262.6819041371841	393.0
262.6919049711192	393.0
262.7019058050542	398.0
262.7119066389892	402.0
262.7219074729242	407.0
262.7319083068592	407.0
262.74190914079423	412.0
262.75190997472924	407.0
262.7619108086643	407.0
262.7719116425993	393.0
262.78191247653433	384.0
262.79191331046934	371.0
262.80191414440435	358.0
262.81191497833936	346.0
262.82191581227437	346.0
262.83191664620944	346.0
262.84191748014445	358.0
262.85191831407946	398.0
262.86191914801447	402.0
262.8719199819495	398.0
262.8819208158845	389.0
262.8919216498195	380.0
262.90192248375456	367.0
262.91192331768957	346.0
262.9219241516246	327.0
262.9319249855596	316.0
262.9419258194946	312.0
262.9519266534296	312.0
262.9619274873646	319.0
262.9719283212997	323.0
262.9819291552347	331.0
262.9919299891697	334.0
263.0019308231047	334.0
263.0119316570397	331.0
263.02193249097473	327.0
263.03193332490974	323.0
263.0419341588448	319.0
263.0519349927798	312.0
263.06193582671483	308.0
263.07193666064984	298.0
263.08193749458485	298.0
263.09193832851986	342.0
263.1019391624549	375.0
263.11193999638994	389.0
263.12194083032495	389.0
263.13194166425995	389.0
263.14194249819496	384.0
263.15194333213	375.0
263.161944166065	371.0
263.17194500000005	367.0
263.18194583393506	363.0
263.19194666787007	354.0
263.2019475018051	363.0
263.2119483357401	375.0
263.2219491696751	375.0
263.2319500036101	384.0
263.2419508375452	389.0
263.2519516714802	393.0
263.2619525054152	398.0
263.2719533393502	398.0
263.2819541732852	398.0
263.2919550072202	398.0
263.30195584115523	398.0
263.3119566750903	398.0
263.3219575090253	398.0
263.3319583429603	398.0
263.34195917689533	398.0
263.35196001083034	402.0
263.36196084476535	402.0
263.37196167870036	402.0
263.3819625126354	402.0
263.39196334657044	402.0
263.40196418050544	398.0
263.41196501444045	398.0
263.42196584837546	398.0
263.4319666823105	398.0
263.4419675162455	398.0
263.45196835018055	402.0
263.46196918411556	402.0
263.47197001805057	407.0
263.4819708519856	407.0
263.4919716859206	407.0
263.5019725198556	402.0
263.51197335379067	398.0
263.5219741877257	398.0
263.5319750216607	398.0
263.5419758555957	398.0
263.5519766895307	402.0
263.5619775234657	402.0
263.5719783574007	398.0
263.5819791913358	398.0
263.5919800252708	389.0
263.6019808592058	384.0
263.6119816931408	384.0
263.62198252707583	389.0
263.63198336101084	393.0
263.64198419494585	407.0
263.6519850288809	417.0
263.6619858628159	426.0
263.67198669675093	426.0
263.68198753068594	426.0
263.69198836462095	426.0
263.70198919855596	407.0
263.711990032491	402.0
263.72199086642604	402.0
263.73199170036105	398.0
263.74199253429606	398.0
263.75199336823107	398.0
263.7619942021661	398.0
263.7719950361011	398.0
263.7819958700361	398.0
263.79199670397117	393.0
263.8019975379062	384.0
263.8119983718412	363.0
263.8219992057762	354.0
263.8320000397112	354.0
263.8420008736462	358.0
263.8520017075813	367.0
263.8620025415163	375.0
263.8720033754513	384.0
263.8820042093863	384.0
263.8920050433213	389.0
263.90200587725633	384.0
263.91200671119134	0.0
263.9220075451264	0.0
263.9320083790614	0.0
263.9420092129964	0.0
263.95201004693143	323.0
263.96201088086644	319.0
263.97201171480145	316.0
263.98201254873646	316.0
263.99201338267153	316.0
264.00201421660654	316.0
264.01201505054155	319.0
264.02201588447656	323.0
264.03201671841157	0.0
264.0420175523466	0.0
264.0520183862816	0.0
264.06201922021665	0.0
264.07202005415166	0.0
264.0820208880867	0.0
264.0920217220217	367.0
264.1020225559567	375.0
264.1120233898917	384.0
264.1220242238267	389.0
264.1320250577618	393.0
264.1420258916968	393.0
264.1520267256318	393.0
264.1620275595668	393.0
264.1720283935018	398.0
264.18202922743683	398.0
264.19203006137184	402.0
264.2020308953069	407.0
264.2120317292419	412.0
264.2220325631769	412.0
264.23203339711193	412.0
264.24203423104694	412.0
264.25203506498195	407.0
264.262035898917	407.0
264.27203673285203	407.0
264.28203756678704	407.0
264.29203840072205	407.0
264.30203923465706	402.0
264.31204006859207	407.0
264.3220409025271	402.0
264.33204173646214	402.0
264.34204257039715	398.0
264.35204340433216	393.0
264.3620442382672	389.0
264.3720450722022	380.0
264.3820459061372	371.0
264.3920467400722	367.0
264.40204757400727	363.0
264.4120484079423	358.0
264.4220492418773	358.0
264.4320500758123	358.0
264.4420509097473	358.0
264.4520517436823	358.0
264.4620525776173	363.0
264.4720534115524	371.0
264.4820542454874	384.0
264.4920550794224	393.0
264.5020559133574	393.0
264.51205674729243	398.0
264.52205758122744	398.0
264.53205841516245	398.0
264.5420592490975	398.0
264.55206008303253	402.0
264.56206091696754	402.0
264.57206175090255	398.0
264.58206258483756	398.0
264.59206341877257	398.0
264.6020642527076	398.0
264.61206508664264	398.0
264.62206592057765	398.0
264.63206675451266	398.0
264.6420675884477	398.0
264.6520684223827	402.0
264.6620692563177	402.0
264.67207009025276	398.0
264.68207092418777	0.0
264.6920717581228	0.0
264.7020725920578	301.0
264.7120734259928	298.0
264.7220742599278	301.0
264.7320750938628	301.0
264.7420759277979	0.0
264.7520767617329	0.0
264.7620775956679	0.0
264.7720784296029	0.0
264.7820792635379	308.0
264.79208009747293	312.0
264.80208093140794	323.0
264.812081765343	334.0
264.822082599278	350.0
264.83208343321303	380.0
264.84208426714804	398.0
264.85208510108305	398.0
264.86208593501806	398.0
264.87208676895307	393.0
264.88208760288813	375.0
264.89208843682314	371.0
264.90208927075815	363.0
264.91209010469316	358.0
264.9220909386282	358.0
264.9320917725632	367.0
264.9420926064982	384.0
264.95209344043326	398.0
264.96209427436827	398.0
264.9720951083033	402.0
264.9820959422383	393.0
264.9920967761733	393.0
265.0020976101083	393.0
265.0120984440433	389.0
265.0220992779784	389.0
265.0321001119134	389.0
265.0421009458484	402.0
265.0521017797834	412.0
265.0621026137184	412.0
265.07210344765343	412.0
265.0821042815885	407.0
265.0921051155235	398.0
265.1021059494585	389.0
265.11210678339353	384.0
265.12210761732854	384.0
265.13210845126355	389.0
265.14210928519856	407.0
265.1521101191336	421.0
265.16211095306863	431.0
265.17211178700364	431.0
265.18211262093865	412.0
265.19211345487366	402.0
265.2021142888087	384.0
265.2121151227437	363.0
265.22211595667875	358.0
265.23211679061376	380.0
265.24211762454877	402.0
265.2521184584838	412.0
265.2621192924188	417.0
265.2721201263538	412.0
265.2821209602888	398.0
265.2921217942239	389.0
265.3021226281589	384.0
265.3121234620939	0.0
265.3221242960289	0.0
265.3321251299639	0.0
265.3421259638989	0.0
265.35212679783393	319.0
265.362127631769	323.0
265.372128465704	323.0
265.382129299639	323.0
265.392130133574	319.0
265.40213096750904	316.0
265.41213180144405	312.0
265.4221326353791	308.0
265.4321334693141	323.0
265.44213430324913	342.0
265.45213513718414	354.0
265.46213597111915	371.0
265.47213680505416	389.0
265.4821376389892	389.0
265.49213847292424	384.0
265.50213930685925	363.0
265.51214014079426	342.0
265.52214097472927	331.0
265.5321418086643	316.0
265.5421426425993	316.0
265.5521434765343	323.0
265.56214431046936	331.0
265.5721451444044	342.0
265.5821459783394	358.0
265.5921468122744	389.0
265.6021476462094	398.0
265.6121484801444	398.0
265.6221493140794	398.0
265.6321501480145	393.0
265.6421509819495	389.0
265.6521518158845	384.0
265.6621526498195	380.0
265.6721534837545	380.0
265.68215431768954	380.0
265.69215515162455	384.0
265.7021559855596	393.0
265.7121568194946	402.0
265.72215765342963	407.0
265.73215848736464	407.0
265.74215932129965	398.0
265.75216015523466	393.0
265.7621609891697	389.0
265.77216182310474	384.0
265.78216265703975	384.0
265.79216349097476	389.0
265.80216432490977	393.0
265.8121651588448	402.0
265.8221659927798	407.0
265.83216682671485	412.0
265.84216766064986	412.0
265.8521684945849	407.0
265.8621693285199	398.0
265.8721701624549	389.0
265.8821709963899	384.0
265.8921718303249	384.0
265.90217266426	389.0
265.912173498195	398.0
265.92217433213	402.0
265.932175166065	407.0
265.942176	407.0
265.952176833935	402.0
265.96217766787004	398.0
265.9721785018051	389.0
265.9821793357401	389.0
265.9921801696751	384.0
266.00218100361013	389.0
266.01218183754514	389.0
266.02218267148015	393.0
266.03218350541516	0.0
266.04218433935023	0.0
266.05218517328524	0.0
266.06218600722025	0.0
266.07218684115526	0.0
266.08218767509027	0.0
266.0921885090253	0.0
266.1021893429603	0.0
266.11219017689535	398.0
266.12219101083036	0.0
266.1321918447654	0.0
266.1421926787004	0.0
266.1521935126354	0.0
266.1621943465704	0.0
266.1721951805054	0.0
266.1821960144405	0.0
266.1921968483755	0.0
266.2021976823105	0.0
266.2121985162455	0.0
266.2221993501805	0.0
266.2322001841155	0.0
266.2422010180506	398.0
266.2522018519856	402.0
266.2622026859206	0.0
266.2722035198556	0.0
266.28220435379063	0.0
266.29220518772564	0.0
266.30220602166065	389.0
266.3122068555957	389.0
266.3222076895307	389.0
266.33220852346574	393.0
266.34220935740075	407.0
266.35221019133576	421.0
266.36221102527077	426.0
266.3722118592058	426.0
266.38221269314084	426.0
266.39221352707585	407.0
266.40221436101086	398.0
266.4122151949459	393.0
266.4222160288809	393.0
266.4322168628159	393.0
266.4422176967509	398.0
266.45221853068597	398.0
266.462219364621	398.0
266.472220198556	398.0
266.482221032491	398.0
266.492221866426	375.0
266.502222700361	367.0
266.512223534296	358.0
266.5222243682311	354.0
266.5322252021661	354.0
266.5422260361011	354.0
266.5522268700361	354.0
266.56222770397113	0.0
266.57222853790614	0.0
266.5822293718412	0.0
266.5922302057762	0.0
266.6022310397112	316.0
266.61223187364624	316.0
266.62223270758125	316.0
266.63223354151626	319.0
266.64223437545127	319.0
266.65223520938633	319.0
266.66223604332134	0.0
266.67223687725635	0.0
266.68223771119136	0.0
266.6922385451264	0.0
266.7022393790614	0.0
266.7122402129964	0.0
266.72224104693146	0.0
266.73224188086647	0.0
266.7422427148015	0.0
266.7522435487365	0.0
266.7622443826715	0.0
266.7722452166065	0.0
266.7822460505415	0.0
266.7922468844766	0.0
266.8022477184116	0.0
266.8122485523466	0.0
266.8222493862816	0.0
266.8322502202166	0.0
266.84225105415163	0.0
266.85225188808664	0.0
266.8622527220217	0.0
266.8722535559567	0.0
266.8822543898917	0.0
266.89225522382674	0.0
266.90225605776175	0.0
266.91225689169676	0.0
266.92225772563177	0.0
266.93225855956683	0.0
266.94225939350184	0.0
266.95226022743685	0.0
266.96226106137186	0.0
266.9722618953069	0.0
266.9822627292419	0.0
266.99226356317695	0.0
267.00226439711196	0.0
267.01226523104697	0.0
267.022266064982	0.0
267.032266898917	0.0
267.042267732852	308.0
267.052268566787	308.0
267.0622694007221	308.0
267.0722702346571	298.0
267.0822710685921	294.0
267.0922719025271	291.0
267.1022727364621	288.0
267.1122735703971	291.0
267.12227440433213	298.0
267.1322752382672	308.0
267.1422760722022	323.0
267.1522769061372	389.0
267.1622777400722	402.0
267.17227857400724	402.0
267.18227940794225	407.0
267.19228024187726	398.0
267.2022810758123	389.0
267.21228190974733	0.0
267.22228274368234	0.0
267.23228357761735	0.0
267.24228441155236	0.0
267.25228524548737	0.0
267.2622860794224	0.0
267.27228691335745	0.0
267.28228774729246	0.0
267.29228858122747	0.0
267.3022894151625	393.0
267.3122902490975	398.0
267.3222910830325	393.0
267.3322919169675	393.0
267.3422927509026	389.0
267.3522935848376	389.0
267.3622944187726	393.0
267.3722952527076	402.0
267.3822960866426	0.0
267.3922969205776	0.0
267.4022977545127	0.0
267.4122985884477	0.0
267.4222994223827	0.0
267.4323002563177	0.0
267.4423010902527	0.0
267.45230192418774	0.0
267.46230275812275	0.0
267.4723035920578	0.0
267.4823044259928	0.0
267.49230525992783	0.0
267.50230609386284	0.0
267.51230692779785	0.0
267.52230776173286	0.0
267.53230859566787	0.0
267.54230942960294	0.0
267.55231026353795	0.0
267.56231109747296	0.0
267.57231193140797	402.0
267.582312765343	407.0
267.592313599278	417.0
267.602314433213	417.0
267.61231526714806	421.0
267.6223161010831	421.0
267.6323169350181	421.0
267.6423177689531	417.0
267.6523186028881	389.0
267.6623194368231	389.0
267.6723202707581	389.0
267.6823211046932	389.0
267.6923219386282	389.0
267.7023227725632	393.0
267.7123236064982	398.0
267.7223244404332	398.0
267.73232527436824	393.0
267.74232610830325	393.0
267.7523269422383	0.0
267.7623277761733	398.0
267.77232861010833	398.0
267.78232944404334	402.0
267.79233027797835	402.0
267.80233111191336	0.0
267.8123319458484	0.0
267.82233277978344	0.0
267.83233361371845	417.0
267.84233444765346	0.0
267.85233528158847	0.0
267.8623361155235	0.0
267.8723369494585	0.0
267.88233778339355	0.0
267.89233861732856	0.0
267.9023394512636	0.0
267.9123402851986	0.0
267.9223411191336	0.0
267.9323419530686	0.0
267.9423427870036	0.0
267.9523436209387	0.0
267.9623444548737	0.0
267.9723452888087	0.0
267.9823461227437	0.0
267.9923469566787	0.0
268.0023477906137	0.0
268.01234862454874	0.0
268.0223494584838	0.0
268.0323502924188	0.0
268.0423511263538	0.0
268.05235196028883	0.0
268.06235279422384	0.0
268.07235362815885	0.0
268.08235446209386	0.0
268.0923552960289	0.0
268.10235612996394	0.0
268.11235696389895	0.0
268.12235779783396	0.0
268.13235863176897	0.0
268.142359465704	0.0
268.15236029963904	393.0
268.16236113357405	393.0
268.17236196750906	393.0
268.18236280144407	393.0
268.1923636353791	393.0
268.2023644693141	393.0
268.2123653032491	393.0
268.22236613718417	398.0
268.2323669711192	398.0
268.2423678050542	402.0
268.2523686389892	402.0
268.2623694729242	407.0
268.2723703068592	407.0
268.2823711407942	407.0
268.2923719747293	402.0
268.3023728086643	402.0
268.3123736425993	398.0
268.3223744765343	393.0
268.33237531046933	393.0
268.34237614440434	389.0
268.35237697833935	393.0
268.3623778122744	402.0
268.3723786462094	412.0
268.38237948014444	417.0
268.39238031407945	417.0
268.40238114801446	412.0
268.41238198194947	407.0
268.4223828158845	407.0
268.43238364981954	402.0
268.44238448375455	402.0
268.45238531768956	398.0
268.46238615162457	398.0
268.4723869855596	393.0
268.4823878194946	393.0
268.4923886534296	393.0
268.50238948736467	393.0
268.5123903212997	393.0
268.5223911552347	393.0
268.5323919891697	389.0
268.5423928231047	389.0
268.5523936570397	393.0
268.5623944909748	393.0
268.5723953249098	398.0
268.5823961588448	398.0
268.5923969927798	398.0
268.6023978267148	0.0
268.61239866064983	0.0
268.62239949458484	0.0
268.6324003285199	0.0
268.6424011624549	0.0
268.6524019963899	0.0
268.66240283032494	0.0
268.67240366425995	0.0
268.68240449819496	0.0
268.69240533212997	0.0
268.70240616606503	0.0
268.71240700000004	0.0
268.72240783393505	0.0
268.73240866787006	0.0
268.74240950180507	0.0
268.7524103357401	0.0
268.7624111696751	0.0
268.77241200361016	0.0
268.78241283754517	0.0
268.7924136714802	0.0
268.8024145054152	0.0
268.8124153393502	0.0
268.8224161732852	0.0
268.8324170072202	0.0
268.8424178411553	0.0
268.8524186750903	0.0
268.8624195090253	0.0
268.8724203429603	0.0
268.8824211768953	0.0
268.89242201083033	0.0
268.90242284476534	0.0
268.9124236787004	0.0
268.9224245126354	0.0
268.9324253465704	0.0
268.94242618050544	0.0
268.95242701444045	0.0
268.96242784837546	0.0
268.9724286823105	0.0
268.98242951624553	0.0
268.99243035018054	0.0
269.00243118411555	0.0
269.01243201805056	0.0
269.02243285198557	0.0
269.0324336859206	0.0
269.04243451985565	0.0
269.05243535379066	0.0
269.06243618772567	0.0
269.0724370216607	0.0
269.0824378555957	0.0
269.0924386895307	0.0
269.1024395234657	0.0
269.11244035740077	0.0
269.1224411913358	0.0
269.1324420252708	0.0
269.1424428592058	0.0
269.1524436931408	0.0
269.1624445270758	0.0
269.17244536101083	0.0
269.1824461949459	0.0
269.1924470288809	0.0
269.2024478628159	0.0
269.2124486967509	0.0
269.22244953068594	0.0
269.23245036462095	0.0
269.24245119855595	0.0
269.252452032491	0.0
269.26245286642603	0.0
269.27245370036104	0.0
269.28245453429605	0.0
269.29245536823106	0.0
269.30245620216607	0.0
269.3124570361011	0.0
269.32245787003615	0.0
269.33245870397116	0.0
269.34245953790617	0.0
269.3524603718412	0.0
269.3624612057762	0.0
269.3724620397112	0.0
269.38246287364626	0.0
269.39246370758127	0.0
269.4024645415163	0.0
269.4124653754513	0.0
269.4224662093863	0.0
269.4324670433213	0.0
269.4424678772563	0.0
269.4524687111914	0.0
269.4624695451264	0.0
269.4724703790614	0.0
269.4824712129964	0.0
269.4924720469314	0.0
269.50247288086643	0.0
269.51247371480144	0.0
269.5224745487365	0.0
269.5324753826715	0.0
269.54247621660653	0.0
269.55247705054154	0.0
269.56247788447655	0.0
269.57247871841156	0.0
269.58247955234657	0.0
269.59248038628164	0.0
269.60248122021665	0.0
269.61248205415166	0.0
269.62248288808667	0.0
269.6324837220217	0.0
269.6424845559567	0.0
269.6524853898917	0.0
269.66248622382676	0.0
269.67248705776177	0.0
269.6824878916968	0.0
269.6924887256318	0.0
269.7024895595668	0.0
269.7124903935018	0.0
269.7224912274369	0.0
269.7324920613719	0.0
269.7424928953069	0.0
269.7524937292419	0.0
269.7624945631769	0.0
269.7724953971119	0.0
269.78249623104693	0.0
269.792497064982	0.0
269.802497898917	0.0
269.812498732852	0.0
269.82249956678703	0.0
269.83250040072204	0.0
269.84250123465705	0.0
269.85250206859206	0.0
269.8625029025271	0.0
269.87250373646214	0.0
269.88250457039715	0.0
269.89250540433216	0.0
269.90250623826716	0.0
269.9125070722022	0.0
269.9225079061372	0.0
269.93250874007225	0.0
269.94250957400726	0.0
269.95251040794227	0.0
269.9625112418773	0.0
269.9725120758123	0.0
269.9825129097473	0.0
269.9925137436823	0.0
270.0025145776174	0.0
270.0125154115524	0.0
270.0225162454874	0.0
270.0325170794224	0.0
270.0425179133574	393.0
270.0525187472924	393.0
270.06251958122743	389.0
270.0725204151625	389.0
270.0825212490975	0.0
270.0925220830325	0.0
270.10252291696753	0.0
270.11252375090254	0.0
270.12252458483755	0.0
270.1325254187726	0.0
270.1425262527076	0.0
270.15252708664264	0.0
270.16252792057765	0.0
270.17252875451265	0.0
270.18252958844766	0.0
270.1925304223827	0.0
270.20253125631774	0.0
270.21253209025275	0.0
270.22253292418776	0.0
270.23253375812277	0.0
270.2425345920578	0.0
270.2525354259928	0.0
270.2625362599278	0.0
270.27253709386287	0.0
270.2825379277979	0.0
270.2925387617329	0.0
270.3025395956679	0.0
270.3125404296029	0.0
270.3225412635379	0.0
270.3325420974729	0.0
270.342542931408	0.0
270.352543765343	0.0
270.362544599278	0.0
270.372545433213	0.0
270.38254626714803	0.0
270.39254710108304	0.0
270.40254793501805	0.0
270.4125487689531	0.0
270.4225496028881	0.0
270.43255043682313	0.0
270.44255127075814	0.0
270.45255210469315	0.0
270.46255293862816	0.0
270.4725537725632	0.0
270.48255460649824	0.0
270.49255544043325	0.0
270.50255627436826	0.0
270.51255710830327	0.0
270.5225579422383	0.0
270.5325587761733	0.0
270.54255961010836	0.0
270.55256044404337	0.0
270.5625612779784	0.0
270.5725621119134	0.0
270.5825629458484	0.0
270.5925637797834	0.0
270.6025646137184	0.0
270.6125654476535	0.0
270.6225662815885	0.0
270.6325671155235	0.0
270.6425679494585	0.0
270.6525687833935	0.0
270.66256961732853	0.0
270.67257045126354	0.0
270.6825712851986	0.0
270.6925721191336	0.0
270.7025729530686	0.0
270.71257378700363	0.0
270.72257462093864	0.0
270.73257545487365	0.0
270.74257628880866	0.0
270.75257712274373	0.0
270.76257795667874	0.0
270.77257879061375	0.0
270.78257962454876	0.0
270.79258045848377	0.0
270.8025812924188	0.0
270.8125821263538	0.0
270.82258296028886	0.0
270.83258379422386	0.0
270.8425846281589	0.0
270.8525854620939	0.0
270.8625862960289	0.0
270.8725871299639	0.0
270.88258796389897	0.0
270.892588797834	0.0
270.902589631769	0.0
270.912590465704	0.0
270.922591299639	0.0
270.932592133574	0.0
270.94259296750903	0.0
270.9525938014441	0.0
270.9625946353791	0.0
270.9725954693141	0.0
270.9825963032491	0.0
270.99259713718413	0.0
271.00259797111914	0.0
271.01259880505415	0.0
271.0225996389892	0.0
271.03260047292423	0.0
271.04260130685924	0.0
271.05260214079425	0.0
271.06260297472926	0.0
271.07260380866427	0.0
271.0826046425993	0.0
271.09260547653435	0.0
271.10260631046935	0.0
271.11260714440436	0.0
271.1226079783394	0.0
271.1326088122744	0.0
271.1426096462094	0.0
271.1526104801444	0.0
271.16261131407947	0.0
271.1726121480145	0.0
271.1826129819495	0.0
271.1926138158845	0.0
271.2026146498195	0.0
271.2126154837545	0.0
271.2226163176895	0.0
271.2326171516246	0.0
271.2426179855596	0.0
271.2526188194946	0.0
271.2626196534296	0.0
271.27262048736463	0.0
271.28262132129964	0.0
271.2926221552347	0.0
271.3026229891697	0.0
271.31262382310473	0.0
271.32262465703974	0.0
271.33262549097475	0.0
271.34262632490976	0.0
271.35262715884477	0.0
271.36262799277984	0.0
271.37262882671484	0.0
271.38262966064985	0.0
271.39263049458486	398.0
271.4026313285199	402.0
271.4126321624549	402.0
271.4226329963899	402.0
271.43263383032496	402.0
271.44263466425997	402.0
271.452635498195	0.0
271.46263633213	398.0
271.472637166065	393.0
271.482638	393.0
271.492638833935	389.0
271.5026396678701	0.0
271.5126405018051	0.0
271.5226413357401	0.0
271.5326421696751	0.0
271.5426430036101	0.0
271.55264383754513	0.0
271.56264467148014	0.0
271.5726455054152	0.0
271.5826463393502	0.0
271.59264717328523	0.0
271.60264800722024	0.0
271.61264884115525	0.0
271.62264967509026	0.0
271.63265050902527	0.0
271.64265134296033	0.0
271.65265217689534	0.0
271.66265301083035	0.0
271.67265384476536	0.0
271.6826546787004	0.0
271.6926555126354	0.0
271.70265634657045	0.0
271.71265718050546	0.0
271.72265801444047	0.0
271.7326588483755	0.0
271.7426596823105	0.0
271.7526605162455	0.0
271.7626613501805	0.0
271.7726621841156	0.0
271.7826630180506	421.0
271.7926638519856	417.0
271.8026646859206	407.0
271.8126655198556	398.0
271.8226663537906	393.0
271.83266718772563	393.0
271.8426680216607	389.0
271.8526688555957	389.0
271.8626696895307	393.0
271.87267052346573	398.0
271.88267135740074	398.0
271.89267219133575	0.0
271.90267302527076	398.0
271.9126738592058	398.0
271.92267469314083	398.0
271.93267552707584	398.0
271.94267636101085	398.0
271.95267719494586	393.0
271.9626780288809	389.0
271.9726788628159	389.0
271.98267969675095	389.0
271.99268053068596	0.0
272.00268136462097	0.0
272.012682198556	0.0
272.022683032491	0.0
272.032683866426	0.0
272.042684700361	0.0
272.0526855342961	0.0
272.0626863682311	0.0
272.0726872021661	0.0
272.0826880361011	662.0
272.0926888700361	662.0
272.1026897039711	662.0
272.1126905379062	662.0
272.1226913718412	662.0
272.1326922057762	0.0
272.1426930397112	0.0
272.15269387364623	0.0
272.16269470758124	384.0
272.17269554151625	380.0
272.1826963754513	384.0
272.1926972093863	384.0
272.20269804332133	384.0
272.21269887725634	389.0
272.22269971119135	389.0
272.23270054512636	389.0
272.2427013790614	389.0
272.25270221299644	389.0
272.26270304693145	389.0
272.27270388086646	389.0
272.28270471480147	380.0
272.2927055487365	380.0
272.3027063826715	384.0
272.3127072166065	389.0
272.32270805054156	393.0
272.3327088844766	398.0
272.3427097184116	398.0
272.3527105523466	398.0
272.3627113862816	393.0
272.3727122202166	389.0
272.3827130541516	389.0
272.3927138880867	384.0
272.4027147220217	389.0
272.4127155559567	393.0
272.4227163898917	398.0
272.4327172238267	398.0
272.44271805776174	398.0
272.4527188916968	398.0
272.4627197256318	398.0
272.4727205595668	393.0
272.48272139350183	389.0
272.49272222743684	384.0
272.50272306137185	389.0
272.51272389530686	393.0
272.52272472924193	398.0
272.53272556317694	407.0
272.54272639711195	407.0
272.55272723104696	407.0
272.56272806498197	407.0
272.572728898917	407.0
272.582729732852	402.0
272.59273056678705	402.0
272.60273140072206	398.0
272.6127322346571	393.0
272.6227330685921	393.0
272.6327339025271	389.0
272.6427347364621	384.0
272.6527355703971	380.0
272.6627364043322	367.0
272.6727372382672	363.0
272.6827380722022	358.0
272.6927389061372	358.0
272.7027397400722	354.0
272.7127405740072	354.0
272.72274140794224	358.0
272.7327422418773	367.0
272.7427430758123	389.0
272.7527439097473	393.0
272.76274474368233	393.0
272.77274557761734	393.0
272.78274641155235	393.0
272.79274724548736	393.0
272.80274807942243	393.0
272.81274891335744	393.0
272.82274974729245	393.0
272.83275058122746	384.0
272.84275141516247	375.0
272.8527522490975	371.0
272.86275308303254	0.0
272.87275391696755	0.0
272.88275475090256	0.0
272.8927555848376	398.0
272.9027564187726	398.0
272.9127572527076	398.0
272.9227580866426	398.0
272.93275892057767	398.0
272.9427597545127	398.0
272.9527605884477	398.0
272.9627614223827	398.0
272.9727622563177	398.0
272.9827630902527	398.0
272.9927639241877	398.0
273.0027647581228	398.0
273.0127655920578	393.0
273.0227664259928	393.0
273.0327672599278	398.0
273.04276809386283	398.0
273.05276892779784	398.0
273.06276976173285	398.0
273.0727705956679	398.0
273.08277142960293	398.0
273.09277226353794	398.0
273.10277309747295	398.0
273.11277393140796	398.0
273.12277476534297	398.0
273.132775599278	398.0
273.14277643321304	398.0
273.15277726714805	398.0
273.16277810108306	398.0
273.1727789350181	398.0
273.1827797689531	393.0
273.1927806028881	393.0
273.2027814368231	398.0
273.21278227075817	0.0
273.2227831046932	0.0
273.2327839386282	0.0
273.2427847725632	0.0
273.2527856064982	0.0
273.2627864404332	0.0
273.2727872743683	402.0
273.2827881083033	407.0
273.2927889422383	407.0
273.3027897761733	417.0
273.3127906101083	426.0
273.32279144404333	431.0
273.33279227797834	393.0
273.3427931119134	393.0
273.3527939458484	389.0
273.3627947797834	384.0
273.37279561371844	384.0
273.38279644765345	384.0
273.39279728158846	393.0
273.40279811552347	431.0
273.41279894945853	436.0
273.42279978339354	393.0
273.43280061732855	393.0
273.44280145126356	393.0
273.4528022851986	393.0
273.4628031191336	389.0
273.4728039530686	389.0
273.48280478700366	389.0
273.49280562093867	393.0
273.5028064548737	402.0
273.5128072888087	407.0
273.5228081227437	412.0
273.5328089566787	412.0
273.5428097906137	402.0
273.5528106245488	393.0
273.5628114584838	389.0
273.5728122924188	384.0
273.5828131263538	384.0
273.5928139602888	384.0
273.60281479422383	393.0
273.6128156281589	402.0
273.6228164620939	417.0
273.6328172960289	421.0
273.6428181299639	421.0
273.65281896389894	421.0
273.66281979783395	417.0
273.67282063176896	402.0
273.682821465704	398.0
273.69282229963903	393.0
273.70282313357404	393.0
273.71282396750905	398.0
273.72282480144406	402.0
273.7328256353791	407.0
273.7428264693141	407.0
273.75282730324915	407.0
273.76282813718416	402.0
273.77282897111917	398.0
273.7828298050542	354.0
273.7928306389892	350.0
273.8028314729242	346.0
273.8128323068592	384.0
273.8228331407943	389.0
273.8328339747293	393.0
273.8428348086643	393.0
273.8528356425993	393.0
273.8628364765343	389.0
273.8728373104693	380.0
273.88283814440433	358.0
273.8928389783394	354.0
273.9028398122744	346.0
273.9128406462094	338.0
273.9228414801444	327.0
273.93284231407944	662.0
273.94284314801445	334.0
273.95284398194946	331.0
273.9628448158845	331.0
273.97284564981953	327.0
273.98284648375454	327.0
273.99284731768955	331.0
274.00284815162456	342.0
274.0128489855596	346.0
274.02284981949464	354.0
274.03285065342965	363.0
274.04285148736466	384.0
274.05285232129967	402.0
274.0628531552347	421.0
274.0728539891697	421.0
274.0828548231047	421.0
274.09285565703976	393.0
274.1028564909748	389.0
274.1128573249098	380.0
274.1228581588448	342.0
274.1328589927798	346.0
274.1428598267148	363.0
274.1528606606498	371.0
274.1628614945849	384.0
274.1728623285199	402.0
274.1828631624549	407.0
274.1928639963899	407.0
274.2028648303249	407.0
274.21286566425994	402.0
274.22286649819495	398.0
274.23286733213	398.0
274.242868166065	398.0
274.25286900000003	407.0
274.26286983393504	417.0
274.27287066787005	421.0
274.28287150180506	426.0
274.29287233574007	426.0
274.30287316967514	426.0
274.31287400361015	421.0
274.32287483754516	412.0
274.33287567148017	407.0
274.3428765054152	402.0
274.3528773393502	402.0
274.3628781732852	407.0
274.37287900722026	417.0
274.3828798411553	421.0
274.3928806750903	426.0
274.4028815090253	431.0
274.4128823429603	426.0
274.4228831768953	421.0
274.4328840108304	417.0
274.4428848447654	407.0
274.4528856787004	407.0
274.4628865126354	407.0
274.4728873465704	407.0
274.4828881805054	412.0
274.49288901444044	417.0
274.5028898483755	417.0
274.5128906823105	417.0
274.5228915162455	417.0
274.53289235018053	417.0
274.54289318411554	412.0
274.55289401805055	389.0
274.56289485198556	380.0
274.5728956859206	375.0
274.58289651985564	0.0
274.59289735379065	0.0
274.60289818772566	0.0
274.61289902166067	0.0
274.6228998555957	327.0
274.6329006895307	319.0
274.64290152346575	319.0
274.65290235740076	319.0
274.6629031913358	319.0
274.6729040252708	319.0
274.6829048592058	319.0
274.6929056931408	0.0
274.7029065270758	0.0
274.7129073610109	0.0
274.7229081949459	0.0
274.7329090288809	0.0
274.7429098628159	0.0
274.7529106967509	0.0
274.7629115306859	0.0
274.77291236462094	0.0
274.782913198556	0.0
274.792914032491	0.0
274.802914866426	0.0
274.81291570036103	0.0
274.82291653429604	0.0
274.83291736823105	0.0
274.8429182021661	0.0
274.8529190361011	0.0
274.86291987003614	0.0
274.87292070397115	0.0
274.88292153790616	0.0
274.89292237184117	0.0
274.9029232057762	0.0
274.91292403971124	0.0
274.92292487364625	0.0
274.93292570758126	0.0
274.9429265415163	0.0
274.9529273754513	0.0
274.9629282093863	0.0
274.9729290433213	0.0
274.98292987725637	0.0
274.9929307111914	0.0
275.0029315451264	0.0
275.0129323790614	0.0
275.0229332129964	0.0
275.0329340469314	0.0
275.0429348808664	0.0
275.0529357148015	0.0
275.0629365487365	0.0
275.0729373826715	0.0
275.0829382166065	0.0
275.09293905054153	0.0
275.10293988447654	0.0
275.11294071841155	0.0
275.1229415523466	0.0
275.1329423862816	0.0
275.14294322021664	0.0
275.15294405415165	0.0
275.16294488808666	0.0
275.17294572202167	0.0
275.18294655595673	319.0
275.19294738989174	319.0
275.20294822382675	319.0
275.21294905776176	319.0
275.22294989169677	323.0
275.2329507256318	319.0
275.2429515595668	0.0
275.25295239350186	0.0
275.26295322743687	0.0
275.2729540613719	358.0
275.2829548953069	363.0
275.2929557292419	367.0
275.3029565631769	367.0
275.3129573971119	389.0
275.322958231047	393.0
275.332959064982	398.0
275.342959898917	398.0
275.352960732852	402.0
275.362961566787	402.0
275.37296240072203	0.0
275.38296323465704	0.0
275.3929640685921	0.0
275.4029649025271	0.0
275.4129657364621	0.0
275.42296657039714	417.0
275.43296740433215	417.0
275.44296823826716	0.0
275.45296907220217	0.0
275.46296990613723	0.0
275.47297074007224	0.0
275.48297157400725	0.0
275.49297240794226	0.0
275.50297324187727	0.0
275.5129740758123	0.0
275.5229749097473	0.0
275.53297574368236	0.0
275.54297657761737	0.0
275.5529774115524	0.0
275.5629782454874	0.0
275.5729790794224	0.0
275.5829799133574	0.0
275.5929807472925	0.0
275.6029815812275	0.0
275.6129824151625	0.0
275.6229832490975	447.0
275.6329840830325	457.0
275.6429849169675	462.0
275.65298575090253	484.0
275.6629865848376	278.0
275.6729874187726	281.0
275.6829882527076	281.0
275.6929890866426	288.0
275.70298992057764	305.0
275.71299075451265	312.0
275.72299158844766	331.0
275.7329924223827	363.0
275.74299325631773	384.0
275.75299409025274	398.0
275.76299492418775	407.0
275.77299575812276	436.0
275.78299659205777	436.0
275.7929974259928	431.0
275.80299825992785	421.0
275.81299909386286	412.0
275.82299992779787	407.0
275.8330007617329	407.0
275.8430015956679	407.0
275.8530024296029	473.0
275.8630032635379	473.0
275.873004097473	473.0
275.883004931408	462.0
275.893005765343	407.0
275.903006599278	402.0
275.913007433213	398.0
275.923008267148	398.0
275.93300910108303	398.0
275.9430099350181	402.0
275.9530107689531	417.0
275.9630116028881	421.0
275.9730124368231	421.0
275.98301327075814	421.0
275.99301410469315	417.0
276.0030149386282	412.0
276.0130157725632	402.0
276.02301660649823	393.0
276.03301744043324	389.0
276.04301827436825	389.0
276.05301910830326	398.0
276.06301994223827	407.0
276.07302077617334	417.0
276.08302161010835	426.0
276.09302244404336	431.0
276.10302327797837	431.0
276.1130241119134	431.0
276.1230249458484	426.0
276.1330257797834	421.0
276.14302661371846	412.0
276.15302744765347	398.0
276.1630282815885	398.0
276.1730291155235	407.0
276.1830299494585	412.0
276.1930307833935	417.0
276.2030316173285	417.0
276.2130324512636	417.0
276.2230332851986	412.0
276.2330341191336	398.0
276.2430349530686	384.0
276.2530357870036	371.0
276.26303662093864	363.0
276.27303745487364	350.0
276.2830382888087	342.0
276.2930391227437	342.0
276.30303995667873	350.0
276.31304079061374	375.0
276.32304162454875	389.0
276.33304245848376	402.0
276.34304329241877	417.0
276.35304412635384	417.0
276.36304496028885	412.0
276.37304579422386	398.0
276.38304662815887	384.0
276.3930474620939	375.0
276.4030482960289	367.0
276.41304912996395	358.0
276.42304996389896	350.0
276.43305079783397	346.0
276.443051631769	338.0
276.453052465704	316.0
276.463053299639	316.0
276.473054133574	624.0
276.4830549675091	327.0
276.4930558014441	331.0
276.5030566353791	0.0
276.5130574693141	0.0
276.5230583032491	0.0
276.5330591371841	0.0
276.54305997111913	0.0
276.5530608050542	0.0
276.5630616389892	0.0
276.5730624729242	0.0
276.58306330685923	0.0
276.59306414079424	0.0
276.60306497472925	0.0
276.61306580866426	0.0
276.6230666425993	371.0
276.63306747653434	367.0
276.64306831046935	358.0
276.65306914440436	358.0
276.66306997833937	358.0
276.6730708122744	367.0
276.6830716462094	0.0
276.69307248014445	0.0
276.70307331407946	421.0
276.71307414801447	421.0
276.7230749819495	421.0
276.7330758158845	412.0
276.7430766498195	407.0
276.75307748375457	398.0
276.7630783176896	398.0
276.7730791516246	393.0
276.7830799855596	389.0
276.7930808194946	393.0
276.8030816534296	398.0
276.8130824873646	402.0
276.8230833212997	412.0
276.8330841552347	417.0
276.8430849891697	417.0
276.8530858231047	417.0
276.86308665703973	417.0
276.87308749097474	417.0
276.88308832490975	417.0
276.8930891588448	417.0
276.9030899927798	417.0
276.91309082671484	417.0
276.92309166064985	417.0
276.93309249458486	417.0
276.94309332851986	417.0
276.9530941624549	412.0
276.96309499638994	407.0
276.97309583032495	402.0
276.98309666425996	398.0
276.99309749819497	398.0
277.00309833213	393.0
277.013099166065	398.0
277.0231	398.0
277.03310083393507	407.0
277.0431016678701	412.0
277.0531025018051	412.0
277.0631033357401	417.0
277.0731041696751	417.0
277.0831050036101	417.0
277.0931058375451	412.0
277.1031066714802	412.0
277.1131075054152	412.0
277.1231083393502	412.0
277.1331091732852	412.0
277.14311000722023	417.0
277.15311084115524	417.0
277.1631116750903	421.0
277.1731125090253	421.0
277.1831133429603	417.0
277.19311417689534	412.0
277.20311501083034	407.0
277.21311584476535	398.0
277.22311667870036	393.0
277.23311751263543	393.0
277.24311834657044	393.0
277.25311918050545	402.0
277.26312001444046	407.0
277.27312084837547	417.0
277.2831216823105	421.0
277.2931225162455	421.0
277.30312335018056	421.0
277.31312418411557	417.0
277.3231250180506	417.0
277.3331258519856	417.0
277.3431266859206	417.0
277.3531275198556	417.0
277.3631283537906	417.0
277.3731291877257	417.0
277.3831300216607	417.0
277.3931308555957	412.0
277.4031316895307	412.0
277.4131325234657	407.0
277.42313335740073	398.0
277.43313419133574	393.0
277.4431350252708	389.0
277.4531358592058	389.0
277.4631366931408	407.0
277.47313752707583	417.0
277.48313836101084	421.0
277.49313919494585	431.0
277.50314002888086	431.0
277.51314086281593	421.0
277.52314169675094	412.0
277.53314253068595	402.0
277.54314336462096	393.0
277.55314419855597	393.0
277.563145032491	393.0
277.57314586642605	441.0
277.58314670036106	462.0
277.59314753429607	479.0
277.6031483682311	479.0
277.6131492021661	473.0
277.6231500361011	452.0
277.6331508700361	417.0
277.64315170397117	412.0
277.6531525379062	407.0
277.6631533718412	407.0
277.6731542057762	412.0
277.6831550397112	417.0
277.6931558736462	417.0
277.70315670758123	421.0
277.7131575415163	421.0
277.7231583754513	421.0
277.7331592093863	417.0
277.7431600433213	417.0
277.75316087725633	412.0
277.76316171119134	407.0
277.77316254512635	452.0
277.7831633790614	421.0
277.79316421299643	473.0
277.80316504693144	479.0
277.81316588086645	473.0
277.82316671480146	462.0
277.83316754873647	426.0
277.8431683826715	417.0
277.85316921660655	407.0
277.86317005054156	402.0
277.87317088447656	402.0
277.8831717184116	402.0
277.8931725523466	407.0
277.9031733862816	407.0
277.91317422021666	412.0
277.92317505415167	412.0
277.9331758880867	412.0
277.9431767220217	412.0
277.9531775559567	407.0
277.9631783898917	402.0
277.9731792238267	398.0
277.9831800577618	398.0
277.9931808916968	402.0
278.0031817256318	407.0
278.0131825595668	412.0
278.0231833935018	412.0
278.03318422743683	412.0
278.04318506137184	412.0
278.0531858953069	412.0
278.0631867292419	412.0
278.07318756317693	412.0
278.08318839711194	417.0
278.09318923104695	417.0
278.10319006498196	417.0
278.11319089891697	417.0
278.12319173285204	421.0
278.13319256678705	421.0
278.14319340072205	421.0
278.15319423465706	421.0
278.1631950685921	417.0
278.1731959025271	417.0
278.1831967364621	407.0
278.19319757039716	402.0
278.20319840433217	398.0
278.2131992382672	393.0
278.2232000722022	393.0
278.2332009061372	393.0
278.2432017400722	393.0
278.2532025740072	398.0
278.2632034079423	398.0
278.2732042418773	402.0
278.2832050758123	402.0
278.2932059097473	402.0
278.3032067436823	398.0
278.31320757761733	398.0
278.3232084115524	393.0
278.3332092454874	389.0
278.3432100794224	389.0
278.35321091335743	384.0
278.36321174729244	375.0
278.37321258122745	367.0
278.38321341516246	354.0
278.3932142490975	350.0
278.40321508303253	350.0
278.41321591696754	354.0
278.42321675090255	363.0
278.43321758483756	375.0
278.4432184187726	384.0
278.4532192527076	393.0
278.46322008664265	398.0
278.47322092057766	398.0
278.48322175451267	402.0
278.4932225884477	402.0
278.5032234223827	402.0
278.5132242563177	398.0
278.5232250902527	398.0
278.5332259241878	398.0
278.5432267581228	398.0
278.5532275920578	398.0
278.5632284259928	398.0
278.5732292599278	398.0
278.5832300938628	393.0
278.59323092779783	393.0
278.6032317617329	384.0
278.6132325956679	371.0
278.6232334296029	358.0
278.63323426353793	342.0
278.64323509747294	327.0
278.65323593140795	319.0
278.66323676534296	312.0
278.673237599278	312.0
278.68323843321303	319.0
278.69323926714804	331.0
278.70324010108305	350.0
278.71324093501806	371.0
278.7232417689531	389.0
278.73324260288814	407.0
278.74324343682315	417.0
278.75324427075816	421.0
278.76324510469317	412.0
278.7732459386282	402.0
278.7832467725632	389.0
278.7932476064982	375.0
278.80324844043326	367.0
278.8132492743683	358.0
278.8232501083033	358.0
278.8332509422383	358.0
278.8432517761733	380.0
278.8532526101083	393.0
278.8632534440433	402.0
278.8732542779784	412.0
278.8832551119134	417.0
278.8932559458484	412.0
278.9032567797834	398.0
278.91325761371843	389.0
278.92325844765344	380.0
278.93325928158845	371.0
278.9432601155235	363.0
278.9532609494585	354.0
278.96326178339353	0.0
278.97326261732854	0.0
278.98326345126355	0.0
278.99326428519856	519.0
279.0032651191336	507.0
279.01326595306864	473.0
279.02326678700365	452.0
279.03326762093866	431.0
279.04326845487367	412.0
279.0532692888087	407.0
279.0632701227437	407.0
279.0732709566787	407.0
279.08327179061376	407.0
279.0932726245488	407.0
279.1032734584838	407.0
279.1132742924188	402.0
279.1232751263538	402.0
279.1332759602888	398.0
279.1432767942239	398.0
279.1532776281589	393.0
279.1632784620939	389.0
279.1732792960289	389.0
279.1832801299639	389.0
279.1932809638989	393.0
279.20328179783394	398.0
279.213282631769	407.0
279.223283465704	412.0
279.233284299639	417.0
279.24328513357403	417.0
279.25328596750904	417.0
279.26328680144405	417.0
279.27328763537906	417.0
279.28328846931413	412.0
279.29328930324914	412.0
279.30329013718415	407.0
279.31329097111916	407.0
279.32329180505417	402.0
279.3332926389892	398.0
279.3432934729242	398.0
279.35329430685925	398.0
279.36329514079426	398.0
279.3732959747293	398.0
279.3832968086643	398.0
279.3932976425993	393.0
279.4032984765343	393.0
279.4132993104693	393.0
279.4233001444044	393.0
279.4333009783394	393.0
279.4433018122744	398.0
279.4533026462094	398.0
279.4633034801444	398.0
279.4733043140794	398.0
279.4833051480145	398.0
279.4933059819495	398.0
279.5033068158845	398.0
279.5133076498195	393.0
279.52330848375453	393.0
279.53330931768954	393.0
279.54331015162455	393.0
279.5533109855596	393.0
279.56331181949463	393.0
279.57331265342964	398.0
279.58331348736465	398.0
279.59331432129966	398.0
279.60331515523467	398.0
279.6133159891697	398.0
279.62331682310474	393.0
279.63331765703975	393.0
279.64331849097476	393.0
279.6533193249098	398.0
279.6633201588448	398.0
279.6733209927798	402.0
279.6833218267148	407.0
279.69332266064987	412.0
279.7033234945849	412.0
279.7133243285199	407.0
279.7233251624549	407.0
279.7333259963899	402.0
279.7433268303249	393.0
279.7533276642599	389.0
279.763328498195	389.0
279.77332933213	393.0
279.783330166065	393.0
279.793331	398.0
279.80333183393503	402.0
279.81333266787004	402.0
279.82333350180505	398.0
279.8333343357401	393.0
279.84333516967513	384.0
279.85333600361014	371.0
279.86333683754515	358.0
279.87333767148016	346.0
279.88333850541517	0.0
279.89333933935023	0.0
279.90334017328524	0.0
279.91334100722025	0.0
279.92334184115526	0.0
279.9333426750903	402.0
279.9433435090253	407.0
279.9533443429603	407.0
279.96334517689536	407.0
279.97334601083037	402.0
279.9833468447654	398.0
279.9933476787004	398.0
280.0033485126354	398.0
280.0133493465704	398.0
280.0233501805054	398.0
280.0333510144405	402.0
280.0433518483755	402.0
280.0533526823105	402.0
280.0633535162455	402.0
280.0733543501805	398.0
280.08335518411553	398.0
280.09335601805054	398.0
280.1033568519856	398.0
280.1133576859206	398.0
280.1233585198556	398.0
280.13335935379064	398.0
280.14336018772565	398.0
280.15336102166066	398.0
280.16336185559567	398.0
280.17336268953073	398.0
280.18336352346574	398.0
280.19336435740075	398.0
280.20336519133576	398.0
280.2133660252708	398.0
280.2233668592058	402.0
280.2333676931408	402.0
280.24336852707586	402.0
280.25336936101087	402.0
280.2633701949459	402.0
280.2733710288809	398.0
280.2833718628159	398.0
280.2933726967509	398.0
280.303373530686	398.0
280.313374364621	398.0
280.323375198556	398.0
280.333376032491	398.0
280.343376866426	398.0
280.353377700361	398.0
280.36337853429603	398.0
280.3733793682311	398.0
280.3833802021661	398.0
280.3933810361011	398.0
280.4033818700361	393.0
280.41338270397114	393.0
280.42338353790615	393.0
280.43338437184116	393.0
280.4433852057762	393.0
280.45338603971123	393.0
280.46338687364624	393.0
280.47338770758125	398.0
280.48338854151626	398.0
280.4933893754513	398.0
280.5033902093863	0.0
280.51339104332135	0.0
280.52339187725636	0.0
280.53339271119137	0.0
280.5433935451264	407.0
280.5533943790614	407.0
280.5633952129964	0.0
280.5733960469314	0.0
280.5833968808665	0.0
280.5933977148015	0.0
280.6033985487365	0.0
280.6133993826715	0.0
280.6234002166065	393.0
280.6334010505415	393.0
280.6434018844766	393.0
280.6534027184116	393.0
280.6634035523466	398.0
280.6734043862816	398.0
280.6834052202166	398.0
280.69340605415164	398.0
280.70340688808665	398.0
280.7134077220217	393.0
280.7234085559567	393.0
280.73340938989173	393.0
280.74341022382674	393.0
280.75341105776175	398.0
280.76341189169676	402.0
280.7734127256318	407.0
280.78341355956684	412.0
280.79341439350185	417.0
280.80341522743686	417.0
280.81341606137187	412.0
280.8234168953069	407.0
280.8334177292419	402.0
280.8434185631769	393.0
280.85341939711196	389.0
280.863420231047	384.0
280.873421064982	384.0
280.883421898917	389.0
280.893422732852	398.0
280.903423566787	398.0
280.913424400722	402.0
280.9234252346571	402.0
280.9334260685921	407.0
280.9434269025271	407.0
280.9534277364621	402.0
280.9634285703971	402.0
280.97342940433214	398.0
280.98343023826715	398.0
280.9934310722022	398.0
281.0034319061372	398.0
281.01343274007223	398.0
281.02343357400724	398.0
281.03343440794225	398.0
281.04343524187726	398.0
281.05343607581233	398.0
281.06343690974734	393.0
281.07343774368235	393.0
281.08343857761736	393.0
281.09343941155237	393.0
281.1034402454874	398.0
281.1134410794224	398.0
281.12344191335745	398.0
281.13344274729246	402.0
281.1434435812275	398.0
281.1534444151625	398.0
281.1634452490975	393.0
281.1734460830325	393.0
281.1834469169675	389.0
281.1934477509026	389.0
281.2034485848376	389.0
281.2134494187726	393.0
281.2234502527076	398.0
281.2334510866426	398.0
281.2434519205776	402.0
281.25345275451264	402.0
281.2634535884477	407.0
281.2734544223827	407.0
281.2834552563177	402.0
281.29345609025273	398.0
281.30345692418774	393.0
281.31345775812275	393.0
281.32345859205776	393.0
281.3334594259928	398.0
281.34346025992784	407.0
281.35346109386285	407.0
281.36346192779786	407.0
281.37346276173287	407.0
281.3834635956679	402.0
281.3934644296029	398.0
281.40346526353795	389.0
281.41346609747296	389.0
281.423466931408	389.0
281.433467765343	389.0
281.443468599278	398.0
281.453469433213	407.0
281.46347026714807	0.0
281.4734711010831	407.0
281.4834719350181	407.0
281.4934727689531	407.0
281.5034736028881	412.0
281.5134744368231	412.0
281.5234752707581	412.0
281.5334761046932	412.0
281.5434769386282	412.0
281.5534777725632	412.0
281.5634786064982	417.0
281.57347944043323	421.0
281.58348027436824	426.0
281.59348110830325	0.0
281.6034819422383	441.0
281.6134827761733	452.0
281.62348361010834	0.0
281.63348444404335	0.0
281.64348527797836	544.0
281.65348611191337	544.0
281.6634869458484	531.0
281.67348777978344	0.0
281.68348861371845	0.0
281.69348944765346	0.0
281.7034902815885	0.0
281.7134911155235	389.0
281.7234919494585	389.0
281.7334927833935	389.0
281.74349361732857	393.0
281.7534944512636	393.0
281.7634952851986	389.0
281.7734961191336	389.0
281.7834969530686	389.0
281.7934977870036	389.0
281.8034986209386	389.0
281.8134994548737	389.0
281.8235002888087	389.0
281.8335011227437	393.0
281.8435019566787	393.0
281.85350279061373	398.0
281.86350362454874	398.0
281.8735044584838	398.0
281.8835052924188	402.0
281.8935061263538	402.0
281.90350696028884	402.0
281.91350779422385	402.0
281.92350862815886	402.0
281.93350946209387	398.0
281.94351029602893	398.0
281.95351112996394	398.0
281.96351196389895	398.0
281.97351279783396	398.0
281.983513631769	398.0
281.993514465704	393.0
282.003515299639	393.0
282.01351613357406	389.0
282.02351696750907	389.0
282.0335178014441	389.0
282.0435186353791	389.0
282.0535194693141	389.0
282.0635203032491	393.0
282.0735211371841	393.0
282.0835219711192	393.0
282.0935228050542	393.0
282.1035236389892	393.0
282.1135244729242	393.0
282.1235253068592	389.0
282.13352614079423	389.0
282.14352697472924	389.0
282.1535278086643	393.0
282.1635286425993	393.0
282.1735294765343	398.0
282.18353031046934	398.0
282.19353114440435	402.0
282.20353197833936	402.0
282.2135328122744	402.0
282.22353364620943	398.0
282.23353448014444	398.0
282.24353531407945	398.0
282.25353614801446	398.0
282.26353698194947	398.0
282.2735378158845	402.0
282.28353864981955	407.0
282.29353948375456	407.0
282.30354031768957	407.0
282.3135411516246	407.0
282.3235419855596	407.0
282.3335428194946	402.0
282.3435436534296	398.0
282.3535444873647	398.0
282.3635453212997	393.0
282.3735461552347	389.0
282.3835469891697	393.0
282.3935478231047	398.0
282.4035486570397	407.0
282.41354949097473	412.0
282.4235503249098	417.0
282.4335511588448	407.0
282.4435519927798	407.0
282.4535528267148	402.0
282.46355366064984	402.0
282.47355449458485	402.0
282.48355532851986	402.0
282.4935561624549	402.0
282.50355699638993	398.0
282.51355783032494	393.0
282.52355866425995	384.0
282.53355949819496	375.0
282.54356033212997	363.0
282.553561166065	350.0
282.56356200000005	346.0
282.57356283393506	342.0
282.58356366787007	342.0
282.5935645018051	346.0
282.6035653357401	354.0
282.6135661696751	375.0
282.62356700361016	393.0
282.6335678375452	402.0
282.6435686714802	407.0
282.6535695054152	407.0
282.6635703393502	402.0
282.6735711732852	398.0
282.6835720072202	389.0
282.6935728411553	380.0
282.7035736750903	367.0
282.7135745090253	358.0
282.7235753429603	354.0
282.7335761768953	350.0
282.74357701083034	350.0
282.75357784476535	358.0
282.7635786787004	371.0
282.7735795126354	384.0
282.78358034657043	393.0
282.79358118050544	402.0
282.80358201444045	407.0
282.81358284837546	407.0
282.82358368231047	398.0
282.83358451624554	389.0
282.84358535018055	380.0
282.85358618411556	367.0
282.86358701805057	358.0
282.8735878519856	354.0
282.8835886859206	350.0
282.8935895198556	350.0
282.90359035379066	358.0
282.9135911877257	367.0
282.9235920216607	380.0
282.9335928555957	393.0
282.9435936895307	407.0
282.9535945234657	412.0
282.9635953574007	417.0
282.9735961913358	412.0
282.9835970252708	407.0
282.9935978592058	398.0
283.0035986931408	384.0
283.0135995270758	371.0
283.02360036101084	363.0
283.0336011949459	354.0
283.0436020288809	346.0
283.0536028628159	342.0
283.06360369675093	346.0
283.07360453068594	358.0
283.08360536462095	375.0
283.09360619855596	393.0
283.103607032491	402.0
283.11360786642604	407.0
283.12360870036105	412.0
283.13360953429606	407.0
283.14361036823107	398.0
283.1536112021661	389.0
283.1636120361011	380.0
283.17361287003615	375.0
283.18361370397116	371.0
283.19361453790617	363.0
283.2036153718412	358.0
283.2136162057762	354.0
283.2236170397112	358.0
283.2336178736462	371.0
283.2436187075813	384.0
283.2536195415163	407.0
283.2636203754513	417.0
283.2736212093863	417.0
283.2836220433213	417.0
283.2936228772563	407.0
283.30362371119134	402.0
283.3136245451264	393.0
283.3236253790614	384.0
283.3336262129964	375.0
283.34362704693143	375.0
283.35362788086644	384.0
283.36362871480145	407.0
283.37362954873646	412.0
283.3836303826715	412.0
283.39363121660654	412.0
283.40363205054155	412.0
283.41363288447656	407.0
283.42363371841157	407.0
283.4336345523466	402.0
283.44363538628164	402.0
283.45363622021665	407.0
283.46363705415166	417.0
283.47363788808667	417.0
283.4836387220217	417.0
283.4936395559567	412.0
283.5036403898917	407.0
283.51364122382677	407.0
283.5236420577618	402.0
283.5336428916968	398.0
283.5436437256318	398.0
283.5536445595668	393.0
283.5636453935018	393.0
283.5736462274368	393.0
283.5836470613719	398.0
283.5936478953069	402.0
283.6036487292419	407.0
283.6136495631769	412.0
283.62365039711193	407.0
283.63365123104694	407.0
283.64365206498195	398.0
283.653652898917	393.0
283.663653732852	389.0
283.67365456678704	389.0
283.68365540072205	389.0
283.69365623465706	393.0
283.70365706859207	393.0
283.7136579025271	393.0
283.72365873646214	398.0
283.73365957039715	398.0
283.74366040433216	398.0
283.75366123826717	398.0
283.7636620722022	398.0
283.7736629061372	398.0
283.78366374007226	398.0
283.79366457400727	398.0
283.8036654079423	398.0
283.8136662418773	398.0
283.8236670758123	393.0
283.8336679097473	393.0
283.8436687436823	393.0
283.8536695776174	393.0
283.8636704115524	393.0
283.8736712454874	393.0
283.8836720794224	393.0
283.8936729133574	393.0
283.90367374729243	389.0
283.91367458122744	384.0
283.9236754151625	380.0
283.9336762490975	375.0
283.9436770830325	375.0
283.95367791696754	371.0
283.96367875090255	363.0
283.97367958483756	358.0
283.98368041877256	350.0
283.99368125270763	346.0
284.00368208664264	338.0
284.01368292057765	331.0
284.02368375451266	323.0
284.03368458844767	319.0
284.0436854223827	316.0
284.0536862563177	312.0
284.06368709025276	308.0
284.07368792418777	305.0
284.0836887581228	319.0
284.0936895920578	323.0
284.1036904259928	323.0
284.1136912599278	323.0
284.1236920938628	0.0
284.1336929277979	0.0
284.1436937617329	0.0
284.1536945956679	393.0
284.1636954296029	398.0
284.1736962635379	398.0
284.18369709747293	375.0
284.193697931408	398.0
284.203698765343	398.0
284.213699599278	402.0
284.223700433213	402.0
284.23370126714804	398.0
284.24370210108304	398.0
284.25370293501805	398.0
284.2637037689531	398.0
284.27370460288813	393.0
284.28370543682314	393.0
284.29370627075815	393.0
284.30370710469316	389.0
284.31370793862817	384.0
284.3237087725632	380.0
284.33370960649825	371.0
284.34371044043326	363.0
284.35371127436827	358.0
284.3637121083033	354.0
284.3737129422383	350.0
284.3837137761733	350.0
284.3937146101083	350.0
284.40371544404337	354.0
284.4137162779784	354.0
284.4237171119134	358.0
284.4337179458484	0.0
284.4437187797834	0.0
284.4537196137184	0.0
284.46372044765343	0.0
284.4737212815885	0.0
284.4837221155235	0.0
284.4937229494585	0.0
284.5037237833935	0.0
284.51372461732853	0.0
284.52372545126354	0.0
284.53372628519855	371.0
284.5437271191336	371.0
284.55372795306863	371.0
284.56372878700364	367.0
284.57372962093865	363.0
284.58373045487366	363.0
284.59373128880867	358.0
284.60373212274374	358.0
284.61373295667875	358.0
284.62373379061376	358.0
284.63373462454877	358.0
284.6437354584838	363.0
284.6537362924188	367.0
284.6637371263538	371.0
284.67373796028886	375.0
284.68373879422387	384.0
284.6937396281589	393.0
284.7037404620939	398.0
284.7137412960289	402.0
284.7237421299639	402.0
284.7337429638989	402.0
284.743743797834	402.0
284.753744631769	398.0
284.763745465704	398.0
284.773746299639	398.0
284.783747133574	398.0
284.79374796750903	402.0
284.80374880144404	402.0
284.8137496353791	402.0
284.8237504693141	402.0
284.83375130324913	402.0
284.84375213718414	398.0
284.85375297111915	398.0
284.86375380505416	398.0
284.87375463898917	398.0
284.88375547292424	398.0
284.89375630685925	398.0
284.90375714079426	398.0
284.91375797472926	398.0
284.9237588086643	398.0
284.9337596425993	398.0
284.94376047653435	398.0
284.95376131046936	393.0
284.96376214440437	393.0
284.9737629783394	389.0
284.9837638122744	384.0
284.9937646462094	380.0
285.0037654801444	375.0
285.0137663140795	367.0
285.0237671480145	363.0
285.0337679819495	354.0
285.0437688158845	350.0
285.0537696498195	346.0
285.0637704837545	342.0
285.07377131768953	338.0
285.0837721516246	338.0
285.0937729855596	334.0
285.1037738194946	327.0
285.11377465342963	323.0
285.12377548736464	319.0
285.13377632129965	316.0
285.14377715523466	316.0
285.1537779891697	316.0
285.16377882310474	316.0
285.17377965703974	319.0
285.18378049097475	319.0
285.19378132490976	319.0
285.2037821588448	319.0
285.2137829927798	319.0
285.22378382671485	319.0
285.23378466064986	319.0
285.24378549458487	319.0
285.2537863285199	319.0
285.2637871624549	316.0
285.2737879963899	316.0
285.2837888303249	316.0
285.29378966426	316.0
285.303790498195	316.0
285.31379133213	316.0
285.323792166065	316.0
285.333793	316.0
285.343793833935	319.0
285.3537946678701	319.0
285.3637955018051	319.0
285.3737963357401	319.0
285.3837971696751	319.0
285.39379800361013	319.0
285.40379883754514	319.0
285.41379967148015	319.0
285.4238005054152	319.0
285.4338013393502	0.0
285.44380217328523	0.0
285.45380300722024	331.0
285.46380384115525	323.0
285.47380467509026	323.0
285.4838055090253	323.0
285.49380634296034	312.0
285.50380717689535	312.0
285.51380801083036	312.0
285.52380884476537	312.0
285.5338096787004	312.0
285.5438105126354	312.0
285.5538113465704	312.0
285.56381218050547	312.0
285.5738130144405	312.0
285.5838138483755	316.0
285.5938146823105	316.0
285.6038155162455	316.0
285.6138163501805	316.0
285.6238171841155	319.0
285.6338180180506	323.0
285.6438188519856	323.0
285.6538196859206	327.0
285.6638205198556	327.0
285.67382135379063	323.0
285.68382218772564	319.0
285.69382302166065	319.0
285.7038238555957	319.0
285.7138246895307	319.0
285.72382552346573	319.0
285.73382635740074	319.0
285.74382719133575	319.0
285.75382802527076	319.0
285.76382885920583	319.0
285.77382969314084	319.0
285.78383052707585	319.0
285.79383136101086	323.0
285.80383219494587	323.0
285.8138330288809	319.0
285.8238338628159	319.0
285.83383469675096	319.0
285.84383553068596	319.0
285.853836364621	319.0
285.863837198556	319.0
285.873838032491	316.0
285.883838866426	0.0
285.893839700361	0.0
285.9038405342961	0.0
285.9138413682311	0.0
285.9238422021661	0.0
285.9338430361011	0.0
285.9438438700361	0.0
285.95384470397113	384.0
285.96384553790614	380.0
285.9738463718412	380.0
285.9838472057762	375.0
285.9938480397112	371.0
286.00384887364623	367.0
286.01384970758124	367.0
286.02385054151625	367.0
286.03385137545126	363.0
286.04385220938633	358.0
286.05385304332134	354.0
286.06385387725635	354.0
286.07385471119136	354.0
286.08385554512637	354.0
286.0938563790614	358.0
286.1038572129964	358.0
286.11385804693145	363.0
286.12385888086646	363.0
286.1338597148015	367.0
286.1438605487365	367.0
286.1538613826715	367.0
286.1638622166065	371.0
286.17386305054157	371.0
286.1838638844766	371.0
286.1938647184116	371.0
286.2038655523466	371.0
286.2138663862816	367.0
286.2238672202166	358.0
286.2338680541516	354.0
286.2438688880867	323.0
286.2538697220217	323.0
286.2638705559567	319.0
286.2738713898917	319.0
286.28387222382673	319.0
286.29387305776174	319.0
286.30387389169675	316.0
286.3138747256318	316.0
286.32387555956683	316.0
286.33387639350184	316.0
286.34387722743685	316.0
286.35387806137186	316.0
286.36387889530687	316.0
286.3738797292419	319.0
286.38388056317694	319.0
286.39388139711195	319.0
286.40388223104696	323.0
286.413883064982	323.0
286.423883898917	323.0
286.433884732852	327.0
286.443885566787	327.0
286.45388640072207	327.0
286.4638872346571	327.0
286.4738880685921	323.0
286.4838889025271	323.0
286.4938897364621	323.0
286.5038905703971	319.0
286.5138914043322	319.0
286.5238922382672	319.0
286.5338930722022	319.0
286.5438939061372	323.0
286.5538947400722	323.0
286.56389557400723	323.0
286.57389640794224	323.0
286.5838972418773	323.0
286.5938980758123	323.0
286.60389890974733	323.0
286.61389974368234	323.0
286.62390057761735	323.0
286.63390141155236	323.0
286.64390224548737	323.0
286.65390307942243	323.0
286.66390391335744	323.0
286.67390474729245	323.0
286.68390558122746	323.0
286.6939064151625	323.0
286.7039072490975	327.0
286.7139080830325	327.0
286.72390891696756	327.0
286.73390975090257	327.0
286.7439105848376	367.0
286.7539114187726	367.0
286.7639122527076	375.0
286.7739130866426	384.0
286.7839139205776	393.0
286.7939147545127	417.0
286.8039155884477	421.0
286.8139164223827	426.0
286.8239172563177	421.0
286.8339180902527	0.0
286.84391892418773	393.0
286.85391975812274	393.0
286.8639205920578	389.0
286.8739214259928	389.0
286.88392225992783	346.0
286.89392309386284	350.0
286.90392392779785	358.0
286.91392476173286	367.0
286.9239255956679	389.0
286.93392642960293	398.0
286.94392726353794	402.0
286.95392809747295	402.0
286.96392893140796	398.0
286.973929765343	389.0
286.983930599278	384.0
286.99393143321305	371.0
287.00393226714806	350.0
287.01393310108307	346.0
287.0239339350181	342.0
287.0339347689531	346.0
287.0439356028881	358.0
287.0539364368231	371.0
287.0639372707582	393.0
287.0739381046932	402.0
287.0839389386282	402.0
287.0939397725632	402.0
287.1039406064982	402.0
287.1139414404332	398.0
287.12394227436823	398.0
287.1339431083033	398.0
287.1439439422383	398.0
287.1539447761733	398.0
287.1639456101083	398.0
287.17394644404334	402.0
287.18394727797835	402.0
287.19394811191336	402.0
287.2039489458484	402.0
287.21394977978343	402.0
287.22395061371844	398.0
287.23395144765345	398.0
287.24395228158846	398.0
287.2539531155235	398.0
287.2639539494585	402.0
287.27395478339355	402.0
287.28395561732856	402.0
287.29395645126357	402.0
287.3039572851986	402.0
287.3139581191336	402.0
287.3239589530686	398.0
287.33395978700366	398.0
287.3439606209387	398.0
287.3539614548737	398.0
287.3639622888087	398.0
287.3739631227437	398.0
287.3839639566787	398.0
287.3939647906137	398.0
287.4039656245488	398.0
287.4139664584838	398.0
287.4239672924188	398.0
287.4339681263538	398.0
287.4439689602888	398.0
287.45396979422384	398.0
287.46397062815885	393.0
287.4739714620939	393.0
287.4839722960289	393.0
287.49397312996393	393.0
287.50397396389894	389.0
287.51397479783395	375.0
287.52397563176896	371.0
287.533976465704	363.0
287.54397729963904	0.0
287.55397813357405	0.0
287.56397896750906	0.0
287.57397980144407	0.0
287.5839806353791	0.0
287.5939814693141	0.0
287.6039823032491	327.0
287.61398313718416	323.0
287.6239839711192	323.0
287.6339848050542	319.0
287.6439856389892	319.0
287.6539864729242	380.0
287.6639873068592	375.0
287.6739881407943	367.0
287.6839889747293	358.0
287.6939898086643	358.0
287.7039906425993	363.0
287.7139914765343	367.0
287.7239923104693	375.0
287.73399314440434	389.0
287.7439939783394	398.0
287.7539948122744	398.0
287.7639956462094	398.0
287.77399648014443	398.0
287.78399731407944	398.0
287.79399814801445	398.0
287.80399898194946	398.0
287.81399981588453	398.0
287.82400064981954	393.0
287.83400148375455	393.0
287.84400231768956	393.0
287.85400315162457	393.0
287.8640039855596	398.0
287.8740048194946	398.0
287.88400565342965	398.0
287.89400648736466	393.0
287.9040073212997	0.0
287.9140081552347	0.0
287.9240089891697	0.0
287.9340098231047	323.0
287.9440106570397	319.0
287.9540114909748	319.0
287.9640123249098	319.0
287.9740131588448	319.0
287.9840139927798	319.0
287.9940148267148	323.0
288.0040156606498	323.0
288.01401649458484	323.0
288.0240173285199	0.0
288.0340181624549	0.0
288.0440189963899	0.0
288.05401983032493	0.0
288.06402066425994	0.0
288.07402149819495	0.0
288.08402233213	0.0
288.094023166065	0.0
288.10402400000004	0.0
288.11402483393505	0.0
288.12402566787006	0.0
288.13402650180507	0.0
288.1440273357401	0.0
288.15402816967514	0.0
288.16402900361015	0.0
288.17402983754516	0.0
288.1840306714802	334.0
288.1940315054152	334.0
288.2040323393502	350.0
288.2140331732852	367.0
288.22403400722027	389.0
288.2340348411553	402.0
288.2440356750903	407.0
288.2540365090253	407.0
288.2640373429603	407.0
288.2740381768953	402.0
288.2840390108303	393.0
288.2940398447654	384.0
288.3040406787004	375.0
288.3140415126354	363.0
288.3240423465704	350.0
288.33404318050543	354.0
288.34404401444044	358.0
288.35404484837545	380.0
288.3640456823105	393.0
288.3740465162455	402.0
288.38404735018054	407.0
288.39404818411555	412.0
288.40404901805056	407.0
288.41404985198557	398.0
288.4240506859206	393.0
288.43405151985564	380.0
288.44405235379065	358.0
288.45405318772566	358.0
288.4640540216607	358.0
288.4740548555957	371.0
288.4840556895307	375.0
288.49405652346576	473.0
288.50405735740077	473.0
288.5140581913358	468.0
288.5240590252708	426.0
288.5340598592058	402.0
288.5440606931408	393.0
288.5540615270758	389.0
288.5640623610109	384.0
288.5740631949459	384.0
288.5840640288809	389.0
288.5940648628159	393.0
288.6040656967509	393.0
288.61406653068593	393.0
288.62406736462094	393.0
288.634068198556	393.0
288.644069032491	393.0
288.654069866426	393.0
288.66407070036104	393.0
288.67407153429605	393.0
288.68407236823106	398.0
288.69407320216607	402.0
288.70407403610113	407.0
288.71407487003614	412.0
288.72407570397115	417.0
288.73407653790616	417.0
288.7440773718412	417.0
288.7540782057762	417.0
288.7640790397112	417.0
288.77407987364626	417.0
288.78408070758127	417.0
288.7940815415163	417.0
288.8040823754513	421.0
288.8140832093863	421.0
288.8240840433213	417.0
288.8340848772563	412.0
288.8440857111914	412.0
288.8540865451264	402.0
288.8640873790614	398.0
288.8740882129964	393.0
288.8840890469314	393.0
288.89408988086643	389.0
288.9040907148015	389.0
288.9140915487365	389.0
288.9240923826715	389.0
288.9340932166065	389.0
288.94409405054154	393.0
288.95409488447655	393.0
288.96409571841156	393.0
288.9740965523466	398.0
288.98409738628163	398.0
288.99409822021664	398.0
289.00409905415165	398.0
289.01409988808666	398.0
289.02410072202167	402.0
289.0341015559567	402.0
289.04410238989175	402.0
289.05410322382676	402.0
289.06410405776177	393.0
289.0741048916968	380.0
289.0841057256318	367.0
289.0941065595668	358.0
289.1041073935018	354.0
289.1141082274369	354.0
289.1241090613719	354.0
289.1341098953069	363.0
289.1441107292419	375.0
289.1541115631769	384.0
289.1641123971119	389.0
289.17411323104693	393.0
289.184114064982	398.0
289.194114898917	402.0
289.204115732852	398.0
289.214116566787	393.0
289.22411740072204	389.0
289.23411823465705	384.0
289.2441190685921	384.0
289.2541199025271	389.0
289.26412073646213	393.0
289.27412157039714	398.0
289.28412240433215	402.0
289.29412323826716	407.0
289.30412407220217	393.0
289.31412490613724	393.0
289.32412574007225	393.0
289.33412657400726	393.0
289.34412740794227	398.0
289.3541282418773	402.0
289.3641290758123	402.0
289.3741299097473	402.0
289.38413074368236	402.0
289.3941315776174	398.0
289.4041324115524	398.0
289.4141332454874	393.0
289.4241340794224	389.0
289.4341349133574	375.0
289.4441357472924	367.0
289.4541365812275	354.0
289.4641374151625	350.0
289.4741382490975	0.0
289.4841390830325	0.0
289.4941399169675	0.0
289.50414075090254	0.0
289.51414158483755	0.0
289.5241424187726	0.0
289.5341432527076	0.0
289.54414408664263	0.0
289.55414492057764	0.0
289.56414575451265	0.0
289.57414658844766	0.0
289.58414742238267	0.0
289.59414825631774	0.0
289.60414909025275	0.0
289.61414992418776	0.0
289.62415075812277	331.0
289.6341515920578	331.0
289.6441524259928	327.0
289.65415325992785	327.0
289.66415409386286	323.0
289.6741549277979	323.0
289.6841557617329	323.0
289.6941565956679	323.0
289.7041574296029	323.0
289.7141582635379	323.0
289.724159097473	323.0
289.734159931408	319.0
289.744160765343	319.0
289.754161599278	319.0
289.764162433213	319.0
289.774163267148	319.0
289.78416410108304	319.0
289.7941649350181	319.0
289.8041657689531	319.0
289.8141666028881	323.0
289.82416743682313	323.0
289.83416827075814	334.0
289.84416910469315	346.0
289.85416993862816	319.0
289.8641707725632	319.0
289.87417160649824	319.0
289.88417244043325	319.0
289.89417327436826	319.0
289.90417410830327	319.0
289.9141749422383	319.0
289.9241757761733	323.0
289.93417661010835	331.0
289.94417744404336	327.0
289.9541782779784	327.0
289.9641791119134	323.0
289.9741799458484	323.0
289.9841807797834	319.0
289.9941816137184	319.0
290.0041824476535	323.0
290.0141832815885	323.0
290.0241841155235	331.0
290.0341849494585	334.0
290.0441857833935	338.0
290.0541866173285	346.0
290.0641874512636	354.0
290.0741882851986	358.0
290.0841891191336	367.0
290.0941899530686	367.0
290.10419078700363	367.0
290.11419162093864	363.0
290.12419245487365	354.0
290.1341932888087	350.0
290.1441941227437	384.0
290.15419495667874	393.0
290.16419579061375	402.0
290.17419662454876	412.0
290.18419745848377	421.0
290.1941982924188	431.0
290.20419912635384	441.0
290.21419996028885	421.0
290.22420079422386	417.0
290.23420162815887	402.0
290.2442024620939	393.0
290.2542032960289	389.0
290.2642041299639	389.0
290.27420496389897	0.0
290.284205797834	0.0
290.294206631769	0.0
290.304207465704	407.0
290.314208299639	412.0
290.324209133574	417.0
290.334209967509	421.0
290.3442108014441	402.0
290.3542116353791	398.0
290.3642124693141	402.0
290.3742133032491	407.0
290.38421413718413	407.0
290.39421497111914	412.0
290.40421580505415	417.0
290.4142166389892	417.0
290.4242174729242	412.0
290.43421830685924	407.0
290.44421914079425	398.0
290.45421997472926	389.0
290.46422080866427	375.0
290.47422164259933	354.0
290.48422247653434	346.0
290.49422331046935	350.0
290.50422414440436	0.0
290.51422497833937	0.0
290.5242258122744	544.0
290.5342266462094	537.0
290.54422748014446	531.0
290.55422831407947	0.0
290.5642291480145	0.0
290.5742299819495	0.0
290.5842308158845	0.0
290.5942316498195	0.0
290.6042324837545	0.0
290.6142333176896	0.0
290.6242341516246	0.0
290.6342349855596	0.0
290.6442358194946	0.0
290.6542366534296	0.0
290.66423748736463	323.0
290.67423832129964	323.0
290.6842391552347	323.0
290.6942399891697	323.0
290.7042408231047	323.0
290.71424165703974	331.0
290.72424249097475	331.0
290.73424332490976	312.0
290.74424415884477	312.0
290.75424499277983	312.0
290.76424582671484	312.0
290.77424666064985	316.0
290.78424749458486	316.0
290.79424832851987	319.0
290.8042491624549	319.0
290.81424999638995	319.0
290.82425083032496	316.0
290.83425166425997	312.0
290.844252498195	312.0
290.85425333213	312.0
290.864254166065	312.0
290.874255	316.0
290.8842558339351	316.0
290.8942566678701	316.0
290.9042575018051	316.0
290.9142583357401	319.0
290.9242591696751	319.0
290.9342600036101	319.0
290.94426083754513	316.0
290.9542616714802	316.0
290.9642625054152	312.0
290.9742633393502	298.0
290.9842641732852	281.0
290.99426500722024	265.0
291.00426584115525	262.0
291.01426667509025	256.0
291.0242675090253	256.0
291.03426834296033	298.0
291.04426917689534	316.0
291.05427001083035	331.0
291.06427084476536	338.0
291.07427167870037	354.0
291.0842725126354	358.0
291.09427334657045	354.0
291.10427418050546	342.0
291.11427501444047	331.0
291.1242758483755	301.0
291.1342766823105	0.0
291.1442775162455	262.0
291.1542783501805	259.0
291.16427918411557	265.0
291.1742800180506	272.0
291.1842808519856	275.0
291.1942816859206	288.0
291.2042825198556	288.0
291.2142833537906	288.0
291.2242841877257	288.0
291.2342850216607	288.0
291.2442858555957	0.0
291.2542866895307	0.0
291.2642875234657	0.0
291.27428835740074	0.0
291.28428919133574	0.0
291.2942900252708	272.0
291.3042908592058	275.0
291.31429169314083	0.0
291.32429252707584	0.0
291.33429336101085	0.0
291.34429419494586	0.0
291.35429502888087	0.0
291.36429586281594	0.0
291.37429669675095	0.0
291.38429753068596	0.0
291.39429836462097	0.0
291.404299198556	0.0
291.414300032491	0.0
291.424300866426	0.0
291.43430170036106	0.0
291.44430253429607	0.0
291.4543033682311	0.0
291.4643042021661	0.0
291.4743050361011	0.0
291.4843058700361	0.0
291.4943067039711	0.0
291.5043075379062	0.0
291.5143083718412	0.0
291.5243092057762	0.0
291.5343100397112	0.0
291.5443108736462	0.0
291.55431170758123	0.0
291.56431254151624	0.0
291.5743133754513	0.0
291.5843142093863	0.0
291.59431504332133	275.0
291.60431587725634	272.0
291.61431671119135	272.0
291.62431754512636	268.0
291.6343183790614	268.0
291.64431921299644	265.0
291.65432004693145	265.0
291.66432088086646	268.0
291.67432171480147	268.0
291.6843225487365	272.0
291.6943233826715	275.0
291.70432421660655	281.0
291.71432505054156	0.0
291.72432588447657	298.0
291.7343267184116	312.0
291.7443275523466	316.0
291.7543283862816	319.0
291.7643292202166	319.0
291.7743300541517	319.0
291.7843308880867	312.0
291.7943317220217	308.0
291.8043325559567	298.0
291.8143333898917	288.0
291.8243342238267	281.0
291.83433505776173	272.0
291.8443358916968	268.0
291.8543367256318	265.0
291.8643375595668	262.0
291.87433839350183	262.0
291.88433922743684	294.0
291.89434006137185	308.0
291.90434089530686	316.0
291.9143417292419	319.0
291.92434256317694	323.0
291.93434339711195	323.0
291.94434423104695	316.0
291.95434506498196	308.0
291.964345898917	298.0
291.97434673285204	298.0
291.98434756678705	312.0
291.99434840072206	316.0
292.00434923465707	316.0
292.0143500685921	319.0
292.0243509025271	316.0
292.0343517364621	312.0
292.04435257039717	0.0
292.0543534043322	272.0
292.0643542382672	275.0
292.0743550722022	278.0
292.0843559061372	281.0
292.0943567400722	312.0
292.1043575740072	312.0
292.1143584079423	316.0
292.1243592418773	319.0
292.1343600758123	327.0
292.1443609097473	323.0
292.15436174368233	308.0
292.16436257761734	0.0
292.17436341155235	0.0
292.1843642454874	0.0
292.1943650794224	0.0
292.20436591335744	0.0
292.21436674729244	0.0
292.22436758122745	0.0
292.23436841516246	0.0
292.2443692490975	0.0
292.25437008303254	0.0
292.26437091696755	0.0
292.27437175090256	0.0
292.28437258483757	0.0
292.2943734187726	0.0
292.3043742527076	0.0
292.3143750866426	0.0
292.32437592057767	0.0
292.3343767545127	0.0
292.3443775884477	0.0
292.3543784223827	0.0
292.3643792563177	0.0
292.3743800902527	0.0
292.3843809241878	0.0
292.3943817581228	0.0
292.4043825920578	0.0
292.4143834259928	0.0
292.4243842599278	0.0
292.43438509386283	0.0
292.44438592779784	0.0
292.4543867617329	0.0
292.4643875956679	0.0
292.4743884296029	0.0
292.48438926353793	0.0
292.49439009747294	0.0
292.50439093140795	0.0
292.51439176534296	0.0
292.52439259927803	0.0
292.53439343321304	0.0
292.54439426714805	0.0
292.55439510108306	0.0
292.56439593501807	0.0
292.5743967689531	0.0
292.5843976028881	0.0
292.59439843682316	0.0
292.60439927075817	0.0
292.6144001046932	0.0
292.6244009386282	0.0
292.6344017725632	0.0
292.6444026064982	0.0
292.6544034404332	0.0
292.6644042743683	0.0
292.6744051083033	0.0
292.6844059422383	0.0
292.6944067761733	0.0
292.7044076101083	0.0
292.71440844404333	0.0
292.72440927797834	0.0
292.7344101119134	0.0
292.7444109458484	0.0
292.7544117797834	0.0
292.76441261371843	0.0
292.77441344765344	0.0
292.78441428158845	0.0
292.7944151155235	0.0
292.80441594945853	0.0
292.81441678339354	0.0
292.82441761732855	0.0
292.83441845126356	0.0
292.84441928519857	0.0
292.8544201191336	0.0
292.86442095306865	0.0
292.87442178700366	0.0
292.88442262093866	0.0
292.8944234548737	0.0
292.9044242888087	0.0
292.9144251227437	0.0
292.9244259566787	0.0
292.93442679061377	0.0
292.9444276245488	0.0
292.9544284584838	0.0
292.9644292924188	0.0
292.9744301263538	0.0
292.9844309602888	220.0
292.99443179422383	226.0
293.0044326281589	231.0
293.0144334620939	239.0
293.0244342960289	248.0
293.0344351299639	256.0
293.04443596389893	268.0
293.05443679783394	298.0
293.06443763176895	334.0
293.074438465704	354.0
293.08443929963903	375.0
293.09444013357404	407.0
293.10444096750905	407.0
293.11444180144406	412.0
293.12444263537907	407.0
293.1344434693141	421.0
293.14444430324914	393.0
293.15444513718415	393.0
293.16444597111916	398.0
293.1744468050542	412.0
293.1844476389892	431.0
293.1944484729242	441.0
293.20444930685926	447.0
293.21445014079427	441.0
293.2244509747293	426.0
293.2344518086643	407.0
293.2444526425993	398.0
293.2544534765343	393.0
293.2644543104693	393.0
293.2744551444044	393.0
293.2844559783394	402.0
293.2944568122744	407.0
293.3044576462094	412.0
293.3144584801444	412.0
293.32445931407943	407.0
293.33446014801444	398.0
293.3444609819495	375.0
293.3544618158845	363.0
293.36446264981953	346.0
293.37446348375454	334.0
293.38446431768955	331.0
293.39446515162456	342.0
293.40446598555957	371.0
293.41446681949463	380.0
293.42446765342964	380.0
293.43446848736465	375.0
293.44446932129966	371.0
293.4544701552347	358.0
293.4644709891697	0.0
293.4744718231047	0.0
293.48447265703976	305.0
293.49447349097477	305.0
293.5044743249098	305.0
293.5144751588448	312.0
293.5244759927798	316.0
293.5344768267148	323.0
293.5444776606499	327.0
293.5544784945849	327.0
293.5644793285199	327.0
293.5744801624549	312.0
293.5844809963899	294.0
293.5944818303249	288.0
293.60448266425993	298.0
293.614483498195	312.0
293.62448433213	331.0
293.634485166065	342.0
293.64448600000003	375.0
293.65448683393504	389.0
293.66448766787005	398.0
293.67448850180506	398.0
293.6844893357401	389.0
293.69449016967513	384.0
293.70449100361014	375.0
293.71449183754515	367.0
293.72449267148016	358.0
293.7344935054152	358.0
293.7444943393502	358.0
293.75449517328525	367.0
293.76449600722026	380.0
293.77449684115527	393.0
293.7844976750903	393.0
293.7944985090253	398.0
293.8044993429603	398.0
293.8145001768953	398.0
293.8245010108304	393.0
293.8345018447654	398.0
293.8445026787004	402.0
293.8545035126354	412.0
293.8645043465704	421.0
293.8745051805054	421.0
293.88450601444043	421.0
293.8945068483755	421.0
293.9045076823105	412.0
293.9145085162455	407.0
293.92450935018053	402.0
293.93451018411554	398.0
293.94451101805055	402.0
293.9545118519856	407.0
293.9645126859206	407.0
293.97451351985563	407.0
293.98451435379064	402.0
293.99451518772565	393.0
294.00451602166066	389.0
294.0145168555957	363.0
294.02451768953074	350.0
294.03451852346575	346.0
294.04451935740076	350.0
294.05452019133577	371.0
294.0645210252708	389.0
294.0745218592058	393.0
294.0845226931408	398.0
294.09452352707586	398.0
294.1045243610109	389.0
294.1145251949459	384.0
294.1245260288809	367.0
294.1345268628159	0.0
294.1445276967509	0.0
294.1545285306859	0.0
294.164529364621	0.0
294.174530198556	0.0
294.184531032491	319.0
294.194531866426	319.0
294.204532700361	319.0
294.21453353429604	319.0
294.22453436823105	319.0
294.2345352021661	319.0
294.2445360361011	319.0
294.25453687003613	319.0
294.26453770397114	319.0
294.27453853790615	319.0
294.28453937184116	319.0
294.2945402057762	319.0
294.30454103971124	319.0
294.31454187364625	319.0
294.32454270758126	319.0
294.33454354151627	319.0
294.3445443754513	319.0
294.3545452093863	319.0
294.36454604332135	319.0
294.37454687725636	319.0
294.3845477111914	632.0
294.3945485451264	632.0
294.4045493790614	632.0
294.4145502129964	632.0
294.4245510469314	312.0
294.4345518808665	316.0
294.4445527148015	316.0
294.4545535487365	312.0
294.4645543826715	308.0
294.4745552166065	301.0
294.4845560505415	288.0
294.49455688447654	288.0
294.5045577184116	0.0
294.5145585523466	0.0
294.5245593862816	0.0
294.53456022021663	0.0
294.54456105415164	0.0
294.55456188808665	327.0
294.56456272202166	331.0
294.57456355595673	334.0
294.58456438989174	0.0
294.59456522382675	0.0
294.60456605776176	0.0
294.61456689169677	0.0
294.6245677256318	0.0
294.6345685595668	0.0
294.64456939350185	0.0
294.65457022743686	0.0
294.6645710613719	0.0
294.6745718953069	0.0
294.6845727292419	0.0
294.6945735631769	0.0
294.70457439711197	0.0
294.714575231047	0.0
294.724576064982	0.0
294.734576898917	0.0
294.744577732852	0.0
294.754578566787	0.0
294.764579400722	0.0
294.7745802346571	0.0
294.7845810685921	0.0
294.7945819025271	0.0
294.8045827364621	239.0
294.81458357039713	234.0
294.82458440433214	231.0
294.83458523826715	226.0
294.8445860722022	226.0
294.85458690613723	226.0
294.86458774007224	226.0
294.87458857400725	226.0
294.88458940794226	228.0
294.89459024187727	228.0
294.9045910758123	228.0
294.91459190974734	231.0
294.92459274368235	231.0
294.93459357761736	234.0
294.9445944115524	234.0
294.9545952454874	234.0
294.9645960794224	236.0
294.9745969133574	239.0
294.98459774729247	245.0
294.9945985812275	250.0
295.0045994151625	250.0
295.0146002490975	250.0
295.0246010830325	248.0
295.0346019169675	248.0
295.0446027509025	245.0
295.0546035848376	245.0
295.0646044187726	242.0
295.0746052527076	242.0
295.0846060866426	245.0
295.09460692057763	250.0
295.10460775451264	259.0
295.1146085884477	268.0
295.1246094223827	278.0
295.1346102563177	291.0
295.14461109025274	301.0
295.15461192418775	316.0
295.16461275812276	319.0
295.17461359205777	319.0
295.18461442599283	305.0
295.19461525992784	294.0
295.20461609386285	288.0
295.21461692779786	278.0
295.2246177617329	268.0
295.2346185956679	265.0
295.2446194296029	262.0
295.25462026353796	262.0
295.26462109747297	262.0
295.274621931408	259.0
295.284622765343	259.0
295.294623599278	262.0
295.304624433213	268.0
295.314625267148	284.0
295.3246261010831	298.0
295.3346269350181	308.0
295.3446277689531	319.0
295.3546286028881	323.0
295.3646294368231	323.0
295.37463027075813	323.0
295.38463110469314	323.0
295.3946319386282	312.0
295.4046327725632	305.0
295.4146336064982	294.0
295.42463444043324	288.0
295.43463527436825	278.0
295.44463610830326	272.0
295.45463694223827	268.0
295.46463777617333	262.0
295.47463861010834	259.0
295.48463944404335	265.0
295.49464027797836	0.0
295.5046411119134	0.0
295.5146419458484	316.0
295.52464277978345	319.0
295.53464361371846	323.0
295.54464444765347	319.0
295.5546452815885	316.0
295.5646461155235	316.0
295.5746469494585	312.0
295.5846477833935	312.0
295.5946486173286	312.0
295.6046494512636	312.0
295.6146502851986	316.0
295.6246511191336	331.0
295.6346519530686	319.0
295.6446527870036	316.0
295.65465362093863	316.0
295.6646544548737	316.0
295.6746552888087	316.0
295.6846561227437	316.0
295.6946569566787	319.0
295.70465779061374	312.0
295.71465862454875	312.0
295.72465945848376	312.0
295.7346602924188	316.0
295.74466112635383	316.0
295.75466196028884	312.0
295.76466279422385	312.0
295.77466362815886	308.0
295.7846644620939	272.0
295.7946652960289	268.0
295.80466612996395	268.0
295.81466696389896	0.0
295.82466779783397	0.0
295.834668631769	327.0
295.844669465704	331.0
295.854670299639	331.0
295.864671133574	327.0
295.8746719675091	323.0
295.8846728014441	319.0
295.8946736353791	0.0
295.9046744693141	0.0
295.9146753032491	0.0
295.9246761371841	0.0
295.9346769711192	0.0
295.9446778050542	0.0
295.9546786389892	319.0
295.9646794729242	323.0
295.9746803068592	0.0
295.98468114079424	0.0
295.99468197472925	0.0
296.0046828086643	0.0
296.0146836425993	0.0
296.02468447653433	0.0
296.03468531046934	0.0
296.04468614440435	0.0
296.05468697833936	0.0
296.06468781227437	0.0
296.07468864620944	0.0
296.08468948014445	0.0
296.09469031407946	0.0
296.10469114801447	0.0
296.1146919819495	0.0
296.1246928158845	0.0
296.1346936498195	0.0
296.14469448375456	0.0
296.1546953176896	0.0
296.1646961516246	0.0
296.1746969855596	0.0
296.1846978194946	0.0
296.1946986534296	0.0
296.2046994873646	0.0
296.2147003212997	0.0
296.2247011552347	0.0
296.2347019891697	0.0
296.2447028231047	0.0
296.2547036570397	0.0
296.26470449097474	0.0
296.2747053249098	0.0
296.2847061588448	0.0
296.2947069927798	0.0
296.30470782671483	0.0
296.31470866064984	0.0
296.32470949458485	0.0
296.33471032851986	0.0
296.3447111624549	0.0
296.35471199638994	0.0
296.36471283032495	0.0
296.37471366425996	0.0
296.38471449819497	0.0
296.39471533213	0.0
296.404716166065	0.0
296.41471700000005	0.0
296.42471783393506	0.0
296.4347186678701	0.0
296.4447195018051	0.0
296.4547203357401	0.0
296.4647211696751	0.0
296.4747220036101	0.0
296.4847228375452	0.0
296.4947236714802	0.0
296.5047245054152	0.0
296.5147253393502	0.0
296.5247261732852	0.0
296.5347270072202	0.0
296.54472784115524	0.0
296.5547286750903	0.0
296.5647295090253	0.0
296.5747303429603	0.0
296.58473117689533	0.0
296.59473201083034	0.0
296.60473284476535	0.0
296.61473367870036	0.0
296.6247345126354	0.0
296.63473534657044	0.0
296.64473618050545	0.0
296.65473701444046	0.0
296.66473784837547	0.0
296.6747386823105	0.0
296.68473951624554	0.0
296.69474035018055	0.0
296.70474118411556	0.0
296.7147420180506	0.0
296.7247428519856	0.0
296.7347436859206	0.0
296.7447445198556	0.0
296.75474535379067	426.0
296.7647461877257	431.0
296.7747470216607	431.0
296.7847478555957	431.0
296.7947486895307	426.0
296.8047495234657	421.0
296.8147503574007	417.0
296.8247511913358	412.0
296.8347520252708	407.0
296.8447528592058	407.0
296.8547536931408	407.0
296.86475452707583	407.0
296.87475536101084	407.0
296.88475619494585	407.0
296.8947570288809	0.0
296.9047578628159	0.0
296.91475869675094	0.0
296.92475953068595	417.0
296.93476036462096	417.0
296.94476119855597	417.0
296.954762032491	421.0
296.96476286642604	421.0
296.97476370036105	421.0
296.98476453429606	412.0
296.99476536823107	0.0
297.0047662021661	0.0
297.0147670361011	0.0
297.0247678700361	0.0
297.03476870397117	0.0
297.0447695379062	0.0
297.0547703718412	0.0
297.0647712057762	0.0
297.0747720397112	0.0
297.0847728736462	0.0
297.0947737075813	0.0
297.1047745415163	0.0
297.1147753754513	0.0
297.1247762093863	0.0
297.1347770433213	0.0
297.14477787725633	0.0
297.15477871119134	0.0
297.1647795451264	0.0
297.1747803790614	367.0
297.1847812129964	421.0
297.19478204693144	417.0
297.20478288086645	393.0
297.21478371480146	0.0
297.22478454873647	363.0
297.23478538267153	0.0
297.24478621660654	0.0
297.25478705054155	342.0
297.26478788447656	342.0
297.27478871841157	346.0
297.2847895523466	375.0
297.2947903862816	384.0
297.30479122021666	393.0
297.31479205415167	402.0
297.3247928880867	402.0
297.3347937220217	402.0
297.3447945559567	398.0
297.3547953898917	389.0
297.3647962238267	380.0
297.3747970577618	380.0
297.3847978916968	384.0
297.3947987256318	389.0
297.4047995595668	417.0
297.4148003935018	431.0
297.42480122743683	441.0
297.43480206137184	447.0
297.4448028953069	441.0
297.4548037292419	436.0
297.4648045631769	0.0
297.47480539711194	389.0
297.48480623104695	0.0
297.49480706498196	0.0
297.504807898917	389.0
297.51480873285203	0.0
297.52480956678704	0.0
297.53481040072205	0.0
297.54481123465706	0.0
297.55481206859207	0.0
297.5648129025271	0.0
297.57481373646215	384.0
297.58481457039716	384.0
297.59481540433217	380.0
297.6048162382672	380.0
297.6148170722022	393.0
297.6248179061372	402.0
297.6348187400722	407.0
297.6448195740073	407.0
297.6548204079423	407.0
297.6648212418773	407.0
297.6748220758123	402.0
297.6848229097473	398.0
297.6948237436823	393.0
297.70482457761733	389.0
297.7148254115524	389.0
297.7248262454874	393.0
297.7348270794224	398.0
297.7448279133574	402.0
297.75482874729244	402.0
297.76482958122745	398.0
297.77483041516246	393.0
297.7848312490975	384.0
297.79483208303253	389.0
297.80483291696754	389.0
297.81483375090255	393.0
297.82483458483756	398.0
297.83483541877257	402.0
297.84483625270764	402.0
297.85483708664265	402.0
297.86483792057766	402.0
297.87483875451267	393.0
297.8848395884477	380.0
297.8948404223827	0.0
297.9048412563177	0.0
297.91484209025276	0.0
297.9248429241878	0.0
297.9348437581228	0.0
297.9448445920578	0.0
297.9548454259928	308.0
297.9648462599278	316.0
297.9748470938628	323.0
297.9848479277979	327.0
297.9948487617329	327.0
298.0048495956679	327.0
298.0148504296029	327.0
298.0248512635379	327.0
298.03485209747294	327.0
298.04485293140795	334.0
298.054853765343	346.0
298.064854599278	358.0
298.07485543321303	367.0
298.08485626714804	398.0
298.09485710108305	407.0
298.10485793501806	412.0
298.11485876895307	412.0
298.12485960288814	402.0
298.13486043682315	393.0
298.14486127075816	398.0
298.15486210469317	380.0
298.1648629386282	367.0
298.1748637725632	367.0
298.1848646064982	367.0
298.19486544043326	380.0
298.20486627436827	393.0
298.2148671083033	398.0
298.2248679422383	398.0
298.2348687761733	398.0
298.2448696101083	393.0
298.2548704440434	393.0
298.2648712779784	384.0
298.2748721119134	384.0
298.2848729458484	393.0
298.2948737797834	398.0
298.3048746137184	402.0
298.31487544765344	412.0
298.3248762815885	417.0
298.3348771155235	417.0
298.3448779494585	412.0
298.35487878339353	402.0
298.36487961732854	393.0
298.37488045126355	389.0
298.38488128519856	384.0
298.3948821191336	384.0
298.40488295306864	393.0
298.41488378700365	402.0
298.42488462093866	407.0
298.43488545487367	412.0
298.4448862888087	407.0
298.4548871227437	398.0
298.46488795667875	389.0
298.47488879061376	375.0
298.48488962454877	363.0
298.4948904584838	358.0
298.5048912924188	363.0
298.5148921263538	393.0
298.5248929602888	402.0
298.5348937942239	421.0
298.5448946281589	431.0
298.5548954620939	421.0
298.5648962960289	412.0
298.5748971299639	402.0
298.5848979638989	393.0
298.59489879783393	380.0
298.604899631769	371.0
298.614900465704	367.0
298.624901299639	363.0
298.63490213357403	363.0
298.64490296750904	363.0
298.65490380144405	363.0
298.6649046353791	363.0
298.6749054693141	358.0
298.68490630324914	0.0
298.69490713718415	0.0
298.70490797111916	0.0
298.71490880505416	0.0
298.7249096389892	0.0
298.73491047292424	316.0
298.74491130685925	0.0
298.75491214079426	0.0
298.76491297472927	0.0
298.7749138086643	0.0
298.7849146425993	0.0
298.7949154765343	0.0
298.80491631046937	0.0
298.8149171444044	0.0
298.8249179783394	0.0
298.8349188122744	0.0
298.8449196462094	513.0
298.8549204801444	525.0
298.8649213140794	531.0
298.8749221480145	272.0
298.8849229819495	272.0
298.8949238158845	275.0
298.9049246498195	275.0
298.91492548375453	272.0
298.92492631768954	268.0
298.93492715162455	259.0
298.9449279855596	256.0
298.9549288194946	256.0
298.96492965342964	262.0
298.97493048736465	275.0
298.98493132129965	291.0
298.99493215523466	305.0
299.00493298916973	316.0
299.01493382310474	319.0
299.02493465703975	319.0
299.03493549097476	319.0
299.04493632490977	316.0
299.0549371588448	308.0
299.0649379927798	301.0
299.07493882671486	301.0
299.08493966064987	308.0
299.0949404945849	342.0
299.1049413285199	389.0
299.1149421624549	402.0
299.1249429963899	417.0
299.1349438303249	421.0
299.14494466426	412.0
299.154945498195	398.0
299.16494633213	384.0
299.174947166065	363.0
299.184948	342.0
299.19494883393503	323.0
299.20494966787004	323.0
299.2149505018051	342.0
299.2249513357401	367.0
299.2349521696751	393.0
299.24495300361014	412.0
299.25495383754514	417.0
299.26495467148015	417.0
299.27495550541516	412.0
299.28495633935023	398.0
299.29495717328524	380.0
299.30495800722025	380.0
299.31495884115526	380.0
299.32495967509027	389.0
299.3349605090253	398.0
299.3449613429603	417.0
299.35496217689536	426.0
299.36496301083037	436.0
299.3749638447654	441.0
299.3849646787004	431.0
299.3949655126354	393.0
299.4049663465704	384.0
299.41496718050547	384.0
299.4249680144405	384.0
299.4349688483755	393.0
299.4449696823105	398.0
299.4549705162455	402.0
299.4649713501805	402.0
299.47497218411553	402.0
299.4849730180506	398.0
299.4949738519856	389.0
299.5049746859206	380.0
299.5149755198556	371.0
299.52497635379063	363.0
299.53497718772564	354.0
299.54497802166065	358.0
299.5549788555957	380.0
299.56497968953073	367.0
299.57498052346574	367.0
299.58498135740075	384.0
299.59498219133576	384.0
299.60498302527077	380.0
299.6149838592058	375.0
299.62498469314085	367.0
299.63498552707586	334.0
299.64498636101087	327.0
299.6549871949459	327.0
299.6649880288809	323.0
299.6749888628159	323.0
299.6849896967509	323.0
299.69499053068597	319.0
299.704991364621	319.0
299.714992198556	319.0
299.724993032491	316.0
299.734993866426	316.0
299.744994700361	316.0
299.75499553429603	316.0
299.7649963682311	319.0
299.7749972021661	358.0
299.7849980361011	389.0
299.7949988700361	393.0
299.80499970397113	393.0
299.81500053790614	389.0
299.8250013718412	346.0
299.8350022057762	367.0
299.84500303971123	610.0
299.85500387364624	610.0
299.86500470758125	338.0
299.87500554151626	331.0
299.88500637545127	323.0
299.89500720938634	323.0
299.90500804332135	327.0
299.91500887725635	537.0
299.92500971119136	537.0
299.9350105451264	531.0
299.9450113790614	525.0
299.9550122129964	0.0
299.96501304693146	0.0
299.97501388086647	0.0
299.9850147148015	0.0
299.9950155487365	0.0
300.0050163826715	0.0
300.0150172166065	308.0
300.0250180505415	375.0
300.0350188844766	371.0
300.0450197184116	334.0
300.0550205523466	0.0
300.0650213862816	0.0
300.0750222202166	0.0
300.08502305415163	0.0
300.09502388808664	0.0
300.1050247220217	0.0
300.1150255559567	323.0
300.12502638989173	323.0
300.13502722382674	319.0
300.14502805776175	316.0
300.15502889169676	316.0
300.16502972563177	312.0
300.17503055956684	308.0
300.18503139350184	298.0
300.19503222743685	294.0
300.20503306137186	294.0
300.2150338953069	294.0
300.2250347292419	298.0
300.23503556317695	294.0
300.24503639711196	301.0
300.25503723104697	305.0
300.265038064982	308.0
300.275038898917	312.0
300.285039732852	319.0
300.295040566787	331.0
300.3050414007221	431.0
300.3150422346571	426.0
300.3250430685921	371.0
300.3350439025271	363.0
300.3450447364621	358.0
300.3550455703971	354.0
300.36504640433213	346.0
300.3750472382672	342.0
300.3850480722022	334.0
300.3950489061372	331.0
300.40504974007223	338.0
300.41505057400724	358.0
300.42505140794225	0.0
300.43505224187726	0.0
300.4450530758123	0.0
300.45505390974733	0.0
300.46505474368234	0.0
300.47505557761735	0.0
300.48505641155236	0.0
300.4950572454874	0.0
300.5050580794224	0.0
300.51505891335745	0.0
300.52505974729246	0.0
300.53506058122747	0.0
300.5450614151625	0.0
300.5550622490975	0.0
300.5650630830325	0.0
300.57506391696757	0.0
300.5850647509026	0.0
300.5950655848376	0.0
300.6050664187726	0.0
300.6150672527076	0.0
300.6250680866426	0.0
300.6350689205776	0.0
300.6450697545127	0.0
300.6550705884477	0.0
300.6650714223827	0.0
300.6750722563177	0.0
300.68507309025273	0.0
300.69507392418774	0.0
300.70507475812275	0.0
300.7150755920578	0.0
300.7250764259928	0.0
300.73507725992783	0.0
300.74507809386284	0.0
300.75507892779785	0.0
300.76507976173286	0.0
300.7750805956679	0.0
300.78508142960294	0.0
300.79508226353795	0.0
300.80508309747296	0.0
300.81508393140797	0.0
300.825084765343	0.0
300.835085599278	0.0
300.845086433213	0.0
300.85508726714806	0.0
300.8650881010831	0.0
300.8750889350181	0.0
300.8850897689531	0.0
300.8950906028881	0.0
300.9050914368231	0.0
300.9150922707581	0.0
300.9250931046932	0.0
300.9350939386282	0.0
300.9450947725632	0.0
300.9550956064982	0.0
300.96509644043323	0.0
300.97509727436824	0.0
300.9850981083033	0.0
300.9950989422383	0.0
301.0050997761733	0.0
301.01510061010833	0.0
301.02510144404334	0.0
301.03510227797835	0.0
301.04510311191336	0.0
301.05510394584843	0.0
301.06510477978344	0.0
301.07510561371845	0.0
301.08510644765346	0.0
301.09510728158847	0.0
301.1051081155235	0.0
301.1151089494585	0.0
301.12510978339355	0.0
301.13511061732856	0.0
301.1451114512636	0.0
301.1551122851986	0.0
301.1651131191336	0.0
301.1751139530686	0.0
301.1851147870036	0.0
301.1951156209387	0.0
301.2051164548737	0.0
301.2151172888087	0.0
301.2251181227437	0.0
301.2351189566787	0.0
301.2451197906137	0.0
301.25512062454874	0.0
301.2651214584838	0.0
301.2751222924188	0.0
301.2851231263538	0.0
301.29512396028883	0.0
301.30512479422384	0.0
301.31512562815885	0.0
301.32512646209386	0.0
301.33512729602893	0.0
301.34512812996394	0.0
301.35512896389895	0.0
301.36512979783396	0.0
301.37513063176897	0.0
301.385131465704	0.0
301.39513229963904	0.0
301.40513313357405	0.0
301.41513396750906	0.0
301.4251348014441	0.0
301.4351356353791	0.0
301.4451364693141	0.0
301.4551373032491	0.0
301.46513813718417	0.0
301.4751389711192	0.0
301.4851398050542	0.0
301.4951406389892	0.0
301.5051414729242	0.0
301.5151423068592	0.0
301.5251431407942	0.0
301.5351439747293	0.0
301.5451448086643	0.0
301.5551456425993	0.0
301.5651464765343	0.0
301.57514731046933	0.0
301.58514814440434	0.0
301.59514897833935	0.0
301.6051498122744	0.0
301.61515064620943	0.0
301.62515148014444	0.0
301.63515231407945	0.0
301.64515314801446	0.0
301.65515398194947	0.0
301.6651548158845	0.0
301.67515564981954	0.0
301.68515648375455	0.0
301.69515731768956	0.0
301.7051581516246	0.0
301.7151589855596	0.0
301.7251598194946	0.0
301.73516065342966	0.0
301.74516148736467	0.0
301.7551623212997	0.0
301.7651631552347	0.0
301.7751639891697	0.0
301.7851648231047	0.0
301.7951656570397	0.0
301.8051664909748	0.0
301.8151673249098	0.0
301.8251681588448	0.0
301.8351689927798	0.0
301.8451698267148	632.0
301.85517066064983	624.0
301.86517149458484	624.0
301.8751723285199	617.0
301.8851731624549	617.0
301.89517399638993	319.0
301.90517483032494	319.0
301.91517566425995	319.0
301.92517649819496	677.0
301.93517733212997	0.0
301.94517816606503	0.0
301.95517900000004	0.0
301.96517983393505	0.0
301.97518066787006	0.0
301.9851815018051	319.0
301.9951823357401	319.0
302.0051831696751	319.0
302.01518400361016	319.0
302.02518483754517	319.0
302.0351856714802	0.0
302.0451865054152	0.0
302.0551873393502	0.0
302.0651881732852	0.0
302.0751890072202	0.0
302.0851898411553	0.0
302.0951906750903	0.0
302.1051915090253	0.0
302.1151923429603	0.0
302.1251931768953	0.0
302.13519401083033	0.0
302.1451948447654	0.0
302.1551956787004	0.0
302.1651965126354	0.0
302.1751973465704	0.0
302.18519818050544	0.0
302.19519901444045	0.0
302.20519984837546	0.0
302.2152006823105	0.0
302.22520151624553	0.0
302.23520235018054	0.0
302.24520318411555	0.0
302.25520401805056	0.0
302.2652048519856	0.0
302.2752056859206	0.0
302.28520651985565	0.0
302.29520735379066	0.0
302.30520818772567	0.0
302.3152090216607	0.0
302.3252098555957	0.0
302.3352106895307	0.0
302.3452115234657	0.0
302.3552123574008	0.0
302.3652131913358	0.0
302.3752140252708	0.0
302.3852148592058	0.0
302.3952156931408	0.0
302.4052165270758	0.0
302.41521736101083	0.0
302.4252181949459	0.0
302.4352190288809	0.0
302.4452198628159	0.0
302.4552206967509	0.0
302.46522153068594	0.0
302.47522236462095	0.0
302.48522319855596	0.0
302.495224032491	0.0
302.50522486642603	0.0
302.51522570036104	0.0
302.52522653429605	0.0
302.53522736823106	0.0
302.5452282021661	0.0
302.55522903610114	0.0
302.56522987003615	0.0
302.57523070397116	0.0
302.58523153790617	0.0
302.5952323718412	0.0
302.6052332057762	0.0
302.6152340397112	0.0
302.62523487364626	0.0
302.6352357075813	0.0
302.6452365415163	0.0
302.6552373754513	0.0
302.6652382093863	0.0
302.6752390433213	0.0
302.6852398772563	0.0
302.6952407111914	0.0
302.7052415451264	0.0
302.7152423790614	0.0
302.7252432129964	0.0
302.7352440469314	0.0
302.74524488086644	0.0
302.75524571480145	0.0
302.7652465487365	0.0
302.7752473826715	0.0
302.78524821660653	0.0
302.79524905054154	0.0
302.80524988447655	0.0
302.81525071841156	0.0
302.8252515523466	0.0
302.83525238628164	0.0
302.84525322021665	0.0
302.85525405415166	0.0
302.86525488808667	0.0
302.8752557220217	0.0
302.8852565559567	0.0
302.8952573898917	0.0
302.90525822382676	0.0
302.9152590577618	0.0
302.9252598916968	0.0
302.9352607256318	0.0
302.9452615595668	0.0
302.9552623935018	0.0
302.9652632274369	0.0
302.9752640613719	0.0
302.9852648953069	0.0
302.9952657292419	0.0
303.0052665631769	0.0
303.0152673971119	0.0
303.02526823104694	0.0
303.035269064982	0.0
303.045269898917	0.0
303.055270732852	0.0
303.06527156678703	0.0
303.07527240072204	0.0
303.08527323465705	0.0
303.09527406859206	0.0
303.1052749025271	0.0
303.11527573646214	0.0
303.12527657039715	0.0
303.13527740433216	0.0
303.14527823826717	0.0
303.1552790722022	0.0
303.1652799061372	0.0
303.17528074007225	0.0
303.18528157400726	0.0
303.1952824079423	0.0
303.2052832418773	0.0
303.2152840758123	0.0
303.2252849097473	0.0
303.2352857436823	0.0
303.2452865776174	0.0
303.2552874115524	0.0
303.2652882454874	0.0
303.2752890794224	0.0
303.2852899133574	0.0
303.2952907472924	0.0
303.3052915812275	0.0
303.3152924151625	0.0
303.3252932490975	0.0
303.3352940830325	0.0
303.34529491696753	0.0
303.35529575090254	0.0
303.36529658483755	0.0
303.3752974187726	0.0
303.3852982527076	0.0
303.39529908664264	0.0
303.40529992057765	0.0
303.41530075451266	0.0
303.42530158844767	0.0
303.4353024223827	0.0
303.44530325631774	0.0
303.45530409025275	0.0
303.46530492418776	0.0
303.4753057581228	0.0
303.4853065920578	0.0
303.4953074259928	0.0
303.5053082599278	0.0
303.51530909386287	0.0
303.5253099277979	0.0
303.5353107617329	0.0
303.5453115956679	0.0
303.5553124296029	0.0
303.5653132635379	0.0
303.5753140974729	0.0
303.585314931408	0.0
303.595315765343	0.0
303.605316599278	0.0
303.615317433213	0.0
303.62531826714803	0.0
303.63531910108304	0.0
303.64531993501805	0.0
303.6553207689531	0.0
303.6653216028881	0.0
303.67532243682314	0.0
303.68532327075815	0.0
303.69532410469316	0.0
303.70532493862817	0.0
303.71532577256323	0.0
303.72532660649824	0.0
303.73532744043325	0.0
303.74532827436826	0.0
303.7553291083033	0.0
303.7653299422383	0.0
303.7753307761733	0.0
303.78533161010836	0.0
303.79533244404337	0.0
303.8053332779784	0.0
303.8153341119134	0.0
303.8253349458484	0.0
303.8353357797834	0.0
303.8453366137184	0.0
303.8553374476535	0.0
303.8653382815885	0.0
303.8753391155235	0.0
303.8853399494585	0.0
303.8953407833935	0.0
303.90534161732853	0.0
303.91534245126354	0.0
303.9253432851986	0.0
303.9353441191336	0.0
303.9453449530686	0.0
303.95534578700364	0.0
303.96534662093865	0.0
303.97534745487366	0.0
303.98534828880867	0.0
303.99534912274373	0.0
304.00534995667874	0.0
304.01535079061375	0.0
304.02535162454876	0.0
304.03535245848377	0.0
304.0453532924188	0.0
304.0553541263538	0.0
304.06535496028886	0.0
304.07535579422387	0.0
304.0853566281589	0.0
304.0953574620939	0.0
304.1053582960289	384.0
304.1153591299639	384.0
304.125359963899	384.0
304.135360797834	384.0
304.145361631769	384.0
304.155362465704	380.0
304.165363299639	380.0
304.175364133574	380.0
304.18536496750903	380.0
304.1953658014441	380.0
304.2053666353791	389.0
304.2153674693141	384.0
304.2253683032491	384.0
304.23536913718414	380.0
304.24536997111915	380.0
304.25537080505416	380.0
304.2653716389892	384.0
304.27537247292423	389.0
304.28537330685924	389.0
304.29537414079425	393.0
304.30537497472926	393.0
304.31537580866427	393.0
304.3253766425993	393.0
304.33537747653435	393.0
304.34537831046936	393.0
304.35537914440437	393.0
304.3653799783394	393.0
304.3753808122744	398.0
304.3853816462094	398.0
304.3953824801444	398.0
304.4053833140795	398.0
304.4153841480145	398.0
304.4253849819495	398.0
304.4353858158845	398.0
304.4453866498195	398.0
304.4553874837545	393.0
304.46538831768953	393.0
304.4753891516246	398.0
304.4853899855596	398.0
304.4953908194946	398.0
304.5053916534296	398.0
304.51539248736464	398.0
304.52539332129965	398.0
304.5353941552347	398.0
304.5453949891697	402.0
304.55539582310473	398.0
304.56539665703974	393.0
304.57539749097475	393.0
304.58539832490976	389.0
304.59539915884477	389.0
304.60539999277984	389.0
304.61540082671485	389.0
304.62540166064986	393.0
304.63540249458487	398.0
304.6454033285199	402.0
304.6554041624549	407.0
304.6654049963899	417.0
304.67540583032496	417.0
304.68540666426	407.0
304.695407498195	402.0
304.70540833213	398.0
304.715409166065	393.0
304.72541	393.0
304.735410833935	393.0
304.7454116678701	398.0
304.7554125018051	398.0
304.7654133357401	412.0
304.7754141696751	436.0
304.7854150036101	436.0
304.79541583754514	436.0
304.80541667148015	431.0
304.8154175054152	426.0
304.8254183393502	417.0
304.83541917328523	402.0
304.84542000722024	393.0
304.85542084115525	0.0
304.86542167509026	0.0
304.8754225090253	0.0
304.88542334296034	0.0
304.89542417689535	0.0
304.90542501083036	484.0
304.91542584476537	479.0
304.9254266787004	0.0
304.9354275126354	441.0
304.94542834657045	407.0
304.95542918050546	407.0
304.96543001444047	407.0
304.9754308483755	407.0
304.9854316823105	407.0
304.9954325162455	412.0
305.0054333501805	412.0
305.0154341841156	412.0
305.0254350180506	407.0
305.0354358519856	402.0
305.0454366859206	402.0
305.0554375198556	402.0
305.0654383537906	402.0
305.07543918772564	398.0
305.0854400216607	398.0
305.0954408555957	393.0
305.1054416895307	393.0
305.11544252346573	398.0
305.12544335740074	398.0
305.13544419133575	398.0
305.14544502527076	398.0
305.1554458592058	398.0
305.16544669314084	398.0
305.17544752707585	393.0
305.18544836101086	393.0
305.19544919494587	398.0
305.2054500288809	398.0
305.2154508628159	402.0
305.22545169675095	402.0
305.23545253068596	402.0
305.24545336462097	402.0
305.255454198556	402.0
305.265455032491	398.0
305.275455866426	398.0
305.28545670036107	398.0
305.2954575342961	398.0
305.3054583682311	402.0
305.3154592021661	402.0
305.3254600361011	402.0
305.3354608700361	407.0
305.3454617039711	407.0
305.3554625379062	407.0
305.3654633718412	402.0
305.3754642057762	398.0
305.3854650397112	393.0
305.39546587364623	389.0
305.40546670758124	380.0
305.41546754151625	380.0
305.4254683754513	380.0
305.4354692093863	0.0
305.44547004332134	0.0
305.45547087725635	0.0
305.46547171119136	0.0
305.47547254512637	0.0
305.4854733790614	0.0
305.49547421299644	0.0
305.50547504693145	0.0
305.51547588086646	0.0
305.52547671480147	421.0
305.5354775487365	417.0
305.5454783826715	412.0
305.5554792166065	407.0
305.56548005054157	407.0
305.5754808844766	402.0
305.5854817184116	398.0
305.5954825523466	398.0
305.6054833862816	398.0
305.6154842202166	393.0
305.6254850541516	393.0
305.6354858880867	393.0
305.6454867220217	398.0
305.6554875559567	398.0
305.6654883898917	398.0
305.67548922382673	398.0
305.68549005776174	398.0
305.6954908916968	398.0
305.7054917256318	393.0
305.7154925595668	393.0
305.72549339350184	389.0
305.73549422743685	389.0
305.74549506137186	393.0
305.75549589530686	398.0
305.76549672924193	402.0
305.77549756317694	407.0
305.78549839711195	402.0
305.79549923104696	402.0
305.80550006498197	398.0
305.815500898917	398.0
305.825501732852	393.0
305.83550256678706	393.0
305.84550340072207	393.0
305.8555042346571	398.0
305.8655050685921	398.0
305.8755059025271	402.0
305.8855067364621	402.0
305.8955075703971	402.0
305.9055084043322	407.0
305.9155092382672	402.0
305.9255100722022	393.0
305.9355109061372	393.0
305.9455117400722	393.0
305.95551257400723	398.0
305.96551340794224	398.0
305.9755142418773	402.0
305.9855150758123	402.0
305.9955159097473	402.0
306.00551674368234	402.0
306.01551757761735	402.0
306.02551841155235	402.0
306.0355192454874	398.0
306.04552007942243	398.0
306.05552091335744	398.0
306.06552174729245	398.0
306.07552258122746	398.0
306.08552341516247	398.0
306.0955242490975	398.0
306.10552508303255	398.0
306.11552591696756	398.0
306.12552675090257	402.0
306.1355275848376	402.0
306.1455284187726	398.0
306.1555292527076	398.0
306.1655300866426	393.0
306.17553092057767	393.0
306.1855317545127	393.0
306.1955325884477	393.0
306.2055334223827	393.0
306.2155342563177	398.0
306.2255350902527	398.0
306.23553592418773	402.0
306.2455367581228	412.0
306.2555375920578	412.0
306.2655384259928	412.0
306.2755392599278	412.0
306.28554009386283	412.0
306.29554092779784	407.0
306.30554176173285	407.0
306.3155425956679	407.0
306.32554342960293	407.0
306.33554426353794	407.0
306.34554509747295	402.0
306.35554593140796	393.0
306.36554676534297	389.0
306.375547599278	389.0
306.38554843321305	389.0
306.39554926714806	389.0
306.40555010108307	685.0
306.4155509350181	0.0
306.4255517689531	0.0
306.4355526028881	0.0
306.44555343682316	0.0
306.45555427075817	0.0
306.4655551046932	0.0
306.4755559386282	0.0
306.4855567725632	0.0
306.4955576064982	0.0
306.5055584404332	0.0
306.5155592743683	0.0
306.5255601083033	0.0
306.5355609422383	0.0
306.5455617761733	0.0
306.5555626101083	0.0
306.56556344404333	0.0
306.57556427797834	0.0
306.5855651119134	0.0
306.5955659458484	0.0
306.60556677978343	0.0
306.61556761371844	0.0
306.62556844765345	407.0
306.63556928158846	402.0
306.64557011552347	0.0
306.65557094945854	0.0
306.66557178339355	0.0
306.67557261732856	0.0
306.68557345126356	0.0
306.6955742851986	0.0
306.7055751191336	0.0
306.7155759530686	0.0
306.72557678700366	358.0
306.73557762093867	375.0
306.7455784548737	389.0
306.7555792888087	398.0
306.7655801227437	402.0
306.7755809566787	402.0
306.7855817906137	402.0
306.7955826245488	402.0
306.8055834584838	402.0
306.8155842924188	398.0
306.8255851263538	389.0
306.8355859602888	393.0
306.84558679422383	398.0
306.8555876281589	407.0
306.8655884620939	417.0
306.8755892960289	421.0
306.88559012996393	421.0
306.89559096389894	417.0
306.90559179783395	407.0
306.91559263176896	402.0
306.925593465704	402.0
306.93559429963904	407.0
306.94559513357405	407.0
306.95559596750905	412.0
306.96559680144406	412.0
306.9755976353791	407.0
306.9855984693141	402.0
306.99559930324915	389.0
307.00560013718416	380.0
307.01560097111917	371.0
307.0256018050542	363.0
307.0356026389892	354.0
307.0456034729242	354.0
307.0556043068592	393.0
307.0656051407943	393.0
307.0756059747293	393.0
307.0856068086643	389.0
307.0956076425993	375.0
307.1056084765343	363.0
307.1156093104693	342.0
307.12561014440433	327.0
307.1356109783394	316.0
307.1456118122744	312.0
307.1556126462094	312.0
307.16561348014443	312.0
307.17561431407944	316.0
307.18561514801445	319.0
307.19561598194946	319.0
307.2056168158845	319.0
307.21561764981954	319.0
307.22561848375454	319.0
307.23561931768955	319.0
307.24562015162456	319.0
307.2556209855596	319.0
307.26562181949464	0.0
307.27562265342965	0.0
307.28562348736466	0.0
307.29562432129967	0.0
307.3056251552347	0.0
307.3156259891697	0.0
307.3256268231047	0.0
307.33562765703977	0.0
307.3456284909748	0.0
307.3556293249098	0.0
307.3656301588448	0.0
307.3756309927798	0.0
307.3856318267148	0.0
307.3956326606498	0.0
307.4056334945849	0.0
307.4156343285199	0.0
307.4256351624549	0.0
307.4356359963899	0.0
307.44563683032493	0.0
307.45563766425994	0.0
307.46563849819495	0.0
307.47563933213	0.0
307.485640166065	0.0
307.49564100000003	0.0
307.50564183393504	0.0
307.51564266787005	0.0
307.52564350180506	0.0
307.5356443357401	0.0
307.54564516967514	0.0
307.55564600361015	0.0
307.56564683754516	0.0
307.57564767148017	0.0
307.5856485054152	0.0
307.5956493393502	301.0
307.60565017328526	298.0
307.61565100722027	301.0
307.6256518411553	308.0
307.6356526750903	319.0
307.6456535090253	319.0
307.6556543429603	319.0
307.6656551768953	319.0
307.6756560108304	316.0
307.6856568447654	316.0
307.6956576787004	312.0
307.7056585126354	312.0
307.7156593465704	316.0
307.72566018050543	316.0
307.73566101444044	319.0
307.7456618483755	319.0
307.7556626823105	319.0
307.7656635162455	319.0
307.77566435018053	319.0
307.78566518411554	316.0
307.79566601805055	312.0
307.80566685198556	312.0
307.81566768592063	308.0
307.82566851985564	312.0
307.83566935379065	316.0
307.84567018772566	319.0
307.85567102166067	319.0
307.8656718555957	319.0
307.8756726895307	319.0
307.88567352346575	316.0
307.89567435740076	316.0
307.9056751913358	312.0
307.9156760252708	312.0
307.9256768592058	312.0
307.9356776931408	316.0
307.9456785270758	323.0
307.9556793610109	327.0
307.9656801949459	327.0
307.9756810288809	327.0
307.9856818628159	327.0
307.9956826967509	323.0
308.0056835306859	323.0
308.015684364621	316.0
308.025685198556	312.0
308.035686032491	308.0
308.045686866426	308.0
308.05568770036103	316.0
308.06568853429604	342.0
308.07568936823105	380.0
308.0856902021661	402.0
308.09569103610113	407.0
308.10569187003614	402.0
308.11569270397115	398.0
308.12569353790616	389.0
308.13569437184117	380.0
308.1456952057762	367.0
308.15569603971124	363.0
308.16569687364625	358.0
308.17569770758126	354.0
308.1856985415163	354.0
308.1956993754513	354.0
308.2057002093863	350.0
308.2157010433213	350.0
308.22570187725637	354.0
308.2357027111914	354.0
308.2457035451264	350.0
308.2557043790614	350.0
308.2657052129964	350.0
308.2757060469314	350.0
308.2857068808664	346.0
308.2957077148015	350.0
308.3057085487365	350.0
308.3157093826715	354.0
308.3257102166065	363.0
308.33571105054153	363.0
308.34571188447654	367.0
308.35571271841155	363.0
308.3657135523466	354.0
308.37571438628163	350.0
308.38571522021664	338.0
308.39571605415165	327.0
308.40571688808666	316.0
308.41571772202167	312.0
308.42571855595673	308.0
308.43571938989174	308.0
308.44572022382675	308.0
308.45572105776176	308.0
308.4657218916968	312.0
308.4757227256318	312.0
308.4857235595668	316.0
308.49572439350186	316.0
308.50572522743687	316.0
308.5157260613719	316.0
308.5257268953069	312.0
308.5357277292419	312.0
308.5457285631769	312.0
308.5557293971119	312.0
308.565730231047	316.0
308.575731064982	316.0
308.585731898917	319.0
308.595732732852	319.0
308.605733566787	316.0
308.61573440072203	316.0
308.62573523465704	312.0
308.6357360685921	312.0
308.6457369025271	312.0
308.65573773646213	312.0
308.66573857039714	312.0
308.67573940433215	316.0
308.68574023826716	319.0
308.69574107220217	323.0
308.70574190613723	323.0
308.71574274007224	323.0
308.72574357400725	319.0
308.73574440794226	319.0
308.7457452418773	316.0
308.7557460758123	312.0
308.76574690974735	312.0
308.77574774368236	312.0
308.78574857761737	316.0
308.7957494115524	316.0
308.8057502454874	319.0
308.8157510794224	319.0
308.8257519133574	323.0
308.8357527472925	323.0
308.8457535812275	319.0
308.8557544151625	319.0
308.8657552490975	316.0
308.8757560830325	316.0
308.8857569169675	312.0
308.89575775090253	312.0
308.9057585848376	312.0
308.9157594187726	312.0
308.9257602527076	316.0
308.93576108664263	319.0
308.94576192057764	323.0
308.95576275451265	327.0
308.96576358844766	334.0
308.9757644223827	331.0
308.98576525631773	334.0
308.99576609025274	338.0
309.00576692418775	346.0
309.01576775812276	367.0
309.0257685920578	389.0
309.0357694259928	402.0
309.04577025992785	417.0
309.05577109386286	412.0
309.06577192779787	402.0
309.0757727617329	393.0
309.0857735956679	389.0
309.0957744296029	380.0
309.1057752635379	367.0
309.115776097473	358.0
309.125776931408	346.0
309.135777765343	346.0
309.145778599278	350.0
309.155779433213	363.0
309.165780267148	375.0
309.1757811010831	393.0
309.1857819350181	402.0
309.1957827689531	402.0
309.2057836028881	398.0
309.2157844368231	393.0
309.22578527075814	389.0
309.23578610469315	380.0
309.2457869386282	371.0
309.2557877725632	367.0
309.26578860649823	358.0
309.27578944043324	350.0
309.28579027436825	354.0
309.29579110830326	363.0
309.3057919422383	367.0
309.31579277617334	380.0
309.32579361010835	398.0
309.33579444404336	407.0
309.34579527797837	407.0
309.3557961119134	407.0
309.3657969458484	407.0
309.3757977797834	398.0
309.38579861371846	393.0
309.3957994476535	393.0
309.4058002815885	393.0
309.4158011155235	398.0
309.4258019494585	398.0
309.4358027833935	402.0
309.4458036173285	402.0
309.4558044512636	402.0
309.4658052851986	402.0
309.4758061191336	398.0
309.4858069530686	398.0
309.4958077870036	393.0
309.50580862093864	393.0
309.51580945487365	398.0
309.5258102888087	402.0
309.5358111227437	402.0
309.54581195667873	407.0
309.55581279061374	407.0
309.56581362454875	407.0
309.57581445848376	407.0
309.58581529241883	407.0
309.59581612635384	407.0
309.60581696028885	402.0
309.61581779422386	398.0
309.62581862815887	393.0
309.6358194620939	389.0
309.6458202960289	380.0
309.65582112996395	375.0
309.66582196389896	363.0
309.675822797834	358.0
309.685823631769	354.0
309.695824465704	342.0
309.705825299639	331.0
309.715826133574	323.0
309.7258269675091	316.0
309.7358278014441	312.0
309.7458286353791	316.0
309.7558294693141	316.0
309.7658303032491	319.0
309.7758311371841	323.0
309.78583197111914	331.0
309.7958328050542	338.0
309.8058336389892	338.0
309.8158344729242	327.0
309.82583530685923	0.0
309.83583614079424	0.0
309.84583697472925	323.0
309.85583780866426	319.0
309.86583864259933	319.0
309.87583947653434	319.0
309.88584031046935	319.0
309.89584114440436	319.0
309.90584197833937	319.0
309.9158428122744	319.0
309.9258436462094	323.0
309.93584448014445	323.0
309.94584531407946	323.0
309.9558461480145	319.0
309.9658469819495	319.0
309.9758478158845	319.0
309.9858486498195	319.0
309.99584948375457	0.0
310.0058503176896	0.0
310.0158511516246	0.0
310.0258519855596	0.0
310.0358528194946	0.0
310.0458536534296	0.0
310.0558544873646	323.0
310.0658553212997	323.0
310.0758561552347	323.0
310.0858569891697	323.0
310.0958578231047	323.0
310.10585865703973	323.0
310.11585949097474	323.0
310.12586032490975	323.0
310.1358611588448	323.0
310.1458619927798	323.0
310.15586282671484	323.0
310.16586366064985	323.0
310.17586449458486	319.0
310.18586532851987	319.0
310.1958661624549	319.0
310.20586699638994	319.0
310.21586783032495	319.0
310.22586866425996	319.0
310.235869498195	316.0
310.24587033213	316.0
310.255871166065	319.0
310.265872	316.0
310.27587283393507	316.0
310.2858736678701	316.0
310.2958745018051	312.0
310.3058753357401	312.0
310.3158761696751	312.0
310.3258770036101	0.0
310.3358778375452	0.0
310.3458786714802	0.0
310.3558795054152	0.0
310.3658803393502	0.0
310.3758811732852	316.0
310.38588200722023	308.0
310.39588284115524	308.0
310.4058836750903	312.0
310.4158845090253	316.0
310.4258853429603	323.0
310.43588617689534	331.0
310.44588701083035	346.0
310.45588784476536	371.0
310.46588867870037	380.0
310.47588951263543	389.0
310.48589034657044	393.0
310.49589118050545	393.0
310.50589201444046	398.0
310.5158928483755	393.0
310.5258936823105	393.0
310.5358945162455	389.0
310.54589535018056	380.0
310.55589618411557	0.0
310.5658970180506	0.0
310.5758978519856	0.0
310.5858986859206	0.0
310.5958995198556	0.0
310.6059003537906	0.0
310.6159011877257	0.0
310.6259020216607	0.0
310.6359028555957	0.0
310.6459036895307	0.0
310.6559045234657	0.0
310.66590535740073	380.0
310.67590619133574	389.0
310.6859070252708	393.0
310.6959078592058	398.0
310.7059086931408	398.0
310.71590952707584	398.0
310.72591036101085	393.0
310.73591119494586	389.0
310.7459120288809	384.0
310.75591286281593	375.0
310.76591369675094	371.0
310.77591453068595	371.0
310.78591536462096	367.0
310.795916198556	363.0
310.805917032491	358.0
310.81591786642605	354.0
310.82591870036106	354.0
310.83591953429607	358.0
310.8459203682311	367.0
310.8559212021661	384.0
310.8659220361011	393.0
310.8759228700361	402.0
310.8859237039712	407.0
310.8959245379062	407.0
310.9059253718412	407.0
310.9159262057762	402.0
310.9259270397112	398.0
310.9359278736462	393.0
310.94592870758123	384.0
310.9559295415163	375.0
310.9659303754513	367.0
310.9759312093863	367.0
310.9859320433213	363.0
310.99593287725634	0.0
311.00593371119135	363.0
311.01593454512636	363.0
311.0259353790614	371.0
311.03593621299643	380.0
311.04593704693144	398.0
311.05593788086645	407.0
311.06593871480146	417.0
311.07593954873647	417.0
311.0859403826715	417.0
311.09594121660655	412.0
311.10594205054156	407.0
311.11594288447657	398.0
311.1259437184116	393.0
311.1359445523466	389.0
311.1459453862816	380.0
311.15594622021666	371.0
311.1659470541517	367.0
311.1759478880867	363.0
311.1859487220217	358.0
311.1959495559567	358.0
311.2059503898917	358.0
311.2159512238267	358.0
311.2259520577618	363.0
311.2359528916968	363.0
311.2459537256318	363.0
311.2559545595668	363.0
311.2659553935018	363.0
311.27595622743684	363.0
311.28595706137185	358.0
311.2959578953069	358.0
311.3059587292419	358.0
311.31595956317693	354.0
311.32596039711194	350.0
311.33596123104695	346.0
311.34596206498196	342.0
311.35596289891697	346.0
311.36596373285204	354.0
311.37596456678705	371.0
311.38596540072206	380.0
311.39596623465707	393.0
311.4059670685921	407.0
311.4159679025271	421.0
311.4259687364621	431.0
311.43596957039716	436.0
311.4459704043322	0.0
311.4559712382672	0.0
311.4659720722022	0.0
311.4759729061372	0.0
311.4859737400722	462.0
311.4959745740072	468.0
311.5059754079423	468.0
311.5159762418773	468.0
311.5259770758123	468.0
311.5359779097473	468.0
311.5459787436823	468.0
311.55597957761734	468.0
311.5659804115524	468.0
311.5759812454874	468.0
311.5859820794224	468.0
311.59598291335743	473.0
311.60598374729244	473.0
311.61598458122745	473.0
311.62598541516246	473.0
311.6359862490975	479.0
311.64598708303254	479.0
311.65598791696755	479.0
311.66598875090256	479.0
311.67598958483757	479.0
311.6859904187726	479.0
311.6959912527076	473.0
311.70599208664265	473.0
311.71599292057766	473.0
311.7259937545127	473.0
311.7359945884477	473.0
311.7459954223827	473.0
311.7559962563177	479.0
311.7659970902527	479.0
311.7759979241878	479.0
311.7859987581228	473.0
311.7959995920578	473.0
311.8060004259928	473.0
311.8160012599278	473.0
311.8260020938628	473.0
311.83600292779784	473.0
311.8460037617329	473.0
311.8560045956679	473.0
311.8660054296029	473.0
311.87600626353793	479.0
311.88600709747294	479.0
311.89600793140795	479.0
311.906008765343	479.0
311.916009599278	479.0
311.92601043321304	479.0
311.93601126714805	479.0
311.94601210108306	473.0
311.95601293501807	473.0
311.9660137689531	473.0
311.97601460288814	473.0
311.98601543682315	473.0
311.99601627075816	479.0
312.00601710469317	479.0
312.0160179386282	479.0
312.0260187725632	479.0
312.0360196064982	479.0
312.04602044043327	479.0
312.0560212743683	473.0
312.0660221083033	473.0
312.0760229422383	473.0
312.0860237761733	473.0
312.0960246101083	468.0
312.1060254440433	468.0
312.1160262779784	462.0
312.1260271119134	462.0
312.1360279458484	457.0
312.1460287797834	441.0
312.15602961371843	426.0
312.16603044765344	407.0
312.17603128158845	398.0
312.1860321155235	393.0
312.1960329494585	389.0
312.20603378339354	393.0
312.21603461732855	407.0
312.22603545126356	426.0
312.23603628519857	452.0
312.2460371191336	462.0
312.25603795306864	452.0
312.26603878700365	441.0
312.27603962093866	431.0
312.28604045487367	412.0
312.2960412888087	398.0
312.3060421227437	389.0
312.31604295667876	380.0
312.32604379061377	380.0
312.3360446245488	398.0
312.3460454584838	407.0
312.3560462924188	417.0
312.3660471263538	421.0
312.3760479602888	421.0
312.3860487942239	417.0
312.3960496281589	407.0
312.4060504620939	398.0
312.4160512960289	393.0
312.4260521299639	389.0
312.43605296389893	384.0
312.44605379783394	384.0
312.456054631769	389.0
312.466055465704	393.0
312.476056299639	393.0
312.48605713357404	398.0
312.49605796750905	398.0
312.50605880144406	398.0
312.51605963537907	398.0
312.52606046931413	398.0
312.53606130324914	393.0
312.54606213718415	384.0
312.55606297111916	375.0
312.56606380505417	363.0
312.5760646389892	354.0
312.5860654729242	346.0
312.59606630685926	346.0
312.60606714079427	346.0
312.6160679747293	350.0
312.6260688086643	354.0
312.6360696425993	354.0
312.6460704765343	363.0
312.6560713104693	367.0
312.6660721444044	371.0
312.6760729783394	371.0
312.6860738122744	367.0
312.6960746462094	323.0
312.7060754801444	323.0
312.71607631407943	323.0
312.7260771480145	316.0
312.7360779819495	312.0
312.7460788158845	312.0
312.7560796498195	316.0
312.76608048375454	319.0
312.77608131768955	319.0
312.78608215162456	319.0
312.7960829855596	319.0
312.80608381949463	323.0
312.81608465342964	363.0
312.82608548736465	319.0
312.83608632129966	319.0
312.84608715523467	319.0
312.8560879891697	319.0
312.86608882310475	316.0
312.87608965703976	316.0
312.88609049097477	316.0
312.8960913249098	316.0
312.9060921588448	316.0
312.9160929927798	316.0
312.9260938267148	316.0
312.93609466064987	316.0
312.9460954945849	316.0
312.9560963285199	316.0
312.9660971624549	316.0
312.9760979963899	316.0
312.9860988303249	319.0
312.99609966425993	319.0
313.006100498195	319.0
313.01610133213	319.0
313.026102166065	319.0
313.036103	319.0
313.04610383393504	316.0
313.05610466787004	316.0
313.0661055018051	316.0
313.0761063357401	316.0
313.08610716967513	0.0
313.09610800361014	319.0
313.10610883754515	319.0
313.11610967148016	0.0
313.12611050541517	0.0
313.13611133935024	0.0
313.14611217328525	0.0
313.15611300722026	0.0
313.16611384115527	0.0
313.1761146750903	0.0
313.1861155090253	0.0
313.1961163429603	0.0
313.20611717689536	312.0
313.21611801083037	312.0
313.2261188447654	305.0
313.2361196787004	298.0
313.2461205126354	291.0
313.2561213465704	281.0
313.2661221805054	268.0
313.2761230144405	262.0
313.2861238483755	0.0
313.2961246823105	312.0
313.3061255162455	312.0
313.3161263501805	312.0
313.32612718411553	0.0
313.33612801805054	0.0
313.3461288519856	0.0
313.3561296859206	0.0
313.36613051985563	0.0
313.37613135379064	0.0
313.38613218772565	0.0
313.39613302166066	0.0
313.40613385559567	0.0
313.41613468953074	0.0
313.42613552346575	0.0
313.43613635740076	0.0
313.44613719133577	0.0
313.4561380252708	0.0
313.4661388592058	0.0
313.47613969314085	393.0
313.48614052707586	393.0
313.49614136101087	393.0
313.5061421949459	393.0
313.5161430288809	393.0
313.5261438628159	398.0
313.5361446967509	398.0
313.546145530686	398.0
313.556146364621	402.0
313.566147198556	402.0
313.576148032491	402.0
313.586148866426	402.0
313.596149700361	402.0
313.60615053429603	402.0
313.6161513682311	398.0
313.6261522021661	393.0
313.6361530361011	389.0
313.64615387003613	384.0
313.65615470397114	375.0
313.66615553790615	367.0
313.67615637184116	363.0
313.6861572057762	354.0
313.69615803971124	346.0
313.70615887364625	334.0
313.71615970758126	327.0
313.72616054151626	323.0
313.7361613754513	319.0
313.7461622093863	319.0
313.75616304332135	316.0
313.76616387725636	316.0
313.77616471119137	316.0
313.7861655451264	323.0
313.7961663790614	338.0
313.8061672129964	338.0
313.8161680469314	350.0
313.8261688808665	0.0
313.8361697148015	358.0
313.8461705487365	375.0
313.8561713826715	371.0
313.8661722166065	363.0
313.8761730505415	358.0
313.8861738844766	354.0
313.8961747184116	358.0
313.9061755523466	363.0
313.9161763862816	380.0
313.92617722021663	393.0
313.93617805415164	407.0
313.94617888808665	412.0
313.9561797220217	412.0
313.9661805559567	407.0
313.97618138989174	402.0
313.98618222382675	398.0
313.99618305776175	393.0
314.00618389169676	393.0
314.0161847256318	389.0
314.02618555956684	389.0
314.03618639350185	393.0
314.04618722743686	407.0
314.05618806137187	421.0
314.0661888953069	441.0
314.0761897292419	473.0
314.0861905631769	479.0
314.09619139711197	473.0
314.106192231047	468.0
314.116193064982	468.0
314.126193898917	468.0
314.136194732852	462.0
314.146195566787	462.0
314.156196400722	462.0
314.1661972346571	462.0
314.1761980685921	462.0
314.1861989025271	468.0
314.1961997364621	462.0
314.20620057039713	421.0
314.21620140433214	417.0
314.22620223826715	407.0
314.2362030722022	402.0
314.2462039061372	398.0
314.25620474007223	398.0
314.26620557400724	398.0
314.27620640794225	402.0
314.28620724187726	417.0
314.29620807581233	421.0
314.30620890974734	421.0
314.31620974368235	421.0
314.32621057761736	412.0
314.33621141155237	407.0
314.3462122454874	402.0
314.3562130794224	402.0
314.36621391335746	402.0
314.37621474729247	402.0
314.3862155812275	402.0
314.3962164151625	402.0
314.4062172490975	402.0
314.4162180830325	398.0
314.4262189169675	393.0
314.4362197509026	389.0
314.4462205848376	358.0
314.4562214187726	354.0
314.4662222527076	354.0
314.4762230866426	354.0
314.48622392057763	354.0
314.49622475451264	354.0
314.5062255884477	354.0
314.5162264223827	0.0
314.5262272563177	0.0
314.53622809025273	0.0
314.54622892418774	0.0
314.55622975812275	0.0
314.56623059205776	0.0
314.57623142599283	0.0
314.58623225992784	0.0
314.59623309386285	0.0
314.60623392779786	0.0
314.61623476173287	0.0
314.6262355956679	0.0
314.63623642960295	0.0
314.64623726353796	308.0
314.65623809747296	305.0
314.666238931408	305.0
314.676239765343	305.0
314.686240599278	308.0
314.696241433213	308.0
314.70624226714807	308.0
314.7162431010831	308.0
314.7262439350181	312.0
314.7362447689531	312.0
314.7462456028881	312.0
314.7562464368231	312.0
314.76624727075813	312.0
314.7762481046932	316.0
314.7862489386282	316.0
314.7962497725632	312.0
314.8062506064982	312.0
314.81625144043323	312.0
314.82625227436824	312.0
314.83625310830325	312.0
314.8462539422383	312.0
314.85625477617333	312.0
314.86625561010834	312.0
314.87625644404335	312.0
314.88625727797836	316.0
314.89625811191337	316.0
314.9062589458484	316.0
314.91625977978345	316.0
314.92626061371845	316.0
314.93626144765346	316.0
314.9462622815885	316.0
314.9562631155235	316.0
314.9662639494585	319.0
314.9762647833935	319.0
314.98626561732857	319.0
314.9962664512636	316.0
315.0062672851986	316.0
315.0162681191336	316.0
315.0262689530686	316.0
315.0362697870036	316.0
315.0462706209387	639.0
315.0562714548737	639.0
315.0662722888087	319.0
315.0762731227437	319.0
315.0862739566787	319.0
315.09627479061373	319.0
315.10627562454874	316.0
315.1162764584838	316.0
315.1262772924188	316.0
315.13627812635383	316.0
315.14627896028884	316.0
315.15627979422385	316.0
315.16628062815886	654.0
315.17628146209387	654.0
315.18628229602893	646.0
315.19628312996394	319.0
315.20628396389895	319.0
315.21628479783396	319.0
315.226285631769	319.0
315.236286465704	319.0
315.246287299639	319.0
315.25628813357406	319.0
315.26628896750907	319.0
315.2762898014441	0.0
315.2862906353791	0.0
315.2962914693141	0.0
315.3062923032491	0.0
315.3162931371841	0.0
315.3262939711192	0.0
315.3362948050542	0.0
315.3462956389892	0.0
315.3562964729242	0.0
315.3662973068592	0.0
315.37629814079423	0.0
315.38629897472924	0.0
315.3962998086643	0.0
315.4063006425993	0.0
315.41630147653433	0.0
315.42630231046934	0.0
315.43630314440435	0.0
315.44630397833936	0.0
315.4563048122744	0.0
315.46630564620943	0.0
315.47630648014444	0.0
315.48630731407945	0.0
315.49630814801446	0.0
315.5063089819495	0.0
315.5163098158845	0.0
315.52631064981955	0.0
315.53631148375456	0.0
315.54631231768957	0.0
315.5563131516246	0.0
315.5663139855596	0.0
315.5763148194946	0.0
315.5863156534296	0.0
315.5963164873647	0.0
315.6063173212997	0.0
315.6163181552347	0.0
315.6263189891697	0.0
315.6363198231047	0.0
315.6463206570397	0.0
315.65632149097473	0.0
315.6663223249098	0.0
315.6763231588448	0.0
315.6863239927798	0.0
315.69632482671483	0.0
315.70632566064984	0.0
315.71632649458485	0.0
315.72632732851986	0.0
315.7363281624549	0.0
315.74632899638993	0.0
315.75632983032494	0.0
315.76633066425995	0.0
315.77633149819496	0.0
315.78633233213	0.0
315.79633316606504	0.0
315.80633400000005	0.0
315.81633483393506	0.0
315.82633566787007	0.0
315.8363365018051	0.0
315.8463373357401	0.0
315.8563381696751	0.0
315.86633900361016	0.0
315.8763398375452	0.0
315.8863406714802	0.0
315.8963415054152	646.0
315.9063423393502	646.0
315.9163431732852	646.0
315.9263440072202	646.0
315.9363448411553	646.0
315.9463456750903	0.0
315.9563465090253	0.0
315.9663473429603	0.0
315.9763481768953	0.0
315.98634901083034	0.0
315.99634984476535	0.0
316.0063506787004	0.0
316.0163515126354	0.0
316.02635234657043	0.0
316.03635318050544	0.0
316.04635401444045	0.0
316.05635484837546	0.0
316.0663556823105	0.0
316.07635651624554	0.0
316.08635735018055	0.0
316.09635818411556	0.0
316.10635901805057	0.0
316.1163598519856	0.0
316.1263606859206	0.0
316.1363615198556	0.0
316.14636235379066	0.0
316.1563631877257	0.0
316.1663640216607	0.0
316.1763648555957	0.0
316.1863656895307	0.0
316.1963665234657	0.0
316.2063673574008	0.0
316.2163681913358	0.0
316.2263690252708	0.0
316.2363698592058	0.0
316.2463706931408	0.0
316.2563715270758	0.0
316.26637236101084	0.0
316.2763731949459	0.0
316.2863740288809	398.0
316.2963748628159	398.0
316.30637569675093	0.0
316.31637653068594	0.0
316.32637736462095	0.0
316.33637819855596	0.0
316.34637903249103	0.0
316.35637986642604	0.0
316.36638070036105	0.0
316.37638153429606	0.0
316.38638236823107	426.0
316.3963832021661	426.0
316.4063840361011	426.0
316.41638487003615	0.0
316.42638570397116	0.0
316.4363865379062	0.0
316.4463873718412	0.0
316.4563882057762	0.0
316.4663890397112	389.0
316.4763898736462	389.0
316.4863907075813	417.0
316.4963915415163	417.0
316.5063923754513	421.0
316.5163932093863	0.0
316.5263940433213	0.0
316.5363948772563	0.0
316.54639571119134	0.0
316.5563965451264	0.0
316.5663973790614	0.0
316.5763982129964	0.0
316.58639904693143	398.0
316.59639988086644	402.0
316.60640071480145	402.0
316.6164015487365	402.0
316.62640238267153	402.0
316.63640321660654	402.0
316.64640405054155	407.0
316.65640488447656	0.0
316.66640571841157	0.0
316.6764065523466	0.0
316.68640738628164	0.0
316.69640822021665	0.0
316.70640905415166	0.0
316.7164098880867	0.0
316.7264107220217	0.0
316.7364115559567	0.0
316.7464123898917	0.0
316.75641322382677	0.0
316.7664140577618	0.0
316.7764148916968	0.0
316.7864157256318	0.0
316.7964165595668	0.0
316.8064173935018	0.0
316.8164182274368	0.0
316.8264190613719	0.0
316.8364198953069	0.0
316.8464207292419	0.0
316.8564215631769	0.0
316.86642239711193	0.0
316.87642323104694	0.0
316.88642406498195	0.0
316.896424898917	0.0
316.90642573285203	0.0
316.91642656678704	0.0
316.92642740072205	0.0
316.93642823465706	0.0
316.94642906859207	0.0
316.9564299025271	0.0
316.96643073646214	0.0
316.97643157039715	0.0
316.98643240433216	0.0
316.9964332382672	0.0
317.0064340722022	0.0
317.0164349061372	0.0
317.02643574007226	0.0
317.03643657400727	0.0
317.0464374079423	0.0
317.0564382418773	0.0
317.0664390758123	0.0
317.0764399097473	0.0
317.0864407436823	0.0
317.0964415776174	0.0
317.1064424115524	0.0
317.1164432454874	0.0
317.1264440794224	0.0
317.1364449133574	0.0
317.14644574729243	0.0
317.15644658122744	0.0
317.1664474151625	0.0
317.1764482490975	0.0
317.1864490830325	0.0
317.19644991696754	0.0
317.20645075090255	0.0
317.21645158483756	0.0
317.22645241877257	0.0
317.23645325270763	0.0
317.24645408664264	0.0
317.25645492057765	0.0
317.26645575451266	0.0
317.2764565884477	0.0
317.2864574223827	0.0
317.2964582563177	0.0
317.30645909025276	0.0
317.31645992418777	0.0
317.3264607581228	0.0
317.3364615920578	0.0
317.3464624259928	0.0
317.3564632599278	0.0
317.3664640938629	0.0
317.3764649277979	0.0
317.3864657617329	0.0
317.3964665956679	0.0
317.4064674296029	0.0
317.4164682635379	0.0
317.42646909747293	0.0
317.436469931408	0.0
317.446470765343	0.0
317.456471599278	0.0
317.466472433213	0.0
317.47647326714804	0.0
317.48647410108305	0.0
317.49647493501806	0.0
317.5064757689531	0.0
317.51647660288813	0.0
317.52647743682314	0.0
317.53647827075815	0.0
317.54647910469316	0.0
317.5564799386282	0.0
317.5664807725632	0.0
317.57648160649825	0.0
317.58648244043326	0.0
317.59648327436827	0.0
317.6064841083033	0.0
317.6164849422383	0.0
317.6264857761733	0.0
317.6364866101083	0.0
317.6464874440434	0.0
317.6564882779784	0.0
317.6664891119134	0.0
317.6764899458484	0.0
317.6864907797834	0.0
317.6964916137184	0.0
317.70649244765343	0.0
317.7164932815885	0.0
317.7264941155235	0.0
317.7364949494585	0.0
317.7464957833935	0.0
317.75649661732854	0.0
317.76649745126355	0.0
317.7764982851986	0.0
317.7864991191336	0.0
317.79649995306863	0.0
317.80650078700364	0.0
317.81650162093865	0.0
317.82650245487366	0.0
317.8365032888087	0.0
317.84650412274374	0.0
317.85650495667875	0.0
317.86650579061376	0.0
317.87650662454877	0.0
317.8865074584838	0.0
317.8965082924188	646.0
317.9065091263538	646.0
317.91650996028886	0.0
317.9265107942239	0.0
317.9365116281589	0.0
317.9465124620939	0.0
317.9565132960289	0.0
317.9665141299639	0.0
317.9765149638989	0.0
317.986515797834	0.0
317.996516631769	0.0
318.006517465704	0.0
318.016518299639	0.0
318.026519133574	0.0
318.03651996750904	0.0
318.04652080144405	0.0
318.0565216353791	0.0
318.0665224693141	0.0
318.07652330324913	0.0
318.08652413718414	0.0
318.09652497111915	0.0
318.10652580505416	0.0
318.11652663898917	0.0
318.12652747292424	693.0
318.13652830685925	0.0
318.14652914079426	0.0
318.15652997472927	0.0
318.1665308086643	0.0
318.1765316425993	0.0
318.18653247653435	0.0
318.19653331046936	0.0
318.2065341444044	0.0
318.2165349783394	0.0
318.2265358122744	0.0
318.2365366462094	0.0
318.2465374801444	0.0
318.2565383140795	407.0
318.2665391480145	407.0
318.2765399819495	402.0
318.2865408158845	402.0
318.2965416498195	402.0
318.3065424837545	402.0
318.31654331768954	398.0
318.3265441516246	398.0
318.3365449855596	398.0
318.3465458194946	393.0
318.35654665342963	393.0
318.36654748736464	384.0
318.37654832129965	371.0
318.38654915523466	0.0
318.3965499891697	0.0
318.40655082310474	0.0
318.41655165703975	0.0
318.42655249097476	0.0
318.43655332490977	0.0
318.4465541588448	0.0
318.4565549927798	0.0
318.46655582671485	0.0
318.47655666064986	0.0
318.4865574945849	0.0
318.4965583285199	0.0
318.5065591624549	0.0
318.5165599963899	0.0
318.5265608303249	0.0
318.53656166426	0.0
318.546562498195	0.0
318.55656333213	0.0
318.566564166065	0.0
318.576565	0.0
318.586565833935	0.0
318.5965666678701	0.0
318.6065675018051	0.0
318.6165683357401	0.0
318.6265691696751	0.0
318.63657000361013	0.0
318.64657083754514	0.0
318.65657167148015	0.0
318.6665725054152	0.0
318.6765733393502	0.0
318.68657417328524	0.0
318.69657500722025	0.0
318.70657584115526	0.0
318.71657667509027	0.0
318.7265775090253	0.0
318.73657834296034	0.0
318.74657917689535	0.0
318.75658001083036	0.0
318.7665808447654	0.0
318.7765816787004	319.0
318.7865825126354	0.0
318.7965833465704	0.0
318.80658418050547	0.0
318.8165850144405	0.0
318.8265858483755	0.0
318.8365866823105	0.0
318.8465875162455	0.0
318.8565883501805	0.0
318.8665891841155	0.0
318.8765900180506	0.0
318.8865908519856	0.0
318.8965916859206	0.0
318.9065925198556	0.0
318.91659335379063	0.0
318.92659418772564	0.0
318.9365950216607	0.0
318.9465958555957	0.0
318.9565966895307	0.0
318.96659752346574	0.0
318.97659835740075	0.0
318.98659919133576	0.0
318.99660002527077	0.0
319.00660085920583	0.0
319.01660169314084	0.0
319.02660252707585	0.0
319.03660336101086	0.0
319.04660419494587	0.0
319.0566050288809	0.0
319.0666058628159	0.0
319.07660669675096	0.0
319.08660753068597	0.0
319.096608364621	0.0
319.106609198556	0.0
319.116610032491	0.0
319.126610866426	0.0
319.136611700361	0.0
319.1466125342961	0.0
319.1566133682311	0.0
319.1666142021661	0.0
319.1766150361011	0.0
319.1866158700361	0.0
319.19661670397113	0.0
319.20661753790614	0.0
319.2166183718412	0.0
319.2266192057762	0.0
319.2366200397112	0.0
319.24662087364624	0.0
319.25662170758125	0.0
319.26662254151626	0.0
319.27662337545127	0.0
319.28662420938633	0.0
319.29662504332134	0.0
319.30662587725635	0.0
319.31662671119136	0.0
319.32662754512637	0.0
319.3366283790614	0.0
319.34662921299645	0.0
319.35663004693146	0.0
319.36663088086647	0.0
319.3766317148015	0.0
319.3866325487365	0.0
319.3966333826715	0.0
319.4066342166065	0.0
319.4166350505416	0.0
319.4266358844766	0.0
319.4366367184116	0.0
319.4466375523466	0.0
319.4566383862816	0.0
319.4666392202166	0.0
319.47664005415163	0.0
319.4866408880867	0.0
319.4966417220217	0.0
319.5066425559567	0.0
319.5166433898917	0.0
319.52664422382674	0.0
319.53664505776175	0.0
319.54664589169676	0.0
319.5566467256318	0.0
319.56664755956683	0.0
319.57664839350184	0.0
319.58664922743685	0.0
319.59665006137186	0.0
319.60665089530687	0.0
319.6166517292419	0.0
319.62665256317695	0.0
319.63665339711196	0.0
319.64665423104697	0.0
319.656655064982	0.0
319.666655898917	0.0
319.676656732852	0.0
319.686657566787	0.0
319.6966584007221	0.0
319.7066592346571	0.0
319.7166600685921	0.0
319.7266609025271	0.0
319.7366617364621	0.0
319.7466625703971	0.0
319.7566634043322	0.0
319.7666642382672	389.0
319.7766650722022	389.0
319.7866659061372	0.0
319.7966667400722	0.0
319.80666757400724	0.0
319.81666840794225	0.0
319.8266692418773	0.0
319.8366700758123	0.0
319.84667090974733	0.0
319.85667174368234	0.0
319.86667257761735	0.0
319.87667341155236	0.0
319.88667424548737	0.0
319.89667507942244	0.0
319.90667591335745	0.0
319.91667674729246	0.0
319.92667758122747	0.0
319.9366784151625	0.0
319.9466792490975	0.0
319.9566800830325	0.0
319.96668091696756	0.0
319.97668175090257	0.0
319.9866825848376	0.0
319.9966834187726	0.0
320.0066842527076	0.0
320.0166850866426	0.0
320.0266859205776	0.0
320.0366867545127	0.0
320.0466875884477	0.0
320.0566884223827	0.0
320.0666892563177	0.0
320.0766900902527	0.0
320.08669092418774	0.0
320.0966917581228	0.0
320.1066925920578	0.0
320.1166934259928	0.0
320.12669425992783	0.0
320.13669509386284	0.0
320.14669592779785	0.0
320.15669676173286	0.0
320.1666975956679	0.0
320.17669842960294	0.0
320.18669926353795	389.0
320.19670009747296	0.0
320.20670093140797	0.0
320.216701765343	0.0
320.226702599278	0.0
320.23670343321305	0.0
320.24670426714806	0.0
320.25670510108307	0.0
320.2667059350181	0.0
320.2767067689531	0.0
320.2867076028881	0.0
320.2967084368231	0.0
320.3067092707582	0.0
320.3167101046932	0.0
320.3267109386282	0.0
320.3367117725632	0.0
320.3467126064982	0.0
320.3567134404332	0.0
320.36671427436823	0.0
320.3767151083033	0.0
320.3867159422383	0.0
320.3967167761733	0.0
320.40671761010833	0.0
320.41671844404334	0.0
320.42671927797835	0.0
320.43672011191336	0.0
320.4467209458484	0.0
320.45672177978344	0.0
320.46672261371845	0.0
320.47672344765346	0.0
320.48672428158847	0.0
320.4967251155235	316.0
320.50672594945854	316.0
320.51672678339355	316.0
320.52672761732856	316.0
320.53672845126357	316.0
320.5467292851986	316.0
320.5567301191336	319.0
320.5667309530686	319.0
320.57673178700367	319.0
320.5867326209387	319.0
320.5967334548737	319.0
320.6067342888087	319.0
320.6167351227437	323.0
320.6267359566787	323.0
320.6367367906137	319.0
320.6467376245488	319.0
320.6567384584838	319.0
320.6667392924188	319.0
320.6767401263538	319.0
320.68674096028883	319.0
320.69674179422384	319.0
320.70674262815885	319.0
320.7167434620939	316.0
320.7267442960289	316.0
320.73674512996394	316.0
320.74674596389895	316.0
320.75674679783396	316.0
320.76674763176896	316.0
320.776748465704	319.0
320.78674929963904	319.0
320.79675013357405	319.0
320.80675096750906	319.0
320.81675180144407	319.0
320.8267526353791	319.0
320.8367534693141	319.0
320.8467543032491	319.0
320.85675513718417	624.0
320.8667559711192	632.0
320.8767568050542	632.0
320.8867576389892	639.0
320.8967584729242	319.0
320.9067593068592	319.0
320.9167601407943	319.0
320.9267609747293	319.0
320.9367618086643	316.0
320.9467626425993	316.0
320.9567634765343	316.0
320.96676431046933	316.0
320.97676514440434	316.0
320.9867659783394	316.0
320.9967668122744	316.0
321.0067676462094	316.0
321.01676848014444	316.0
321.02676931407944	316.0
321.03677014801445	316.0
321.04677098194946	316.0
321.05677181588453	312.0
321.06677264981954	312.0
321.07677348375455	312.0
321.08677431768956	323.0
321.09677515162457	331.0
321.1067759855596	334.0
321.1167768194946	346.0
321.12677765342966	354.0
321.13677848736467	367.0
321.1467793212997	371.0
321.1567801552347	371.0
321.1667809891697	367.0
321.1767818231047	363.0
321.1867826570397	350.0
321.1967834909748	342.0
321.2067843249098	342.0
321.2167851588448	346.0
321.2267859927798	354.0
321.2367868267148	371.0
321.24678766064983	375.0
321.25678849458484	380.0
321.2667893285199	389.0
321.2767901624549	393.0
321.2867909963899	398.0
321.29679183032493	398.0
321.30679266425994	398.0
321.31679349819495	393.0
321.32679433213	389.0
321.33679516606503	384.0
321.34679600000004	380.0
321.35679683393505	375.0
321.36679766787006	371.0
321.37679850180507	367.0
321.3867993357401	363.0
321.39680016967515	358.0
321.40680100361016	358.0
321.41680183754517	426.0
321.4268026714802	431.0
321.4368035054152	479.0
321.4468043393502	0.0
321.4568051732852	0.0
321.46680600722027	0.0
321.4768068411553	0.0
321.4868076750903	0.0
321.4968085090253	0.0
321.5068093429603	0.0
321.5168101768953	0.0
321.52681101083033	0.0
321.5368118447654	0.0
321.5468126787004	0.0
321.5568135126354	0.0
321.5668143465704	0.0
321.57681518050543	0.0
321.58681601444044	0.0
321.59681684837545	316.0
321.6068176823105	316.0
321.61681851624553	316.0
321.62681935018054	319.0
321.63682018411555	319.0
321.64682101805056	319.0
321.65682185198557	319.0
321.66682268592064	319.0
321.67682351985565	319.0
321.68682435379066	319.0
321.69682518772566	319.0
321.7068260216607	319.0
321.7168268555957	319.0
321.7268276895307	319.0
321.73682852346576	319.0
321.74682935740077	319.0
321.7568301913358	319.0
321.7668310252708	319.0
321.7768318592058	319.0
321.7868326931408	319.0
321.7968335270758	316.0
321.8068343610109	312.0
321.8168351949459	308.0
321.8268360288809	305.0
321.8368368628159	301.0
321.8468376967509	301.0
321.85683853068593	305.0
321.86683936462094	308.0
321.876840198556	312.0
321.886841032491	316.0
321.89684186642603	319.0
321.90684270036104	323.0
321.91684353429605	319.0
321.92684436823106	319.0
321.93684520216607	316.0
321.94684603610114	316.0
321.95684687003614	316.0
321.96684770397115	316.0
321.97684853790616	316.0
321.9868493718412	316.0
321.9968502057762	316.0
322.0068510397112	316.0
322.01685187364626	316.0
322.02685270758127	319.0
322.0368535415163	316.0
322.0468543754513	316.0
322.0568552093863	316.0
322.0668560433213	316.0
322.0768568772564	316.0
322.0868577111914	316.0
322.0968585451264	319.0
322.1068593790614	319.0
322.1168602129964	319.0
322.1268610469314	0.0
322.13686188086643	319.0
322.1468627148015	0.0
322.1568635487365	0.0
322.1668643826715	0.0
322.17686521660653	0.0
322.18686605054154	367.0
322.19686688447655	371.0
322.20686771841156	375.0
322.2168685523466	367.0
322.22686938628163	363.0
322.23687022021664	0.0
322.24687105415165	0.0
322.25687188808666	0.0
322.2668727220217	0.0
322.2768735559567	0.0
322.28687438989175	0.0
322.29687522382676	0.0
322.30687605776177	0.0
322.3168768916968	0.0
322.3268777256318	0.0
322.3368785595668	0.0
322.3468793935018	0.0
322.3568802274369	0.0
322.3668810613719	288.0
322.3768818953069	281.0
322.3868827292419	275.0
322.3968835631769	268.0
322.4068843971119	268.0
322.41688523104693	272.0
322.426886064982	294.0
322.436886898917	301.0
322.446887732852	305.0
322.45688856678703	308.0
322.46688940072204	312.0
322.47689023465705	305.0
322.4868910685921	0.0
322.4968919025271	0.0
322.50689273646213	0.0
322.51689357039714	0.0
322.52689440433215	265.0
322.53689523826716	262.0
322.5468960722022	262.0
322.55689690613724	262.0
322.56689774007225	262.0
322.57689857400726	265.0
322.58689940794227	265.0
322.5969002418773	265.0
322.6069010758123	265.0
322.6169019097473	265.0
322.62690274368236	265.0
322.6369035776174	265.0
322.6469044115524	265.0
322.6569052454874	265.0
322.6669060794224	265.0
322.6769069133574	265.0
322.6869077472924	265.0
322.6969085812275	265.0
322.7069094151625	265.0
322.7169102490975	265.0
322.7269110830325	265.0
322.73691191696753	265.0
322.74691275090254	265.0
322.75691358483755	265.0
322.7669144187726	265.0
322.7769152527076	265.0
322.78691608664263	0.0
322.79691692057764	265.0
322.80691775451265	265.0
322.81691858844766	262.0
322.82691942238273	262.0
322.83692025631774	262.0
322.84692109025275	265.0
322.85692192418776	265.0
322.86692275812277	265.0
322.8769235920578	265.0
322.8869244259928	265.0
322.89692525992785	265.0
322.90692609386286	265.0
322.9169269277979	268.0
322.9269277617329	272.0
322.9369285956679	275.0
322.9469294296029	278.0
322.9569302635379	281.0
322.966931097473	281.0
322.976931931408	278.0
322.986932765343	275.0
322.996933599278	268.0
323.006934433213	262.0
323.016935267148	256.0
323.02693610108304	253.0
323.0369369350181	250.0
323.0469377689531	253.0
323.0569386028881	248.0
323.06693943682313	245.0
323.07694027075814	245.0
323.08694110469315	245.0
323.09694193862816	242.0
323.10694277256323	242.0
323.11694360649824	242.0
323.12694444043325	248.0
323.13694527436826	250.0
323.14694610830327	250.0
323.1569469422383	248.0
323.1669477761733	245.0
323.17694861010835	245.0
323.18694944404336	245.0
323.1969502779784	248.0
323.2069511119134	250.0
323.2169519458484	256.0
323.2269527797834	272.0
323.23695361371847	275.0
323.2469544476535	291.0
323.2569552815885	301.0
323.2669561155235	308.0
323.2769569494585	312.0
323.2869577833935	312.0
323.2969586173285	312.0
323.3069594512636	308.0
323.3169602851986	305.0
323.3269611191336	298.0
323.3369619530686	291.0
323.34696278700363	281.0
323.35696362093864	278.0
323.36696445487365	275.0
323.3769652888087	268.0
323.38696612274373	265.0
323.39696695667874	265.0
323.40696779061375	265.0
323.41696862454876	268.0
323.42696945848377	272.0
323.4369702924188	275.0
323.44697112635384	278.0
323.45697196028885	294.0
323.46697279422386	301.0
323.4769736281589	0.0
323.4869744620939	0.0
323.4969752960289	0.0
323.5069761299639	0.0
323.51697696389897	0.0
323.526977797834	0.0
323.536978631769	0.0
323.546979465704	0.0
323.556980299639	0.0
323.566981133574	0.0
323.576981967509	0.0
323.5869828014441	0.0
323.5969836353791	0.0
323.6069844693141	0.0
323.6169853032491	0.0
323.62698613718413	0.0
323.63698697111914	0.0
323.6469878050542	0.0
323.6569886389892	0.0
323.66698947292423	0.0
323.67699030685924	0.0
323.68699114079425	0.0
323.69699197472926	0.0
323.70699280866427	0.0
323.71699364259933	0.0
323.72699447653434	0.0
323.73699531046935	0.0
323.74699614440436	0.0
323.7569969783394	0.0
323.7669978122744	0.0
323.7769986462094	0.0
323.78699948014446	0.0
323.79700031407947	0.0
323.8070011480145	0.0
323.8170019819495	0.0
323.8270028158845	0.0
323.8370036498195	0.0
323.8470044837545	0.0
323.8570053176896	0.0
323.8670061516246	0.0
323.8770069855596	0.0
323.8870078194946	0.0
323.8970086534296	0.0
323.90700948736463	0.0
323.91701032129964	0.0
323.9270111552347	0.0
323.9370119891697	0.0
323.9470128231047	0.0
323.95701365703974	0.0
323.96701449097475	0.0
323.97701532490976	0.0
323.98701615884477	0.0
323.99701699277983	0.0
324.00701782671484	0.0
324.01701866064985	0.0
324.02701949458486	0.0
324.0370203285199	0.0
324.0470211624549	0.0
324.05702199638995	0.0
324.06702283032496	0.0
324.07702366425997	0.0
324.087024498195	0.0
324.09702533213	0.0
324.107026166065	0.0
324.117027	0.0
324.1270278339351	0.0
324.1370286678701	0.0
324.1470295018051	0.0
324.1570303357401	0.0
324.1670311696751	0.0
324.1770320036101	0.0
324.18703283754513	0.0
324.1970336714802	0.0
324.2070345054152	0.0
324.2170353393502	0.0
324.2270361732852	0.0
324.23703700722024	0.0
324.24703784115525	0.0
324.25703867509026	0.0
324.2670395090253	0.0
324.27704034296033	0.0
324.28704117689534	0.0
324.29704201083035	0.0
324.30704284476536	0.0
324.3170436787004	0.0
324.3270445126354	0.0
324.33704534657045	0.0
324.34704618050546	0.0
324.35704701444047	0.0
324.3670478483755	0.0
324.3770486823105	0.0
324.3870495162455	0.0
324.39705035018056	0.0
324.4070511841156	0.0
324.4170520180506	0.0
324.4270528519856	0.0
324.4370536859206	0.0
324.4470545198556	0.0
324.4570553537906	0.0
324.4670561877257	0.0
324.4770570216607	0.0
324.4870578555957	0.0
324.4970586895307	0.0
324.5070595234657	0.0
324.51706035740074	0.0
324.52706119133575	0.0
324.5370620252708	0.0
324.5470628592058	0.0
324.55706369314083	0.0
324.56706452707584	0.0
324.57706536101085	0.0
324.58706619494586	0.0
324.5970670288809	0.0
324.60706786281594	0.0
324.61706869675095	0.0
324.62706953068596	0.0
324.63707036462097	0.0
324.647071198556	0.0
324.657072032491	0.0
324.667072866426	0.0
324.67707370036106	0.0
324.6870745342961	0.0
324.6970753682311	0.0
324.7070762021661	0.0
324.7170770361011	0.0
324.7270778700361	0.0
324.7370787039711	0.0
324.7470795379062	0.0
324.7570803718412	0.0
324.7670812057762	0.0
324.7770820397112	0.0
324.7870828736462	0.0
324.79708370758124	0.0
324.8070845415163	0.0
324.8170853754513	0.0
324.8270862093863	0.0
324.83708704332133	0.0
324.84708787725634	0.0
324.85708871119135	0.0
324.86708954512636	0.0
324.8770903790614	0.0
324.88709121299644	0.0
324.89709204693145	0.0
324.90709288086646	0.0
324.91709371480147	0.0
324.9270945487365	0.0
324.9370953826715	0.0
324.94709621660655	0.0
324.95709705054156	0.0
324.9670978844766	0.0
324.9770987184116	0.0
324.9870995523466	0.0
324.9971003862816	0.0
325.0071012202166	0.0
325.0171020541517	0.0
325.0271028880867	0.0
325.0371037220217	0.0
325.0471045559567	0.0
325.0571053898917	0.0
325.0671062238267	0.0
325.07710705776174	0.0
325.0871078916968	0.0
325.0971087256318	0.0
325.1071095595668	0.0
325.11711039350183	0.0
325.12711122743684	0.0
325.13711206137185	393.0
325.14711289530686	0.0
325.1571137292419	0.0
325.16711456317694	0.0
325.17711539711195	0.0
325.18711623104696	0.0
325.19711706498197	0.0
325.207117898917	0.0
325.21711873285204	0.0
325.22711956678705	0.0
325.23712040072206	0.0
325.2471212346571	0.0
325.2571220685921	0.0
325.2671229025271	0.0
325.2771237364621	0.0
325.28712457039717	0.0
325.2971254043322	0.0
325.3071262382672	0.0
325.3171270722022	0.0
325.3271279061372	0.0
325.3371287400722	0.0
325.3471295740072	0.0
325.3571304079423	0.0
325.3671312418773	0.0
325.3771320758123	0.0
325.3871329097473	0.0
325.39713374368233	726.0
325.40713457761734	0.0
325.41713541155235	0.0
325.4271362454874	0.0
325.4371370794224	0.0
325.44713791335744	0.0
325.45713874729245	0.0
325.46713958122746	0.0
325.47714041516247	0.0
325.4871412490975	0.0
325.49714208303254	617.0
325.50714291696755	0.0
325.51714375090256	617.0
325.5271445848376	617.0
325.5371454187726	624.0
325.5471462527076	624.0
325.5571470866426	624.0
325.56714792057767	0.0
325.5771487545127	0.0
325.5871495884477	0.0
325.5971504223827	646.0
325.6071512563177	654.0
325.6171520902527	654.0
325.6271529241878	654.0
325.6371537581228	654.0
325.6471545920578	654.0
325.6571554259928	0.0
325.6671562599278	0.0
325.67715709386283	0.0
325.68715792779784	0.0
325.6971587617329	0.0
325.7071595956679	0.0
325.7171604296029	0.0
325.72716126353794	646.0
325.73716209747295	639.0
325.74716293140796	639.0
325.75716376534297	0.0
325.76716459927803	0.0
325.77716543321304	0.0
325.78716626714805	0.0
325.79716710108306	0.0
325.8071679350181	0.0
325.8171687689531	0.0
325.8271696028881	0.0
325.83717043682316	0.0
325.84717127075817	0.0
325.8571721046932	0.0
325.8671729386282	0.0
325.8771737725632	0.0
325.8871746064982	0.0
325.8971754404332	0.0
325.9071762743683	0.0
325.9171771083033	0.0
325.9271779422383	0.0
325.9371787761733	0.0
325.9471796101083	0.0
325.95718044404333	0.0
325.9671812779784	0.0
325.9771821119134	0.0
325.9871829458484	0.0
325.9971837797834	0.0
326.00718461371844	0.0
326.01718544765345	0.0
326.02718628158846	0.0
326.0371871155235	0.0
326.04718794945853	0.0
326.05718878339354	0.0
326.06718961732855	0.0
326.07719045126356	0.0
326.08719128519857	0.0
326.0971921191336	0.0
326.10719295306865	0.0
326.11719378700366	0.0
326.12719462093867	0.0
326.1371954548737	0.0
326.1471962888087	0.0
326.1571971227437	0.0
326.1671979566787	0.0
326.1771987906138	0.0
326.1871996245488	0.0
326.1972004584838	0.0
326.2072012924188	0.0
326.2172021263538	0.0
326.2272029602888	0.0
326.23720379422383	0.0
326.2472046281589	0.0
326.2572054620939	0.0
326.2672062960289	0.0
326.2772071299639	0.0
326.28720796389894	0.0
326.29720879783395	0.0
326.30720963176896	0.0
326.317210465704	0.0
326.32721129963903	0.0
326.33721213357404	0.0
326.34721296750905	0.0
326.35721380144406	265.0
326.36721463537907	265.0
326.37721546931414	265.0
326.38721630324915	265.0
326.39721713718416	265.0
326.40721797111917	265.0
326.4172188050542	262.0
326.4272196389892	262.0
326.4372204729242	259.0
326.44722130685926	259.0
326.4572221407943	259.0
326.4672229747293	259.0
326.4772238086643	259.0
326.4872246425993	262.0
326.4972254765343	265.0
326.5072263104693	272.0
326.5172271444044	275.0
326.5272279783394	278.0
326.5372288122744	278.0
326.5472296462094	0.0
326.5572304801444	278.0
326.56723131407944	275.0
326.57723214801445	272.0
326.5872329819495	268.0
326.5972338158845	265.0
326.60723464981953	259.0
326.61723548375454	250.0
326.62723631768955	248.0
326.63723715162456	245.0
326.64723798555957	242.0
326.65723881949464	242.0
326.66723965342965	242.0
326.67724048736466	245.0
326.68724132129967	245.0
326.6972421552347	248.0
326.7072429891697	248.0
326.7172438231047	250.0
326.72724465703976	250.0
326.7372454909748	250.0
326.7472463249098	0.0
326.7572471588448	0.0
326.7672479927798	0.0
326.7772488267148	0.0
326.7872496606499	0.0
326.7972504945849	0.0
326.8072513285199	0.0
326.8172521624549	0.0
326.8272529963899	0.0
326.8372538303249	0.0
326.84725466425994	0.0
326.857255498195	0.0
326.86725633213	0.0
326.877257166065	0.0
326.88725800000003	0.0
326.89725883393504	0.0
326.90725966787005	0.0
326.91726050180506	0.0
326.9272613357401	0.0
326.93726216967514	0.0
326.94726300361015	0.0
326.95726383754516	0.0
326.96726467148017	0.0
326.9772655054152	0.0
326.9872663393502	0.0
326.99726717328525	0.0
327.00726800722026	0.0
327.01726884115527	0.0
327.0272696750903	0.0
327.0372705090253	0.0
327.0472713429603	0.0
327.0572721768953	0.0
327.0672730108304	0.0
327.0772738447654	0.0
327.0872746787004	0.0
327.0972755126354	0.0
327.1072763465704	0.0
327.1172771805054	0.0
327.1272780144405	0.0
327.1372788483755	0.0
327.1472796823105	0.0
327.1572805162455	0.0
327.16728135018053	0.0
327.17728218411554	0.0
327.18728301805055	0.0
327.1972838519856	0.0
327.2072846859206	0.0
327.21728551985564	0.0
327.22728635379065	0.0
327.23728718772566	0.0
327.24728802166067	0.0
327.2572888555957	0.0
327.26728968953074	0.0
327.27729052346575	0.0
327.28729135740076	0.0
327.29729219133577	0.0
327.3072930252708	0.0
327.3172938592058	0.0
327.3272946931408	0.0
327.33729552707587	0.0
327.3472963610109	0.0
327.3572971949459	0.0
327.3672980288809	0.0
327.3772988628159	0.0
327.3872996967509	0.0
327.3973005306859	0.0
327.407301364621	0.0
327.417302198556	0.0
327.427303032491	0.0
327.437303866426	0.0
327.44730470036103	0.0
327.45730553429604	0.0
327.46730636823105	0.0
327.4773072021661	0.0
327.4873080361011	0.0
327.49730887003614	0.0
327.50730970397115	0.0
327.51731053790616	0.0
327.52731137184117	0.0
327.53731220577623	0.0
327.54731303971124	0.0
327.55731387364625	0.0
327.56731470758126	0.0
327.57731554151627	0.0
327.5873163754513	0.0
327.5973172093863	0.0
327.60731804332136	0.0
327.61731887725637	0.0
327.6273197111914	0.0
327.6373205451264	0.0
327.6473213790614	0.0
327.6573222129964	0.0
327.6673230469314	0.0
327.6773238808665	0.0
327.6873247148015	0.0
327.6973255487365	0.0
327.7073263826715	0.0
327.7173272166065	0.0
327.72732805054153	0.0
327.73732888447654	0.0
327.7473297184116	0.0
327.7573305523466	0.0
327.7673313862816	0.0
327.77733222021664	0.0
327.78733305415165	0.0
327.79733388808665	0.0
327.80733472202166	0.0
327.81733555595673	0.0
327.82733638989174	0.0
327.83733722382675	0.0
327.84733805776176	0.0
327.85733889169677	0.0
327.8673397256318	0.0
327.8773405595668	0.0
327.88734139350186	0.0
327.89734222743687	0.0
327.9073430613719	0.0
327.9173438953069	0.0
327.9273447292419	0.0
327.9373455631769	0.0
327.94734639711197	0.0
327.957347231047	0.0
327.967348064982	0.0
327.977348898917	0.0
327.987349732852	0.0
327.997350566787	0.0
328.00735140072203	0.0
328.0173522346571	0.0
328.0273530685921	0.0
328.0373539025271	0.0
328.0473547364621	0.0
328.05735557039714	0.0
328.06735640433214	0.0
328.07735723826715	0.0
328.0873580722022	0.0
328.09735890613723	0.0
328.10735974007224	0.0
328.11736057400725	0.0
328.12736140794226	0.0
328.13736224187727	0.0
328.1473630758123	0.0
328.15736390974735	0.0
328.16736474368236	0.0
328.17736557761737	0.0
328.1873664115524	0.0
328.1973672454874	0.0
328.2073680794224	0.0
328.2173689133574	0.0
328.22736974729247	0.0
328.2373705812275	0.0
328.2473714151625	0.0
328.2573722490975	0.0
328.2673730830325	0.0
328.2773739169675	0.0
328.28737475090253	0.0
328.2973755848376	0.0
328.3073764187726	0.0
328.3173772527076	0.0
328.3273780866426	0.0
328.33737892057763	0.0
328.34737975451264	0.0
328.3573805884477	0.0
328.3673814223827	0.0
328.37738225631773	0.0
328.38738309025274	0.0
328.39738392418775	0.0
328.40738475812276	242.0
328.41738559205777	242.0
328.42738642599284	231.0
328.43738725992785	0.0
328.44738809386286	0.0
328.45738892779787	0.0
328.4673897617329	0.0
328.4773905956679	0.0
328.4873914296029	0.0
328.49739226353796	0.0
328.50739309747297	0.0
328.517393931408	0.0
328.527394765343	0.0
328.537395599278	0.0
328.547396433213	0.0
328.557397267148	0.0
328.5673981010831	0.0
328.5773989350181	0.0
328.5873997689531	0.0
328.5974006028881	0.0
328.6074014368231	0.0
328.61740227075813	0.0
328.62740310469314	0.0
328.6374039386282	0.0
328.6474047725632	0.0
328.65740560649823	0.0
328.66740644043324	0.0
328.67740727436825	0.0
328.68740810830326	0.0
328.6974089422383	0.0
328.70740977617334	0.0
328.71741061010835	0.0
328.72741144404336	0.0
328.73741227797836	0.0
328.7474131119134	0.0
328.7574139458484	0.0
328.76741477978345	0.0
328.77741561371846	0.0
328.78741644765347	0.0
328.7974172815885	0.0
328.8074181155235	0.0
328.8174189494585	0.0
328.8274197833935	0.0
328.8374206173286	0.0
328.8474214512636	0.0
328.8574222851986	0.0
328.8674231191336	0.0
328.8774239530686	0.0
328.8874247870036	0.0
328.89742562093863	0.0
328.9074264548737	0.0
328.9174272888087	0.0
328.9274281227437	0.0
328.93742895667873	0.0
328.94742979061374	0.0
328.95743062454875	0.0
328.96743145848376	0.0
328.9774322924188	0.0
328.98743312635384	0.0
328.99743396028884	0.0
329.00743479422385	0.0
329.01743562815886	0.0
329.0274364620939	0.0
329.0374372960289	0.0
329.04743812996395	0.0
329.05743896389896	0.0
329.06743979783397	0.0
329.077440631769	0.0
329.087441465704	0.0
329.097442299639	0.0
329.10744313357407	0.0
329.1174439675091	0.0
329.1274448014441	0.0
329.1374456353791	0.0
329.1474464693141	0.0
329.1574473032491	0.0
329.1674481371841	0.0
329.1774489711192	0.0
329.1874498050542	0.0
329.1974506389892	0.0
329.2074514729242	0.0
329.21745230685923	0.0
329.22745314079424	0.0
329.23745397472925	0.0
329.2474548086643	0.0
329.2574556425993	0.0
329.26745647653433	0.0
329.27745731046934	0.0
329.28745814440435	0.0
329.29745897833936	0.0
329.3074598122744	0.0
329.31746064620944	0.0
329.32746148014445	0.0
329.33746231407946	0.0
329.34746314801447	0.0
329.3574639819495	0.0
329.3674648158845	281.0
329.3774656498195	284.0
329.38746648375457	294.0
329.3974673176896	301.0
329.4074681516246	316.0
329.4174689855596	323.0
329.4274698194946	327.0
329.4374706534296	331.0
329.4474714873646	334.0
329.4574723212997	342.0
329.4674731552347	346.0
329.4774739891697	350.0
329.4874748231047	354.0
329.49747565703973	354.0
329.50747649097474	358.0
329.5174773249098	354.0
329.5274781588448	354.0
329.5374789927798	350.0
329.54747982671483	346.0
329.55748066064984	342.0
329.56748149458485	327.0
329.57748232851986	323.0
329.58748316245493	323.0
329.59748399638994	319.0
329.60748483032495	319.0
329.61748566425996	319.0
329.62748649819497	316.0
329.63748733213	316.0
329.647488166065	319.0
329.65748900000006	319.0
329.66748983393506	319.0
329.6774906678701	319.0
329.6874915018051	319.0
329.6974923357401	319.0
329.7074931696751	319.0
329.7174940036101	319.0
329.7274948375452	319.0
329.7374956714802	319.0
329.7474965054152	319.0
329.7574973393502	319.0
329.7674981732852	319.0
329.77749900722023	316.0
329.78749984115524	316.0
329.7975006750903	316.0
329.8075015090253	316.0
329.8175023429603	316.0
329.82750317689533	316.0
329.83750401083034	316.0
329.84750484476535	319.0
329.8575056787004	319.0
329.86750651263543	319.0
329.87750734657044	319.0
329.88750818050545	319.0
329.89750901444046	319.0
329.90750984837547	319.0
329.9175106823105	316.0
329.92751151624554	316.0
329.93751235018055	319.0
329.94751318411556	319.0
329.9575140180506	319.0
329.9675148519856	323.0
329.9775156859206	323.0
329.9875165198556	319.0
329.99751735379067	319.0
330.0075181877257	316.0
330.0175190216607	316.0
330.0275198555957	316.0
330.0375206895307	316.0
330.0475215234657	316.0
330.0575223574007	284.0
330.0675231913358	281.0
330.0775240252708	275.0
330.0875248592058	268.0
330.0975256931408	262.0
330.10752652707583	259.0
330.11752736101084	259.0
330.12752819494585	291.0
330.1375290288809	294.0
330.14752986281593	298.0
330.15753069675094	312.0
330.16753153068595	316.0
330.17753236462096	319.0
330.18753319855597	319.0
330.197534032491	0.0
330.20753486642604	0.0
330.21753570036105	0.0
330.22753653429606	0.0
330.2375373682311	0.0
330.2475382021661	268.0
330.2575390361011	268.0
330.26753987003616	268.0
330.27754070397117	272.0
330.2875415379062	278.0
330.2975423718412	0.0
330.3075432057762	484.0
330.3175440397112	484.0
330.3275448736462	479.0
330.3375457075813	0.0
330.3475465415163	0.0
330.3575473754513	0.0
330.3675482093863	0.0
330.3775490433213	0.0
330.38754987725633	0.0
330.39755071119134	323.0
330.4075515451264	319.0
330.4175523790614	316.0
330.42755321299643	312.0
330.43755404693144	308.0
330.44755488086645	288.0
330.45755571480146	281.0
330.46755654873647	278.0
330.47755738267153	278.0
330.48755821660654	275.0
330.49755905054155	0.0
330.50755988447656	0.0
330.5175607184116	0.0
330.5275615523466	0.0
330.5375623862816	0.0
330.54756322021666	0.0
330.55756405415167	0.0
330.5675648880867	0.0
330.5775657220217	0.0
330.5875665559567	0.0
330.5975673898917	525.0
330.6075682238267	525.0
330.6175690577618	525.0
330.6275698916968	525.0
330.6375707256318	525.0
330.6475715595668	525.0
330.6575723935018	531.0
330.66757322743683	531.0
330.6775740613719	531.0
330.6875748953069	537.0
330.6975757292419	537.0
330.70757656317693	537.0
330.71757739711194	537.0
330.72757823104695	537.0
330.73757906498196	0.0
330.747579898917	0.0
330.75758073285203	0.0
330.76758156678704	0.0
330.77758240072205	0.0
330.78758323465706	0.0
330.7975840685921	0.0
330.8075849025271	0.0
330.81758573646215	0.0
330.82758657039716	0.0
330.83758740433217	0.0
330.8475882382672	0.0
330.8575890722022	0.0
330.8675899061372	0.0
330.8775907400722	0.0
330.8875915740073	0.0
330.8975924079423	0.0
330.9075932418773	0.0
330.9175940758123	0.0
330.9275949097473	0.0
330.9375957436823	0.0
330.94759657761733	0.0
330.9575974115524	0.0
330.9675982454874	0.0
330.9775990794224	0.0
330.9875999133574	0.0
330.99760074729244	0.0
331.00760158122745	0.0
331.01760241516246	0.0
331.0276032490975	0.0
331.03760408303253	0.0
331.04760491696754	0.0
331.05760575090255	0.0
331.06760658483756	0.0
331.0776074187726	0.0
331.08760825270764	0.0
331.09760908664265	0.0
331.10760992057766	0.0
331.11761075451267	0.0
331.1276115884477	0.0
331.1376124223827	0.0
331.1476132563177	0.0
331.15761409025276	0.0
331.1676149241878	0.0
331.1776157581228	0.0
331.1876165920578	0.0
331.1976174259928	0.0
331.2076182599278	0.0
331.2176190938628	0.0
331.2276199277979	0.0
331.2376207617329	0.0
331.2476215956679	0.0
331.2576224296029	479.0
331.2676232635379	479.0
331.27762409747294	479.0
331.28762493140795	479.0
331.297625765343	479.0
331.307626599278	479.0
331.31762743321303	479.0
331.32762826714804	484.0
331.33762910108305	484.0
331.34762993501806	484.0
331.3576307689531	484.0
331.36763160288814	484.0
331.37763243682315	479.0
331.38763327075816	479.0
331.39763410469317	473.0
331.4076349386282	473.0
331.4176357725632	473.0
331.42763660649825	473.0
331.43763744043326	473.0
331.4476382743683	0.0
331.4576391083033	0.0
331.4676399422383	0.0
331.4776407761733	0.0
331.4876416101083	0.0
331.4976424440434	0.0
331.5076432779784	0.0
331.5176441119134	0.0
331.5276449458484	0.0
331.5376457797834	0.0
331.5476466137184	0.0
331.55764744765344	0.0
331.5676482815885	0.0
331.5776491155235	0.0
331.5876499494585	0.0
331.59765078339353	0.0
331.60765161732854	0.0
331.61765245126355	0.0
331.62765328519856	0.0
331.63765411913363	0.0
331.64765495306864	0.0
331.65765578700365	0.0
331.66765662093866	0.0
331.67765745487367	0.0
331.6876582888087	0.0
331.6976591227437	0.0
331.70765995667875	0.0
331.71766079061376	0.0
331.7276616245488	0.0
331.7376624584838	0.0
331.7476632924188	0.0
331.7576641263538	0.0
331.7676649602888	0.0
331.7776657942239	0.0
331.7876666281589	0.0
331.7976674620939	0.0
331.8076682960289	0.0
331.8176691299639	0.0
331.8276699638989	0.0
331.837670797834	0.0
331.847671631769	0.0
331.857672465704	0.0
331.867673299639	0.0
331.87767413357403	0.0
331.88767496750904	0.0
331.89767580144405	0.0
331.9076766353791	0.0
331.9176774693141	0.0
331.92767830324914	0.0
331.93767913718415	0.0
331.94767997111916	0.0
331.95768080505417	0.0
331.9676816389892	0.0
331.97768247292424	0.0
331.98768330685925	0.0
331.99768414079426	0.0
332.0076849747293	0.0
332.0176858086643	0.0
332.0276866425993	0.0
332.0376874765343	0.0
332.04768831046937	0.0
332.0576891444044	0.0
332.0676899783394	0.0
332.0776908122744	0.0
332.0876916462094	0.0
332.0976924801444	0.0
332.1076933140794	0.0
332.1176941480145	0.0
332.1276949819495	0.0
332.1376958158845	0.0
332.1476966498195	0.0
332.15769748375453	0.0
332.16769831768954	0.0
332.17769915162455	0.0
332.1876999855596	0.0
332.1977008194946	0.0
332.20770165342964	0.0
332.21770248736465	0.0
332.22770332129966	0.0
332.23770415523467	0.0
332.24770498916973	0.0
332.25770582310474	0.0
332.26770665703975	0.0
332.27770749097476	0.0
332.2877083249098	0.0
332.2977091588448	0.0
332.3077099927798	0.0
332.31771082671486	0.0
332.32771166064987	0.0
332.3377124945849	0.0
332.3477133285199	0.0
332.3577141624549	0.0
332.3677149963899	0.0
332.3777158303249	0.0
332.38771666426	0.0
332.397717498195	0.0
332.40771833213	262.0
332.417719166065	272.0
332.42772	301.0
332.43772083393503	316.0
332.44772166787004	319.0
332.4577225018051	323.0
332.4677233357401	316.0
332.4777241696751	308.0
332.48772500361014	294.0
332.49772583754515	259.0
332.50772667148016	256.0
332.51772750541517	256.0
332.52772833935023	281.0
332.53772917328524	291.0
332.54773000722025	319.0
332.55773084115526	363.0
332.5677316750903	354.0
332.5777325090253	346.0
332.5877333429603	334.0
332.59773417689536	319.0
332.60773501083037	281.0
332.6177358447654	278.0
332.6277366787004	275.0
332.6377375126354	278.0
332.6477383465704	281.0
332.6577391805055	284.0
332.6677400144405	288.0
332.6777408483755	288.0
332.6877416823105	288.0
332.6977425162455	275.0
332.7077433501805	272.0
332.71774418411553	265.0
332.7277450180506	262.0
332.7377458519856	262.0
332.7477466859206	272.0
332.7577475198556	281.0
332.76774835379064	288.0
332.77774918772565	294.0
332.78775002166066	298.0
332.7977508555957	294.0
332.80775168953073	288.0
332.81775252346574	278.0
332.82775335740075	268.0
332.83775419133576	262.0
332.84775502527077	262.0
332.8577558592058	262.0
332.86775669314085	265.0
332.87775752707586	272.0
332.88775836101087	272.0
332.8977591949459	272.0
332.9077600288809	265.0
332.9177608628159	259.0
332.9277616967509	256.0
332.937762530686	250.0
332.947763364621	245.0
332.957764198556	236.0
332.967765032491	236.0
332.977765866426	239.0
332.987766700361	242.0
332.9977675342961	245.0
333.0077683682311	248.0
333.0177692021661	245.0
333.0277700361011	242.0
333.0377708700361	242.0
333.04777170397114	239.0
333.05777253790615	239.0
333.0677733718412	239.0
333.0777742057762	239.0
333.08777503971123	239.0
333.09777587364624	242.0
333.10777670758125	245.0
333.11777754151626	248.0
333.12777837545127	248.0
333.13777920938634	245.0
333.14778004332135	245.0
333.15778087725636	242.0
333.16778171119137	242.0
333.1777825451264	239.0
333.1877833790614	239.0
333.1977842129964	236.0
333.20778504693146	236.0
333.2177858808665	239.0
333.2277867148015	239.0
333.2377875487365	239.0
333.2477883826715	236.0
333.2577892166065	236.0
333.2677900505415	236.0
333.2777908844766	234.0
333.2877917184116	234.0
333.2977925523466	236.0
333.3077933862816	242.0
333.3177942202166	248.0
333.32779505415164	253.0
333.33779588808665	262.0
333.3477967220217	275.0
333.3577975559567	288.0
333.36779838989173	298.0
333.37779922382674	298.0
333.38780005776175	272.0
333.39780089169676	262.0
333.4078017256318	250.0
333.41780255956684	250.0
333.42780339350185	250.0
333.43780422743686	256.0
333.44780506137187	265.0
333.4578058953069	268.0
333.4678067292419	272.0
333.47780756317695	268.0
333.48780839711196	262.0
333.497809231047	256.0
333.507810064982	248.0
333.517810898917	234.0
333.527811732852	228.0
333.537812566787	231.0
333.5478134007221	239.0
333.5578142346571	250.0
333.5678150685921	253.0
333.5778159025271	259.0
333.5878167364621	268.0
333.5978175703971	281.0
333.60781840433214	278.0
333.6178192382672	272.0
333.6278200722022	265.0
333.6378209061372	262.0
333.64782174007223	259.0
333.65782257400724	262.0
333.66782340794225	262.0
333.67782424187726	265.0
333.6878250758123	272.0
333.69782590974734	272.0
333.70782674368235	272.0
333.71782757761736	265.0
333.72782841155237	262.0
333.7378292454874	256.0
333.7478300794224	248.0
333.75783091335745	239.0
333.76783174729246	234.0
333.77783258122747	234.0
333.7878334151625	236.0
333.7978342490975	242.0
333.8078350830325	248.0
333.81783591696757	253.0
333.8278367509026	256.0
333.8378375848376	253.0
333.8478384187726	248.0
333.8578392527076	234.0
333.8678400866426	220.0
333.8778409205776	208.0
333.8878417545127	201.0
333.8978425884477	196.0
333.9078434223827	196.0
333.9178442563177	196.0
333.92784509025273	208.0
333.93784592418774	210.0
333.94784675812275	208.0
333.9578475920578	206.0
333.9678484259928	201.0
333.97784925992784	196.0
333.98785009386285	192.0
333.99785092779786	190.0
334.00785176173287	190.0
334.0178525956679	194.0
334.02785342960294	196.0
334.03785426353795	196.0
334.04785509747296	199.0
334.05785593140797	196.0
334.067856765343	196.0
334.077857599278	194.0
334.087858433213	194.0
334.09785926714807	199.0
334.1078601010831	199.0
334.1178609350181	194.0
334.1278617689531	0.0
334.1378626028881	0.0
334.1478634368231	0.0
334.1578642707582	0.0
334.1678651046932	0.0
334.1778659386282	0.0
334.1878667725632	0.0
334.1978676064982	0.0
334.20786844043323	0.0
334.21786927436824	0.0
334.2278701083033	0.0
334.2378709422383	0.0
334.2478717761733	0.0
334.25787261010834	0.0
334.26787344404335	0.0
334.27787427797836	0.0
334.28787511191337	0.0
334.29787594584843	0.0
334.30787677978344	0.0
334.31787761371845	0.0
334.32787844765346	0.0
334.33787928158847	0.0
334.3478801155235	0.0
334.3578809494585	0.0
334.36788178339356	0.0
334.37788261732857	0.0
334.3878834512636	0.0
334.3978842851986	0.0
334.4078851191336	0.0
334.4178859530686	0.0
334.4278867870036	0.0
334.4378876209387	0.0
334.4478884548737	0.0
334.4578892888087	0.0
334.4678901227437	0.0
334.4778909566787	0.0
334.48789179061373	0.0
334.49789262454874	0.0
334.5078934584838	0.0
334.5178942924188	0.0
334.5278951263538	0.0
334.53789596028884	0.0
334.54789679422385	0.0
334.55789762815886	0.0
334.5678984620939	0.0
334.57789929602893	0.0
334.58790012996394	0.0
334.59790096389895	0.0
334.60790179783396	0.0
334.61790263176897	0.0
334.627903465704	0.0
334.63790429963905	0.0
334.64790513357406	0.0
334.65790596750907	0.0
334.6679068014441	0.0
334.6779076353791	0.0
334.6879084693141	0.0
334.6979093032491	0.0
334.7079101371842	0.0
334.7179109711192	0.0
334.7279118050542	0.0
334.7379126389892	0.0
334.7479134729242	0.0
334.7579143068592	0.0
334.76791514079423	0.0
334.7779159747293	0.0
334.7879168086643	0.0
334.7979176425993	0.0
334.8079184765343	0.0
334.81791931046934	0.0
334.82792014440435	250.0
334.83792097833935	248.0
334.8479218122744	248.0
334.85792264620943	248.0
334.86792348014444	250.0
334.87792431407945	250.0
334.88792514801446	250.0
334.89792598194947	0.0
334.9079268158845	0.0
334.91792764981955	0.0
334.92792848375456	0.0
334.93792931768957	0.0
334.9479301516246	0.0
334.9579309855596	0.0
334.9679318194946	0.0
334.97793265342966	0.0
334.98793348736467	0.0
334.9979343212997	0.0
335.0079351552347	0.0
335.0179359891697	0.0
335.0279368231047	0.0
335.0379376570397	0.0
335.0479384909748	0.0
335.0579393249098	0.0
335.0679401588448	0.0
335.0779409927798	0.0
335.0879418267148	0.0
335.09794266064984	0.0
335.10794349458484	0.0
335.1179443285199	0.0
335.1279451624549	0.0
335.13794599638993	0.0
335.14794683032494	0.0
335.15794766425995	0.0
335.16794849819496	0.0
335.17794933212997	0.0
335.18795016606504	0.0
335.19795100000005	0.0
335.20795183393506	0.0
335.21795266787007	0.0
335.2279535018051	0.0
335.2379543357401	0.0
335.2479551696751	0.0
335.25795600361016	0.0
335.26795683754517	0.0
335.2779576714802	0.0
335.2879585054152	0.0
335.2979593393502	0.0
335.3079601732852	0.0
335.3179610072202	0.0
335.3279618411553	0.0
335.3379626750903	0.0
335.3479635090253	0.0
335.3579643429603	0.0
335.3679651768953	0.0
335.37796601083033	0.0
335.3879668447654	0.0
335.3979676787004	0.0
335.4079685126354	0.0
335.41796934657043	0.0
335.42797018050544	0.0
335.43797101444045	0.0
335.44797184837546	0.0
335.4579726823105	0.0
335.46797351624554	0.0
335.47797435018055	0.0
335.48797518411556	0.0
335.49797601805057	0.0
335.5079768519856	0.0
335.5179776859206	0.0
335.52797851985565	0.0
335.53797935379066	0.0
335.54798018772567	0.0
335.5579810216607	0.0
335.5679818555957	0.0
335.5779826895307	0.0
335.5879835234657	0.0
335.5979843574008	0.0
335.6079851913358	0.0
335.6179860252708	0.0
335.6279868592058	0.0
335.6379876931408	0.0
335.6479885270758	0.0
335.65798936101083	0.0
335.6679901949459	0.0
335.6779910288809	0.0
335.6879918628159	0.0
335.69799269675093	0.0
335.70799353068594	0.0
335.71799436462095	0.0
335.727995198556	0.0
335.737996032491	0.0
335.74799686642604	0.0
335.75799770036105	0.0
335.76799853429605	0.0
335.77799936823106	0.0
335.7880002021661	0.0
335.79800103610114	0.0
335.80800187003615	0.0
335.81800270397116	0.0
335.82800353790617	0.0
335.8380043718412	0.0
335.8480052057762	0.0
335.8580060397112	484.0
335.86800687364627	484.0
335.8780077075813	484.0
335.8880085415163	0.0
335.8980093754513	0.0
335.9080102093863	0.0
335.9180110433213	0.0
335.9280118772563	0.0
335.9380127111914	0.0
335.9480135451264	473.0
335.9580143790614	473.0
335.9680152129964	473.0
335.97801604693143	468.0
335.98801688086644	468.0
335.99801771480145	468.0
336.0080185487365	0.0
336.0180193826715	0.0
336.02802021660654	0.0
336.03802105054154	0.0
336.04802188447655	0.0
336.05802271841156	0.0
336.0680235523466	0.0
336.07802438628164	0.0
336.08802522021665	0.0
336.09802605415166	0.0
336.10802688808667	0.0
336.1180277220217	0.0
336.1280285559567	0.0
336.13802938989176	0.0
336.14803022382677	0.0
336.1580310577618	0.0
336.1680318916968	0.0
336.1780327256318	0.0
336.1880335595668	319.0
336.1980343935018	319.0
336.2080352274369	319.0
336.2180360613719	319.0
336.2280368953069	319.0
336.2380377292419	319.0
336.2480385631769	319.0
336.25803939711193	632.0
336.26804023104694	319.0
336.278041064982	624.0
336.288041898917	617.0
336.298042732852	610.0
336.30804356678703	596.0
336.31804440072204	589.0
336.32804523465705	583.0
336.33804606859206	576.0
336.34804690252713	537.0
336.35804773646214	513.0
336.36804857039715	501.0
336.37804940433216	501.0
336.38805023826717	501.0
336.3980510722022	513.0
336.4080519061372	525.0
336.41805274007226	576.0
336.42805357400727	583.0
336.4380544079423	596.0
336.4480552418773	624.0
336.4580560758123	639.0
336.4680569097473	646.0
336.4780577436823	646.0
336.4880585776174	624.0
336.4980594115524	617.0
336.5080602454874	596.0
336.5180610794224	596.0
336.5280619133574	589.0
336.53806274729243	583.0
336.5480635812275	0.0
336.5580644151625	0.0
336.5680652490975	0.0
336.5780660830325	0.0
336.58806691696753	0.0
336.59806775090254	0.0
336.60806858483755	0.0
336.6180694187726	0.0
336.62807025270763	0.0
336.63807108664264	0.0
336.64807192057765	0.0
336.65807275451266	0.0
336.66807358844767	0.0
336.6780744223827	0.0
336.68807525631775	0.0
336.69807609025275	0.0
336.70807692418776	0.0
336.7180777581228	0.0
336.7280785920578	0.0
336.7380794259928	0.0
336.7480802599278	0.0
336.75808109386287	0.0
336.7680819277979	0.0
336.7780827617329	0.0
336.7880835956679	0.0
336.7980844296029	0.0
336.8080852635379	0.0
336.81808609747293	0.0
336.828086931408	0.0
336.838087765343	0.0
336.848088599278	0.0
336.858089433213	0.0
336.86809026714803	0.0
336.87809110108304	0.0
336.8880919350181	0.0
336.8980927689531	0.0
336.90809360288813	0.0
336.91809443682314	0.0
336.92809527075815	0.0
336.93809610469316	0.0
336.94809693862817	0.0
336.95809777256324	0.0
336.96809860649824	0.0
336.97809944043325	0.0
336.98810027436826	0.0
336.9981011083033	0.0
337.0081019422383	0.0
337.0181027761733	0.0
337.02810361010836	0.0
337.03810444404337	0.0
337.0481052779784	0.0
337.0581061119134	0.0
337.0681069458484	0.0
337.0781077797834	0.0
337.0881086137184	0.0
337.0981094476535	0.0
337.1081102815885	0.0
337.1181111155235	0.0
337.1281119494585	0.0
337.1381127833935	0.0
337.14811361732853	0.0
337.15811445126354	0.0
337.1681152851986	0.0
337.1781161191336	0.0
337.18811695306863	0.0
337.19811778700364	0.0
337.20811862093865	0.0
337.21811945487366	0.0
337.22812028880867	0.0
337.23812112274373	0.0
337.24812195667874	0.0
337.25812279061375	0.0
337.26812362454876	0.0
337.2781244584838	0.0
337.2881252924188	0.0
337.29812612635385	0.0
337.30812696028886	0.0
337.31812779422387	0.0
337.3281286281589	0.0
337.3381294620939	0.0
337.3481302960289	0.0
337.3581311299639	0.0
337.368131963899	0.0
337.378132797834	0.0
337.388133631769	0.0
337.398134465704	0.0
337.408135299639	0.0
337.418136133574	0.0
337.42813696750903	0.0
337.4381378014441	0.0
337.4481386353791	0.0
337.4581394693141	0.0
337.46814030324913	0.0
337.47814113718414	0.0
337.48814197111915	0.0
337.49814280505416	0.0
337.5081436389892	0.0
337.51814447292423	0.0
337.52814530685924	0.0
337.53814614079425	0.0
337.54814697472926	0.0
337.5581478086643	0.0
337.5681486425993	0.0
337.57814947653435	0.0
337.58815031046936	0.0
337.59815114440437	0.0
337.6081519783394	0.0
337.6181528122744	0.0
337.6281536462094	0.0
337.6381544801444	0.0
337.6481553140795	0.0
337.6581561480145	0.0
337.6681569819495	0.0
337.6781578158845	0.0
337.6881586498195	0.0
337.6981594837545	0.0
337.7081603176896	0.0
337.7181611516246	0.0
337.7281619855596	0.0
337.7381628194946	0.0
337.74816365342963	0.0
337.75816448736464	0.0
337.76816532129965	0.0
337.7781661552347	0.0
337.7881669891697	0.0
337.79816782310473	0.0
337.80816865703974	0.0
337.81816949097475	0.0
337.82817032490976	0.0
337.8381711588448	0.0
337.84817199277984	0.0
337.85817282671485	0.0
337.86817366064986	0.0
337.87817449458487	0.0
337.8881753285199	0.0
337.8981761624549	0.0
337.9081769963899	0.0
337.91817783032496	0.0
337.92817866426	0.0
337.938179498195	0.0
337.94818033213	0.0
337.958181166065	0.0
337.968182	0.0
337.978182833935	0.0
337.9881836678701	0.0
337.9981845018051	0.0
338.0081853357401	0.0
338.0181861696751	0.0
338.0281870036101	0.0
338.03818783754514	0.0
338.04818867148015	0.0
338.0581895054152	0.0
338.0681903393502	0.0
338.07819117328523	0.0
338.08819200722024	0.0
338.09819284115525	0.0
338.10819367509026	0.0
338.11819450902533	0.0
338.12819534296034	0.0
338.13819617689535	0.0
338.14819701083036	0.0
338.15819784476537	0.0
338.1681986787004	0.0
338.1781995126354	0.0
338.18820034657045	0.0
338.19820118050546	0.0
338.2082020144405	0.0
338.2182028483755	0.0
338.2282036823105	0.0
338.2382045162455	0.0
338.2482053501805	0.0
338.2582061841156	0.0
338.2682070180506	0.0
338.2782078519856	0.0
338.2882086859206	0.0
338.2982095198556	0.0
338.3082103537906	0.0
338.31821118772564	0.0
338.3282120216607	0.0
338.3382128555957	0.0
338.3482136895307	0.0
338.35821452346573	0.0
338.36821535740074	0.0
338.37821619133575	0.0
338.38821702527076	0.0
338.39821785920583	0.0
338.40821869314084	0.0
338.41821952707585	0.0
338.42822036101086	0.0
338.43822119494587	0.0
338.4482220288809	0.0
338.45822286281594	0.0
338.46822369675095	0.0
338.47822453068596	0.0
338.488225364621	0.0
338.498226198556	0.0
338.508227032491	0.0
338.518227866426	0.0
338.52822870036107	0.0
338.5382295342961	0.0
338.5482303682311	0.0
338.5582312021661	0.0
338.5682320361011	0.0
338.5782328700361	0.0
338.5882337039711	0.0
338.5982345379062	0.0
338.6082353718412	0.0
338.6182362057762	0.0
338.6282370397112	0.0
338.63823787364623	0.0
338.64823870758124	0.0
338.65823954151625	0.0
338.6682403754513	0.0
338.67824120938633	0.0
338.68824204332134	0.0
338.69824287725635	0.0
338.70824371119136	0.0
338.71824454512637	0.0
338.7282453790614	0.0
338.73824621299644	0.0
338.74824704693145	0.0
338.75824788086646	0.0
338.7682487148015	0.0
338.7782495487365	0.0
338.7882503826715	0.0
338.7982512166065	0.0
338.80825205054157	0.0
338.8182528844766	0.0
338.8282537184116	0.0
338.8382545523466	0.0
338.8482553862816	0.0
338.8582562202166	0.0
338.8682570541517	0.0
338.8782578880867	0.0
338.8882587220217	0.0
338.8982595559567	0.0
338.9082603898917	0.0
338.91826122382673	0.0
338.92826205776174	0.0
338.9382628916968	0.0
338.9482637256318	0.0
338.9582645595668	0.0
338.96826539350184	0.0
338.97826622743685	0.0
338.98826706137186	0.0
338.99826789530687	0.0
339.00826872924193	0.0
339.01826956317694	0.0
339.02827039711195	0.0
339.03827123104696	0.0
339.048272064982	0.0
339.058272898917	0.0
339.068273732852	0.0
339.07827456678706	0.0
339.08827540072207	0.0
339.0982762346571	0.0
339.1082770685921	0.0
339.1182779025271	0.0
339.1282787364621	0.0
339.1382795703971	0.0
339.1482804043322	0.0
339.1582812382672	0.0
339.1682820722022	0.0
339.1782829061372	0.0
339.1882837400722	0.0
339.19828457400723	0.0
339.20828540794224	0.0
339.2182862418773	0.0
339.2282870758123	0.0
339.2382879097473	0.0
339.24828874368234	0.0
339.25828957761735	0.0
339.26829041155236	0.0
339.2782912454874	0.0
339.28829207942243	0.0
339.29829291335744	0.0
339.30829374729245	0.0
339.31829458122746	0.0
339.3282954151625	0.0
339.3382962490975	0.0
339.34829708303255	0.0
339.35829791696756	0.0
339.36829875090257	0.0
339.3782995848376	0.0
339.3883004187726	0.0
339.3983012527076	0.0
339.4083020866426	0.0
339.4183029205777	0.0
339.4283037545127	0.0
339.4383045884477	0.0
339.4483054223827	0.0
339.4583062563177	0.0
339.4683070902527	0.0
339.47830792418773	0.0
339.4883087581228	0.0
339.4983095920578	0.0
339.5083104259928	0.0
339.5183112599278	0.0
339.52831209386284	0.0
339.53831292779785	0.0
339.54831376173286	0.0
339.5583145956679	0.0
339.56831542960293	0.0
339.57831626353794	0.0
339.58831709747295	0.0
339.59831793140796	0.0
339.608318765343	0.0
339.618319599278	0.0
339.62832043321305	0.0
339.63832126714806	0.0
339.64832210108307	0.0
339.6583229350181	0.0
339.6683237689531	0.0
339.6783246028881	0.0
339.68832543682316	0.0
339.6983262707582	0.0
339.7083271046932	0.0
339.7183279386282	0.0
339.7283287725632	0.0
339.7383296064982	0.0
339.7483304404332	0.0
339.7583312743683	0.0
339.7683321083033	0.0
339.7783329422383	0.0
339.7883337761733	0.0
339.7983346101083	0.0
339.80833544404334	0.0
339.81833627797835	0.0
339.8283371119134	0.0
339.8383379458484	0.0
339.84833877978343	0.0
339.85833961371844	0.0
339.86834044765345	0.0
339.87834128158846	0.0
339.88834211552347	0.0
339.89834294945854	0.0
339.90834378339355	0.0
339.91834461732856	0.0
339.92834545126357	0.0
339.9383462851986	0.0
339.9483471191336	0.0
339.9583479530686	0.0
339.96834878700366	0.0
339.9783496209387	0.0
339.9883504548737	0.0
339.9983512888087	0.0
340.0083521227437	0.0
340.0183529566787	0.0
340.0283537906138	0.0
340.0383546245488	0.0
340.0483554584838	0.0
340.0583562924188	0.0
340.0683571263538	0.0
340.0783579602888	0.0
340.08835879422384	0.0
340.0983596281589	0.0
340.1083604620939	0.0
340.1183612960289	0.0
340.12836212996393	0.0
340.13836296389894	0.0
340.14836379783395	0.0
340.15836463176896	0.0
340.168365465704	0.0
340.17836629963904	0.0
340.18836713357405	0.0
340.19836796750906	0.0
340.20836880144407	0.0
340.2183696353791	0.0
340.2283704693141	0.0
340.23837130324915	0.0
340.24837213718416	0.0
340.2583729711192	0.0
340.2683738050542	0.0
340.2783746389892	0.0
340.2883754729242	0.0
340.2983763068592	0.0
340.3083771407943	0.0
340.3183779747293	0.0
340.3283788086643	0.0
340.3383796425993	0.0
340.3483804765343	0.0
340.3583813104693	0.0
340.36838214440434	0.0
340.3783829783394	0.0
340.3883838122744	0.0
340.3983846462094	0.0
340.40838548014443	0.0
340.41838631407944	0.0
340.42838714801445	0.0
340.4383879819495	0.0
340.4483888158845	0.0
340.45838964981954	0.0
340.46839048375455	0.0
340.47839131768956	0.0
340.48839215162457	0.0
340.4983929855596	0.0
340.50839381949464	0.0
340.51839465342965	0.0
340.52839548736466	0.0
340.5383963212997	0.0
340.5483971552347	0.0
340.5583979891697	0.0
340.5683988231047	0.0
340.57839965703977	0.0
340.5884004909748	0.0
340.5984013249098	0.0
340.6084021588448	0.0
340.6184029927798	0.0
340.6284038267148	0.0
340.6384046606498	0.0
340.6484054945849	0.0
340.6584063285199	0.0
340.6684071624549	0.0
340.6784079963899	0.0
340.68840883032493	0.0
340.69840966425994	0.0
340.70841049819495	0.0
340.71841133213	0.0
340.728412166065	371.0
340.73841300000004	371.0
340.74841383393505	367.0
340.75841466787006	0.0
340.76841550180507	0.0
340.7784163357401	331.0
340.78841716967514	331.0
340.79841800361015	323.0
340.80841883754516	323.0
340.81841967148017	646.0
340.8284205054152	646.0
340.8384213393502	646.0
340.84842217328526	654.0
340.85842300722027	646.0
340.8684238411553	646.0
340.8784246750903	646.0
340.8884255090253	646.0
340.8984263429603	576.0
340.9084271768953	583.0
340.9184280108304	624.0
340.9284288447654	624.0
340.9384296787004	624.0
340.9484305126354	632.0
340.9584313465704	632.0
340.96843218050543	632.0
340.97843301444044	0.0
340.9884338483755	0.0
340.9984346823105	0.0
341.0084355162455	0.0
341.01843635018054	0.0
341.02843718411555	0.0
341.03843801805056	0.0
341.04843885198557	0.0
341.05843968592063	0.0
341.06844051985564	0.0
341.07844135379065	0.0
341.08844218772566	0.0
341.09844302166067	0.0
341.1084438555957	0.0
341.1184446895307	0.0
341.12844552346576	0.0
341.13844635740077	0.0
341.1484471913358	0.0
341.1584480252708	0.0
341.1684488592058	0.0
341.1784496931408	0.0
341.1884505270759	0.0
341.1984513610109	0.0
341.2084521949459	0.0
341.2184530288809	0.0
341.2284538628159	0.0
341.2384546967509	0.0
341.24845553068593	0.0
341.258456364621	0.0
341.268457198556	0.0
341.278458032491	0.0
341.288458866426	0.0
341.29845970036104	0.0
341.30846053429605	0.0
341.31846136823106	0.0
341.3284622021661	0.0
341.33846303610113	0.0
341.34846387003614	0.0
341.35846470397115	0.0
341.36846553790616	0.0
341.37846637184117	323.0
341.3884672057762	316.0
341.39846803971125	316.0
341.40846887364626	312.0
341.41846970758127	312.0
341.4284705415163	312.0
341.4384713754513	308.0
341.4484722093863	0.0
341.4584730433213	0.0
341.4684738772564	281.0
341.4784747111914	278.0
341.4884755451264	275.0
341.4984763790614	268.0
341.5084772129964	501.0
341.5184780469314	507.0
341.52847888086643	507.0
341.5384797148015	259.0
341.5484805487365	272.0
341.5584813826715	275.0
341.5684822166065	281.0
341.57848305054154	0.0
341.58848388447655	305.0
341.5984847184116	308.0
341.6084855523466	308.0
341.61848638628163	312.0
341.62848722021664	316.0
341.63848805415165	319.0
341.64848888808666	342.0
341.65848972202167	346.0
341.66849055595674	350.0
341.67849138989175	375.0
341.68849222382676	375.0
341.69849305776177	375.0
341.7084938916968	375.0
341.7184947256318	371.0
341.7284955595668	363.0
341.73849639350186	363.0
341.74849722743687	358.0
341.7584980613719	354.0
341.7684988953069	354.0
341.7784997292419	354.0
341.7885005631769	358.0
341.7985013971119	363.0
341.808502231047	371.0
341.818503064982	375.0
341.828503898917	375.0
341.838504732852	375.0
341.848505566787	371.0
341.85850640072204	354.0
341.86850723465705	346.0
341.8785080685921	342.0
341.8885089025271	0.0
341.89850973646213	0.0
341.90851057039714	0.0
341.91851140433215	0.0
341.92851223826716	0.0
341.93851307220217	0.0
341.94851390613724	0.0
341.95851474007225	0.0
341.96851557400726	0.0
341.97851640794227	0.0
341.9885172418773	0.0
341.9985180758123	0.0
342.00851890974735	0.0
342.01851974368236	0.0
342.02852057761737	0.0
342.0385214115524	537.0
342.0485222454874	537.0
342.0585230794224	537.0
342.0685239133574	537.0
342.0785247472925	0.0
342.0885255812275	0.0
342.0985264151625	0.0
342.1085272490975	316.0
342.1185280830325	312.0
342.1285289169675	308.0
342.13852975090253	308.0
342.1485305848376	308.0
342.1585314187726	312.0
342.1685322527076	0.0
342.17853308664263	0.0
342.18853392057764	0.0
342.19853475451265	0.0
342.20853558844766	0.0
342.2185364223827	0.0
342.22853725631774	0.0
342.23853809025275	603.0
342.24853892418776	589.0
342.25853975812277	583.0
342.2685405920578	569.0
342.2785414259928	550.0
342.28854225992785	544.0
342.29854309386286	537.0
342.30854392779787	531.0
342.3185447617329	531.0
342.3285455956679	531.0
342.3385464296029	531.0
342.3485472635379	531.0
342.358548097473	531.0
342.368548931408	531.0
342.378549765343	531.0
342.388550599278	531.0
342.398551433213	531.0
342.408552267148	531.0
342.4185531010831	537.0
342.4285539350181	537.0
342.4385547689531	278.0
342.4485556028881	281.0
342.45855643682313	284.0
342.46855727075814	291.0
342.47855810469315	298.0
342.4885589386282	301.0
342.4985597725632	305.0
342.50856060649824	305.0
342.51856144043325	308.0
342.52856227436826	308.0
342.53856310830326	308.0
342.5485639422383	308.0
342.55856477617334	308.0
342.56856561010835	308.0
342.57856644404336	308.0
342.58856727797837	312.0
342.5985681119134	312.0
342.6085689458484	312.0
342.6185697797834	316.0
342.62857061371847	316.0
342.6385714476535	316.0
342.6485722815885	316.0
342.6585731155235	316.0
342.6685739494585	316.0
342.6785747833935	316.0
342.6885756173285	316.0
342.6985764512636	316.0
342.7085772851986	316.0
342.7185781191336	319.0
342.7285789530686	319.0
342.73857978700363	319.0
342.74858062093864	319.0
342.7585814548737	319.0
342.7685822888087	319.0
342.7785831227437	319.0
342.78858395667874	316.0
342.79858479061375	316.0
342.80858562454875	316.0
342.81858645848376	316.0
342.82858729241883	316.0
342.83858812635384	316.0
342.84858896028885	316.0
342.85858979422386	316.0
342.86859062815887	316.0
342.8785914620939	316.0
342.8885922960289	316.0
342.89859312996396	316.0
342.90859396389897	316.0
342.918594797834	316.0
342.928595631769	316.0
342.938596465704	316.0
342.948597299639	316.0
342.958598133574	316.0
342.9685989675091	316.0
342.9785998014441	319.0
342.9886006353791	319.0
342.9986014693141	319.0
343.0086023032491	319.0
343.01860313718413	319.0
343.02860397111914	319.0
343.0386048050542	316.0
343.0486056389892	316.0
343.0586064729242	316.0
343.06860730685923	316.0
343.07860814079424	316.0
343.08860897472925	316.0
343.09860980866426	316.0
343.10861064259933	316.0
343.11861147653434	316.0
343.12861231046935	319.0
343.13861314440436	319.0
343.14861397833937	319.0
343.1586148122744	319.0
343.16861564620945	319.0
343.17861648014446	319.0
343.18861731407947	319.0
343.1986181480145	319.0
343.2086189819495	319.0
343.2186198158845	319.0
343.2286206498195	319.0
343.23862148375457	319.0
343.2486223176896	323.0
343.2586231516246	323.0
343.2686239855596	319.0
343.2786248194946	319.0
343.2886256534296	319.0
343.29862648736463	319.0
343.3086273212997	319.0
343.3186281552347	319.0
343.3286289891697	319.0
343.3386298231047	319.0
343.34863065703973	319.0
343.35863149097474	319.0
343.36863232490975	319.0
343.3786331588448	319.0
343.38863399277983	319.0
343.39863482671484	319.0
343.40863566064985	319.0
343.41863649458486	319.0
343.42863732851987	319.0
343.4386381624549	319.0
343.44863899638995	319.0
343.45863983032496	319.0
343.46864066425996	319.0
343.478641498195	319.0
343.48864233213	319.0
343.498643166065	319.0
343.508644	319.0
343.51864483393507	319.0
343.5286456678701	319.0
343.5386465018051	316.0
343.5486473357401	316.0
343.5586481696751	316.0
343.5686490036101	316.0
343.5786498375452	316.0
343.5886506714802	316.0
343.5986515054152	316.0
343.6086523393502	316.0
343.6186531732852	316.0
343.62865400722023	316.0
343.63865484115524	319.0
343.6486556750903	319.0
343.6586565090253	319.0
343.66865734296033	319.0
343.67865817689534	319.0
343.68865901083035	319.0
343.69865984476536	319.0
343.70866067870037	319.0
343.71866151263544	319.0
343.72866234657045	319.0
343.73866318050545	319.0
343.74866401444046	319.0
343.7586648483755	316.0
343.7686656823105	319.0
343.7786665162455	319.0
343.78866735018056	319.0
343.79866818411557	319.0
343.8086690180506	319.0
343.8186698519856	319.0
343.8286706859206	319.0
343.8386715198556	319.0
343.8486723537906	323.0
343.8586731877257	319.0
343.8686740216607	319.0
343.8786748555957	319.0
343.8886756895307	319.0
343.8986765234657	319.0
343.90867735740073	319.0
343.9186781913358	319.0
343.9286790252708	319.0
343.9386798592058	319.0
343.94868069314083	319.0
343.95868152707584	319.0
343.96868236101085	319.0
343.97868319494586	319.0
343.9886840288809	319.0
343.99868486281594	316.0
344.00868569675094	316.0
344.01868653068595	316.0
344.02868736462096	316.0
344.038688198556	316.0
344.048689032491	316.0
344.05868986642605	316.0
344.06869070036106	0.0
344.07869153429607	0.0
344.0886923682311	0.0
344.0986932021661	0.0
344.1086940361011	0.0
344.1186948700361	0.0
344.1286957039712	0.0
344.1386965379062	0.0
344.1486973718412	0.0
344.1586982057762	0.0
344.1686990397112	0.0
344.1786998736462	0.0
344.18870070758123	0.0
344.1987015415163	0.0
344.2087023754513	0.0
344.2187032093863	0.0
344.22870404332133	0.0
344.23870487725634	0.0
344.24870571119135	0.0
344.25870654512636	0.0
344.2687073790614	0.0
344.27870821299643	0.0
344.28870904693144	0.0
344.29870988086645	0.0
344.30871071480146	0.0
344.3187115487365	0.0
344.32871238267154	0.0
344.33871321660655	0.0
344.34871405054156	0.0
344.35871488447657	0.0
344.3687157184116	0.0
344.3787165523466	0.0
344.3887173862816	0.0
344.39871822021667	0.0
344.4087190541517	0.0
344.4187198880867	0.0
344.4287207220217	0.0
344.4387215559567	0.0
344.4487223898917	0.0
344.4587232238267	0.0
344.4687240577618	0.0
344.4787248916968	0.0
344.4887257256318	0.0
344.4987265595668	0.0
344.50872739350183	0.0
344.51872822743684	0.0
344.52872906137185	0.0
344.5387298953069	0.0
344.5487307292419	0.0
344.55873156317693	0.0
344.56873239711194	0.0
344.57873323104695	0.0
344.58873406498196	0.0
344.598734898917	0.0
344.60873573285204	0.0
344.61873656678705	0.0
344.62873740072206	0.0
344.63873823465707	0.0
344.6487390685921	0.0
344.6587399025271	0.0
344.6687407364621	0.0
344.67874157039716	0.0
344.6887424043322	0.0
344.6987432382672	0.0
344.7087440722022	0.0
344.7187449061372	0.0
344.7287457400722	0.0
344.7387465740073	0.0
344.7487474079423	0.0
344.7587482418773	0.0
344.7687490758123	0.0
344.7787499097473	0.0
344.78875074368233	0.0
344.79875157761734	0.0
344.8087524115524	0.0
344.8187532454874	0.0
344.8287540794224	0.0
344.83875491335743	0.0
344.84875574729244	0.0
344.85875658122745	0.0
344.86875741516246	0.0
344.87875824909753	0.0
344.88875908303254	0.0
344.89875991696755	0.0
344.90876075090256	0.0
344.91876158483757	0.0
344.9287624187726	0.0
344.9387632527076	0.0
344.94876408664265	0.0
344.95876492057766	0.0
344.9687657545127	0.0
344.9787665884477	0.0
344.9887674223827	0.0
344.9987682563177	0.0
345.0087690902527	0.0
345.0187699241878	0.0
345.0287707581228	0.0
345.0387715920578	0.0
345.0487724259928	0.0
345.0587732599278	0.0
345.0687740938628	0.0
345.07877492779784	0.0
345.0887757617329	0.0
345.0987765956679	0.0
345.1087774296029	0.0
345.11877826353793	0.0
345.12877909747294	0.0
345.13877993140795	0.0
345.148780765343	0.0
345.15878159927803	0.0
345.16878243321304	0.0
345.17878326714805	0.0
345.18878410108306	0.0
345.19878493501807	0.0
345.2087857689531	0.0
345.21878660288814	0.0
345.22878743682315	0.0
345.23878827075816	0.0
345.2487891046932	0.0
345.2587899386282	0.0
345.2687907725632	0.0
345.2787916064982	0.0
345.28879244043327	0.0
345.2987932743683	0.0
345.3087941083033	0.0
345.3187949422383	0.0
345.3287957761733	0.0
345.3387966101083	0.0
345.3487974440433	0.0
345.3587982779784	0.0
345.3687991119134	0.0
345.3787999458484	0.0
345.3888007797834	0.0
345.39880161371843	0.0
345.40880244765344	0.0
345.41880328158845	0.0
345.4288041155235	0.0
345.43880494945853	0.0
345.44880578339354	0.0
345.45880661732855	0.0
345.46880745126356	0.0
345.47880828519857	0.0
345.48880911913363	0.0
345.49880995306864	0.0
345.50881078700365	0.0
345.51881162093866	0.0
345.5288124548737	0.0
345.5388132888087	0.0
345.5488141227437	0.0
345.55881495667876	0.0
345.56881579061377	0.0
345.5788166245488	0.0
345.5888174584838	0.0
345.5988182924188	0.0
345.6088191263538	0.0
345.6188199602888	0.0
345.6288207942239	0.0
345.6388216281589	0.0
345.6488224620939	0.0
345.6588232960289	0.0
345.6688241299639	0.0
345.67882496389893	0.0
345.68882579783394	0.0
345.698826631769	0.0
345.708827465704	0.0
345.71882829963903	0.0
345.72882913357404	0.0
345.73882996750905	0.0
345.74883080144406	0.0
345.75883163537907	0.0
345.76883246931413	0.0
345.77883330324914	0.0
345.78883413718415	0.0
345.79883497111916	0.0
345.8088358050542	0.0
345.8188366389892	0.0
345.8288374729242	0.0
345.83883830685926	0.0
345.84883914079427	0.0
345.8588399747293	0.0
345.8688408086643	0.0
345.8788416425993	0.0
345.8888424765343	0.0
345.8988433104694	0.0
345.9088441444044	0.0
345.9188449783394	0.0
345.9288458122744	0.0
345.9388466462094	0.0
345.9488474801444	0.0
345.95884831407943	0.0
345.9688491480145	0.0
345.9788499819495	0.0
345.9888508158845	0.0
345.9988516498195	0.0
346.00885248375454	0.0
346.01885331768955	0.0
346.02885415162456	0.0
346.0388549855596	0.0
346.04885581949463	0.0
346.05885665342964	0.0
346.06885748736465	0.0
346.07885832129966	0.0
346.0888591552347	0.0
346.0988599891697	0.0
346.10886082310475	0.0
346.11886165703976	0.0
346.12886249097477	0.0
346.1388633249098	0.0
346.1488641588448	0.0
346.1588649927798	0.0
346.1688658267148	0.0
346.1788666606499	0.0
346.1888674945849	0.0
346.1988683285199	0.0
346.2088691624549	0.0
346.2188699963899	0.0
346.2288708303249	0.0
346.23887166425993	0.0
346.248872498195	0.0
346.25887333213	0.0
346.268874166065	0.0
346.278875	0.0
