0.0	0.0
0.010000469316416365	0.0
0.02000093863283273	0.0
0.030001407949249097	0.0
0.04000187726566546	0.0
0.05000234658208182	0.0
0.060002815898498194	0.0
0.07000328521491456	0.0
0.08000375453133092	0.0
0.09000422384774728	0.0
0.10000469316416365	0.0
0.11000516248058001	0.0
0.12000563179699639	0.0
0.13000610111341274	0.0
0.1400065704298291	0.0
0.15000703974624546	0.0
0.16000750906266184	0.0
0.17000797837907822	0.0
0.18000844769549457	0.0
0.19000891701191094	0.0
0.2000093863283273	0.0
0.21000985564474367	0.0
0.22001032496116002	0.0
0.2300107942775764	0.0
0.24001126359399277	0.0
0.2500117329104091	0.0
0.2600122022268255	0.0
0.2700126715432419	0.0
0.2800131408596582	0.0
0.2900136101760746	0.0
0.3000140794924909	0.0
0.31001454880890733	0.0
0.3200150181253237	0.0
0.33001548744174003	0.0
0.34001595675815643	0.0
0.3500164260745728	0.0
0.36001689539098913	0.0
0.3700173647074055	0.0
0.3800178340238219	0.0
0.39001830334023824	0.0
0.4000187726566546	0.0
0.410019241973071	0.0
0.42001971128948734	0.0
0.4300201806059037	0.0
0.44002064992232004	0.0
0.45002111923873644	0.0
0.4600215885551528	0.0
0.47002205787156914	0.0
0.48002252718798555	0.0
0.4900229965044019	0.0
0.5000234658208182	0.0
0.5100239351372347	0.0
0.520024404453651	0.0
0.5300248737700674	0.0
0.5400253430864838	0.0
0.5500258124029	0.0
0.5600262817193165	0.0
0.5700267510357329	0.0
0.5800272203521492	0.0
0.5900276896685656	0.0
0.6000281589849819	0.0
0.6100286283013983	0.0
0.6200290976178147	0.0
0.630029566934231	0.0
0.6400300362506474	0.0
0.6500305055670638	0.0
0.6600309748834801	0.0
0.6700314441998965	0.0
0.6800319135163129	0.0
0.6900323828327292	0.0
0.7000328521491456	0.0
0.7100333214655619	0.0
0.7200337907819783	0.0
0.7300342600983947	0.0
0.740034729414811	0.0
0.7500351987312274	0.0
0.7600356680476438	0.0
0.7700361373640601	0.0
0.7800366066804765	0.0
0.7900370759968929	0.0
0.8000375453133092	0.0
0.8100380146297256	0.0
0.820038483946142	0.0
0.8300389532625583	0.0
0.8400394225789747	0.0
0.850039891895391	0.0
0.8600403612118074	0.0
0.8700408305282238	0.0
0.8800412998446401	0.0
0.8900417691610565	0.0
0.9000422384774729	0.0
0.9100427077938892	0.0
0.9200431771103056	0.0
0.930043646426722	0.0
0.9400441157431383	0.0
0.9500445850595547	0.0
0.9600450543759711	0.0
0.9700455236923874	0.0
0.9800459930088038	0.0
0.9900464623252201	0.0
1.0000469316416365	0.0
1.010047400958053	0.0
1.0200478702744693	0.0
1.0300483395908855	0.0
1.040048808907302	0.0
1.0500492782237183	0.0
1.0600497475401347	0.0
1.070050216856551	0.0
1.0800506861729675	0.0
1.0900511554893837	0.0
1.1000516248058	0.0
1.1100520941222165	0.0
1.120052563438633	0.0
1.1300530327550493	0.0
1.1400535020714657	0.0
1.150053971387882	0.0
1.1600544407042983	0.0
1.1700549100207147	0.0
1.1800553793371311	0.0
1.1900558486535475	0.0
1.2000563179699637	0.0
1.21005678728638	0.0
1.2200572566027965	0.0
1.230057725919213	0.0
1.2400581952356293	0.0
1.2500586645520457	0.0
1.260059133868462	0.0
1.2700596031848783	0.0
1.2800600725012947	0.0
1.2900605418177111	0.0
1.3000610111341275	0.0
1.3100614804505437	0.0
1.3200619497669601	0.0
1.3300624190833765	0.0
1.340062888399793	0.0
1.3500633577162093	0.0
1.3600638270326257	0.0
1.370064296349042	0.0
1.3800647656654583	0.0
1.3900652349818747	0.0
1.4000657042982911	0.0
1.4100661736147075	0.0
1.4200666429311237	0.0
1.4300671122475401	0.0
1.4400675815639565	0.0
1.450068050880373	0.0
1.4600685201967893	0.0
1.4700689895132057	0.0
1.480069458829622	0.0
1.4900699281460383	0.0
1.5000703974624547	0.0
1.5100708667788711	0.0
1.5200713360952876	0.0
1.530071805411704	0.0
1.5400722747281201	0.0
1.5500727440445365	0.0
1.560073213360953	0.0
1.5700736826773694	0.0
1.5800741519937858	0.0
1.590074621310202	0.0
1.6000750906266183	0.0
1.6100755599430348	0.0
1.6200760292594512	0.0
1.6300764985758676	0.0
1.640076967892284	0.0
1.6500774372087001	0.0
1.6600779065251166	0.0
1.670078375841533	0.0
1.6800788451579494	0.0
1.6900793144743658	0.0
1.700079783790782	0.0
1.7100802531071984	0.0
1.7200807224236148	0.0
1.7300811917400312	0.0
1.7400816610564476	0.0
1.750082130372864	0.0
1.7600825996892802	0.0
1.7700830690056966	0.0
1.780083538322113	0.0
1.7900840076385294	0.0
1.8000844769549458	0.0
1.810084946271362	0.0
1.8200854155877784	0.0
1.8300858849041948	0.0
1.8400863542206112	0.0
1.8500868235370276	0.0
1.860087292853444	0.0
1.8700877621698602	0.0
1.8800882314862766	0.0
1.890088700802693	0.0
1.9000891701191094	0.0
1.9100896394355258	0.0
1.9200901087519422	0.0
1.9300905780683584	0.0
1.9400910473847748	0.0
1.9500915167011912	0.0
1.9600919860176076	226.0
1.970092455334024	223.0
1.9800929246504402	226.0
1.9900933939668566	226.0
2.000093863283273	226.0
2.010094332599689	226.0
2.020094801916106	226.0
2.030095271232522	226.0
2.0400957405489386	228.0
2.050096209865355	228.0
2.060096679181771	228.0
2.0700971484981876	228.0
2.080097617814604	226.0
2.0900980871310204	226.0
2.1000985564474366	220.0
2.110099025763853	208.0
2.1200994950802694	194.0
2.1300999643966856	187.0
2.140100433713102	181.0
2.1501009030295184	181.0
2.160101372345935	181.0
2.170101841662351	187.0
2.1801023109787674	206.0
2.190102780295184	215.0
2.2001032496116	220.0
2.210103718928017	223.0
2.220104188244433	223.0
2.230104657560849	223.0
2.240105126877266	223.0
2.250105596193682	223.0
2.2601060655100986	223.0
2.270106534826515	223.0
2.2801070041429314	223.0
2.2901074734593476	223.0
2.300107942775764	223.0
2.3101084120921804	223.0
2.3201088814085966	220.0
2.3301093507250132	220.0
2.3401098200414294	220.0
2.3501102893578456	220.0
2.3601107586742622	220.0
2.3701112279906784	220.0
2.380111697307095	220.0
2.3901121666235112	220.0
2.4001126359399274	220.0
2.410113105256344	220.0
2.42011357457276	220.0
2.430114043889177	218.0
2.440114513205593	218.0
2.450114982522009	215.0
2.460115451838426	213.0
2.470115921154842	208.0
2.4801163904712586	206.0
2.490116859787675	201.0
2.5001173291040915	194.0
2.5101177984205076	187.0
2.520118267736924	181.0
2.5301187370533404	179.0
2.5401192063697566	177.0
2.5501196756861733	177.0
2.5601201450025894	179.0
2.5701206143190056	179.0
2.5801210836354223	181.0
2.5901215529518384	187.0
2.600122022268255	192.0
2.6101224915846712	196.0
2.6201229609010874	201.0
2.630123430217504	208.0
2.6401238995339202	213.0
2.650124368850337	218.0
2.660124838166753	220.0
2.6701253074831697	220.0
2.680125776799586	220.0
2.690126246116002	220.0
2.7001267154324187	220.0
2.710127184748835	218.0
2.7201276540652515	213.0
2.7301281233816677	206.0
2.740128592698084	201.0
2.7501290620145005	199.0
2.7601295313309167	194.0
2.7701300006473333	187.0
2.7801304699637495	183.0
2.7901309392801656	175.0
2.8001314085965823	171.0
2.8101318779129985	169.0
2.820132347229415	171.0
2.8301328165458313	173.0
2.8401332858622474	177.0
2.850133755178664	181.0
2.8601342244950803	185.0
2.870134693811497	190.0
2.880135163127913	192.0
2.8901356324443297	194.0
2.900136101760746	194.0
2.910136571077162	194.0
2.9201370403935787	192.0
2.930137509709995	192.0
2.9401379790264115	192.0
2.9501384483428277	192.0
2.960138917659244	192.0
2.9701393869756605	192.0
2.9801398562920767	194.0
2.9901403256084933	194.0
3.0001407949249095	194.0
3.0101412642413257	194.0
3.0201417335577423	194.0
3.0301422028741585	194.0
3.040142672190575	194.0
3.0501431415069913	194.0
3.060143610823408	194.0
3.070144080139824	194.0
3.0801445494562403	194.0
3.090145018772657	196.0
3.100145488089073	196.0
3.1101459574054897	196.0
3.120146426721906	194.0
3.130146896038322	192.0
3.1401473653547387	192.0
3.150147834671155	190.0
3.1601483039875715	190.0
3.1701487733039877	187.0
3.180149242620404	187.0
3.1901497119368205	187.0
3.2001501812532367	190.0
3.2101506505696533	190.0
3.2201511198860695	190.0
3.2301515892024857	190.0
3.2401520585189023	190.0
3.2501525278353185	192.0
3.260152997151735	194.0
3.2701534664681513	194.0
3.280153935784568	194.0
3.290154405100984	194.0
3.3001548744174003	194.0
3.310155343733817	194.0
3.320155813050233	194.0
3.3301562823666497	194.0
3.340156751683066	194.0
3.350157220999482	194.0
3.3601576903158987	194.0
3.370158159632315	194.0
3.3801586289487315	194.0
3.3901590982651477	194.0
3.400159567581564	194.0
3.4101600368979805	196.0
3.4201605062143967	196.0
3.4301609755308133	196.0
3.4401614448472295	196.0
3.450161914163646	196.0
3.4601623834800623	196.0
3.4701628527964785	196.0
3.480163322112895	196.0
3.4901637914293113	196.0
3.500164260745728	196.0
3.510164730062144	196.0
3.5201651993785603	196.0
3.530165668694977	194.0
3.540166138011393	194.0
3.5501666073278098	194.0
3.560167076644226	194.0
3.570167545960642	194.0
3.5801680152770587	194.0
3.590168484593475	194.0
3.6001689539098916	194.0
3.6101694232263077	194.0
3.620169892542724	194.0
3.6301703618591405	194.0
3.6401708311755567	194.0
3.6501713004919734	194.0
3.6601717698083895	192.0
3.670172239124806	192.0
3.6801727084412224	192.0
3.6901731777576385	192.0
3.700173647074055	190.0
3.7101741163904713	190.0
3.720174585706888	187.0
3.730175055023304	185.0
3.7401755243397203	183.0
3.750175993656137	181.0
3.760176462972553	179.0
3.7701769322889698	177.0
3.780177401605386	177.0
3.790177870921802	177.0
3.8001783402382188	179.0
3.810178809554635	185.0
3.8201792788710516	190.0
3.8301797481874678	194.0
3.8401802175038844	201.0
3.8501806868203006	201.0
3.8601811561367168	201.0
3.8701816254531334	199.0
3.8801820947695496	196.0
3.890182564085966	194.0
3.9001830334023824	192.0
3.9101835027187986	190.0
3.920183972035215	187.0
3.9301844413516314	187.0
3.940184910668048	185.0
3.950185379984464	185.0
3.9601858493008804	183.0
3.970186318617297	181.0
3.980186787933713	181.0
3.99018725725013	179.0
4.000187726566546	179.0
4.010188195882963	177.0
4.020188665199378	177.0
4.030189134515795	179.0
4.040189603832212	179.0
4.050190073148628	181.0
4.060190542465044	183.0
4.070191011781461	183.0
4.080191481097877	185.0
4.090191950414293	187.0
4.10019241973071	190.0
4.110192889047126	192.0
4.120193358363542	192.0
4.130193827679959	194.0
4.140194296996375	194.0
4.150194766312792	196.0
4.160195235629208	194.0
4.170195704945624	194.0
4.180196174262041	194.0
4.190196643578457	192.0
4.200197112894873	192.0
4.21019758221129	192.0
4.220198051527706	190.0
4.230198520844122	190.0
4.240198990160539	190.0
4.250199459476955	190.0
4.260199928793371	187.0
4.270200398109788	185.0
4.280200867426204	183.0
4.29020133674262	181.0
4.300201806059037	181.0
4.310202275375453	181.0
4.32020274469187	181.0
4.330203214008286	183.0
4.340203683324702	183.0
4.350204152641119	185.0
4.360204621957535	187.0
4.370205091273951	190.0
4.380205560590368	190.0
4.390206029906785	192.0
4.4002064992232	194.0
4.410206968539617	194.0
4.420207437856034	196.0
4.430207907172449	196.0
4.440208376488866	196.0
4.450208845805283	196.0
4.460209315121698	196.0
4.470209784438115	194.0
4.480210253754532	194.0
4.490210723070948	194.0
4.500211192387364	194.0
4.510211661703781	196.0
4.520212131020197	196.0
4.530212600336613	196.0
4.54021306965303	194.0
4.550213538969446	192.0
4.560214008285863	190.0
4.570214477602279	187.0
4.580214946918695	185.0
4.590215416235112	183.0
4.600215885551528	181.0
4.610216354867944	179.0
4.620216824184361	175.0
4.630217293500777	171.0
4.640217762817193	169.0
4.65021823213361	165.0
4.6602187014500265	163.0
4.670219170766442	163.0
4.680219640082859	161.0
4.6902201093992755	161.0
4.700220578715691	161.0
4.710221048032108	163.0
4.7202215173485245	165.0
4.730221986664941	165.0
4.740222455981357	165.0
4.7502229252977735	167.0
4.76022339461419	165.0
4.770223863930606	165.0
4.7802243332470225	165.0
4.790224802563439	165.0
4.800225271879855	165.0
4.810225741196271	165.0
4.820226210512688	165.0
4.830226679829105	165.0
4.84022714914552	165.0
4.850227618461937	165.0
4.860228087778354	165.0
4.870228557094769	163.0
4.880229026411186	163.0
4.890229495727603	163.0
4.900229965044018	163.0
4.910230434360435	163.0
4.920230903676852	161.0
4.930231372993268	161.0
4.940231842309684	163.0
4.950232311626101	163.0
4.960232780942517	165.0
4.970233250258933	165.0
4.98023371957535	167.0
4.990234188891766	169.0
5.000234658208183	169.0
5.010235127524599	171.0
5.020235596841015	171.0
5.030236066157432	173.0
5.040236535473848	173.0
5.050237004790264	173.0
5.060237474106681	173.0
5.070237943423097	173.0
5.080238412739513	173.0
5.09023888205593	171.0
5.1002393513723465	171.0
5.110239820688762	169.0
5.120240290005179	169.0
5.1302407593215955	167.0
5.140241228638011	167.0
5.150241697954428	165.0
5.1602421672708445	165.0
5.170242636587261	165.0
5.180243105903677	165.0
5.1902435752200935	165.0
5.20024404453651	165.0
5.210244513852926	165.0
5.2202449831693425	165.0
5.230245452485759	165.0
5.240245921802175	165.0
5.2502463911185915	167.0
5.260246860435008	169.0
5.270247329751425	169.0
5.2802477990678405	171.0
5.290248268384257	173.0
5.300248737700674	175.0
5.3102492070170895	175.0
5.320249676333506	177.0
5.330250145649923	177.0
5.340250614966339	177.0
5.350251084282755	177.0
5.360251553599172	177.0
5.370252022915588	177.0
5.380252492232004	175.0
5.390252961548421	173.0
5.400253430864837	173.0
5.410253900181253	171.0
5.42025436949767	169.0
5.430254838814086	167.0
5.440255308130503	165.0
5.450255777446919	165.0
5.460256246763335	163.0
5.470256716079752	161.0
5.480257185396168	161.0
5.490257654712584	163.0
5.500258124029001	163.0
5.510258593345417	165.0
5.520259062661833	165.0
5.53025953197825	167.0
5.540260001294667	169.0
5.550260470611082	171.0
5.560260939927499	173.0
5.5702614092439156	175.0
5.580261878560331	177.0
5.590262347876748	177.0
5.6002628171931645	177.0
5.610263286509581	177.0
5.620263755825997	177.0
5.6302642251424135	175.0
5.64026469445883	175.0
5.650265163775246	175.0
5.6602656330916625	173.0
5.670266102408079	173.0
5.680266571724495	173.0
5.6902670410409115	171.0
5.700267510357328	171.0
5.710267979673745	169.0
5.7202684489901605	167.0
5.730268918306577	167.0
5.740269387622994	167.0
5.7502698569394095	167.0
5.760270326255826	167.0
5.770270795572243	167.0
5.780271264888659	167.0
5.790271734205075	169.0
5.800272203521492	169.0
5.810272672837908	171.0
5.820273142154324	171.0
5.830273611470741	173.0
5.840274080787157	175.0
5.850274550103573	175.0
5.86027501941999	177.0
5.870275488736406	179.0
5.880275958052823	181.0
5.890276427369239	181.0
5.900276896685655	181.0
5.910277366002072	181.0
5.920277835318488	179.0
5.930278304634904	179.0
5.940278773951321	177.0
5.950279243267738	173.0
5.960279712584153	171.0
5.97028018190057	167.0
5.980280651216987	165.0
5.990281120533402	159.0
6.000281589849819	156.0
6.010282059166236	149.0
6.020282528482651	142.0
6.030282997799068	131.0
6.040283467115485	128.0
6.050283936431901	0.0
6.060284405748317	0.0
6.070284875064734	0.0
6.08028534438115	0.0
6.090285813697566	0.0
6.100286283013983	0.0
6.110286752330399	0.0
6.120287221646816	0.0
6.130287690963232	0.0
6.140288160279648	0.0
6.150288629596065	0.0
6.1602890989124806	0.0
6.170289568228897	0.0
6.180290037545314	0.0
6.1902905068617295	0.0
6.200290976178146	0.0
6.210291445494563	0.0
6.220291914810979	0.0
6.230292384127395	0.0
6.240292853443812	0.0
6.250293322760228	0.0
6.260293792076644	0.0
6.270294261393061	0.0
6.280294730709477	0.0
6.290295200025893	0.0
6.30029566934231	0.0
6.310296138658726	0.0
6.320296607975143	0.0
6.330297077291559	0.0
6.340297546607975	0.0
6.350298015924392	0.0
6.360298485240808	0.0
6.370298954557224	0.0
6.380299423873641	0.0
6.390299893190058	0.0
6.400300362506473	0.0
6.41030083182289	0.0
6.420301301139307	0.0
6.430301770455722	0.0
6.440302239772139	0.0
6.450302709088556	0.0
6.460303178404971	0.0
6.470303647721388	0.0
6.480304117037805	0.0
6.490304586354221	0.0
6.500305055670637	0.0
6.510305524987054	0.0
6.52030599430347	0.0
6.530306463619886	0.0
6.540306932936303	0.0
6.550307402252719	0.0
6.560307871569136	0.0
6.570308340885552	0.0
6.580308810201968	0.0
6.590309279518385	0.0
6.600309748834801	0.0
6.610310218151217	0.0
6.620310687467634	0.0
6.63031115678405	0.0
6.640311626100466	0.0
6.650312095416883	0.0
6.6603125647332995	0.0
6.670313034049715	0.0
6.680313503366132	0.0
6.6903139726825485	0.0
6.700314441998964	0.0
6.710314911315381	0.0
6.7203153806317975	0.0
6.730315849948214	0.0
6.74031631926463	0.0
6.7503167885810464	0.0
6.760317257897463	0.0
6.770317727213879	0.0
6.780318196530295	0.0
6.790318665846712	0.0
6.800319135163128	0.0
6.810319604479544	0.0
6.820320073795961	0.0
6.830320543112378	0.0
6.840321012428793	0.0
6.85032148174521	0.0
6.860321951061627	0.0
6.870322420378042	0.0
6.880322889694459	0.0
6.890323359010876	0.0
6.900323828327292	0.0
6.910324297643708	0.0
6.920324766960125	0.0
6.930325236276541	0.0
6.940325705592957	0.0
6.950326174909374	0.0
6.96032664422579	0.0
6.970327113542206	0.0
6.980327582858623	0.0
6.990328052175039	0.0
7.000328521491456	0.0
7.010328990807872	0.0
7.020329460124288	0.0
7.030329929440705	0.0
7.040330398757121	0.0
7.050330868073537	0.0
7.060331337389954	0.0
7.07033180670637	0.0
7.080332276022786	0.0
7.090332745339203	0.0
7.1003332146556195	0.0
7.110333683972035	0.0
7.120334153288452	0.0
7.1303346226048685	0.0
7.140335091921284	0.0
7.150335561237701	0.0
7.1603360305541175	0.0
7.170336499870534	0.0
7.18033696918695	0.0
7.1903374385033665	0.0
7.200337907819783	0.0
7.210338377136199	0.0
7.2203388464526155	0.0
7.230339315769032	0.0
7.240339785085448	0.0
7.2503402544018645	0.0
7.260340723718281	0.0
7.270341193034698	0.0
7.2803416623511135	0.0
7.29034213166753	0.0
7.300342600983947	0.0
7.3103430703003625	0.0
7.320343539616779	0.0
7.330344008933196	0.0
7.340344478249612	0.0
7.350344947566028	0.0
7.360345416882445	0.0
7.370345886198861	0.0
7.380346355515277	0.0
7.390346824831694	0.0
7.40034729414811	0.0
7.410347763464526	0.0
7.420348232780943	0.0
7.430348702097359	0.0
7.440349171413776	0.0
7.450349640730192	0.0
7.460350110046608	0.0
7.470350579363025	0.0
7.480351048679441	0.0
7.490351517995857	0.0
7.500351987312274	0.0
7.5103524566286906	0.0
7.520352925945106	0.0
7.530353395261523	0.0
7.5403538645779395	0.0
7.550354333894355	0.0
7.560354803210772	0.0
7.5703552725271885	0.0
7.580355741843604	0.0
7.590356211160021	0.0
7.6003566804764375	0.0
7.610357149792854	0.0
7.62035761910927	0.0
7.6303580884256865	0.0
7.640358557742103	0.0
7.650359027058519	0.0
7.6603594963749355	0.0
7.670359965691352	0.0
7.680360435007769	0.0
7.6903609043241845	0.0
7.700361373640601	0.0
7.710361842957018	0.0
7.7203623122734335	0.0
7.73036278158985	0.0
7.740363250906267	0.0
7.7503637202226825	0.0
7.760364189539099	0.0
7.770364658855516	0.0
7.780365128171932	0.0
7.790365597488348	0.0
7.800366066804765	0.0
7.810366536121181	0.0
7.820367005437597	0.0
7.830367474754014	0.0
7.84036794407043	0.0
7.850368413386846	0.0
7.860368882703263	0.0
7.870369352019679	0.0
7.880369821336096	0.0
7.890370290652512	0.0
7.900370759968928	0.0
7.910371229285345	0.0
7.920371698601761	0.0
7.930372167918177	0.0
7.940372637234594	0.0
7.950373106551011	0.0
7.960373575867426	0.0
7.970374045183843	0.0
7.98037451450026	0.0
7.990374983816675	0.0
8.000375453133092	0.0
8.010375922449509	0.0
8.020376391765925	0.0
8.030376861082342	0.0
8.040377330398757	0.0
8.050377799715173	0.0
8.06037826903159	0.0
8.070378738348007	0.0
8.080379207664423	0.0
8.09037967698084	0.0
8.100380146297256	0.0
8.110380615613671	0.0
8.120381084930088	0.0
8.130381554246505	0.0
8.140382023562921	0.0
8.150382492879338	0.0
8.160382962195754	0.0
8.170383431512171	0.0
8.180383900828586	0.0
8.190384370145003	0.0
8.20038483946142	0.0
8.210385308777836	0.0
8.220385778094252	0.0
8.230386247410669	0.0
8.240386716727084	0.0
8.2503871860435	0.0
8.260387655359917	0.0
8.270388124676334	0.0
8.28038859399275	0.0
8.290389063309167	0.0
8.300389532625584	0.0
8.310390001941999	0.0
8.320390471258415	0.0
8.330390940574832	0.0
8.340391409891248	0.0
8.350391879207665	0.0
8.360392348524082	0.0
8.370392817840498	0.0
8.380393287156913	0.0
8.39039375647333	0.0
8.400394225789746	0.0
8.410394695106163	0.0
8.42039516442258	0.0
8.430395633738996	0.0
8.440396103055413	0.0
8.450396572371828	0.0
8.460397041688244	0.0
8.470397511004661	0.0
8.480397980321078	0.0
8.490398449637494	0.0
8.50039891895391	0.0
8.510399388270327	0.0
8.520399857586742	0.0
8.530400326903159	0.0
8.540400796219576	0.0
8.550401265535992	0.0
8.560401734852409	0.0
8.570402204168825	0.0
8.58040267348524	0.0
8.590403142801657	0.0
8.600403612118074	0.0
8.61040408143449	0.0
8.620404550750907	0.0
8.630405020067323	0.0
8.64040548938374	0.0
8.650405958700155	0.0
8.660406428016572	0.0
8.670406897332988	0.0
8.680407366649405	0.0
8.690407835965821	0.0
8.700408305282238	0.0
8.710408774598655	0.0
8.72040924391507	0.0
8.730409713231486	0.0
8.740410182547903	0.0
8.75041065186432	0.0
8.760411121180736	0.0
8.770411590497153	0.0
8.78041205981357	0.0
8.790412529129984	0.0
8.8004129984464	0.0
8.810413467762817	0.0
8.820413937079234	0.0
8.83041440639565	0.0
8.840414875712067	0.0
8.850415345028482	0.0
8.860415814344899	0.0
8.870416283661315	0.0
8.880416752977732	0.0
8.890417222294149	0.0
8.900417691610565	0.0
8.910418160926982	0.0
8.920418630243397	0.0
8.930419099559813	0.0
8.94041956887623	0.0
8.950420038192647	0.0
8.960420507509063	0.0
8.97042097682548	0.0
8.980421446141897	0.0
8.990421915458311	0.0
9.000422384774728	0.0
9.010422854091145	0.0
9.020423323407561	0.0
9.030423792723978	0.0
9.040424262040395	0.0
9.050424731356811	0.0
9.060425200673226	0.0
9.070425669989643	0.0
9.08042613930606	0.0
9.090426608622476	0.0
9.100427077938892	0.0
9.11042754725531	0.0
9.120428016571726	0.0
9.13042848588814	0.0
9.140428955204557	0.0
9.150429424520974	173.0
9.16042989383739	171.0
9.170430363153807	173.0
9.180430832470224	173.0
9.190431301786639	171.0
9.200431771103055	169.0
9.210432240419472	167.0
9.220432709735888	165.0
9.230433179052305	163.0
9.240433648368722	163.0
9.250434117685138	161.0
9.260434587001553	161.0
9.27043505631797	163.0
9.280435525634386	163.0
9.290435994950803	163.0
9.30043646426722	161.0
9.310436933583636	159.0
9.320437402900053	156.0
9.330437872216468	150.0
9.340438341532884	149.0
9.350438810849301	147.0
9.360439280165718	147.0
9.370439749482134	149.0
9.380440218798551	158.0
9.390440688114968	163.0
9.400441157431382	169.0
9.410441626747799	175.0
9.420442096064216	179.0
9.430442565380632	181.0
9.440443034697049	181.0
9.450443504013466	179.0
9.460443973329882	177.0
9.470444442646297	173.0
9.480444911962714	171.0
9.49044538127913	167.0
9.500445850595547	165.0
9.510446319911964	163.0
9.52044678922838	163.0
9.530447258544795	161.0
9.540447727861212	161.0
9.550448197177628	161.0
9.560448666494045	161.0
9.570449135810462	161.0
9.580449605126878	163.0
9.590450074443295	163.0
9.60045054375971	163.0
9.610451013076126	163.0
9.620451482392543	163.0
9.63045195170896	163.0
9.640452421025376	163.0
9.650452890341793	163.0
9.66045335965821	163.0
9.670453828974624	163.0
9.68045429829104	165.0
9.690454767607457	169.0
9.700455236923874	171.0
9.71045570624029	173.0
9.720456175556707	177.0
9.730456644873124	177.0
9.740457114189539	179.0
9.750457583505955	179.0
9.760458052822372	179.0
9.770458522138789	179.0
9.780458991455205	179.0
9.790459460771622	179.0
9.800459930088037	177.0
9.810460399404453	175.0
9.82046086872087	173.0
9.830461338037287	171.0
9.840461807353703	169.0
9.85046227667012	169.0
9.860462745986537	167.0
9.870463215302951	167.0
9.880463684619368	167.0
9.890464153935785	167.0
9.900464623252201	167.0
9.910465092568618	167.0
9.920465561885035	167.0
9.930466031201451	167.0
9.940466500517866	169.0
9.950466969834283	171.0
9.9604674391507	173.0
9.970467908467116	175.0
9.980468377783533	177.0
9.99046884709995	179.0
10.000469316416366	181.0
10.01046978573278	183.0
10.020470255049197	185.0
10.030470724365614	185.0
10.04047119368203	185.0
10.050471662998447	183.0
10.060472132314864	181.0
10.07047260163128	179.0
10.080473070947695	177.0
10.090473540264112	173.0
10.100474009580529	171.0
10.110474478896945	169.0
10.120474948213362	165.0
10.130475417529778	161.0
10.140475886846193	159.0
10.15047635616261	159.0
10.160476825479027	158.0
10.170477294795443	158.0
10.18047776411186	159.0
10.190478233428276	159.0
10.200478702744693	161.0
10.210479172061108	165.0
10.220479641377525	167.0
10.230480110693941	169.0
10.240480580010358	173.0
10.250481049326774	175.0
10.260481518643191	179.0
10.270481987959608	181.0
10.280482457276023	183.0
10.29048292659244	185.0
10.300483395908856	187.0
10.310483865225272	187.0
10.320484334541689	190.0
10.330484803858106	190.0
10.340485273174522	190.0
10.350485742490937	190.0
10.360486211807354	190.0
10.37048668112377	187.0
10.380487150440187	187.0
10.390487619756604	185.0
10.40048808907302	183.0
10.410488558389435	181.0
10.420489027705852	179.0
10.430489497022268	179.0
10.440489966338685	179.0
10.450490435655102	179.0
10.460490904971518	179.0
10.470491374287935	179.0
10.48049184360435	177.0
10.490492312920766	175.0
10.500492782237183	173.0
10.5104932515536	171.0
10.520493720870016	167.0
10.530494190186433	165.0
10.54049465950285	161.0
10.550495128819264	159.0
10.560495598135681	159.0
10.570496067452098	159.0
10.580496536768514	159.0
10.59049700608493	159.0
10.600497475401347	161.0
10.610497944717764	165.0
10.620498414034179	171.0
10.630498883350596	173.0
10.640499352667012	177.0
10.650499821983429	181.0
10.660500291299845	185.0
10.670500760616262	187.0
10.680501229932679	190.0
10.690501699249094	192.0
10.70050216856551	192.0
10.710502637881927	192.0
10.720503107198343	192.0
10.73050357651476	190.0
10.740504045831177	187.0
10.750504515147592	185.0
10.760504984464008	181.0
10.770505453780425	179.0
10.780505923096841	179.0
10.790506392413258	177.0
10.800506861729675	177.0
10.810507331046091	177.0
10.820507800362506	177.0
10.830508269678923	179.0
10.84050873899534	181.0
10.850509208311756	185.0
10.860509677628173	187.0
10.87051014694459	190.0
10.880510616261006	194.0
10.89051108557742	196.0
10.900511554893837	196.0
10.910512024210254	199.0
10.92051249352667	196.0
10.930512962843087	196.0
10.940513432159504	194.0
10.95051390147592	192.0
10.960514370792335	190.0
10.970514840108752	187.0
10.980515309425169	185.0
10.990515778741585	183.0
11.000516248058002	183.0
11.010516717374419	181.0
11.020517186690833	179.0
11.03051765600725	177.0
11.040518125323667	177.0
11.050518594640083	179.0
11.0605190639565	181.0
11.070519533272916	185.0
11.080520002589333	190.0
11.090520471905748	192.0
11.100520941222165	194.0
11.110521410538581	194.0
11.120521879854998	196.0
11.130522349171414	196.0
11.140522818487831	196.0
11.150523287804248	196.0
11.160523757120663	194.0
11.17052422643708	192.0
11.180524695753496	190.0
11.190525165069912	185.0
11.200525634386329	181.0
11.210526103702746	179.0
11.220526573019162	177.0
11.230527042335577	175.0
11.240527511651994	175.0
11.25052798096841	175.0
11.260528450284827	177.0
11.270528919601244	179.0
11.28052938891766	183.0
11.290529858234077	190.0
11.300530327550492	194.0
11.310530796866908	199.0
11.320531266183325	206.0
11.330531735499742	210.0
11.340532204816158	213.0
11.350532674132575	215.0
11.36053314344899	215.0
11.370533612765406	218.0
11.380534082081823	218.0
11.39053455139824	218.0
11.400535020714656	218.0
11.410535490031073	218.0
11.42053595934749	218.0
11.430536428663904	218.0
11.440536897980321	218.0
11.450537367296738	218.0
11.460537836613154	218.0
11.470538305929571	218.0
11.480538775245988	220.0
11.490539244562404	220.0
11.500539713878819	220.0
11.510540183195236	220.0
11.520540652511652	218.0
11.530541121828069	0.0
11.540541591144486	0.0
11.550542060460902	218.0
11.560542529777319	220.0
11.570542999093734	220.0
11.58054346841015	220.0
11.590543937726567	220.0
11.600544407042984	220.0
11.6105448763594	223.0
11.620545345675817	223.0
11.630545814992233	223.0
11.640546284308648	220.0
11.650546753625065	220.0
11.660547222941481	220.0
11.670547692257898	220.0
11.680548161574315	220.0
11.690548630890731	223.0
11.700549100207146	223.0
11.710549569523563	223.0
11.72055003883998	223.0
11.730550508156396	223.0
11.740550977472813	223.0
11.75055144678923	220.0
11.760551916105646	220.0
11.77055238542206	220.0
11.780552854738477	220.0
11.790553324054894	223.0
11.80055379337131	223.0
11.810554262687727	223.0
11.820554732004144	223.0
11.83055520132056	220.0
11.840555670636975	220.0
11.850556139953392	220.0
11.860556609269809	220.0
11.870557078586225	223.0
11.880557547902642	223.0
11.890558017219059	223.0
11.900558486535475	223.0
11.91055895585189	223.0
11.920559425168307	223.0
11.930559894484723	223.0
11.94056036380114	223.0
11.950560833117557	223.0
11.960561302433973	223.0
11.970561771750388	223.0
11.980562241066805	223.0
11.990562710383221	220.0
12.000563179699638	220.0
12.010563649016055	220.0
12.020564118332471	220.0
12.030564587648888	220.0
12.040565056965303	223.0
12.05056552628172	223.0
12.060565995598136	223.0
12.070566464914553	223.0
12.08056693423097	220.0
12.090567403547386	220.0
12.100567872863802	220.0
12.110568342180217	220.0
12.120568811496634	220.0
12.13056928081305	220.0
12.140569750129467	220.0
12.150570219445884	220.0
12.1605706887623	223.0
12.170571158078717	223.0
12.180571627395132	223.0
12.190572096711549	220.0
12.200572566027965	220.0
12.210573035344382	220.0
12.220573504660798	220.0
12.230573973977215	220.0
12.240574443293632	220.0
12.250574912610046	220.0
12.260575381926463	220.0
12.27057585124288	220.0
12.280576320559296	220.0
12.290576789875713	220.0
12.30057725919213	220.0
12.310577728508544	220.0
12.320578197824961	220.0
12.330578667141378	220.0
12.340579136457794	220.0
12.350579605774211	220.0
12.360580075090628	220.0
12.370580544407044	220.0
12.380581013723459	220.0
12.390581483039876	220.0
12.400581952356292	223.0
12.410582421672709	0.0
12.420582890989126	0.0
12.430583360305542	0.0
12.440583829621959	0.0
12.450584298938374	0.0
12.46058476825479	0.0
12.470585237571207	0.0
12.480585706887624	0.0
12.49058617620404	0.0
12.500586645520457	0.0
12.510587114836873	0.0
12.520587584153288	0.0
12.530588053469705	0.0
12.540588522786122	0.0
12.550588992102538	0.0
12.560589461418955	0.0
12.570589930735371	0.0
12.580590400051786	0.0
12.590590869368203	0.0
12.60059133868462	0.0
12.610591808001036	0.0
12.620592277317453	0.0
12.63059274663387	0.0
12.640593215950286	0.0
12.650593685266701	0.0
12.660594154583118	0.0
12.670594623899534	0.0
12.68059509321595	0.0
12.690595562532367	0.0
12.700596031848784	0.0
12.7105965011652	0.0
12.720596970481616	0.0
12.730597439798032	0.0
12.740597909114449	0.0
12.750598378430865	0.0
12.760598847747282	0.0
12.770599317063699	0.0
12.780599786380115	0.0
12.79060025569653	0.0
12.800600725012947	0.0
12.810601194329363	0.0
12.82060166364578	0.0
12.830602132962197	0.0
12.840602602278613	0.0
12.85060307159503	0.0
12.860603540911445	0.0
12.870604010227861	0.0
12.880604479544278	0.0
12.890604948860695	0.0
12.900605418177111	0.0
12.910605887493528	0.0
12.920606356809943	0.0
12.93060682612636	0.0
12.940607295442776	0.0
12.950607764759193	0.0
12.96060823407561	0.0
12.970608703392026	0.0
12.980609172708443	0.0
12.990609642024857	0.0
13.000610111341274	0.0
13.01061058065769	0.0
13.020611049974107	0.0
13.030611519290524	0.0
13.04061198860694	0.0
13.050612457923357	0.0
13.060612927239772	0.0
13.070613396556189	0.0
13.080613865872605	0.0
13.090614335189022	0.0
13.100614804505438	0.0
13.110615273821855	0.0
13.120615743138272	0.0
13.130616212454687	0.0
13.140616681771103	0.0
13.15061715108752	0.0
13.160617620403936	0.0
13.170618089720353	0.0
13.18061855903677	0.0
13.190619028353185	0.0
13.200619497669601	0.0
13.210619966986018	0.0
13.220620436302434	0.0
13.230620905618851	0.0
13.240621374935268	0.0
13.250621844251684	0.0
13.2606223135681	0.0
13.270622782884516	0.0
13.280623252200932	0.0
13.290623721517349	0.0
13.300624190833766	0.0
13.310624660150182	0.0
13.320625129466599	0.0
13.330625598783014	0.0
13.34062606809943	0.0
13.350626537415847	0.0
13.360627006732264	0.0
13.37062747604868	0.0
13.380627945365097	0.0
13.390628414681514	0.0
13.400628883997928	0.0
13.410629353314345	0.0
13.420629822630762	0.0
13.430630291947178	0.0
13.440630761263595	0.0
13.450631230580012	0.0
13.460631699896428	0.0
13.470632169212843	0.0
13.48063263852926	0.0
13.490633107845676	0.0
13.500633577162093	0.0
13.51063404647851	0.0
13.520634515794926	0.0
13.530634985111341	0.0
13.540635454427758	0.0
13.550635923744174	0.0
13.56063639306059	0.0
13.570636862377008	0.0
13.580637331693424	0.0
13.59063780100984	0.0
13.600638270326256	0.0
13.610638739642672	0.0
13.620639208959089	0.0
13.630639678275505	0.0
13.640640147591922	0.0
13.650640616908339	0.0
13.660641086224755	0.0
13.67064155554117	0.0
13.680642024857587	0.0
13.690642494174003	0.0
13.70064296349042	0.0
13.710643432806837	0.0
13.720643902123253	0.0
13.73064437143967	0.0
13.740644840756085	0.0
13.750645310072501	0.0
13.760645779388918	0.0
13.770646248705335	0.0
13.780646718021751	0.0
13.790647187338168	0.0
13.800647656654585	0.0
13.810648125971	0.0
13.820648595287416	0.0
13.830649064603833	0.0
13.84064953392025	0.0
13.850650003236666	0.0
13.860650472553083	0.0
13.870650941869497	0.0
13.880651411185914	0.0
13.89065188050233	0.0
13.900652349818747	0.0
13.910652819135164	0.0
13.92065328845158	0.0
13.930653757767997	0.0
13.940654227084412	0.0
13.950654696400829	0.0
13.960655165717245	0.0
13.970655635033662	0.0
13.980656104350079	0.0
13.990656573666495	0.0
14.000657042982912	0.0
14.010657512299327	0.0
14.020657981615743	0.0
14.03065845093216	0.0
14.040658920248577	0.0
14.050659389564993	0.0
14.06065985888141	0.0
14.070660328197826	0.0
14.080660797514241	0.0
14.090661266830658	0.0
14.100661736147075	0.0
14.110662205463491	0.0
14.120662674779908	0.0
14.130663144096324	0.0
14.14066361341274	0.0
14.150664082729156	0.0
14.160664552045573	0.0
14.17066502136199	0.0
14.180665490678406	0.0
14.190665959994822	0.0
14.200666429311239	0.0
14.210666898627654	0.0
14.22066736794407	0.0
14.230667837260487	0.0
14.240668306576904	0.0
14.25066877589332	0.0
14.260669245209737	0.0
14.270669714526154	0.0
14.280670183842568	0.0
14.290670653158985	0.0
14.300671122475402	0.0
14.310671591791818	0.0
14.320672061108235	0.0
14.330672530424652	0.0
14.340672999741068	0.0
14.350673469057483	0.0
14.3606739383739	0.0
14.370674407690316	0.0
14.380674877006733	0.0
14.39067534632315	0.0
14.400675815639566	0.0
14.410676284955983	0.0
14.420676754272398	0.0
14.430677223588814	0.0
14.440677692905231	0.0
14.450678162221648	0.0
14.460678631538064	0.0
14.47067910085448	0.0
14.480679570170896	0.0
14.490680039487312	0.0
14.500680508803729	0.0
14.510680978120146	0.0
14.520681447436562	0.0
14.530681916752979	0.0
14.540682386069395	0.0
14.55068285538581	0.0
14.560683324702227	0.0
14.570683794018644	0.0
14.58068426333506	0.0
14.590684732651477	0.0
14.600685201967893	0.0
14.61068567128431	0.0
14.620686140600725	0.0
14.630686609917142	0.0
14.640687079233558	0.0
14.650687548549975	0.0
14.660688017866391	0.0
14.670688487182808	0.0
14.680688956499225	0.0
14.69068942581564	0.0
14.700689895132056	0.0
14.710690364448473	0.0
14.72069083376489	0.0
14.730691303081306	0.0
14.740691772397723	0.0
14.750692241714138	0.0
14.760692711030554	0.0
14.77069318034697	0.0
14.780693649663387	0.0
14.790694118979804	0.0
14.80069458829622	0.0
14.810695057612637	0.0
14.820695526929052	0.0
14.830695996245469	0.0
14.840696465561885	0.0
14.850696934878302	0.0
14.860697404194719	0.0
14.870697873511135	0.0
14.880698342827552	0.0
14.890698812143967	0.0
14.900699281460383	0.0
14.9106997507768	206.0
14.920700220093217	201.0
14.930700689409633	196.0
14.94070115872605	192.0
14.950701628042466	187.0
14.960702097358881	183.0
14.970702566675298	181.0
14.980703035991715	179.0
14.990703505308131	179.0
15.000703974624548	179.0
15.010704443940964	183.0
15.020704913257381	187.0
15.030705382573796	194.0
15.040705851890213	199.0
15.05070632120663	206.0
15.060706790523046	210.0
15.070707259839462	215.0
15.080707729155879	218.0
15.090708198472294	220.0
15.10070866778871	220.0
15.110709137105127	223.0
15.120709606421544	220.0
15.13071007573796	220.0
15.140710545054377	220.0
15.150711014370794	218.0
15.160711483687209	218.0
15.170711953003625	218.0
15.180712422320042	215.0
15.190712891636458	215.0
15.200713360952875	213.0
15.210713830269292	210.0
15.220714299585708	208.0
15.230714768902123	206.0
15.24071523821854	201.0
15.250715707534956	196.0
15.260716176851373	194.0
15.27071664616779	192.0
15.280717115484206	190.0
15.290717584800623	185.0
15.300718054117038	183.0
15.310718523433454	181.0
15.320718992749871	179.0
15.330719462066288	179.0
15.340719931382704	177.0
15.350720400699121	177.0
15.360720870015538	177.0
15.370721339331952	175.0
15.380721808648369	175.0
15.390722277964786	173.0
15.400722747281202	171.0
15.410723216597619	171.0
15.420723685914036	169.0
15.43072415523045	167.0
15.440724624546867	167.0
15.450725093863284	165.0
15.4607255631797	165.0
15.470726032496117	165.0
15.480726501812534	165.0
15.49072697112895	165.0
15.500727440445365	165.0
15.510727909761782	165.0
15.520728379078198	165.0
15.530728848394615	167.0
15.540729317711031	167.0
15.550729787027448	169.0
15.560730256343865	169.0
15.57073072566028	171.0
15.580731194976696	171.0
15.590731664293113	173.0
15.60073213360953	175.0
15.610732602925946	177.0
15.620733072242363	181.0
15.63073354155878	185.0
15.640734010875194	187.0
15.65073448019161	192.0
15.660734949508027	194.0
15.670735418824444	192.0
15.68073588814086	187.0
15.690736357457277	183.0
15.700736826773692	179.0
15.710737296090109	177.0
15.720737765406525	173.0
15.730738234722942	171.0
15.740738704039359	169.0
15.750739173355775	167.0
15.760739642672192	165.0
15.770740111988607	165.0
15.780740581305023	165.0
15.79074105062144	165.0
15.800741519937857	167.0
15.810741989254273	167.0
15.82074245857069	169.0
15.830742927887107	169.0
15.840743397203521	171.0
15.850743866519938	173.0
15.860744335836355	173.0
15.870744805152771	173.0
15.880745274469188	175.0
15.890745743785605	173.0
15.900746213102021	173.0
15.910746682418436	173.0
15.920747151734853	171.0
15.93074762105127	167.0
15.940748090367686	165.0
15.950748559684103	163.0
15.96074902900052	163.0
15.970749498316936	165.0
15.98074996763335	167.0
15.990750436949767	171.0
16.000750906266184	175.0
16.0107513755826	177.0
16.020751844899017	179.0
16.030752314215434	179.0
16.04075278353185	177.0
16.050753252848267	171.0
16.060753722164684	163.0
16.0707541914811	154.0
16.080754660797513	149.0
16.09075513011393	144.0
16.100755599430347	142.0
16.110756068746763	142.0
16.12075653806318	144.0
16.130757007379597	147.0
16.140757476696013	152.0
16.15075794601243	158.0
16.160758415328846	163.0
16.170758884645263	171.0
16.18075935396168	179.0
16.190759823278096	190.0
16.200760292594513	201.0
16.210760761910926	215.0
16.220761231227343	228.0
16.23076170054376	242.0
16.240762169860176	250.0
16.250762639176592	256.0
16.26076310849301	259.0
16.270763577809426	262.0
16.280764047125842	265.0
16.29076451644226	262.0
16.300764985758676	259.0
16.310765455075092	253.0
16.32076592439151	248.0
16.330766393707925	245.0
16.340766863024342	242.0
16.350767332340755	239.0
16.360767801657172	239.0
16.37076827097359	242.0
16.380768740290005	245.0
16.39076920960642	250.0
16.40076967892284	253.0
16.410770148239255	259.0
16.42077061755567	265.0
16.430771086872088	272.0
16.440771556188505	278.0
16.45077202550492	281.0
16.460772494821338	281.0
16.470772964137755	278.0
16.480773433454168	272.0
16.490773902770584	265.0
16.500774372087	259.0
16.510774841403418	256.0
16.520775310719834	250.0
16.53077578003625	248.0
16.540776249352668	245.0
16.550776718669084	245.0
16.5607771879855	245.0
16.570777657301917	248.0
16.580778126618334	250.0
16.59077859593475	250.0
16.600779065251167	256.0
16.610779534567584	259.0
16.620780003883997	262.0
16.630780473200414	265.0
16.64078094251683	265.0
16.650781411833247	265.0
16.660781881149664	265.0
16.67078235046608	265.0
16.680782819782497	262.0
16.690783289098913	256.0
16.70078375841533	248.0
16.710784227731747	242.0
16.720784697048163	231.0
16.73078516636458	226.0
16.740785635680997	223.0
16.750786104997413	220.0
16.760786574313826	218.0
16.770787043630243	220.0
16.78078751294666	223.0
16.790787982263076	228.0
16.800788451579493	234.0
16.81078892089591	239.0
16.820789390212326	245.0
16.830789859528743	250.0
16.84079032884516	256.0
16.850790798161576	259.0
16.860791267477993	259.0
16.87079173679441	259.0
16.880792206110826	256.0
16.89079267542724	253.0
16.900793144743655	248.0
16.910793614060072	245.0
16.92079408337649	242.0
16.930794552692905	245.0
16.940795022009322	250.0
16.95079549132574	259.0
16.960795960642155	272.0
16.970796429958572	288.0
16.98079689927499	312.0
16.990797368591405	327.0
17.00079783790782	334.0
17.01079830722424	334.0
17.020798776540655	327.0
17.030799245857068	281.0
17.040799715173485	262.0
17.0508001844899	248.0
17.060800653806318	226.0
17.070801123122735	220.0
17.08080159243915	218.0
17.090802061755568	220.0
17.100802531071984	234.0
17.1108030003884	245.0
17.120803469704818	253.0
17.130803939021234	262.0
17.14080440833765	272.0
17.150804877654068	278.0
17.16080534697048	281.0
17.170805816286897	284.0
17.180806285603314	284.0
17.19080675491973	281.0
17.200807224236147	275.0
17.210807693552564	268.0
17.22080816286898	262.0
17.230808632185397	256.0
17.240809101501814	253.0
17.25080957081823	250.0
17.260810040134647	250.0
17.270810509451064	250.0
17.28081097876748	253.0
17.290811448083897	253.0
17.30081191740031	256.0
17.310812386716727	259.0
17.320812856033143	262.0
17.33081332534956	262.0
17.340813794665976	265.0
17.350814263982393	262.0
17.36081473329881	259.0
17.370815202615226	256.0
17.380815671931643	250.0
17.39081614124806	242.0
17.400816610564476	236.0
17.410817079880893	231.0
17.42081754919731	228.0
17.430818018513722	228.0
17.44081848783014	226.0
17.450818957146556	226.0
17.460819426462972	226.0
17.47081989577939	226.0
17.480820365095806	223.0
17.490820834412222	223.0
17.50082130372864	223.0
17.510821773045055	223.0
17.520822242361472	223.0
17.53082271167789	223.0
17.540823180994305	223.0
17.550823650310722	223.0
17.56082411962714	223.0
17.57082458894355	223.0
17.58082505825997	223.0
17.590825527576385	226.0
17.6008259968928	226.0
17.610826466209218	226.0
17.620826935525635	226.0
17.63082740484205	226.0
17.640827874158468	226.0
17.650828343474885	226.0
17.6608288127913	226.0
17.670829282107718	223.0
17.680829751424135	223.0
17.69083022074055	223.0
17.700830690056964	220.0
17.71083115937338	220.0
17.720831628689798	220.0
17.730832098006214	220.0
17.74083256732263	220.0
17.750833036639047	220.0
17.760833505955464	220.0
17.77083397527188	218.0
17.780834444588297	210.0
17.790834913904714	201.0
17.80083538322113	192.0
17.810835852537547	183.0
17.820836321853964	177.0
17.83083679117038	0.0
17.840837260486794	0.0
17.85083772980321	0.0
17.860838199119627	0.0
17.870838668436043	0.0
17.88083913775246	0.0
17.890839607068877	0.0
17.900840076385293	0.0
17.91084054570171	0.0
17.920841015018127	0.0
17.930841484334543	0.0
17.94084195365096	0.0
17.950842422967376	0.0
17.960842892283793	0.0
17.97084336160021	0.0
17.980843830916623	0.0
17.99084430023304	0.0
18.000844769549456	0.0
18.010845238865873	0.0
18.02084570818229	0.0
18.030846177498706	0.0
18.040846646815123	0.0
18.05084711613154	0.0
18.060847585447956	0.0
18.070848054764372	0.0
18.08084852408079	0.0
18.090848993397206	0.0
18.100849462713622	0.0
18.110849932030035	0.0
18.120850401346452	0.0
18.13085087066287	0.0
18.140851339979285	0.0
18.150851809295702	0.0
18.16085227861212	0.0
18.170852747928535	0.0
18.18085321724495	0.0
18.19085368656137	0.0
18.200854155877785	0.0
18.2108546251942	0.0
18.22085509451062	0.0
18.230855563827035	0.0
18.24085603314345	0.0
18.250856502459865	0.0
18.26085697177628	0.0
18.270857441092698	0.0
18.280857910409114	0.0
18.29085837972553	0.0
18.300858849041948	0.0
18.310859318358364	0.0
18.32085978767478	0.0
18.330860256991198	0.0
18.340860726307614	0.0
18.35086119562403	0.0
18.360861664940447	0.0
18.370862134256864	0.0
18.380862603573277	0.0
18.390863072889694	0.0
18.40086354220611	0.0
18.410864011522527	0.0
18.420864480838944	0.0
18.43086495015536	0.0
18.440865419471777	0.0
18.450865888788194	0.0
18.46086635810461	0.0
18.470866827421027	0.0
18.480867296737443	0.0
18.49086776605386	0.0
18.500868235370277	0.0
18.510868704686693	0.0
18.520869174003106	0.0
18.530869643319523	0.0
18.54087011263594	0.0
18.550870581952356	0.0
18.560871051268773	0.0
18.57087152058519	0.0
18.580871989901606	0.0
18.590872459218023	0.0
18.60087292853444	0.0
18.610873397850856	0.0
18.620873867167273	0.0
18.63087433648369	0.0
18.640874805800106	0.0
18.65087527511652	0.0
18.660875744432936	0.0
18.670876213749352	0.0
18.68087668306577	0.0
18.690877152382185	0.0
18.700877621698602	0.0
18.71087809101502	0.0
18.720878560331435	0.0
18.730879029647852	0.0
18.74087949896427	0.0
18.750879968280685	0.0
18.760880437597102	0.0
18.77088090691352	0.0
18.780881376229935	0.0
18.790881845546348	0.0
18.800882314862765	0.0
18.81088278417918	0.0
18.820883253495598	0.0
18.830883722812015	0.0
18.84088419212843	0.0
18.850884661444848	0.0
18.860885130761265	0.0
18.87088560007768	0.0
18.880886069394098	0.0
18.890886538710514	0.0
18.90088700802693	0.0
18.910887477343348	0.0
18.920887946659764	0.0
18.930888415976177	0.0
18.940888885292594	0.0
18.95088935460901	0.0
18.960889823925427	0.0
18.970890293241844	0.0
18.98089076255826	0.0
18.990891231874677	0.0
19.000891701191094	0.0
19.01089217050751	0.0
19.020892639823927	0.0
19.030893109140344	0.0
19.04089357845676	0.0
19.050894047773177	0.0
19.06089451708959	0.0
19.070894986406007	0.0
19.080895455722423	0.0
19.09089592503884	0.0
19.100896394355257	0.0
19.110896863671673	0.0
19.12089733298809	0.0
19.130897802304506	0.0
19.140898271620923	0.0
19.15089874093734	0.0
19.160899210253756	0.0
19.170899679570173	0.0
19.18090014888659	0.0
19.190900618203006	0.0
19.20090108751942	0.0
19.210901556835836	0.0
19.220902026152253	0.0
19.23090249546867	0.0
19.240902964785086	0.0
19.250903434101502	0.0
19.26090390341792	0.0
19.270904372734336	0.0
19.280904842050752	0.0
19.29090531136717	0.0
19.300905780683586	0.0
19.310906250000002	0.0
19.32090671931642	0.0
19.330907188632832	0.0
19.34090765794925	0.0
19.350908127265665	0.0
19.36090859658208	0.0
19.3709090658985	0.0
19.380909535214915	0.0
19.39091000453133	0.0
19.40091047384775	0.0
19.410910943164165	0.0
19.42091141248058	0.0
19.430911881796998	0.0
19.440912351113415	0.0
19.45091282042983	0.0
19.460913289746248	0.0
19.47091375906266	0.0
19.480914228379078	0.0
19.490914697695494	0.0
19.50091516701191	0.0
19.510915636328328	0.0
19.520916105644744	0.0
19.53091657496116	0.0
19.540917044277577	0.0
19.550917513593994	0.0
19.56091798291041	0.0
19.570918452226827	0.0
19.580918921543244	0.0
19.59091939085966	0.0
19.600919860176074	0.0
19.61092032949249	0.0
19.620920798808907	0.0
19.630921268125324	0.0
19.64092173744174	0.0
19.650922206758157	0.0
19.660922676074573	0.0
19.67092314539099	0.0
19.680923614707407	0.0
19.690924084023823	0.0
19.70092455334024	0.0
19.710925022656657	0.0
19.720925491973073	0.0
19.73092596128949	0.0
19.740926430605903	0.0
19.75092689992232	0.0
19.760927369238736	0.0
19.770927838555153	0.0
19.78092830787157	0.0
19.790928777187986	0.0
19.800929246504403	0.0
19.81092971582082	0.0
19.820930185137236	0.0
19.830930654453653	0.0
19.84093112377007	0.0
19.850931593086486	0.0
19.860932062402902	0.0
19.870932531719316	0.0
19.880933001035732	0.0
19.89093347035215	0.0
19.900933939668565	0.0
19.910934408984982	0.0
19.9209348783014	0.0
19.930935347617815	0.0
19.940935816934232	0.0
19.95093628625065	0.0
19.960936755567065	0.0
19.97093722488348	0.0
19.9809376941999	0.0
19.990938163516315	0.0
20.00093863283273	0.0
20.010939102149145	0.0
20.02093957146556	0.0
20.030940040781978	0.0
20.040940510098395	0.0
20.05094097941481	0.0
20.060941448731228	0.0
20.070941918047644	0.0
20.08094238736406	0.0
20.090942856680478	0.0
20.100943325996894	0.0
20.11094379531331	0.0
20.120944264629728	0.0
20.130944733946144	0.0
20.14094520326256	0.0
20.150945672578974	0.0
20.16094614189539	0.0
20.170946611211807	0.0
20.180947080528224	0.0
20.19094754984464	0.0
20.200948019161057	0.0
20.210948488477474	0.0
20.22094895779389	0.0
20.230949427110307	0.0
20.240949896426724	0.0
20.25095036574314	0.0
20.260950835059557	0.0
20.270951304375973	0.0
20.280951773692387	0.0
20.290952243008803	0.0
20.30095271232522	0.0
20.310953181641636	0.0
20.320953650958053	223.0
20.33095412027447	223.0
20.340954589590886	223.0
20.350955058907303	223.0
20.36095552822372	223.0
20.370955997540136	223.0
20.380956466856553	223.0
20.39095693617297	223.0
20.400957405489386	223.0
20.410957874805803	220.0
20.420958344122216	220.0
20.430958813438632	218.0
20.44095928275505	213.0
20.450959752071466	196.0
20.460960221387882	190.0
20.4709606907043	185.0
20.480961160020716	173.0
20.490961629337132	171.0
20.50096209865355	173.0
20.510962567969965	177.0
20.520963037286382	210.0
20.5309635066028	218.0
20.540963975919215	220.0
20.55096444523563	220.0
20.560964914552045	220.0
20.57096538386846	220.0
20.58096585318488	220.0
20.590966322501295	220.0
20.60096679181771	220.0
20.610967261134128	218.0
20.620967730450545	218.0
20.63096819976696	218.0
20.640968669083378	220.0
20.650969138399795	220.0
20.66096960771621	220.0
20.670970077032628	220.0
20.680970546349045	220.0
20.690971015665458	220.0
20.700971484981874	220.0
20.71097195429829	220.0
20.720972423614707	220.0
20.730972892931124	223.0
20.74097336224754	223.0
20.750973831563957	223.0
20.760974300880374	218.0
20.77097477019679	215.0
20.780975239513207	213.0
20.790975708829624	208.0
20.80097617814604	203.0
20.810976647462457	199.0
20.82097711677887	192.0
20.830977586095287	185.0
20.840978055411703	181.0
20.85097852472812	179.0
20.860978994044537	177.0
20.870979463360953	177.0
20.88097993267737	179.0
20.890980401993787	181.0
20.900980871310203	183.0
20.91098134062662	187.0
20.920981809943036	190.0
20.930982279259453	192.0
20.94098274857587	194.0
20.950983217892286	194.0
20.9609836872087	194.0
20.970984156525116	194.0
20.980984625841533	194.0
20.99098509515795	194.0
21.000985564474366	194.0
21.010986033790783	194.0
21.0209865031072	194.0
21.030986972423616	194.0
21.040987441740032	194.0
21.05098791105645	194.0
21.060988380372866	194.0
21.070988849689282	194.0
21.0809893190057	196.0
21.090989788322116	196.0
21.10099025763853	196.0
21.110990726954945	199.0
21.120991196271362	199.0
21.13099166558778	199.0
21.140992134904195	196.0
21.150992604220612	196.0
21.16099307353703	194.0
21.170993542853445	194.0
21.18099401216986	192.0
21.19099448148628	192.0
21.200994950802695	192.0
21.21099542011911	192.0
21.220995889435528	192.0
21.23099635875194	192.0
21.240996828068358	192.0
21.250997297384774	194.0
21.26099776670119	196.0
21.270998236017608	199.0
21.280998705334024	199.0
21.29099917465044	201.0
21.300999643966858	203.0
21.311000113283274	203.0
21.32100058259969	201.0
21.331001051916108	199.0
21.341001521232524	194.0
21.35100199054894	192.0
21.361002459865357	192.0
21.37100292918177	190.0
21.381003398498187	190.0
21.391003867814604	190.0
21.40100433713102	190.0
21.411004806447437	192.0
21.421005275763854	192.0
21.43100574508027	194.0
21.441006214396687	196.0
21.451006683713103	199.0
21.46100715302952	199.0
21.471007622345937	201.0
21.481008091662353	201.0
21.49100856097877	201.0
21.501009030295183	201.0
21.5110094996116	199.0
21.521009968928016	196.0
21.531010438244433	194.0
21.54101090756085	192.0
21.551011376877266	192.0
21.561011846193683	194.0
21.5710123155101	194.0
21.581012784826516	196.0
21.591013254142933	196.0
21.60101372345935	199.0
21.611014192775766	199.0
21.621014662092183	199.0
21.6310151314086	199.0
21.641015600725012	196.0
21.65101607004143	194.0
21.661016539357846	192.0
21.671017008674262	187.0
21.68101747799068	183.0
21.691017947307095	179.0
21.701018416623512	177.0
21.71101888593993	177.0
21.721019355256345	181.0
21.731019824572762	185.0
21.74102029388918	190.0
21.751020763205595	194.0
21.761021232522012	196.0
21.771021701838425	201.0
21.78102217115484	203.0
21.791022640471258	208.0
21.801023109787675	210.0
21.81102357910409	215.0
21.821024048420508	220.0
21.831024517736925	223.0
21.84102498705334	226.0
21.851025456369758	226.0
21.861025925686175	226.0
21.87102639500259	226.0
21.881026864319008	226.0
21.891027333635424	226.0
21.90102780295184	223.0
21.911028272268254	223.0
21.92102874158467	223.0
21.931029210901087	220.0
21.941029680217504	218.0
21.95103014953392	213.0
21.961030618850337	210.0
21.971031088166754	206.0
21.98103155748317	206.0
21.991032026799587	208.0
22.001032496116004	210.0
22.01103296543242	218.0
22.021033434748837	226.0
22.031033904065254	231.0
22.041034373381667	239.0
22.051034842698083	248.0
22.0610353120145	253.0
22.071035781330917	256.0
22.081036250647333	256.0
22.09103671996375	259.0
22.101037189280166	256.0
22.111037658596583	256.0
22.121038127913	256.0
22.131038597229416	256.0
22.141039066545833	256.0
22.15103953586225	256.0
22.161040005178666	256.0
22.171040474495083	256.0
22.181040943811496	256.0
22.191041413127913	256.0
22.20104188244433	256.0
22.211042351760746	256.0
22.221042821077162	253.0
22.23104329039358	253.0
22.241043759709996	248.0
22.251044229026412	245.0
22.26104469834283	236.0
22.271045167659246	231.0
22.281045636975662	226.0
22.29104610629208	223.0
22.301046575608495	220.0
22.311047044924912	220.0
22.321047514241325	223.0
22.331047983557742	223.0
22.34104845287416	226.0
22.351048922190575	226.0
22.36104939150699	226.0
22.37104986082341	228.0
22.381050330139825	228.0
22.39105079945624	226.0
22.401051268772658	226.0
22.411051738089075	220.0
22.42105220740549	215.0
22.431052676721908	208.0
22.441053146038325	201.0
22.451053615354738	196.0
22.461054084671154	190.0
22.47105455398757	185.0
22.481055023303988	181.0
22.491055492620404	179.0
22.50105596193682	179.0
22.511056431253238	181.0
22.521056900569654	181.0
22.53105736988607	183.0
22.541057839202487	183.0
22.551058308518904	185.0
22.56105877783532	187.0
22.571059247151737	192.0
22.581059716468154	194.0
22.591060185784567	194.0
22.601060655100984	196.0
22.6110611244174	196.0
22.621061593733817	196.0
22.631062063050233	199.0
22.64106253236665	199.0
22.651063001683067	199.0
22.661063470999483	196.0
22.6710639403159	196.0
22.681064409632317	196.0
22.691064878948733	196.0
22.70106534826515	196.0
22.711065817581567	196.0
22.72106628689798	196.0
22.731066756214396	196.0
22.741067225530813	194.0
22.75106769484723	194.0
22.761068164163646	194.0
22.771068633480063	194.0
22.78106910279648	194.0
22.791069572112896	194.0
22.801070041429313	196.0
22.81107051074573	196.0
22.821070980062146	196.0
22.831071449378562	199.0
22.84107191869498	199.0
22.851072388011396	201.0
22.86107285732781	201.0
22.871073326644225	201.0
22.881073795960642	201.0
22.89107426527706	201.0
22.901074734593475	196.0
22.911075203909892	194.0
22.92107567322631	194.0
22.931076142542725	192.0
22.941076611859142	192.0
22.95107708117556	192.0
22.961077550491975	192.0
22.97107801980839	192.0
22.98107848912481	192.0
22.99107895844122	194.0
23.001079427757638	196.0
23.011079897074055	196.0
23.02108036639047	199.0
23.031080835706888	199.0
23.041081305023305	201.0
23.05108177433972	199.0
23.061082243656138	199.0
23.071082712972554	196.0
23.08108318228897	194.0
23.091083651605388	192.0
23.101084120921804	190.0
23.11108459023822	187.0
23.121085059554638	185.0
23.13108552887105	185.0
23.141085998187467	187.0
23.151086467503884	190.0
23.1610869368203	192.0
23.171087406136717	194.0
23.181087875453134	196.0
23.19108834476955	199.0
23.201088814085967	201.0
23.211089283402384	201.0
23.2210897527188	201.0
23.231090222035217	199.0
23.241090691351634	196.0
23.25109116066805	194.0
23.261091629984467	192.0
23.27109209930088	190.0
23.281092568617296	190.0
23.291093037933713	190.0
23.30109350725013	192.0
23.311093976566546	192.0
23.321094445882963	192.0
23.33109491519938	192.0
23.341095384515796	192.0
23.351095853832213	192.0
23.36109632314863	194.0
23.371096792465046	194.0
23.381097261781463	194.0
23.39109773109788	196.0
23.401098200414292	196.0
23.41109866973071	196.0
23.421099139047126	196.0
23.431099608363542	194.0
23.44110007767996	194.0
23.451100546996376	194.0
23.461101016312792	192.0
23.47110148562921	192.0
23.481101954945625	192.0
23.491102424262042	192.0
23.50110289357846	192.0
23.511103362894875	194.0
23.521103832211292	194.0
23.53110430152771	194.0
23.54110477084412	192.0
23.55110524016054	192.0
23.561105709476955	192.0
23.57110617879337	190.0
23.581106648109788	192.0
23.591107117426205	196.0
23.60110758674262	206.0
23.611108056059038	239.0
23.621108525375455	284.0
23.63110899469187	294.0
23.641109464008288	305.0
23.651109933324705	308.0
23.66111040264112	301.0
23.671110871957534	281.0
23.68111134127395	250.0
23.691111810590368	231.0
23.701112279906784	220.0
23.7111127492232	213.0
23.721113218539617	213.0
23.731113687856034	213.0
23.74111415717245	215.0
23.751114626488867	218.0
23.761115095805284	220.0
23.7711155651217	220.0
23.781116034438117	220.0
23.791116503754534	220.0
23.80111697307095	220.0
23.811117442387363	220.0
23.82111791170378	220.0
23.831118381020197	220.0
23.841118850336613	220.0
23.85111931965303	223.0
23.861119788969447	223.0
23.871120258285863	226.0
23.88112072760228	226.0
23.891121196918697	226.0
23.901121666235113	226.0
23.91112213555153	223.0
23.921122604867946	223.0
23.931123074184363	220.0
23.941123543500776	218.0
23.951124012817193	215.0
23.96112448213361	210.0
23.971124951450026	206.0
23.981125420766443	201.0
23.99112589008286	194.0
24.001126359399276	192.0
24.011126828715692	190.0
24.02112729803211	190.0
24.031127767348526	190.0
24.041128236664942	192.0
24.05112870598136	192.0
24.061129175297776	194.0
24.071129644614192	194.0
24.081130113930605	194.0
24.091130583247022	194.0
24.10113105256344	194.0
24.111131521879855	194.0
24.121131991196272	192.0
24.13113246051269	192.0
24.141132929829105	190.0
24.15113339914552	190.0
24.16113386846194	187.0
24.171134337778355	187.0
24.18113480709477	190.0
24.191135276411188	190.0
24.201135745727605	192.0
24.211136215044018	194.0
24.221136684360435	194.0
24.23113715367685	196.0
24.241137622993268	196.0
24.251138092309684	196.0
24.2611385616261	196.0
24.271139030942518	196.0
24.281139500258934	196.0
24.29113996957535	196.0
24.301140438891768	196.0
24.311140908208184	196.0
24.3211413775246	194.0
24.331141846841017	194.0
24.341142316157434	194.0
24.351142785473847	194.0
24.361143254790264	194.0
24.37114372410668	192.0
24.381144193423097	192.0
24.391144662739514	194.0
24.40114513205593	194.0
24.411145601372347	194.0
24.421146070688764	194.0
24.43114654000518	194.0
24.441147009321597	194.0
24.451147478638013	194.0
24.46114794795443	194.0
24.471148417270847	194.0
24.481148886587263	194.0
24.491149355903676	196.0
24.501149825220093	196.0
24.51115029453651	196.0
24.521150763852926	196.0
24.531151233169343	196.0
24.54115170248576	196.0
24.551152171802176	194.0
24.561152641118593	194.0
24.57115311043501	194.0
24.581153579751426	192.0
24.591154049067843	192.0
24.60115451838426	190.0
24.611154987700676	187.0
24.62115545701709	187.0
24.631155926333506	185.0
24.641156395649922	183.0
24.65115686496634	181.0
24.661157334282755	179.0
24.671157803599172	179.0
24.68115827291559	179.0
24.691158742232005	179.0
24.701159211548422	183.0
24.71115968086484	185.0
24.721160150181255	190.0
24.731160619497672	194.0
24.74116108881409	199.0
24.751161558130505	199.0
24.761162027446918	199.0
24.771162496763335	199.0
24.78116296607975	196.0
24.791163435396168	194.0
24.801163904712585	192.0
24.811164374029	190.0
24.821164843345418	187.0
24.831165312661835	185.0
24.84116578197825	185.0
24.851166251294668	183.0
24.861166720611084	181.0
24.8711671899275	179.0
24.881167659243918	179.0
24.89116812856033	177.0
24.901168597876747	177.0
24.911169067193164	177.0
24.92116953650958	177.0
24.931170005825997	179.0
24.941170475142414	181.0
24.95117094445883	181.0
24.961171413775247	183.0
24.971171883091664	185.0
24.98117235240808	190.0
24.991172821724497	192.0
25.001173291040914	194.0
25.01117376035733	196.0
25.021174229673747	196.0
25.03117469899016	196.0
25.041175168306577	196.0
25.051175637622993	196.0
25.06117610693941	199.0
25.071176576255827	199.0
25.081177045572243	196.0
25.09117751488866	196.0
25.101177984205076	196.0
25.111178453521493	194.0
25.12117892283791	192.0
25.131179392154326	190.0
25.141179861470743	187.0
25.15118033078716	187.0
25.161180800103573	185.0
25.17118126941999	185.0
25.181181738736406	185.0
25.191182208052822	185.0
25.20118267736924	185.0
25.211183146685656	185.0
25.221183616002072	185.0
25.23118408531849	185.0
25.241184554634906	185.0
25.251185023951322	187.0
25.26118549326774	190.0
25.271185962584156	192.0
25.281186431900572	194.0
25.29118690121699	194.0
25.301187370533402	196.0
25.31118783984982	196.0
25.321188309166235	196.0
25.33118877848265	196.0
25.34118924779907	196.0
25.351189717115485	196.0
25.3611901864319	196.0
25.371190655748318	196.0
25.381191125064735	194.0
25.39119159438115	194.0
25.401192063697568	192.0
25.411192533013985	192.0
25.4211930023304	192.0
25.431193471646818	190.0
25.44119394096323	190.0
25.451194410279648	187.0
25.461194879596064	187.0
25.47119534891248	185.0
25.481195818228898	183.0
25.491196287545314	181.0
25.50119675686173	179.0
25.511197226178147	175.0
25.521197695494564	173.0
25.53119816481098	169.0
25.541198634127397	167.0
25.551199103443814	165.0
25.56119957276023	165.0
25.571200042076644	165.0
25.58120051139306	167.0
25.591200980709477	169.0
25.601201450025894	173.0
25.61120191934231	177.0
25.621202388658727	179.0
25.631202857975143	183.0
25.64120332729156	185.0
25.651203796607977	187.0
25.661204265924393	187.0
25.67120473524081	187.0
25.681205204557227	185.0
25.691205673873643	183.0
25.70120614319006	183.0
25.711206612506473	181.0
25.72120708182289	179.0
25.731207551139306	177.0
25.741208020455723	175.0
25.75120848977214	173.0
25.761208959088556	171.0
25.771209428404973	171.0
25.78120989772139	169.0
25.791210367037806	169.0
25.801210836354223	167.0
25.81121130567064	167.0
25.821211774987056	167.0
25.831212244303472	167.0
25.841212713619885	167.0
25.851213182936302	165.0
25.86121365225272	165.0
25.871214121569135	167.0
25.881214590885552	167.0
25.89121506020197	169.0
25.901215529518385	171.0
25.911215998834802	175.0
25.92121646815122	177.0
25.931216937467635	179.0
25.94121740678405	181.0
25.95121787610047	183.0
25.961218345416885	183.0
25.9712188147333	183.0
25.981219284049715	183.0
25.99121975336613	181.0
26.001220222682548	179.0
26.011220691998965	175.0
26.02122116131538	173.0
26.031221630631798	171.0
26.041222099948214	169.0
26.05122256926463	167.0
26.061223038581048	165.0
26.071223507897464	163.0
26.08122397721388	161.0
26.091224446530298	159.0
26.101224915846714	158.0
26.111225385163127	152.0
26.121225854479544	144.0
26.13122632379596	142.0
26.141226793112377	0.0
26.151227262428794	0.0
26.16122773174521	0.0
26.171228201061627	0.0
26.181228670378044	0.0
26.19122913969446	0.0
26.201229609010877	0.0
26.211230078327294	0.0
26.22123054764371	0.0
26.231231016960127	0.0
26.241231486276543	0.0
26.251231955592957	0.0
26.261232424909373	0.0
26.27123289422579	0.0
26.281233363542206	0.0
26.291233832858623	0.0
26.30123430217504	0.0
26.311234771491456	0.0
26.321235240807873	0.0
26.33123571012429	0.0
26.341236179440706	0.0
26.351236648757123	0.0
26.36123711807354	0.0
26.371237587389956	0.0
26.38123805670637	0.0
26.391238526022786	0.0
26.401238995339202	0.0
26.41123946465562	0.0
26.421239933972036	0.0
26.431240403288452	0.0
26.44124087260487	0.0
26.451241341921286	0.0
26.461241811237702	0.0
26.47124228055412	0.0
26.481242749870535	0.0
26.491243219186952	0.0
26.50124368850337	0.0
26.511244157819785	0.0
26.5212446271362	0.0
26.531245096452615	0.0
26.54124556576903	0.0
26.55124603508545	0.0
26.561246504401865	0.0
26.57124697371828	0.0
26.581247443034698	0.0
26.591247912351115	0.0
26.60124838166753	0.0
26.611248850983948	0.0
26.621249320300365	0.0
26.63124978961678	0.0
26.641250258933198	0.0
26.651250728249614	0.0
26.661251197566028	0.0
26.671251666882444	0.0
26.68125213619886	0.0
26.691252605515277	0.0
26.701253074831694	0.0
26.71125354414811	0.0
26.721254013464527	0.0
26.731254482780944	0.0
26.74125495209736	0.0
26.751255421413777	0.0
26.761255890730194	0.0
26.77125636004661	0.0
26.781256829363027	0.0
26.79125729867944	0.0
26.801257767995857	0.0
26.811258237312273	0.0
26.82125870662869	0.0
26.831259175945107	0.0
26.841259645261523	0.0
26.85126011457794	0.0
26.861260583894357	0.0
26.871261053210773	0.0
26.88126152252719	0.0
26.891261991843606	0.0
26.901262461160023	0.0
26.91126293047644	0.0
26.921263399792856	0.0
26.93126386910927	0.0
26.941264338425686	0.0
26.951264807742103	0.0
26.96126527705852	0.0
26.971265746374936	0.0
26.981266215691353	0.0
26.99126668500777	0.0
27.001267154324186	0.0
27.011267623640602	0.0
27.02126809295702	0.0
27.031268562273436	0.0
27.041269031589852	0.0
27.05126950090627	0.0
27.061269970222682	0.0
27.0712704395391	0.0
27.081270908855515	0.0
27.091271378171932	0.0
27.10127184748835	0.0
27.111272316804765	0.0
27.12127278612118	0.0
27.1312732554376	0.0
27.141273724754015	0.0
27.15127419407043	0.0
27.16127466338685	0.0
27.171275132703265	0.0
27.18127560201968	0.0
27.191276071336098	0.0
27.20127654065251	0.0
27.211277009968928	0.0
27.221277479285344	0.0
27.23127794860176	0.0
27.241278417918178	0.0
27.251278887234594	0.0
27.26127935655101	0.0
27.271279825867428	0.0
27.281280295183844	0.0
27.29128076450026	0.0
27.301281233816677	0.0
27.311281703133094	0.0
27.32128217244951	0.0
27.331282641765924	0.0
27.34128311108234	0.0
27.351283580398757	0.0
27.361284049715174	0.0
27.37128451903159	0.0
27.381284988348007	0.0
27.391285457664424	0.0
27.40128592698084	0.0
27.411286396297257	0.0
27.421286865613673	0.0
27.43128733493009	0.0
27.441287804246507	0.0
27.451288273562923	0.0
27.46128874287934	0.0
27.471289212195753	0.0
27.48128968151217	0.0
27.491290150828586	0.0
27.501290620145003	0.0
27.51129108946142	0.0
27.521291558777836	0.0
27.531292028094253	0.0
27.54129249741067	0.0
27.551292966727086	0.0
27.561293436043503	0.0
27.57129390535992	0.0
27.581294374676336	0.0
27.591294843992753	0.0
27.60129531330917	0.0
27.611295782625582	0.0
27.621296251942	0.0
27.631296721258416	0.0
27.641297190574832	0.0
27.65129765989125	0.0
27.661298129207665	0.0
27.671298598524082	0.0
27.6812990678405	0.0
27.691299537156915	0.0
27.701300006473332	0.0
27.71130047578975	0.0
27.721300945106165	0.0
27.731301414422582	0.0
27.741301883738995	0.0
27.75130235305541	0.0
27.761302822371828	0.0
27.771303291688245	0.0
27.78130376100466	0.0
27.791304230321078	0.0
27.801304699637495	0.0
27.81130516895391	0.0
27.821305638270328	0.0
27.831306107586745	0.0
27.84130657690316	0.0
27.851307046219578	0.0
27.861307515535994	0.0
27.87130798485241	0.0
27.881308454168824	0.0
27.89130892348524	0.0
27.901309392801657	0.0
27.911309862118074	0.0
27.92131033143449	0.0
27.931310800750907	0.0
27.941311270067324	0.0
27.95131173938374	0.0
27.961312208700157	0.0
27.971312678016574	0.0
27.98131314733299	0.0
27.991313616649407	0.0
28.001314085965824	0.0
28.011314555282237	0.0
28.021315024598653	0.0
28.03131549391507	0.0
28.041315963231487	0.0
28.051316432547903	0.0
28.06131690186432	0.0
28.071317371180736	0.0
28.081317840497153	0.0
28.09131830981357	0.0
28.101318779129986	0.0
28.111319248446403	173.0
28.12131971776282	173.0
28.131320187079236	173.0
28.141320656395653	173.0
28.151321125712066	173.0
28.161321595028483	171.0
28.1713220643449	169.0
28.181322533661316	169.0
28.191323002977732	167.0
28.20132347229415	167.0
28.211323941610566	165.0
28.221324410926982	165.0
28.2313248802434	165.0
28.241325349559816	165.0
28.251325818876232	165.0
28.26132628819265	165.0
28.271326757509065	165.0
28.28132722682548	163.0
28.291327696141895	159.0
28.30132816545831	158.0
28.31132863477473	156.0
28.321329104091145	154.0
28.33132957340756	154.0
28.34133004272398	156.0
28.351330512040395	159.0
28.36133098135681	163.0
28.371331450673228	169.0
28.381331919989645	173.0
28.39133238930606	177.0
28.401332858622478	179.0
28.411333327938895	181.0
28.421333797255308	181.0
28.431334266571724	179.0
28.44133473588814	179.0
28.451335205204558	177.0
28.461335674520974	175.0
28.47133614383739	173.0
28.481336613153807	173.0
28.491337082470224	171.0
28.50133755178664	171.0
28.511338021103057	169.0
28.521338490419474	169.0
28.53133895973589	169.0
28.541339429052307	169.0
28.55133989836872	167.0
28.561340367685137	167.0
28.571340837001554	167.0
28.58134130631797	167.0
28.591341775634387	167.0
28.601342244950803	165.0
28.61134271426722	165.0
28.621343183583637	165.0
28.631343652900053	165.0
28.64134412221647	165.0
28.651344591532887	167.0
28.661345060849303	167.0
28.67134553016572	169.0
28.681345999482136	169.0
28.69134646879855	171.0
28.701346938114966	173.0
28.711347407431383	173.0
28.7213478767478	175.0
28.731348346064216	177.0
28.741348815380633	179.0
28.75134928469705	179.0
28.761349754013466	181.0
28.771350223329883	181.0
28.7813506926463	181.0
28.791351161962716	181.0
28.801351631279132	181.0
28.81135210059555	179.0
28.821352569911966	177.0
28.83135303922838	175.0
28.841353508544795	173.0
28.851353977861212	171.0
28.86135444717763	171.0
28.871354916494045	169.0
28.881355385810462	167.0
28.89135585512688	165.0
28.901356324443295	165.0
28.911356793759712	163.0
28.92135726307613	165.0
28.931357732392545	165.0
28.94135820170896	167.0
28.95135867102538	169.0
28.96135914034179	173.0
28.971359609658208	175.0
28.981360078974625	179.0
28.99136054829104	181.0
29.001361017607458	181.0
29.011361486923875	181.0
29.02136195624029	181.0
29.031362425556708	179.0
29.041362894873124	177.0
29.05136336418954	173.0
29.061363833505958	169.0
29.071364302822374	167.0
29.08136477213879	165.0
29.091365241455208	165.0
29.10136571077162	165.0
29.111366180088037	165.0
29.121366649404454	165.0
29.13136711872087	167.0
29.141367588037287	167.0
29.151368057353704	165.0
29.16136852667012	165.0
29.171368995986537	163.0
29.181369465302954	163.0
29.19136993461937	161.0
29.201370403935787	161.0
29.211370873252203	161.0
29.22137134256862	161.0
29.231371811885033	161.0
29.24137228120145	163.0
29.251372750517866	165.0
29.261373219834283	167.0
29.2713736891507	171.0
29.281374158467116	175.0
29.291374627783533	179.0
29.30137509709995	183.0
29.311375566416366	185.0
29.321376035732783	190.0
29.3313765050492	190.0
29.341376974365616	192.0
29.351377443682033	192.0
29.36137791299845	194.0
29.371378382314862	194.0
29.38137885163128	192.0
29.391379320947696	192.0
29.401379790264112	190.0
29.41138025958053	187.0
29.421380728896946	187.0
29.431381198213362	185.0
29.44138166752978	181.0
29.451382136846195	181.0
29.461382606162612	181.0
29.47138307547903	179.0
29.481383544795445	177.0
29.491384014111862	175.0
29.501384483428275	173.0
29.51138495274469	169.0
29.52138542206111	165.0
29.531385891377525	161.0
29.54138636069394	159.0
29.551386830010358	158.0
29.561387299326775	158.0
29.57138776864319	158.0
29.581388237959608	159.0
29.591388707276025	161.0
29.60138917659244	165.0
29.611389645908858	169.0
29.621390115225275	173.0
29.63139058454169	177.0
29.641391053858104	181.0
29.65139152317452	185.0
29.661391992490937	187.0
29.671392461807354	190.0
29.68139293112377	190.0
29.691393400440187	190.0
29.701393869756604	187.0
29.71139433907302	183.0
29.721394808389437	179.0
29.731395277705854	175.0
29.74139574702227	173.0
29.751396216338687	171.0
29.761396685655104	171.0
29.77139715497152	173.0
29.781397624287933	177.0
29.79139809360435	183.0
29.801398562920767	190.0
29.811399032237183	201.0
29.8213995015536	208.0
29.831399970870017	215.0
29.841400440186433	220.0
29.85140090950285	226.0
29.861401378819266	226.0
29.871401848135683	226.0
29.8814023174521	226.0
29.891402786768516	220.0
29.901403256084933	215.0
29.911403725401346	208.0
29.921404194717763	201.0
29.93140466403418	194.0
29.941405133350596	190.0
29.951405602667013	185.0
29.96140607198343	183.0
29.971406541299846	183.0
29.981407010616262	183.0
29.99140747993268	185.0
30.001407949249096	190.0
30.011408418565512	194.0
30.02140888788193	199.0
30.031409357198346	203.0
30.041409826514762	208.0
30.051410295831175	215.0
30.061410765147592	218.0
30.07141123446401	223.0
30.081411703780425	226.0
30.091412173096842	226.0
30.10141264241326	226.0
30.111413111729675	220.0
30.12141358104609	218.0
30.13141405036251	215.0
30.141414519678925	213.0
30.15141498899534	213.0
30.161415458311758	215.0
30.171415927628175	218.0
30.181416396944588	220.0
30.191416866261005	226.0
30.20141733557742	231.0
30.211417804893838	236.0
30.221418274210254	242.0
30.23141874352667	245.0
30.241419212843088	250.0
30.251419682159504	250.0
30.26142015147592	253.0
30.271420620792338	253.0
30.281421090108754	253.0
30.29142155942517	250.0
30.301422028741587	250.0
30.311422498058004	248.0
30.321422967374417	248.0
30.331423436690834	245.0
30.34142390600725	248.0
30.351424375323667	248.0
30.361424844640084	250.0
30.3714253139565	256.0
30.381425783272917	268.0
30.391426252589334	284.0
30.40142672190575	308.0
30.411427191222167	334.0
30.421427660538583	354.0
30.431428129855	363.0
30.441428599171417	363.0
30.45142906848783	363.0
30.461429537804246	350.0
30.471430007120663	331.0
30.48143047643708	316.0
30.491430945753496	305.0
30.501431415069913	294.0
30.51143188438633	291.0
30.521432353702746	291.0
30.531432823019163	294.0
30.54143329233558	294.0
30.551433761651996	298.0
30.561434230968413	298.0
30.57143470028483	301.0
30.581435169601246	301.0
30.59143563891766	298.0
30.601436108234076	294.0
30.611436577550492	291.0
30.62143704686691	288.0
30.631437516183325	281.0
30.641437985499742	272.0
30.65143845481616	262.0
30.661438924132575	253.0
30.671439393448992	248.0
30.68143986276541	245.0
30.691440332081825	248.0
30.701440801398242	250.0
30.71144127071466	256.0
30.721441740031075	316.0
30.731442209347488	327.0
30.741442678663905	338.0
30.75144314798032	342.0
30.761443617296738	342.0
30.771444086613155	334.0
30.78144455592957	323.0
30.791445025245988	298.0
30.801445494562405	262.0
30.81144596387882	253.0
30.821446433195238	248.0
30.831446902511654	248.0
30.84144737182807	248.0
30.851447841144488	253.0
30.8614483104609	256.0
30.871448779777317	262.0
30.881449249093734	262.0
30.89144971841015	265.0
30.901450187726567	265.0
30.911450657042984	265.0
30.9214511263594	265.0
30.931451595675817	268.0
30.941452064992234	268.0
30.95145253430865	268.0
30.961453003625067	268.0
30.971453472941484	268.0
30.9814539422579	268.0
30.991454411574317	268.0
31.00145488089073	265.0
31.011455350207147	265.0
31.021455819523563	262.0
31.03145628883998	259.0
31.041456758156396	259.0
31.051457227472813	268.0
31.06145769678923	281.0
31.071458166105646	305.0
31.081458635422063	331.0
31.09145910473848	350.0
31.101459574054896	358.0
31.111460043371313	358.0
31.12146051268773	354.0
31.131460982004143	342.0
31.14146145132056	288.0
31.151461920636976	272.0
31.161462389953392	265.0
31.17146285926981	259.0
31.181463328586226	262.0
31.191463797902642	265.0
31.20146426721906	272.0
31.211464736535476	275.0
31.221465205851892	275.0
31.23146567516831	265.0
31.241466144484725	259.0
31.251466613801142	239.0
31.26146708311756	226.0
31.271467552433972	220.0
31.28146802175039	220.0
31.291468491066805	223.0
31.30146896038322	228.0
31.31146942969964	231.0
31.321469899016055	234.0
31.33147036833247	231.0
31.341470837648888	226.0
31.351471306965305	220.0
31.36147177628172	210.0
31.371472245598138	199.0
31.381472714914555	192.0
31.39147318423097	190.0
31.401473653547384	190.0
31.4114741228638	192.0
31.421474592180218	194.0
31.431475061496634	199.0
31.44147553081305	201.0
31.451476000129468	201.0
31.461476469445884	201.0
31.4714769387623	201.0
31.481477408078717	201.0
31.491477877395134	201.0
31.50147834671155	201.0
31.511478816027967	201.0
31.521479285344384	201.0
31.5314797546608	203.0
31.541480223977214	203.0
31.55148069329363	201.0
31.561481162610047	201.0
31.571481631926464	199.0
31.58148210124288	199.0
31.591482570559297	196.0
31.601483039875713	196.0
31.61148350919213	196.0
31.621483978508547	196.0
31.631484447824963	196.0
31.64148491714138	194.0
31.651485386457797	194.0
31.661485855774213	194.0
31.671486325090626	194.0
31.681486794407043	194.0
31.69148726372346	196.0
31.701487733039876	199.0
31.711488202356293	199.0
31.72148867167271	199.0
31.731489140989126	199.0
31.741489610305543	199.0
31.75149007962196	199.0
31.761490548938376	196.0
31.771491018254792	196.0
31.78149148757121	196.0
31.791491956887626	196.0
31.801492426204042	196.0
31.811492895520455	196.0
31.821493364836872	196.0
31.83149383415329	199.0
31.841494303469705	199.0
31.851494772786122	199.0
31.86149524210254	199.0
31.871495711418955	199.0
31.881496180735372	196.0
31.89149665005179	196.0
31.901497119368205	196.0
31.91149758868462	196.0
31.92149805800104	196.0
31.931498527317455	196.0
31.94149899663387	196.0
31.951499465950285	199.0
31.9614999352667	199.0
31.971500404583118	199.0
31.981500873899535	199.0
31.99150134321595	199.0
32.00150181253237	196.0
32.011502281848784	196.0
32.0215027511652	194.0
32.03150322048162	194.0
32.041503689798034	192.0
32.05150415911445	190.0
32.06150462843087	187.0
32.071505097747284	185.0
32.0815055670637	181.0
32.09150603638012	179.0
32.101506505696534	179.0
32.11150697501295	179.0
32.12150744432937	181.0
32.131507913645784	185.0
32.1415083829622	187.0
32.15150885227861	190.0
32.16150932159503	194.0
32.17150979091144	194.0
32.18151026022786	196.0
32.19151072954428	196.0
32.20151119886069	194.0
32.21151166817711	194.0
32.22151213749353	194.0
32.23151260680994	192.0
32.24151307612636	192.0
32.251513545442776	187.0
32.26151401475919	185.0
32.27151448407561	183.0
32.281514953392026	183.0
32.29151542270844	181.0
32.30151589202486	181.0
32.311516361341276	179.0
32.32151683065769	179.0
32.33151729997411	181.0
32.341517769290526	181.0
32.35151823860694	183.0
32.36151870792336	185.0
32.371519177239776	187.0
32.38151964655619	190.0
32.39152011587261	190.0
32.401520585189026	192.0
32.41152105450544	194.0
32.42152152382185	194.0
32.43152199313827	194.0
32.441522462454685	196.0
32.4515229317711	196.0
32.46152340108752	196.0
32.471523870403935	196.0
32.48152433972035	199.0
32.49152480903677	196.0
32.501525278353185	196.0
32.5115257476696	196.0
32.52152621698602	194.0
32.531526686302435	192.0
32.54152715561885	190.0
32.55152762493527	187.0
32.561528094251685	185.0
32.5715285635681	185.0
32.58152903288452	185.0
32.591529502200935	185.0
32.60152997151735	187.0
32.61153044083377	187.0
32.621530910150184	190.0
32.6315313794666	192.0
32.64153184878302	192.0
32.651532318099434	194.0
32.66153278741585	196.0
32.67153325673227	196.0
32.681533726048684	196.0
32.691534195365094	199.0
32.70153466468151	199.0
32.71153513399793	199.0
32.721535603314344	199.0
32.73153607263076	199.0
32.74153654194718	199.0
32.75153701126359	199.0
32.76153748058001	199.0
32.77153794989643	199.0
32.78153841921284	199.0
32.79153888852926	199.0
32.80153935784568	199.0
32.81153982716209	199.0
32.82154029647851	199.0
32.83154076579493	199.0
32.84154123511134	196.0
32.85154170442776	194.0
32.861542173744176	192.0
32.87154264306059	187.0
32.88154311237701	183.0
32.891543581693426	179.0
32.90154405100984	175.0
32.91154452032626	173.0
32.921544989642676	171.0
32.93154545895909	171.0
32.94154592827551	171.0
32.951546397591926	173.0
32.961546866908336	173.0
32.97154733622475	173.0
32.98154780554117	171.0
32.991548274857585	169.0
33.001548744174	169.0
33.01154921349042	167.0
33.021549682806835	167.0
33.03155015212325	167.0
33.04155062143967	167.0
33.051551090756085	165.0
33.0615515600725	165.0
33.07155202938892	165.0
33.081552498705335	165.0
33.09155296802175	165.0
33.10155343733817	165.0
33.111553906654585	165.0
33.121554375971	165.0
33.13155484528742	165.0
33.141555314603835	165.0
33.15155578392025	165.0
33.16155625323667	165.0
33.171556722553085	165.0
33.1815571918695	165.0
33.19155766118592	165.0
33.201558130502335	165.0
33.21155859981875	167.0
33.22155906913517	169.0
33.23155953845158	173.0
33.241560007767994	175.0
33.25156047708441	177.0
33.26156094640083	179.0
33.271561415717244	179.0
33.28156188503366	177.0
33.29156235435008	175.0
33.301562823666494	175.0
33.31156329298291	173.0
33.32156376229933	171.0
33.331564231615744	169.0
33.34156470093216	169.0
33.35156517024858	169.0
33.36156563956499	167.0
33.37156610888141	167.0
33.38156657819783	167.0
33.39156704751424	167.0
33.40156751683066	167.0
33.41156798614708	167.0
33.42156845546349	167.0
33.43156892477991	169.0
33.44156939409633	171.0
33.45156986341274	175.0
33.46157033272916	177.0
33.471570802045576	179.0
33.48157127136199	181.0
33.49157174067841	181.0
33.501572209994826	183.0
33.511572679311236	181.0
33.52157314862765	181.0
33.53157361794407	177.0
33.541574087260486	175.0
33.5515745565769	171.0
33.56157502589332	167.0
33.571575495209736	163.0
33.58157596452615	158.0
33.59157643384257	150.0
33.601576903158985	144.0
33.6115773724754	0.0
33.62157784179182	0.0
33.631578311108235	0.0
33.64157878042465	0.0
33.65157924974107	0.0
33.661579719057485	0.0
33.6715801883739	0.0
33.68158065769032	0.0
33.691581127006735	0.0
33.70158159632315	0.0
33.71158206563957	0.0
33.721582534955985	0.0
33.7315830042724	0.0
33.74158347358882	0.0
33.751583942905235	0.0
33.76158441222165	0.0
33.77158488153807	0.0
33.78158535085448	0.0
33.791585820170894	0.0
33.80158628948731	0.0
33.81158675880373	0.0
33.821587228120144	0.0
33.83158769743656	0.0
33.84158816675298	0.0
33.851588636069394	0.0
33.86158910538581	0.0
33.87158957470223	0.0
33.881590044018644	0.0
33.89159051333506	0.0
33.90159098265148	0.0
33.911591451967894	0.0
33.92159192128431	0.0
33.93159239060073	0.0
33.941592859917144	0.0
33.95159332923356	0.0
33.96159379854998	0.0
33.971594267866394	0.0
33.98159473718281	0.0
33.99159520649923	0.0
34.00159567581564	0.0
34.01159614513206	0.0
34.02159661444848	0.0
34.03159708376489	0.0
34.04159755308131	0.0
34.05159802239772	0.0
34.061598491714136	0.0
34.07159896103055	0.0
34.08159943034697	0.0
34.091599899663386	0.0
34.1016003689798	0.0
34.11160083829622	0.0
34.121601307612636	0.0
34.13160177692905	0.0
34.14160224624547	0.0
34.151602715561886	0.0
34.1616031848783	0.0
34.17160365419472	0.0
34.181604123511136	0.0
34.19160459282755	0.0
34.20160506214397	0.0
34.211605531460386	0.0
34.2216060007768	0.0
34.23160647009322	0.0
34.241606939409635	0.0
34.25160740872605	0.0
34.26160787804247	0.0
34.271608347358885	0.0
34.2816088166753	0.0
34.29160928599172	0.0
34.301609755308135	0.0
34.31161022462455	0.0
34.32161069394096	0.0
34.33161116325738	0.0
34.341611632573795	0.0
34.35161210189021	0.0
34.36161257120663	0.0
34.371613040523044	0.0
34.38161350983946	0.0
34.39161397915588	0.0
34.401614448472294	0.0
34.41161491778871	0.0
34.42161538710513	0.0
34.431615856421544	0.0
34.44161632573796	0.0
34.45161679505438	0.0
34.461617264370794	0.0
34.47161773368721	0.0
34.48161820300363	0.0
34.491618672320044	0.0
34.50161914163646	0.0
34.51161961095288	0.0
34.521620080269294	0.0
34.53162054958571	0.0
34.54162101890213	0.0
34.551621488218544	0.0
34.56162195753496	0.0
34.57162242685138	0.0
34.581622896167794	0.0
34.5916233654842	0.0
34.60162383480062	0.0
34.611624304117036	0.0
34.62162477343345	0.0
34.63162524274987	0.0
34.641625712066286	0.0
34.6516261813827	0.0
34.66162665069912	0.0
34.671627120015536	0.0
34.68162758933195	0.0
34.69162805864837	0.0
34.701628527964786	0.0
34.7116289972812	0.0
34.72162946659762	0.0
34.731629935914036	0.0
34.74163040523045	0.0
34.75163087454687	0.0
34.761631343863286	0.0
34.7716318131797	0.0
34.78163228249612	0.0
34.791632751812536	0.0
34.80163322112895	0.0
34.81163369044537	0.0
34.821634159761786	0.0
34.8316346290782	0.0
34.84163509839462	190.0
34.851635567711035	187.0
34.861636037027445	185.0
34.87163650634386	183.0
34.88163697566028	183.0
34.891637444976695	183.0
34.90163791429311	183.0
34.91163838360953	181.0
34.921638852925945	181.0
34.93163932224236	177.0
34.94163979155878	175.0
34.951640260875195	173.0
34.96164073019161	169.0
34.97164119950803	165.0
34.981641668824444	161.0
34.99164213814086	159.0
35.00164260745728	156.0
35.011643076773694	156.0
35.02164354609011	156.0
35.03164401540653	156.0
35.041644484722944	158.0
35.05164495403936	159.0
35.06164542335578	161.0
35.071645892672194	165.0
35.08164636198861	169.0
35.09164683130503	173.0
35.101647300621444	177.0
35.11164776993786	181.0
35.12164823925428	183.0
35.13164870857069	187.0
35.1416491778871	187.0
35.15164964720352	187.0
35.16165011651994	187.0
35.17165058583635	185.0
35.18165105515277	181.0
35.19165152446919	179.0
35.2016519937856	175.0
35.21165246310202	173.0
35.221652932418436	169.0
35.23165340173485	167.0
35.24165387105127	165.0
35.251654340367686	163.0
35.2616548096841	161.0
35.27165527900052	159.0
35.281655748316936	159.0
35.29165621763335	159.0
35.30165668694977	159.0
35.311657156266186	161.0
35.3216576255826	163.0
35.33165809489902	165.0
35.341658564215436	167.0
35.35165903353185	169.0
35.36165950284827	171.0
35.371659972164686	173.0
35.3816604414811	175.0
35.39166091079752	177.0
35.40166138011393	179.0
35.411661849430345	181.0
35.42166231874676	183.0
35.43166278806318	183.0
35.441663257379595	185.0
35.45166372669601	185.0
35.46166419601243	183.0
35.471664665328845	183.0
35.48166513464526	183.0
35.49166560396168	183.0
35.501666073278095	183.0
35.51166654259451	183.0
35.52166701191093	183.0
35.531667481227345	185.0
35.54166795054376	185.0
35.55166841986018	187.0
35.561668889176595	187.0
35.57166935849301	190.0
35.58166982780943	190.0
35.591670297125845	190.0
35.60167076644226	187.0
35.61167123575868	185.0
35.621671705075094	183.0
35.63167217439151	181.0
35.64167264370793	177.0
35.651673113024344	175.0
35.66167358234076	175.0
35.67167405165718	175.0
35.68167452097359	175.0
35.691674990290004	177.0
35.70167545960642	179.0
35.71167592892284	181.0
35.721676398239254	185.0
35.73167686755567	187.0
35.74167733687209	190.0
35.7516778061885	192.0
35.76167827550492	192.0
35.77167874482134	194.0
35.78167921413775	196.0
35.79167968345417	194.0
35.80168015277059	194.0
35.811680622087	190.0
35.82168109140342	187.0
35.83168156071984	185.0
35.84168203003625	185.0
35.85168249935267	185.0
35.861682968669086	185.0
35.8716834379855	185.0
35.88168390730192	185.0
35.891684376618336	187.0
35.90168484593475	190.0
35.91168531525117	194.0
35.921685784567586	196.0
35.931686253884	201.0
35.94168672320042	203.0
35.95168719251683	203.0
35.961687661833245	203.0
35.97168813114966	201.0
35.98168860046608	199.0
35.991689069782495	194.0
36.00168953909891	190.0
36.01169000841533	187.0
36.021690477731745	183.0
36.03169094704816	181.0
36.04169141636458	179.0
36.051691885680995	177.0
36.06169235499741	173.0
36.07169282431383	171.0
36.081693293630245	167.0
36.09169376294666	165.0
36.10169423226308	163.0
36.111694701579495	163.0
36.12169517089591	161.0
36.13169564021233	161.0
36.141696109528745	165.0
36.15169657884516	171.0
36.16169704816158	179.0
36.171697517477995	185.0
36.18169798679441	190.0
36.19169845611083	196.0
36.201698925427245	201.0
36.21169939474366	203.0
36.22169986406007	208.0
36.23170033337649	213.0
36.241700802692904	215.0
36.25170127200932	220.0
36.26170174132574	220.0
36.271702210642154	223.0
36.28170267995857	223.0
36.29170314927499	223.0
36.301703618591404	223.0
36.31170408790782	223.0
36.32170455722424	223.0
36.331705026540654	226.0
36.34170549585707	226.0
36.35170596517349	223.0
36.3617064344899	223.0
36.37170690380632	223.0
36.38170737312274	220.0
36.39170784243915	220.0
36.40170831175557	220.0
36.41170878107199	220.0
36.4217092503884	220.0
36.43170971970482	220.0
36.44171018902124	220.0
36.45171065833765	220.0
36.46171112765407	218.0
36.471711596970486	218.0
36.4817120662869	218.0
36.49171253560331	218.0
36.50171300491973	220.0
36.511713474236146	220.0
36.52171394355256	220.0
36.53171441286898	220.0
36.541714882185396	220.0
36.55171535150181	220.0
36.56171582081823	220.0
36.571716290134646	220.0
36.58171675945106	220.0
36.59171722876748	223.0
36.601717698083895	223.0
36.61171816740031	223.0
36.62171863671673	223.0
36.631719106033145	220.0
36.64171957534956	220.0
36.65172004466598	218.0
36.661720513982395	218.0
36.67172098329881	218.0
36.68172145261523	218.0
36.691721921931645	218.0
36.70172239124806	218.0
36.71172286056448	218.0
36.721723329880895	218.0
36.73172379919731	220.0
36.74172426851373	220.0
36.751724737830145	220.0
36.761725207146554	223.0
36.77172567646297	223.0
36.78172614577939	223.0
36.791726615095804	223.0
36.80172708441222	223.0
36.81172755372864	223.0
36.821728023045054	223.0
36.83172849236147	223.0
36.84172896167789	223.0
36.851729430994304	223.0
36.86172990031072	223.0
36.87173036962714	223.0
36.881730838943554	223.0
36.89173130825997	223.0
36.90173177757639	223.0
36.911732246892804	223.0
36.92173271620922	220.0
36.93173318552564	220.0
36.941733654842054	220.0
36.95173412415847	218.0
36.96173459347489	218.0
36.9717350627913	215.0
36.98173553210772	213.0
36.99173600142414	213.0
37.00173647074055	210.0
37.01173694005697	208.0
37.02173740937339	208.0
37.031737878689796	208.0
37.04173834800621	213.0
37.05173881732263	215.0
37.061739286639046	223.0
37.07173975595546	231.0
37.08174022527188	242.0
37.091740694588296	253.0
37.10174116390471	275.0
37.11174163322113	284.0
37.121742102537546	288.0
37.13174257185396	284.0
37.14174304117038	281.0
37.151743510486796	275.0
37.16174397980321	262.0
37.17174444911963	242.0
37.181744918436046	226.0
37.19174538775246	218.0
37.20174585706888	215.0
37.211746326385295	215.0
37.22174679570171	218.0
37.23174726501813	220.0
37.241747734334545	223.0
37.25174820365096	223.0
37.26174867296738	226.0
37.271749142283795	223.0
37.28174961160021	220.0
37.29175008091663	218.0
37.30175055023304	210.0
37.311751019549455	203.0
37.32175148886587	196.0
37.33175195818229	190.0
37.341752427498704	183.0
37.35175289681512	181.0
37.36175336613154	179.0
37.371753835447954	181.0
37.38175430476437	183.0
37.39175477408079	185.0
37.401755243397204	187.0
37.41175571271362	190.0
37.42175618203004	192.0
37.431756651346454	194.0
37.44175712066287	196.0
37.45175758997929	199.0
37.461758059295704	199.0
37.47175852861212	199.0
37.48175899792854	199.0
37.491759467244954	199.0
37.50175993656137	199.0
37.51176040587779	196.0
37.521760875194204	196.0
37.53176134451062	194.0
37.54176181382704	194.0
37.551762283143454	194.0
37.56176275245987	194.0
37.57176322177628	194.0
37.581763691092696	194.0
37.59176416040911	194.0
37.60176462972553	194.0
37.611765099041946	194.0
37.62176556835836	194.0
37.63176603767478	194.0
37.641766506991196	194.0
37.65176697630761	194.0
37.66176744562403	194.0
37.671767914940446	194.0
37.68176838425686	194.0
37.69176885357328	194.0
37.701769322889696	196.0
37.71176979220611	196.0
37.72177026152253	196.0
37.731770730838946	199.0
37.74177120015536	199.0
37.75177166947178	199.0
37.761772138788196	199.0
37.77177260810461	199.0
37.78177307742103	199.0
37.791773546737446	196.0
37.80177401605386	192.0
37.81177448537028	190.0
37.821774954686695	185.0
37.83177542400311	185.0
37.84177589331953	185.0
37.85177636263594	185.0
37.861776831952355	187.0
37.87177730126877	190.0
37.88177777058519	194.0
37.891778239901605	196.0
37.90177870921802	199.0
37.91177917853444	201.0
37.921779647850855	203.0
37.93178011716727	203.0
37.94178058648369	203.0
37.951781055800105	201.0
37.96178152511652	199.0
37.97178199443294	196.0
37.981782463749354	194.0
37.99178293306577	192.0
38.00178340238219	192.0
38.011783871698604	190.0
38.02178434101502	190.0
38.03178481033144	190.0
38.041785279647854	192.0
38.05178574896427	192.0
38.06178621828069	194.0
38.071786687597104	194.0
38.08178715691352	196.0
38.09178762622994	199.0
38.101788095546354	201.0
38.11178856486277	201.0
38.12178903417918	203.0
38.1317895034956	203.0
38.14178997281201	201.0
38.15179044212843	201.0
38.16179091144485	196.0
38.17179138076126	194.0
38.18179185007768	192.0
38.1917923193941	190.0
38.20179278871051	190.0
38.21179325802693	192.0
38.221793727343346	192.0
38.23179419665976	194.0
38.24179466597618	196.0
38.251795135292596	199.0
38.26179560460901	203.0
38.27179607392543	208.0
38.281796543241846	213.0
38.29179701255826	220.0
38.30179748187468	223.0
38.311797951191096	228.0
38.32179842050751	228.0
38.33179888982393	228.0
38.341799359140346	228.0
38.35179982845676	228.0
38.36180029777318	226.0
38.371800767089596	223.0
38.38180123640601	218.0
38.39180170572242	215.0
38.40180217503884	213.0
38.411802644355255	206.0
38.42180311367167	199.0
38.43180358298809	194.0
38.441804052304505	190.0
38.45180452162092	187.0
38.46180499093734	187.0
38.471805460253755	190.0
38.48180592957017	190.0
38.49180639888659	192.0
38.501806868203005	194.0
38.51180733751942	194.0
38.52180780683584	194.0
38.531808276152255	194.0
38.54180874546867	194.0
38.55180921478509	194.0
38.561809684101505	194.0
38.57181015341792	194.0
38.58181062273434	194.0
38.591811092050754	192.0
38.60181156136717	190.0
38.61181203068359	190.0
38.621812500000004	187.0
38.63181296931642	185.0
38.64181343863284	183.0
38.651813907949254	183.0
38.661814377265664	181.0
38.67181484658208	181.0
38.6818153158985	181.0
38.691815785214914	183.0
38.70181625453133	183.0
38.71181672384775	185.0
38.72181719316416	187.0
38.73181766248058	190.0
38.741818131797	190.0
38.75181860111341	192.0
38.76181907042983	194.0
38.77181953974625	194.0
38.78182000906266	196.0
38.79182047837908	199.0
38.8018209476955	199.0
38.81182141701191	199.0
38.82182188632833	199.0
38.831822355644746	196.0
38.84182282496116	196.0
38.85182329427758	194.0
38.861823763593996	194.0
38.87182423291041	192.0
38.88182470222683	190.0
38.891825171543246	187.0
38.90182564085966	185.0
38.91182611017608	183.0
38.921826579492496	183.0
38.931827048808906	183.0
38.94182751812532	183.0
38.95182798744174	185.0
38.961828456758155	187.0
38.97182892607457	190.0
38.98182939539099	190.0
38.991829864707405	192.0
39.00183033402382	194.0
39.01183080334024	196.0
39.021831272656655	196.0
39.03183174197307	199.0
39.04183221128949	199.0
39.051832680605905	199.0
39.06183314992232	199.0
39.07183361923874	199.0
39.081834088555155	199.0
39.09183455787157	199.0
39.10183502718799	199.0
39.111835496504405	199.0
39.12183596582082	199.0
39.13183643513724	199.0
39.141836904453655	199.0
39.15183737377007	199.0
39.16183784308649	199.0
39.171838312402905	199.0
39.18183878171932	196.0
39.19183925103574	194.0
39.20183972035215	190.0
39.211840189668564	185.0
39.22184065898498	181.0
39.2318411283014	175.0
39.241841597617814	171.0
39.25184206693423	167.0
39.26184253625065	163.0
39.271843005567064	163.0
39.28184347488348	161.0
39.2918439441999	161.0
39.301844413516314	163.0
39.31184488283273	165.0
39.32184535214915	169.0
39.33184582146556	169.0
39.34184629078198	169.0
39.3518467600984	169.0
39.36184722941481	169.0
39.37184769873123	169.0
39.38184816804765	167.0
39.39184863736406	167.0
39.40184910668048	167.0
39.4118495759969	167.0
39.42185004531331	167.0
39.43185051462973	167.0
39.441850983946146	167.0
39.45185145326256	167.0
39.46185192257898	167.0
39.47185239189539	167.0
39.481852861211806	165.0
39.49185333052822	165.0
39.50185379984464	163.0
39.511854269161056	163.0
39.52185473847747	161.0
39.53185520779389	161.0
39.541855677110306	163.0
39.55185614642672	163.0
39.56185661574314	165.0
39.571857085059555	167.0
39.58185755437597	169.0
39.59185802369239	171.0
39.601858493008805	173.0
39.61185896232522	175.0
39.62185943164164	177.0
39.631859900958055	179.0
39.64186037027447	179.0
39.65186083959089	177.0
39.661861308907305	175.0
39.67186177822372	173.0
39.68186224754014	171.0
39.691862716856555	167.0
39.70186318617297	167.0
39.71186365548939	165.0
39.721864124805805	165.0
39.73186459412222	167.0
39.74186506343863	169.0
39.75186553275505	171.0
39.761866002071464	173.0
39.77186647138788	175.0
39.7818669407043	177.0
39.791867410020714	177.0
39.80186787933713	177.0
39.81186834865355	175.0
39.821868817969964	171.0
39.83186928728638	167.0
39.8418697566028	165.0
39.851870225919214	163.0
39.86187069523563	163.0
39.87187116455205	163.0
39.881871633868464	165.0
39.89187210318488	167.0
39.9018725725013	171.0
39.911873041817714	173.0
39.92187351113413	177.0
39.93187398045055	181.0
39.94187444976696	185.0
39.95187491908338	187.0
39.9618753883998	192.0
39.97187585771621	194.0
39.98187632703263	199.0
39.99187679634905	201.0
40.00187726566546	201.0
40.01187773498188	201.0
40.02187820429829	196.0
40.031878673614706	190.0
40.04187914293112	185.0
40.05187961224754	181.0
40.061880081563956	177.0
40.07188055088037	173.0
40.08188102019679	171.0
40.091881489513206	167.0
40.10188195882962	167.0
40.11188242814604	165.0
40.121882897462456	165.0
40.13188336677887	165.0
40.14188383609529	167.0
40.151884305411706	171.0
40.16188477472812	177.0
40.17188524404454	183.0
40.181885713360955	192.0
40.19188618267737	201.0
40.20188665199379	210.0
40.211887121310205	215.0
40.22188759062662	215.0
40.23188805994304	213.0
40.241888529259455	206.0
40.25188899857587	199.0
40.26188946789229	187.0
40.271889937208705	177.0
40.28189040652512	167.0
40.29189087584153	163.0
40.30189134515795	161.0
40.311891814474365	163.0
40.32189228379078	165.0
40.3318927531072	169.0
40.341893222423614	173.0
40.35189369174003	177.0
40.36189416105645	181.0
40.371894630372864	183.0
40.38189509968928	185.0
40.3918955690057	185.0
40.401896038322114	181.0
40.41189650763853	175.0
40.42189697695495	169.0
40.431897446271364	159.0
40.44189791558778	152.0
40.4518983849042	149.0
40.461898854220614	147.0
40.47189932353703	145.0
40.48189979285345	145.0
40.491900262169864	145.0
40.50190073148628	147.0
40.5119012008027	147.0
40.521901670119114	149.0
40.53190213943553	149.0
40.54190260875195	149.0
40.551903078068364	147.0
40.56190354738477	145.0
40.57190401670119	144.0
40.581904486017606	140.0
40.59190495533402	134.0
40.60190542465044	128.0
40.611905893966856	121.0
40.62190636328327	0.0
40.63190683259969	0.0
40.641907301916106	0.0
40.65190777123252	0.0
40.66190824054894	0.0
40.671908709865356	0.0
40.68190917918177	0.0
40.69190964849819	0.0
40.701910117814606	0.0
40.71191058713102	0.0
40.72191105644744	0.0
40.731911525763856	0.0
40.74191199508027	0.0
40.75191246439669	0.0
40.761912933713106	0.0
40.77191340302952	0.0
40.78191387234594	0.0
40.791914341662356	0.0
40.80191481097877	0.0
40.81191528029519	0.0
40.821915749611605	0.0
40.831916218928015	0.0
40.84191668824443	0.0
40.85191715756085	0.0
40.861917626877265	0.0
40.87191809619368	0.0
40.8819185655101	0.0
40.891919034826515	0.0
40.90191950414293	0.0
40.91191997345935	0.0
40.921920442775765	0.0
40.93192091209218	0.0
40.9419213814086	0.0
40.951921850725014	0.0
40.96192232004143	0.0
40.97192278935785	0.0
40.981923258674264	0.0
40.99192372799068	0.0
41.0019241973071	0.0
41.011924666623514	0.0
41.02192513593993	0.0
41.03192560525635	0.0
41.041926074572764	0.0
41.05192654388918	0.0
41.0619270132056	0.0
41.071927482522014	0.0
41.08192795183843	0.0
41.09192842115485	0.0
41.10192889047126	0.0
41.11192935978767	0.0
41.12192982910409	0.0
41.13193029842051	0.0
41.14193076773692	0.0
41.15193123705334	0.0
41.16193170636976	0.0
41.17193217568617	0.0
41.18193264500259	0.0
41.191933114319006	0.0
41.20193358363542	0.0
41.21193405295184	0.0
41.221934522268256	0.0
41.23193499158467	0.0
41.24193546090109	0.0
41.251935930217506	0.0
41.26193639953392	0.0
41.27193686885034	0.0
41.281937338166756	0.0
41.29193780748317	0.0
41.30193827679959	0.0
41.311938746116006	0.0
41.32193921543242	0.0
41.33193968474884	0.0
41.341940154065256	0.0
41.35194062338167	0.0
41.36194109269809	0.0
41.3719415620145	0.0
41.381942031330915	0.0
41.39194250064733	0.0
41.40194296996375	0.0
41.411943439280165	0.0
41.42194390859658	0.0
41.431944377913	0.0
41.441944847229415	0.0
41.45194531654583	0.0
41.46194578586225	0.0
41.471946255178665	0.0
41.48194672449508	0.0
41.4919471938115	0.0
41.501947663127915	0.0
41.51194813244433	0.0
41.52194860176075	0.0
41.531949071077165	0.0
41.54194954039358	0.0
41.55195000971	0.0
41.561950479026414	0.0
41.57195094834283	0.0
41.58195141765925	0.0
41.591951886975664	0.0
41.60195235629208	0.0
41.6119528256085	0.0
41.621953294924914	0.0
41.63195376424133	0.0
41.64195423355774	0.0
41.65195470287416	0.0
41.661955172190574	0.0
41.67195564150699	0.0
41.68195611082341	0.0
41.69195658013982	0.0
41.70195704945624	0.0
41.71195751877266	0.0
41.72195798808907	0.0
41.73195845740549	0.0
41.74195892672191	0.0
41.75195939603832	0.0
41.76195986535474	0.0
41.77196033467116	0.0
41.78196080398757	0.0
41.79196127330399	0.0
41.801961742620406	0.0
41.81196221193682	0.0
41.82196268125324	0.0
41.831963150569656	0.0
41.84196361988607	0.0
41.85196408920249	0.0
41.861964558518906	0.0
41.87196502783532	0.0
41.88196549715174	0.0
41.891965966468156	0.0
41.90196643578457	0.0
41.91196690510098	0.0
41.9219673744174	0.0
41.931967843733815	0.0
41.94196831305023	0.0
41.95196878236665	0.0
41.961969251683065	0.0
41.97196972099948	0.0
41.9819701903159	0.0
41.991970659632315	0.0
42.00197112894873	0.0
42.01197159826515	0.0
42.021972067581565	0.0
42.03197253689798	0.0
42.0419730062144	0.0
42.051973475530815	0.0
42.06197394484723	0.0
42.07197441416365	0.0
42.081974883480065	0.0
42.09197535279648	0.0
42.1019758221129	0.0
42.111976291429315	0.0
42.12197676074573	0.0
42.13197723006215	0.0
42.141977699378565	0.0
42.15197816869498	0.0
42.1619786380114	0.0
42.171979107327815	0.0
42.18197957664423	0.0
42.19198004596064	0.0
42.20198051527706	0.0
42.211980984593474	0.0
42.22198145390989	0.0
42.23198192322631	0.0
42.241982392542724	0.0
42.25198286185914	0.0
42.26198333117556	0.0
42.271983800491974	0.0
42.28198426980839	0.0
42.29198473912481	0.0
42.301985208441224	0.0
42.31198567775764	0.0
42.32198614707406	0.0
42.33198661639047	0.0
42.34198708570689	0.0
42.35198755502331	0.0
42.36198802433972	0.0
42.37198849365614	0.0
42.38198896297256	0.0
42.39198943228897	0.0
42.40198990160539	0.0
42.41199037092181	0.0
42.42199084023822	0.0
42.43199130955464	0.0
42.441991778871056	0.0
42.45199224818747	0.0
42.46199271750388	0.0
42.4719931868203	0.0
42.481993656136716	0.0
42.49199412545313	0.0
42.50199459476955	0.0
42.511995064085966	0.0
42.52199553340238	0.0
42.5319960027188	0.0
42.541996472035216	0.0
42.55199694135163	0.0
42.56199741066805	0.0
42.571997879984465	115.0
42.58199834930088	114.0
42.5919988186173	113.0
42.601999287933715	110.0
42.61199975725013	109.0
42.62200022656655	107.0
42.632000695882965	106.0
42.64200116519938	106.0
42.6520016345158	105.0
42.662002103832215	105.0
42.67200257314863	105.0
42.68200304246505	106.0
42.692003511781465	107.0
42.70200398109788	110.0
42.7120044504143	113.0
42.722004919730715	115.0
42.732005389047124	119.0
42.74200585836354	125.0
42.75200632767996	129.0
42.762006796996374	136.0
42.77200726631279	140.0
42.78200773562921	145.0
42.792008204945624	149.0
42.80200867426204	152.0
42.81200914357846	154.0
42.822009612894874	152.0
42.83201008221129	150.0
42.84201055152771	145.0
42.852011020844124	140.0
42.86201149016054	134.0
42.87201195947696	128.0
42.882012428793374	121.0
42.89201289810979	117.0
42.90201336742621	114.0
42.912013836742624	113.0
42.92201430605904	114.0
42.93201477537546	115.0
42.94201524469187	119.0
42.95201571400829	122.0
42.96201618332471	128.0
42.97201665264112	132.0
42.98201712195754	137.0
42.99201759127396	140.0
43.002018060590366	144.0
43.01201852990678	145.0
43.0220189992232	147.0
43.032019468539616	149.0
43.04201993785603	149.0
43.05202040717245	150.0
43.062020876488866	150.0
43.07202134580528	150.0
43.0820218151217	150.0
43.092022284438116	150.0
43.10202275375453	150.0
43.11202322307095	150.0
43.122023692387366	149.0
43.13202416170378	149.0
43.1420246310202	149.0
43.152025100336616	147.0
43.16202556965303	147.0
43.17202603896945	147.0
43.182026508285865	147.0
43.19202697760228	147.0
43.2020274469187	149.0
43.212027916235115	150.0
43.22202838555153	154.0
43.23202885486795	158.0
43.242029324184365	161.0
43.25202979350078	169.0
43.2620302628172	177.0
43.27203073213361	183.0
43.282031201450025	187.0
43.29203167076644	192.0
43.30203214008286	194.0
43.312032609399274	196.0
43.32203307871569	196.0
43.33203354803211	194.0
43.342034017348524	192.0
43.35203448666494	187.0
43.36203495598136	185.0
43.372035425297774	181.0
43.38203589461419	177.0
43.39203636393061	175.0
43.402036833247024	171.0
43.41203730256344	169.0
43.42203777187986	167.0
43.432038241196274	165.0
43.44203871051269	163.0
43.45203917982911	163.0
43.462039649145524	163.0
43.47204011846194	163.0
43.48204058777836	165.0
43.492041057094774	167.0
43.50204152641119	171.0
43.51204199572761	173.0
43.522042465044024	175.0
43.53204293436044	179.0
43.54204340367685	181.0
43.552043872993266	185.0
43.56204434230968	190.0
43.5720448116261	192.0
43.582045280942516	196.0
43.59204575025893	199.0
43.60204621957535	201.0
43.612046688891766	199.0
43.62204715820818	199.0
43.6320476275246	194.0
43.642048096841016	192.0
43.65204856615743	187.0
43.66204903547385	185.0
43.672049504790266	183.0
43.68204997410668	181.0
43.6920504434231	179.0
43.702050912739516	177.0
43.71205138205593	177.0
43.72205185137235	177.0
43.732052320688766	179.0
43.74205279000518	181.0
43.7520532593216	183.0
43.762053728638016	187.0
43.77205419795443	190.0
43.78205466727085	194.0
43.792055136587265	196.0
43.80205560590368	199.0
43.81205607522009	199.0
43.82205654453651	199.0
43.832057013852925	196.0
43.84205748316934	194.0
43.85205795248576	192.0
43.862058421802175	190.0
43.87205889111859	185.0
43.88205936043501	185.0
43.892059829751425	183.0
43.90206029906784	181.0
43.91206076838426	179.0
43.922061237700674	179.0
43.93206170701709	179.0
43.94206217633351	179.0
43.952062645649924	183.0
43.96206311496634	190.0
43.97206358428276	196.0
43.982064053599174	203.0
43.99206452291559	213.0
44.00206499223201	220.0
44.012065461548424	228.0
44.02206593086484	231.0
44.03206640018126	228.0
44.042066869497674	223.0
44.05206733881409	215.0
44.06206780813051	203.0
44.072068277446924	190.0
44.08206874676333	183.0
44.09206921607975	181.0
44.10206968539617	183.0
44.11207015471258	185.0
44.122070624029	187.0
44.13207109334542	190.0
44.14207156266183	192.0
44.15207203197825	194.0
44.162072501294666	196.0
44.17207297061108	196.0
44.1820734399275	196.0
44.192073909243916	194.0
44.20207437856033	192.0
44.21207484787675	190.0
44.222075317193166	187.0
44.23207578650958	183.0
44.242076255826	181.0
44.252076725142416	179.0
44.26207719445883	177.0
44.27207766377525	177.0
44.282078133091666	177.0
44.29207860240808	179.0
44.3020790717245	181.0
44.312079541040916	185.0
44.32208001035733	187.0
44.33208047967375	190.0
44.342080948990166	192.0
44.35208141830658	194.0
44.36208188762299	194.0
44.37208235693941	194.0
44.382082826255825	194.0
44.39208329557224	192.0
44.40208376488866	190.0
44.412084234205075	187.0
44.42208470352149	185.0
44.43208517283791	183.0
44.442085642154325	179.0
44.45208611147074	177.0
44.46208658078716	177.0
44.472087050103575	177.0
44.48208751941999	179.0
44.49208798873641	181.0
44.502088458052825	185.0
44.51208892736924	187.0
44.52208939668566	192.0
44.532089866002075	194.0
44.54209033531849	196.0
44.55209080463491	199.0
44.562091273951324	199.0
44.57209174326774	196.0
44.58209221258416	196.0
44.592092681900574	192.0
44.60209315121699	190.0
44.61209362053341	185.0
44.622094089849824	179.0
44.632094559166234	175.0
44.64209502848265	171.0
44.65209549779907	167.0
44.662095967115484	167.0
44.6720964364319	165.0
44.68209690574832	165.0
44.69209737506473	165.0
44.70209784438115	165.0
44.71209831369757	165.0
44.72209878301398	163.0
44.7320992523304	163.0
44.74209972164682	163.0
44.75210019096323	163.0
44.76210066027965	163.0
44.77210112959607	163.0
44.78210159891248	165.0
44.7921020682289	165.0
44.802102537545316	165.0
44.81210300686173	165.0
44.82210347617815	165.0
44.832103945494566	165.0
44.84210441481098	165.0
44.8521048841274	165.0
44.862105353443816	165.0
44.87210582276023	167.0
44.88210629207665	167.0
44.892106761393066	167.0
44.902107230709476	167.0
44.91210770002589	169.0
44.92210816934231	169.0
44.932108638658725	173.0
44.94210910797514	175.0
44.95210957729156	177.0
44.962110046607975	179.0
44.97211051592439	179.0
44.98211098524081	179.0
44.992111454557225	177.0
45.00211192387364	175.0
45.01211239319006	171.0
45.022112862506475	167.0
45.03211333182289	163.0
45.04211380113931	161.0
45.052114270455725	161.0
45.06211473977214	163.0
45.07211520908856	163.0
45.082115678404975	165.0
45.09211614772139	167.0
45.10211661703781	171.0
45.112117086354225	173.0
45.12211755567064	177.0
45.13211802498706	181.0
45.142118494303475	183.0
45.15211896361989	185.0
45.16211943293631	187.0
45.17211990225272	185.0
45.182120371569134	183.0
45.19212084088555	179.0
45.20212131020197	177.0
45.212121779518384	173.0
45.2221222488348	167.0
45.23212271815122	163.0
45.242123187467634	161.0
45.25212365678405	159.0
45.26212412610047	159.0
45.272124595416884	161.0
45.2821250647333	163.0
45.29212553404972	169.0
45.30212600336613	177.0
45.31212647268255	183.0
45.32212694199897	192.0
45.33212741131538	201.0
45.3421278806318	206.0
45.35212834994822	210.0
45.36212881926463	210.0
45.37212928858105	206.0
45.38212975789747	196.0
45.39213022721388	185.0
45.4021306965303	175.0
45.412131165846716	167.0
45.42213163516313	161.0
45.43213210447955	161.0
45.44213257379596	163.0
45.452133043112376	167.0
45.46213351242879	171.0
45.47213398174521	175.0
45.482134451061626	179.0
45.49213492037804	181.0
45.50213538969446	181.0
45.512135859010876	179.0
45.52213632832729	175.0
45.53213679764371	169.0
45.542137266960125	163.0
45.55213773627654	156.0
45.56213820559296	152.0
45.572138674909375	150.0
45.58213914422579	150.0
45.59213961354221	150.0
45.602140082858625	150.0
45.61214055217504	150.0
45.62214102149146	149.0
45.632141490807875	147.0
45.64214196012429	144.0
45.65214242944071	140.0
45.662142898757125	136.0
45.67214336807354	129.0
45.68214383738996	125.0
45.692144306706375	118.0
45.70214477602279	0.0
45.7121452453392	0.0
45.72214571465562	0.0
45.732146183972034	0.0
45.74214665328845	0.0
45.75214712260487	0.0
45.762147591921284	0.0
45.7721480612377	0.0
45.78214853055412	150.0
45.792148999870534	150.0
45.80214946918695	0.0
45.81214993850337	0.0
45.822150407819784	0.0
45.8321508771362	0.0
45.84215134645262	0.0
45.852151815769034	0.0
45.86215228508545	0.0
45.87215275440187	0.0
45.882153223718284	0.0
45.8921536930347	0.0
45.90215416235112	0.0
45.91215463166753	0.0
45.92215510098395	0.0
45.93215557030037	0.0
45.94215603961678	0.0
45.9521565089332	0.0
45.96215697824962	0.0
45.97215744756603	0.0
45.98215791688244	0.0
45.99215838619886	0.0
46.002158855515276	0.0
46.01215932483169	0.0
46.02215979414811	0.0
46.032160263464526	0.0
46.04216073278094	0.0
46.05216120209736	0.0
46.062161671413776	0.0
46.07216214073019	0.0
46.08216261004661	0.0
46.092163079363026	0.0
46.10216354867944	0.0
46.11216401799586	0.0
46.122164487312276	0.0
46.13216495662869	0.0
46.14216542594511	0.0
46.152165895261525	0.0
46.16216636457794	0.0
46.17216683389436	0.0
46.182167303210775	0.0
46.19216777252719	0.0
46.20216824184361	0.0
46.212168711160025	0.0
46.22216918047644	0.0
46.23216964979286	0.0
46.242170119109275	0.0
46.252170588425685	0.0
46.2621710577421	0.0
46.27217152705852	0.0
46.282171996374935	0.0
46.29217246569135	0.0
46.30217293500777	0.0
46.312173404324184	0.0
46.3221738736406	0.0
46.33217434295702	0.0
46.342174812273434	0.0
46.35217528158985	0.0
46.36217575090627	0.0
46.372176220222684	0.0
46.3821766895391	0.0
46.39217715885552	0.0
46.402177628171934	0.0
46.41217809748835	0.0
46.42217856680477	0.0
46.432179036121184	0.0
46.4421795054376	0.0
46.45217997475402	0.0
46.462180444070434	0.0
46.47218091338685	0.0
46.48218138270327	0.0
46.492181852019684	0.0
46.5021823213361	0.0
46.51218279065252	0.0
46.522183259968934	0.0
46.53218372928534	0.0
46.54218419860176	0.0
46.552184667918176	0.0
46.56218513723459	0.0
46.57218560655101	0.0
46.582186075867426	0.0
46.59218654518384	0.0
46.60218701450026	0.0
46.612187483816676	0.0
46.62218795313309	0.0
46.63218842244951	0.0
46.642188891765926	0.0
46.65218936108234	0.0
46.66218983039876	0.0
46.672190299715176	0.0
46.68219076903159	0.0
46.69219123834801	0.0
46.702191707664426	0.0
46.71219217698084	0.0
46.72219264629726	0.0
46.732193115613676	105.0
46.74219358493009	103.0
46.75219405424651	101.0
46.762194523562925	99.0
46.77219499287934	98.0
46.78219546219576	97.0
46.792195931512175	97.0
46.802196400828585	98.0
46.812196870145	99.0
46.82219733946142	103.0
46.832197808777835	105.0
46.84219827809425	109.0
46.85219874741067	113.0
46.862199216727085	117.0
46.8721996860435	121.0
46.88220015535992	126.0
46.892200624676335	131.0
46.90220109399275	139.0
46.91220156330917	144.0
46.922202032625584	149.0
46.932202501942	152.0
46.94220297125842	152.0
46.952203440574834	150.0
46.96220390989125	145.0
46.97220437920767	139.0
46.982204848524084	134.0
46.9922053178405	125.0
47.00220578715692	117.0
47.012206256473334	111.0
47.02220672578975	109.0
47.03220719510617	109.0
47.042207664422584	111.0
47.052208133739	115.0
47.06220860305542	119.0
47.07220907237183	125.0
47.08220954168824	131.0
47.09221001100466	136.0
47.10221048032108	139.0
47.11221094963749	142.0
47.12221141895391	145.0
47.13221188827033	147.0
47.14221235758674	149.0
47.15221282690316	149.0
47.162213296219576	147.0
47.17221376553599	145.0
47.18221423485241	145.0
47.192214704168826	144.0
47.20221517348524	144.0
47.21221564280166	144.0
47.222216112118076	145.0
47.23221658143449	145.0
47.24221705075091	147.0
47.252217520067326	150.0
47.26221798938374	154.0
47.27221845870016	161.0
47.282218928016576	171.0
47.29221939733299	179.0
47.30221986664941	185.0
47.312220335965826	194.0
47.32222080528224	203.0
47.33222127459866	208.0
47.34222174391507	208.0
47.352222213231485	208.0
47.3622226825479	203.0
47.37222315186432	196.0
47.382223621180735	190.0
47.39222409049715	181.0
47.40222455981357	173.0
47.412225029129985	165.0
47.4222254984464	159.0
47.43222596776282	156.0
47.442226437079235	154.0
47.45222690639565	152.0
47.46222737571207	152.0
47.472227845028485	154.0
47.4822283143449	158.0
47.49222878366132	159.0
47.502229252977735	163.0
47.51222972229415	169.0
47.52223019161057	175.0
47.532230660926984	179.0
47.5422311302434	185.0
47.55223159955982	190.0
47.562232068876234	194.0
47.57223253819265	196.0
47.58223300750907	199.0
47.592233476825484	199.0
47.6022339461419	196.0
47.61223441545831	196.0
47.62223488477473	194.0
47.632235354091144	192.0
47.64223582340756	190.0
47.65223629272398	187.0
47.66223676204039	185.0
47.67223723135681	185.0
47.68223770067323	183.0
47.69223816998964	183.0
47.70223863930606	183.0
47.71223910862248	183.0
47.72223957793889	187.0
47.73224004725531	190.0
47.74224051657173	192.0
47.75224098588814	196.0
47.76224145520456	199.0
47.772241924520976	201.0
47.78224239383739	201.0
47.79224286315381	201.0
47.802243332470226	199.0
47.81224380178664	194.0
47.82224427110306	190.0
47.832244740419476	185.0
47.84224520973589	183.0
47.85224567905231	181.0
47.862246148368726	177.0
47.87224661768514	175.0
47.88224708700155	173.0
47.89224755631797	169.0
47.902248025634385	167.0
47.9122484949508	163.0
47.92224896426722	159.0
47.932249433583635	156.0
47.94224990290005	152.0
47.95225037221647	149.0
47.962250841532885	145.0
47.9722513108493	142.0
47.98225178016572	139.0
47.992252249482135	137.0
48.00225271879855	134.0
48.01225318811497	134.0
48.022253657431385	132.0
48.0322541267478	131.0
48.04225459606422	131.0
48.052255065380635	129.0
48.06225553469705	128.0
48.07225600401347	126.0
48.082256473329885	125.0
48.0922569426463	124.0
48.10225741196272	121.0
48.112257881279135	119.0
48.12225835059555	117.0
48.13225881991197	115.0
48.142259289228384	113.0
48.152259758544794	110.0
48.16226022786121	107.0
48.17226069717763	107.0
48.182261166494044	107.0
48.19226163581046	109.0
48.20226210512688	113.0
48.212262574443294	117.0
48.22226304375971	122.0
48.23226351307613	128.0
48.242263982392544	134.0
48.25226445170896	140.0
48.26226492102538	145.0
48.27226539034179	150.0
48.28226585965821	154.0
48.29226632897463	156.0
48.30226679829104	156.0
48.31226726760746	154.0
48.32226773692388	150.0
48.33226820624029	147.0
48.34226867555671	144.0
48.35226914487313	139.0
48.36226961418954	136.0
48.37227008350596	131.0
48.382270552822376	126.0
48.39227102213879	124.0
48.40227149145521	121.0
48.412271960771626	119.0
48.422272430088036	118.0
48.43227289940445	118.0
48.44227336872087	118.0
48.452273838037286	118.0
48.4622743073537	119.0
48.47227477667012	119.0
48.482275245986536	119.0
48.49227571530295	119.0
48.50227618461937	121.0
48.512276653935785	122.0
48.5222771232522	124.0
48.53227759256862	125.0
48.542278061885035	129.0
48.55227853120145	132.0
48.56227900051787	137.0
48.572279469834285	140.0
48.5822799391507	142.0
48.59228040846712	144.0
48.602280877783535	145.0
48.61228134709995	147.0
48.62228181641637	147.0
48.632282285732785	147.0
48.6422827550492	147.0
48.65228322436562	147.0
48.662283693682035	147.0
48.67228416299845	145.0
48.68228463231487	144.0
48.692285101631285	140.0
48.702285570947694	139.0
48.71228604026411	136.0
48.72228650958053	132.0
48.732286978896944	129.0
48.74228744821336	126.0
48.75228791752978	124.0
48.762288386846194	122.0
48.77228885616261	121.0
48.78228932547903	119.0
48.792289794795444	119.0
48.80229026411186	119.0
48.81229073342828	119.0
48.822291202744694	119.0
48.83229167206111	121.0
48.84229214137753	121.0
48.852292610693944	122.0
48.86229308001036	124.0
48.87229354932678	126.0
48.882294018643194	129.0
48.89229448795961	132.0
48.90229495727603	137.0
48.91229542659244	139.0
48.92229589590886	142.0
48.93229636522528	144.0
48.94229683454169	144.0
48.95229730385811	145.0
48.96229777317453	145.0
48.972298242490936	145.0
48.98229871180735	145.0
48.99229918112377	145.0
49.002299650440186	145.0
49.0123001197566	144.0
49.02230058907302	144.0
49.032301058389436	142.0
49.04230152770585	142.0
49.05230199702227	140.0
49.062302466338686	139.0
49.0723029356551	137.0
49.08230340497152	136.0
49.092303874287936	134.0
49.10230434360435	134.0
49.11230481292077	132.0
49.122305282237186	131.0
49.1323057515536	129.0
49.14230622087002	128.0
49.152306690186435	126.0
49.16230715950285	125.0
49.17230762881927	125.0
49.182308098135685	124.0
49.1923085674521	124.0
49.20230903676852	125.0
49.212309506084935	125.0
49.22230997540135	126.0
49.23231044471777	129.0
49.24231091403418	132.0
49.252311383350595	136.0
49.26231185266701	140.0
49.27231232198343	144.0
49.282312791299844	149.0
49.29231326061626	152.0
49.30231372993268	156.0
49.312314199249094	159.0
49.32231466856551	163.0
49.33231513788193	165.0
49.342315607198344	167.0
49.35231607651476	169.0
49.36231654583118	171.0
49.372317015147594	173.0
49.38231748446401	175.0
49.39231795378043	177.0
49.402318423096844	177.0
49.41231889241326	177.0
49.42231936172968	177.0
49.432319831046094	175.0
49.44232030036251	171.0
49.45232076967893	169.0
49.462321238995344	165.0
49.47232170831176	159.0
49.48232217762818	156.0
49.492322646944594	150.0
49.50232311626101	145.0
49.51232358557742	142.0
49.522324054893836	140.0
49.53232452421025	140.0
49.54232499352667	142.0
49.552325462843086	144.0
49.5623259321595	145.0
49.57232640147592	147.0
49.582326870792336	149.0
49.59232734010875	150.0
49.60232780942517	150.0
49.612328278741586	152.0
49.622328748058	152.0
49.63232921737442	152.0
49.642329686690836	152.0
49.65233015600725	152.0
49.66233062532367	152.0
49.672331094640086	152.0
49.6823315639565	152.0
49.69233203327292	152.0
49.702332502589336	152.0
49.71233297190575	150.0
49.72233344122217	150.0
49.732333910538586	150.0
49.742334379855	150.0
49.75233484917142	150.0
49.762335318487835	150.0
49.77233578780425	150.0
49.78233625712066	150.0
49.79233672643708	150.0
49.802337195753495	150.0
49.81233766506991	149.0
49.82233813438633	149.0
49.832338603702745	147.0
49.84233907301916	147.0
49.85233954233558	147.0
49.862340011651995	147.0
49.87234048096841	147.0
49.88234095028483	149.0
49.892341419601244	149.0
49.90234188891766	149.0
49.91234235823408	149.0
49.922342827550494	150.0
49.93234329686691	150.0
49.94234376618333	150.0
49.952344235499744	150.0
49.96234470481616	150.0
49.97234517413258	150.0
49.982345643448994	150.0
49.99234611276541	150.0
50.00234658208183	150.0
50.012347051398244	150.0
50.02234752071466	150.0
50.03234799003108	150.0
50.042348459347494	150.0
50.0523489286639	150.0
50.06234939798032	150.0
50.07234986729674	150.0
50.08235033661315	149.0
50.09235080592957	149.0
50.10235127524599	149.0
50.1123517445624	149.0
50.12235221387882	149.0
50.132352683195236	147.0
50.14235315251165	147.0
50.15235362182807	147.0
50.162354091144486	147.0
50.1723545604609	147.0
50.18235502977732	147.0
50.192355499093736	147.0
50.20235596841015	147.0
50.21235643772657	147.0
50.222356907042986	147.0
50.2323573763594	147.0
50.24235784567582	149.0
50.252358314992236	149.0
50.26235878430865	149.0
50.27235925362507	149.0
50.282359722941486	149.0
50.2923601922579	149.0
50.30236066157432	149.0
50.312361130890736	149.0
50.322361600207145	149.0
50.33236206952356	149.0
50.34236253883998	147.0
50.352363008156395	147.0
50.36236347747281	149.0
50.37236394678923	149.0
50.382364416105645	149.0
50.39236488542206	149.0
50.40236535473848	149.0
50.412365824054895	149.0
50.42236629337131	149.0
50.43236676268773	149.0
50.442367232004145	149.0
50.45236770132056	147.0
50.46236817063698	147.0
50.472368639953395	147.0
50.48236910926981	147.0
50.49236957858623	147.0
50.502370047902645	147.0
50.51237051721906	147.0
50.52237098653548	147.0
50.532371455851894	147.0
50.54237192516831	147.0
50.55237239448473	147.0
50.562372863801144	145.0
50.57237333311756	145.0
50.58237380243398	145.0
50.59237427175039	145.0
50.602374741066804	147.0
50.61237521038322	147.0
50.62237567969964	147.0
50.63237614901605	147.0
50.64237661833247	147.0
50.65237708764889	147.0
50.6623775569653	147.0
50.67237802628172	147.0
50.68237849559814	149.0
50.69237896491455	149.0
50.70237943423097	149.0
50.71237990354739	149.0
50.7223803728638	150.0
50.73238084218022	150.0
50.742381311496636	150.0
50.75238178081305	152.0
50.76238225012947	152.0
50.772382719445886	152.0
50.7823831887623	152.0
50.79238365807872	152.0
50.802384127395136	150.0
50.81238459671155	150.0
50.82238506602797	150.0
50.832385535344386	149.0
50.8423860046608	149.0
50.85238647397722	149.0
50.862386943293636	177.0
50.872387412610045	187.0
50.88238788192646	199.0
50.89238835124288	215.0
50.902388820559295	239.0
50.91238928987571	259.0
50.92238975919213	265.0
50.932390228508545	262.0
50.94239069782496	245.0
50.95239116714138	234.0
50.962391636457795	185.0
50.97239210577421	158.0
50.98239257509063	156.0
50.992393044407045	161.0
51.00239351372346	167.0
51.01239398303988	173.0
51.022394452356295	179.0
51.03239492167271	183.0
51.04239539098913	187.0
51.052395860305545	185.0
51.06239632962196	181.0
51.07239679893838	173.0
51.082397268254795	159.0
51.09239773757121	144.0
51.10239820688763	140.0
51.112398676204045	140.0
51.12239914552046	142.0
51.13239961483688	145.0
51.14240008415329	147.0
51.152400553469704	149.0
51.16240102278612	150.0
51.17240149210254	149.0
51.182401961418954	147.0
51.19240243073537	144.0
51.20240290005179	140.0
51.212403369368204	134.0
51.22240383868462	129.0
51.23240430800104	124.0
51.242404777317454	118.0
51.25240524663387	115.0
51.26240571595029	113.0
51.2724061852667	113.0
51.28240665458312	113.0
51.29240712389954	113.0
51.30240759321595	115.0
51.31240806253237	118.0
51.32240853184879	122.0
51.3324090011652	128.0
51.34240947048162	134.0
51.35240993979804	139.0
51.36241040911445	142.0
51.37241087843087	145.0
51.382411347747286	149.0
51.3924118170637	149.0
51.40241228638012	147.0
51.41241275569653	145.0
51.422413225012946	144.0
51.43241369432936	140.0
51.44241416364578	137.0
51.452414632962196	132.0
51.46241510227861	129.0
51.47241557159503	126.0
51.482416040911446	122.0
51.49241651022786	119.0
51.50241697954428	118.0
51.512417448860695	117.0
51.52241791817711	117.0
51.53241838749353	117.0
51.542418856809945	118.0
51.55241932612636	121.0
51.56241979544278	125.0
51.572420264759195	129.0
51.58242073407561	136.0
51.59242120339203	140.0
51.602421672708445	144.0
51.61242214202486	145.0
51.62242261134128	147.0
51.632423080657695	149.0
51.64242354997411	149.0
51.65242401929053	149.0
51.662424488606945	149.0
51.67242495792336	149.0
51.68242542723977	149.0
51.69242589655619	149.0
51.702426365872604	149.0
51.71242683518902	149.0
51.72242730450544	149.0
51.732427773821854	149.0
51.74242824313827	149.0
51.75242871245469	149.0
51.762429181771104	150.0
51.77242965108752	150.0
51.78243012040394	152.0
51.792430589720354	152.0
51.80243105903677	152.0
51.81243152835319	152.0
51.822431997669604	150.0
51.83243246698602	150.0
51.84243293630244	150.0
51.852433405618854	150.0
51.86243387493527	150.0
51.87243434425169	150.0
51.8824348135681	150.0
51.89243528288452	150.0
51.90243575220094	150.0
51.91243622151735	150.0
51.92243669083377	149.0
51.93243716015019	147.0
51.9424376294666	144.0
51.95243809878301	139.0
51.96243856809943	134.0
51.972439037415846	129.0
51.98243950673226	125.0
51.99243997604868	122.0
52.002440445365096	119.0
52.01244091468151	118.0
52.02244138399793	118.0
52.032441853314346	119.0
52.04244232263076	121.0
52.05244279194718	124.0
52.062443261263596	125.0
52.07244373058001	126.0
52.08244419989643	126.0
52.092444669212846	126.0
52.10244513852926	124.0
52.11244560784568	0.0
52.122446077162095	0.0
52.13244654647851	0.0
52.14244701579493	0.0
52.152447485111345	0.0
52.16244795442776	0.0
52.17244842374418	0.0
52.182448893060595	0.0
52.19244936237701	0.0
52.20244983169343	0.0
52.212450301009845	0.0
52.222450770326255	0.0
52.23245123964267	0.0
52.24245170895909	0.0
52.252452178275504	0.0
52.26245264759192	0.0
52.27245311690834	0.0
52.282453586224754	0.0
52.29245405554117	0.0
52.30245452485759	149.0
52.312454994174004	156.0
52.32245546349042	163.0
52.33245593280684	167.0
52.342456402123254	167.0
52.35245687143967	165.0
52.36245734075609	158.0
52.372457810072504	0.0
52.38245827938892	0.0
52.39245874870534	117.0
52.402459218021754	115.0
52.41245968733817	115.0
52.42246015665459	119.0
52.432460625971004	122.0
52.44246109528742	126.0
52.45246156460384	132.0
52.462462033920254	140.0
52.47246250323667	145.0
52.48246297255309	152.0
52.492463441869496	154.0
52.50246391118591	156.0
52.51246438050233	156.0
52.522464849818746	156.0
52.53246531913516	154.0
52.54246578845158	150.0
52.552466257767996	147.0
52.56246672708441	144.0
52.57246719640083	142.0
52.582467665717246	144.0
52.59246813503366	149.0
52.60246860435008	152.0
52.612469073666496	154.0
52.62246954298291	158.0
52.63247001229933	171.0
52.642470481615746	177.0
52.65247095093216	179.0
52.66247142024858	179.0
52.672471889564996	177.0
52.68247235888141	175.0
52.69247282819783	171.0
52.702473297514246	169.0
52.71247376683066	165.0
52.72247423614708	163.0
52.732474705463495	163.0
52.74247517477991	165.0
52.75247564409633	169.0
52.76247611341274	175.0
52.772476582729155	179.0
52.78247705204557	185.0
52.79247752136199	190.0
52.802477990678405	194.0
52.81247845999482	199.0
52.82247892931124	199.0
52.832479398627655	199.0
52.84247986794407	196.0
52.85248033726049	192.0
52.862480806576905	190.0
52.87248127589332	187.0
52.88248174520974	185.0
52.892482214526154	185.0
52.90248268384257	185.0
52.91248315315899	185.0
52.922483622475404	185.0
52.93248409179182	185.0
52.94248456110824	185.0
52.952485030424654	185.0
52.96248549974107	185.0
52.97248596905749	185.0
52.982486438373904	185.0
52.99248690769032	183.0
53.00248737700674	183.0
53.012487846323154	183.0
53.02248831563957	183.0
53.03248878495599	183.0
53.0424892542724	185.0
53.05248972358881	185.0
53.06249019290523	185.0
53.07249066222165	185.0
53.08249113153806	183.0
53.09249160085448	183.0
53.1024920701709	183.0
53.11249253948731	183.0
53.12249300880373	181.0
53.132493478120146	181.0
53.14249394743656	183.0
53.15249441675298	185.0
53.162494886069396	187.0
53.17249535538581	190.0
53.18249582470223	194.0
53.192496294018646	196.0
53.20249676333506	196.0
53.21249723265148	194.0
53.222497701967896	192.0
53.23249817128431	190.0
53.24249864060073	185.0
53.252499109917146	183.0
53.26249957923356	179.0
53.27250004854998	177.0
53.282500517866396	177.0
53.29250098718281	175.0
53.30250145649923	173.0
53.31250192581564	169.0
53.322502395132055	167.0
53.33250286444847	163.0
53.34250333376489	161.0
53.352503803081305	161.0
53.36250427239772	163.0
53.37250474171414	167.0
53.382505211030555	171.0
53.39250568034697	175.0
53.40250614966339	177.0
53.412506618979805	179.0
53.42250708829622	181.0
53.43250755761264	181.0
53.442508026929055	183.0
53.45250849624547	185.0
53.46250896556189	185.0
53.472509434878305	183.0
53.48250990419472	181.0
53.49251037351114	181.0
53.502510842827554	179.0
53.51251131214397	177.0
53.52251178146039	175.0
53.532512250776804	173.0
53.54251272009322	171.0
53.55251318940964	169.0
53.562513658726054	169.0
53.57251412804247	167.0
53.58251459735888	167.0
53.5925150666753	165.0
53.602515535991714	165.0
53.61251600530813	165.0
53.62251647462455	165.0
53.63251694394096	165.0
53.64251741325738	165.0
53.6525178825738	165.0
53.66251835189021	165.0
53.67251882120663	165.0
53.68251929052305	165.0
53.69251975983946	165.0
53.70252022915588	165.0
53.7125206984723	167.0
53.72252116778871	169.0
53.73252163710513	171.0
53.742522106421546	173.0
53.75252257573796	175.0
53.76252304505438	175.0
53.772523514370796	177.0
53.78252398368721	179.0
53.79252445300363	181.0
53.802524922320046	183.0
53.81252539163646	183.0
53.82252586095288	181.0
53.832526330269296	181.0
53.84252679958571	179.0
53.85252726890212	177.0
53.86252773821854	175.0
53.872528207534955	173.0
53.88252867685137	173.0
53.89252914616779	171.0
53.902529615484205	171.0
53.91253008480062	169.0
53.92253055411704	169.0
53.932531023433455	169.0
53.94253149274987	167.0
53.95253196206629	167.0
53.962532431382705	167.0
53.97253290069912	165.0
53.98253337001554	167.0
53.992533839331955	167.0
54.00253430864837	169.0
54.01253477796479	171.0
54.022535247281205	175.0
54.03253571659762	177.0
54.04253618591404	179.0
54.052536655230455	181.0
54.06253712454687	183.0
54.07253759386329	185.0
54.082538063179705	183.0
54.09253853249612	183.0
54.10253900181254	181.0
54.112539471128954	181.0
54.122539940445364	179.0
54.13254040976178	177.0
54.1425408790782	175.0
54.152541348394614	173.0
54.16254181771103	171.0
54.17254228702745	171.0
54.182542756343864	169.0
54.19254322566028	169.0
54.2025436949767	167.0
54.212544164293114	167.0
54.22254463360953	165.0
54.23254510292595	165.0
54.24254557224236	165.0
54.25254604155878	165.0
54.2625465108752	165.0
54.27254698019161	165.0
54.28254744950803	165.0
54.29254791882445	167.0
54.30254838814086	169.0
54.31254885745728	171.0
54.3225493267737	173.0
54.33254979609011	175.0
54.34255026540653	177.0
54.352550734722946	179.0
54.36255120403936	181.0
54.37255167335578	183.0
54.382552142672196	185.0
54.392552611988606	185.0
54.40255308130502	185.0
54.41255355062144	183.0
54.422554019937856	183.0
54.43255448925427	181.0
54.44255495857069	179.0
54.452555427887106	179.0
54.46255589720352	177.0
54.47255636651994	175.0
54.482556835836355	173.0
54.49255730515277	173.0
54.50255777446919	171.0
54.512558243785605	169.0
54.52255871310202	169.0
54.53255918241844	167.0
54.542559651734855	167.0
54.55256012105127	169.0
54.56256059036769	169.0
54.572561059684105	169.0
54.58256152900052	171.0
54.59256199831694	171.0
54.602562467633355	173.0
54.61256293694977	177.0
54.62256340626619	179.0
54.632563875582605	181.0
54.64256434489902	183.0
54.65256481421544	185.0
54.66256528353185	187.0
54.672565752848264	187.0
54.68256622216468	187.0
54.6925666914811	187.0
54.702567160797514	185.0
54.71256763011393	183.0
54.72256809943035	179.0
54.732568568746764	173.0
54.74256903806318	169.0
54.7525695073796	163.0
54.762569976696014	159.0
54.77257044601243	156.0
54.78257091532885	154.0
54.792571384645264	154.0
54.80257185396168	156.0
54.8125723232781	159.0
54.822572792594514	163.0
54.83257326191093	167.0
54.84257373122735	171.0
54.85257420054376	173.0
54.86257466986018	175.0
54.8725751391766	177.0
54.88257560849301	179.0
54.89257607780943	181.0
54.90257654712585	183.0
54.91257701644226	185.0
54.92257748575868	187.0
54.93257795507509	187.0
54.942578424391506	187.0
54.95257889370792	187.0
54.96257936302434	187.0
54.972579832340756	187.0
54.98258030165717	187.0
54.99258077097359	187.0
55.002581240290006	187.0
55.01258170960642	187.0
55.02258217892284	185.0
55.032582648239256	185.0
55.04258311755567	181.0
55.05258358687209	177.0
55.062584056188506	175.0
55.07258452550492	171.0
55.08258499482134	167.0
55.092585464137755	165.0
55.10258593345417	161.0
55.11258640277059	161.0
55.122586872087005	161.0
55.13258734140342	161.0
55.14258781071984	163.0
55.152588280036255	165.0
55.16258874935267	169.0
55.17258921866909	173.0
55.182589687985505	177.0
55.19259015730192	179.0
55.20259062661834	183.0
55.21259109593475	185.0
55.222591565251165	187.0
55.23259203456758	190.0
55.242592503884	190.0
55.252592973200414	187.0
55.26259344251683	187.0
55.27259391183325	185.0
55.282594381149664	185.0
55.29259485046608	185.0
55.3025953197825	183.0
55.312595789098914	185.0
55.32259625841533	185.0
55.33259672773175	185.0
55.342597197048164	185.0
55.35259766636458	185.0
55.362598135681	183.0
55.372598604997414	181.0
55.38259907431383	177.0
55.39259954363025	175.0
55.402600012946664	173.0
55.41260048226308	173.0
55.4226009515795	175.0
55.432601420895914	177.0
55.44260189021233	179.0
55.45260235952875	183.0
55.462602828845164	187.0
55.47260329816158	194.0
55.48260376747799	199.0
55.492604236794406	203.0
55.50260470611082	203.0
55.51260517542724	201.0
55.522605644743656	199.0
55.53260611406007	196.0
55.54260658337649	192.0
55.552607052692906	190.0
55.56260752200932	190.0
55.57260799132574	187.0
55.582608460642156	185.0
55.59260892995857	187.0
55.60260939927499	187.0
55.612609868591406	190.0
55.62261033790782	192.0
55.63261080722424	194.0
55.642611276540656	196.0
55.65261174585707	199.0
55.66261221517349	199.0
55.672612684489906	199.0
55.68261315380632	196.0
55.69261362312274	192.0
55.702614092439156	187.0
55.71261456175557	183.0
55.72261503107199	177.0
55.732615500388405	173.0
55.74261596970482	171.0
55.75261643902123	169.0
55.76261690833765	169.0
55.772617377654065	171.0
55.78261784697048	173.0
55.7926183162869	177.0
55.802618785603315	181.0
55.81261925491973	185.0
55.82261972423615	190.0
55.832620193552565	196.0
55.84262066286898	201.0
55.8526211321854	203.0
55.862621601501814	206.0
55.87262207081823	208.0
55.88262254013465	213.0
55.892623009451064	215.0
55.90262347876748	218.0
55.9126239480839	218.0
55.922624417400314	220.0
55.93262488671673	218.0
55.94262535603315	218.0
55.952625825349564	218.0
55.96262629466598	218.0
55.9726267639824	218.0
55.982627233298814	218.0
55.99262770261523	220.0
56.00262817193165	220.0
56.012628641248064	220.0
56.02262911056447	220.0
56.03262957988089	220.0
56.04263004919731	223.0
56.05263051851372	223.0
56.06263098783014	223.0
56.07263145714656	223.0
56.08263192646297	220.0
56.09263239577939	220.0
56.102632865095806	220.0
56.11263333441222	220.0
56.12263380372864	220.0
56.132634273045056	223.0
56.14263474236147	223.0
56.15263521167789	223.0
56.162635680994306	223.0
56.17263615031072	223.0
56.18263661962714	223.0
56.192637088943556	223.0
56.20263755825997	223.0
56.21263802757639	223.0
56.222638496892806	223.0
56.23263896620922	223.0
56.24263943552564	223.0
56.252639904842056	223.0
56.26264037415847	223.0
56.27264084347489	223.0
56.282641312791306	223.0
56.292641782107715	223.0
56.30264225142413	223.0
56.31264272074055	223.0
56.322643190056965	223.0
56.33264365937338	223.0
56.3426441286898	223.0
56.352644598006215	220.0
56.36264506732263	220.0
56.37264553663905	218.0
56.382646005955465	215.0
56.39264647527188	210.0
56.4026469445883	206.0
56.412647413904715	203.0
56.42264788322113	196.0
56.43264835253755	210.0
56.442648821853965	215.0
56.45264929117038	218.0
56.4626497604868	220.0
56.472650229803214	223.0
56.48265069911963	223.0
56.49265116843605	0.0
56.502651637752464	0.0
56.51265210706888	0.0
56.5226525763853	0.0
56.532653045701714	0.0
56.54265351501813	0.0
56.55265398433455	0.0
56.56265445365096	0.0
56.572654922967374	0.0
56.58265539228379	0.0
56.59265586160021	0.0
56.60265633091662	0.0
56.61265680023304	0.0
56.62265726954946	0.0
56.63265773886587	0.0
56.64265820818229	0.0
56.65265867749871	0.0
56.66265914681512	0.0
56.67265961613154	0.0
56.68266008544796	0.0
56.69266055476437	0.0
56.70266102408079	0.0
56.712661493397206	0.0
56.72266196271362	0.0
56.73266243203004	0.0
56.742662901346456	0.0
56.75266337066287	0.0
56.76266383997929	0.0
56.772664309295706	0.0
56.78266477861212	0.0
56.79266524792854	0.0
56.802665717244956	0.0
56.81266618656137	0.0
56.82266665587779	0.0
56.8326671251942	0.0
56.842667594510615	0.0
56.85266806382703	0.0
56.86266853314345	0.0
56.872669002459865	0.0
56.88266947177628	0.0
56.8926699410927	0.0
56.902670410409115	0.0
56.91267087972553	0.0
56.92267134904195	0.0
56.932671818358365	0.0
56.94267228767478	0.0
56.9526727569912	0.0
56.962673226307615	0.0
56.97267369562403	0.0
56.98267416494045	0.0
56.992674634256865	0.0
57.00267510357328	0.0
57.0126755728897	0.0
57.022676042206115	0.0
57.03267651152253	0.0
57.04267698083895	0.0
57.052677450155365	0.0
57.06267791947178	0.0
57.0726783887882	0.0
57.082678858104615	0.0
57.09267932742103	0.0
57.10267979673744	0.0
57.11268026605386	0.0
57.122680735370274	0.0
57.13268120468669	0.0
57.14268167400311	0.0
57.152682143319524	0.0
57.16268261263594	0.0
57.17268308195236	0.0
57.182683551268774	0.0
57.19268402058519	0.0
57.20268448990161	0.0
57.21268495921802	0.0
57.22268542853444	0.0
57.23268589785086	0.0
57.24268636716727	0.0
57.25268683648369	0.0
57.26268730580011	0.0
57.27268777511652	0.0
57.28268824443294	0.0
57.29268871374936	0.0
57.30268918306577	0.0
57.31268965238219	0.0
57.322690121698606	0.0
57.33269059101502	0.0
57.34269106033144	0.0
57.352691529647856	0.0
57.36269199896427	0.0
57.37269246828069	0.0
57.3826929375971	0.0
57.392693406913516	0.0
57.40269387622993	0.0
57.41269434554635	0.0
57.422694814862766	0.0
57.43269528417918	0.0
57.4426957534956	0.0
57.452696222812015	0.0
57.46269669212843	0.0
57.47269716144485	0.0
57.482697630761265	0.0
57.49269810007768	0.0
57.5026985693941	0.0
57.512699038710515	0.0
57.52269950802693	0.0
57.53269997734335	0.0
57.542700446659765	0.0
57.55270091597618	0.0
57.5627013852926	0.0
57.572701854609015	0.0
57.58270232392543	0.0
57.59270279324185	0.0
57.602703262558265	0.0
57.61270373187468	0.0
57.6227042011911	0.0
57.632704670507515	0.0
57.64270513982393	0.0
57.65270560914034	0.0
57.66270607845676	0.0
57.672706547773174	0.0
57.68270701708959	0.0
57.69270748640601	0.0
57.702707955722424	0.0
57.71270842503884	0.0
57.72270889435526	0.0
57.732709363671674	0.0
57.74270983298809	0.0
57.75271030230451	0.0
57.762710771620924	0.0
57.77271124093734	0.0
57.78271171025376	0.0
57.792712179570174	0.0
57.80271264888659	0.0
57.81271311820301	0.0
57.822713587519424	0.0
57.83271405683584	0.0
57.84271452615226	0.0
57.85271499546867	0.0
57.86271546478509	0.0
57.87271593410151	0.0
57.88271640341792	0.0
57.89271687273434	0.0
57.90271734205076	0.0
57.91271781136717	0.0
57.92271828068358	0.0
57.93271875	0.0
57.942719219316416	0.0
57.95271968863283	0.0
57.96272015794925	0.0
57.972720627265666	0.0
57.98272109658208	0.0
57.9927215658985	0.0
58.002722035214916	0.0
58.01272250453133	0.0
58.02272297384775	0.0
58.032723443164166	0.0
58.04272391248058	0.0
58.052724381797	0.0
58.062724851113416	0.0
58.07272532042983	0.0
58.08272578974625	0.0
58.092726259062665	0.0
58.10272672837908	0.0
58.1127271976955	0.0
58.122727667011915	0.0
58.13272813632833	0.0
58.14272860564475	0.0
58.152729074961165	0.0
58.16272954427758	0.0
58.172730013594	0.0
58.182730482910415	0.0
58.192730952226825	0.0
58.20273142154324	0.0
58.21273189085966	0.0
58.222732360176074	0.0
58.23273282949249	0.0
58.24273329880891	0.0
58.252733768125324	0.0
58.26273423744174	0.0
58.27273470675816	0.0
58.282735176074574	0.0
58.29273564539099	0.0
58.30273611470741	0.0
58.312736584023824	0.0
58.32273705334024	0.0
58.33273752265666	0.0
58.342737991973074	0.0
58.35273846128949	0.0
58.36273893060591	0.0
58.372739399922324	0.0
58.38273986923874	0.0
58.39274033855516	0.0
58.402740807871574	0.0
58.41274127718799	0.0
58.42274174650441	0.0
58.432742215820824	0.0
58.44274268513724	0.0
58.45274315445366	0.0
58.462743623770066	0.0
58.47274409308648	0.0
58.4827445624029	0.0
58.492745031719316	0.0
58.50274550103573	0.0
58.51274597035215	0.0
58.522746439668566	0.0
58.53274690898498	0.0
58.5427473783014	0.0
58.552747847617816	0.0
58.56274831693423	0.0
58.57274878625065	0.0
58.582749255567066	0.0
58.59274972488348	0.0
58.6027501941999	0.0
58.612750663516316	0.0
58.62275113283273	0.0
58.63275160214915	0.0
58.642752071465566	0.0
58.65275254078198	0.0
58.6627530100984	0.0
58.672753479414816	0.0
58.68275394873123	0.0
58.69275441804765	0.0
58.702754887364065	0.0
58.71275535668048	0.0
58.7227558259969	0.0
58.73275629531331	0.0
58.742756764629725	0.0
58.75275723394614	0.0
58.76275770326256	0.0
58.772758172578975	0.0
58.78275864189539	0.0
58.79275911121181	190.0
58.802759580528225	187.0
58.81276004984464	187.0
58.82276051916106	192.0
58.832760988477474	196.0
58.84276145779389	201.0
58.85276192711031	206.0
58.862762396426724	213.0
58.87276286574314	220.0
58.88276333505956	226.0
58.892763804375974	234.0
58.90276427369239	242.0
58.91276474300881	248.0
58.922765212325224	253.0
58.93276568164164	259.0
58.94276615095806	262.0
58.952766620274474	265.0
58.96276708959089	265.0
58.97276755890731	265.0
58.982768028223724	259.0
58.99276849754014	256.0
59.00276896685655	253.0
59.01276943617297	250.0
59.02276990548938	250.0
59.0327703748058	248.0
59.04277084412222	248.0
59.05277131343863	248.0
59.06277178275505	248.0
59.072772252071466	248.0
59.08277272138788	250.0
59.0927731907043	253.0
59.102773660020716	259.0
59.11277412933713	262.0
59.12277459865355	265.0
59.132775067969966	268.0
59.14277553728638	272.0
59.1527760066028	268.0
59.162776475919216	265.0
59.17277694523563	262.0
59.18277741455205	256.0
59.192777883868466	250.0
59.20277835318488	248.0
59.2127788225013	245.0
59.222779291817716	242.0
59.23277976113413	242.0
59.24278023045055	245.0
59.252780699766966	245.0
59.26278116908338	250.0
59.27278163839979	253.0
59.28278210771621	256.0
59.292782577032625	259.0
59.30278304634904	262.0
59.31278351566546	268.0
59.322783984981875	268.0
59.33278445429829	268.0
59.34278492361471	265.0
59.352785392931125	262.0
59.36278586224754	256.0
59.37278633156396	253.0
59.382786800880375	248.0
59.39278727019679	242.0
59.40278773951321	236.0
59.412788208829625	231.0
59.42278867814604	226.0
59.43278914746246	223.0
59.442789616778875	220.0
59.45279008609529	218.0
59.46279055541171	218.0
59.472791024728124	220.0
59.48279149404454	226.0
59.49279196336096	231.0
59.502792432677374	239.0
59.51279290199379	245.0
59.52279337131021	253.0
59.532793840626624	259.0
59.54279430994304	262.0
59.55279477925945	265.0
59.56279524857587	265.0
59.572795717892284	265.0
59.5827961872087	259.0
59.59279665652512	253.0
59.60279712584153	248.0
59.61279759515795	245.0
59.62279806447437	245.0
59.63279853379078	248.0
59.6427990031072	256.0
59.65279947242362	265.0
59.66279994174003	278.0
59.67280041105645	291.0
59.68280088037287	308.0
59.69280134968928	319.0
59.7028018190057	331.0
59.712802288322116	327.0
59.72280275763853	316.0
59.73280322695495	265.0
59.742803696271366	248.0
59.75280416558778	231.0
59.7628046349042	218.0
59.772805104220616	215.0
59.78280557353703	218.0
59.79280604285345	223.0
59.802806512169866	234.0
59.81280698148628	242.0
59.82280745080269	250.0
59.83280792011911	259.0
59.842808389435525	265.0
59.85280885875194	268.0
59.86280932806836	268.0
59.872809797384775	268.0
59.88281026670119	265.0
59.89281073601761	262.0
59.902811205334025	259.0
59.91281167465044	256.0
59.92281214396686	253.0
59.932812613283275	250.0
59.94281308259969	248.0
59.95281355191611	248.0
59.962814021232525	248.0
59.97281449054894	248.0
59.98281495986536	248.0
59.992815429181775	248.0
60.00281589849819	248.0
60.01281636781461	248.0
60.022816837131025	250.0
60.03281730644744	250.0
60.04281777576386	253.0
60.052818245080275	253.0
60.06281871439669	256.0
60.07281918371311	256.0
60.082819653029524	256.0
60.092820122345934	253.0
60.10282059166235	248.0
60.11282106097877	242.0
60.122821530295184	236.0
60.1328219996116	228.0
60.14282246892802	223.0
60.152822938244434	218.0
60.16282340756085	215.0
60.17282387687727	215.0
60.182824346193684	215.0
60.1928248155101	215.0
60.20282528482652	215.0
60.21282575414293	218.0
60.22282622345935	218.0
60.23282669277577	218.0
60.24282716209218	218.0
60.2528276314086	218.0
60.26282810072502	218.0
60.27282857004143	218.0
60.28282903935785	218.0
60.29282950867427	218.0
60.30282997799068	220.0
60.3128304473071	220.0
60.322830916623516	220.0
60.33283138593993	223.0
60.34283185525635	223.0
60.352832324572766	223.0
60.362832793889176	223.0
60.37283326320559	223.0
60.38283373252201	223.0
60.392834201838426	223.0
60.40283467115484	223.0
60.41283514047126	223.0
60.422835609787676	226.0
60.43283607910409	226.0
60.44283654842051	223.0
60.452837017736925	223.0
60.46283748705334	223.0
60.47283795636976	223.0
60.482838425686175	220.0
60.49283889500259	220.0
60.50283936431901	220.0
60.512839833635425	220.0
60.52284030295184	220.0
60.53284077226826	220.0
60.542841241584675	220.0
60.55284171090109	220.0
60.56284218021751	220.0
60.572842649533925	220.0
60.58284311885034	220.0
60.59284358816676	220.0
60.602844057483175	220.0
60.61284452679959	220.0
60.62284499611601	220.0
60.63284546543242	223.0
60.642845934748834	223.0
60.65284640406525	226.0
60.66284687338167	226.0
60.672847342698084	226.0
60.6828478120145	226.0
60.69284828133092	226.0
60.702848750647334	226.0
60.71284921996375	226.0
60.72284968928017	223.0
60.732850158596584	223.0
60.742850627913	223.0
60.75285109722942	223.0
60.762851566545834	223.0
60.77285203586225	223.0
60.78285250517867	223.0
60.792852974495084	223.0
60.8028534438115	223.0
60.81285391312792	223.0
60.82285438244433	226.0
60.83285485176075	226.0
60.84285532107717	226.0
60.85285579039358	226.0
60.86285625971	226.0
60.87285672902642	226.0
60.88285719834283	223.0
60.89285766765925	223.0
60.90285813697566	223.0
60.912858606292076	223.0
60.92285907560849	223.0
60.93285954492491	223.0
60.942860014241326	223.0
60.95286048355774	223.0
60.96286095287416	223.0
60.972861422190576	223.0
60.98286189150699	223.0
60.99286236082341	223.0
61.002862830139826	223.0
61.01286329945624	223.0
61.02286376877266	223.0
61.032864238089076	223.0
61.04286470740549	223.0
61.05286517672191	223.0
61.062865646038325	223.0
61.07286611535474	223.0
61.08286658467116	223.0
61.092867053987575	223.0
61.10286752330399	223.0
61.11286799262041	223.0
61.122868461936825	223.0
61.13286893125324	223.0
61.14286940056966	223.0
61.152869869886075	223.0
61.16287033920249	223.0
61.1728708085189	220.0
61.18287127783532	220.0
61.192871747151734	220.0
61.20287221646815	220.0
61.21287268578457	220.0
61.222873155100984	223.0
61.2328736244174	223.0
61.24287409373382	223.0
61.252874563050234	223.0
61.26287503236665	220.0
61.27287550168307	220.0
61.282875970999484	220.0
61.2928764403159	223.0
61.30287690963232	223.0
61.312877378948734	223.0
61.32287784826515	223.0
61.33287831758157	223.0
61.342878786897984	223.0
61.3528792562144	223.0
61.36287972553082	223.0
61.372880194847234	223.0
61.38288066416365	223.0
61.39288113348007	223.0
61.402881602796484	223.0
61.4128820721129	223.0
61.42288254142932	223.0
61.43288301074573	223.0
61.44288348006215	220.0
61.45288394937856	220.0
61.462884418694976	220.0
61.47288488801139	220.0
61.48288535732781	220.0
61.492885826644226	223.0
61.50288629596064	223.0
61.51288676527706	223.0
61.522887234593476	226.0
61.53288770390989	226.0
61.54288817322631	226.0
61.552888642542726	226.0
61.56288911185914	223.0
61.57288958117556	223.0
61.582890050491976	223.0
61.59289051980839	223.0
61.60289098912481	223.0
61.612891458441226	223.0
61.62289192775764	223.0
61.63289239707406	223.0
61.642892866390476	220.0
61.65289333570689	220.0
61.66289380502331	220.0
61.672894274339725	220.0
61.68289474365614	220.0
61.69289521297256	220.0
61.702895682288975	220.0
61.71289615160539	220.0
61.7228966209218	220.0
61.73289709023822	220.0
61.742897559554635	220.0
61.75289802887105	220.0
61.76289849818747	220.0
61.772898967503885	220.0
61.7828994368203	220.0
61.79289990613672	220.0
61.802900375453135	220.0
61.81290084476955	220.0
61.82290131408597	220.0
61.832901783402384	220.0
61.8429022527188	220.0
61.85290272203522	220.0
61.862903191351634	220.0
61.87290366066805	220.0
61.88290412998447	220.0
61.892904599300884	220.0
61.9029050686173	220.0
61.91290553793372	220.0
61.922906007250134	220.0
61.93290647656655	220.0
61.94290694588297	223.0
61.952907415199384	223.0
61.9629078845158	223.0
61.97290835383222	223.0
61.982908823148634	223.0
61.99290929246504	223.0
62.00290976178146	223.0
62.01291023109788	223.0
62.02291070041429	223.0
62.03291116973071	223.0
62.04291163904713	223.0
62.05291210836354	223.0
62.06291257767996	223.0
62.072913046996376	223.0
62.08291351631279	220.0
62.09291398562921	220.0
62.102914454945626	220.0
62.11291492426204	220.0
62.12291539357846	218.0
62.132915862894876	218.0
62.14291633221129	218.0
62.15291680152771	220.0
62.162917270844126	220.0
62.17291774016054	220.0
62.18291820947696	220.0
62.192918678793376	223.0
62.20291914810979	223.0
62.21291961742621	223.0
62.222920086742626	226.0
62.23292055605904	226.0
62.24292102537546	226.0
62.252921494691876	226.0
62.262921964008285	226.0
62.2729224333247	226.0
62.28292290264112	223.0
62.292923371957535	223.0
62.30292384127395	223.0
62.31292431059037	223.0
62.322924779906785	220.0
62.3329252492232	220.0
62.34292571853962	220.0
62.352926187856035	220.0
62.36292665717245	220.0
62.37292712648887	223.0
62.382927595805285	223.0
62.3929280651217	223.0
62.40292853443812	223.0
62.412929003754535	226.0
62.42292947307095	226.0
62.43292994238737	226.0
62.442930411703784	226.0
62.4529308810202	223.0
62.46293135033662	223.0
62.472931819653034	226.0
62.48293228896945	226.0
62.49293275828587	226.0
62.502933227602284	226.0
62.5129336969187	226.0
62.52293416623512	226.0
62.53293463555153	226.0
62.542935104867944	223.0
62.55293557418436	223.0
62.56293604350078	226.0
62.57293651281719	226.0
62.58293698213361	226.0
62.59293745145003	226.0
62.60293792076644	226.0
62.61293839008286	226.0
62.62293885939928	226.0
62.63293932871569	226.0
62.64293979803211	226.0
62.65294026734853	226.0
62.66294073666494	226.0
62.67294120598136	226.0
62.682941675297776	226.0
62.69294214461419	223.0
62.70294261393061	223.0
62.712943083247026	223.0
62.72294355256344	223.0
62.73294402187986	223.0
62.742944491196276	223.0
62.75294496051269	223.0
62.76294542982911	223.0
62.772945899145526	223.0
62.78294636846194	223.0
62.79294683777836	223.0
62.80294730709477	223.0
62.812947776411185	223.0
62.8229482457276	223.0
62.83294871504402	223.0
62.842949184360435	223.0
62.85294965367685	223.0
62.86295012299327	223.0
62.872950592309685	223.0
62.8829510616261	223.0
62.89295153094252	223.0
62.902952000258935	223.0
62.91295246957535	223.0
62.92295293889177	223.0
62.932953408208185	223.0
62.9429538775246	223.0
62.95295434684102	220.0
62.962954816157435	220.0
62.97295528547385	220.0
62.98295575479027	220.0
62.992956224106685	220.0
63.0029566934231	220.0
63.01295716273952	220.0
63.022957632055935	220.0
63.03295810137235	220.0
63.04295857068877	220.0
63.052959040005184	223.0
63.0629595093216	223.0
63.07295997863801	223.0
63.08296044795443	226.0
63.092960917270844	226.0
63.10296138658726	226.0
63.11296185590368	226.0
63.122962325220094	226.0
63.13296279453651	223.0
63.14296326385293	223.0
63.152963733169344	223.0
63.16296420248576	223.0
63.17296467180218	220.0
63.18296514111859	220.0
63.19296561043501	218.0
63.20296607975143	218.0
63.21296654906784	218.0
63.22296701838426	218.0
63.23296748770068	220.0
63.24296795701709	223.0
63.25296842633351	226.0
63.26296889564993	226.0
63.27296936496634	228.0
63.28296983428276	228.0
63.292970303599176	226.0
63.30297077291559	226.0
63.31297124223201	226.0
63.322971711548426	223.0
63.33297218086484	223.0
63.34297265018125	220.0
63.35297311949767	220.0
63.362973588814086	220.0
63.3729740581305	220.0
63.38297452744692	220.0
63.392974996763336	223.0
63.40297546607975	223.0
63.41297593539617	226.0
63.422976404712585	226.0
63.432976874029	226.0
63.44297734334542	226.0
63.452977812661835	226.0
63.46297828197825	226.0
63.47297875129467	226.0
63.482979220611085	226.0
63.4929796899275	226.0
63.50298015924392	226.0
63.512980628560335	226.0
63.52298109787675	226.0
63.53298156719317	223.0
63.542982036509585	223.0
63.552982505826	223.0
63.56298297514242	223.0
63.572983444458835	226.0
63.58298391377525	226.0
63.59298438309167	226.0
63.602984852408085	226.0
63.6129853217245	226.0
63.62298579104091	226.0
63.63298626035733	226.0
63.642986729673744	226.0
63.65298719899016	226.0
63.66298766830658	226.0
63.672988137622994	226.0
63.68298860693941	226.0
63.69298907625583	226.0
63.702989545572244	226.0
63.71299001488866	226.0
63.72299048420508	226.0
63.732990953521494	226.0
63.74299142283791	226.0
63.75299189215433	226.0
63.762992361470744	226.0
63.77299283078716	226.0
63.78299330010358	226.0
63.792993769419994	226.0
63.80299423873641	226.0
63.81299470805283	226.0
63.82299517736924	226.0
63.83299564668566	223.0
63.84299611600208	223.0
63.85299658531849	223.0
63.86299705463491	223.0
63.87299752395133	223.0
63.88299799326774	223.0
63.89299846258415	223.0
63.90299893190057	223.0
63.912999401216986	223.0
63.9229998705334	226.0
63.93300033984982	226.0
63.943000809166236	226.0
63.95300127848265	226.0
63.96300174779907	226.0
63.973002217115486	226.0
63.9830026864319	226.0
63.99300315574832	226.0
64.00300362506474	226.0
64.01300409438116	226.0
64.02300456369757	226.0
64.03300503301398	226.0
64.0430055023304	226.0
64.05300597164681	226.0
64.06300644096324	223.0
64.07300691027964	223.0
64.08300737959607	220.0
64.09300784891248	223.0
64.1030083182289	223.0
64.11300878754531	223.0
64.12300925686174	223.0
64.13300972617814	226.0
64.14301019549457	226.0
64.15301066481098	226.0
64.1630111341274	226.0
64.17301160344381	226.0
64.18301207276023	226.0
64.19301254207664	226.0
64.20301301139307	223.0
64.21301348070948	223.0
64.2230139500259	218.0
64.23301441934231	215.0
64.24301488865873	210.0
64.25301535797514	206.0
64.26301582729157	203.0
64.27301629660798	199.0
64.2830167659244	196.0
64.29301723524081	196.0
64.30301770455722	196.0
64.31301817387364	194.0
64.32301864319005	196.0
64.33301911250648	196.0
64.34301958182289	196.0
64.35302005113931	196.0
64.36302052045572	196.0
64.37302098977214	196.0
64.38302145908855	196.0
64.39302192840498	199.0
64.40302239772139	199.0
64.41302286703781	199.0
64.42302333635422	199.0
64.43302380567064	199.0
64.44302427498705	199.0
64.45302474430348	199.0
64.46302521361989	199.0
64.47302568293631	199.0
64.48302615225272	199.0
64.49302662156914	199.0
64.50302709088555	199.0
64.51302756020198	196.0
64.52302802951839	196.0
64.53302849883481	196.0
64.54302896815122	194.0
64.55302943746764	194.0
64.56302990678405	194.0
64.57303037610046	194.0
64.58303084541689	196.0
64.5930313147333	199.0
64.60303178404972	201.0
64.61303225336613	203.0
64.62303272268255	203.0
64.63303319199896	203.0
64.64303366131539	203.0
64.6530341306318	201.0
64.66303459994822	199.0
64.67303506926463	194.0
64.68303553858105	192.0
64.69303600789746	190.0
64.70303647721389	187.0
64.7130369465303	187.0
64.72303741584672	190.0
64.73303788516313	192.0
64.74303835447955	194.0
64.75303882379596	196.0
64.76303929311239	199.0
64.7730397624288	201.0
64.78304023174522	203.0
64.79304070106163	203.0
64.80304117037805	201.0
64.81304163969446	199.0
64.82304210901088	196.0
64.8330425783273	194.0
64.8430430476437	190.0
64.85304351696013	190.0
64.86304398627654	190.0
64.87304445559296	190.0
64.88304492490937	192.0
64.8930453942258	196.0
64.9030458635422	199.0
64.91304633285863	201.0
64.92304680217504	203.0
64.93304727149146	203.0
64.94304774080787	203.0
64.9530482101243	203.0
64.9630486794407	201.0
64.97304914875713	199.0
64.98304961807354	194.0
64.99305008738996	192.0
65.00305055670637	190.0
65.0130510260228	190.0
65.0230514953392	187.0
65.03305196465563	190.0
65.04305243397204	190.0
65.05305290328846	192.0
65.06305337260487	194.0
65.0730538419213	199.0
65.0830543112377	203.0
65.09305478055413	210.0
65.10305524987054	218.0
65.11305571918695	226.0
65.12305618850337	231.0
65.13305665781978	236.0
65.1430571271362	236.0
65.15305759645261	234.0
65.16305806576904	228.0
65.17305853508545	223.0
65.18305900440187	215.0
65.19305947371828	215.0
65.2030599430347	218.0
65.21306041235111	228.0
65.22306088166754	242.0
65.23306135098395	253.0
65.24306182030037	265.0
65.25306228961678	278.0
65.2630627589332	305.0
65.27306322824961	308.0
65.28306369756604	298.0
65.29306416688244	288.0
65.30306463619887	253.0
65.31306510551528	226.0
65.3230655748317	218.0
65.33306604414811	215.0
65.34306651346454	218.0
65.35306698278094	220.0
65.36306745209737	223.0
65.37306792141378	226.0
65.38306839073019	228.0
65.39306886004661	226.0
65.40306932936302	226.0
65.41306979867944	223.0
65.42307026799585	220.0
65.43307073731228	218.0
65.44307120662869	218.0
65.45307167594511	220.0
65.46307214526152	223.0
65.47307261457794	223.0
65.48307308389435	223.0
65.49307355321078	223.0
65.50307402252719	223.0
65.51307449184361	223.0
65.52307496116002	223.0
65.53307543047644	223.0
65.54307589979285	223.0
65.55307636910928	220.0
65.56307683842569	220.0
65.57307730774211	223.0
65.58307777705852	223.0
65.59307824637494	223.0
65.60307871569135	223.0
65.61307918500778	223.0
65.62307965432419	223.0
65.63308012364061	220.0
65.64308059295702	220.0
65.65308106227343	220.0
65.66308153158985	220.0
65.67308200090626	220.0
65.68308247022269	220.0
65.6930829395391	220.0
65.70308340885552	220.0
65.71308387817193	220.0
65.72308434748835	220.0
65.73308481680476	220.0
65.74308528612119	220.0
65.7530857554376	220.0
65.76308622475402	220.0
65.77308669407043	220.0
65.78308716338685	223.0
65.79308763270326	223.0
65.80308810201969	223.0
65.8130885713361	223.0
65.82308904065252	223.0
65.83308950996893	223.0
65.84308997928535	220.0
65.85309044860176	220.0
65.86309091791819	220.0
65.8730913872346	220.0
65.88309185655102	223.0
65.89309232586743	223.0
65.90309279518385	223.0
65.91309326450026	223.0
65.92309373381667	226.0
65.9330942031331	226.0
65.9430946724495	226.0
65.95309514176593	223.0
65.96309561108234	223.0
65.97309608039876	220.0
65.98309654971517	218.0
65.9930970190316	210.0
66.003097488348	206.0
66.01309795766443	201.0
66.02309842698084	201.0
66.03309889629726	201.0
66.04309936561367	208.0
66.0530998349301	215.0
66.0631003042465	223.0
66.07310077356293	231.0
66.08310124287934	242.0
66.09310171219576	248.0
66.10310218151217	250.0
66.1131026508286	253.0
66.123103120145	253.0
66.13310358946143	253.0
66.14310405877784	250.0
66.15310452809426	250.0
66.16310499741067	250.0
66.1731054667271	250.0
66.1831059360435	248.0
66.19310640535991	248.0
66.20310687467634	242.0
66.21310734399275	236.0
66.22310781330917	231.0
66.23310828262558	226.0
66.243108751942	220.0
66.25310922125841	220.0
66.26310969057484	220.0
66.27311015989125	223.0
66.28311062920767	226.0
66.29311109852408	228.0
66.3031115678405	228.0
66.31311203715691	226.0
66.32311250647334	223.0
66.33311297578975	220.0
66.34311344510617	213.0
66.35311391442258	206.0
66.363114383739	196.0
66.37311485305541	190.0
66.38311532237184	183.0
66.39311579168825	181.0
66.40311626100467	181.0
66.41311673032108	185.0
66.4231171996375	190.0
66.43311766895391	194.0
66.44311813827034	199.0
66.45311860758675	201.0
66.46311907690315	203.0
66.47311954621958	203.0
66.48312001553599	203.0
66.49312048485241	203.0
66.50312095416882	201.0
66.51312142348525	201.0
66.52312189280165	201.0
66.53312236211808	201.0
66.54312283143449	201.0
66.55312330075091	201.0
66.56312377006732	201.0
66.57312423938374	201.0
66.58312470870015	201.0
66.59312517801658	199.0
66.60312564733299	199.0
66.61312611664941	196.0
66.62312658596582	194.0
66.63312705528224	194.0
66.64312752459865	0.0
66.65312799391508	0.0
66.66312846323149	0.0
66.67312893254791	0.0
66.68312940186432	0.0
66.69312987118074	0.0
66.70313034049715	0.0
66.71313080981358	0.0
66.72313127912999	0.0
66.7331317484464	0.0
66.74313221776282	0.0
66.75313268707923	0.0
66.76313315639565	0.0
66.77313362571206	0.0
66.78313409502849	0.0
66.7931345643449	0.0
66.80313503366132	0.0
66.81313550297773	0.0
66.82313597229415	0.0
66.83313644161056	0.0
66.84313691092699	0.0
66.8531373802434	0.0
66.86313784955982	0.0
66.87313831887623	0.0
66.88313878819265	0.0
66.89313925750906	0.0
66.90313972682549	0.0
66.9131401961419	0.0
66.92314066545832	0.0
66.93314113477473	0.0
66.94314160409115	0.0
66.95314207340756	0.0
66.96314254272399	0.0
66.9731430120404	0.0
66.98314348135682	0.0
66.99314395067323	0.0
67.00314441998965	0.0
67.01314488930606	0.0
67.02314535862247	0.0
67.0331458279389	0.0
67.0431462972553	0.0
67.05314676657173	0.0
67.06314723588814	0.0
67.07314770520456	0.0
67.08314817452097	0.0
67.0931486438374	0.0
67.1031491131538	0.0
67.11314958247023	0.0
67.12315005178664	0.0
67.13315052110306	0.0
67.14315099041947	0.0
67.1531514597359	0.0
67.1631519290523	0.0
67.17315239836873	0.0
67.18315286768514	0.0
67.19315333700156	0.0
67.20315380631797	0.0
67.2131542756344	0.0
67.2231547449508	0.0
67.23315521426723	0.0
67.24315568358364	0.0
67.25315615290006	0.0
67.26315662221647	0.0
67.2731570915329	0.0
67.2831575608493	0.0
67.29315803016571	0.0
67.30315849948214	0.0
67.31315896879855	0.0
67.32315943811497	0.0
67.33315990743138	0.0
67.3431603767478	0.0
67.35316084606421	0.0
67.36316131538064	0.0
67.37316178469705	0.0
67.38316225401347	0.0
67.39316272332988	0.0
67.4031631926463	0.0
67.41316366196271	0.0
67.42316413127914	0.0
67.43316460059555	0.0
67.44316506991197	0.0
67.45316553922838	0.0
67.4631660085448	0.0
67.47316647786121	0.0
67.48316694717764	0.0
67.49316741649405	0.0
67.50316788581047	0.0
67.51316835512688	0.0
67.5231688244433	0.0
67.53316929375971	0.0
67.54316976307614	0.0
67.55317023239255	0.0
67.56317070170896	0.0
67.57317117102538	0.0
67.58317164034179	0.0
67.59317210965821	0.0
67.60317257897462	0.0
67.61317304829105	0.0
67.62317351760746	192.0
67.63317398692388	192.0
67.64317445624029	194.0
67.65317492555671	196.0
67.66317539487312	199.0
67.67317586418955	201.0
67.68317633350595	201.0
67.69317680282238	201.0
67.70317727213879	201.0
67.71317774145521	201.0
67.72317821077162	201.0
67.73317868008805	201.0
67.74317914940445	201.0
67.75317961872088	201.0
67.76318008803729	199.0
67.77318055735371	199.0
67.78318102667012	196.0
67.79318149598654	196.0
67.80318196530295	194.0
67.81318243461938	194.0
67.82318290393579	196.0
67.8331833732522	196.0
67.84318384256862	196.0
67.85318431188503	196.0
67.86318478120145	196.0
67.87318525051786	196.0
67.88318571983429	196.0
67.8931861891507	196.0
67.90318665846712	196.0
67.91318712778353	196.0
67.92318759709995	196.0
67.93318806641636	199.0
67.94318853573279	199.0
67.9531890050492	199.0
67.96318947436562	201.0
67.97318994368203	201.0
67.98319041299845	201.0
67.99319088231486	201.0
68.00319135163129	201.0
68.0131918209477	201.0
68.02319229026412	201.0
68.03319275958053	201.0
68.04319322889695	201.0
68.05319369821336	201.0
68.06319416752979	201.0
68.0731946368462	199.0
68.08319510616262	199.0
68.09319557547903	199.0
68.10319604479544	199.0
68.11319651411186	199.0
68.12319698342827	199.0
68.1331974527447	201.0
68.1431979220611	201.0
68.15319839137753	201.0
68.16319886069394	201.0
68.17319933001036	201.0
68.18319979932677	201.0
68.1932002686432	201.0
68.2032007379596	201.0
68.21320120727603	201.0
68.22320167659244	201.0
68.23320214590886	201.0
68.24320261522527	201.0
68.2532030845417	201.0
68.2632035538581	201.0
68.27320402317453	201.0
68.28320449249094	199.0
68.29320496180736	199.0
68.30320543112377	199.0
68.3132059004402	199.0
68.3232063697566	203.0
68.33320683907303	210.0
68.34320730838944	220.0
68.35320777770586	231.0
68.36320824702227	248.0
68.37320871633868	265.0
68.3832091856551	275.0
68.39320965497151	281.0
68.40321012428794	281.0
68.41321059360435	275.0
68.42321106292077	265.0
68.43321153223718	250.0
68.4432120015536	234.0
68.45321247087001	220.0
68.46321294018644	218.0
68.47321340950285	218.0
68.48321387881927	220.0
68.49321434813568	220.0
68.5032148174521	223.0
68.51321528676851	223.0
68.52321575608494	223.0
68.53321622540135	223.0
68.54321669471777	223.0
68.55321716403418	220.0
68.5632176333506	223.0
68.57321810266701	223.0
68.58321857198344	223.0
68.59321904129985	226.0
68.60321951061627	226.0
68.61321997993268	228.0
68.6232204492491	228.0
68.63322091856551	228.0
68.64322138788192	228.0
68.65322185719835	226.0
68.66322232651476	223.0
68.67322279583118	220.0
68.68322326514759	218.0
68.69322373446401	215.0
68.70322420378042	213.0
68.71322467309685	213.0
68.72322514241326	213.0
68.73322561172968	218.0
68.74322608104609	226.0
68.75322655036251	234.0
68.76322701967892	239.0
68.77322748899535	245.0
68.78322795831176	248.0
68.79322842762818	250.0
68.80322889694459	250.0
68.81322936626101	253.0
68.82322983557742	253.0
68.83323030489385	253.0
68.84323077421026	253.0
68.85323124352668	253.0
68.86323171284309	253.0
68.87323218215951	253.0
68.88323265147592	253.0
68.89323312079235	253.0
68.90323359010875	253.0
68.91323405942516	253.0
68.92323452874159	253.0
68.933234998058	253.0
68.94323546737442	250.0
68.95323593669083	248.0
68.96323640600725	245.0
68.97323687532366	242.0
68.98323734464009	236.0
68.9932378139565	231.0
69.00323828327292	228.0
69.01323875258933	223.0
69.02323922190575	220.0
69.03323969122216	220.0
69.04324016053859	218.0
69.053240629855	218.0
69.06324109917142	218.0
69.07324156848783	218.0
69.08324203780425	218.0
69.09324250712066	218.0
69.10324297643709	220.0
69.1132434457535	220.0
69.12324391506992	220.0
69.13324438438633	223.0
69.14324485370275	226.0
69.15324532301916	226.0
69.16324579233559	223.0
69.173246261652	215.0
69.1832467309684	208.0
69.19324720028483	201.0
69.20324766960124	194.0
69.21324813891766	190.0
69.22324860823407	190.0
69.2332490775505	190.0
69.2432495468669	192.0
69.25325001618333	194.0
69.26325048549974	196.0
69.27325095481616	199.0
69.28325142413257	199.0
69.293251893449	196.0
69.3032523627654	194.0
69.31325283208183	192.0
69.32325330139824	192.0
69.33325377071466	192.0
69.34325424003107	190.0
69.3532547093475	192.0
69.3632551786639	192.0
69.37325564798033	192.0
69.38325611729674	192.0
69.39325658661316	192.0
69.40325705592957	192.0
69.413257525246	194.0
69.4232579945624	194.0
69.43325846387883	196.0
69.44325893319524	196.0
69.45325940251165	199.0
69.46325987182807	199.0
69.47326034114448	199.0
69.4832608104609	199.0
69.49326127977731	196.0
69.50326174909374	194.0
69.51326221841015	194.0
69.52326268772657	192.0
69.53326315704298	190.0
69.5432636263594	187.0
69.55326409567581	187.0
69.56326456499224	187.0
69.57326503430865	190.0
69.58326550362507	190.0
69.59326597294148	192.0
69.6032664422579	194.0
69.61326691157431	199.0
69.62326738089074	201.0
69.63326785020715	203.0
69.64326831952357	203.0
69.65326878883998	203.0
69.6632692581564	203.0
69.67326972747281	199.0
69.68327019678924	194.0
69.69327066610565	192.0
69.70327113542207	190.0
69.71327160473848	187.0
69.72327207405489	187.0
69.73327254337131	187.0
69.74327301268772	187.0
69.75327348200415	187.0
69.76327395132056	190.0
69.77327442063698	190.0
69.78327488995339	192.0
69.79327535926981	194.0
69.80327582858622	196.0
69.81327629790265	199.0
69.82327676721906	201.0
69.83327723653548	201.0
69.84327770585189	201.0
69.85327817516831	201.0
69.86327864448472	201.0
69.87327911380115	199.0
69.88327958311756	194.0
69.89328005243398	192.0
69.90328052175039	187.0
69.91328099106681	185.0
69.92328146038322	183.0
69.93328192969965	183.0
69.94328239901606	183.0
69.95328286833248	187.0
69.96328333764889	190.0
69.97328380696531	194.0
69.98328427628172	199.0
69.99328474559813	203.0
70.00328521491456	206.0
70.01328568423096	208.0
70.02328615354739	208.0
70.0332866228638	208.0
70.04328709218022	206.0
70.05328756149663	203.0
70.06328803081306	199.0
70.07328850012946	196.0
70.08328896944589	194.0
70.0932894387623	192.0
70.10328990807872	190.0
70.11329037739513	190.0
70.12329084671155	190.0
70.13329131602796	194.0
70.14329178534439	203.0
70.1532922546608	231.0
70.16329272397722	253.0
70.17329319329363	275.0
70.18329366261005	294.0
70.19329413192646	312.0
70.20329460124289	316.0
70.2132950705593	305.0
70.22329553987572	281.0
70.23329600919213	250.0
70.24329647850855	226.0
70.25329694782496	215.0
70.26329741714137	210.0
70.2732978864578	210.0
70.2832983557742	213.0
70.29329882509063	218.0
70.30329929440704	223.0
70.31329976372346	226.0
70.32330023303987	228.0
70.3333007023563	226.0
70.3433011716727	223.0
70.35330164098913	215.0
70.36330211030554	208.0
70.37330257962196	196.0
70.38330304893837	185.0
70.3933035182548	183.0
70.4033039875712	179.0
70.41330445688763	181.0
70.42330492620404	183.0
70.43330539552046	185.0
70.44330586483687	190.0
70.4533063341533	190.0
70.4633068034697	192.0
70.47330727278613	192.0
70.48330774210254	192.0
70.49330821141896	192.0
70.50330868073537	192.0
70.5133091500518	192.0
70.5233096193682	194.0
70.53331008868462	194.0
70.54331055800104	194.0
70.55331102731745	194.0
70.56331149663387	194.0
70.57331196595028	192.0
70.5833124352667	192.0
70.59331290458312	190.0
70.60331337389954	187.0
70.61331384321595	185.0
70.62331431253237	183.0
70.63331478184878	183.0
70.6433152511652	181.0
70.65331572048161	181.0
70.66331618979804	183.0
70.67331665911445	185.0
70.68331712843087	187.0
70.69331759774728	190.0
70.7033180670637	192.0
70.71331853638011	194.0
70.72331900569654	196.0
70.73331947501295	199.0
70.74331994432937	199.0
70.75332041364578	199.0
70.7633208829622	196.0
70.77332135227861	196.0
70.78332182159504	194.0
70.79332229091145	192.0
70.80332276022786	192.0
70.81332322954428	190.0
70.82332369886069	187.0
70.83332416817711	185.0
70.84332463749352	185.0
70.85332510680995	185.0
70.86332557612636	185.0
70.87332604544278	187.0
70.88332651475919	190.0
70.89332698407561	192.0
70.90332745339202	194.0
70.91332792270845	196.0
70.92332839202486	196.0
70.93332886134128	199.0
70.94332933065769	199.0
70.95332979997411	199.0
70.96333026929052	199.0
70.97333073860695	199.0
70.98333120792336	199.0
70.99333167723978	199.0
71.00333214655619	196.0
71.01333261587261	196.0
71.02333308518902	196.0
71.03333355450545	194.0
71.04333402382186	194.0
71.05333449313828	192.0
71.06333496245469	187.0
71.0733354317711	181.0
71.08333590108752	175.0
71.09333637040393	159.0
71.10333683972036	158.0
71.11333730903677	161.0
71.12333777835319	194.0
71.1333382476696	203.0
71.14333871698602	220.0
71.15333918630243	234.0
71.16333965561886	242.0
71.17334012493527	248.0
71.18334059425169	248.0
71.1933410635681	218.0
71.20334153288452	201.0
71.21334200220093	159.0
71.22334247151736	152.0
71.23334294083377	144.0
71.24334341015019	142.0
71.2533438794666	144.0
71.26334434878302	147.0
71.27334481809943	152.0
71.28334528741586	159.0
71.29334575673226	167.0
71.30334622604869	175.0
71.3133466953651	179.0
71.32334716468152	183.0
71.33334763399793	185.0
71.34334810331436	185.0
71.35334857263076	187.0
71.36334904194717	187.0
71.3733495112636	187.0
71.38334998058001	187.0
71.39335044989643	190.0
71.40335091921284	190.0
71.41335138852926	187.0
71.42335185784567	187.0
71.4333523271621	187.0
71.44335279647851	185.0
71.45335326579493	185.0
71.46335373511134	185.0
71.47335420442776	185.0
71.48335467374417	185.0
71.4933551430606	185.0
71.503355612377	185.0
71.51335608169343	185.0
71.52335655100984	183.0
71.53335702032626	181.0
71.54335748964267	181.0
71.5533579589591	181.0
71.5633584282755	183.0
71.57335889759193	185.0
71.58335936690834	190.0
71.59335983622476	192.0
71.60336030554117	196.0
71.6133607748576	199.0
71.623361244174	201.0
71.63336171349042	201.0
71.64336218280684	201.0
71.65336265212325	199.0
71.66336312143967	196.0
71.67336359075608	192.0
71.6833640600725	190.0
71.69336452938892	187.0
71.70336499870534	187.0
71.71336546802175	187.0
71.72336593733817	187.0
71.73336640665458	187.0
71.743366875971	192.0
71.75336734528742	194.0
71.76336781460384	199.0
71.77336828392025	201.0
71.78336875323667	203.0
71.79336922255308	203.0
71.8033696918695	201.0
71.81337016118592	196.0
71.82337063050234	194.0
71.83337109981875	190.0
71.84337156913517	187.0
71.85337203845158	185.0
71.863372507768	185.0
71.87337297708441	185.0
71.88337344640084	185.0
71.89337391571725	185.0
71.90337438503366	185.0
71.91337485435008	185.0
71.92337532366649	185.0
71.93337579298291	185.0
71.94337626229932	190.0
71.95337673161575	192.0
71.96337720093216	194.0
71.97337767024858	199.0
71.98337813956499	203.0
71.99337860888141	208.0
72.00337907819782	213.0
72.01337954751425	218.0
72.02338001683066	220.0
72.03338048614708	220.0
72.04338095546349	223.0
72.05338142477991	223.0
72.06338189409632	223.0
72.07338236341275	223.0
72.08338283272916	223.0
72.09338330204558	223.0
72.10338377136199	223.0
72.11338424067841	223.0
72.12338470999482	223.0
72.13338517931125	223.0
72.14338564862766	223.0
72.15338611794408	223.0
72.16338658726049	223.0
72.1733870565769	223.0
72.18338752589332	223.0
72.19338799520973	223.0
72.20338846452616	220.0
72.21338893384257	220.0
72.22338940315899	220.0
72.2333898724754	218.0
72.24339034179182	218.0
72.25339081110823	218.0
72.26339128042466	220.0
72.27339174974107	220.0
72.28339221905749	223.0
72.2933926883739	223.0
72.30339315769032	223.0
72.31339362700673	223.0
72.32339409632316	223.0
72.33339456563957	223.0
72.34339503495599	223.0
72.3533955042724	220.0
72.36339597358882	220.0
72.37339644290523	220.0
72.38339691222166	220.0
72.39339738153807	220.0
72.40339785085449	218.0
72.4133983201709	218.0
72.42339878948732	215.0
72.43339925880373	213.0
72.44339972812014	208.0
72.45340019743657	203.0
72.46340066675297	196.0
72.4734011360694	192.0
72.48340160538581	185.0
72.49340207470223	183.0
72.50340254401864	181.0
72.51340301333506	181.0
72.52340348265147	183.0
72.5334039519679	185.0
72.54340442128431	190.0
72.55340489060073	196.0
72.56340535991714	203.0
72.57340582923356	210.0
72.58340629854997	215.0
72.5934067678664	218.0
72.60340723718281	220.0
72.61340770649923	220.0
72.62340817581564	220.0
72.63340864513206	220.0
72.64340911444847	218.0
72.6534095837649	218.0
72.66341005308131	218.0
72.67341052239773	218.0
72.68341099171414	215.0
72.69341146103056	215.0
72.70341193034697	213.0
72.71341239966338	210.0
72.7234128689798	208.0
72.73341333829622	206.0
72.74341380761264	203.0
72.75341427692905	201.0
72.76341474624547	199.0
72.77341521556188	194.0
72.7834156848783	192.0
72.79341615419472	190.0
72.80341662351114	187.0
72.81341709282755	185.0
72.82341756214397	183.0
72.83341803146038	181.0
72.8434185007768	179.0
72.85341897009322	177.0
72.86341943940964	175.0
72.87341990872605	175.0
72.88342037804247	173.0
72.89342084735888	171.0
72.9034213166753	171.0
72.91342178599172	171.0
72.92342225530814	169.0
72.93342272462455	169.0
72.94342319394097	169.0
72.95342366325738	169.0
72.9634241325738	169.0
72.97342460189022	169.0
72.98342507120663	169.0
72.99342554052305	169.0
73.00342600983946	169.0
73.01342647915588	169.0
73.02342694847229	169.0
73.03342741778872	171.0
73.04342788710512	175.0
73.05342835642155	175.0
73.06342882573796	177.0
73.07342929505438	181.0
73.08342976437079	183.0
73.09343023368722	185.0
73.10343070300362	187.0
73.11343117232005	185.0
73.12343164163646	183.0
73.13343211095288	179.0
73.14343258026929	177.0
73.15343304958571	173.0
73.16343351890212	171.0
73.17343398821855	169.0
73.18343445753496	167.0
73.19343492685138	167.0
73.20343539616779	165.0
73.21343586548421	165.0
73.22343633480062	165.0
73.23343680411705	167.0
73.24343727343346	167.0
73.25343774274987	167.0
73.26343821206629	169.0
73.2734386813827	171.0
73.28343915069912	173.0
73.29343962001553	177.0
73.30344008933196	179.0
73.31344055864837	181.0
73.32344102796479	181.0
73.3334414972812	181.0
73.34344196659762	181.0
73.35344243591403	179.0
73.36344290523046	175.0
73.37344337454687	171.0
73.38344384386329	169.0
73.3934443131797	167.0
73.40344478249612	167.0
73.41344525181253	169.0
73.42344572112896	173.0
73.43344619044537	175.0
73.44344665976179	177.0
73.4534471290782	177.0
73.46344759839462	179.0
73.47344806771103	177.0
73.48344853702746	177.0
73.49344900634387	175.0
73.50344947566029	171.0
73.5134499449767	167.0
73.52345041429311	163.0
73.53345088360953	159.0
73.54345135292594	158.0
73.55345182224237	159.0
73.56345229155878	163.0
73.5734527608752	171.0
73.58345323019161	185.0
73.59345369950803	196.0
73.60345416882444	208.0
73.61345463814087	220.0
73.62345510745727	231.0
73.6334555767737	242.0
73.64345604609011	259.0
73.65345651540653	272.0
73.66345698472294	278.0
73.67345745403937	278.0
73.68345792335577	275.0
73.6934583926722	268.0
73.70345886198861	265.0
73.71345933130503	259.0
73.72345980062144	253.0
73.73346026993786	250.0
73.74346073925427	248.0
73.7534612085707	248.0
73.76346167788711	248.0
73.77346214720353	248.0
73.78346261651994	253.0
73.79346308583635	256.0
73.80346355515277	262.0
73.81346402446918	272.0
73.82346449378561	278.0
73.83346496310202	281.0
73.84346543241844	281.0
73.85346590173485	278.0
73.86346637105127	272.0
73.87346684036768	262.0
73.88346730968411	256.0
73.89346777900052	253.0
73.90346824831694	250.0
73.91346871763335	248.0
73.92346918694977	248.0
73.93346965626618	250.0
73.9434701255826	253.0
73.95347059489902	259.0
73.96347106421544	265.0
73.97347153353185	272.0
73.98347200284827	278.0
73.99347247216468	281.0
74.0034729414811	281.0
74.01347341079752	278.0
74.02347388011394	268.0
74.03347434943035	262.0
74.04347481874677	253.0
74.05347528806318	245.0
74.06347575737959	236.0
74.07347622669602	228.0
74.08347669601243	223.0
74.09347716532885	220.0
74.10347763464526	220.0
74.11347810396168	223.0
74.12347857327809	228.0
74.13347904259452	234.0
74.14347951191093	245.0
74.15347998122735	250.0
74.16348045054376	262.0
74.17348091986018	268.0
74.18348138917659	272.0
74.19348185849302	275.0
74.20348232780943	272.0
74.21348279712585	268.0
74.22348326644226	259.0
74.23348373575868	250.0
74.24348420507509	239.0
74.25348467439152	239.0
74.26348514370792	242.0
74.27348561302435	248.0
74.28348608234076	262.0
74.29348655165718	278.0
74.30348702097359	305.0
74.31348749029002	327.0
74.32348795960642	350.0
74.33348842892283	354.0
74.34348889823926	350.0
74.35348936755567	334.0
74.36348983687209	316.0
74.3734903061885	265.0
74.38349077550492	242.0
74.39349124482133	228.0
74.40349171413776	226.0
74.41349218345417	228.0
74.42349265277059	234.0
74.433493122087	239.0
74.44349359140342	248.0
74.45349406071983	256.0
74.46349453003626	265.0
74.47349499935267	272.0
74.48349546866909	278.0
74.4934959379855	278.0
74.50349640730192	278.0
74.51349687661833	275.0
74.52349734593476	268.0
74.53349781525117	262.0
74.54349828456759	256.0
74.553498753884	253.0
74.56349922320042	250.0
74.57349969251683	250.0
74.58350016183326	250.0
74.59350063114967	250.0
74.60350110046608	250.0
74.6135015697825	253.0
74.62350203909891	256.0
74.63350250841533	256.0
74.64350297773174	259.0
74.65350344704817	262.0
74.66350391636458	262.0
74.673504385681	262.0
74.68350485499741	262.0
74.69350532431383	259.0
74.70350579363024	256.0
74.71350626294667	253.0
74.72350673226308	250.0
74.7335072015795	245.0
74.74350767089591	236.0
74.75350814021233	231.0
74.76350860952874	228.0
74.77350907884517	226.0
74.78350954816158	223.0
74.793510017478	223.0
74.80351048679441	223.0
74.81351095611083	220.0
74.82351142542724	223.0
74.83351189474367	223.0
74.84351236406008	223.0
74.8535128333765	223.0
74.86351330269291	223.0
74.87351377200932	223.0
74.88351424132574	223.0
74.89351471064215	223.0
74.90351517995857	223.0
74.91351564927498	220.0
74.92351611859141	220.0
74.93351658790782	220.0
74.94351705722424	220.0
74.95351752654065	220.0
74.96351799585707	223.0
74.97351846517348	223.0
74.98351893448991	223.0
74.99351940380632	223.0
75.00351987312274	226.0
75.01352034243915	226.0
75.02352081175557	226.0
75.03352128107198	226.0
75.04352175038841	223.0
75.05352221970482	223.0
75.06352268902124	223.0
75.07352315833765	223.0
75.08352362765407	223.0
75.09352409697048	223.0
75.10352456628691	220.0
75.11352503560332	220.0
75.12352550491974	220.0
75.13352597423615	220.0
75.14352644355256	220.0
75.15352691286898	220.0
75.16352738218539	223.0
75.17352785150182	223.0
75.18352832081823	226.0
75.19352879013465	226.0
75.20352925945106	226.0
75.21352972876748	226.0
75.22353019808389	223.0
75.23353066740032	223.0
75.24353113671673	220.0
75.25353160603315	220.0
75.26353207534956	218.0
75.27353254466598	215.0
75.28353301398239	210.0
75.29353348329882	208.0
75.30353395261523	203.0
75.31353442193165	199.0
75.32353489124806	192.0
75.33353536056448	187.0
75.34353582988089	183.0
75.35353629919732	181.0
75.36353676851373	179.0
75.37353723783015	175.0
75.38353770714656	175.0
75.39353817646298	171.0
75.40353864577939	169.0
75.4135391150958	169.0
75.42353958441223	167.0
75.43354005372863	0.0
75.44354052304506	0.0
75.45354099236147	0.0
75.46354146167789	0.0
75.4735419309943	0.0
75.48354240031072	0.0
75.49354286962713	0.0
75.50354333894356	0.0
75.51354380825997	0.0
75.52354427757639	0.0
75.5335447468928	0.0
75.54354521620922	0.0
75.55354568552563	0.0
75.56354615484206	0.0
75.57354662415847	0.0
75.58354709347489	0.0
75.5935475627913	0.0
75.60354803210772	0.0
75.61354850142413	0.0
75.62354897074056	0.0
75.63354944005697	0.0
75.64354990937339	0.0
75.6535503786898	0.0
75.66355084800622	0.0
75.67355131732263	0.0
75.68355178663906	0.0
75.69355225595547	0.0
75.70355272527188	0.0
75.7135531945883	0.0
75.72355366390471	0.0
75.73355413322113	0.0
75.74355460253754	0.0
75.75355507185397	0.0
75.76355554117038	0.0
75.7735560104868	0.0
75.78355647980321	0.0
75.79355694911963	0.0
75.80355741843604	0.0
75.81355788775247	0.0
75.82355835706888	0.0
75.8335588263853	0.0
75.84355929570171	0.0
75.85355976501813	0.0
75.86356023433454	0.0
75.87356070365097	0.0
75.88356117296738	0.0
75.8935616422838	0.0
75.90356211160021	0.0
75.91356258091663	0.0
75.92356305023304	0.0
75.93356351954947	0.0
75.94356398886588	0.0
75.9535644581823	0.0
75.96356492749871	0.0
75.97356539681512	0.0
75.98356586613154	0.0
75.99356633544795	0.0
76.00356680476438	0.0
76.01356727408078	0.0
76.02356774339721	0.0
76.03356821271362	0.0
76.04356868203004	0.0
76.05356915134645	0.0
76.06356962066288	0.0
76.07357008997928	0.0
76.08357055929571	0.0
76.09357102861212	0.0
76.10357149792854	0.0
76.11357196724495	0.0
76.12357243656137	0.0
76.13357290587778	0.0
76.14357337519421	0.0
76.15357384451062	0.0
76.16357431382704	0.0
76.17357478314345	0.0
76.18357525245987	0.0
76.19357572177628	0.0
76.20357619109271	0.0
76.21357666040912	0.0
76.22357712972554	0.0
76.23357759904195	0.0
76.24357806835836	0.0
76.25357853767478	0.0
76.2635790069912	0.0
76.27357947630762	0.0
76.28357994562403	0.0
76.29358041494045	0.0
76.30358088425686	0.0
76.31358135357328	0.0
76.3235818228897	0.0
76.33358229220612	0.0
76.34358276152253	0.0
76.35358323083895	0.0
76.36358370015536	0.0
76.37358416947178	0.0
76.3835846387882	0.0
76.39358510810462	0.0
76.40358557742103	0.0
76.41358604673745	0.0
76.42358651605386	0.0
76.43358698537028	0.0
76.44358745468669	0.0
76.45358792400312	0.0
76.46358839331953	0.0
76.47358886263595	0.0
76.48358933195236	0.0
76.49358980126878	0.0
76.50359027058519	0.0
76.5135907399016	0.0
76.52359120921803	0.0
76.53359167853444	0.0
76.54359214785086	177.0
76.55359261716727	177.0
76.56359308648369	175.0
76.5735935558001	175.0
76.58359402511653	173.0
76.59359449443293	173.0
76.60359496374936	171.0
76.61359543306577	171.0
76.62359590238219	171.0
76.6335963716986	169.0
76.64359684101503	167.0
76.65359731033143	167.0
76.66359777964786	165.0
76.67359824896427	163.0
76.68359871828069	163.0
76.6935991875971	163.0
76.70359965691352	163.0
76.71360012622993	165.0
76.72360059554636	169.0
76.73360106486277	173.0
76.74360153417919	177.0
76.7536020034956	181.0
76.76360247281202	187.0
76.77360294212843	190.0
76.78360341144484	190.0
76.79360388076127	190.0
76.80360435007768	192.0
76.8136048193941	190.0
76.82360528871051	187.0
76.83360575802693	183.0
76.84360622734334	179.0
76.85360669665977	175.0
76.86360716597618	175.0
76.8736076352926	175.0
76.88360810460901	177.0
76.89360857392543	181.0
76.90360904324184	185.0
76.91360951255827	190.0
76.92360998187468	194.0
76.9336104511911	199.0
76.94361092050751	201.0
76.95361138982393	203.0
76.96361185914034	203.0
76.97361232845677	201.0
76.98361279777318	199.0
76.9936132670896	194.0
77.00361373640601	190.0
77.01361420572243	187.0
77.02361467503884	185.0
77.03361514435527	183.0
77.04361561367168	181.0
77.05361608298809	179.0
77.06361655230451	177.0
77.07361702162092	175.0
77.08361749093734	175.0
77.09361796025375	175.0
77.10361842957018	177.0
77.11361889888659	181.0
77.12361936820301	187.0
77.13361983751942	194.0
77.14362030683584	201.0
77.15362077615225	206.0
77.16362124546868	208.0
77.17362171478509	213.0
77.18362218410151	218.0
77.19362265341792	218.0
77.20362312273434	220.0
77.21362359205075	220.0
77.22362406136718	220.0
77.23362453068358	220.0
77.24362500000001	220.0
77.25362546931642	220.0
77.26362593863284	220.0
77.27362640794925	223.0
77.28362687726568	223.0
77.29362734658208	223.0
77.30362781589851	223.0
77.31362828521492	220.0
77.32362875453133	220.0
77.33362922384775	223.0
77.34362969316416	223.0
77.35363016248058	223.0
77.363630631797	226.0
77.37363110111342	226.0
77.38363157042983	226.0
77.39363203974625	226.0
77.40363250906266	226.0
77.41363297837908	223.0
77.4236334476955	223.0
77.43363391701192	223.0
77.44363438632833	223.0
77.45363485564475	223.0
77.46363532496116	223.0
77.47363579427758	223.0
77.483636263594	223.0
77.49363673291042	223.0
77.50363720222683	223.0
77.51363767154325	223.0
77.52363814085966	223.0
77.53363861017608	223.0
77.5436390794925	223.0
77.55363954880892	223.0
77.56364001812533	223.0
77.57364048744175	223.0
77.58364095675816	223.0
77.59364142607457	223.0
77.603641895391	223.0
77.6136423647074	223.0
77.62364283402383	223.0
77.63364330334024	223.0
77.64364377265666	223.0
77.65364424197307	223.0
77.66364471128949	223.0
77.6736451806059	223.0
77.68364564992233	226.0
77.69364611923874	226.0
77.70364658855516	226.0
77.71364705787157	223.0
77.72364752718799	223.0
77.7336479965044	223.0
77.74364846582083	223.0
77.75364893513724	223.0
77.76364940445366	223.0
77.77364987377007	223.0
77.78365034308649	223.0
77.7936508124029	223.0
77.80365128171933	223.0
77.81365175103574	223.0
77.82365222035216	223.0
77.83365268966857	223.0
77.84365315898499	220.0
77.8536536283014	220.0
77.86365409761781	220.0
77.87365456693423	220.0
77.88365503625064	220.0
77.89365550556707	220.0
77.90365597488348	218.0
77.9136564441999	215.0
77.92365691351631	215.0
77.93365738283273	213.0
77.94365785214914	210.0
77.95365832146557	206.0
77.96365879078198	203.0
77.9736592600984	196.0
77.98365972941481	192.0
77.99366019873123	187.0
78.00366066804764	183.0
78.01366113736407	181.0
78.02366160668048	177.0
78.0336620759969	173.0
78.04366254531331	167.0
78.05366301462973	165.0
78.06366348394614	161.0
78.07366395326257	159.0
78.08366442257898	0.0
78.0936648918954	0.0
78.10366536121181	0.0
78.11366583052823	0.0
78.12366629984464	0.0
78.13366676916105	0.0
78.14366723847748	0.0
78.15366770779389	0.0
78.16366817711031	0.0
78.17366864642672	0.0
78.18366911574314	0.0
78.19366958505955	0.0
78.20367005437598	0.0
78.21367052369239	0.0
78.22367099300881	0.0
78.23367146232522	0.0
78.24367193164164	0.0
78.25367240095805	0.0
78.26367287027448	0.0
78.27367333959089	0.0
78.28367380890731	0.0
78.29367427822372	0.0
78.30367474754014	0.0
78.31367521685655	0.0
78.32367568617298	0.0
78.33367615548939	0.0
78.34367662480581	0.0
78.35367709412222	0.0
78.36367756343864	0.0
78.37367803275505	0.0
78.38367850207148	0.0
78.39367897138789	0.0
78.4036794407043	0.0
78.41367991002072	0.0
78.42368037933713	0.0
78.43368084865355	0.0
78.44368131796996	0.0
78.45368178728638	0.0
78.4636822566028	0.0
78.47368272591922	0.0
78.48368319523563	0.0
78.49368366455205	0.0
78.50368413386846	0.0
78.51368460318488	0.0
78.5236850725013	0.0
78.53368554181772	0.0
78.54368601113413	0.0
78.55368648045055	0.0
78.56368694976696	0.0
78.57368741908338	0.0
78.5836878883998	0.0
78.59368835771622	0.0
78.60368882703263	0.0
78.61368929634905	0.0
78.62368976566546	173.0
78.63369023498188	171.0
78.6436907042983	171.0
78.65369117361472	171.0
78.66369164293113	171.0
78.67369211224754	173.0
78.68369258156396	177.0
78.69369305088037	181.0
78.7036935201968	185.0
78.7136939895132	196.0
78.72369445882963	215.0
78.73369492814604	239.0
78.74369539746246	262.0
78.75369586677887	275.0
78.7636963360953	288.0
78.7736968054117	294.0
78.78369727472813	294.0
78.79369774404454	284.0
78.80369821336096	268.0
78.81369868267737	248.0
78.8236991519938	228.0
78.8336996213102	220.0
78.84370009062663	218.0
78.85370055994304	218.0
78.86370102925946	220.0
78.87370149857587	223.0
78.88370196789229	226.0
78.8937024372087	228.0
78.90370290652513	228.0
78.91370337584154	226.0
78.92370384515796	220.0
78.93370431447437	215.0
78.94370478379078	203.0
78.9537052531072	192.0
78.96370572242361	185.0
78.97370619174004	185.0
78.98370666105644	185.0
78.99370713037287	187.0
79.00370759968928	190.0
79.0137080690057	192.0
79.02370853832211	194.0
79.03370900763854	194.0
79.04370947695494	196.0
79.05370994627137	196.0
79.06371041558778	194.0
79.0737108849042	194.0
79.08371135422061	192.0
79.09371182353703	190.0
79.10371229285344	185.0
79.11371276216987	183.0
79.12371323148628	179.0
79.1337137008027	177.0
79.14371417011911	177.0
79.15371463943553	179.0
79.16371510875194	183.0
79.17371557806837	185.0
79.18371604738478	190.0
79.1937165167012	194.0
79.20371698601761	199.0
79.21371745533402	199.0
79.22371792465044	199.0
79.23371839396685	194.0
79.24371886328328	190.0
79.25371933259969	185.0
79.26371980191611	181.0
79.27372027123252	179.0
79.28372074054894	179.0
79.29372120986535	179.0
79.30372167918178	183.0
79.31372214849819	187.0
79.32372261781461	192.0
79.33372308713102	194.0
79.34372355644744	196.0
79.35372402576385	196.0
79.36372449508028	192.0
79.37372496439669	187.0
79.38372543371311	183.0
79.39372590302952	177.0
79.40372637234594	167.0
79.41372684166235	159.0
79.42372731097878	154.0
79.43372778029519	154.0
79.44372824961161	156.0
79.45372871892802	159.0
79.46372918824444	163.0
79.47372965756085	167.0
79.48373012687726	171.0
79.49373059619369	175.0
79.5037310655101	177.0
79.51373153482652	179.0
79.52373200414293	179.0
79.53373247345935	177.0
79.54373294277576	173.0
79.55373341209219	167.0
79.5637338814086	161.0
79.57373435072502	156.0
79.58373482004143	154.0
79.59373528935785	154.0
79.60373575867426	158.0
79.61373622799069	163.0
79.6237366973071	169.0
79.63373716662352	173.0
79.64373763593993	175.0
79.65373810525635	177.0
79.66373857457276	177.0
79.67373904388919	175.0
79.6837395132056	169.0
79.69373998252202	161.0
79.70374045183843	156.0
79.71374092115485	154.0
79.72374139047126	158.0
79.73374185978768	163.0
79.7437423291041	177.0
79.7537427984205	187.0
79.76374326773693	199.0
79.77374373705334	213.0
79.78374420636976	220.0
79.79374467568617	226.0
79.8037451450026	226.0
79.813745614319	215.0
79.82374608363543	201.0
79.83374655295184	181.0
79.84374702226826	165.0
79.85374749158467	159.0
79.8637479609011	158.0
79.8737484302175	161.0
79.88374889953393	169.0
79.89374936885034	175.0
79.90374983816676	183.0
79.91375030748317	190.0
79.9237507767996	192.0
79.933751246116	192.0
79.94375171543243	187.0
79.95375218474884	177.0
79.96375265406526	158.0
79.97375312338167	149.0
79.9837535926981	139.0
79.9937540620145	139.0
80.00375453133093	140.0
80.01375500064734	144.0
80.02375546996376	147.0
80.03375593928017	150.0
80.04375640859658	152.0
80.053756877913	152.0
80.06375734722941	152.0
80.07375781654584	150.0
80.08375828586225	149.0
80.09375875517867	145.0
80.10375922449508	144.0
80.1137596938115	142.0
80.12376016312791	142.0
80.13376063244434	144.0
80.14376110176075	147.0
80.15376157107717	156.0
80.16376204039358	175.0
80.17376250971	183.0
80.18376297902641	196.0
80.19376344834284	206.0
80.20376391765924	208.0
80.21376438697567	208.0
80.22376485629208	203.0
80.2337653256085	194.0
80.24376579492491	179.0
80.25376626424134	165.0
80.26376673355774	159.0
80.27376720287417	159.0
80.28376767219058	165.0
80.293768141507	171.0
80.30376861082341	179.0
80.31376908013982	183.0
80.32376954945624	190.0
80.33377001877265	192.0
80.34377048808908	194.0
80.35377095740549	194.0
80.36377142672191	192.0
80.37377189603832	185.0
80.38377236535474	179.0
80.39377283467115	175.0
80.40377330398758	173.0
80.41377377330399	173.0
80.42377424262041	175.0
80.43377471193682	179.0
80.44377518125324	185.0
80.45377565056965	192.0
80.46377611988608	199.0
80.47377658920249	203.0
80.48377705851891	206.0
80.49377752783532	208.0
80.50377799715174	206.0
80.51377846646815	203.0
80.52377893578458	199.0
80.53377940510099	190.0
80.54377987441741	183.0
80.55378034373382	179.0
80.56378081305024	177.0
80.57378128236665	177.0
80.58378175168306	179.0
80.59378222099949	183.0
80.6037826903159	187.0
80.61378315963232	194.0
80.62378362894873	203.0
80.63378409826515	206.0
80.64378456758156	206.0
80.65378503689799	215.0
80.6637855062144	220.0
80.67378597553082	223.0
80.68378644484723	226.0
80.69378691416365	226.0
80.70378738348006	223.0
80.71378785279649	220.0
80.7237883221129	220.0
80.73378879142932	218.0
80.74378926074573	218.0
80.75378973006215	220.0
80.76379019937856	220.0
80.77379066869499	220.0
80.7837911380114	220.0
80.79379160732782	220.0
80.80379207664423	220.0
80.81379254596065	223.0
80.82379301527706	223.0
80.83379348459349	223.0
80.8437939539099	223.0
80.8537944232263	223.0
80.86379489254273	226.0
80.87379536185914	223.0
80.88379583117556	223.0
80.89379630049197	223.0
80.9037967698084	223.0
80.9137972391248	223.0
80.92379770844123	223.0
80.93379817775764	223.0
80.94379864707406	223.0
80.95379911639047	223.0
80.9637995857069	223.0
80.9738000550233	223.0
80.98380052433973	223.0
80.99380099365614	223.0
81.00380146297256	223.0
81.01380193228897	223.0
81.0238024016054	223.0
81.0338028709218	223.0
81.04380334023823	223.0
81.05380380955464	223.0
81.06380427887106	223.0
81.07380474818747	223.0
81.0838052175039	223.0
81.0938056868203	223.0
81.10380615613673	223.0
81.11380662545314	223.0
81.12380709476955	223.0
81.13380756408597	223.0
81.14380803340238	223.0
81.1538085027188	223.0
81.16380897203521	223.0
81.17380944135164	223.0
81.18380991066805	223.0
81.19381037998447	223.0
81.20381084930088	223.0
81.2138113186173	223.0
81.22381178793371	223.0
81.23381225725014	223.0
81.24381272656655	223.0
81.25381319588297	223.0
81.26381366519938	223.0
81.2738141345158	223.0
81.28381460383221	223.0
81.29381507314864	223.0
81.30381554246505	223.0
81.31381601178147	223.0
81.32381648109788	223.0
81.3338169504143	223.0
81.34381741973071	223.0
81.35381788904714	223.0
81.36381835836355	223.0
81.37381882767997	223.0
81.38381929699638	223.0
81.39381976631279	223.0
81.40382023562921	223.0
81.41382070494562	223.0
81.42382117426205	223.0
81.43382164357845	220.0
81.44382211289488	220.0
81.45382258221129	218.0
81.46382305152771	215.0
81.47382352084412	213.0
81.48382399016054	210.0
81.49382445947695	208.0
81.50382492879338	206.0
81.51382539810979	203.0
81.52382586742621	201.0
81.53382633674262	196.0
81.54382680605904	194.0
81.55382727537545	190.0
81.56382774469188	185.0
81.57382821400829	181.0
81.58382868332471	177.0
81.59382915264112	173.0
81.60382962195754	169.0
81.61383009127395	167.0
81.62383056059038	161.0
81.63383102990679	0.0
81.64383149922321	0.0
81.65383196853962	0.0
81.66383243785603	0.0
81.67383290717245	0.0
81.68383337648886	0.0
81.69383384580529	0.0
81.7038343151217	0.0
81.71383478443812	0.0
81.72383525375453	0.0
81.73383572307095	0.0
81.74383619238736	0.0
81.75383666170379	0.0
81.7638371310202	0.0
81.77383760033662	0.0
81.78383806965303	0.0
81.79383853896945	0.0
81.80383900828586	0.0
81.81383947760229	0.0
81.8238399469187	0.0
81.83384041623512	0.0
81.84384088555153	0.0
81.85384135486795	0.0
81.86384182418436	0.0
81.87384229350079	0.0
81.8838427628172	0.0
81.89384323213362	0.0
81.90384370145003	0.0
81.91384417076645	0.0
81.92384464008286	0.0
81.93384510939927	0.0
81.9438455787157	0.0
81.9538460480321	0.0
81.96384651734853	0.0
81.97384698666494	0.0
81.98384745598136	0.0
81.99384792529777	0.0
82.0038483946142	0.0
82.0138488639306	0.0
82.02384933324703	0.0
82.03384980256344	0.0
82.04385027187986	0.0
82.05385074119627	169.0
82.0638512105127	169.0
82.0738516798291	169.0
82.08385214914553	169.0
82.09385261846194	171.0
82.10385308777836	173.0
82.11385355709477	177.0
82.1238540264112	181.0
82.1338544957276	187.0
82.14385496504403	194.0
82.15385543436044	203.0
82.16385590367686	215.0
82.17385637299327	236.0
82.1838568423097	248.0
82.1938573116261	262.0
82.20385778094251	272.0
82.21385825025894	281.0
82.22385871957535	284.0
82.23385918889177	284.0
82.24385965820818	275.0
82.2538601275246	265.0
82.26386059684101	256.0
82.27386106615744	250.0
82.28386153547385	245.0
82.29386200479027	242.0
82.30386247410668	245.0
82.3138629434231	250.0
82.32386341273951	259.0
82.33386388205594	272.0
82.34386435137235	288.0
82.35386482068877	298.0
82.36386529000518	308.0
82.3738657593216	312.0
82.38386622863801	308.0
82.39386669795444	298.0
82.40386716727085	284.0
82.41386763658727	268.0
82.42386810590368	253.0
82.4338685752201	245.0
82.44386904453651	242.0
82.45386951385294	242.0
82.46386998316935	248.0
82.47387045248576	256.0
82.48387092180218	262.0
82.49387139111859	268.0
82.50387186043501	272.0
82.51387232975142	275.0
82.52387279906785	275.0
82.53387326838426	272.0
82.54387373770068	268.0
82.55387420701709	262.0
82.56387467633351	253.0
82.57387514564992	242.0
82.58387561496635	228.0
82.59387608428275	223.0
82.60387655359918	220.0
82.61387702291559	223.0
82.62387749223201	228.0
82.63387796154842	234.0
82.64387843086485	245.0
82.65387890018125	253.0
82.66387936949768	268.0
82.67387983881409	281.0
82.68388030813051	288.0
82.69388077744692	291.0
82.70388124676334	281.0
82.71388171607975	265.0
82.72388218539618	250.0
82.73388265471259	236.0
82.743883124029	228.0
82.75388359334542	223.0
82.76388406266183	223.0
82.77388453197825	223.0
82.78388500129466	223.0
82.79388547061109	223.0
82.8038859399275	226.0
82.81388640924392	226.0
82.82388687856033	226.0
82.83388734787675	226.0
82.84388781719316	220.0
82.85388828650959	218.0
82.863888755826	213.0
82.87388922514242	203.0
82.88388969445883	194.0
82.89389016377525	185.0
82.90389063309166	181.0
82.91389110240809	179.0
82.9238915717245	181.0
82.93389204104092	183.0
82.94389251035733	190.0
82.95389297967375	196.0
82.96389344899016	206.0
82.97389391830659	213.0
82.983894387623	220.0
82.99389485693942	226.0
83.00389532625583	228.0
83.01389579557224	226.0
83.02389626488866	220.0
83.03389673420507	213.0
83.0438972035215	203.0
83.0538976728379	194.0
83.06389814215433	185.0
83.07389861147074	181.0
83.08389908078716	179.0
83.09389955010357	179.0
83.10390001942	181.0
83.1139004887364	187.0
83.12390095805283	196.0
83.13390142736924	203.0
83.14390189668566	213.0
83.15390236600207	220.0
83.1639028353185	228.0
83.1739033046349	234.0
83.18390377395133	234.0
83.19390424326774	234.0
83.20390471258416	220.0
83.21390518190057	208.0
83.223905651217	203.0
83.2339061205334	201.0
83.24390658984983	203.0
83.25390705916624	208.0
83.26390752848266	218.0
83.27390799779907	228.0
83.28390846711548	245.0
83.2939089364319	268.0
83.30390940574831	281.0
83.31390987506474	288.0
83.32391034438115	291.0
83.33391081369757	284.0
83.34391128301398	272.0
83.3539117523304	253.0
83.36391222164681	234.0
83.37391269096324	223.0
83.38391316027965	215.0
83.39391362959607	215.0
83.40391409891248	218.0
83.4139145682289	220.0
83.42391503754531	226.0
83.43391550686174	228.0
83.44391597617815	228.0
83.45391644549457	228.0
83.46391691481098	226.0
83.4739173841274	223.0
83.48391785344381	215.0
83.49391832276024	206.0
83.50391879207665	190.0
83.51391926139307	177.0
83.52391973070948	173.0
83.5339202000259	173.0
83.54392066934231	177.0
83.55392113865872	185.0
83.56392160797515	201.0
83.57392207729156	218.0
83.58392254660798	234.0
83.59392301592439	242.0
83.60392348524081	250.0
83.61392395455722	250.0
83.62392442387365	236.0
83.63392489319006	218.0
83.64392536250648	203.0
83.65392583182289	194.0
83.66392630113931	185.0
83.67392677045572	185.0
83.68392723977215	187.0
83.69392770908856	192.0
83.70392817840498	194.0
83.71392864772139	196.0
83.72392911703781	199.0
83.73392958635422	199.0
83.74393005567065	199.0
83.75393052498706	199.0
83.76393099430348	196.0
83.77393146361989	192.0
83.78393193293631	187.0
83.79393240225272	181.0
83.80393287156915	177.0
83.81393334088555	173.0
83.82393381020196	175.0
83.83393427951839	177.0
83.8439347488348	181.0
83.85393521815122	185.0
83.86393568746763	190.0
83.87393615678405	194.0
83.88393662610046	196.0
83.89393709541689	199.0
83.9039375647333	199.0
83.91393803404972	199.0
83.92393850336613	196.0
83.93393897268255	194.0
83.94393944199896	192.0
83.95393991131539	187.0
83.9639403806318	183.0
83.97394084994822	179.0
83.98394131926463	177.0
83.99394178858105	179.0
84.00394225789746	183.0
84.01394272721389	192.0
84.0239431965303	203.0
84.03394366584672	218.0
84.04394413516313	239.0
84.05394460447955	250.0
84.06394507379596	253.0
84.07394554311239	253.0
84.0839460124288	248.0
84.09394648174522	236.0
84.10394695106163	208.0
84.11394742037804	185.0
84.12394788969446	179.0
84.13394835901087	179.0
84.1439488283273	181.0
84.1539492976437	185.0
84.16394976696013	190.0
84.17395023627654	194.0
84.18395070559296	196.0
84.19395117490937	199.0
84.2039516442258	201.0
84.2139521135422	201.0
84.22395258285863	199.0
84.23395305217504	196.0
84.24395352149146	192.0
84.25395399080787	187.0
84.2639544601243	181.0
84.2739549294407	177.0
84.28395539875713	177.0
84.29395586807354	177.0
84.30395633738996	179.0
84.31395680670637	183.0
84.3239572760228	187.0
84.3339577453392	192.0
84.34395821465563	196.0
84.35395868397204	199.0
84.36395915328846	201.0
84.37395962260487	201.0
84.38396009192128	201.0
84.3939605612377	199.0
84.40396103055411	194.0
84.41396149987054	190.0
84.42396196918695	185.0
84.43396243850337	183.0
84.44396290781978	183.0
84.4539633771362	187.0
84.46396384645261	192.0
84.47396431576904	196.0
84.48396478508545	201.0
84.49396525440187	203.0
84.50396572371828	203.0
84.5139661930347	201.0
84.52396666235111	199.0
84.53396713166754	190.0
84.54396760098395	183.0
84.55396807030037	163.0
84.56396853961678	156.0
84.5739690089332	152.0
84.58396947824961	150.0
84.59396994756604	152.0
84.60397041688245	158.0
84.61397088619887	161.0
84.62397135551528	167.0
84.6339718248317	171.0
84.64397229414811	175.0
84.65397276346452	179.0
84.66397323278095	183.0
84.67397370209736	185.0
84.68397417141378	185.0
84.69397464073019	183.0
84.70397511004661	177.0
84.71397557936302	171.0
84.72397604867945	159.0
84.73397651799586	154.0
84.74397698731228	150.0
84.75397745662869	152.0
84.76397792594511	158.0
84.77397839526152	163.0
84.78397886457795	173.0
84.79397933389436	179.0
84.80397980321078	185.0
84.81398027252719	187.0
84.82398074184361	187.0
84.83398121116002	185.0
84.84398168047645	179.0
84.85398214979286	169.0
84.86398261910928	158.0
84.87398308842569	154.0
84.88398355774211	154.0
84.89398402705852	159.0
84.90398449637495	181.0
84.91398496569136	187.0
84.92398543500776	201.0
84.93398590432419	215.0
84.9439863736406	228.0
84.95398684295702	234.0
84.96398731227343	234.0
84.97398778158986	226.0
84.98398825090626	194.0
84.99398872022269	183.0
85.0039891895391	163.0
85.01398965885552	161.0
85.02399012817193	163.0
85.03399059748835	167.0
85.04399106680476	173.0
85.05399153612119	177.0
85.0639920054376	181.0
85.07399247475402	183.0
85.08399294407043	185.0
85.09399341338685	183.0
85.10399388270326	177.0
85.11399435201969	169.0
85.1239948213361	147.0
85.13399529065252	144.0
85.14399575996893	144.0
85.15399622928535	147.0
85.16399669860176	152.0
85.17399716791819	158.0
85.1839976372346	159.0
85.193998106551	159.0
85.20399857586743	156.0
85.21399904518384	150.0
85.22399951450026	144.0
85.23399998381667	134.0
85.2440004531331	128.0
85.2540009224495	122.0
85.26400139176593	121.0
85.27400186108234	124.0
85.28400233039876	131.0
85.29400279971517	145.0
85.3040032690316	152.0
85.314003738348	159.0
85.32400420766443	163.0
85.33400467698084	161.0
85.34400514629726	156.0
85.35400561561367	149.0
85.3640060849301	131.0
85.3740065542465	125.0
85.38400702356293	121.0
85.39400749287934	125.0
85.40400796219576	131.0
85.41400843151217	137.0
85.4240089008286	142.0
85.434009370145	149.0
85.44400983946143	150.0
85.45401030877784	150.0
85.46401077809425	149.0
85.47401124741067	145.0
85.48401171672708	140.0
85.4940121860435	136.0
85.50401265535992	132.0
85.51401312467634	134.0
85.52401359399275	137.0
85.53401406330917	144.0
85.54401453262558	152.0
85.554015001942	165.0
85.56401547125841	177.0
85.57401594057484	183.0
85.58401640989125	181.0
85.59401687920767	177.0
85.60401734852408	169.0
85.6140178178405	154.0
85.62401828715691	152.0
85.63401875647334	152.0
85.64401922578975	158.0
85.65401969510617	165.0
85.66402016442258	173.0
85.674020633739	181.0
85.68402110305541	190.0
85.69402157237184	196.0
85.70402204168825	201.0
85.71402251100467	203.0
85.72402298032108	203.0
85.73402344963749	199.0
85.74402391895391	194.0
85.75402438827032	192.0
85.76402485758675	190.0
85.77402532690316	187.0
85.78402579621958	185.0
85.79402626553599	185.0
85.80402673485241	185.0
85.81402720416882	183.0
85.82402767348525	183.0
85.83402814280166	183.0
85.84402861211808	183.0
85.85402908143449	183.0
85.86402955075091	183.0
85.87403002006732	183.0
85.88403048938375	183.0
85.89403095870016	183.0
85.90403142801658	185.0
85.91403189733299	185.0
85.92403236664941	185.0
85.93403283596582	185.0
85.94403330528225	185.0
85.95403377459866	185.0
85.96403424391508	185.0
85.97403471323149	185.0
85.98403518254791	185.0
85.99403565186432	185.0
86.00403612118073	185.0
86.01403659049716	185.0
86.02403705981357	185.0
86.03403752912999	185.0
86.0440379984464	185.0
86.05403846776282	187.0
86.06403893707923	187.0
86.07403940639566	187.0
86.08403987571207	190.0
86.09404034502849	190.0
86.1040408143449	190.0
86.11404128366132	190.0
86.12404175297773	190.0
86.13404222229416	190.0
86.14404269161057	190.0
86.15404316092699	190.0
86.1640436302434	190.0
86.17404409955982	190.0
86.18404456887623	190.0
86.19404503819266	190.0
86.20404550750906	187.0
86.21404597682549	187.0
86.2240464461419	187.0
86.23404691545832	185.0
86.24404738477473	185.0
86.25404785409116	183.0
86.26404832340756	181.0
86.27404879272397	181.0
86.2840492620404	179.0
86.29404973135681	177.0
86.30405020067323	175.0
86.31405066998964	173.0
86.32405113930606	171.0
86.33405160862247	169.0
86.3440520779389	167.0
86.3540525472553	167.0
86.36405301657173	165.0
86.37405348588814	165.0
86.38405395520456	165.0
86.39405442452097	165.0
86.4040548938374	165.0
86.4140553631538	167.0
86.42405583247023	169.0
86.43405630178664	173.0
86.44405677110306	175.0
86.45405724041947	179.0
86.4640577097359	183.0
86.4740581790523	185.0
86.48405864836873	187.0
86.49405911768514	190.0
86.50405958700156	187.0
86.51406005631797	187.0
86.5240605256344	187.0
86.5340609949508	185.0
86.54406146426722	185.0
86.55406193358364	183.0
86.56406240290005	181.0
86.57406287221647	181.0
86.58406334153288	179.0
86.5940638108493	179.0
86.60406428016572	177.0
86.61406474948214	177.0
86.62406521879855	177.0
86.63406568811497	175.0
86.64406615743138	173.0
86.6540666267478	173.0
86.66406709606422	171.0
86.67406756538064	171.0
86.68406803469705	169.0
86.69406850401347	169.0
86.70406897332988	169.0
86.7140694426463	167.0
86.72406991196272	167.0
86.73407038127914	167.0
86.74407085059555	167.0
86.75407131991197	167.0
86.76407178922838	169.0
86.7740722585448	169.0
86.78407272786121	171.0
86.79407319717764	171.0
86.80407366649405	173.0
86.81407413581046	175.0
86.82407460512688	175.0
86.83407507444329	177.0
86.84407554375971	179.0
86.85407601307612	183.0
86.86407648239255	185.0
86.87407695170896	185.0
86.88407742102538	187.0
86.89407789034179	187.0
86.90407835965821	187.0
86.91407882897462	187.0
86.92407929829105	185.0
86.93407976760746	185.0
86.94408023692388	183.0
86.95408070624029	181.0
86.96408117555671	179.0
86.97408164487312	177.0
86.98408211418955	177.0
86.99408258350596	173.0
87.00408305282238	171.0
87.01408352213879	169.0
87.02408399145521	165.0
87.03408446077162	163.0
87.04408493008805	161.0
87.05408539940446	161.0
87.06408586872088	161.0
87.07408633803729	161.0
87.0840868073537	163.0
87.09408727667012	165.0
87.10408774598653	165.0
87.11408821530296	167.0
87.12408868461937	169.0
87.13408915393579	171.0
87.1440896232522	173.0
87.15409009256862	177.0
87.16409056188503	179.0
87.17409103120146	183.0
87.18409150051787	185.0
87.19409196983429	187.0
87.2040924391507	190.0
87.21409290846712	192.0
87.22409337778353	192.0
87.23409384709996	192.0
87.24409431641637	190.0
87.25409478573279	190.0
87.2640952550492	187.0
87.27409572436562	187.0
87.28409619368203	185.0
87.29409666299846	185.0
87.30409713231487	183.0
87.31409760163129	183.0
87.3240980709477	181.0
87.33409854026412	181.0
87.34409900958053	179.0
87.35409947889694	177.0
87.36409994821337	175.0
87.37410041752977	175.0
87.3841008868462	173.0
87.39410135616261	173.0
87.40410182547903	173.0
87.41410229479544	171.0
87.42410276411186	171.0
87.43410323342827	169.0
87.4441037027447	169.0
87.45410417206111	169.0
87.46410464137753	171.0
87.47410511069394	171.0
87.48410558001036	173.0
87.49410604932677	175.0
87.5041065186432	175.0
87.51410698795961	177.0
87.52410745727603	177.0
87.53410792659244	179.0
87.54410839590886	181.0
87.55410886522527	183.0
87.5641093345417	187.0
87.57410980385811	192.0
87.58411027317453	199.0
87.59411074249094	203.0
87.60411121180736	210.0
87.61411168112377	215.0
87.62411215044018	223.0
87.6341126197566	228.0
87.64411308907302	236.0
87.65411355838944	242.0
87.66411402770585	248.0
87.67411449702227	253.0
87.68411496633868	256.0
87.6941154356551	262.0
87.70411590497152	265.0
87.71411637428794	265.0
87.72411684360435	265.0
87.73411731292077	262.0
87.74411778223718	259.0
87.7541182515536	256.0
87.76411872087002	253.0
87.77411919018644	253.0
87.78411965950285	253.0
87.79412012881927	253.0
87.80412059813568	253.0
87.8141210674521	253.0
87.82412153676852	256.0
87.83412200608494	256.0
87.84412247540135	256.0
87.85412294471777	256.0
87.86412341403418	256.0
87.8741238833506	253.0
87.88412435266702	253.0
87.89412482198343	253.0
87.90412529129985	253.0
87.91412576061626	250.0
87.92412622993268	250.0
87.93412669924909	248.0
87.94412716856552	248.0
87.95412763788192	248.0
87.96412810719835	248.0
87.97412857651476	248.0
87.98412904583118	248.0
87.99412951514759	248.0
88.00412998446402	250.0
88.01413045378042	250.0
88.02413092309685	253.0
88.03413139241326	256.0
88.04413186172968	259.0
88.05413233104609	262.0
88.06413280036251	262.0
88.07413326967892	256.0
88.08413373899535	253.0
88.09413420831176	245.0
88.10413467762818	239.0
88.11413514694459	231.0
88.12413561626101	223.0
88.13413608557742	218.0
88.14413655489385	215.0
88.15413702421026	215.0
88.16413749352667	215.0
88.17413796284309	215.0
88.1841384321595	215.0
88.19413890147592	218.0
88.20413937079233	220.0
88.21413984010876	220.0
88.22414030942517	220.0
88.23414077874159	220.0
88.244141248058	220.0
88.25414171737442	220.0
88.26414218669083	220.0
88.27414265600726	220.0
88.28414312532367	220.0
88.29414359464009	220.0
88.3041440639565	220.0
88.31414453327292	220.0
88.32414500258933	220.0
88.33414547190576	220.0
88.34414594122217	223.0
88.35414641053859	223.0
88.364146879855	223.0
88.37414734917142	223.0
88.38414781848783	226.0
88.39414828780426	226.0
88.40414875712067	226.0
88.41414922643709	226.0
88.4241496957535	223.0
88.43415016506992	223.0
88.44415063438633	223.0
88.45415110370274	223.0
88.46415157301917	223.0
88.47415204233558	223.0
88.484152511652	223.0
88.49415298096841	223.0
88.50415345028483	223.0
88.51415391960124	223.0
88.52415438891767	223.0
88.53415485823407	223.0
88.5441553275505	220.0
88.55415579686691	223.0
88.56415626618333	223.0
88.57415673549974	223.0
88.58415720481617	223.0
88.59415767413257	223.0
88.604158143449	223.0
88.61415861276541	223.0
88.62415908208183	223.0
88.63415955139824	223.0
88.64416002071466	223.0
88.65416049003107	223.0
88.6641609593475	223.0
88.67416142866391	220.0
88.68416189798033	220.0
88.69416236729674	220.0
88.70416283661316	220.0
88.71416330592957	220.0
88.72416377524598	220.0
88.73416424456241	220.0
88.74416471387882	220.0
88.75416518319524	220.0
88.76416565251165	220.0
88.77416612182807	220.0
88.78416659114448	220.0
88.79416706046091	220.0
88.80416752977732	220.0
88.81416799909374	220.0
88.82416846841015	220.0
88.83416893772657	220.0
88.84416940704298	220.0
88.8541698763594	220.0
88.86417034567582	220.0
88.87417081499224	223.0
88.88417128430865	223.0
88.89417175362507	223.0
88.90417222294148	223.0
88.9141726922579	223.0
88.92417316157432	223.0
88.93417363089074	223.0
88.94417410020715	223.0
88.95417456952357	223.0
88.96417503883998	223.0
88.9741755081564	223.0
88.98417597747282	223.0
88.99417644678923	223.0
89.00417691610565	223.0
89.01417738542206	223.0
89.02417785473848	223.0
89.03417832405489	223.0
89.04417879337132	223.0
89.05417926268773	223.0
89.06417973200415	223.0
89.07418020132056	226.0
89.08418067063698	226.0
89.09418113995339	226.0
89.10418160926982	226.0
89.11418207858623	226.0
89.12418254790265	223.0
89.13418301721906	223.0
89.14418348653548	220.0
89.15418395585189	220.0
89.16418442516832	220.0
89.17418489448472	220.0
89.18418536380115	220.0
89.19418583311756	220.0
89.20418630243398	220.0
89.21418677175039	220.0
89.22418724106682	220.0
89.23418771038322	223.0
89.24418817969965	223.0
89.25418864901606	223.0
89.26418911833247	223.0
89.27418958764889	223.0
89.2841900569653	223.0
89.29419052628172	223.0
89.30419099559813	220.0
89.31419146491456	218.0
89.32419193423097	218.0
89.33419240354739	215.0
89.3441928728638	213.0
89.35419334218022	215.0
89.36419381149663	218.0
89.37419428081306	220.0
89.38419475012947	223.0
89.39419521944589	226.0
89.4041956887623	226.0
89.41419615807872	226.0
89.42419662739513	226.0
89.43419709671156	220.0
89.44419756602797	218.0
89.45419803534439	213.0
89.4641985046608	208.0
89.47419897397722	208.0
89.48419944329363	206.0
89.49419991261006	206.0
89.50420038192647	206.0
89.51420085124289	208.0
89.5242013205593	208.0
89.53420178987571	210.0
89.54420225919213	210.0
89.55420272850854	213.0
89.56420319782497	215.0
89.57420366714138	218.0
89.5842041364578	218.0
89.59420460577421	220.0
89.60420507509063	220.0
89.61420554440704	220.0
89.62420601372347	220.0
89.63420648303988	220.0
89.6442069523563	220.0
89.65420742167271	220.0
89.66420789098913	220.0
89.67420836030554	220.0
89.68420882962197	220.0
89.69420929893838	218.0
89.7042097682548	218.0
89.71421023757121	218.0
89.72421070688763	220.0
89.73421117620404	220.0
89.74421164552047	220.0
89.75421211483688	220.0
89.7642125841533	220.0
89.77421305346971	220.0
89.78421352278613	220.0
89.79421399210254	220.0
89.80421446141895	220.0
89.81421493073537	220.0
89.82421540005178	220.0
89.83421586936821	220.0
89.84421633868462	220.0
89.85421680800104	218.0
89.86421727731745	215.0
89.87421774663387	215.0
89.88421821595028	213.0
89.89421868526671	208.0
89.90421915458312	208.0
89.91421962389954	208.0
89.92422009321595	210.0
89.93422056253237	215.0
89.94422103184878	223.0
89.95422150116521	228.0
89.96422197048162	234.0
89.97422243979804	239.0
89.98422290911445	242.0
89.99422337843087	245.0
90.00422384774728	248.0
90.01422431706371	248.0
90.02422478638012	248.0
90.03422525569654	248.0
90.04422572501295	248.0
90.05422619432937	250.0
90.06422666364578	250.0
90.07422713296219	250.0
90.08422760227862	250.0
90.09422807159503	253.0
90.10422854091145	253.0
90.11422901022786	253.0
90.12422947954428	250.0
90.13422994886069	242.0
90.14423041817712	231.0
90.15423088749353	223.0
90.16423135680995	218.0
90.17423182612636	215.0
90.18423229544278	223.0
90.19423276475919	236.0
90.20423323407562	253.0
90.21423370339203	275.0
90.22423417270845	288.0
90.23423464202486	298.0
90.24423511134128	294.0
90.25423558065769	284.0
90.26423604997412	262.0
90.27423651929053	245.0
90.28423698860695	228.0
90.29423745792336	220.0
90.30423792723978	223.0
90.31423839655619	226.0
90.32423886587262	228.0
90.33423933518903	231.0
90.34423980450543	231.0
90.35424027382186	228.0
90.36424074313827	223.0
90.37424121245469	220.0
90.3842416817711	218.0
90.39424215108752	226.0
90.40424262040393	239.0
90.41424308972036	248.0
90.42424355903677	256.0
90.43424402835319	259.0
90.4442444976696	256.0
90.45424496698602	248.0
90.46424543630243	239.0
90.47424590561886	196.0
90.48424637493527	183.0
90.49424684425169	179.0
90.5042473135681	181.0
90.51424778288452	187.0
90.52424825220093	194.0
90.53424872151736	201.0
90.54424919083377	203.0
90.55424966015019	203.0
90.5642501294666	196.0
90.57425059878302	190.0
90.58425106809943	179.0
90.59425153741586	171.0
90.60425200673227	169.0
90.61425247604868	171.0
90.6242529453651	177.0
90.63425341468151	183.0
90.64425388399793	187.0
90.65425435331434	192.0
90.66425482263077	196.0
90.67425529194718	196.0
90.6842557612636	199.0
90.69425623058001	199.0
90.70425669989643	199.0
90.71425716921284	199.0
90.72425763852927	199.0
90.73425810784568	196.0
90.7442585771621	194.0
90.75425904647851	192.0
90.76425951579493	190.0
90.77425998511134	183.0
90.78426045442777	179.0
90.79426092374418	175.0
90.8042613930606	173.0
90.81426186237701	171.0
90.82426233169343	171.0
90.83426280100984	175.0
90.84426327032627	187.0
90.85426373964268	192.0
90.8642642089591	196.0
90.87426467827551	199.0
90.88426514759192	250.0
90.89426561690834	253.0
90.90426608622475	256.0
90.91426655554118	256.0
90.92426702485758	256.0
90.93426749417401	256.0
90.94426796349042	253.0
90.95426843280684	253.0
90.96426890212325	253.0
90.97426937143968	253.0
90.98426984075608	250.0
90.99427031007251	250.0
91.00427077938892	250.0
91.01427124870534	253.0
91.02427171802175	253.0
91.03427218733817	253.0
91.04427265665458	253.0
91.05427312597101	253.0
91.06427359528742	250.0
91.07427406460384	248.0
91.08427453392025	245.0
91.09427500323667	239.0
91.10427547255308	236.0
91.11427594186951	231.0
91.12427641118592	228.0
91.13427688050234	228.0
91.14427734981875	228.0
91.15427781913516	234.0
91.16427828845158	239.0
91.174278757768	253.0
91.18427922708442	265.0
91.19427969640083	265.0
91.20428016571725	262.0
91.21428063503366	259.0
91.22428110435008	256.0
91.2342815736665	253.0
91.24428204298292	250.0
91.25428251229933	250.0
91.26428298161575	250.0
91.27428345093216	250.0
91.28428392024858	253.0
91.294284389565	259.0
91.30428485888142	268.0
91.31428532819783	278.0
91.32428579751425	284.0
91.33428626683066	291.0
91.34428673614708	298.0
91.35428720546349	0.0
91.36428767477992	0.0
91.37428814409633	0.0
91.38428861341275	0.0
91.39428908272916	0.0
91.40428955204558	0.0
91.41429002136199	0.0
91.4242904906784	0.0
91.43429095999483	0.0
91.44429142931124	0.0
91.45429189862766	0.0
91.46429236794407	0.0
91.47429283726049	0.0
91.4842933065769	0.0
91.49429377589333	0.0
91.50429424520973	0.0
91.51429471452616	0.0
91.52429518384257	0.0
91.53429565315899	0.0
91.5442961224754	0.0
91.55429659179183	0.0
91.56429706110823	0.0
91.57429753042466	0.0
91.58429799974107	0.0
91.59429846905749	0.0
91.6042989383739	0.0
91.61429940769032	0.0
91.62429987700673	0.0
91.63430034632316	0.0
91.64430081563957	0.0
91.65430128495599	0.0
91.6643017542724	0.0
91.67430222358882	0.0
91.68430269290523	0.0
91.69430316222164	0.0
91.70430363153807	0.0
91.71430410085448	0.0
91.7243045701709	0.0
91.73430503948731	0.0
91.74430550880373	0.0
91.75430597812014	0.0
91.76430644743657	0.0
91.77430691675298	0.0
91.7843073860694	0.0
91.79430785538581	0.0
91.80430832470223	0.0
91.81430879401864	0.0
91.82430926333507	0.0
91.83430973265148	0.0
91.8443102019679	0.0
91.85431067128431	0.0
91.86431114060073	0.0
91.87431160991714	0.0
91.88431207923357	0.0
91.89431254854998	0.0
91.9043130178664	0.0
91.91431348718281	0.0
91.92431395649923	0.0
91.93431442581564	0.0
91.94431489513207	0.0
91.95431536444848	0.0
91.96431583376489	0.0
91.97431630308131	0.0
91.98431677239772	0.0
91.99431724171414	0.0
92.00431771103055	0.0
92.01431818034698	0.0
92.02431864966339	0.0
92.03431911897981	0.0
92.04431958829622	0.0
92.05432005761264	0.0
92.06432052692905	0.0
92.07432099624548	0.0
92.08432146556189	0.0
92.09432193487831	0.0
92.10432240419472	0.0
92.11432287351114	0.0
92.12432334282755	0.0
92.13432381214398	0.0
92.14432428146038	0.0
92.15432475077681	0.0
92.16432522009322	0.0
92.17432568940964	0.0
92.18432615872605	0.0
92.19432662804248	0.0
92.20432709735888	0.0
92.21432756667531	0.0
92.22432803599172	0.0
92.23432850530813	0.0
92.24432897462455	0.0
92.25432944394096	0.0
92.26432991325738	0.0
92.2743303825738	0.0
92.28433085189022	0.0
92.29433132120663	0.0
92.30433179052305	0.0
92.31433225983946	0.0
92.32433272915588	0.0
92.3343331984723	0.0
92.34433366778872	0.0
92.35433413710513	0.0
92.36433460642155	0.0
92.37433507573796	0.0
92.38433554505438	0.0
92.3943360143708	0.0
92.40433648368722	0.0
92.41433695300363	0.0
92.42433742232005	0.0
92.43433789163646	0.0
92.44433836095288	0.0
92.4543388302693	0.0
92.46433929958572	0.0
92.47433976890213	0.0
92.48434023821855	0.0
92.49434070753496	0.0
92.50434117685137	0.0
92.5143416461678	0.0
92.5243421154842	0.0
92.53434258480063	0.0
92.54434305411704	0.0
92.55434352343346	0.0
92.56434399274987	0.0
92.57434446206629	0.0
92.5843449313827	0.0
92.59434540069913	0.0
92.60434587001554	0.0
92.61434633933196	0.0
92.62434680864837	0.0
92.63434727796479	0.0
92.6443477472812	0.0
92.65434821659763	0.0
92.66434868591404	0.0
92.67434915523046	0.0
92.68434962454687	0.0
92.69435009386329	0.0
92.7043505631797	0.0
92.71435103249613	0.0
92.72435150181254	0.0
92.73435197112896	0.0
92.74435244044537	0.0
92.75435290976179	0.0
92.7643533790782	0.0
92.77435384839463	0.0
92.78435431771103	0.0
92.79435478702744	0.0
92.80435525634387	0.0
92.81435572566028	0.0
92.8243561949767	0.0
92.83435666429311	0.0
92.84435713360953	0.0
92.85435760292594	0.0
92.86435807224237	0.0
92.87435854155878	0.0
92.8843590108752	0.0
92.89435948019161	0.0
92.90435994950803	0.0
92.91436041882444	0.0
92.92436088814087	0.0
92.93436135745728	0.0
92.9443618267737	0.0
92.95436229609011	0.0
92.96436276540653	0.0
92.97436323472294	0.0
92.98436370403937	0.0
92.99436417335578	0.0
93.0043646426722	0.0
93.01436511198861	0.0
93.02436558130503	0.0
93.03436605062144	0.0
93.04436651993787	0.0
93.05436698925428	0.0
93.06436745857069	0.0
93.07436792788711	0.0
93.08436839720352	0.0
93.09436886651994	0.0
93.10436933583635	0.0
93.11436980515278	0.0
93.12437027446919	0.0
93.13437074378561	0.0
93.14437121310202	0.0
93.15437168241844	0.0
93.16437215173485	0.0
93.17437262105128	0.0
93.18437309036769	0.0
93.19437355968411	0.0
93.20437402900052	0.0
93.21437449831694	0.0
93.22437496763335	0.0
93.23437543694978	0.0
93.24437590626619	259.0
93.25437637558261	256.0
93.26437684489902	256.0
93.27437731421544	253.0
93.28437778353185	253.0
93.29437825284828	253.0
93.30437872216469	253.0
93.31437919148111	253.0
93.32437966079752	250.0
93.33438013011393	250.0
93.34438059943035	250.0
93.35438106874676	250.0
93.36438153806318	250.0
93.3743820073796	203.0
93.38438247669602	201.0
93.39438294601243	185.0
93.40438341532885	185.0
93.41438388464526	187.0
93.42438435396168	187.0
93.4343848232781	190.0
93.44438529259452	190.0
93.45438576191093	190.0
93.46438623122735	192.0
93.47438670054376	192.0
93.48438716986018	194.0
93.4943876391766	196.0
93.50438810849302	199.0
93.51438857780943	199.0
93.52438904712585	201.0
93.53438951644226	201.0
93.54438998575868	201.0
93.5543904550751	201.0
93.56439092439152	201.0
93.57439139370793	201.0
93.58439186302435	201.0
93.59439233234076	201.0
93.60439280165717	199.0
93.6143932709736	196.0
93.62439374029	192.0
93.63439420960643	187.0
93.64439467892284	187.0
93.65439514823926	190.0
93.66439561755567	190.0
93.6743960868721	194.0
93.6843965561885	201.0
93.69439702550493	210.0
93.70439749482134	223.0
93.71439796413776	234.0
93.72439843345417	242.0
93.7343989027706	250.0
93.744399372087	253.0
93.75439984140343	256.0
93.76440031071984	256.0
93.77440078003626	253.0
93.78440124935267	253.0
93.79440171866909	250.0
93.8044021879855	250.0
93.81440265730193	250.0
93.82440312661834	250.0
93.83440359593476	250.0
93.84440406525117	250.0
93.85440453456759	248.0
93.864405003884	248.0
93.87440547320041	248.0
93.88440594251684	248.0
93.89440641183324	248.0
93.90440688114967	248.0
93.91440735046608	250.0
93.9244078197825	250.0
93.93440828909891	250.0
93.94440875841534	250.0
93.95440922773174	253.0
93.96440969704817	250.0
93.97441016636458	250.0
93.984410635681	248.0
93.99441110499741	248.0
94.00441157431383	245.0
94.01441204363024	245.0
94.02441251294667	245.0
94.03441298226308	245.0
94.0444134515795	245.0
94.05441392089591	245.0
94.06441439021233	245.0
94.07441485952874	245.0
94.08441532884517	245.0
94.09441579816158	245.0
94.104416267478	245.0
94.11441673679441	248.0
94.12441720611083	250.0
94.13441767542724	253.0
94.14441814474365	253.0
94.15441861406008	253.0
94.16441908337649	253.0
94.17441955269291	253.0
94.18442002200932	253.0
94.19442049132574	253.0
94.20442096064215	253.0
94.21442142995858	253.0
94.22442189927499	253.0
94.23442236859141	253.0
94.24442283790782	253.0
94.25442330722424	250.0
94.26442377654065	250.0
94.27442424585708	250.0
94.28442471517349	250.0
94.29442518448991	250.0
94.30442565380632	250.0
94.31442612312274	250.0
94.32442659243915	250.0
94.33442706175558	253.0
94.34442753107199	253.0
94.35442800038841	253.0
94.36442846970482	253.0
94.37442893902124	253.0
94.38442940833765	253.0
94.39442987765408	253.0
94.40443034697049	250.0
94.4144308162869	250.0
94.42443128560332	250.0
94.43443175491973	253.0
94.44443222423615	253.0
94.45443269355256	253.0
94.46443316286899	253.0
94.4744336321854	253.0
94.48443410150182	253.0
94.49443457081823	250.0
94.50443504013465	248.0
94.51443550945106	248.0
94.52443597876749	248.0
94.5344364480839	248.0
94.54443691740032	248.0
94.55443738671673	248.0
94.56443785603315	248.0
94.57443832534956	248.0
94.58443879466599	248.0
94.5944392639824	248.0
94.60443973329882	248.0
94.61444020261523	250.0
94.62444067193165	253.0
94.63444114124806	253.0
94.64444161056448	253.0
94.6544420798809	253.0
94.66444254919732	253.0
94.67444301851373	250.0
94.68444348783014	250.0
94.69444395714656	250.0
94.70444442646297	250.0
94.7144448957794	250.0
94.7244453650958	250.0
94.73444583441223	250.0
94.74444630372864	250.0
94.75444677304506	250.0
94.76444724236147	250.0
94.7744477116779	250.0
94.7844481809943	250.0
94.79444865031073	253.0
94.80444911962714	253.0
94.81444958894356	253.0
94.82445005825997	253.0
94.8344505275764	253.0
94.8444509968928	253.0
94.85445146620923	253.0
94.86445193552564	253.0
94.87445240484206	253.0
94.88445287415847	253.0
94.8944533434749	253.0
94.9044538127913	253.0
94.91445428210773	253.0
94.92445475142414	253.0
94.93445522074056	253.0
94.94445569005697	253.0
94.95445615937338	253.0
94.9644566286898	253.0
94.97445709800621	250.0
94.98445756732264	250.0
94.99445803663905	248.0
95.00445850595547	248.0
95.01445897527188	248.0
95.0244594445883	248.0
95.03445991390471	248.0
95.04446038322114	248.0
95.05446085253755	248.0
95.06446132185397	248.0
95.07446179117038	248.0
95.0844622604868	248.0
95.09446272980321	250.0
95.10446319911964	250.0
95.11446366843604	253.0
95.12446413775247	253.0
95.13446460706888	250.0
95.1444650763853	250.0
95.15446554570171	250.0
95.16446601501814	250.0
95.17446648433454	250.0
95.18446695365097	250.0
95.19446742296738	250.0
95.2044678922838	248.0
95.21446836160021	248.0
95.22446883091662	248.0
95.23446930023304	250.0
95.24446976954945	250.0
95.25447023886588	250.0
95.26447070818229	250.0
95.27447117749871	250.0
95.28447164681512	250.0
95.29447211613154	250.0
95.30447258544795	250.0
95.31447305476438	250.0
95.32447352408079	253.0
95.33447399339721	253.0
95.34447446271362	253.0
95.35447493203004	250.0
95.36447540134645	250.0
95.37447587066288	250.0
95.38447633997929	250.0
95.39447680929571	248.0
95.40447727861212	248.0
95.41447774792854	248.0
95.42447821724495	248.0
95.43447868656138	248.0
95.44447915587779	248.0
95.45447962519421	250.0
95.46448009451062	250.0
95.47448056382704	253.0
95.48448103314345	253.0
95.49448150245986	253.0
95.50448197177629	253.0
95.5144824410927	250.0
95.52448291040912	250.0
95.53448337972553	250.0
95.54448384904195	248.0
95.55448431835836	248.0
95.56448478767479	248.0
95.5744852569912	248.0
95.58448572630762	248.0
95.59448619562403	250.0
95.60448666494045	250.0
95.61448713425686	253.0
95.62448760357329	253.0
95.6344880728897	256.0
95.64448854220612	253.0
95.65448901152253	253.0
95.66448948083895	250.0
95.67448995015536	248.0
95.68449041947179	248.0
95.6944908887882	245.0
95.70449135810462	245.0
95.71449182742103	245.0
95.72449229673745	245.0
95.73449276605386	245.0
95.74449323537029	248.0
95.7544937046867	250.0
95.7644941740031	250.0
95.77449464331953	253.0
95.78449511263594	253.0
95.79449558195236	253.0
95.80449605126877	253.0
95.8144965205852	253.0
95.8244969899016	253.0
95.83449745921803	253.0
95.84449792853444	253.0
95.85449839785086	253.0
95.86449886716727	253.0
95.8744993364837	253.0
95.8844998058001	253.0
95.89450027511653	250.0
95.90450074443294	250.0
95.91450121374936	250.0
95.92450168306577	250.0
95.9345021523822	248.0
95.9445026216986	248.0
95.95450309101503	248.0
95.96450356033144	248.0
95.97450402964786	248.0
95.98450449896427	248.0
95.9945049682807	250.0
96.0045054375971	250.0
96.01450590691353	250.0
96.02450637622994	253.0
96.03450684554635	253.0
96.04450731486277	253.0
96.05450778417918	253.0
96.0645082534956	253.0
96.07450872281201	250.0
96.08450919212844	248.0
96.09450966144485	248.0
96.10451013076127	248.0
96.11451060007768	245.0
96.1245110693941	248.0
96.13451153871051	248.0
96.14451200802694	250.0
96.15451247734335	250.0
96.16451294665977	253.0
96.17451341597618	253.0
96.1845138852926	253.0
96.19451435460901	253.0
96.20451482392544	250.0
96.21451529324185	250.0
96.22451576255827	248.0
96.23451623187468	245.0
96.2445167011911	245.0
96.25451717050751	245.0
96.26451763982394	245.0
96.27451810914035	245.0
96.28451857845677	245.0
96.29451904777318	245.0
96.30451951708959	248.0
96.31451998640601	248.0
96.32452045572242	250.0
96.33452092503885	250.0
96.34452139435525	250.0
96.35452186367168	250.0
96.36452233298809	253.0
96.37452280230451	253.0
96.38452327162092	253.0
96.39452374093734	250.0
96.40452421025375	250.0
96.41452467957018	250.0
96.42452514888659	250.0
96.43452561820301	248.0
96.44452608751942	248.0
96.45452655683584	248.0
96.46452702615225	250.0
96.47452749546868	253.0
96.48452796478509	259.0
96.49452843410151	272.0
96.50452890341792	284.0
96.51452937273434	294.0
96.52452984205075	298.0
96.53453031136718	298.0
96.54453078068359	294.0
96.55453125000001	281.0
96.56453171931642	268.0
96.57453218863283	259.0
96.58453265794925	253.0
96.59453312726566	253.0
96.60453359658209	253.0
96.6145340658985	256.0
96.62453453521492	256.0
96.63453500453133	256.0
96.64453547384775	256.0
96.65453594316416	259.0
96.66453641248059	259.0
96.674536881797	259.0
96.68453735111342	259.0
96.69453782042983	259.0
96.70453828974625	259.0
96.71453875906266	259.0
96.72453922837909	259.0
96.7345396976955	259.0
96.74454016701192	259.0
96.75454063632833	259.0
96.76454110564475	262.0
96.77454157496116	262.0
96.78454204427759	262.0
96.794542513594	262.0
96.80454298291042	262.0
96.81454345222683	262.0
96.82454392154325	262.0
96.83454439085966	265.0
96.84454486017607	275.0
96.8545453294925	284.0
96.8645457988089	305.0
96.87454626812533	342.0
96.88454673744174	358.0
96.89454720675816	367.0
96.90454767607457	363.0
96.914548145391	350.0
96.9245486147074	338.0
96.93454908402383	278.0
96.94454955334024	256.0
96.95455002265666	245.0
96.96455049197307	248.0
96.9745509612895	250.0
96.9845514306059	256.0
96.99455189992233	272.0
97.00455236923874	278.0
97.01455283855516	281.0
97.02455330787157	275.0
97.034553777188	259.0
97.0445542465044	245.0
97.05455471582083	213.0
97.06455518513724	208.0
97.07455565445366	210.0
97.08455612377007	220.0
97.0945565930865	226.0
97.1045570624029	234.0
97.11455753171933	234.0
97.12455800103574	234.0
97.13455847035215	226.0
97.14455893966857	215.0
97.15455940898498	206.0
97.1645598783014	194.0
97.17456034761781	190.0
97.18456081693424	190.0
97.19456128625065	192.0
97.20456175556707	194.0
97.21456222488348	199.0
97.2245626941999	201.0
97.23456316351631	201.0
97.24456363283274	203.0
97.25456410214915	201.0
97.26456457146557	201.0
97.27456504078198	201.0
97.2845655100984	201.0
97.29456597941481	199.0
97.30456644873124	196.0
97.31456691804765	196.0
97.32456738736407	194.0
97.33456785668048	192.0
97.3445683259969	192.0
97.35456879531331	194.0
97.36456926462974	201.0
97.37456973394615	208.0
97.38457020326257	218.0
97.39457067257898	231.0
97.40457114189539	245.0
97.41457161121181	250.0
97.42457208052822	256.0
97.43457254984465	256.0
97.44457301916106	256.0
97.45457348847748	256.0
97.46457395779389	253.0
97.47457442711031	253.0
97.48457489642672	250.0
97.49457536574315	248.0
97.50457583505955	248.0
97.51457630437598	245.0
97.52457677369239	245.0
97.53457724300881	245.0
97.54457771232522	248.0
97.55457818164165	250.0
97.56457865095805	253.0
97.57457912027448	259.0
97.58457958959089	262.0
97.59458005890731	265.0
97.60458052822372	265.0
97.61458099754014	265.0
97.62458146685655	265.0
97.63458193617298	262.0
97.64458240548939	256.0
97.65458287480581	0.0
97.66458334412222	0.0
97.67458381343863	0.0
97.68458428275505	0.0
97.69458475207146	0.0
97.70458522138789	0.0
97.7145856907043	0.0
97.72458616002072	0.0
97.73458662933713	0.0
97.74458709865355	0.0
97.75458756796996	0.0
97.76458803728639	0.0
97.7745885066028	0.0
97.78458897591922	0.0
97.79458944523563	0.0
97.80458991455205	0.0
97.81459038386846	0.0
97.82459085318489	0.0
97.8345913225013	0.0
97.84459179181772	0.0
97.85459226113413	0.0
97.86459273045055	0.0
97.87459319976696	0.0
97.88459366908339	0.0
97.8945941383998	0.0
97.90459460771622	0.0
97.91459507703263	0.0
97.92459554634905	0.0
97.93459601566546	0.0
97.94459648498187	0.0
97.9545969542983	0.0
97.9645974236147	0.0
97.97459789293113	0.0
97.98459836224754	0.0
97.99459883156396	0.0
98.00459930088037	0.0
98.0145997701968	0.0
98.0246002395132	0.0
98.03460070882963	0.0
98.04460117814604	0.0
98.05460164746246	0.0
98.06460211677887	0.0
98.0746025860953	0.0
98.0846030554117	0.0
98.09460352472813	0.0
98.10460399404454	0.0
98.11460446336096	0.0
98.12460493267737	0.0
98.1346054019938	0.0
98.1446058713102	0.0
98.15460634062663	0.0
98.16460680994304	0.0
98.17460727925946	0.0
98.18460774857587	0.0
98.1946082178923	0.0
98.2046086872087	0.0
98.21460915652511	0.0
98.22460962584154	0.0
98.23461009515795	0.0
98.24461056447437	0.0
98.25461103379078	0.0
98.2646115031072	0.0
98.27461197242361	0.0
98.28461244174004	0.0
98.29461291105645	0.0
98.30461338037287	0.0
98.31461384968928	0.0
98.3246143190057	0.0
98.33461478832211	0.0
98.34461525763854	0.0
98.35461572695495	0.0
98.36461619627137	0.0
98.37461666558778	0.0
98.3846171349042	0.0
98.39461760422061	0.0
98.40461807353704	0.0
98.41461854285345	0.0
98.42461901216987	0.0
98.43461948148628	0.0
98.4446199508027	0.0
98.45462042011911	0.0
98.46462088943554	0.0
98.47462135875195	0.0
98.48462182806836	0.0
98.49462229738478	0.0
98.50462276670119	0.0
98.51462323601761	0.0
98.52462370533402	0.0
98.53462417465045	0.0
98.54462464396686	0.0
98.55462511328328	0.0
98.56462558259969	0.0
98.57462605191611	0.0
98.58462652123252	0.0
98.59462699054895	0.0
98.60462745986536	0.0
98.61462792918178	0.0
98.62462839849819	0.0
98.63462886781461	0.0
98.64462933713102	0.0
98.65462980644745	0.0
98.66463027576386	0.0
98.67463074508028	0.0
98.68463121439669	0.0
98.69463168371311	0.0
98.70463215302952	0.0
98.71463262234595	0.0
98.72463309166235	0.0
98.73463356097878	0.0
98.74463403029519	0.0
98.7546344996116	0.0
98.76463496892802	0.0
98.77463543824443	0.0
98.78463590756085	0.0
98.79463637687726	0.0
98.80463684619369	0.0
98.8146373155101	0.0
98.82463778482652	0.0
98.83463825414293	0.0
98.84463872345935	0.0
98.85463919277576	0.0
98.86463966209219	0.0
98.8746401314086	0.0
98.88464060072502	0.0
98.89464107004143	0.0
98.90464153935785	0.0
98.91464200867426	0.0
98.92464247799069	0.0
98.9346429473071	0.0
98.94464341662352	0.0
98.95464388593993	0.0
98.96464435525635	0.0
98.97464482457276	0.0
98.98464529388919	0.0
98.9946457632056	0.0
99.00464623252202	0.0
99.01464670183843	0.0
99.02464717115484	0.0
99.03464764047126	0.0
99.04464810978767	0.0
99.0546485791041	0.0
99.0646490484205	0.0
99.07464951773693	0.0
99.08464998705334	0.0
99.09465045636976	0.0
99.10465092568617	0.0
99.1146513950026	0.0
99.124651864319	0.0
99.13465233363543	0.0
99.14465280295184	262.0
99.15465327226826	262.0
99.16465374158467	259.0
99.1746542109011	259.0
99.1846546802175	259.0
99.19465514953393	259.0
99.20465561885034	259.0
99.21465608816676	259.0
99.22465655748317	256.0
99.2346570267996	256.0
99.244657496116	256.0
99.25465796543243	253.0
99.26465843474884	250.0
99.27465890406526	223.0
99.28465937338167	223.0
99.29465984269808	228.0
99.3046603120145	236.0
99.31466078133091	245.0
99.32466125064734	248.0
99.33466171996375	250.0
99.34466218928017	250.0
99.35466265859658	250.0
99.364663127913	250.0
99.37466359722941	248.0
99.38466406654584	248.0
99.39466453586225	248.0
99.40466500517867	248.0
99.41466547449508	250.0
99.4246659438115	250.0
99.43466641312791	250.0
99.44466688244434	250.0
99.45466735176075	250.0
99.46466782107717	250.0
99.47466829039358	248.0
99.48466875971	248.0
99.49466922902641	245.0
99.50466969834284	245.0
99.51467016765925	245.0
99.52467063697567	245.0
99.53467110629208	248.0
99.5446715756085	248.0
99.55467204492491	248.0
99.56467251424132	250.0
99.57467298355775	250.0
99.58467345287416	250.0
99.59467392219058	253.0
99.60467439150699	253.0
99.61467486082341	253.0
99.62467533013982	250.0
99.63467579945625	250.0
99.64467626877266	250.0
99.65467673808908	250.0
99.66467720740549	253.0
99.67467767672191	253.0
99.68467814603832	253.0
99.69467861535475	253.0
99.70467908467116	253.0
99.71467955398758	253.0
99.72468002330399	253.0
99.73468049262041	253.0
99.74468096193682	253.0
99.75468143125325	250.0
99.76468190056966	250.0
99.77468236988608	245.0
99.78468283920249	239.0
99.79468330851891	231.0
99.80468377783532	218.0
99.81468424715175	203.0
99.82468471646816	192.0
99.83468518578456	190.0
99.84468565510099	190.0
99.8546861244174	190.0
99.86468659373382	190.0
99.87468706305023	190.0
99.88468753236666	190.0
99.89468800168306	192.0
99.90468847099949	192.0
99.9146889403159	194.0
99.92468940963232	196.0
99.93468987894873	196.0
99.94469034826515	199.0
99.95469081758156	199.0
99.96469128689799	199.0
99.9746917562144	199.0
99.98469222553082	196.0
99.99469269484723	196.0
100.00469316416365	196.0
100.01469363348006	194.0
100.02469410279649	194.0
100.0346945721129	194.0
100.04469504142932	194.0
100.05469551074573	194.0
100.06469598006215	194.0
100.07469644937856	196.0
100.08469691869499	196.0
100.0946973880114	196.0
100.1046978573278	199.0
100.11469832664423	199.0
100.12469879596064	203.0
100.13469926527706	208.0
100.14469973459347	215.0
100.1547002039099	226.0
100.1647006732263	236.0
100.17470114254273	245.0
100.18470161185914	250.0
100.19470208117556	253.0
100.20470255049197	256.0
100.2147030198084	256.0
100.2247034891248	256.0
100.23470395844123	253.0
100.24470442775764	250.0
100.25470489707406	250.0
100.26470536639047	248.0
100.2747058357069	248.0
100.2847063050233	248.0
100.29470677433973	248.0
100.30470724365614	248.0
100.31470771297256	248.0
100.32470818228897	250.0
100.3347086516054	250.0
100.3447091209218	250.0
100.35470959023823	250.0
100.36471005955464	250.0
100.37471052887105	253.0
100.38471099818747	253.0
100.39471146750388	253.0
100.4047119368203	256.0
100.41471240613672	256.0
100.42471287545314	256.0
100.43471334476955	256.0
100.44471381408597	253.0
100.45471428340238	253.0
100.4647147527188	250.0
100.47471522203521	250.0
100.48471569135164	250.0
100.49471616066805	250.0
100.50471662998447	250.0
100.51471709930088	250.0
100.5247175686173	250.0
100.53471803793371	250.0
100.54471850725014	253.0
100.55471897656655	253.0
100.56471944588297	253.0
100.57471991519938	253.0
100.5847203845158	256.0
100.59472085383221	253.0
100.60472132314864	253.0
100.61472179246505	253.0
100.62472226178147	253.0
100.63472273109788	253.0
100.64472320041429	253.0
100.65472366973071	253.0
100.66472413904712	253.0
100.67472460836355	253.0
100.68472507767996	253.0
100.69472554699638	250.0
100.70472601631279	250.0
100.71472648562921	250.0
100.72472695494562	250.0
100.73472742426205	250.0
100.74472789357846	250.0
100.75472836289488	250.0
100.76472883221129	250.0
100.77472930152771	250.0
100.78472977084412	253.0
100.79473024016055	253.0
100.80473070947696	253.0
100.81473117879338	253.0
100.82473164810979	256.0
100.83473211742621	256.0
100.84473258674262	256.0
100.85473305605905	256.0
100.86473352537546	256.0
100.87473399469188	253.0
100.88473446400829	253.0
100.89473493332471	250.0
100.90473540264112	248.0
100.91473587195753	248.0
100.92473634127396	248.0
100.93473681059037	248.0
100.94473727990679	250.0
100.9547377492232	250.0
100.96473821853962	253.0
100.97473868785603	253.0
100.98473915717246	253.0
100.99473962648887	256.0
101.00474009580529	256.0
101.0147405651217	253.0
101.02474103443812	253.0
101.03474150375453	253.0
101.04474197307096	253.0
101.05474244238737	253.0
101.06474291170379	250.0
101.0747433810202	250.0
101.08474385033662	250.0
101.09474431965303	250.0
101.10474478896946	250.0
101.11474525828586	250.0
101.12474572760229	250.0
101.1347461969187	250.0
101.14474666623512	250.0
101.15474713555153	253.0
101.16474760486796	256.0
101.17474807418436	259.0
101.18474854350077	259.0
101.1947490128172	259.0
101.20474948213361	259.0
101.21474995145003	259.0
101.22475042076644	259.0
101.23475089008286	259.0
101.24475135939927	256.0
101.2547518287157	256.0
101.2647522980321	256.0
101.27475276734853	253.0
101.28475323666494	253.0
101.29475370598136	250.0
101.30475417529777	248.0
101.3147546446142	245.0
101.3247551139306	239.0
101.33475558324703	234.0
101.34475605256344	226.0
101.35475652187986	218.0
101.36475699119627	210.0
101.3747574605127	206.0
101.3847579298291	201.0
101.39475839914553	199.0
101.40475886846194	199.0
101.41475933777836	199.0
101.42475980709477	199.0
101.4347602764112	199.0
101.4447607457276	199.0
101.45476121504403	201.0
101.46476168436044	201.0
101.47476215367685	201.0
101.48476262299327	201.0
101.49476309230968	201.0
101.5047635616261	201.0
101.51476403094252	201.0
101.52476450025894	199.0
101.53476496957535	199.0
101.54476543889177	196.0
101.55476590820818	194.0
101.5647663775246	194.0
101.57476684684102	196.0
101.58476731615744	206.0
101.59476778547385	213.0
101.60476825479027	220.0
101.61476872410668	228.0
101.6247691934231	236.0
101.63476966273952	245.0
101.64477013205594	253.0
101.65477060137235	256.0
101.66477107068877	256.0
101.67477154000518	256.0
101.6847720093216	256.0
101.69477247863801	253.0
101.70477294795444	253.0
101.71477341727085	250.0
101.72477388658727	250.0
101.73477435590368	250.0
101.74477482522009	250.0
101.75477529453651	248.0
101.76477576385292	248.0
101.77477623316935	248.0
101.78477670248576	248.0
101.79477717180218	248.0
101.80477764111859	248.0
101.81477811043501	248.0
101.82477857975142	250.0
101.83477904906785	253.0
101.84477951838426	262.0
101.85477998770068	272.0
101.86478045701709	284.0
101.87478092633351	301.0
101.88478139564992	308.0
101.89478186496635	312.0
101.90478233428276	312.0
101.91478280359918	305.0
101.92478327291559	298.0
101.93478374223201	275.0
101.94478421154842	262.0
101.95478468086485	253.0
101.96478515018126	248.0
101.97478561949768	245.0
101.98478608881409	245.0
101.99478655813051	248.0
102.00478702744692	250.0
102.01478749676333	253.0
102.02478796607976	256.0
102.03478843539617	259.0
102.04478890471259	262.0
102.054789374029	262.0
102.06478984334542	262.0
102.07479031266183	262.0
102.08479078197826	259.0
102.09479125129467	259.0
102.10479172061109	256.0
102.1147921899275	253.0
102.12479265924392	250.0
102.13479312856033	250.0
102.14479359787676	248.0
102.15479406719317	248.0
102.16479453650959	248.0
102.174795005826	248.0
102.18479547514242	250.0
102.19479594445883	253.0
102.20479641377526	256.0
102.21479688309167	259.0
102.22479735240809	262.0
102.2347978217245	265.0
102.24479829104092	265.0
102.25479876035733	262.0
102.26479922967376	259.0
102.27479969899017	253.0
102.28480016830657	245.0
102.294800637623	236.0
102.30480110693941	228.0
102.31480157625583	220.0
102.32480204557224	218.0
102.33480251488866	218.0
102.34480298420507	220.0
102.3548034535215	223.0
102.36480392283791	223.0
102.37480439215433	226.0
102.38480486147074	226.0
102.39480533078716	226.0
102.40480580010357	226.0
102.41480626942	226.0
102.42480673873641	226.0
102.43480720805283	226.0
102.44480767736924	223.0
102.45480814668566	223.0
102.46480861600207	223.0
102.4748090853185	223.0
102.48480955463491	223.0
102.49481002395133	223.0
102.50481049326774	223.0
102.51481096258416	223.0
102.52481143190057	223.0
102.534811901217	226.0
102.5448123705334	226.0
102.55481283984982	228.0
102.56481330916624	234.0
102.57481377848265	236.0
102.58481424779907	245.0
102.59481471711548	250.0
102.6048151864319	256.0
102.61481565574832	262.0
102.62481612506474	265.0
102.63481659438115	265.0
102.64481706369757	262.0
102.65481753301398	256.0
102.6648180023304	250.0
102.67481847164682	245.0
102.68481894096324	242.0
102.69481941027965	234.0
102.70481987959607	226.0
102.71482034891248	218.0
102.7248208182289	213.0
102.73482128754532	206.0
102.74482175686174	203.0
102.75482222617815	199.0
102.76482269549457	196.0
102.77482316481098	192.0
102.7848236341274	192.0
102.79482410344382	192.0
102.80482457276024	194.0
102.81482504207665	196.0
102.82482551139306	201.0
102.83482598070948	203.0
102.84482645002589	210.0
102.85482691934232	218.0
102.86482738865872	223.0
102.87482785797515	231.0
102.88482832729156	234.0
102.89482879660798	236.0
102.90482926592439	239.0
102.91482973524082	236.0
102.92483020455722	234.0
102.93483067387365	231.0
102.94483114319006	226.0
102.95483161250648	220.0
102.96483208182289	218.0
102.97483255113931	213.0
102.98483302045572	210.0
102.99483348977215	208.0
103.00483395908856	206.0
103.01483442840498	201.0
103.02483489772139	196.0
103.03483536703781	192.0
103.04483583635422	187.0
103.05483630567065	185.0
103.06483677498706	181.0
103.07483724430348	177.0
103.08483771361989	175.0
103.0948381829363	173.0
103.10483865225272	171.0
103.11483912156913	169.0
103.12483959088556	167.0
103.13484006020197	165.0
103.14484052951839	165.0
103.1548409988348	165.0
103.16484146815122	167.0
103.17484193746763	169.0
103.18484240678406	173.0
103.19484287610047	177.0
103.20484334541689	181.0
103.2148438147333	187.0
103.22484428404972	194.0
103.23484475336613	199.0
103.24484522268256	199.0
103.25484569199897	201.0
103.26484616131539	199.0
103.2748466306318	196.0
103.28484709994822	194.0
103.29484756926463	190.0
103.30484803858106	185.0
103.31484850789747	179.0
103.32484897721389	175.0
103.3348494465303	171.0
103.34484991584672	167.0
103.35485038516313	165.0
103.36485085447954	163.0
103.37485132379597	163.0
103.38485179311238	165.0
103.3948522624288	167.0
103.40485273174521	169.0
103.41485320106163	173.0
103.42485367037804	177.0
103.43485413969447	179.0
103.44485460901087	185.0
103.4548550783273	190.0
103.46485554764371	194.0
103.47485601696013	199.0
103.48485648627654	199.0
103.49485695559297	199.0
103.50485742490937	199.0
103.5148578942258	196.0
103.52485836354221	192.0
103.53485883285863	187.0
103.54485930217504	185.0
103.55485977149146	181.0
103.56486024080787	181.0
103.5748607101243	183.0
103.58486117944071	185.0
103.59486164875713	190.0
103.60486211807354	194.0
103.61486258738996	199.0
103.62486305670637	203.0
103.63486352602278	206.0
103.64486399533921	206.0
103.65486446465562	203.0
103.66486493397204	196.0
103.67486540328845	190.0
103.68486587260487	177.0
103.69486634192128	177.0
103.70486681123771	177.0
103.71486728055412	179.0
103.72486774987054	183.0
103.73486821918695	187.0
103.74486868850337	192.0
103.75486915781978	196.0
103.7648696271362	201.0
103.77487009645262	206.0
103.78487056576904	210.0
103.79487103508545	215.0
103.80487150440187	218.0
103.81487197371828	220.0
103.8248724430347	223.0
103.83487291235112	226.0
103.84487338166754	226.0
103.85487385098395	223.0
103.86487432030037	220.0
103.87487478961678	218.0
103.8848752589332	213.0
103.89487572824962	213.0
103.90487619756603	210.0
103.91487666688245	210.0
103.92487713619886	213.0
103.93487760551528	218.0
103.94487807483169	226.0
103.95487854414812	231.0
103.96487901346453	239.0
103.97487948278095	248.0
103.98487995209736	253.0
103.99488042141378	256.0
104.00488089073019	259.0
104.01488136004662	259.0
104.02488182936303	256.0
104.03488229867945	253.0
104.04488276799586	250.0
104.05488323731228	245.0
104.06488370662869	239.0
104.07488417594512	231.0
104.08488464526152	226.0
104.09488511457795	220.0
104.10488558389436	220.0
104.11488605321078	226.0
104.12488652252719	245.0
104.13488699184362	259.0
104.14488746116002	284.0
104.15488793047645	301.0
104.16488839979286	319.0
104.17488886910927	323.0
104.18488933842569	312.0
104.1948898077421	284.0
104.20489027705852	248.0
104.21489074637493	223.0
104.22489121569136	220.0
104.23489168500777	226.0
104.24489215432419	231.0
104.2548926236406	236.0
104.26489309295702	239.0
104.27489356227343	239.0
104.28489403158986	236.0
104.29489450090627	228.0
104.30489497022269	226.0
104.3148954395391	226.0
104.32489590885552	228.0
104.33489637817193	236.0
104.34489684748836	248.0
104.35489731680477	256.0
104.36489778612119	262.0
104.3748982554376	262.0
104.38489872475402	253.0
104.39489919407043	245.0
104.40489966338686	199.0
104.41490013270327	185.0
104.42490060201969	183.0
104.4349010713361	185.0
104.44490154065251	190.0
104.45490200996893	196.0
104.46490247928534	201.0
104.47490294860177	201.0
104.48490341791818	201.0
104.4949038872346	196.0
104.50490435655101	187.0
104.51490482586743	181.0
104.52490529518384	177.0
104.53490576450027	177.0
104.54490623381668	181.0
104.5549067031331	185.0
104.56490717244951	192.0
104.57490764176593	196.0
104.58490811108234	199.0
104.59490858039877	201.0
104.60490904971518	201.0
104.6149095190316	201.0
104.62490998834801	201.0
104.63491045766443	199.0
104.64491092698084	196.0
104.65491139629727	190.0
104.66491186561367	185.0
104.6749123349301	181.0
104.68491280424651	177.0
104.69491327356293	175.0
104.70491374287934	171.0
104.71491421219575	171.0
104.72491468151217	173.0
104.73491515082858	175.0
104.74491562014501	181.0
104.75491608946142	228.0
104.76491655877784	242.0
104.77491702809425	250.0
104.78491749741067	253.0
104.79491796672708	250.0
104.80491843604351	250.0
104.81491890535992	250.0
104.82491937467634	248.0
104.83491984399275	248.0
104.84492031330917	248.0
104.85492078262558	248.0
104.86492125194201	248.0
104.87492172125842	248.0
104.88492219057484	248.0
104.89492265989125	248.0
104.90492312920767	250.0
104.91492359852408	250.0
104.92492406784051	253.0
104.93492453715692	256.0
104.94492500647334	256.0
104.95492547578975	256.0
104.96492594510617	250.0
104.97492641442258	253.0
104.98492688373899	253.0
104.99492735305542	253.0
105.00492782237183	253.0
105.01492829168825	253.0
105.02492876100466	253.0
105.03492923032108	253.0
105.04492969963749	253.0
105.05493016895392	253.0
105.06493063827033	253.0
105.07493110758675	256.0
105.08493157690316	256.0
105.09493204621958	253.0
105.10493251553599	253.0
105.11493298485242	250.0
105.12493345416883	248.0
105.13493392348525	245.0
105.14493439280166	245.0
105.15493486211808	248.0
105.16493533143449	253.0
105.17493580075092	262.0
105.18493627006733	272.0
105.19493673938375	272.0
105.20493720870016	272.0
105.21493767801658	265.0
105.22493814733299	259.0
105.23493861664942	250.0
105.24493908596583	248.0
105.25493955528223	248.0
105.26494002459866	250.0
105.27494049391507	0.0
105.28494096323149	0.0
105.2949414325479	0.0
105.30494190186432	0.0
105.31494237118073	278.0
105.32494284049716	278.0
105.33494330981357	278.0
105.34494377912999	0.0
105.3549442484464	0.0
105.36494471776282	0.0
105.37494518707923	0.0
105.38494565639566	0.0
105.39494612571207	0.0
105.40494659502849	0.0
105.4149470643449	0.0
105.42494753366132	0.0
105.43494800297773	0.0
105.44494847229416	0.0
105.45494894161057	0.0
105.46494941092699	0.0
105.4749498802434	0.0
105.48495034955982	0.0
105.49495081887623	0.0
105.50495128819266	0.0
105.51495175750907	0.0
105.52495222682548	0.0
105.5349526961419	0.0
105.54495316545831	0.0
105.55495363477473	0.0
105.56495410409114	0.0
105.57495457340757	0.0
105.58495504272398	0.0
105.5949555120404	0.0
105.60495598135681	0.0
105.61495645067323	0.0
105.62495691998964	0.0
105.63495738930607	0.0
105.64495785862248	0.0
105.6549583279389	0.0
105.66495879725531	0.0
105.67495926657173	0.0
105.68495973588814	0.0
105.69496020520457	0.0
105.70496067452098	0.0
105.7149611438374	0.0
105.72496161315381	0.0
105.73496208247023	0.0
105.74496255178664	0.0
105.75496302110307	0.0
105.76496349041948	0.0
105.7749639597359	0.0
105.78496442905231	0.0
105.79496489836873	0.0
105.80496536768514	0.0
105.81496583700155	0.0
105.82496630631798	0.0
105.83496677563438	0.0
105.84496724495081	0.0
105.85496771426722	0.0
105.86496818358364	0.0
105.87496865290005	0.0
105.88496912221648	0.0
105.89496959153288	0.0
105.90497006084931	0.0
105.91497053016572	0.0
105.92497099948214	0.0
105.93497146879855	0.0
105.94497193811497	0.0
105.95497240743138	0.0
105.96497287674781	0.0
105.97497334606422	0.0
105.98497381538064	0.0
105.99497428469705	0.0
106.00497475401347	0.0
106.01497522332988	0.0
106.02497569264631	0.0
106.03497616196272	0.0
106.04497663127914	0.0
106.05497710059555	0.0
106.06497756991197	0.0
106.07497803922838	0.0
106.0849785085448	0.0
106.09497897786122	0.0
106.10497944717763	0.0
106.11497991649405	0.0
106.12498038581046	0.0
106.13498085512688	0.0
106.1449813244433	0.0
106.15498179375972	0.0
106.16498226307613	0.0
106.17498273239255	0.0
106.18498320170896	0.0
106.19498367102538	0.0
106.2049841403418	158.0
106.21498460965822	158.0
106.22498507897463	156.0
106.23498554829105	156.0
106.24498601760746	158.0
106.25498648692388	158.0
106.26498695624029	158.0
106.27498742555672	159.0
106.28498789487313	163.0
106.29498836418955	167.0
106.30498883350596	171.0
106.31498930282238	177.0
106.32498977213879	181.0
106.33499024145522	187.0
106.34499071077163	194.0
106.35499118008804	201.0
106.36499164940446	213.0
106.37499211872087	226.0
106.38499258803729	239.0
106.3949930573537	248.0
106.40499352667013	262.0
106.41499399598653	278.0
106.42499446530296	291.0
106.43499493461937	298.0
106.44499540393579	301.0
106.4549958732522	298.0
106.46499634256863	294.0
106.47499681188503	284.0
106.48499728120146	272.0
106.49499775051787	262.0
106.50499821983429	256.0
106.5149986891507	253.0
106.52499915846712	253.0
106.53499962778353	259.0
106.54500009709996	265.0
106.55500056641637	275.0
106.56500103573279	284.0
106.5750015050492	294.0
106.58500197436562	301.0
106.59500244368203	301.0
106.60500291299846	298.0
106.61500338231487	288.0
106.62500385163128	275.0
106.6350043209477	256.0
106.64500479026411	245.0
106.65500525958053	239.0
106.66500572889694	239.0
106.67500619821337	239.0
106.68500666752978	245.0
106.6950071368462	250.0
106.70500760616261	259.0
106.71500807547903	268.0
106.72500854479544	275.0
106.73500901411187	281.0
106.74500948342828	281.0
106.7550099527447	278.0
106.76501042206111	268.0
106.77501089137753	256.0
106.78501136069394	236.0
106.79501183001037	228.0
106.80501229932678	220.0
106.8150127686432	218.0
106.82501323795961	220.0
106.83501370727603	226.0
106.84501417659244	236.0
106.85501464590887	250.0
106.86501511522528	262.0
106.8750155845417	284.0
106.88501605385811	301.0
106.89501652317452	312.0
106.90501699249094	312.0
106.91501746180735	305.0
106.92501793112378	284.0
106.93501840044019	265.0
106.94501886975661	245.0
106.95501933907302	234.0
106.96501980838944	228.0
106.97502027770585	228.0
106.98502074702228	228.0
106.99502121633869	228.0
107.00502168565511	231.0
107.01502215497152	231.0
107.02502262428794	228.0
107.03502309360435	226.0
107.04502356292078	220.0
107.05502403223718	215.0
107.06502450155361	206.0
107.07502497087002	203.0
107.08502544018644	203.0
107.09502590950285	213.0
107.10502637881928	234.0
107.11502684813568	250.0
107.12502731745211	268.0
107.13502778676852	275.0
107.14502825608494	275.0
107.15502872540135	268.0
107.16502919471776	253.0
107.17502966403418	239.0
107.1850301333506	228.0
107.19503060266702	181.0
107.20503107198343	181.0
107.21503154129985	185.0
107.22503201061626	192.0
107.23503247993268	194.0
107.2450329492491	199.0
107.25503341856552	199.0
107.26503388788193	199.0
107.27503435719835	196.0
107.28503482651476	190.0
107.29503529583118	181.0
107.3050357651476	177.0
107.31503623446402	173.0
107.32503670378043	175.0
107.33503717309685	179.0
107.34503764241326	185.0
107.35503811172968	192.0
107.3650385810461	196.0
107.37503905036252	201.0
107.38503951967893	203.0
107.39503998899535	203.0
107.40504045831176	203.0
107.41504092762818	203.0
107.4250413969446	203.0
107.435041866261	203.0
107.44504233557743	203.0
107.45504280489384	201.0
107.46504327421026	199.0
107.47504374352667	194.0
107.48504421284309	185.0
107.4950446821595	181.0
107.50504515147593	175.0
107.51504562079234	173.0
107.52504609010876	175.0
107.53504655942517	179.0
107.54504702874159	187.0
107.555047498058	196.0
107.56504796737443	208.0
107.57504843669084	231.0
107.58504890600726	242.0
107.59504937532367	250.0
107.60504984464009	253.0
107.6150503139565	250.0
107.62505078327293	248.0
107.63505125258934	248.0
107.64505172190576	245.0
107.65505219122217	245.0
107.66505266053859	245.0
107.675053129855	245.0
107.68505359917143	248.0
107.69505406848783	248.0
107.70505453780424	248.0
107.71505500712067	248.0
107.72505547643708	248.0
107.7350559457535	248.0
107.74505641506991	248.0
107.75505688438633	245.0
107.76505735370274	245.0
107.77505782301917	245.0
107.78505829233558	248.0
107.795058761652	248.0
107.80505923096841	250.0
107.81505970028483	250.0
107.82506016960124	250.0
107.83506063891767	250.0
107.84506110823408	250.0
107.8550615775505	248.0
107.86506204686691	248.0
107.87506251618333	245.0
107.88506298549974	245.0
107.89506345481617	245.0
107.90506392413258	245.0
107.915064393449	248.0
107.92506486276541	250.0
107.93506533208183	253.0
107.94506580139824	256.0
107.95506627071467	256.0
107.96506674003108	253.0
107.97506720934749	253.0
107.98506767866391	250.0
107.99506814798032	250.0
108.00506861729674	250.0
108.01506908661315	250.0
108.02506955592958	250.0
108.03507002524599	250.0
108.04507049456241	253.0
108.05507096387882	253.0
108.06507143319524	250.0
108.07507190251165	248.0
108.08507237182808	242.0
108.09507284114449	242.0
108.10507331046091	0.0
108.11507377977732	0.0
108.12507424909374	0.0
108.13507471841015	0.0
108.14507518772658	0.0
108.15507565704299	0.0
108.16507612635941	0.0
108.17507659567582	0.0
108.18507706499224	0.0
108.19507753430865	0.0
108.20507800362508	0.0
108.21507847294149	248.0
108.22507894225791	0.0
108.23507941157432	0.0
108.24507988089073	0.0
108.25508035020715	0.0
108.26508081952356	0.0
108.27508128883998	0.0
108.2850817581564	0.0
108.29508222747282	0.0
108.30508269678923	0.0
108.31508316610565	0.0
108.32508363542206	0.0
108.33508410473848	0.0
108.3450845740549	0.0
108.35508504337132	0.0
108.36508551268773	0.0
108.37508598200415	0.0
108.38508645132056	0.0
108.39508692063698	0.0
108.4050873899534	0.0
108.41508785926982	0.0
108.42508832858623	0.0
108.43508879790265	0.0
108.44508926721906	0.0
108.45508973653548	0.0
108.4650902058519	0.0
108.47509067516832	0.0
108.48509114448473	0.0
108.49509161380115	0.0
108.50509208311756	0.0
108.51509255243397	0.0
108.5250930217504	0.0
108.5350934910668	0.0
108.54509396038323	0.0
108.55509442969964	0.0
108.56509489901606	0.0
108.57509536833247	0.0
108.5850958376489	0.0
108.5950963069653	0.0
108.60509677628173	0.0
108.61509724559814	192.0
108.62509771491456	190.0
108.63509818423097	187.0
108.6450986535474	187.0
108.6550991228638	190.0
108.66509959218023	192.0
108.67510006149664	194.0
108.68510053081306	199.0
108.69510100012947	201.0
108.70510146944589	203.0
108.7151019387623	203.0
108.72510240807873	206.0
108.73510287739514	208.0
108.74510334671156	210.0
108.75510381602797	215.0
108.76510428534439	220.0
108.7751047546608	228.0
108.78510522397721	234.0
108.79510569329364	242.0
108.80510616261004	250.0
108.81510663192647	259.0
108.82510710124288	268.0
108.8351075705593	275.0
108.84510803987571	281.0
108.85510850919214	284.0
108.86510897850854	284.0
108.87510944782497	284.0
108.88510991714138	281.0
108.8951103864578	275.0
108.90511085577421	272.0
108.91511132509063	268.0
108.92511179440704	268.0
108.93511226372347	265.0
108.94511273303988	265.0
108.9551132023563	262.0
108.96511367167271	262.0
108.97511414098913	262.0
108.98511461030554	262.0
108.99511507962197	259.0
109.00511554893838	259.0
109.0151160182548	259.0
109.02511648757121	259.0
109.03511695688763	259.0
109.04511742620404	265.0
109.05511789552045	268.0
109.06511836483688	272.0
109.07511883415329	275.0
109.08511930346971	275.0
109.09511977278612	275.0
109.10512024210254	272.0
109.11512071141895	268.0
109.12512118073538	265.0
109.13512165005179	259.0
109.14512211936821	253.0
109.15512258868462	248.0
109.16512305800104	242.0
109.17512352731745	236.0
109.18512399663388	231.0
109.19512446595029	228.0
109.20512493526671	226.0
109.21512540458312	223.0
109.22512587389954	220.0
109.23512634321595	218.0
109.24512681253238	215.0
109.25512728184879	213.0
109.26512775116521	210.0
109.27512822048162	208.0
109.28512868979804	206.0
109.29512915911445	201.0
109.30512962843088	196.0
109.31513009774729	192.0
109.3251305670637	190.0
109.33513103638012	185.0
109.34513150569653	183.0
109.35513197501295	181.0
109.36513244432936	179.0
109.37513291364579	179.0
109.3851333829622	177.0
109.39513385227862	175.0
109.40513432159503	173.0
109.41513479091145	171.0
109.42513526022786	167.0
109.43513572954429	165.0
109.4451361988607	163.0
109.45513666817712	163.0
109.46513713749353	163.0
109.47513760680995	165.0
109.48513807612636	167.0
109.49513854544279	169.0
109.5051390147592	171.0
109.51513948407562	173.0
109.52513995339203	175.0
109.53514042270845	177.0
109.54514089202486	179.0
109.55514136134128	181.0
109.5651418306577	183.0
109.57514229997412	185.0
109.58514276929053	187.0
109.59514323860694	185.0
109.60514370792336	185.0
109.61514417723977	183.0
109.6251446465562	181.0
109.6351451158726	181.0
109.64514558518903	179.0
109.65514605450544	177.0
109.66514652382186	177.0
109.67514699313827	175.0
109.6851474624547	173.0
109.6951479317711	169.0
109.70514840108753	167.0
109.71514887040394	163.0
109.72514933972036	161.0
109.73514980903677	159.0
109.7451502783532	159.0
109.7551507476696	159.0
109.76515121698603	161.0
109.77515168630244	165.0
109.78515215561886	171.0
109.79515262493527	175.0
109.8051530942517	181.0
109.8151535635681	183.0
109.82515403288453	187.0
109.83515450220094	190.0
109.84515497151736	192.0
109.85515544083377	192.0
109.86515591015018	192.0
109.8751563794666	192.0
109.88515684878301	190.0
109.89515731809944	190.0
109.90515778741585	187.0
109.91515825673227	185.0
109.92515872604868	183.0
109.9351591953651	183.0
109.94515966468151	181.0
109.95516013399794	177.0
109.96516060331435	173.0
109.97516107263077	171.0
109.98516154194718	167.0
109.9951620112636	163.0
110.00516248058001	161.0
110.01516294989644	161.0
110.02516341921284	159.0
110.03516388852927	159.0
110.04516435784568	159.0
110.0551648271621	163.0
110.06516529647851	167.0
110.07516576579494	169.0
110.08516623511134	173.0
110.09516670442777	175.0
110.10516717374418	181.0
110.1151676430606	183.0
110.12516811237701	187.0
110.13516858169343	192.0
110.14516905100984	194.0
110.15516952032625	194.0
110.16516998964268	194.0
110.17517045895909	192.0
110.18517092827551	190.0
110.19517139759192	185.0
110.20517186690834	183.0
110.21517233622475	179.0
110.22517280554118	177.0
110.23517327485759	171.0
110.24517374417401	167.0
110.25517421349042	165.0
110.26517468280684	163.0
110.27517515212325	161.0
110.28517562143968	163.0
110.29517609075609	165.0
110.30517656007251	169.0
110.31517702938892	173.0
110.32517749870534	177.0
110.33517796802175	181.0
110.34517843733818	185.0
110.35517890665459	190.0
110.36517937597101	192.0
110.37517984528742	194.0
110.38518031460384	196.0
110.39518078392025	199.0
110.40518125323668	199.0
110.41518172255309	199.0
110.4251821918695	196.0
110.43518266118592	194.0
110.44518313050233	192.0
110.45518359981875	190.0
110.46518406913516	190.0
110.47518453845159	187.0
110.485185007768	185.0
110.49518547708442	183.0
110.50518594640083	181.0
110.51518641571725	179.0
110.52518688503366	179.0
110.53518735435009	179.0
110.5451878236665	179.0
110.55518829298292	181.0
110.56518876229933	183.0
110.57518923161575	187.0
110.58518970093216	190.0
110.59519017024859	192.0
110.605190639565	194.0
110.61519110888142	194.0
110.62519157819783	196.0
110.63519204751425	196.0
110.64519251683066	196.0
110.65519298614709	196.0
110.6651934554635	194.0
110.67519392477992	192.0
110.68519439409633	190.0
110.69519486341274	185.0
110.70519533272916	183.0
110.71519580204557	181.0
110.725196271362	183.0
110.7351967406784	185.0
110.74519720999483	190.0
110.75519767931124	196.0
110.76519814862766	201.0
110.77519861794407	208.0
110.7851990872605	215.0
110.7951995565769	220.0
110.80520002589333	226.0
110.81520049520974	228.0
110.82520096452616	228.0
110.83520143384257	228.0
110.845201903159	228.0
110.8552023724754	228.0
110.86520284179183	226.0
110.87520331110824	223.0
110.88520378042466	220.0
110.89520424974107	218.0
110.9052047190575	215.0
110.9152051883739	215.0
110.92520565769033	218.0
110.93520612700674	220.0
110.94520659632316	226.0
110.95520706563957	234.0
110.96520753495598	242.0
110.9752080042724	250.0
110.98520847358881	259.0
110.99520894290524	265.0
111.00520941222165	272.0
111.01520988153807	275.0
111.02521035085448	272.0
111.0352108201709	268.0
111.04521128948731	262.0
111.05521175880374	256.0
111.06521222812015	248.0
111.07521269743657	239.0
111.08521316675298	231.0
111.0952136360694	223.0
111.10521410538581	218.0
111.11521457470224	213.0
111.12521504401865	206.0
111.13521551333507	199.0
111.14521598265148	194.0
111.1552164519679	187.0
111.16521692128431	183.0
111.17521739060074	179.0
111.18521785991715	179.0
111.19521832923357	177.0
111.20521879854998	179.0
111.2152192678664	181.0
111.22521973718281	185.0
111.23522020649922	192.0
111.24522067581564	201.0
111.25522114513205	208.0
111.26522161444848	218.0
111.27522208376489	223.0
111.28522255308131	226.0
111.29522302239772	228.0
111.30522349171414	228.0
111.31522396103055	228.0
111.32522443034698	228.0
111.33522489966339	228.0
111.34522536897981	228.0
111.35522583829622	228.0
111.36522630761264	226.0
111.37522677692905	226.0
111.38522724624548	226.0
111.39522771556189	226.0
111.40522818487831	226.0
111.41522865419472	226.0
111.42522912351114	226.0
111.43522959282755	226.0
111.44523006214398	228.0
111.45523053146039	228.0
111.46523100077681	228.0
111.47523147009322	228.0
111.48523193940964	226.0
111.49523240872605	220.0
111.50523287804246	213.0
111.51523334735889	206.0
111.5252338166753	194.0
111.53523428599172	185.0
111.54523475530813	183.0
111.55523522462455	185.0
111.56523569394096	190.0
111.57523616325739	194.0
111.5852366325738	199.0
111.59523710189022	201.0
111.60523757120663	203.0
111.61523804052305	203.0
111.62523850983946	203.0
111.63523897915589	201.0
111.6452394484723	199.0
111.65523991778872	196.0
111.66524038710513	194.0
111.67524085642155	192.0
111.68524132573796	190.0
111.69524179505439	187.0
111.7052422643708	185.0
111.71524273368722	185.0
111.72524320300363	185.0
111.73524367232005	190.0
111.74524414163646	194.0
111.75524461095289	201.0
111.7652450802693	213.0
111.7752455495857	228.0
111.78524601890213	242.0
111.79524648821854	250.0
111.80524695753496	250.0
111.81524742685137	250.0
111.8252478961678	250.0
111.8352483654842	250.0
111.84524883480063	250.0
111.85524930411704	250.0
111.86524977343346	250.0
111.87525024274987	250.0
111.8852507120663	250.0
111.8952511813827	250.0
111.90525165069913	250.0
111.91525212001554	250.0
111.92525258933196	250.0
111.93525305864837	250.0
111.9452535279648	250.0
111.9552539972812	250.0
111.96525446659763	250.0
111.97525493591404	250.0
111.98525540523046	250.0
111.99525587454687	250.0
112.0052563438633	250.0
112.0152568131797	248.0
112.02525728249613	248.0
112.03525775181254	245.0
112.04525822112895	242.0
112.05525869044537	242.0
112.06525915976178	242.0
112.0752596290782	245.0
112.08526009839461	245.0
112.09526056771104	248.0
112.10526103702745	248.0
112.11526150634387	250.0
112.12526197566028	250.0
112.1352624449767	250.0
112.14526291429311	250.0
112.15526338360954	250.0
112.16526385292595	250.0
112.17526432224237	250.0
112.18526479155878	250.0
112.1952652608752	250.0
112.20526573019161	250.0
112.21526619950804	250.0
112.22526666882445	250.0
112.23526713814087	253.0
112.24526760745728	253.0
112.2552680767737	253.0
112.26526854609011	253.0
112.27526901540654	253.0
112.28526948472295	250.0
112.29526995403937	250.0
112.30527042335578	250.0
112.31527089267219	250.0
112.32527136198861	250.0
112.33527183130502	250.0
112.34527230062145	250.0
112.35527276993786	250.0
112.36527323925428	250.0
112.37527370857069	248.0
112.38527417788711	248.0
112.39527464720352	248.0
112.40527511651995	245.0
112.41527558583635	245.0
112.42527605515278	245.0
112.43527652446919	245.0
112.44527699378561	245.0
112.45527746310202	245.0
112.46527793241845	248.0
112.47527840173485	248.0
112.48527887105128	248.0
112.49527934036769	250.0
112.50527980968411	250.0
112.51528027900052	250.0
112.52528074831694	250.0
112.53528121763335	250.0
112.54528168694978	250.0
112.55528215626619	250.0
112.56528262558261	250.0
112.57528309489902	250.0
112.58528356421543	250.0
112.59528403353185	250.0
112.60528450284826	250.0
112.61528497216469	250.0
112.6252854414811	250.0
112.63528591079752	250.0
112.64528638011393	250.0
112.65528684943035	250.0
112.66528731874676	250.0
112.67528778806319	250.0
112.6852882573796	250.0
112.69528872669602	250.0
112.70528919601243	250.0
112.71528966532885	250.0
112.72529013464526	250.0
112.73529060396169	250.0
112.7452910732781	248.0
112.75529154259452	248.0
112.76529201191093	248.0
112.77529248122735	248.0
112.78529295054376	248.0
112.79529341986019	248.0
112.8052938891766	248.0
112.81529435849302	248.0
112.82529482780943	248.0
112.83529529712585	248.0
112.84529576644226	250.0
112.85529623575867	250.0
112.8652967050751	250.0
112.8752971743915	250.0
112.88529764370793	250.0
112.89529811302434	250.0
112.90529858234076	250.0
112.91529905165717	250.0
112.9252995209736	250.0
112.93529999029	250.0
112.94530045960643	250.0
112.95530092892284	250.0
112.96530139823926	253.0
112.97530186755567	253.0
112.9853023368721	253.0
112.9953028061885	253.0
113.00530327550493	253.0
113.01530374482134	253.0
113.02530421413776	256.0
113.03530468345417	256.0
113.0453051527706	256.0
113.055305622087	256.0
113.06530609140343	256.0
113.07530656071984	253.0
113.08530703003626	253.0
113.09530749935267	250.0
113.1053079686691	250.0
113.1153084379855	250.0
113.12530890730191	250.0
113.13530937661834	250.0
113.14530984593475	250.0
113.15531031525117	253.0
113.16531078456758	253.0
113.175311253884	256.0
113.18531172320041	256.0
113.19531219251684	256.0
113.20531266183325	256.0
113.21531313114967	253.0
113.22531360046608	250.0
113.2353140697825	242.0
113.24531453909891	228.0
113.25531500841534	218.0
113.26531547773175	210.0
113.27531594704817	201.0
113.28531641636458	196.0
113.295316885681	194.0
113.30531735499741	194.0
113.31531782431384	194.0
113.32531829363025	194.0
113.33531876294667	194.0
113.34531923226308	194.0
113.3553197015795	196.0
113.36532017089591	196.0
113.37532064021234	201.0
113.38532110952875	201.0
113.39532157884516	203.0
113.40532204816158	203.0
113.41532251747799	201.0
113.42532298679441	201.0
113.43532345611082	199.0
113.44532392542725	199.0
113.45532439474366	199.0
113.46532486406008	199.0
113.47532533337649	201.0
113.48532580269291	201.0
113.49532627200932	201.0
113.50532674132575	203.0
113.51532721064216	203.0
113.52532767995858	203.0
113.53532814927499	206.0
113.54532861859141	206.0
113.55532908790782	206.0
113.56532955722425	206.0
113.57533002654066	203.0
113.58533049585708	203.0
113.59533096517349	201.0
113.60533143448991	201.0
113.61533190380632	203.0
113.62533237312275	206.0
113.63533284243915	210.0
113.64533331175558	215.0
113.65533378107199	223.0
113.6653342503884	228.0
113.67533471970482	236.0
113.68533518902123	242.0
113.69533565833765	248.0
113.70533612765406	253.0
113.71533659697049	256.0
113.7253370662869	256.0
113.73533753560332	256.0
113.74533800491973	256.0
113.75533847423615	256.0
113.76533894355256	256.0
113.77533941286899	256.0
113.7853398821854	256.0
113.79534035150182	256.0
113.80534082081823	256.0
113.81534129013465	256.0
113.82534175945106	256.0
113.83534222876749	256.0
113.8453426980839	256.0
113.85534316740032	253.0
113.86534363671673	253.0
113.87534410603315	253.0
113.88534457534956	253.0
113.89534504466599	256.0
113.9053455139824	259.0
113.91534598329882	268.0
113.92534645261523	342.0
113.93534692193164	346.0
113.94534739124806	363.0
113.95534786056447	375.0
113.9653483298809	389.0
113.9753487991973	389.0
113.98534926851373	380.0
113.99534973783014	363.0
114.00535020714656	342.0
114.01535067646297	319.0
114.0253511457794	308.0
114.0353516150958	301.0
114.04535208441223	301.0
114.05535255372864	301.0
114.06535302304506	305.0
114.07535349236147	305.0
114.0853539616779	305.0
114.0953544309943	305.0
114.10535490031073	298.0
114.11535536962714	291.0
114.12535583894356	281.0
114.13535630825997	272.0
114.1453567775764	265.0
114.1553572468928	262.0
114.16535771620923	265.0
114.17535818552564	275.0
114.18535865484206	305.0
114.19535912415847	327.0
114.20535959347488	338.0
114.2153600627913	342.0
114.22536053210771	338.0
114.23536100142414	327.0
114.24536147074055	298.0
114.25536194005697	268.0
114.26536240937338	259.0
114.2753628786898	250.0
114.28536334800621	250.0
114.29536381732264	250.0
114.30536428663905	253.0
114.31536475595547	259.0
114.32536522527188	262.0
114.3353656945883	265.0
114.34536616390471	268.0
114.35536663322114	272.0
114.36536710253755	275.0
114.37536757185397	275.0
114.38536804117038	275.0
114.3953685104868	275.0
114.40536897980321	272.0
114.41536944911964	268.0
114.42536991843605	262.0
114.43537038775247	262.0
114.44537085706888	259.0
114.4553713263853	265.0
114.46537179570171	275.0
114.47537226501814	298.0
114.48537273433455	331.0
114.49537320365096	350.0
114.50537367296738	358.0
114.51537414228379	363.0
114.52537461160021	350.0
114.53537508091662	305.0
114.54537555023305	294.0
114.55537601954946	281.0
114.56537648886588	278.0
114.57537695818229	281.0
114.58537742749871	284.0
114.59537789681512	284.0
114.60537836613155	281.0
114.61537883544796	275.0
114.62537930476438	265.0
114.63537977408079	253.0
114.64538024339721	242.0
114.65538071271362	231.0
114.66538118203005	228.0
114.67538165134646	231.0
114.68538212066288	234.0
114.69538258997929	239.0
114.70538305929571	239.0
114.71538352861212	236.0
114.72538399792855	231.0
114.73538446724496	223.0
114.74538493656138	206.0
114.75538540587779	194.0
114.7653858751942	187.0
114.77538634451062	187.0
114.78538681382703	190.0
114.79538728314346	194.0
114.80538775245986	199.0
114.81538822177629	201.0
114.8253886910927	203.0
114.83538916040912	203.0
114.84538962972553	201.0
114.85539009904195	201.0
114.86539056835836	199.0
114.87539103767479	199.0
114.8853915069912	199.0
114.89539197630762	196.0
114.90539244562403	196.0
114.91539291494045	199.0
114.92539338425686	201.0
114.93539385357329	208.0
114.9453943228897	218.0
114.95539479220612	228.0
114.96539526152253	239.0
114.97539573083895	248.0
114.98539620015536	256.0
114.99539666947179	259.0
115.0053971387882	259.0
115.01539760810462	259.0
115.02539807742103	256.0
115.03539854673744	253.0
115.04539901605386	250.0
115.05539948537027	248.0
115.0653999546867	248.0
115.0754004240031	248.0
115.08540089331953	250.0
115.09540136263594	253.0
115.10540183195236	256.0
115.11540230126877	259.0
115.1254027705852	262.0
115.1354032399016	262.0
115.14540370921803	259.0
115.15540417853444	256.0
115.16540464785086	250.0
115.17540511716727	0.0
115.1854055864837	0.0
115.1954060558001	0.0
115.20540652511653	250.0
115.21540699443294	250.0
115.22540746374936	245.0
115.23540793306577	0.0
115.2454084023822	0.0
115.2554088716986	0.0
115.26540934101503	0.0
115.27540981033144	0.0
115.28541027964786	0.0
115.29541074896427	0.0
115.30541121828068	0.0
115.3154116875971	0.0
115.32541215691352	0.0
115.33541262622994	0.0
115.34541309554635	0.0
115.35541356486277	0.0
115.36541403417918	0.0
115.3754145034956	0.0
115.38541497281201	0.0
115.39541544212844	0.0
115.40541591144485	0.0
115.41541638076127	0.0
115.42541685007768	0.0
115.4354173193941	0.0
115.44541778871051	0.0
115.45541825802694	0.0
115.46541872734335	0.0
115.47541919665977	0.0
115.48541966597618	0.0
115.4954201352926	0.0
115.50542060460901	0.0
115.51542107392544	0.0
115.52542154324185	0.0
115.53542201255827	0.0
115.54542248187468	0.0
115.5554229511911	0.0
115.56542342050751	0.0
115.57542388982392	0.0
115.58542435914035	0.0
115.59542482845676	0.0
115.60542529777318	0.0
115.61542576708959	0.0
115.62542623640601	0.0
115.63542670572242	0.0
115.64542717503885	0.0
115.65542764435526	0.0
115.66542811367168	0.0
115.67542858298809	0.0
115.68542905230451	0.0
115.69542952162092	0.0
115.70542999093735	0.0
115.71543046025376	0.0
115.72543092957018	0.0
115.73543139888659	0.0
115.74543186820301	0.0
115.75543233751942	0.0
115.76543280683585	0.0
115.77543327615226	0.0
115.78543374546868	0.0
115.79543421478509	0.0
115.80543468410151	0.0
115.81543515341792	0.0
115.82543562273435	0.0
115.83543609205076	0.0
115.84543656136717	0.0
115.85543703068359	0.0
115.8654375	0.0
115.87543796931642	0.0
115.88543843863283	0.0
115.89543890794926	0.0
115.90543937726567	0.0
115.91543984658209	0.0
115.9254403158985	0.0
115.93544078521492	0.0
115.94544125453133	0.0
115.95544172384776	0.0
115.96544219316417	0.0
115.97544266248059	0.0
115.985443131797	0.0
115.99544360111342	0.0
116.00544407042983	0.0
116.01544453974626	0.0
116.02544500906266	0.0
116.03544547837909	0.0
116.0454459476955	0.0
116.05544641701192	0.0
116.06544688632833	0.0
116.07544735564476	0.0
116.08544782496116	0.0
116.09544829427759	0.0
116.105448763594	0.0
116.11544923291041	0.0
116.12544970222683	0.0
116.13545017154324	0.0
116.14545064085966	0.0
116.15545111017607	0.0
116.1654515794925	0.0
116.1754520488089	0.0
116.18545251812533	0.0
116.19545298744174	0.0
116.20545345675816	0.0
116.21545392607457	0.0
116.225454395391	0.0
116.2354548647074	0.0
116.24545533402383	0.0
116.25545580334024	0.0
116.26545627265666	0.0
116.27545674197307	0.0
116.2854572112895	0.0
116.2954576806059	0.0
116.30545814992233	0.0
116.31545861923874	0.0
116.32545908855516	0.0
116.33545955787157	0.0
116.345460027188	0.0
116.3554604965044	0.0
116.36546096582083	0.0
116.37546143513724	0.0
116.38546190445365	0.0
116.39546237377007	0.0
116.40546284308648	0.0
116.4154633124029	0.0
116.42546378171932	0.0
116.43546425103574	0.0
116.44546472035215	0.0
116.45546518966857	0.0
116.46546565898498	0.0
116.4754661283014	0.0
116.48546659761782	0.0
116.49546706693424	0.0
116.50546753625065	0.0
116.51546800556707	0.0
116.52546847488348	0.0
116.5354689441999	0.0
116.54546941351632	0.0
116.55546988283274	0.0
116.56547035214915	0.0
116.57547082146557	0.0
116.58547129078198	0.0
116.5954717600984	0.0
116.60547222941481	0.0
116.61547269873124	0.0
116.62547316804765	0.0
116.63547363736407	0.0
116.64547410668048	0.0
116.65547457599689	0.0
116.66547504531331	0.0
116.67547551462972	0.0
116.68547598394615	0.0
116.69547645326256	0.0
116.70547692257898	0.0
116.71547739189539	0.0
116.72547786121181	0.0
116.73547833052822	0.0
116.74547879984465	0.0
116.75547926916106	0.0
116.76547973847748	0.0
116.77548020779389	0.0
116.78548067711031	0.0
116.79548114642672	0.0
116.80548161574315	0.0
116.81548208505956	0.0
116.82548255437598	0.0
116.83548302369239	0.0
116.84548349300881	0.0
116.85548396232522	0.0
116.86548443164165	0.0
116.87548490095806	0.0
116.88548537027448	0.0
116.89548583959089	0.0
116.90548630890731	0.0
116.91548677822372	0.0
116.92548724754013	0.0
116.93548771685656	0.0
116.94548818617297	0.0
116.95548865548939	0.0
116.9654891248058	0.0
116.97548959412222	0.0
116.98549006343863	0.0
116.99549053275506	0.0
117.00549100207147	0.0
117.01549147138789	0.0
117.0254919407043	0.0
117.03549241002072	0.0
117.04549287933713	0.0
117.05549334865356	0.0
117.06549381796997	0.0
117.07549428728639	0.0
117.0854947566028	0.0
117.09549522591922	0.0
117.10549569523563	0.0
117.11549616455206	0.0
117.12549663386847	0.0
117.13549710318489	0.0
117.1454975725013	0.0
117.15549804181772	0.0
117.16549851113413	0.0
117.17549898045056	0.0
117.18549944976697	0.0
117.19549991908337	0.0
117.2055003883998	0.0
117.21550085771621	0.0
117.22550132703263	0.0
117.23550179634904	0.0
117.24550226566546	0.0
117.25550273498187	0.0
117.2655032042983	0.0
117.27550367361471	0.0
117.28550414293113	199.0
117.29550461224754	203.0
117.30550508156396	206.0
117.31550555088037	208.0
117.3255060201968	208.0
117.33550648951321	210.0
117.34550695882963	210.0
117.35550742814604	210.0
117.36550789746246	210.0
117.37550836677887	210.0
117.3855088360953	210.0
117.39550930541171	208.0
117.40550977472813	208.0
117.41551024404454	206.0
117.42551071336096	203.0
117.43551118267737	201.0
117.4455116519938	194.0
117.4555121213102	192.0
117.46551259062662	194.0
117.47551305994304	223.0
117.48551352925945	231.0
117.49551399857587	236.0
117.50551446789228	245.0
117.5155149372087	250.0
117.52551540652512	253.0
117.53551587584154	253.0
117.54551634515795	253.0
117.55551681447437	250.0
117.56551728379078	250.0
117.5755177531072	248.0
117.58551822242362	248.0
117.59551869174004	248.0
117.60551916105645	248.0
117.61551963037287	248.0
117.62552009968928	248.0
117.6355205690057	242.0
117.64552103832212	236.0
117.65552150763854	242.0
117.66552197695495	245.0
117.67552244627137	245.0
117.68552291558778	248.0
117.6955233849042	248.0
117.70552385422062	248.0
117.71552432353704	248.0
117.72552479285345	248.0
117.73552526216986	245.0
117.74552573148628	245.0
117.75552620080269	245.0
117.76552667011912	248.0
117.77552713943552	248.0
117.78552760875195	248.0
117.79552807806836	248.0
117.80552854738478	248.0
117.81552901670119	248.0
117.82552948601761	248.0
117.83552995533402	248.0
117.84553042465045	248.0
117.85553089396686	248.0
117.86553136328328	248.0
117.87553183259969	250.0
117.88553230191611	253.0
117.89553277123252	259.0
117.90553324054895	265.0
117.91553370986536	275.0
117.92553417918178	281.0
117.93553464849819	291.0
117.94553511781461	298.0
117.95553558713102	301.0
117.96553605644745	305.0
117.97553652576386	301.0
117.98553699508028	298.0
117.99553746439669	291.0
118.0055379337131	281.0
118.01553840302952	278.0
118.02553887234593	272.0
118.03553934166236	265.0
118.04553981097877	262.0
118.05554028029519	262.0
118.0655407496116	259.0
118.07554121892802	259.0
118.08554168824443	256.0
118.09554215756086	256.0
118.10554262687727	253.0
118.11554309619369	253.0
118.1255435655101	250.0
118.13554403482652	250.0
118.14554450414293	250.0
118.15554497345936	253.0
118.16554544277577	253.0
118.17554591209219	259.0
118.1855463814086	265.0
118.19554685072502	272.0
118.20554732004143	278.0
118.21554778935786	284.0
118.22554825867427	291.0
118.23554872799069	298.0
118.2455491973071	301.0
118.25554966662352	305.0
118.26555013593993	301.0
118.27555060525634	301.0
118.28555107457277	294.0
118.29555154388918	291.0
118.3055520132056	288.0
118.31555248252201	281.0
118.32555295183843	278.0
118.33555342115484	275.0
118.34555389047127	272.0
118.35555435978767	265.0
118.3655548291041	262.0
118.37555529842051	259.0
118.38555576773693	256.0
118.39555623705334	256.0
118.40555670636977	253.0
118.41555717568617	250.0
118.4255576450026	250.0
118.43555811431901	248.0
118.44555858363543	248.0
118.45555905295184	248.0
118.46555952226826	250.0
118.47555999158467	253.0
118.4855604609011	262.0
118.49556093021751	272.0
118.50556139953393	281.0
118.51556186885034	288.0
118.52556233816676	294.0
118.53556280748317	301.0
118.54556327679958	305.0
118.55556374611601	301.0
118.56556421543242	298.0
118.57556468474884	288.0
118.58556515406525	281.0
118.59556562338167	272.0
118.60556609269808	262.0
118.61556656201451	250.0
118.62556703133092	242.0
118.63556750064734	231.0
118.64556796996375	215.0
118.65556843928017	196.0
118.66556890859658	0.0
118.675569377913	0.0
118.68556984722942	0.0
118.69557031654584	0.0
118.70557078586225	0.0
118.71557125517867	0.0
118.72557172449508	0.0
118.7355721938115	0.0
118.74557266312792	0.0
118.75557313244434	0.0
118.76557360176075	0.0
118.77557407107717	0.0
118.78557454039358	0.0
118.79557500971	0.0
118.80557547902642	0.0
118.81557594834284	0.0
118.82557641765925	0.0
118.83557688697566	0.0
118.84557735629208	0.0
118.85557782560849	0.0
118.86557829492492	0.0
118.87557876424133	0.0
118.88557923355775	0.0
118.89557970287416	0.0
118.90558017219058	0.0
118.91558064150699	0.0
118.92558111082342	0.0
118.93558158013983	0.0
118.94558204945625	0.0
118.95558251877266	0.0
118.96558298808908	0.0
118.97558345740549	0.0
118.98558392672192	0.0
118.99558439603832	0.0
119.00558486535475	0.0
119.01558533467116	0.0
119.02558580398758	0.0
119.03558627330399	0.0
119.04558674262042	0.0
119.05558721193682	0.0
119.06558768125325	0.0
119.07558815056966	0.0
119.08558861988608	0.0
119.09558908920249	0.0
119.1055895585189	0.0
119.11559002783532	0.0
119.12559049715173	0.0
119.13559096646816	0.0
119.14559143578457	0.0
119.15559190510099	0.0
119.1655923744174	0.0
119.17559284373382	0.0
119.18559331305023	0.0
119.19559378236666	0.0
119.20559425168307	0.0
119.21559472099949	0.0
119.2255951903159	0.0
119.23559565963232	0.0
119.24559612894873	0.0
119.25559659826516	0.0
119.26559706758157	0.0
119.27559753689799	0.0
119.2855980062144	0.0
119.29559847553082	0.0
119.30559894484723	0.0
119.31559941416366	0.0
119.32559988348007	0.0
119.33560035279649	0.0
119.3456008221129	0.0
119.35560129142932	0.0
119.36560176074573	0.0
119.37560223006214	0.0
119.38560269937857	196.0
119.39560316869498	194.0
119.4056036380114	192.0
119.41560410732781	190.0
119.42560457664423	190.0
119.43560504596064	192.0
119.44560551527707	194.0
119.45560598459348	199.0
119.4656064539099	208.0
119.47560692322631	218.0
119.48560739254273	228.0
119.49560786185914	242.0
119.50560833117557	256.0
119.51560880049198	268.0
119.5256092698084	278.0
119.53560973912481	288.0
119.54561020844123	294.0
119.55561067775764	298.0
119.56561114707407	301.0
119.57561161639047	301.0
119.5856120857069	301.0
119.59561255502331	301.0
119.60561302433973	298.0
119.61561349365614	298.0
119.62561396297257	294.0
119.63561443228897	291.0
119.64561490160538	284.0
119.65561537092181	281.0
119.66561584023822	275.0
119.67561630955464	265.0
119.68561677887105	259.0
119.69561724818747	250.0
119.70561771750388	245.0
119.71561818682031	242.0
119.72561865613672	239.0
119.73561912545314	239.0
119.74561959476955	242.0
119.75562006408597	245.0
119.76562053340238	248.0
119.77562100271881	253.0
119.78562147203522	259.0
119.79562194135164	262.0
119.80562241066805	265.0
119.81562287998447	272.0
119.82562334930088	281.0
119.83562381861731	284.0
119.84562428793372	288.0
119.85562475725014	291.0
119.86562522656655	294.0
119.87562569588297	294.0
119.88562616519938	294.0
119.8956266345158	298.0
119.90562710383222	298.0
119.91562757314863	298.0
119.92562804246505	298.0
119.93562851178146	298.0
119.94562898109788	298.0
119.95562945041429	298.0
119.96562991973072	298.0
119.97563038904713	298.0
119.98563085836355	298.0
119.99563132767996	301.0
120.00563179699638	301.0
120.01563226631279	301.0
120.02563273562922	301.0
120.03563320494563	301.0
120.04563367426205	301.0
120.05563414357846	298.0
120.06563461289488	298.0
120.07563508221129	298.0
120.08563555152772	298.0
120.09563602084413	298.0
120.10563649016055	301.0
120.11563695947696	298.0
120.12563742879338	298.0
120.13563789810979	298.0
120.14563836742622	298.0
120.15563883674263	294.0
120.16563930605905	294.0
120.17563977537546	291.0
120.18564024469187	288.0
120.19564071400829	284.0
120.2056411833247	284.0
120.21564165264112	281.0
120.22564212195753	275.0
120.23564259127396	268.0
120.24564306059037	262.0
120.25564352990679	259.0
120.2656439992232	253.0
120.27564446853962	250.0
120.28564493785603	245.0
120.29564540717246	242.0
120.30564587648887	236.0
120.31564634580529	234.0
120.3256468151217	234.0
120.33564728443812	231.0
120.34564775375453	228.0
120.35564822307096	228.0
120.36564869238737	226.0
120.37564916170379	226.0
120.3856496310202	223.0
120.39565010033662	223.0
120.40565056965303	223.0
120.41565103896946	220.0
120.42565150828587	220.0
120.43565197760229	223.0
120.4456524469187	223.0
120.45565291623511	223.0
120.46565338555153	226.0
120.47565385486794	226.0
120.48565432418437	226.0
120.49565479350078	226.0
120.5056552628172	226.0
120.51565573213361	226.0
120.52565620145003	223.0
120.53565667076644	223.0
120.54565714008287	220.0
120.55565760939928	218.0
120.5656580787157	215.0
120.57565854803211	215.0
120.58565901734853	215.0
120.59565948666494	215.0
120.60565995598137	215.0
120.61566042529778	218.0
120.6256608946142	220.0
120.63566136393061	226.0
120.64566183324703	228.0
120.65566230256344	231.0
120.66566277187987	234.0
120.67566324119628	234.0
120.6856637105127	234.0
120.69566417982911	231.0
120.70566464914553	228.0
120.71566511846194	226.0
120.72566558777835	220.0
120.73566605709478	218.0
120.74566652641118	218.0
120.75566699572761	218.0
120.76566746504402	218.0
120.77566793436044	220.0
120.78566840367685	223.0
120.79566887299328	228.0
120.80566934230968	231.0
120.81566981162611	234.0
120.82567028094252	236.0
120.83567075025894	236.0
120.84567121957535	234.0
120.85567168889177	231.0
120.86567215820818	226.0
120.87567262752461	220.0
120.88567309684102	213.0
120.89567356615744	210.0
120.90567403547385	210.0
120.91567450479027	215.0
120.92567497410668	223.0
120.93567544342311	234.0
120.94567591273952	248.0
120.95567638205594	265.0
120.96567685137235	278.0
120.97567732068877	288.0
120.98567779000518	294.0
120.9956782593216	291.0
121.00567872863802	284.0
121.01567919795443	268.0
121.02567966727085	250.0
121.03568013658726	231.0
121.04568060590368	218.0
121.0556810752201	208.0
121.06568154453652	199.0
121.07568201385293	187.0
121.08568248316935	179.0
121.09568295248576	175.0
121.10568342180218	171.0
121.1156838911186	171.0
121.12568436043502	171.0
121.13568482975143	175.0
121.14568529906785	179.0
121.15568576838426	183.0
121.16568623770068	192.0
121.17568670701709	201.0
121.18568717633352	210.0
121.19568764564993	218.0
121.20568811496635	223.0
121.21568858428276	226.0
121.22568905359918	226.0
121.23568952291559	226.0
121.24568999223202	223.0
121.25569046154843	218.0
121.26569093086484	210.0
121.27569140018126	206.0
121.28569186949767	203.0
121.29569233881409	199.0
121.3056928081305	196.0
121.31569327744693	194.0
121.32569374676333	190.0
121.33569421607976	187.0
121.34569468539617	185.0
121.35569515471259	185.0
121.365695624029	185.0
121.37569609334543	185.0
121.38569656266183	187.0
121.39569703197826	190.0
121.40569750129467	194.0
121.41569797061109	201.0
121.4256984399275	210.0
121.43569890924392	215.0
121.44569937856033	220.0
121.45569984787676	223.0
121.46570031719317	226.0
121.47570078650959	228.0
121.485701255826	228.0
121.49570172514242	226.0
121.50570219445883	226.0
121.51570266377526	226.0
121.52570313309167	223.0
121.53570360240808	223.0
121.5457040717245	223.0
121.55570454104091	223.0
121.56570501035733	223.0
121.57570547967374	223.0
121.58570594899017	223.0
121.59570641830658	220.0
121.605706887623	220.0
121.61570735693941	220.0
121.62570782625583	220.0
121.63570829557224	218.0
121.64570876488867	218.0
121.65570923420508	215.0
121.6657097035215	213.0
121.67571017283791	213.0
121.68571064215433	210.0
121.69571111147074	210.0
121.70571158078717	208.0
121.71571205010358	206.0
121.72571251942	203.0
121.73571298873641	201.0
121.74571345805283	199.0
121.75571392736924	196.0
121.76571439668567	192.0
121.77571486600208	187.0
121.7857153353185	185.0
121.79571580463491	183.0
121.80571627395132	181.0
121.81571674326774	179.0
121.82571721258415	177.0
121.83571768190058	173.0
121.84571815121699	171.0
121.85571862053341	171.0
121.86571908984982	169.0
121.87571955916624	167.0
121.88572002848265	167.0
121.89572049779908	165.0
121.90572096711549	165.0
121.91572143643191	165.0
121.92572190574832	167.0
121.93572237506474	169.0
121.94572284438115	171.0
121.95572331369758	175.0
121.96572378301398	179.0
121.97572425233041	185.0
121.98572472164682	190.0
121.99572519096324	194.0
122.00572566027965	194.0
122.01572612959608	196.0
122.02572659891248	194.0
122.03572706822891	187.0
122.04572753754532	183.0
122.05572800686174	179.0
122.06572847617815	171.0
122.07572894549456	167.0
122.08572941481098	163.0
122.0957298841274	161.0
122.10573035344382	159.0
122.11573082276023	161.0
122.12573129207665	161.0
122.13573176139306	163.0
122.14573223070948	167.0
122.1557327000259	171.0
122.16573316934232	177.0
122.17573363865873	181.0
122.18573410797515	185.0
122.19573457729156	190.0
122.20573504660798	194.0
122.2157355159244	194.0
122.22573598524082	194.0
122.23573645455723	194.0
122.24573692387365	192.0
122.25573739319006	190.0
122.26573786250648	187.0
122.2757383318229	183.0
122.28573880113932	179.0
122.29573927045573	171.0
122.30573973977215	167.0
122.31574020908856	159.0
122.32574067840498	156.0
122.3357411477214	154.0
122.3457416170378	156.0
122.35574208635423	158.0
122.36574255567064	161.0
122.37574302498706	167.0
122.38574349430347	173.0
122.39574396361989	181.0
122.4057444329363	185.0
122.41574490225273	190.0
122.42574537156914	194.0
122.43574584088556	196.0
122.44574631020197	199.0
122.45574677951839	199.0
122.4657472488348	196.0
122.47574771815123	194.0
122.48574818746764	190.0
122.49574865678406	183.0
122.50574912610047	179.0
122.51574959541689	171.0
122.5257500647333	167.0
122.53575053404973	163.0
122.54575100336614	161.0
122.55575147268256	163.0
122.56575194199897	165.0
122.57575241131539	167.0
122.5857528806318	171.0
122.59575334994823	175.0
122.60575381926463	179.0
122.61575428858104	185.0
122.62575475789747	190.0
122.63575522721388	194.0
122.6457556965303	196.0
122.65575616584671	199.0
122.66575663516313	199.0
122.67575710447954	199.0
122.68575757379597	196.0
122.69575804311238	194.0
122.7057585124288	194.0
122.71575898174521	192.0
122.72575945106163	190.0
122.73575992037804	190.0
122.74576038969447	190.0
122.75576085901088	187.0
122.7657613283273	187.0
122.77576179764371	187.0
122.78576226696013	185.0
122.79576273627654	183.0
122.80576320559297	179.0
122.81576367490938	175.0
122.8257641442258	173.0
122.83576461354221	175.0
122.84576508285863	183.0
122.85576555217504	194.0
122.86576602149147	201.0
122.87576649080788	206.0
122.8857669601243	208.0
122.89576742944071	208.0
122.90576789875712	206.0
122.91576836807354	206.0
122.92576883738995	203.0
122.93576930670638	201.0
122.94576977602279	199.0
122.95577024533921	199.0
122.96577071465562	196.0
122.97577118397204	194.0
122.98577165328845	192.0
122.99577212260488	187.0
123.00577259192129	185.0
123.01577306123771	185.0
123.02577353055412	185.0
123.03577399987054	187.0
123.04577446918695	192.0
123.05577493850338	196.0
123.06577540781979	203.0
123.07577587713621	210.0
123.08577634645262	218.0
123.09577681576904	226.0
123.10577728508545	228.0
123.11577775440188	228.0
123.12577822371829	228.0
123.13577869303471	231.0
123.14577916235112	231.0
123.15577963166754	231.0
123.16578010098395	228.0
123.17578057030036	228.0
123.18578103961678	228.0
123.1957815089332	231.0
123.20578197824962	231.0
123.21578244756603	231.0
123.22578291688245	231.0
123.23578338619886	231.0
123.24578385551528	231.0
123.2557843248317	231.0
123.26578479414812	231.0
123.27578526346453	231.0
123.28578573278095	228.0
123.29578620209736	228.0
123.30578667141378	226.0
123.3157871407302	223.0
123.32578761004662	223.0
123.33578807936303	223.0
123.34578854867945	226.0
123.35578901799586	228.0
123.36578948731228	234.0
123.3757899566287	245.0
123.38579042594512	256.0
123.39579089526153	265.0
123.40579136457795	275.0
123.41579183389436	278.0
123.42579230321078	275.0
123.4357927725272	268.0
123.4457932418436	256.0
123.45579371116003	239.0
123.46579418047644	228.0
123.47579464979286	215.0
123.48579511910927	192.0
123.4957955884257	169.0
123.5057960577421	163.0
123.51579652705853	161.0
123.52579699637494	161.0
123.53579746569136	163.0
123.54579793500777	169.0
123.5557984043242	175.0
123.5657988736406	185.0
123.57579934295703	199.0
123.58579981227344	210.0
123.59580028158986	220.0
123.60580075090627	228.0
123.61580122022269	231.0
123.6258016895391	234.0
123.63580215885553	234.0
123.64580262817194	228.0
123.65580309748836	220.0
123.66580356680477	213.0
123.67580403612119	201.0
123.6858045054376	192.0
123.69580497475403	183.0
123.70580544407044	177.0
123.71580591338684	175.0
123.72580638270327	175.0
123.73580685201968	181.0
123.7458073213361	190.0
123.75580779065251	199.0
123.76580825996894	206.0
123.77580872928534	213.0
123.78580919860177	220.0
123.79580966791818	226.0
123.8058101372346	228.0
123.81581060655101	231.0
123.82581107586743	231.0
123.83581154518384	231.0
123.84581201450027	231.0
123.85581248381668	231.0
123.8658129531331	228.0
123.87581342244951	228.0
123.88581389176593	228.0
123.89581436108234	231.0
123.90581483039877	231.0
123.91581529971518	234.0
123.9258157690316	234.0
123.93581623834801	236.0
123.94581670766443	234.0
123.95581717698084	228.0
123.96581764629727	223.0
123.97581811561368	215.0
123.98581858493009	203.0
123.99581905424651	192.0
124.00581952356292	187.0
124.01581999287934	185.0
124.02582046219575	185.0
124.03582093151218	187.0
124.04582140082859	192.0
124.05582187014501	194.0
124.06582233946142	199.0
124.07582280877784	201.0
124.08582327809425	203.0
124.09582374741068	203.0
124.10582421672709	203.0
124.11582468604351	201.0
124.12582515535992	199.0
124.13582562467634	196.0
124.14582609399275	194.0
124.15582656330918	192.0
124.16582703262559	194.0
124.17582750194201	190.0
124.18582797125842	190.0
124.19582844057484	190.0
124.20582890989125	190.0
124.21582937920768	192.0
124.22582984852409	199.0
124.23583031784051	203.0
124.24583078715692	213.0
124.25583125647333	234.0
124.26583172578975	242.0
124.27583219510616	248.0
124.28583266442259	248.0
124.295833133739	248.0
124.30583360305542	248.0
124.31583407237183	248.0
124.32583454168825	248.0
124.33583501100466	248.0
124.34583548032109	248.0
124.3558359496375	250.0
124.36583641895392	250.0
124.37583688827033	250.0
124.38583735758675	250.0
124.39583782690316	253.0
124.40583829621959	253.0
124.415838765536	253.0
124.42583923485242	253.0
124.43583970416883	253.0
124.44584017348525	250.0
124.45584064280166	250.0
124.46584111211808	250.0
124.4758415814345	248.0
124.48584205075092	248.0
124.49584252006733	245.0
124.50584298938375	245.0
124.51584345870016	242.0
124.52584392801657	245.0
124.535844397333	245.0
124.5458448666494	248.0
124.55584533596583	250.0
124.56584580528224	250.0
124.57584627459866	250.0
124.58584674391507	250.0
124.5958472132315	250.0
124.6058476825479	250.0
124.61584815186433	250.0
124.62584862118074	250.0
124.63584909049716	250.0
124.64584955981357	250.0
124.65585002913	250.0
124.6658504984464	250.0
124.67585096776283	250.0
124.68585143707924	250.0
124.69585190639566	250.0
124.70585237571207	250.0
124.7158528450285	250.0
124.7258533143449	250.0
124.73585378366133	250.0
124.74585425297774	253.0
124.75585472229416	259.0
124.76585519161057	265.0
124.775855660927	275.0
124.7858561302434	284.0
124.79585659955981	291.0
124.80585706887624	298.0
124.81585753819265	305.0
124.82585800750907	305.0
124.83585847682548	305.0
124.8458589461419	298.0
124.85585941545831	291.0
124.86585988477474	281.0
124.87586035409115	272.0
124.88586082340757	265.0
124.89586129272398	262.0
124.9058617620404	259.0
124.91586223135681	256.0
124.92586270067324	256.0
124.93586316998964	256.0
124.94586363930607	253.0
124.95586410862248	253.0
124.9658645779389	253.0
124.97586504725531	253.0
124.98586551657174	253.0
124.99586598588814	253.0
125.00586645520457	256.0
125.01586692452098	259.0
125.0258673938374	265.0
125.03586786315381	268.0
125.04586833247023	275.0
125.05586880178664	284.0
125.06586927110305	291.0
125.07586974041948	298.0
125.08587020973589	301.0
125.09587067905231	305.0
125.10587114836872	301.0
125.11587161768514	298.0
125.12587208700155	291.0
125.13587255631798	284.0
125.14587302563439	278.0
125.15587349495081	272.0
125.16587396426722	265.0
125.17587443358364	256.0
125.18587490290005	245.0
125.19587537221648	234.0
125.20587584153289	223.0
125.21587631084931	208.0
125.22587678016572	199.0
125.23587724948214	0.0
125.24587771879855	0.0
125.25587818811498	0.0
125.26587865743139	0.0
125.27587912674781	0.0
125.28587959606422	0.0
125.29588006538064	0.0
125.30588053469705	0.0
125.31588100401348	0.0
125.32588147332989	0.0
125.3358819426463	0.0
125.34588241196272	0.0
125.35588288127913	0.0
125.36588335059555	0.0
125.37588381991196	0.0
125.38588428922839	0.0
125.3958847585448	0.0
125.40588522786122	0.0
125.41588569717763	0.0
125.42588616649405	0.0
125.43588663581046	0.0
125.44588710512689	0.0
125.4558875744433	0.0
125.46588804375972	0.0
125.47588851307613	0.0
125.48588898239255	0.0
125.49588945170896	0.0
125.50588992102539	0.0
125.5158903903418	0.0
125.52589085965822	0.0
125.53589132897463	0.0
125.54589179829105	0.0
125.55589226760746	0.0
125.56589273692389	0.0
125.5758932062403	0.0
125.58589367555672	0.0
125.59589414487313	0.0
125.60589461418954	0.0
125.61589508350596	0.0
125.62589555282237	0.0
125.6358960221388	0.0
125.6458964914552	0.0
125.65589696077163	0.0
125.66589743008804	0.0
125.67589789940446	0.0
125.68589836872087	0.0
125.6958988380373	0.0
125.7058993073537	0.0
125.71589977667013	0.0
125.72590024598654	0.0
125.73590071530296	0.0
125.74590118461937	0.0
125.7559016539358	0.0
125.7659021232522	0.0
125.77590259256863	0.0
125.78590306188504	0.0
125.79590353120146	0.0
125.80590400051787	0.0
125.8159044698343	0.0
125.8259049391507	0.0
125.83590540846713	0.0
125.84590587778354	0.0
125.85590634709996	0.0
125.86590681641637	0.0
125.87590728573278	0.0
125.8859077550492	0.0
125.89590822436561	0.0
125.90590869368204	0.0
125.91590916299845	0.0
125.92590963231487	0.0
125.93591010163128	0.0
125.9459105709477	0.0
125.95591104026411	0.0
125.96591150958054	0.0
125.97591197889695	0.0
125.98591244821337	0.0
125.99591291752978	0.0
126.0059133868462	0.0
126.01591385616261	0.0
126.02591432547904	0.0
126.03591479479545	0.0
126.04591526411187	0.0
126.05591573342828	0.0
126.0659162027447	0.0
126.07591667206111	0.0
126.08591714137754	0.0
126.09591761069395	0.0
126.10591808001037	0.0
126.11591854932678	0.0
126.1259190186432	0.0
126.13591948795961	0.0
126.14591995727602	0.0
126.15592042659244	0.0
126.16592089590885	0.0
126.17592136522528	0.0
126.18592183454169	0.0
126.19592230385811	0.0
126.20592277317452	0.0
126.21592324249094	0.0
126.22592371180735	0.0
126.23592418112378	0.0
126.24592465044019	0.0
126.25592511975661	0.0
126.26592558907302	0.0
126.27592605838944	0.0
126.28592652770585	0.0
126.29592699702228	0.0
126.30592746633869	0.0
126.31592793565511	0.0
126.32592840497152	0.0
126.33592887428794	0.0
126.34592934360435	0.0
126.35592981292078	0.0
126.36593028223719	0.0
126.37593075155361	0.0
126.38593122087002	0.0
126.39593169018644	0.0
126.40593215950285	0.0
126.41593262881926	0.0
126.42593309813569	0.0
126.4359335674521	0.0
126.44593403676852	0.0
126.45593450608493	0.0
126.46593497540135	0.0
126.47593544471776	0.0
126.48593591403419	0.0
126.4959363833506	0.0
126.50593685266702	0.0
126.51593732198343	0.0
126.52593779129985	0.0
126.53593826061626	0.0
126.54593872993269	0.0
126.5559391992491	0.0
126.56593966856552	0.0
126.57594013788193	0.0
126.58594060719835	0.0
126.59594107651476	0.0
126.60594154583119	0.0
126.6159420151476	0.0
126.62594248446402	0.0
126.63594295378043	0.0
126.64594342309685	0.0
126.65594389241326	0.0
126.66594436172969	0.0
126.6759448310461	0.0
126.6859453003625	0.0
126.69594576967893	0.0
126.70594623899534	0.0
126.71594670831176	0.0
126.72594717762817	0.0
126.7359476469446	0.0
126.745948116261	0.0
126.75594858557743	0.0
126.76594905489384	0.0
126.77594952421026	0.0
126.78594999352667	0.0
126.7959504628431	0.0
126.8059509321595	0.0
126.81595140147593	0.0
126.82595187079234	0.0
126.83595234010876	0.0
126.84595280942517	0.0
126.8559532787416	0.0
126.865953748058	0.0
126.87595421737443	0.0
126.88595468669084	0.0
126.89595515600726	0.0
126.90595562532367	0.0
126.9159560946401	0.0
126.9259565639565	0.0
126.93595703327293	0.0
126.94595750258934	0.0
126.95595797190575	248.0
126.96595844122217	248.0
126.97595891053858	250.0
126.985959379855	250.0
126.99595984917141	253.0
127.00596031848784	253.0
127.01596078780425	253.0
127.02596125712067	253.0
127.03596172643708	253.0
127.0459621957535	253.0
127.05596266506991	250.0
127.06596313438634	250.0
127.07596360370275	248.0
127.08596407301917	210.0
127.09596454233558	206.0
127.105965011652	206.0
127.11596548096841	213.0
127.12596595028484	245.0
127.13596641960125	248.0
127.14596688891767	250.0
127.15596735823408	250.0
127.1659678275505	253.0
127.17596829686691	253.0
127.18596876618334	253.0
127.19596923549975	253.0
127.20596970481617	253.0
127.21597017413258	253.0
127.225970643449	253.0
127.23597111276541	253.0
127.24597158208182	250.0
127.25597205139825	250.0
127.26597252071466	248.0
127.27597299003108	245.0
127.28597345934749	239.0
127.29597392866391	239.0
127.30597439798032	242.0
127.31597486729675	245.0
127.32597533661315	248.0
127.33597580592958	250.0
127.34597627524599	253.0
127.35597674456241	253.0
127.36597721387882	253.0
127.37597768319525	253.0
127.38597815251165	253.0
127.39597862182808	253.0
127.40597909114449	253.0
127.41597956046091	253.0
127.42598002977732	253.0
127.43598049909374	253.0
127.44598096841015	250.0
127.45598143772658	250.0
127.46598190704299	248.0
127.47598237635941	248.0
127.48598284567582	248.0
127.49598331499224	248.0
127.50598378430865	253.0
127.51598425362506	259.0
127.52598472294149	272.0
127.5359851922579	284.0
127.54598566157432	298.0
127.55598613089073	308.0
127.56598660020715	312.0
127.57598706952356	316.0
127.58598753883999	298.0
127.5959880081564	284.0
127.60598847747282	265.0
127.61598894678923	250.0
127.62598941610565	242.0
127.63598988542206	239.0
127.64599035473849	239.0
127.6559908240549	245.0
127.66599129337132	253.0
127.67599176268773	259.0
127.68599223200415	268.0
127.69599270132056	278.0
127.70599317063699	284.0
127.7159936399534	291.0
127.72599410926982	298.0
127.73599457858623	298.0
127.74599504790265	301.0
127.75599551721906	298.0
127.76599598653549	294.0
127.7759964558519	291.0
127.7859969251683	288.0
127.79599739448473	284.0
127.80599786380114	288.0
127.81599833311756	291.0
127.82599880243397	298.0
127.8359992717504	305.0
127.8459997410668	316.0
127.85600021038323	323.0
127.86600067969964	331.0
127.87600114901606	334.0
127.88600161833247	338.0
127.8960020876489	338.0
127.9060025569653	338.0
127.91600302628173	338.0
127.92600349559814	338.0
127.93600396491456	334.0
127.94600443423097	334.0
127.9560049035474	334.0
127.9660053728638	334.0
127.97600584218023	334.0
127.98600631149664	334.0
127.99600678081306	334.0
128.00600725012947	334.0
128.0160077194459	334.0
128.02600818876232	334.0
128.0360086580787	334.0
128.04600912739514	334.0
128.05600959671156	331.0
128.06601006602796	327.0
128.07601053534438	323.0
128.0860110046608	319.0
128.09601147397723	316.0
128.10601194329362	308.0
128.11601241261005	305.0
128.12601288192647	301.0
128.1360133512429	294.0
128.1460138205593	288.0
128.1560142898757	281.0
128.16601475919214	278.0
128.17601522850856	278.0
128.18601569782496	278.0
128.19601616714138	281.0
128.2060166364578	281.0
128.21601710577423	284.0
128.22601757509062	284.0
128.23601804440705	288.0
128.24601851372347	291.0
128.2560189830399	291.0
128.2660194523563	291.0
128.2760199216727	291.0
128.28602039098914	291.0
128.29602086030556	291.0
128.30602132962196	291.0
128.31602179893838	291.0
128.3260222682548	291.0
128.3360227375712	294.0
128.34602320688762	294.0
128.35602367620405	294.0
128.36602414552047	294.0
128.37602461483687	294.0
128.3860250841533	294.0
128.3960255534697	294.0
128.40602602278614	294.0
128.41602649210253	291.0
128.42602696141896	291.0
128.43602743073538	291.0
128.4460279000518	291.0
128.4560283693682	291.0
128.46602883868462	291.0
128.47602930800105	291.0
128.48602977731747	291.0
128.49603024663386	291.0
128.5060307159503	291.0
128.5160311852667	291.0
128.52603165458314	291.0
128.53603212389953	294.0
128.54603259321595	294.0
128.55603306253238	294.0
128.5660335318488	291.0
128.5760340011652	291.0
128.58603447048162	291.0
128.59603493979805	291.0
128.60603540911444	291.0
128.61603587843086	291.0
128.6260363477473	294.0
128.6360368170637	294.0
128.6460372863801	294.0
128.65603775569653	294.0
128.66603822501295	294.0
128.67603869432938	291.0
128.68603916364577	291.0
128.6960396329622	291.0
128.70604010227862	291.0
128.71604057159504	291.0
128.72604104091144	294.0
128.73604151022786	294.0
128.7460419795443	294.0
128.7560424488607	294.0
128.7660429181771	291.0
128.77604338749353	291.0
128.78604385680995	291.0
128.79604432612638	291.0
128.80604479544277	294.0
128.8160452647592	294.0
128.82604573407562	294.0
128.83604620339204	294.0
128.84604667270844	291.0
128.85604714202486	291.0
128.8660476113413	291.0
128.87604808065768	291.0
128.8860485499741	291.0
128.89604901929053	291.0
128.90604948860695	294.0
128.91604995792335	294.0
128.92605042723977	294.0
128.9360508965562	294.0
128.94605136587262	294.0
128.95605183518902	294.0
128.96605230450544	294.0
128.97605277382186	294.0
128.9860532431383	294.0
128.99605371245468	294.0
129.0060541817711	294.0
129.01605465108753	294.0
129.02605512040395	298.0
129.03605558972035	298.0
129.04605605903677	298.0
129.0560565283532	294.0
129.06605699766962	294.0
129.07605746698601	294.0
129.08605793630244	294.0
129.09605840561886	294.0
129.1060588749353	294.0
129.11605934425168	294.0
129.1260598135681	294.0
129.13606028288453	294.0
129.14606075220092	294.0
129.15606122151735	294.0
129.16606169083377	294.0
129.1760621601502	294.0
129.1860626294666	294.0
129.19606309878301	294.0
129.20606356809944	294.0
129.21606403741586	294.0
129.22606450673226	294.0
129.23606497604868	294.0
129.2460654453651	294.0
129.25606591468153	294.0
129.26606638399792	294.0
129.27606685331435	294.0
129.28606732263077	294.0
129.2960677919472	294.0
129.3060682612636	294.0
129.31606873058	312.0
129.32606919989644	294.0
129.33606966921286	294.0
129.34607013852926	294.0
129.35607060784568	294.0
129.3660710771621	294.0
129.37607154647853	294.0
129.38607201579492	294.0
129.39607248511135	294.0
129.40607295442777	294.0
129.41607342374417	294.0
129.4260738930606	294.0
129.436074362377	294.0
129.44607483169344	294.0
129.45607530100983	294.0
129.46607577032626	294.0
129.47607623964268	294.0
129.4860767089591	294.0
129.4960771782755	294.0
129.50607764759192	294.0
129.51607811690835	294.0
129.52607858622477	294.0
129.53607905554117	0.0
129.5460795248576	0.0
129.556079994174	294.0
129.56608046349044	0.0
129.57608093280683	0.0
129.58608140212326	0.0
129.59608187143968	0.0
129.6060823407561	0.0
129.6160828100725	0.0
129.62608327938892	0.0
129.63608374870535	0.0
129.64608421802177	0.0
129.65608468733816	0.0
129.6660851566546	0.0
129.676085625971	0.0
129.6860860952874	0.0
129.69608656460383	0.0
129.70608703392026	0.0
129.71608750323668	0.0
129.72608797255307	0.0
129.7360884418695	0.0
129.74608891118592	0.0
129.75608938050235	0.0
129.76608984981874	0.0
129.77609031913516	0.0
129.7860907884516	0.0
129.796091257768	0.0
129.8060917270844	0.0
129.81609219640083	0.0
129.82609266571725	0.0
129.83609313503368	0.0
129.84609360435007	0.0
129.8560940736665	0.0
129.86609454298292	0.0
129.87609501229934	0.0
129.88609548161574	0.0
129.89609595093216	0.0
129.9060964202486	0.0
129.916096889565	0.0
129.9260973588814	0.0
129.93609782819783	0.0
129.94609829751425	0.0
129.95609876683065	0.0
129.96609923614707	0.0
129.9760997054635	0.0
129.98610017477992	0.0
129.99610064409632	0.0
130.00610111341274	0.0
130.01610158272916	0.0
130.0261020520456	0.0
130.03610252136198	0.0
130.0461029906784	0.0
130.05610345999483	0.0
130.06610392931125	0.0
130.07610439862765	0.0
130.08610486794407	0.0
130.0961053372605	0.0
130.10610580657692	0.0
130.11610627589332	0.0
130.12610674520974	0.0
130.13610721452616	0.0
130.1461076838426	0.0
130.15610815315898	0.0
130.1661086224754	0.0
130.17610909179183	0.0
130.18610956110825	0.0
130.19611003042465	0.0
130.20611049974107	0.0
130.2161109690575	0.0
130.2261114383739	0.0
130.23611190769032	0.0
130.24611237700674	0.0
130.25611284632316	0.0
130.26611331563956	0.0
130.27611378495598	0.0
130.2861142542724	0.0
130.29611472358883	0.0
130.30611519290522	0.0
130.31611566222165	0.0
130.32611613153807	0.0
130.3361166008545	0.0
130.3461170701709	0.0
130.35611753948731	0.0
130.36611800880374	0.0
130.37611847812016	0.0
130.38611894743656	0.0
130.39611941675298	0.0
130.4061198860694	0.0
130.41612035538583	0.0
130.42612082470222	0.0
130.43612129401865	0.0
130.44612176333507	0.0
130.4561222326515	0.0
130.4661227019679	0.0
130.4761231712843	0.0
130.48612364060074	0.0
130.49612410991713	0.0
130.50612457923356	0.0
130.51612504854998	0.0
130.5261255178664	0.0
130.5361259871828	0.0
130.54612645649922	0.0
130.55612692581565	0.0
130.56612739513207	0.0
130.57612786444847	0.0
130.5861283337649	0.0
130.5961288030813	0.0
130.60612927239774	0.0
130.61612974171413	0.0
130.62613021103056	0.0
130.63613068034698	0.0
130.6461311496634	0.0
130.6561316189798	0.0
130.66613208829622	0.0
130.67613255761265	0.0
130.68613302692907	0.0
130.69613349624547	0.0
130.7061339655619	0.0
130.7161344348783	0.0
130.72613490419474	0.0
130.73613537351113	0.0
130.74613584282756	0.0
130.75613631214398	0.0
130.76613678146038	0.0
130.7761372507768	0.0
130.78613772009322	0.0
130.79613818940965	0.0
130.80613865872604	0.0
130.81613912804247	0.0
130.8261395973589	0.0
130.8361400666753	0.0
130.8461405359917	0.0
130.85614100530813	0.0
130.86614147462456	0.0
130.87614194394098	0.0
130.88614241325737	0.0
130.8961428825738	0.0
130.90614335189022	0.0
130.91614382120665	0.0
130.92614429052304	0.0
130.93614475983946	0.0
130.9461452291559	0.0
130.9561456984723	0.0
130.9661461677887	0.0
130.97614663710513	0.0
130.98614710642156	0.0
130.99614757573798	0.0
131.00614804505437	0.0
131.0161485143708	0.0
131.02614898368722	0.0
131.03614945300362	0.0
131.04614992232004	0.0
131.05615039163646	0.0
131.0661508609529	0.0
131.07615133026928	0.0
131.0861517995857	0.0
131.09615226890213	0.0
131.10615273821855	0.0
131.11615320753495	0.0
131.12615367685137	0.0
131.1361541461678	0.0
131.14615461548422	0.0
131.15615508480062	0.0
131.16615555411704	0.0
131.17615602343346	0.0
131.1861564927499	0.0
131.19615696206628	0.0
131.2061574313827	0.0
131.21615790069913	0.0
131.22615837001555	0.0
131.23615883933195	0.0
131.24615930864837	0.0
131.2561597779648	0.0
131.26616024728122	0.0
131.27616071659762	0.0
131.28616118591404	0.0
131.29616165523046	0.0
131.30616212454686	0.0
131.31616259386328	0.0
131.3261630631797	0.0
131.33616353249613	0.0
131.34616400181253	0.0
131.35616447112895	0.0
131.36616494044537	0.0
131.3761654097618	0.0
131.3861658790782	0.0
131.39616634839462	0.0
131.40616681771104	0.0
131.41616728702746	0.0
131.42616775634386	0.0
131.43616822566028	0.0
131.4461686949767	0.0
131.45616916429313	0.0
131.46616963360952	0.0
131.47617010292595	0.0
131.48617057224237	0.0
131.4961710415588	0.0
131.5061715108752	0.0
131.51617198019161	0.0
131.52617244950804	0.0
131.53617291882446	0.0
131.54617338814086	0.0
131.55617385745728	0.0
131.5661743267737	0.0
131.5761747960901	0.0
131.58617526540652	0.0
131.59617573472295	0.0
131.60617620403937	0.0
131.61617667335577	0.0
131.6261771426722	0.0
131.63617761198861	0.0
131.64617808130504	0.0
131.65617855062143	0.0
131.66617901993786	0.0
131.67617948925428	0.0
131.6861799585707	0.0
131.6961804278871	0.0
131.70618089720352	0.0
131.71618136651995	0.0
131.72618183583637	0.0
131.73618230515277	0.0
131.7461827744692	0.0
131.7561832437856	0.0
131.76618371310204	0.0
131.77618418241843	0.0
131.78618465173486	0.0
131.79618512105128	0.0
131.8061855903677	0.0
131.8161860596841	0.0
131.82618652900052	0.0
131.83618699831695	0.0
131.84618746763334	0.0
131.85618793694977	0.0
131.8661884062662	0.0
131.8761888755826	0.0
131.886189344899	0.0
131.89618981421543	0.0
131.90619028353186	0.0
131.91619075284828	0.0
131.92619122216468	0.0
131.9361916914811	0.0
131.94619216079752	0.0
131.95619263011395	0.0
131.96619309943034	0.0
131.97619356874677	0.0
131.9861940380632	0.0
131.9961945073796	0.0
132.006194976696	0.0
132.01619544601243	0.0
132.02619591532886	0.0
132.03619638464528	0.0
132.04619685396167	0.0
132.0561973232781	0.0
132.06619779259452	0.0
132.07619826191095	0.0
132.08619873122734	0.0
132.09619920054377	0.0
132.1061996698602	0.0
132.11620013917658	0.0
132.126200608493	0.0
132.13620107780943	0.0
132.14620154712586	0.0
132.15620201644225	0.0
132.16620248575867	0.0
132.1762029550751	0.0
132.18620342439152	0.0
132.19620389370792	0.0
132.20620436302434	0.0
132.21620483234076	0.0
132.2262053016572	0.0
132.23620577097358	0.0
132.24620624029	0.0
132.25620670960643	0.0
132.26620717892285	0.0
132.27620764823925	0.0
132.28620811755567	0.0
132.2962085868721	0.0
132.30620905618852	0.0
132.31620952550492	0.0
132.32620999482134	0.0
132.33621046413776	0.0
132.3462109334542	0.0
132.35621140277058	0.0
132.366211872087	0.0
132.37621234140343	0.0
132.38621281071983	0.0
132.39621328003625	0.0
132.40621374935267	0.0
132.4162142186691	0.0
132.4262146879855	0.0
132.43621515730192	0.0
132.44621562661834	0.0
132.45621609593476	0.0
132.46621656525116	0.0
132.47621703456758	0.0
132.486217503884	0.0
132.49621797320043	0.0
132.50621844251683	0.0
132.51621891183325	0.0
132.52621938114967	0.0
132.5362198504661	0.0
132.5462203197825	0.0
132.55622078909892	0.0
132.56622125841534	0.0
132.57622172773176	0.0
132.58622219704816	0.0
132.59622266636458	0.0
132.606223135681	0.0
132.61622360499743	0.0
132.62622407431382	0.0
132.63622454363025	0.0
132.64622501294667	0.0
132.65622548226307	0.0
132.6662259515795	0.0
132.67622642089592	0.0
132.68622689021234	0.0
132.69622735952873	0.0
132.70622782884516	0.0
132.71622829816158	0.0
132.726228767478	0.0
132.7362292367944	0.0
132.74622970611082	0.0
132.75623017542725	0.0
132.76623064474367	0.0
132.77623111406007	0.0
132.7862315833765	0.0
132.79623205269291	0.0
132.80623252200934	0.0
132.81623299132573	0.0
132.82623346064216	0.0
132.83623392995858	0.0
132.846234399275	0.0
132.8562348685914	0.0
132.86623533790782	0.0
132.87623580722425	0.0
132.88623627654067	0.0
132.89623674585707	0.0
132.9062372151735	0.0
132.91623768448991	0.0
132.9262381538063	0.0
132.93623862312273	0.0
132.94623909243916	0.0
132.95623956175558	0.0
132.96624003107198	0.0
132.9762405003884	0.0
132.98624096970482	0.0
132.99624143902125	0.0
133.00624190833764	0.0
133.01624237765407	0.0
133.0262428469705	0.0
133.0362433162869	0.0
133.0462437856033	0.0
133.05624425491973	0.0
133.06624472423616	0.0
133.07624519355258	0.0
133.08624566286898	0.0
133.0962461321854	0.0
133.10624660150182	0.0
133.11624707081825	0.0
133.12624754013464	0.0
133.13624800945107	0.0
133.1462484787675	0.0
133.1562489480839	0.0
133.1662494174003	0.0
133.17624988671673	0.0
133.18625035603316	0.0
133.19625082534955	0.0
133.20625129466598	0.0
133.2162517639824	0.0
133.22625223329882	0.0
133.23625270261522	0.0
133.24625317193164	0.0
133.25625364124807	0.0
133.2662541105645	0.0
133.27625457988088	0.0
133.2862550491973	0.0
133.29625551851373	0.0
133.30625598783016	0.0
133.31625645714655	0.0
133.32625692646297	0.0
133.3362573957794	0.0
133.34625786509582	0.0
133.35625833441222	0.0
133.36625880372864	0.0
133.37625927304506	0.0
133.3862597423615	0.0
133.39626021167788	0.0
133.4062606809943	0.0
133.41626115031073	0.0
133.42626161962716	0.0
133.43626208894355	0.0
133.44626255825997	0.0
133.4562630275764	0.0
133.4662634968928	0.0
133.47626396620922	0.0
133.48626443552564	0.0
133.49626490484206	0.0
133.50626537415846	0.0
133.51626584347488	0.0
133.5262663127913	0.0
133.53626678210773	0.0
133.54626725142413	0.0
133.55626772074055	0.0
133.56626819005697	0.0
133.5762686593734	0.0
133.5862691286898	0.0
133.59626959800622	0.0
133.60627006732264	0.0
133.61627053663906	0.0
133.62627100595546	0.0
133.63627147527188	0.0
133.6462719445883	0.0
133.65627241390473	0.0
133.66627288322113	0.0
133.67627335253755	0.0
133.68627382185397	0.0
133.6962742911704	0.0
133.7062747604868	0.0
133.71627522980322	0.0
133.72627569911964	0.0
133.73627616843606	0.0
133.74627663775246	0.0
133.75627710706888	0.0
133.7662775763853	0.0
133.7762780457017	0.0
133.78627851501813	0.0
133.79627898433455	0.0
133.80627945365097	0.0
133.81627992296737	0.0
133.8262803922838	0.0
133.83628086160022	0.0
133.84628133091664	0.0
133.85628180023303	0.0
133.86628226954946	0.0
133.87628273886588	0.0
133.8862832081823	0.0
133.8962836774987	0.0
133.90628414681512	0.0
133.91628461613155	0.0
133.92628508544797	0.0
133.93628555476437	0.0
133.9462860240808	0.0
133.95628649339722	0.0
133.96628696271364	0.0
133.97628743203003	0.0
133.98628790134646	0.0
133.99628837066288	0.0
134.0062888399793	0.0
134.0162893092957	0.0
134.02628977861212	0.0
134.03629024792855	0.0
134.04629071724494	0.0
134.05629118656137	0.0
134.0662916558778	0.0
134.07629212519421	0.0
134.0862925945106	0.0
134.09629306382703	0.0
134.10629353314346	0.0
134.11629400245988	0.0
134.12629447177628	0.0
134.1362949410927	0.0
134.14629541040912	0.0
134.15629587972555	0.0
134.16629634904194	0.0
134.17629681835837	0.0
134.1862972876748	0.0
134.1962977569912	0.0
134.2062982263076	0.0
134.21629869562403	0.0
134.22629916494046	0.0
134.23629963425688	0.0
134.24630010357328	0.0
134.2563005728897	0.0
134.26630104220612	0.0
134.27630151152255	0.0
134.28630198083894	0.0
134.29630245015537	0.0
134.3063029194718	0.0
134.31630338878819	0.0
134.3263038581046	0.0
134.33630432742103	0.0
134.34630479673746	0.0
134.35630526605385	0.0
134.36630573537028	0.0
134.3763062046867	0.0
134.38630667400312	0.0
134.39630714331952	0.0
134.40630761263594	0.0
134.41630808195237	0.0
134.4263085512688	0.0
134.43630902058518	0.0
134.4463094899016	0.0
134.45630995921803	0.0
134.46631042853446	0.0
134.47631089785085	0.0
134.48631136716727	0.0
134.4963118364837	0.0
134.50631230580012	0.0
134.51631277511652	0.0
134.52631324443294	0.0
134.53631371374937	0.0
134.5463141830658	0.0
134.55631465238218	0.0
134.5663151216986	0.0
134.57631559101503	0.0
134.58631606033143	0.0
134.59631652964785	0.0
134.60631699896427	0.0
134.6163174682807	0.0
134.6263179375971	0.0
134.63631840691352	0.0
134.64631887622994	0.0
134.65631934554636	0.0
134.66631981486276	0.0
134.67632028417918	0.0
134.6863207534956	0.0
134.69632122281203	0.0
134.70632169212843	0.0
134.71632216144485	0.0
134.72632263076127	0.0
134.7363231000777	0.0
134.7463235693941	0.0
134.75632403871052	0.0
134.76632450802694	0.0
134.77632497734336	0.0
134.78632544665976	0.0
134.79632591597618	0.0
134.8063263852926	0.0
134.81632685460903	0.0
134.82632732392543	0.0
134.83632779324185	0.0
134.84632826255827	0.0
134.85632873187467	0.0
134.8663292011911	0.0
134.87632967050752	0.0
134.88633013982394	0.0
134.89633060914034	0.0
134.90633107845676	0.0
134.91633154777318	0.0
134.9263320170896	0.0
134.936332486406	0.0
134.94633295572243	0.0
134.95633342503885	0.0
134.96633389435527	0.0
134.97633436367167	0.0
134.9863348329881	0.0
134.99633530230452	0.0
135.00633577162094	0.0
135.01633624093733	0.0
135.02633671025376	0.0
135.03633717957018	0.0
135.0463376488866	0.0
135.056338118203	0.0
135.06633858751943	0.0
135.07633905683585	0.0
135.08633952615227	0.0
135.09633999546867	0.0
135.1063404647851	0.0
135.11634093410152	0.0
135.1263414034179	0.0
135.13634187273433	0.0
135.14634234205076	0.0
135.15634281136718	0.0
135.16634328068358	0.0
135.17634375	0.0
135.18634421931642	0.0
135.19634468863285	0.0
135.20634515794924	0.0
135.21634562726567	0.0
135.2263460965821	0.0
135.23634656589851	0.0
135.2463470352149	0.0
135.25634750453133	0.0
135.26634797384776	0.0
135.27634844316418	0.0
135.28634891248058	0.0
135.296349381797	0.0
135.30634985111342	0.0
135.31635032042985	0.0
135.32635078974624	0.0
135.33635125906267	0.0
135.3463517283791	0.0
135.35635219769551	0.0
135.3663526670119	0.0
135.37635313632833	0.0
135.38635360564476	0.0
135.39635407496115	0.0
135.40635454427758	0.0
135.416355013594	0.0
135.42635548291042	0.0
135.43635595222682	0.0
135.44635642154324	0.0
135.45635689085967	0.0
135.4663573601761	0.0
135.47635782949249	0.0
135.4863582988089	0.0
135.49635876812533	0.0
135.50635923744176	0.0
135.51635970675815	0.0
135.52636017607458	0.0
135.536360645391	0.0
135.54636111470742	0.0
135.55636158402382	0.0
135.56636205334024	0.0
135.57636252265667	0.0
135.5863629919731	0.0
135.59636346128949	0.0
135.6063639306059	0.0
135.61636439992233	0.0
135.62636486923876	0.0
135.63636533855515	0.0
135.64636580787158	0.0
135.656366277188	0.0
135.6663667465044	0.0
135.67636721582082	0.0
135.68636768513724	0.0
135.69636815445367	0.0
135.70636862377006	0.0
135.71636909308648	0.0
135.7263695624029	0.0
135.73637003171933	0.0
135.74637050103573	0.0
135.75637097035215	0.0
135.76637143966857	0.0
135.776371908985	0.0
135.7863723783014	0.0
135.79637284761782	0.0
135.80637331693424	0.0
135.81637378625067	0.0
135.82637425556706	0.0
135.83637472488348	0.0
135.8463751941999	0.0
135.85637566351633	0.0
135.86637613283273	0.0
135.87637660214915	0.0
135.88637707146557	0.0
135.896377540782	0.0
135.9063780100984	0.0
135.91637847941482	0.0
135.92637894873124	0.0
135.93637941804764	0.0
135.94637988736406	0.0
135.95638035668048	0.0
135.9663808259969	0.0
135.9763812953133	0.0
135.98638176462973	0.0
135.99638223394615	0.0
136.00638270326257	0.0
136.01638317257897	0.0
136.0263836418954	0.0
136.03638411121182	0.0
136.04638458052824	0.0
136.05638504984464	0.0
136.06638551916106	0.0
136.07638598847748	0.0
136.0863864577939	0.0
136.0963869271103	0.0
136.10638739642673	0.0
136.11638786574315	0.0
136.12638833505957	0.0
136.13638880437597	0.0
136.1463892736924	0.0
136.15638974300882	0.0
136.16639021232524	0.0
136.17639068164164	0.0
136.18639115095806	0.0
136.19639162027448	0.0
136.20639208959088	0.0
136.2163925589073	0.0
136.22639302822373	0.0
136.23639349754015	0.0
136.24639396685654	0.0
136.25639443617297	0.0
136.2663949054894	0.0
136.27639537480582	0.0
136.2863958441222	0.0
136.29639631343863	0.0
136.30639678275506	0.0
136.31639725207148	0.0
136.32639772138788	0.0
136.3363981907043	0.0
136.34639866002072	0.0
136.35639912933715	0.0
136.36639959865354	0.0
136.37640006796997	0.0
136.3864005372864	0.0
136.39640100660282	0.0
136.4064014759192	0.0
136.41640194523563	0.0
136.42640241455206	0.0
136.43640288386848	0.0
136.44640335318488	0.0
136.4564038225013	0.0
136.46640429181772	0.0
136.47640476113412	0.0
136.48640523045054	0.0
136.49640569976697	0.0
136.5064061690834	0.0
136.5164066383998	0.0
136.5264071077162	0.0
136.53640757703263	0.0
136.54640804634906	0.0
136.55640851566545	0.0
136.56640898498188	0.0
136.5764094542983	0.0
136.58640992361472	0.0
136.59641039293112	0.0
136.60641086224754	0.0
136.61641133156397	0.0
136.6264118008804	0.0
136.6364122701968	0.0
136.6464127395132	0.0
136.65641320882963	0.0
136.66641367814606	0.0
136.67641414746245	0.0
136.68641461677888	0.0
136.6964150860953	0.0
136.70641555541172	0.0
136.71641602472812	0.0
136.72641649404454	0.0
136.73641696336097	0.0
136.74641743267736	0.0
136.75641790199379	0.0
136.7664183713102	0.0
136.77641884062663	0.0
136.78641930994303	0.0
136.79641977925945	0.0
136.80642024857588	0.0
136.8164207178923	0.0
136.8264211872087	0.0
136.83642165652512	0.0
136.84642212584154	0.0
136.85642259515797	0.0
136.86642306447436	0.0
136.87642353379078	0.0
136.8864240031072	0.0
136.89642447242363	0.0
136.90642494174003	0.0
136.91642541105645	0.0
136.92642588037288	0.0
136.9364263496893	0.0
136.9464268190057	0.0
136.95642728832212	0.0
136.96642775763854	0.0
136.97642822695497	0.0
136.98642869627136	0.0
136.99642916558778	0.0
137.0064296349042	0.0
137.0164301042206	0.0
137.02643057353703	0.0
137.03643104285345	0.0
137.04643151216987	0.0
137.05643198148627	0.0
137.0664324508027	0.0
137.07643292011912	0.0
137.08643338943554	0.0
137.09643385875194	0.0
137.10643432806836	0.0
137.11643479738478	0.0
137.1264352667012	0.0
137.1364357360176	0.0
137.14643620533403	0.0
137.15643667465045	0.0
137.16643714396687	0.0
137.17643761328327	0.0
137.1864380825997	0.0
137.19643855191612	0.0
137.20643902123254	0.0
137.21643949054894	0.0
137.22643995986536	0.0
137.23644042918178	0.0
137.2464408984982	0.0
137.2564413678146	0.0
137.26644183713103	0.0
137.27644230644745	0.0
137.28644277576385	0.0
137.29644324508027	0.0
137.3064437143967	0.0
137.31644418371312	0.0
137.3264446530295	0.0
137.33644512234594	0.0
137.34644559166236	0.0
137.35644606097878	0.0
137.36644653029518	0.0
137.3764469996116	0.0
137.38644746892803	0.0
137.39644793824445	0.0
137.40644840756084	0.0
137.41644887687727	0.0
137.4264493461937	0.0
137.43644981551012	0.0
137.4464502848265	0.0
137.45645075414294	0.0
137.46645122345936	0.0
137.47645169277578	0.0
137.48645216209218	0.0
137.4964526314086	0.0
137.50645310072503	0.0
137.51645357004145	0.0
137.52645403935784	0.0
137.53645450867427	0.0
137.5464549779907	0.0
137.5564554473071	0.0
137.5664559166235	0.0
137.57645638593993	0.0
137.58645685525636	0.0
137.59645732457275	0.0
137.60645779388918	0.0
137.6164582632056	0.0
137.62645873252202	0.0
137.63645920183842	0.0
137.64645967115484	0.0
137.65646014047127	0.0
137.6664606097877	0.0
137.6764610791041	0.0
137.6864615484205	0.0
137.69646201773693	0.0
137.70646248705336	0.0
137.71646295636975	0.0
137.72646342568618	0.0
137.7364638950026	0.0
137.74646436431902	0.0
137.75646483363542	0.0
137.76646530295184	0.0
137.77646577226827	0.0
137.7864662415847	0.0
137.7964667109011	0.0
137.8064671802175	0.0
137.81646764953393	0.0
137.82646811885033	0.0
137.83646858816675	0.0
137.84646905748318	0.0
137.8564695267996	0.0
137.866469996116	0.0
137.87647046543242	0.0
137.88647093474884	0.0
137.89647140406527	0.0
137.90647187338166	0.0
137.91647234269809	0.0
137.9264728120145	0.0
137.93647328133093	0.0
137.94647375064733	0.0
137.95647421996375	0.0
137.96647468928018	0.0
137.9764751585966	0.0
137.986475627913	0.0
137.99647609722942	0.0
138.00647656654584	0.0
138.01647703586227	0.0
138.02647750517866	0.0
138.03647797449509	0.0
138.0464784438115	0.0
138.05647891312793	0.0
138.06647938244433	0.0
138.07647985176075	0.0
138.08648032107718	0.0
138.09648079039357	0.0
138.10648125971	0.0
138.11648172902642	0.0
138.12648219834284	0.0
138.13648266765924	0.0
138.14648313697566	0.0
138.15648360629208	0.0
138.1664840756085	0.0
138.1764845449249	0.0
138.18648501424133	0.0
138.19648548355775	0.0
138.20648595287417	0.0
138.21648642219057	0.0
138.226486891507	0.0
138.23648736082342	0.0
138.24648783013984	0.0
138.25648829945624	0.0
138.26648876877266	0.0
138.27648923808908	0.0
138.2864897074055	0.0
138.2964901767219	0.0
138.30649064603833	0.0
138.31649111535475	0.0
138.32649158467117	0.0
138.33649205398757	0.0
138.346492523304	0.0
138.35649299262042	0.0
138.3664934619368	0.0
138.37649393125324	0.0
138.38649440056966	0.0
138.39649486988608	0.0
138.40649533920248	0.0
138.4164958085189	0.0
138.42649627783533	0.0
138.43649674715175	0.0
138.44649721646815	0.0
138.45649768578457	0.0
138.466498155101	0.0
138.47649862441742	0.0
138.4864990937338	0.0
138.49649956305024	0.0
138.50650003236666	0.0
138.51650050168308	0.0
138.52650097099948	0.0
138.5365014403159	0.0
138.54650190963233	0.0
138.55650237894875	0.0
138.56650284826515	0.0
138.57650331758157	0.0
138.586503786898	0.0
138.59650425621442	0.0
138.6065047255308	0.0
138.61650519484724	0.0
138.62650566416366	0.0
138.63650613348005	0.0
138.64650660279648	0.0
138.6565070721129	0.0
138.66650754142933	0.0
138.67650801074572	0.0
138.68650848006214	0.0
138.69650894937857	0.0
138.706509418695	0.0
138.7165098880114	0.0
138.7265103573278	0.0
138.73651082664423	0.0
138.74651129596066	0.0
138.75651176527705	0.0
138.76651223459348	0.0
138.7765127039099	0.0
138.78651317322633	0.0
138.79651364254272	0.0
138.80651411185914	0.0
138.81651458117557	0.0
138.826515050492	0.0
138.8365155198084	0.0
138.8465159891248	0.0
138.85651645844123	0.0
138.86651692775766	0.0
138.87651739707405	0.0
138.88651786639048	0.0
138.8965183357069	0.0
138.9065188050233	0.0
138.91651927433972	0.0
138.92651974365614	0.0
138.93652021297257	0.0
138.94652068228896	0.0
138.9565211516054	0.0
138.9665216209218	0.0
138.97652209023823	0.0
138.98652255955463	0.0
138.99652302887105	0.0
139.00652349818748	0.0
139.0165239675039	0.0
139.0265244368203	0.0
139.03652490613672	0.0
139.04652537545314	0.0
139.05652584476957	0.0
139.06652631408596	0.0
139.0765267834024	0.0
139.0865272527188	0.0
139.09652772203523	0.0
139.10652819135163	0.0
139.11652866066805	0.0
139.12652912998448	0.0
139.1365295993009	0.0
139.1465300686173	0.0
139.15653053793372	0.0
139.16653100725014	0.0
139.17653147656654	0.0
139.18653194588296	0.0
139.19653241519939	0.0
139.2065328845158	0.0
139.2165333538322	0.0
139.22653382314863	0.0
139.23653429246505	0.0
139.24653476178148	0.0
139.25653523109787	0.0
139.2665357004143	0.0
139.27653616973072	0.0
139.28653663904714	0.0
139.29653710836354	0.0
139.30653757767996	0.0
139.31653804699638	0.0
139.3265385163128	0.0
139.3365389856292	0.0
139.34653945494563	0.0
139.35653992426205	0.0
139.36654039357848	0.0
139.37654086289487	0.0
139.3865413322113	0.0
139.39654180152772	0.0
139.40654227084414	0.0
139.41654274016054	0.0
139.42654320947696	0.0
139.43654367879338	0.0
139.44654414810978	0.0
139.4565446174262	0.0
139.46654508674263	0.0
139.47654555605905	0.0
139.48654602537545	0.0
139.49654649469187	0.0
139.5065469640083	0.0
139.51654743332472	0.0
139.5265479026411	0.0
139.53654837195754	0.0
139.54654884127396	0.0
139.55654931059038	0.0
139.56654977990678	0.0
139.5765502492232	0.0
139.58655071853963	0.0
139.59655118785605	0.0
139.60655165717245	0.0
139.61655212648887	0.0
139.6265525958053	0.0
139.63655306512172	0.0
139.6465535344381	0.0
139.65655400375454	0.0
139.66655447307096	0.0
139.67655494238738	0.0
139.68655541170378	0.0
139.6965558810202	0.0
139.70655635033663	0.0
139.71655681965302	0.0
139.72655728896945	0.0
139.73655775828587	0.0
139.7465582276023	0.0
139.7565586969187	0.0
139.7665591662351	0.0
139.77655963555154	0.0
139.78656010486796	0.0
139.79656057418435	0.0
139.80656104350078	0.0
139.8165615128172	0.0
139.82656198213363	0.0
139.83656245145002	0.0
139.84656292076644	0.0
139.85656339008287	0.0
139.8665638593993	0.0
139.8765643287157	0.0
139.8865647980321	0.0
139.89656526734854	0.0
139.90656573666496	0.0
139.91656620598135	0.0
139.92656667529778	0.0
139.9365671446142	0.0
139.94656761393063	0.0
139.95656808324702	0.0
139.96656855256344	0.0
139.97656902187987	0.0
139.98656949119626	0.0
139.9965699605127	0.0
140.0065704298291	0.0
140.01657089914553	0.0
140.02657136846193	0.0
140.03657183777835	0.0
140.04657230709478	0.0
140.0565727764112	0.0
140.0665732457276	0.0
140.07657371504402	0.0
140.08657418436044	0.0
140.09657465367687	0.0
140.10657512299326	0.0
140.1165755923097	0.0
140.1265760616261	0.0
140.13657653094253	0.0
140.14657700025893	0.0
140.15657746957535	0.0
140.16657793889178	0.0
140.1765784082082	0.0
140.1865788775246	0.0
140.19657934684102	0.0
140.20657981615744	0.0
140.21658028547387	0.0
140.22658075479026	0.0
140.2365812241067	0.0
140.2465816934231	0.0
140.2565821627395	0.0
140.26658263205593	0.0
140.27658310137235	0.0
140.28658357068878	0.0
140.29658404000517	0.0
140.3065845093216	0.0
140.31658497863802	0.0
140.32658544795444	0.0
140.33658591727084	0.0
140.34658638658726	0.0
140.35658685590369	0.0
140.3665873252201	0.0
140.3765877945365	0.0
140.38658826385293	0.0
140.39658873316935	0.0
140.40658920248578	0.0
140.41658967180217	0.0
140.4265901411186	0.0
140.43659061043502	0.0
140.44659107975144	0.0
140.45659154906784	0.0
140.46659201838426	0.0
140.47659248770069	0.0
140.4865929570171	0.0
140.4965934263335	0.0
140.50659389564993	0.0
140.51659436496635	0.0
140.52659483428275	0.0
140.53659530359917	0.0
140.5465957729156	0.0
140.55659624223202	0.0
140.5665967115484	0.0
140.57659718086484	0.0
140.58659765018126	0.0
140.59659811949768	0.0
140.60659858881408	0.0
140.6165990581305	0.0
140.62659952744693	0.0
140.63659999676335	0.0
140.64660046607975	0.0
140.65660093539617	0.0
140.6666014047126	0.0
140.67660187402902	0.0
140.6866023433454	0.0
140.69660281266184	0.0
140.70660328197826	0.0
140.71660375129468	0.0
140.72660422061108	0.0
140.7366046899275	0.0
140.74660515924393	0.0
140.75660562856035	0.0
140.76660609787675	0.0
140.77660656719317	0.0
140.7866070365096	0.0
140.796607505826	0.0
140.8066079751424	0.0
140.81660844445884	0.0
140.82660891377526	0.0
140.83660938309166	0.0
140.84660985240808	0.0
140.8566103217245	0.0
140.86661079104093	0.0
140.87661126035732	0.0
140.88661172967375	0.0
140.89661219899017	0.0
140.9066126683066	0.0
140.916613137623	0.0
140.9266136069394	0.0
140.93661407625584	0.0
140.94661454557226	0.0
140.95661501488865	0.0
140.96661548420508	0.0
140.9766159535215	0.0
140.98661642283793	0.0
140.99661689215432	0.0
141.00661736147075	0.0
141.01661783078717	0.0
141.0266183001036	0.0
141.03661876942	0.0
141.0466192387364	0.0
141.05661970805284	0.0
141.06662017736923	0.0
141.07662064668565	0.0
141.08662111600208	0.0
141.0966215853185	0.0
141.1066220546349	0.0
141.11662252395132	0.0
141.12662299326774	0.0
141.13662346258417	0.0
141.14662393190056	0.0
141.156624401217	0.0
141.1666248705334	0.0
141.17662533984983	0.0
141.18662580916623	0.0
141.19662627848265	0.0
141.20662674779908	0.0
141.2166272171155	0.0
141.2266276864319	0.0
141.23662815574832	0.0
141.24662862506474	0.0
141.25662909438117	0.0
141.26662956369756	0.0
141.276630033014	0.0
141.2866305023304	0.0
141.29663097164683	0.0
141.30663144096323	0.0
141.31663191027965	0.0
141.32663237959608	0.0
141.33663284891247	0.0
141.3466333182289	0.0
141.35663378754532	0.0
141.36663425686174	0.0
141.37663472617814	0.0
141.38663519549456	0.0
141.396635664811	0.0
141.4066361341274	0.0
141.4166366034438	0.0
141.42663707276023	0.0
141.43663754207665	0.0
141.44663801139308	0.0
141.45663848070947	0.0
141.4666389500259	0.0
141.47663941934232	0.0
141.48663988865874	0.0
141.49664035797514	0.0
141.50664082729156	0.0
141.516641296608	0.0
141.5266417659244	256.0
141.5366422352408	256.0
141.54664270455723	256.0
141.55664317387365	256.0
141.56664364319008	256.0
141.57664411250647	256.0
141.5866445818229	256.0
141.59664505113932	256.0
141.60664552045571	256.0
141.61664598977214	256.0
141.62664645908856	253.0
141.63664692840499	250.0
141.64664739772138	248.0
141.6566478670378	245.0
141.66664833635423	210.0
141.67664880567065	213.0
141.68664927498705	220.0
141.69664974430347	239.0
141.7066502136199	245.0
141.71665068293632	245.0
141.7266511522527	248.0
141.73665162156914	248.0
141.74665209088556	248.0
141.75665256020199	248.0
141.76665302951838	248.0
141.7766534988348	248.0
141.78665396815123	250.0
141.79665443746765	250.0
141.80665490678405	250.0
141.81665537610047	250.0
141.8266558454169	250.0
141.83665631473332	250.0
141.8466567840497	248.0
141.85665725336614	236.0
141.86665772268256	234.0
141.87665819199896	236.0
141.88665866131538	239.0
141.8966591306318	242.0
141.90665959994823	245.0
141.91666006926462	248.0
141.92666053858105	250.0
141.93666100789747	248.0
141.9466614772139	248.0
141.9566619465303	248.0
141.9666624158467	245.0
141.97666288516314	245.0
141.98666335447956	245.0
141.99666382379596	245.0
142.00666429311238	248.0
142.0166647624288	253.0
142.02666523174523	259.0
142.03666570106162	272.0
142.04666617037805	284.0
142.05666663969447	298.0
142.0666671090109	305.0
142.0766675783273	308.0
142.0866680476437	301.0
142.09666851696014	294.0
142.10666898627656	275.0
142.11666945559296	256.0
142.12666992490938	213.0
142.1366703942258	206.0
142.1466708635422	208.0
142.15667133285862	218.0
142.16667180217505	231.0
142.17667227149147	248.0
142.18667274080786	265.0
142.1966732101243	281.0
142.2066736794407	291.0
142.21667414875714	301.0
142.22667461807353	305.0
142.23667508738995	305.0
142.24667555670638	301.0
142.2566760260228	294.0
142.2666764953392	288.0
142.27667696465562	284.0
142.28667743397205	288.0
142.29667790328847	291.0
142.30667837260486	298.0
142.3166788419213	305.0
142.3266793112377	316.0
142.33667978055414	323.0
142.34668024987053	331.0
142.35668071918695	338.0
142.36668118850338	342.0
142.3766816578198	342.0
142.3866821271362	342.0
142.39668259645262	338.0
142.40668306576904	334.0
142.41668353508547	331.0
142.42668400440186	327.0
142.4366844737183	331.0
142.4466849430347	331.0
142.4566854123511	334.0
142.46668588166753	338.0
142.47668635098395	342.0
142.48668682030038	342.0
142.49668728961677	342.0
142.5066877589332	338.0
142.51668822824962	334.0
142.52668869756604	323.0
142.53668916688244	308.0
142.54668963619886	301.0
142.5566901055153	294.0
142.5666905748317	284.0
142.5766910441481	278.0
142.58669151346453	272.0
142.59669198278095	268.0
142.60669245209738	268.0
142.61669292141377	268.0
142.6266933907302	268.0
142.63669386004662	275.0
142.64669432936304	284.0
142.65669479867944	288.0
142.66669526799586	288.0
142.6766957373123	288.0
142.6866962066287	288.0
142.6966966759451	288.0
142.70669714526153	288.0
142.71669761457795	288.0
142.72669808389435	288.0
142.73669855321077	288.0
142.7466990225272	288.0
142.75669949184362	288.0
142.76669996116001	291.0
142.77670043047644	291.0
142.78670089979286	291.0
142.7967013691093	291.0
142.80670183842568	291.0
142.8167023077421	294.0
142.82670277705853	294.0
142.83670324637495	294.0
142.84670371569135	294.0
142.85670418500777	294.0
142.8667046543242	291.0
142.87670512364062	291.0
142.88670559295701	288.0
142.89670606227344	284.0
142.90670653158986	281.0
142.91670700090629	281.0
142.92670747022268	281.0
142.9367079395391	281.0
142.94670840885553	281.0
142.95670887817195	281.0
142.96670934748835	284.0
142.97670981680477	288.0
142.9867102861212	291.0
142.9967107554376	294.0
143.006711224754	294.0
143.01671169407044	294.0
143.02671216338686	294.0
143.03671263270326	298.0
143.04671310201968	298.0
143.0567135713361	298.0
143.06671404065253	298.0
143.07671450996892	298.0
143.08671497928535	298.0
143.09671544860177	294.0
143.1067159179182	294.0
143.1167163872346	294.0
143.126716856551	294.0
143.13671732586744	294.0
143.14671779518386	294.0
143.15671826450026	294.0
143.16671873381668	298.0
143.1767192031331	298.0
143.18671967244953	298.0
143.19672014176592	298.0
143.20672061108235	298.0
143.21672108039877	298.0
143.2267215497152	294.0
143.2367220190316	294.0
143.246722488348	294.0
143.25672295766444	294.0
143.26672342698083	294.0
143.27672389629726	294.0
143.28672436561368	294.0
143.2967248349301	294.0
143.3067253042465	294.0
143.31672577356292	294.0
143.32672624287935	298.0
143.33672671219577	298.0
143.34672718151216	294.0
143.3567276508286	294.0
143.366728120145	294.0
143.37672858946144	294.0
143.38672905877783	294.0
143.39672952809426	298.0
143.40672999741068	294.0
143.4167304667271	294.0
143.4267309360435	294.0
143.43673140535992	294.0
143.44673187467635	294.0
143.45673234399277	298.0
143.46673281330916	298.0
143.4767332826256	298.0
143.486733751942	298.0
143.49673422125844	298.0
143.50673469057483	298.0
143.51673515989125	298.0
143.52673562920768	298.0
143.53673609852407	298.0
143.5467365678405	298.0
143.55673703715692	298.0
143.56673750647334	294.0
143.57673797578974	294.0
143.58673844510616	294.0
143.5967389144226	294.0
143.606739383739	294.0
143.6167398530554	294.0
143.62674032237183	294.0
143.63674079168825	294.0
143.64674126100468	294.0
143.65674173032107	294.0
143.6667421996375	294.0
143.67674266895392	294.0
143.68674313827034	294.0
143.69674360758674	294.0
143.70674407690316	294.0
143.7167445462196	294.0
143.726745015536	294.0
143.7367454848524	294.0
143.74674595416883	294.0
143.75674642348525	294.0
143.76674689280168	294.0
143.77674736211807	294.0
143.7867478314345	294.0
143.79674830075092	294.0
143.80674877006732	294.0
143.81674923938374	291.0
143.82674970870016	291.0
143.8367501780166	291.0
143.84675064733298	294.0
143.8567511166494	301.0
143.86675158596583	316.0
143.87675205528225	334.0
143.88675252459865	367.0
143.89675299391507	398.0
143.9067534632315	417.0
143.91675393254792	431.0
143.92675440186432	431.0
143.93675487118074	426.0
143.94675534049716	412.0
143.9567558098136	389.0
143.96675627912998	338.0
143.9767567484464	331.0
143.98675721776283	323.0
143.99675768707925	323.0
144.00675815639565	338.0
144.01675862571207	371.0
144.0267590950285	384.0
144.03675956434492	393.0
144.04676003366131	393.0
144.05676050297774	384.0
144.06676097229416	363.0
144.07676144161056	338.0
144.08676191092698	316.0
144.0967623802434	305.0
144.10676284955983	298.0
144.11676331887622	298.0
144.12676378819265	298.0
144.13676425750907	301.0
144.1467647268255	301.0
144.1567651961419	301.0
144.1667656654583	301.0
144.17676613477474	298.0
144.18676660409116	291.0
144.19676707340756	284.0
144.20676754272398	275.0
144.2167680120404	265.0
144.22676848135683	250.0
144.23676895067322	242.0
144.24676941998965	234.0
144.25676988930607	231.0
144.2667703586225	231.0
144.2767708279389	231.0
144.2867712972553	239.0
144.29677176657174	248.0
144.30677223588816	253.0
144.31677270520456	265.0
144.32677317452098	281.0
144.3367736438374	291.0
144.3467741131538	301.0
144.35677458247022	305.0
144.36677505178665	305.0
144.37677552110307	301.0
144.38677599041947	294.0
144.3967764597359	288.0
144.4067769290523	281.0
144.41677739836874	275.0
144.42677786768513	268.0
144.43677833700156	262.0
144.44677880631798	259.0
144.4567792756344	253.0
144.4667797449508	250.0
144.47678021426722	248.0
144.48678068358365	245.0
144.49678115290007	248.0
144.50678162221647	253.0
144.5167820915329	259.0
144.5267825608493	262.0
144.53678303016574	272.0
144.54678349948213	278.0
144.55678396879856	284.0
144.56678443811498	291.0
144.5767849074314	294.0
144.5867853767478	298.0
144.59678584606422	298.0
144.60678631538065	298.0
144.61678678469704	298.0
144.62678725401346	298.0
144.6367877233299	294.0
144.6467881926463	298.0
144.6567886619627	298.0
144.66678913127913	298.0
144.67678960059555	298.0
144.68679006991198	298.0
144.69679053922837	298.0
144.7067910085448	298.0
144.71679147786122	298.0
144.72679194717765	298.0
144.73679241649404	298.0
144.74679288581046	298.0
144.7567933551269	298.0
144.7667938244433	298.0
144.7767942937597	298.0
144.78679476307613	298.0
144.79679523239255	298.0
144.80679570170898	298.0
144.81679617102537	298.0
144.8267966403418	298.0
144.83679710965822	298.0
144.84679757897464	298.0
144.85679804829104	298.0
144.86679851760746	298.0
144.8767989869239	298.0
144.88679945624028	298.0
144.8967999255567	298.0
144.90680039487313	294.0
144.91680086418955	294.0
144.92680133350595	291.0
144.93680180282237	288.0
144.9468022721388	284.0
144.95680274145522	281.0
144.96680321077162	275.0
144.97680368008804	268.0
144.98680414940446	265.0
144.9968046187209	259.0
145.00680508803728	256.0
145.0168055573537	253.0
145.02680602667013	250.0
145.03680649598655	250.0
145.04680696530295	248.0
145.05680743461937	242.0
145.0668079039358	239.0
145.07680837325222	234.0
145.08680884256862	231.0
145.09680931188504	0.0
145.10680978120146	0.0
145.1168102505179	0.0
145.12681071983428	0.0
145.1368111891507	0.0
145.14681165846713	0.0
145.15681212778352	0.0
145.16681259709995	0.0
145.17681306641637	0.0
145.1868135357328	0.0
145.1968140050492	0.0
145.20681447436561	0.0
145.21681494368204	0.0
145.22681541299846	0.0
145.23681588231486	0.0
145.24681635163128	0.0
145.2568168209477	0.0
145.26681729026413	0.0
145.27681775958052	0.0
145.28681822889695	0.0
145.29681869821337	0.0
145.3068191675298	0.0
145.3168196368462	0.0
145.32682010616261	0.0
145.33682057547904	0.0
145.34682104479546	0.0
145.35682151411186	0.0
145.36682198342828	0.0
145.3768224527447	0.0
145.38682292206113	0.0
145.39682339137752	0.0
145.40682386069395	0.0
145.41682433001037	0.0
145.42682479932677	0.0
145.4368252686432	0.0
145.4468257379596	0.0
145.45682620727604	0.0
145.46682667659243	0.0
145.47682714590886	0.0
145.48682761522528	0.0
145.4968280845417	0.0
145.5068285538581	0.0
145.51682902317452	0.0
145.52682949249095	0.0
145.53682996180737	0.0
145.54683043112377	0.0
145.5568309004402	0.0
145.5668313697566	0.0
145.57683183907304	0.0
145.58683230838943	0.0
145.59683277770586	0.0
145.60683324702228	0.0
145.6168337163387	0.0
145.6268341856551	0.0
145.63683465497152	0.0
145.64683512428795	0.0
145.65683559360437	0.0
145.66683606292077	0.0
145.6768365322372	0.0
145.6868370015536	0.0
145.69683747087	0.0
145.70683794018643	0.0
145.71683840950286	0.0
145.72683887881928	0.0
145.73683934813567	0.0
145.7468398174521	0.0
145.75684028676852	0.0
145.76684075608495	0.0
145.77684122540134	0.0
145.78684169471776	0.0
145.7968421640342	0.0
145.8068426333506	0.0
145.816843102667	0.0
145.82684357198343	0.0
145.83684404129986	0.0
145.84684451061628	0.0
145.85684497993267	0.0
145.8668454492491	0.0
145.87684591856552	0.0
145.88684638788195	0.0
145.89684685719834	0.0
145.90684732651476	0.0
145.9168477958312	0.0
145.9268482651476	0.0
145.936848734464	0.0
145.94684920378043	0.0
145.95684967309685	0.0
145.96685014241325	0.0
145.97685061172967	0.0
145.9868510810461	0.0
145.99685155036252	0.0
146.00685201967892	0.0
146.01685248899534	0.0
146.02685295831176	0.0
146.0368534276282	0.0
146.04685389694458	0.0
146.056854366261	0.0
146.06685483557743	0.0
146.07685530489385	0.0
146.08685577421025	0.0
146.09685624352667	0.0
146.1068567128431	0.0
146.11685718215952	0.0
146.12685765147592	0.0
146.13685812079234	0.0
146.14685859010876	0.0
146.1568590594252	0.0
146.16685952874158	0.0
146.176859998058	0.0
146.18686046737443	0.0
146.19686093669085	0.0
146.20686140600725	0.0
146.21686187532367	0.0
146.2268623446401	0.0
146.2368628139565	0.0
146.24686328327292	0.0
146.25686375258934	0.0
146.26686422190576	194.0
146.27686469122216	192.0
146.28686516053858	192.0
146.296865629855	192.0
146.30686609917143	194.0
146.31686656848782	194.0
146.32686703780425	194.0
146.33686750712067	194.0
146.3468679764371	194.0
146.3568684457535	194.0
146.36686891506992	194.0
146.37686938438634	196.0
146.38686985370276	199.0
146.39687032301916	203.0
146.40687079233558	208.0
146.416871261652	218.0
146.42687173096843	228.0
146.43687220028482	236.0
146.44687266960125	248.0
146.45687313891767	256.0
146.4668736082341	265.0
146.4768740775505	275.0
146.48687454686691	284.0
146.49687501618334	291.0
146.50687548549973	298.0
146.51687595481616	301.0
146.52687642413258	301.0
146.536876893449	298.0
146.5468773627654	291.0
146.55687783208182	284.0
146.56687830139825	278.0
146.57687877071467	272.0
146.58687924003107	262.0
146.5968797093475	250.0
146.6068801786639	242.0
146.61688064798034	234.0
146.62688111729673	228.0
146.63688158661316	226.0
146.64688205592958	228.0
146.656882525246	234.0
146.6668829945624	242.0
146.67688346387882	250.0
146.68688393319525	262.0
146.69688440251167	272.0
146.70688487182807	281.0
146.7168853411445	288.0
146.7268858104609	294.0
146.73688627977734	301.0
146.74688674909373	301.0
146.75688721841016	301.0
146.76688768772658	298.0
146.77688815704298	291.0
146.7868886263594	284.0
146.79688909567582	284.0
146.80688956499225	281.0
146.81689003430864	284.0
146.82689050362507	288.0
146.8368909729415	294.0
146.8468914422579	305.0
146.8568919115743	323.0
146.86689238089073	342.0
146.87689285020716	358.0
146.88689331952358	371.0
146.89689378883998	375.0
146.9068942581564	375.0
146.91689472747282	367.0
146.92689519678925	350.0
146.93689566610564	338.0
146.94689613542207	327.0
146.9568966047385	327.0
146.9668970740549	331.0
146.9768975433713	342.0
146.98689801268773	363.0
146.99689848200416	384.0
147.00689895132058	407.0
147.01689942063697	441.0
147.0268998899534	462.0
147.03690035926982	473.0
147.04690082858622	473.0
147.05690129790264	468.0
147.06690176721906	436.0
147.0769022365355	407.0
147.08690270585188	371.0
147.0969031751683	354.0
147.10690364448473	350.0
147.11690411380116	354.0
147.12690458311755	367.0
147.13690505243397	375.0
147.1469055217504	384.0
147.15690599106682	384.0
147.16690646038322	380.0
147.17690692969964	342.0
147.18690739901606	319.0
147.1969078683325	305.0
147.20690833764888	301.0
147.2169088069653	301.0
147.22690927628173	301.0
147.23690974559815	301.0
147.24691021491455	301.0
147.25691068423097	301.0
147.2669111535474	301.0
147.27691162286382	298.0
147.28691209218022	294.0
147.29691256149664	288.0
147.30691303081306	281.0
147.31691350012946	272.0
147.32691396944588	259.0
147.3369144387623	250.0
147.34691490807873	239.0
147.35691537739513	234.0
147.36691584671155	231.0
147.37691631602797	231.0
147.3869167853444	234.0
147.3969172546608	239.0
147.40691772397722	248.0
147.41691819329364	256.0
147.42691866261006	265.0
147.43691913192646	278.0
147.44691960124288	284.0
147.4569200705593	294.0
147.46692053987573	298.0
147.47692100919213	301.0
147.48692147850855	301.0
147.49692194782497	298.0
147.5069224171414	291.0
147.5169228864578	284.0
147.52692335577422	278.0
147.53692382509064	272.0
147.54692429440706	268.0
147.55692476372346	259.0
147.56692523303988	256.0
147.5769257023563	250.0
147.5869261716727	248.0
147.59692664098912	245.0
147.60692711030555	248.0
147.61692757962197	250.0
147.62692804893837	256.0
147.6369285182548	262.0
147.64692898757121	268.0
147.65692945688764	278.0
147.66692992620403	284.0
147.67693039552046	288.0
147.68693086483688	294.0
147.6969313341533	298.0
147.7069318034697	298.0
147.71693227278612	301.0
147.72693274210255	298.0
147.73693321141897	298.0
147.74693368073537	298.0
147.7569341500518	298.0
147.76693461936821	298.0
147.77693508868464	298.0
147.78693555800103	298.0
147.79693602731746	298.0
147.80693649663388	298.0
147.8169369659503	298.0
147.8269374352667	298.0
147.83693790458312	298.0
147.84693837389955	298.0
147.85693884321594	298.0
147.86693931253237	298.0
147.8769397818488	298.0
147.8869402511652	298.0
147.8969407204816	298.0
147.90694118979803	298.0
147.91694165911446	298.0
147.92694212843088	298.0
147.93694259774728	298.0
147.9469430670637	298.0
147.95694353638012	298.0
147.96694400569655	298.0
147.97694447501294	298.0
147.98694494432937	298.0
147.9969454136458	298.0
148.0069458829622	294.0
148.0169463522786	294.0
148.02694682159503	291.0
148.03694729091146	288.0
148.04694776022788	284.0
148.05694822954428	281.0
148.0669486988607	275.0
148.07694916817712	272.0
148.08694963749355	268.0
148.09695010680994	265.0
148.10695057612637	262.0
148.1169510454428	259.0
148.12695151475918	259.0
148.1369519840756	256.0
148.14695245339203	256.0
148.15695292270846	256.0
148.16695339202485	253.0
148.17695386134127	253.0
148.1869543306577	253.0
148.19695479997412	253.0
148.20695526929052	253.0
148.21695573860694	253.0
148.22695620792337	250.0
148.2369566772398	250.0
148.24695714655618	248.0
148.2569576158726	248.0
148.26695808518903	248.0
148.27695855450546	250.0
148.28695902382185	250.0
148.29695949313827	253.0
148.3069599624547	253.0
148.31696043177112	250.0
148.32696090108752	250.0
148.33696137040394	250.0
148.34696183972036	250.0
148.3569623090368	250.0
148.36696277835318	250.0
148.3769632476696	250.0
148.38696371698603	253.0
148.39696418630243	253.0
148.40696465561885	253.0
148.41696512493527	250.0
148.4269655942517	250.0
148.4369660635681	250.0
148.44696653288452	248.0
148.45696700220094	250.0
148.46696747151736	265.0
148.47696794083376	278.0
148.48696841015018	346.0
148.4969688794666	354.0
148.50696934878303	371.0
148.51696981809943	380.0
148.52697028741585	384.0
148.53697075673227	380.0
148.5469712260487	350.0
148.5569716953651	319.0
148.56697216468152	301.0
148.57697263399794	294.0
148.58697310331436	291.0
148.59697357263076	291.0
148.60697404194718	298.0
148.6169745112636	301.0
148.62697498058003	301.0
148.63697544989643	301.0
148.64697591921285	298.0
148.65697638852927	298.0
148.66697685784567	298.0
148.6769773271621	301.0
148.68697779647852	308.0
148.69697826579494	319.0
148.70697873511133	327.0
148.71697920442776	327.0
148.72697967374418	319.0
148.7369801430606	308.0
148.746980612377	291.0
148.75698108169343	278.0
148.76698155100985	268.0
148.77698202032627	262.0
148.78698248964267	262.0
148.7969829589591	262.0
148.80698342827552	265.0
148.81698389759194	268.0
148.82698436690833	268.0
148.83698483622476	265.0
148.84698530554118	265.0
148.8569857748576	262.0
148.866986244174	259.0
148.87698671349042	259.0
148.88698718280685	262.0
148.89698765212327	268.0
148.90698812143967	278.0
148.9169885907561	291.0
148.92698906007251	308.0
148.9369895293889	327.0
148.94698999870533	346.0
148.95699046802176	354.0
148.96699093733818	342.0
148.97699140665458	319.0
148.986991875971	281.0
148.99699234528742	272.0
149.00699281460385	265.0
149.01699328392024	265.0
149.02699375323667	268.0
149.0369942225531	272.0
149.04699469186951	272.0
149.0569951611859	272.0
149.06699563050233	268.0
149.07699609981876	265.0
149.08699656913518	259.0
149.09699703845158	226.0
149.106997507768	218.0
149.11699797708442	215.0
149.12699844640085	215.0
149.13699891571724	220.0
149.14699938503367	228.0
149.1569998543501	231.0
149.1670003236665	234.0
149.1770007929829	231.0
149.18700126229933	226.0
149.19700173161576	218.0
149.20700220093215	206.0
149.21700267024858	199.0
149.227003139565	194.0
149.23700360888142	192.0
149.24700407819782	194.0
149.25700454751424	199.0
149.26700501683067	201.0
149.2770054861471	203.0
149.28700595546348	201.0
149.2970064247799	201.0
149.30700689409633	199.0
149.31700736341276	199.0
149.32700783272915	196.0
149.33700830204558	196.0
149.347008771362	194.0
149.35700924067842	187.0
149.36700970999482	181.0
149.37701017931124	0.0
149.38701064862767	0.0
149.3970111179441	0.0
149.40701158726048	0.0
149.4170120565769	0.0
149.42701252589333	0.0
149.43701299520976	0.0
149.44701346452615	0.0
149.45701393384257	0.0
149.467014403159	0.0
149.4770148724754	259.0
149.48701534179182	256.0
149.49701581110824	256.0
149.50701628042466	256.0
149.51701674974106	253.0
149.52701721905748	253.0
149.5370176883739	250.0
149.54701815769033	248.0
149.55701862700673	245.0
149.56701909632315	242.0
149.57701956563957	242.0
149.587020034956	248.0
149.5970205042724	256.0
149.60702097358882	268.0
149.61702144290524	284.0
149.62702191222166	308.0
149.63702238153806	323.0
149.64702285085448	323.0
149.6570233201709	316.0
149.66702378948733	291.0
149.67702425880373	262.0
149.68702472812015	245.0
149.69702519743657	236.0
149.707025666753	236.0
149.7170261360694	242.0
149.72702660538582	253.0
149.73702707470224	262.0
149.74702754401864	281.0
149.75702801333506	298.0
149.76702848265148	301.0
149.7770289519679	305.0
149.7870294212843	308.0
149.79702989060073	305.0
149.80703035991715	305.0
149.81703082923357	301.0
149.82703129854997	294.0
149.8370317678664	294.0
149.84703223718282	294.0
149.85703270649924	291.0
149.86703317581564	291.0
149.87703364513206	291.0
149.88703411444848	288.0
149.8970345837649	284.0
149.9070350530813	284.0
149.91703552239773	284.0
149.92703599171415	288.0
149.93703646103057	294.0
149.94703693034697	308.0
149.9570373996634	323.0
149.96703786897982	342.0
149.97703833829624	367.0
149.98703880761263	380.0
149.99703927692906	384.0
150.00703974624548	380.0
150.01704021556188	375.0
150.0270406848783	367.0
150.03704115419472	363.0
150.04704162351115	358.0
150.05704209282754	354.0
150.06704256214397	354.0
150.0770430314604	350.0
150.08704350077682	346.0
150.0970439700932	346.0
150.10704443940963	342.0
150.11704490872606	342.0
150.12704537804248	342.0
150.13704584735888	342.0
150.1470463166753	338.0
150.15704678599172	338.0
150.16704725530815	338.0
150.17704772462454	338.0
150.18704819394097	338.0
150.1970486632574	338.0
150.20704913257381	338.0
150.2170496018902	334.0
150.22705007120663	331.0
150.23705054052306	327.0
150.24705100983948	327.0
150.25705147915588	334.0
150.2670519484723	342.0
150.27705241778872	354.0
150.28705288710512	363.0
150.29705335642154	371.0
150.30705382573797	371.0
150.3170542950544	371.0
150.32705476437079	367.0
150.3370552336872	363.0
150.34705570300363	363.0
150.35705617232006	358.0
150.36705664163645	354.0
150.37705711095288	350.0
150.3870575802693	346.0
150.39705804958572	342.0
150.40705851890212	338.0
150.41705898821854	338.0
150.42705945753497	334.0
150.4370599268514	334.0
150.44706039616779	334.0
150.4570608654842	334.0
150.46706133480063	334.0
150.47706180411706	331.0
150.48706227343345	331.0
150.49706274274988	331.0
150.5070632120663	331.0
150.51706368138272	331.0
150.52706415069912	334.0
150.53706462001554	334.0
150.54706508933197	334.0
150.55706555864836	334.0
150.56706602796478	334.0
150.5770664972812	334.0
150.58706696659763	334.0
150.59706743591403	334.0
150.60706790523045	334.0
150.61706837454688	334.0
150.6270688438633	334.0
150.6370693131797	338.0
150.64706978249612	338.0
150.65707025181254	342.0
150.66707072112897	342.0
150.67707119044536	346.0
150.68707165976178	350.0
150.6970721290782	354.0
150.70707259839463	354.0
150.71707306771103	354.0
150.72707353702745	354.0
150.73707400634387	350.0
150.7470744756603	350.0
150.7570749449767	346.0
150.76707541429312	342.0
150.77707588360954	338.0
150.78707635292596	334.0
150.79707682224236	334.0
150.80707729155878	331.0
150.8170777608752	331.0
150.8270782301916	331.0
150.83707869950803	331.0
150.84707916882445	331.0
150.85707963814087	331.0
150.86708010745727	331.0
150.8770805767737	327.0
150.88708104609012	323.0
150.89708151540654	316.0
150.90708198472294	316.0
150.91708245403936	319.0
150.92708292335578	327.0
150.9370833926722	334.0
150.9470838619886	350.0
150.95708433130503	363.0
150.96708480062145	371.0
150.97708526993787	367.0
150.98708573925427	367.0
150.9970862085707	363.0
151.00708667788712	363.0
151.01708714720354	358.0
151.02708761651994	358.0
151.03708808583636	354.0
151.04708855515278	350.0
151.0570890244692	342.0
151.0670894937856	338.0
151.07708996310203	338.0
151.08709043241845	334.0
151.09709090173487	331.0
151.10709137105127	331.0
151.1170918403677	327.0
151.12709230968412	327.0
151.1370927790005	327.0
151.14709324831693	327.0
151.15709371763336	331.0
151.16709418694978	334.0
151.17709465626618	338.0
151.1870951255826	342.0
151.19709559489903	350.0
151.20709606421545	354.0
151.21709653353184	363.0
151.22709700284827	367.0
151.2370974721647	367.0
151.24709794148112	367.0
151.2570984107975	363.0
151.26709888011393	358.0
151.27709934943036	354.0
151.28709981874678	346.0
151.29710028806318	338.0
151.3071007573796	334.0
151.31710122669602	334.0
151.32710169601245	331.0
151.33710216532884	334.0
151.34710263464527	338.0
151.3571031039617	342.0
151.36710357327811	346.0
151.3771040425945	350.0
151.38710451191093	354.0
151.39710498122736	354.0
151.40710545054375	363.0
151.41710591986018	384.0
151.4271063891766	398.0
151.43710685849302	407.0
151.44710732780942	407.0
151.45710779712584	407.0
151.46710826644227	402.0
151.4771087357587	398.0
151.4871092050751	389.0
151.4971096743915	384.0
151.50711014370793	371.0
151.51711061302436	363.0
151.52711108234075	354.0
151.53711155165718	350.0
151.5471120209736	342.0
151.55711249029002	342.0
151.56711295960642	342.0
151.57711342892284	346.0
151.58711389823927	358.0
151.5971143675557	371.0
151.60711483687209	393.0
151.6171153061885	412.0
151.62711577550493	421.0
151.63711624482136	426.0
151.64711671413775	426.0
151.65711718345418	421.0
151.6671176527706	412.0
151.677118122087	398.0
151.68711859140342	380.0
151.69711906071984	363.0
151.70711953003627	338.0
151.71711999935266	323.0
151.72712046866909	319.0
151.7371209379855	323.0
151.74712140730193	331.0
151.75712187661833	346.0
151.76712234593475	358.0
151.77712281525118	367.0
151.7871232845676	371.0
151.797123753884	367.0
151.80712422320042	363.0
151.81712469251684	354.0
151.82712516183327	334.0
151.83712563114966	319.0
151.84712610046608	308.0
151.8571265697825	301.0
151.86712703909893	298.0
151.87712750841533	298.0
151.88712797773175	294.0
151.89712844704817	298.0
151.9071289163646	298.0
151.917129385681	298.0
151.92712985499742	298.0
151.93713032431384	301.0
151.94713079363024	301.0
151.95713126294666	301.0
151.96713173226308	301.0
151.9771322015795	298.0
151.9871326708959	294.0
151.99713314021233	288.0
152.00713360952875	284.0
152.01713407884517	284.0
152.02713454816157	284.0
152.037135017478	288.0
152.04713548679442	291.0
152.05713595611084	291.0
152.06713642542724	291.0
152.07713689474366	291.0
152.08713736406008	294.0
152.0971378333765	294.0
152.1071383026929	298.0
152.11713877200933	301.0
152.12713924132575	301.0
152.13713971064217	301.0
152.14714017995857	298.0
152.157140649275	298.0
152.16714111859142	294.0
152.17714158790784	294.0
152.18714205722424	294.0
152.19714252654066	294.0
152.20714299585708	294.0
152.21714346517348	294.0
152.2271439344899	294.0
152.23714440380633	294.0
152.24714487312275	291.0
152.25714534243914	291.0
152.26714581175557	288.0
152.277146281072	284.0
152.28714675038842	278.0
152.2971472197048	265.0
152.30714768902124	250.0
152.31714815833766	242.0
152.32714862765408	0.0
152.33714909697048	218.0
152.3471495662869	218.0
152.35715003560333	220.0
152.36715050491975	228.0
152.37715097423614	236.0
152.38715144355257	245.0
152.397151912869	253.0
152.40715238218542	265.0
152.4171528515018	278.0
152.42715332081823	291.0
152.43715379013466	305.0
152.44715425945108	308.0
152.45715472876748	308.0
152.4671551980839	305.0
152.47715566740033	301.0
152.48715613671672	298.0
152.49715660603314	291.0
152.50715707534957	284.0
152.517157544666	278.0
152.5271580139824	272.0
152.5371584832988	265.0
152.54715895261523	259.0
152.55715942193166	256.0
152.56715989124805	250.0
152.57716036056448	245.0
152.5871608298809	242.0
152.59716129919732	242.0
152.60716176851372	242.0
152.61716223783014	245.0
152.62716270714657	250.0
152.637163176463	259.0
152.6471636457794	265.0
152.6571641150958	275.0
152.66716458441223	284.0
152.67716505372866	294.0
152.68716552304505	301.0
152.69716599236148	301.0
152.7071664616779	298.0
152.71716693099432	291.0
152.72716740031072	284.0
152.73716786962714	275.0
152.74716833894357	265.0
152.75716880825996	259.0
152.7671692775764	250.0
152.7771697468928	242.0
152.78717021620923	228.0
152.79717068552563	213.0
152.80717115484205	201.0
152.81717162415848	0.0
152.8271720934749	0.0
152.8371725627913	0.0
152.84717303210772	0.0
152.85717350142414	0.0
152.86717397074057	0.0
152.87717444005696	0.0
152.88717490937339	0.0
152.8971753786898	0.0
152.90717584800623	0.0
152.91717631732263	0.0
152.92717678663905	0.0
152.93717725595548	0.0
152.9471777252719	0.0
152.9571781945883	0.0
152.96717866390472	0.0
152.97717913322114	0.0
152.98717960253757	0.0
152.99718007185396	0.0
153.00718054117038	0.0
153.0171810104868	0.0
153.0271814798032	0.0
153.03718194911963	0.0
153.04718241843605	0.0
153.05718288775248	0.0
153.06718335706887	0.0
153.0771838263853	0.0
153.08718429570172	0.0
153.09718476501814	0.0
153.10718523433454	0.0
153.11718570365096	0.0
153.12718617296738	0.0
153.1371866422838	0.0
153.1471871116002	0.0
153.15718758091663	0.0
153.16718805023305	0.0
153.17718851954947	0.0
153.18718898886587	0.0
153.1971894581823	0.0
153.20718992749872	0.0
153.21719039681514	0.0
153.22719086613154	0.0
153.23719133544796	0.0
153.24719180476438	0.0
153.2571922740808	0.0
153.2671927433972	0.0
153.27719321271363	0.0
153.28719368203005	0.0
153.29719415134645	0.0
153.30719462066287	0.0
153.3171950899793	0.0
153.32719555929572	0.0
153.3371960286121	0.0
153.34719649792854	0.0
153.35719696724496	0.0
153.36719743656138	0.0
153.37719790587778	0.0
153.3871983751942	0.0
153.39719884451063	0.0
153.40719931382705	0.0
153.41719978314345	0.0
153.42720025245987	0.0
153.4372007217763	0.0
153.44720119109272	0.0
153.4572016604091	0.0
153.46720212972554	0.0
153.47720259904196	0.0
153.48720306835838	0.0
153.49720353767478	0.0
153.5072040069912	0.0
153.51720447630763	0.0
153.52720494562405	0.0
153.53720541494044	0.0
153.54720588425687	0.0
153.5572063535733	0.0
153.5672068228897	0.0
153.5772072922061	0.0
153.58720776152254	0.0
153.59720823083896	0.0
153.60720870015535	0.0
153.61720916947178	0.0
153.6272096387882	0.0
153.63721010810463	0.0
153.64721057742102	0.0
153.65721104673744	0.0
153.66721151605387	0.0
153.6772119853703	0.0
153.6872124546867	0.0
153.6972129240031	0.0
153.70721339331953	0.0
153.71721386263596	0.0
153.72721433195235	0.0
153.73721480126878	0.0
153.7472152705852	0.0
153.75721573990162	0.0
153.76721620921802	0.0
153.77721667853444	0.0
153.78721714785087	0.0
153.7972176171673	0.0
153.8072180864837	0.0
153.8172185558001	0.0
153.82721902511653	0.0
153.83721949443293	0.0
153.84721996374935	0.0
153.85722043306578	0.0
153.8672209023822	0.0
153.8772213716986	0.0
153.88722184101502	0.0
153.89722231033144	0.0
153.90722277964787	0.0
153.91722324896426	181.0
153.9272237182807	183.0
153.9372241875971	185.0
153.94722465691353	187.0
153.95722512622993	190.0
153.96722559554635	192.0
153.97722606486278	192.0
153.9872265341792	192.0
153.9972270034956	192.0
154.00722747281202	192.0
154.01722794212844	192.0
154.02722841144487	194.0
154.03722888076126	196.0
154.04722935007769	199.0
154.0572298193941	203.0
154.06723028871053	208.0
154.07723075802693	215.0
154.08723122734335	226.0
154.09723169665978	236.0
154.10723216597617	248.0
154.1172326352926	259.0
154.12723310460902	275.0
154.13723357392544	281.0
154.14723404324184	291.0
154.15723451255826	298.0
154.16723498187469	305.0
154.1772354511911	305.0
154.1872359205075	301.0
154.19723638982393	294.0
154.20723685914035	288.0
154.21723732845678	281.0
154.22723779777317	272.0
154.2372382670896	262.0
154.24723873640602	250.0
154.25723920572244	239.0
154.26723967503884	234.0
154.27724014435526	234.0
154.28724061367168	236.0
154.2972410829881	245.0
154.3072415523045	250.0
154.31724202162093	256.0
154.32724249093735	268.0
154.33724296025377	281.0
154.34724342957017	288.0
154.3572438988866	294.0
154.36724436820302	298.0
154.3772448375194	301.0
154.38724530683584	301.0
154.39724577615226	305.0
154.40724624546868	301.0
154.41724671478508	301.0
154.4272471841015	294.0
154.43724765341793	294.0
154.44724812273435	294.0
154.45724859205075	294.0
154.46724906136717	294.0
154.4772495306836	294.0
154.48725000000002	294.0
154.4972504693164	294.0
154.50725093863284	298.0
154.51725140794926	298.0
154.52725187726568	301.0
154.53725234658208	305.0
154.5472528158985	312.0
154.55725328521493	319.0
154.56725375453135	331.0
154.57725422384775	342.0
154.58725469316417	358.0
154.5972551624806	371.0
154.60725563179702	380.0
154.6172561011134	389.0
154.62725657042984	389.0
154.63725703974626	389.0
154.64725750906265	384.0
154.65725797837908	384.0
154.6672584476955	380.0
154.67725891701193	371.0
154.68725938632832	363.0
154.69725985564475	354.0
154.70726032496117	350.0
154.7172607942776	342.0
154.727261263594	342.0
154.7372617329104	338.0
154.74726220222684	338.0
154.75726267154326	338.0
154.76726314085965	338.0
154.77726361017608	338.0
154.7872640794925	338.0
154.79726454880893	342.0
154.80726501812532	346.0
154.81726548744174	350.0
154.82726595675817	358.0
154.8372664260746	367.0
154.847266895391	375.0
154.8572673647074	380.0
154.86726783402383	389.0
154.87726830334026	393.0
154.88726877265665	393.0
154.89726924197308	393.0
154.9072697112895	393.0
154.9172701806059	393.0
154.92727064992232	393.0
154.93727111923874	393.0
154.94727158855517	393.0
154.95727205787156	389.0
154.967272527188	389.0
154.9772729965044	384.0
154.98727346582083	380.0
154.99727393513723	380.0
155.00727440445365	375.0
155.01727487377008	375.0
155.0272753430865	380.0
155.0372758124029	380.0
155.04727628171932	384.0
155.05727675103574	384.0
155.06727722035217	389.0
155.07727768966856	393.0
155.087278158985	393.0
155.0972786283014	398.0
155.10727909761783	398.0
155.11727956693423	398.0
155.12728003625065	398.0
155.13728050556708	398.0
155.1472809748835	398.0
155.1572814441999	393.0
155.16728191351632	393.0
155.17728238283274	384.0
155.18728285214914	384.0
155.19728332146556	389.0
155.207283790782	393.0
155.2172842600984	402.0
155.2272847294148	402.0
155.23728519873123	402.0
155.24728566804765	402.0
155.25728613736408	398.0
155.26728660668047	398.0
155.2772870759969	398.0
155.28728754531332	402.0
155.29728801462974	402.0
155.30728848394614	402.0
155.31728895326256	402.0
155.32728942257899	402.0
155.3372898918954	402.0
155.3472903612118	402.0
155.35729083052823	402.0
155.36729129984465	402.0
155.37729176916108	402.0
155.38729223847747	402.0
155.3972927077939	402.0
155.40729317711032	402.0
155.41729364642674	402.0
155.42729411574314	402.0
155.43729458505956	398.0
155.44729505437599	398.0
155.45729552369238	393.0
155.4672959930088	393.0
155.47729646232523	389.0
155.48729693164165	384.0
155.49729740095805	380.0
155.50729787027447	375.0
155.5172983395909	371.0
155.52729880890732	371.0
155.5372992782237	375.0
155.54729974754014	380.0
155.55730021685656	384.0
155.56730068617298	389.0
155.57730115548938	398.0
155.5873016248058	398.0
155.59730209412223	402.0
155.60730256343865	402.0
155.61730303275505	402.0
155.62730350207147	398.0
155.6373039713879	393.0
155.64730444070432	389.0
155.6573049100207	384.0
155.66730537933714	375.0
155.67730584865356	371.0
155.68730631796998	367.0
155.69730678728638	367.0
155.7073072566028	363.0
155.71730772591923	367.0
155.72730819523562	367.0
155.73730866455205	371.0
155.74730913386847	375.0
155.7573096031849	384.0
155.7673100725013	389.0
155.7773105418177	393.0
155.78731101113414	398.0
155.79731148045056	402.0
155.80731194976696	402.0
155.81731241908338	402.0
155.8273128883998	402.0
155.83731335771623	402.0
155.84731382703262	398.0
155.85731429634905	398.0
155.86731476566547	393.0
155.8773152349819	389.0
155.8873157042983	384.0
155.8973161736147	380.0
155.90731664293114	375.0
155.91731711224756	375.0
155.92731758156395	375.0
155.93731805088038	375.0
155.9473185201968	375.0
155.95731898951323	375.0
155.96731945882962	380.0
155.97731992814604	380.0
155.98732039746247	384.0
155.99732086677886	393.0
156.0073213360953	393.0
156.0173218054117	398.0
156.02732227472814	402.0
156.03732274404453	402.0
156.04732321336095	402.0
156.05732368267738	402.0
156.0673241519938	402.0
156.0773246213102	402.0
156.08732509062662	402.0
156.09732555994304	398.0
156.10732602925947	398.0
156.11732649857586	393.0
156.1273269678923	389.0
156.1373274372087	389.0
156.14732790652513	384.0
156.15732837584153	380.0
156.16732884515795	371.0
156.17732931447438	363.0
156.1873297837908	358.0
156.1973302531072	350.0
156.20733072242362	346.0
156.21733119174004	346.0
156.22733166105647	342.0
156.23733213037286	338.0
156.2473325996893	338.0
156.2573330690057	334.0
156.2673335383221	331.0
156.27733400763853	331.0
156.28733447695495	331.0
156.29733494627138	327.0
156.30733541558777	331.0
156.3173358849042	334.0
156.32733635422062	338.0
156.33733682353704	342.0
156.34733729285344	350.0
156.35733776216986	354.0
156.3673382314863	363.0
156.3773387008027	371.0
156.3873391701191	371.0
156.39733963943553	371.0
156.40734010875195	371.0
156.41734057806838	371.0
156.42734104738477	367.0
156.4373415167012	367.0
156.44734198601762	363.0
156.45734245533404	358.0
156.46734292465044	354.0
156.47734339396686	350.0
156.4873438632833	346.0
156.4973443325997	342.0
156.5073448019161	342.0
156.51734527123253	342.0
156.52734574054895	342.0
156.53734620986535	342.0
156.54734667918177	342.0
156.5573471484982	342.0
156.56734761781462	342.0
156.577348087131	346.0
156.58734855644744	346.0
156.59734902576386	350.0
156.60734949508029	354.0
156.61734996439668	358.0
156.6273504337131	363.0
156.63735090302953	367.0
156.64735137234595	367.0
156.65735184166235	367.0
156.66735231097877	367.0
156.6773527802952	363.0
156.68735324961162	358.0
156.697353718928	354.0
156.70735418824444	350.0
156.71735465756086	346.0
156.72735512687728	342.0
156.73735559619368	338.0
156.7473560655101	334.0
156.75735653482653	334.0
156.76735700414295	334.0
156.77735747345935	338.0
156.78735794277577	346.0
156.7973584120922	358.0
156.8073588814086	367.0
156.817359350725	371.0
156.82735982004144	375.0
156.83736028935786	380.0
156.84736075867426	384.0
156.85736122799068	384.0
156.8673616973071	384.0
156.87736216662353	384.0
156.88736263593992	375.0
156.89736310525635	367.0
156.90736357457277	358.0
156.9173640438892	350.0
156.9273645132056	342.0
156.937364982522	342.0
156.94736545183844	342.0
156.95736592115486	342.0
156.96736639047126	350.0
156.97736685978768	358.0
156.9873673291041	375.0
156.99736779842053	398.0
157.00736826773692	421.0
157.01736873705335	436.0
157.02736920636977	441.0
157.0373696756862	441.0
157.0473701450026	431.0
157.057370614319	417.0
157.06737108363544	393.0
157.07737155295183	371.0
157.08737202226826	346.0
157.09737249158468	334.0
157.1073729609011	331.0
157.1173734302175	334.0
157.12737389953392	338.0
157.13737436885035	350.0
157.14737483816677	358.0
157.15737530748316	363.0
157.1673757767996	367.0
157.177376246116	363.0
157.18737671543244	354.0
157.19737718474883	334.0
157.20737765406525	323.0
157.21737812338168	312.0
157.2273785926981	308.0
157.2373790620145	305.0
157.24737953133092	305.0
157.25738000064734	305.0
157.26738046996377	305.0
157.27738093928016	305.0
157.2873814085966	305.0
157.297381877913	301.0
157.30738234722944	301.0
157.31738281654583	301.0
157.32738328586225	301.0
157.33738375517868	298.0
157.34738422449507	298.0
157.3573846938115	298.0
157.36738516312792	294.0
157.37738563244434	291.0
157.38738610176074	284.0
157.39738657107716	275.0
157.4073870403936	268.0
157.41738750971	259.0
157.4273879790264	253.0
157.43738844834283	248.0
157.44738891765925	248.0
157.45738938697568	250.0
157.46738985629207	253.0
157.4773903256085	259.0
157.48739079492492	268.0
157.49739126424134	275.0
157.50739173355774	284.0
157.51739220287416	291.0
157.5273926721906	301.0
157.537393141507	305.0
157.5473936108234	308.0
157.55739408013983	308.0
157.56739454945625	305.0
157.57739501877268	298.0
157.58739548808907	294.0
157.5973959574055	291.0
157.60739642672192	284.0
157.61739689603831	281.0
157.62739736535474	275.0
157.63739783467116	268.0
157.6473983039876	262.0
157.65739877330398	259.0
157.6673992426204	253.0
157.67739971193683	250.0
157.68740018125325	248.0
157.69740065056965	245.0
157.70740111988607	236.0
157.7174015892025	228.0
157.72740205851892	0.0
157.73740252783531	0.0
157.74740299715174	0.0
157.75740346646816	0.0
157.76740393578459	0.0
157.77740440510098	0.0
157.7874048744174	0.0
157.79740534373383	0.0
157.80740581305025	0.0
157.81740628236665	0.0
157.82740675168307	0.0
157.8374072209995	0.0
157.84740769031592	0.0
157.8574081596323	0.0
157.86740862894874	0.0
157.87740909826516	0.0
157.88740956758156	0.0
157.89741003689798	0.0
157.9074105062144	0.0
157.91741097553083	0.0
157.92741144484722	0.0
157.93741191416365	0.0
157.94741238348007	0.0
157.9574128527965	0.0
157.9674133221129	0.0
157.9774137914293	0.0
157.98741426074574	0.0
157.99741473006216	0.0
158.00741519937856	0.0
158.01741566869498	0.0
158.0274161380114	0.0
158.03741660732783	0.0
158.04741707664422	0.0
158.05741754596065	0.0
158.06741801527707	0.0
158.0774184845935	0.0
158.0874189539099	0.0
158.0974194232263	0.0
158.10741989254274	0.0
158.11742036185916	0.0
158.12742083117556	0.0
158.13742130049198	0.0
158.1474217698084	0.0
158.1574222391248	0.0
158.16742270844122	0.0
158.17742317775765	0.0
158.18742364707407	0.0
158.19742411639047	0.0
158.2074245857069	0.0
158.2174250550233	0.0
158.22742552433974	0.0
158.23742599365613	0.0
158.24742646297256	0.0
158.25742693228898	0.0
158.2674274016054	0.0
158.2774278709218	0.0
158.28742834023822	0.0
158.29742880955465	0.0
158.30742927887107	0.0
158.31742974818746	0.0
158.3274302175039	0.0
158.3374306868203	175.0
158.34743115613674	175.0
158.35743162545313	175.0
158.36743209476955	179.0
158.37743256408598	183.0
158.3874330334024	185.0
158.3974335027188	185.0
158.40743397203522	187.0
158.41743444135165	187.0
158.42743491066804	187.0
158.43743537998446	190.0
158.4474358493009	194.0
158.4574363186173	201.0
158.4674367879337	208.0
158.47743725725013	215.0
158.48743772656655	228.0
158.49743819588298	242.0
158.50743866519937	253.0
158.5174391345158	265.0
158.52743960383222	278.0
158.53744007314864	288.0
158.54744054246504	298.0
158.55744101178146	305.0
158.5674414810979	305.0
158.5774419504143	301.0
158.5874424197307	294.0
158.59744288904713	284.0
158.60744335836355	278.0
158.61744382767998	265.0
158.62744429699637	256.0
158.6374447663128	248.0
158.64744523562922	242.0
158.65744570494564	242.0
158.66744617426204	242.0
158.67744664357846	248.0
158.6874471128949	256.0
158.69744758221128	265.0
158.7074480515277	272.0
158.71744852084413	281.0
158.72744899016055	284.0
158.73744945947695	298.0
158.74744992879337	305.0
158.7574503981098	308.0
158.76745086742622	308.0
158.77745133674262	308.0
158.78745180605904	301.0
158.79745227537546	298.0
158.8074527446919	294.0
158.81745321400828	291.0
158.8274536833247	291.0
158.83745415264113	294.0
158.84745462195755	298.0
158.85745509127395	301.0
158.86745556059037	308.0
158.8774560299068	319.0
158.88745649922322	338.0
158.89745696853961	350.0
158.90745743785604	367.0
158.91745790717246	375.0
158.9274583764889	380.0
158.93745884580528	380.0
158.9474593151217	371.0
158.95745978443813	354.0
158.96746025375452	338.0
158.97746072307095	323.0
158.98746119238737	319.0
158.9974616617038	319.0
159.0074621310202	327.0
159.01746260033661	342.0
159.02746306965304	367.0
159.03746353896946	393.0
159.04746400828586	421.0
159.05746447760228	441.0
159.0674649469187	447.0
159.07746541623513	447.0
159.08746588555152	431.0
159.09746635486795	417.0
159.10746682418437	389.0
159.1174672935008	350.0
159.1274677628172	331.0
159.1374682321336	323.0
159.14746870145004	323.0
159.15746917076646	327.0
159.16746964008286	334.0
159.17747010939928	350.0
159.1874705787157	363.0
159.19747104803213	371.0
159.20747151734852	371.0
159.21747198666495	371.0
159.22747245598137	358.0
159.23747292529777	334.0
159.2474733946142	331.0
159.2574738639306	334.0
159.26747433324704	342.0
159.27747480256343	358.0
159.28747527187986	375.0
159.29747574119628	384.0
159.3074762105127	384.0
159.3174766798291	380.0
159.32747714914552	354.0
159.33747761846195	316.0
159.34747808777837	305.0
159.35747855709477	301.0
159.3674790264112	301.0
159.3774794957276	301.0
159.38747996504404	308.0
159.39748043436043	312.0
159.40748090367686	312.0
159.41748137299328	312.0
159.4274818423097	308.0
159.4374823116261	301.0
159.44748278094252	294.0
159.45748325025895	294.0
159.46748371957537	294.0
159.47748418889176	301.0
159.4874846582082	308.0
159.4974851275246	316.0
159.507485596841	319.0
159.51748606615743	319.0
159.52748653547386	312.0
159.53748700479028	305.0
159.54748747410667	291.0
159.5574879434231	281.0
159.56748841273952	268.0
159.57748888205595	262.0
159.58748935137234	259.0
159.59748982068876	259.0
159.6074902900052	259.0
159.6174907593216	256.0
159.627491228638	256.0
159.63749169795443	253.0
159.64749216727085	250.0
159.65749263658728	248.0
159.66749310590367	248.0
159.6774935752201	250.0
159.68749404453652	256.0
159.69749451385294	262.0
159.70749498316934	272.0
159.71749545248576	278.0
159.7274959218022	284.0
159.7374963911186	291.0
159.747496860435	298.0
159.75749732975143	305.0
159.76749779906785	308.0
159.77749826838428	305.0
159.78749873770067	305.0
159.7974992070171	298.0
159.80749967633352	294.0
159.81750014564992	288.0
159.82750061496634	281.0
159.83750108428276	278.0
159.8475015535992	272.0
159.85750202291558	268.0
159.867502492232	262.0
159.87750296154843	256.0
159.88750343086485	250.0
159.89750390018125	248.0
159.90750436949767	245.0
159.9175048388141	242.0
159.92750530813052	239.0
159.93750577744692	239.0
159.94750624676334	242.0
159.95750671607976	248.0
159.9675071853962	253.0
159.97750765471258	259.0
159.987508124029	265.0
159.99750859334543	272.0
160.00750906266185	288.0
160.01750953197825	294.0
160.02751000129467	298.0
160.0375104706111	301.0
160.04751093992752	301.0
160.05751140924392	301.0
160.06751187856034	298.0
160.07751234787676	291.0
160.08751281719316	288.0
160.09751328650958	281.0
160.107513755826	278.0
160.11751422514243	275.0
160.12751469445882	272.0
160.13751516377525	268.0
160.14751563309167	265.0
160.1575161024081	262.0
160.1675165717245	259.0
160.17751704104091	256.0
160.18751751035734	253.0
160.19751797967376	250.0
160.20751844899016	248.0
160.21751891830658	245.0
160.227519387623	245.0
160.23751985693943	248.0
160.24752032625582	253.0
160.25752079557225	259.0
160.26752126488867	268.0
160.2775217342051	278.0
160.2875222035215	284.0
160.2975226728379	291.0
160.30752314215434	294.0
160.31752361147076	298.0
160.32752408078716	301.0
160.33752455010358	301.0
160.34752501942	301.0
160.3575254887364	298.0
160.36752595805282	294.0
160.37752642736925	291.0
160.38752689668567	288.0
160.39752736600207	284.0
160.4075278353185	278.0
160.4175283046349	275.0
160.42752877395134	272.0
160.43752924326773	265.0
160.44752971258416	262.0
160.45753018190058	259.0
160.467530651217	256.0
160.4775311205334	256.0
160.48753158984982	253.0
160.49753205916625	253.0
160.50753252848267	253.0
160.51753299779907	253.0
160.5275334671155	256.0
160.5375339364319	262.0
160.54753440574834	268.0
160.55753487506473	275.0
160.56753534438116	281.0
160.57753581369758	294.0
160.587536283014	305.0
160.5975367523304	316.0
160.60753722164682	327.0
160.61753769096325	334.0
160.62753816027964	338.0
160.63753862959607	346.0
160.6475390989125	346.0
160.6575395682289	346.0
160.6675400375453	346.0
160.67754050686173	346.0
160.68754097617816	342.0
160.69754144549458	338.0
160.70754191481097	323.0
160.7175423841274	312.0
160.72754285344382	308.0
160.73754332276025	301.0
160.74754379207664	294.0
160.75754426139306	288.0
160.7675447307095	284.0
160.7775452000259	288.0
160.7875456693423	291.0
160.79754613865873	294.0
160.80754660797515	294.0
160.81754707729158	298.0
160.82754754660797	298.0
160.8375480159244	298.0
160.84754848524082	298.0
160.85754895455725	298.0
160.86754942387364	298.0
160.87754989319006	298.0
160.8875503625065	298.0
160.89755083182288	298.0
160.9075513011393	298.0
160.91755177045573	298.0
160.92755223977215	298.0
160.93755270908855	298.0
160.94755317840497	298.0
160.9575536477214	298.0
160.96755411703782	298.0
160.97755458635422	301.0
160.98755505567064	301.0
160.99755552498706	301.0
161.0075559943035	301.0
161.01755646361988	301.0
161.0275569329363	301.0
161.03755740225273	298.0
161.04755787156915	298.0
161.05755834088555	294.0
161.06755881020197	298.0
161.0775592795184	301.0
161.08755974883482	308.0
161.09756021815122	319.0
161.10756068746764	331.0
161.11756115678406	346.0
161.1275616261005	367.0
161.13756209541688	380.0
161.1475625647333	389.0
161.15756303404973	389.0
161.16756350336613	384.0
161.17756397268255	367.0
161.18756444199897	342.0
161.1975649113154	323.0
161.2075653806318	288.0
161.21756584994822	272.0
161.22756631926464	259.0
161.23756678858106	248.0
161.24756725789746	242.0
161.25756772721388	236.0
161.2675681965303	234.0
161.27756866584673	234.0
161.28756913516312	239.0
161.29756960447955	242.0
161.30757007379597	248.0
161.3175705431124	253.0
161.3275710124288	259.0
161.33757148174521	268.0
161.34757195106164	281.0
161.35757242037806	291.0
161.36757288969446	301.0
161.37757335901088	308.0
161.3875738283273	308.0
161.39757429764373	305.0
161.40757476696012	298.0
161.41757523627655	288.0
161.42757570559297	284.0
161.43757617490937	278.0
161.4475766442258	272.0
161.45757711354221	265.0
161.46757758285864	259.0
161.47757805217503	253.0
161.48757852149146	248.0
161.49757899080788	245.0
161.5075794601243	245.0
161.5175799294407	248.0
161.52758039875712	253.0
161.53758086807355	262.0
161.54758133738997	272.0
161.55758180670637	281.0
161.5675822760228	288.0
161.5775827453392	298.0
161.58758321465564	301.0
161.59758368397203	308.0
161.60758415328846	308.0
161.61758462260488	308.0
161.6275850919213	308.0
161.6375855612377	308.0
161.64758603055412	305.0
161.65758649987055	305.0
161.66758696918697	305.0
161.67758743850337	305.0
161.6875879078198	305.0
161.6975883771362	305.0
161.7075888464526	298.0
161.71758931576903	288.0
161.72758978508546	278.0
161.73759025440188	268.0
161.74759072371828	262.0
161.7575911930347	253.0
161.76759166235112	245.0
161.77759213166755	239.0
161.78759260098394	236.0
161.79759307030037	234.0
161.8075935396168	231.0
161.8175940089332	236.0
161.8275944782496	239.0
161.83759494756603	242.0
161.84759541688246	245.0
161.85759588619888	245.0
161.86759635551527	248.0
161.8775968248317	248.0
161.88759729414812	248.0
161.89759776346455	250.0
161.90759823278094	250.0
161.91759870209737	250.0
161.9275991714138	253.0
161.9375996407302	250.0
161.9476001100466	250.0
161.95760057936303	250.0
161.96760104867946	253.0
161.97760151799585	256.0
161.98760198731227	268.0
161.9976024566287	291.0
162.00760292594512	323.0
162.01760339526152	342.0
162.02760386457794	354.0
162.03760433389436	354.0
162.0476048032108	342.0
162.05760527252718	281.0
162.0676057418436	268.0
162.07760621116003	256.0
162.08760668047645	256.0
162.09760714979285	259.0
162.10760761910927	265.0
162.1176080884257	268.0
162.12760855774212	275.0
162.13760902705852	278.0
162.14760949637494	278.0
162.15760996569136	275.0
162.1676104350078	272.0
162.17761090432418	265.0
162.1876113736406	262.0
162.19761184295703	265.0
162.20761231227345	275.0
162.21761278158985	288.0
162.22761325090627	294.0
162.2376137202227	298.0
162.2476141895391	291.0
162.25761465885552	281.0
162.26761512817194	265.0
162.27761559748836	256.0
162.28761606680476	236.0
162.29761653612118	220.0
162.3076170054376	220.0
162.31761747475403	228.0
162.32761794407043	239.0
162.33761841338685	245.0
162.34761888270327	245.0
162.3576193520197	245.0
162.3676198213361	239.0
162.37762029065252	231.0
162.38762075996894	203.0
162.39762122928536	196.0
162.40762169860176	187.0
162.41762216791818	187.0
162.4276226372346	192.0
162.43762310655103	199.0
162.44762357586742	206.0
162.45762404518385	210.0
162.46762451450027	210.0
162.4776249838167	208.0
162.4876254531331	203.0
162.49762592244952	192.0
162.50762639176594	185.0
162.51762686108233	181.0
162.52762733039876	181.0
162.53762779971518	183.0
162.5476282690316	190.0
162.557628738348	192.0
162.56762920766442	196.0
162.57762967698085	199.0
162.58763014629727	201.0
162.59763061561367	201.0
162.6076310849301	201.0
162.61763155424651	201.0
162.62763202356294	199.0
162.63763249287933	194.0
162.64763296219576	190.0
162.65763343151218	181.0
162.6676339008286	173.0
162.677634370145	165.0
162.68763483946142	159.0
162.69763530877785	158.0
162.70763577809427	159.0
162.71763624741067	0.0
162.7276367167271	0.0
162.73763718604351	0.0
162.74763765535994	0.0
162.75763812467633	0.0
162.76763859399276	0.0
162.77763906330918	0.0
162.78763953262558	256.0
162.797640001942	256.0
162.80764047125842	253.0
162.81764094057485	256.0
162.82764140989124	256.0
162.83764187920767	259.0
162.8476423485241	259.0
162.8576428178405	259.0
162.8676432871569	259.0
162.87764375647333	259.0
162.88764422578976	259.0
162.89764469510618	256.0
162.90764516442258	253.0
162.917645633739	250.0
162.92764610305542	248.0
162.93764657237185	248.0
162.94764704168824	248.0
162.95764751100467	256.0
162.9676479803211	272.0
162.9776484496375	284.0
162.9876489189539	342.0
162.99764938827033	358.0
163.00764985758676	367.0
163.01765032690318	363.0
163.02765079621958	346.0
163.037651265536	323.0
163.04765173485242	256.0
163.05765220416882	239.0
163.06765267348524	239.0
163.07765314280167	245.0
163.0876536121181	256.0
163.09765408143448	275.0
163.1076545507509	291.0
163.11765502006733	308.0
163.12765548938376	316.0
163.13765595870015	323.0
163.14765642801657	323.0
163.157656897333	319.0
163.16765736664942	312.0
163.17765783596582	301.0
163.18765830528224	301.0
163.19765877459866	301.0
163.2076592439151	312.0
163.21765971323148	319.0
163.2276601825479	331.0
163.23766065186433	334.0
163.24766112118076	342.0
163.25766159049715	346.0
163.26766205981357	350.0
163.27766252913	350.0
163.28766299844642	346.0
163.29766346776282	346.0
163.30766393707924	338.0
163.31766440639566	338.0
163.32766487571206	338.0
163.33766534502848	338.0
163.3476658143449	338.0
163.35766628366133	338.0
163.36766675297773	334.0
163.37766722229415	334.0
163.38766769161057	327.0
163.397668160927	316.0
163.4076686302434	316.0
163.41766909955982	0.0
163.42766956887624	0.0
163.43767003819266	0.0
163.44767050750906	0.0
163.45767097682548	384.0
163.4676714461419	380.0
163.47767191545833	375.0
163.48767238477473	371.0
163.49767285409115	367.0
163.50767332340757	358.0
163.517673792724	350.0
163.5276742620404	346.0
163.53767473135682	338.0
163.54767520067324	334.0
163.55767566998966	334.0
163.56767613930606	338.0
163.57767660862248	346.0
163.5876770779389	358.0
163.5976775472553	371.0
163.60767801657173	375.0
163.61767848588815	375.0
163.62767895520457	371.0
163.63767942452097	363.0
163.6476798938374	354.0
163.65768036315382	346.0
163.66768083247024	0.0
163.67768130178663	0.0
163.68768177110306	0.0
163.69768224041948	0.0
163.7076827097359	0.0
163.7176831790523	0.0
163.72768364836872	0.0
163.73768411768515	0.0
163.74768458700157	0.0
163.75768505631797	0.0
163.7676855256344	0.0
163.77768599495082	0.0
163.78768646426724	0.0
163.79768693358363	0.0
163.80768740290006	0.0
163.81768787221648	0.0
163.8276883415329	0.0
163.8376888108493	0.0
163.84768928016572	0.0
163.85768974948215	0.0
163.86769021879854	0.0
163.87769068811497	0.0
163.8876911574314	0.0
163.89769162674781	0.0
163.9076920960642	0.0
163.91769256538063	0.0
163.92769303469706	0.0
163.93769350401348	0.0
163.94769397332988	0.0
163.9576944426463	0.0
163.96769491196272	0.0
163.97769538127915	0.0
163.98769585059554	0.0
163.99769631991197	0.0
164.0076967892284	0.0
164.0176972585448	0.0
164.0276977278612	0.0
164.03769819717763	0.0
164.04769866649406	0.0
164.05769913581048	0.0
164.06769960512688	0.0
164.0777000744433	0.0
164.08770054375972	0.0
164.09770101307615	0.0
164.10770148239254	0.0
164.11770195170897	0.0
164.1277024210254	0.0
164.13770289034179	0.0
164.1477033596582	0.0
164.15770382897463	0.0
164.16770429829106	0.0
164.17770476760745	0.0
164.18770523692388	0.0
164.1977057062403	0.0
164.20770617555672	0.0
164.21770664487312	0.0
164.22770711418954	0.0
164.23770758350597	0.0
164.2477080528224	0.0
164.25770852213878	0.0
164.2677089914552	0.0
164.27770946077163	0.0
164.28770993008806	0.0
164.29771039940445	0.0
164.30771086872087	0.0
164.3177113380373	0.0
164.32771180735372	0.0
164.33771227667012	0.0
164.34771274598654	0.0
164.35771321530297	0.0
164.3677136846194	0.0
164.37771415393578	0.0
164.3877146232522	0.0
164.39771509256863	0.0
164.40771556188503	0.0
164.41771603120145	0.0
164.42771650051787	0.0
164.4377169698343	0.0
164.4477174391507	0.0
164.45771790846712	0.0
164.46771837778354	0.0
164.47771884709996	0.0
164.48771931641636	0.0
164.49771978573278	0.0
164.5077202550492	0.0
164.51772072436563	0.0
164.52772119368203	0.0
164.53772166299845	0.0
164.54772213231487	0.0
164.5577226016313	0.0
164.5677230709477	0.0
164.57772354026412	0.0
164.58772400958054	0.0
164.59772447889696	0.0
164.60772494821336	0.0
164.61772541752978	0.0
164.6277258868462	0.0
164.63772635616263	0.0
164.64772682547903	0.0
164.65772729479545	0.0
164.66772776411187	0.0
164.67772823342827	0.0
164.6877287027447	0.0
164.69772917206112	0.0
164.70772964137754	0.0
164.71773011069394	0.0
164.72773058001036	0.0
164.73773104932678	0.0
164.7477315186432	0.0
164.7577319879596	0.0
164.76773245727603	0.0
164.77773292659245	0.0
164.78773339590887	0.0
164.79773386522527	0.0
164.8077343345417	0.0
164.81773480385812	0.0
164.82773527317454	0.0
164.83773574249093	0.0
164.84773621180736	0.0
164.85773668112378	0.0
164.8677371504402	0.0
164.8777376197566	0.0
164.88773808907303	0.0
164.89773855838945	0.0
164.90773902770587	0.0
164.91773949702227	0.0
164.9277399663387	0.0
164.93774043565512	0.0
164.9477409049715	0.0
164.95774137428793	0.0
164.96774184360436	0.0
164.97774231292078	0.0
164.98774278223718	0.0
164.9977432515536	0.0
165.00774372087002	291.0
165.01774419018645	288.0
165.02774465950284	284.0
165.03774512881927	350.0
165.0477455981357	358.0
165.05774606745211	363.0
165.0677465367685	367.0
165.07774700608493	367.0
165.08774747540136	371.0
165.09774794471778	375.0
165.10774841403418	375.0
165.1177488833506	375.0
165.12774935266702	350.0
165.13774982198345	334.0
165.14775029129984	312.0
165.15775076061627	305.0
165.1677512299327	298.0
165.17775169924911	298.0
165.1877521685655	298.0
165.19775263788193	298.0
165.20775310719836	298.0
165.21775357651475	298.0
165.22775404583118	298.0
165.2377545151476	294.0
165.24775498446402	291.0
165.25775545378042	284.0
165.26775592309684	278.0
165.27775639241327	265.0
165.2877568617297	250.0
165.29775733104609	236.0
165.3077578003625	226.0
165.31775826967893	226.0
165.32775873899536	228.0
165.33775920831175	234.0
165.34775967762818	245.0
165.3577601469446	253.0
165.36776061626102	268.0
165.37776108557742	288.0
165.38776155489384	301.0
165.39776202421027	305.0
165.4077624935267	298.0
165.41776296284309	281.0
165.4277634321595	262.0
165.43776390147593	245.0
165.44776437079236	239.0
165.45776484010875	239.0
165.46776530942518	245.0
165.4777657787416	256.0
165.487766248058	268.0
165.49776671737442	284.0
165.50776718669084	308.0
165.51776765600727	316.0
165.52776812532366	316.0
165.53776859464008	316.0
165.5477690639565	298.0
165.55776953327293	275.0
165.56777000258933	259.0
165.57777047190575	245.0
165.58777094122217	239.0
165.5977714105386	242.0
165.607771879855	245.0
165.61777234917142	248.0
165.62777281848784	253.0
165.63777328780427	256.0
165.64777375712066	259.0
165.65777422643708	259.0
165.6677746957535	256.0
165.67777516506993	250.0
165.68777563438633	245.0
165.69777610370275	242.0
165.70777657301917	245.0
165.7177770423356	248.0
165.727777511652	265.0
165.73777798096842	284.0
165.74777845028484	301.0
165.75777891960124	327.0
165.76777938891766	338.0
165.77777985823408	338.0
165.7877803275505	331.0
165.7977807968669	305.0
165.80778126618333	281.0
165.81778173549975	250.0
165.82778220481617	245.0
165.83778267413257	245.0
165.847783143449	248.0
165.85778361276542	256.0
165.86778408208184	268.0
165.87778455139824	278.0
165.88778502071466	284.0
165.89778549003108	284.0
165.9077859593475	278.0
165.9177864286639	265.0
165.92778689798033	256.0
165.93778736729675	253.0
165.94778783661317	253.0
165.95778830592957	262.0
165.967788775246	275.0
165.97778924456242	291.0
165.98778971387884	291.0
165.99779018319524	291.0
166.00779065251166	281.0
166.01779112182808	265.0
166.02779159114448	248.0
166.0377920604609	234.0
166.04779252977733	223.0
166.05779299909375	223.0
166.06779346841014	228.0
166.07779393772657	234.0
166.087794407043	239.0
166.09779487635942	242.0
166.1077953456758	242.0
166.11779581499223	236.0
166.12779628430866	223.0
166.13779675362508	194.0
166.14779722294148	185.0
166.1577976922579	175.0
166.16779816157432	175.0
166.17779863089075	179.0
166.18779910020714	183.0
166.19779956952357	190.0
166.20780003884	192.0
166.21780050815642	194.0
166.2278009774728	190.0
166.23780144678923	183.0
166.24780191610566	177.0
166.25780238542208	171.0
166.26780285473848	171.0
166.2778033240549	175.0
166.28780379337132	185.0
166.29780426268772	194.0
166.30780473200414	201.0
166.31780520132057	203.0
166.327805670637	203.0
166.3378061399534	201.0
166.3478066092698	196.0
166.35780707858623	194.0
166.36780754790266	185.0
166.37780801721905	183.0
166.38780848653548	185.0
166.3978089558519	185.0
166.40780942516832	192.0
166.41780989448472	199.0
166.42781036380114	206.0
166.43781083311757	215.0
166.447811302434	228.0
166.45781177175039	239.0
166.4678122410668	248.0
166.47781271038323	253.0
166.48781317969966	259.0
166.49781364901605	259.0
166.50781411833248	256.0
166.5178145876489	253.0
166.52781505696532	253.0
166.53781552628172	250.0
166.54781599559814	253.0
166.55781646491457	259.0
166.56781693423096	272.0
166.57781740354739	284.0
166.5878178728638	301.0
166.59781834218023	331.0
166.60781881149663	342.0
166.61781928081305	342.0
166.62781975012948	331.0
166.6378202194459	312.0
166.6478206887623	281.0
166.65782115807872	242.0
166.66782162739514	220.0
166.67782209671157	223.0
166.68782256602796	234.0
166.69782303534438	245.0
166.7078235046608	262.0
166.71782397397723	278.0
166.72782444329363	291.0
166.73782491261005	301.0
166.74782538192648	305.0
166.7578258512429	308.0
166.7678263205593	308.0
166.77782678987572	308.0
166.78782725919214	305.0
166.79782772850857	301.0
166.80782819782496	301.0
166.81782866714138	301.0
166.8278291364578	301.0
166.8378296057742	301.0
166.84783007509063	301.0
166.85783054440705	301.0
166.86783101372347	298.0
166.87783148303987	298.0
166.8878319523563	294.0
166.89783242167272	294.0
166.90783289098914	294.0
166.91783336030554	294.0
166.92783382962196	294.0
166.93783429893838	294.0
166.9478347682548	294.0
166.9578352375712	294.0
166.96783570688763	291.0
166.97783617620405	291.0
166.98783664552047	284.0
166.99783711483687	281.0
167.0078375841533	268.0
167.01783805346972	265.0
167.02783852278614	268.0
167.03783899210254	275.0
167.04783946141896	284.0
167.05783993073538	291.0
167.0678404000518	301.0
167.0778408693682	312.0
167.08784133868463	331.0
167.09784180800105	342.0
167.10784227731745	350.0
167.11784274663387	350.0
167.1278432159503	346.0
167.13784368526672	342.0
167.1478441545831	338.0
167.15784462389954	334.0
167.16784509321596	334.0
167.17784556253238	334.0
167.18784603184878	331.0
167.1978465011652	331.0
167.20784697048163	327.0
167.21784743979805	327.0
167.22784790911444	331.0
167.23784837843087	334.0
167.2478488477473	338.0
167.25784931706372	342.0
167.2678497863801	350.0
167.27785025569653	354.0
167.28785072501296	358.0
167.29785119432938	363.0
167.30785166364578	363.0
167.3178521329622	358.0
167.32785260227863	354.0
167.33785307159505	346.0
167.34785354091144	334.0
167.35785401022787	331.0
167.3678544795443	331.0
167.3778549488607	338.0
167.3878554181771	346.0
167.39785588749353	358.0
167.40785635680996	371.0
167.41785682612635	0.0
167.42785729544278	0.0
167.4378577647592	0.0
167.44785823407562	0.0
167.45785870339202	0.0
167.46785917270844	0.0
167.47785964202487	0.0
167.4878601113413	0.0
167.4978605806577	0.0
167.5078610499741	0.0
167.51786151929053	0.0
167.52786198860696	0.0
167.53786245792335	0.0
167.54786292723978	0.0
167.5578633965562	0.0
167.56786386587262	0.0
167.57786433518902	0.0
167.58786480450544	0.0
167.59786527382187	0.0
167.6078657431383	0.0
167.6178662124547	0.0
167.6278666817711	0.0
167.63786715108753	0.0
167.64786762040393	0.0
167.65786808972035	0.0
167.66786855903678	0.0
167.6778690283532	0.0
167.6878694976696	0.0
167.69786996698602	0.0
167.70787043630244	0.0
167.71787090561887	0.0
167.72787137493526	0.0
167.73787184425169	0.0
167.7478723135681	0.0
167.75787278288453	0.0
167.76787325220093	0.0
167.77787372151735	0.0
167.78787419083378	0.0
167.7978746601502	0.0
167.8078751294666	0.0
167.81787559878302	0.0
167.82787606809944	0.0
167.83787653741587	0.0
167.84787700673226	0.0
167.85787747604869	0.0
167.8678779453651	0.0
167.87787841468153	0.0
167.88787888399793	0.0
167.89787935331435	0.0
167.90787982263078	0.0
167.91788029194717	0.0
167.9278807612636	0.0
167.93788123058002	0.0
167.94788169989644	0.0
167.95788216921284	0.0
167.96788263852926	0.0
167.97788310784568	0.0
167.9878835771621	0.0
167.9978840464785	0.0
168.00788451579493	0.0
168.01788498511135	0.0
168.02788545442777	0.0
168.03788592374417	0.0
168.0478863930606	0.0
168.05788686237702	0.0
168.06788733169344	0.0
168.07788780100984	0.0
168.08788827032626	0.0
168.09788873964268	0.0
168.1078892089591	0.0
168.1178896782755	0.0
168.12789014759193	0.0
168.13789061690835	0.0
168.14789108622477	0.0
168.15789155554117	0.0
168.1678920248576	275.0
168.17789249417402	284.0
168.18789296349044	298.0
168.19789343280684	316.0
168.20789390212326	331.0
168.21789437143968	350.0
168.22789484075608	363.0
168.2378953100725	371.0
168.24789577938893	367.0
168.25789624870535	358.0
168.26789671802175	342.0
168.27789718733817	323.0
168.2878976566546	301.0
168.29789812597102	288.0
168.3078985952874	281.0
168.31789906460384	281.0
168.32789953392026	284.0
168.33790000323668	288.0
168.34790047255308	291.0
168.3579009418695	294.0
168.36790141118593	298.0
168.37790188050235	294.0
168.38790234981875	288.0
168.39790281913517	278.0
168.4079032884516	272.0
168.41790375776802	262.0
168.4279042270844	245.0
168.43790469640084	228.0
168.44790516571726	220.0
168.45790563503368	220.0
168.46790610435008	228.0
168.4779065736665	239.0
168.48790704298293	250.0
168.49790751229932	262.0
168.50790798161574	278.0
168.51790845093217	281.0
168.5279089202486	278.0
168.537909389565	265.0
168.5479098588814	248.0
168.55791032819783	234.0
168.56791079751426	231.0
168.57791126683065	234.0
168.58791173614708	239.0
168.5979122054635	250.0
168.60791267477993	259.0
168.61791314409632	275.0
168.62791361341274	288.0
168.63791408272917	291.0
168.6479145520456	291.0
168.657915021362	284.0
168.6679154906784	275.0
168.67791595999483	259.0
168.68791642931126	248.0
168.69791689862765	234.0
168.70791736794408	234.0
168.7179178372605	236.0
168.72791830657692	242.0
168.73791877589332	245.0
168.74791924520974	250.0
168.75791971452617	250.0
168.76792018384256	250.0
168.777920653159	250.0
168.7879211224754	245.0
168.79792159179183	242.0
168.80792206110823	242.0
168.81792253042465	248.0
168.82792299974108	259.0
168.8379234690575	284.0
168.8479239383739	305.0
168.85792440769032	334.0
168.86792487700674	363.0
168.87792534632317	380.0
168.88792581563956	380.0
168.897926284956	367.0
168.9079267542724	346.0
168.91792722358883	275.0
168.92792769290523	262.0
168.93792816222165	259.0
168.94792863153808	259.0
168.9579291008545	259.0
168.9679295701709	262.0
168.97793003948732	272.0
168.98793050880374	284.0
168.99793097812017	288.0
169.00793144743656	291.0
169.01793191675299	294.0
169.0279323860694	294.0
169.0379328553858	294.0
169.04793332470223	298.0
169.05793379401865	308.0
169.06793426333508	323.0
169.07793473265147	334.0
169.0879352019679	342.0
169.09793567128432	342.0
169.10793614060074	334.0
169.11793660991714	308.0
169.12793707923356	288.0
169.13793754854998	272.0
169.1479380178664	256.0
169.1579384871828	253.0
169.16793895649923	253.0
169.17793942581565	259.0
169.18793989513208	265.0
169.19794036444847	268.0
169.2079408337649	272.0
169.21794130308132	272.0
169.22794177239774	268.0
169.23794224171414	265.0
169.24794271103056	265.0
169.25794318034698	262.0
169.2679436496634	262.0
169.2779441189798	262.0
169.28794458829623	265.0
169.29794505761265	272.0
169.30794552692905	278.0
169.31794599624547	288.0
169.3279464655619	301.0
169.33794693487832	312.0
169.3479474041947	327.0
169.35794787351114	342.0
169.36794834282756	342.0
169.37794881214398	334.0
169.38794928146038	291.0
169.3979497507768	259.0
169.40795022009323	248.0
169.41795068940965	242.0
169.42795115872605	242.0
169.43795162804247	245.0
169.4479520973589	250.0
169.45795256667532	256.0
169.4679530359917	259.0
169.47795350530814	259.0
169.48795397462456	253.0
169.49795444394098	242.0
169.50795491325738	234.0
169.5179553825738	218.0
169.52795585189023	220.0
169.53795632120665	226.0
169.54795679052305	234.0
169.55795725983947	236.0
169.5679577291559	239.0
169.5779581984723	236.0
169.5879586677887	228.0
169.59795913710514	223.0
169.60795960642156	206.0
169.61796007573795	194.0
169.62796054505438	190.0
169.6379610143708	187.0
169.64796148368723	190.0
169.65796195300362	192.0
169.66796242232004	194.0
169.67796289163647	196.0
169.6879633609529	196.0
169.6979638302693	199.0
169.7079642995857	196.0
169.71796476890214	196.0
169.72796523821856	192.0
169.73796570753495	187.0
169.74796617685138	181.0
169.7579666461678	177.0
169.76796711548423	175.0
169.77796758480062	177.0
169.78796805411704	181.0
169.79796852343347	185.0
169.8079689927499	190.0
169.8179694620663	194.0
169.8279699313827	196.0
169.83797040069913	196.0
169.84797087001553	199.0
169.85797133933195	196.0
169.86797180864838	196.0
169.8779722779648	192.0
169.8879727472812	190.0
169.89797321659762	183.0
169.90797368591404	181.0
169.91797415523047	183.0
169.92797462454686	187.0
169.9379750938633	194.0
169.9479755631797	199.0
169.95797603249613	201.0
169.96797650181253	201.0
169.97797697112895	196.0
169.98797744044538	187.0
169.9979779097618	177.0
170.0079783790782	171.0
170.01797884839462	173.0
170.02797931771104	177.0
170.03797978702747	185.0
170.04798025634386	192.0
170.0579807256603	199.0
170.0679811949767	203.0
170.07798166429313	203.0
170.08798213360953	199.0
170.09798260292595	194.0
170.10798307224238	185.0
170.11798354155877	183.0
170.1279840108752	187.0
170.13798448019162	192.0
170.14798494950804	199.0
170.15798541882444	203.0
170.16798588814086	208.0
170.17798635745729	208.0
170.1879868267737	206.0
170.1979872960901	196.0
170.20798776540653	187.0
170.21798823472295	175.0
170.22798870403938	163.0
170.23798917335577	158.0
170.2479896426722	154.0
170.25799011198862	158.0
170.26799058130504	161.0
170.27799105062144	165.0
170.28799151993786	171.0
170.29799198925429	175.0
170.3079924585707	177.0
170.3179929278871	177.0
170.32799339720353	173.0
170.33799386651995	169.0
170.34799433583638	165.0
170.35799480515277	161.0
170.3679952744692	161.0
170.37799574378562	165.0
170.387996213102	173.0
170.39799668241844	183.0
170.40799715173486	192.0
170.41799762105128	194.0
170.42799809036768	194.0
170.4379985596841	190.0
170.44799902900053	181.0
170.45799949831695	173.0
170.46799996763335	167.0
170.47800043694977	171.0
170.4880009062662	185.0
170.49800137558262	201.0
170.508001844899	213.0
170.51800231421544	218.0
170.52800278353186	220.0
170.53800325284828	218.0
170.54800372216468	203.0
170.5580041914811	190.0
170.56800466079753	171.0
170.57800513011395	159.0
170.58800559943035	159.0
170.59800606874677	165.0
170.6080065380632	173.0
170.61800700737962	177.0
170.628007476696	179.0
170.63800794601244	181.0
170.64800841532886	179.0
170.65800888464526	175.0
170.66800935396168	167.0
170.6780098232781	154.0
170.68801029259453	144.0
170.69801076191092	140.0
170.70801123122735	140.0
170.71801170054377	144.0
170.7280121698602	147.0
170.7380126391766	149.0
170.748013108493	150.0
170.75801357780944	149.0
170.76801404712586	147.0
170.77801451644225	144.0
170.78801498575868	144.0
170.7980154550751	147.0
170.80801592439153	156.0
170.81801639370792	183.0
170.82801686302435	192.0
170.83801733234077	201.0
170.8480178016572	208.0
170.8580182709736	208.0
170.86801874029	203.0
170.87801920960644	187.0
170.88801967892286	177.0
170.89802014823925	165.0
170.90802061755568	167.0
170.9180210868721	171.0
170.9280215561885	181.0
170.93802202550492	187.0
170.94802249482134	190.0
170.95802296413777	192.0
170.96802343345416	192.0
170.9780239027706	187.0
170.988024372087	181.0
170.99802484140343	171.0
171.00802531071983	169.0
171.01802578003625	169.0
171.02802624935268	177.0
171.0380267186691	183.0
171.0480271879855	194.0
171.05802765730192	201.0
171.06802812661834	206.0
171.07802859593477	206.0
171.08802906525116	201.0
171.0980295345676	194.0
171.108030003884	187.0
171.11803047320043	187.0
171.12803094251683	194.0
171.13803141183325	206.0
171.14803188114968	218.0
171.1580323504661	228.0
171.1680328197825	234.0
171.17803328909892	236.0
171.18803375841534	231.0
171.19803422773174	223.0
171.20803469704816	210.0
171.2180351663646	173.0
171.228035635681	171.0
171.2380361049974	171.0
171.24803657431383	173.0
171.25803704363025	183.0
171.26803751294668	190.0
171.27803798226307	196.0
171.2880384515795	199.0
171.29803892089592	199.0
171.30803939021234	196.0
171.31803985952874	190.0
171.32804032884516	183.0
171.3380407981616	181.0
171.348041267478	181.0
171.3580417367944	192.0
171.36804220611083	220.0
171.37804267542725	234.0
171.38804314474368	239.0
171.39804361406007	248.0
171.4080440833765	250.0
171.41804455269292	250.0
171.42804502200934	248.0
171.43804549132574	242.0
171.44804596064216	231.0
171.45804642995859	231.0
171.46804689927498	236.0
171.4780473685914	253.0
171.48804783790783	272.0
171.49804830722425	305.0
171.50804877654065	327.0
171.51804924585707	346.0
171.5280497151735	0.0
171.53805018448992	316.0
171.5480506538063	298.0
171.55805112312274	262.0
171.56805159243916	259.0
171.57805206175559	262.0
171.58805253107198	265.0
171.5980530003884	272.0
171.60805346970483	284.0
171.61805393902125	301.0
171.62805440833765	312.0
171.63805487765407	312.0
171.6480553469705	308.0
171.65805581628692	305.0
171.6680562856033	298.0
171.67805675491974	294.0
171.68805722423616	291.0
171.69805769355258	288.0
171.70805816286898	288.0
171.7180586321854	0.0
171.72805910150183	298.0
171.73805957081822	305.0
171.74806004013465	316.0
171.75806050945107	0.0
171.7680609787675	0.0
171.7780614480839	0.0
171.7880619174003	354.0
171.79806238671674	363.0
171.80806285603316	363.0
171.81806332534956	363.0
171.82806379466598	363.0
171.8380642639824	358.0
171.84806473329883	350.0
171.85806520261522	342.0
171.86806567193165	338.0
171.87806614124807	334.0
171.8880666105645	334.0
171.8980670798809	334.0
171.9080675491973	334.0
171.91806801851374	346.0
171.92806848783016	350.0
171.93806895714656	363.0
171.94806942646298	367.0
171.9580698957794	371.0
171.96807036509583	371.0
171.97807083441222	371.0
171.98807130372865	367.0
171.99807177304507	358.0
172.00807224236146	354.0
172.0180727116779	346.0
172.0280731809943	338.0
172.03807365031074	334.0
172.04807411962713	331.0
172.05807458894355	334.0
172.06807505825998	338.0
172.0780755275764	350.0
172.0880759968928	0.0
172.09807646620922	0.0
172.10807693552565	0.0
172.11807740484207	0.0
172.12807787415846	0.0
172.1380783434749	0.0
172.1480788127913	0.0
172.15807928210774	0.0
172.16807975142413	0.0
172.17808022074055	0.0
172.18808069005698	0.0
172.1980811593734	0.0
172.2080816286898	0.0
172.21808209800622	0.0
172.22808256732264	0.0
172.23808303663907	0.0
172.24808350595546	0.0
172.2580839752719	0.0
172.2680844445883	0.0
172.2780849139047	0.0
172.28808538322113	0.0
172.29808585253755	0.0
172.30808632185398	0.0
172.31808679117037	0.0
172.3280872604868	0.0
172.33808772980322	0.0
172.34808819911964	0.0
172.35808866843604	0.0
172.36808913775246	0.0
172.3780896070689	0.0
172.3880900763853	0.0
172.3980905457017	0.0
172.40809101501813	0.0
172.41809148433455	0.0
172.42809195365098	0.0
172.43809242296737	0.0
172.4480928922838	0.0
172.45809336160022	0.0
172.46809383091664	0.0
172.47809430023304	0.0
172.48809476954946	0.0
172.4980952388659	0.0
172.5080957081823	0.0
172.5180961774987	0.0
172.52809664681513	0.0
172.53809711613155	0.0
172.54809758544795	0.0
172.55809805476437	0.0
172.5680985240808	0.0
172.57809899339722	0.0
172.58809946271361	0.0
172.59809993203004	0.0
172.60810040134646	0.0
172.6181008706629	0.0
172.62810133997928	0.0
172.6381018092957	0.0
172.64810227861213	0.0
172.65810274792855	0.0
172.66810321724495	0.0
172.67810368656137	0.0
172.6881041558778	0.0
172.69810462519422	0.0
172.7081050945106	0.0
172.71810556382704	0.0
172.72810603314346	0.0
172.73810650245989	0.0
172.74810697177628	0.0
172.7581074410927	0.0
172.76810791040913	0.0
172.77810837972555	0.0
172.78810884904195	0.0
172.79810931835837	0.0
172.8081097876748	0.0
172.8181102569912	0.0
172.8281107263076	0.0
172.83811119562404	0.0
172.84811166494046	0.0
172.85811213425686	0.0
172.86811260357328	0.0
172.8781130728897	0.0
172.88811354220613	0.0
172.89811401152252	0.0
172.90811448083895	0.0
172.91811495015537	0.0
172.9281154194718	0.0
172.9381158887882	0.0
172.9481163581046	0.0
172.95811682742104	0.0
172.96811729673746	0.0
172.97811776605386	0.0
172.98811823537028	0.0
172.9981187046867	0.0
173.00811917400313	0.0
173.01811964331952	0.0
173.02812011263595	0.0
173.03812058195237	0.0
173.0481210512688	0.0
173.0581215205852	0.0
173.0681219899016	0.0
173.07812245921804	0.0
173.08812292853443	0.0
173.09812339785086	0.0
173.10812386716728	0.0
173.1181243364837	0.0
173.1281248058001	0.0
173.13812527511652	0.0
173.14812574443295	0.0
173.15812621374937	0.0
173.16812668306576	239.0
173.1781271523822	236.0
173.1881276216986	234.0
173.19812809101504	226.0
173.20812856033143	223.0
173.21812902964786	220.0
173.22812949896428	220.0
173.2381299682807	226.0
173.2481304375971	236.0
173.25813090691352	250.0
173.26813137622995	259.0
173.27813184554637	281.0
173.28813231486276	288.0
173.2981327841792	294.0
173.3081332534956	298.0
173.31813372281204	288.0
173.32813419212843	284.0
173.33813466144485	278.0
173.34813513076128	265.0
173.35813560007767	234.0
173.3681360693941	223.0
173.37813653871052	215.0
173.38813700802694	213.0
173.39813747734334	220.0
173.40813794665976	234.0
173.4181384159762	250.0
173.4281388852926	262.0
173.438139354609	272.0
173.44813982392543	281.0
173.45814029324185	288.0
173.46814076255828	294.0
173.47814123187467	298.0
173.4881417011911	298.0
173.49814217050752	294.0
173.50814263982394	294.0
173.51814310914034	298.0
173.52814357845676	298.0
173.5381440477732	298.0
173.5481445170896	298.0
173.558144986406	298.0
173.56814545572243	294.0
173.57814592503885	294.0
173.58814639435528	294.0
173.59814686367167	294.0
173.6081473329881	294.0
173.61814780230452	294.0
173.62814827162092	294.0
173.63814874093734	294.0
173.64814921025376	294.0
173.6581496795702	294.0
173.66815014888658	294.0
173.678150618203	294.0
173.68815108751943	294.0
173.69815155683585	298.0
173.70815202615225	301.0
173.71815249546867	308.0
173.7281529647851	312.0
173.73815343410152	319.0
173.74815390341791	331.0
173.75815437273434	342.0
173.76815484205076	354.0
173.7781553113672	367.0
173.78815578068358	384.0
173.79815625	393.0
173.80815671931643	393.0
173.81815718863285	389.0
173.82815765794925	380.0
173.83815812726567	371.0
173.8481585965821	363.0
173.85815906589852	358.0
173.86815953521491	350.0
173.87816000453134	346.0
173.88816047384776	342.0
173.89816094316416	338.0
173.90816141248058	334.0
173.918161881797	331.0
173.92816235111343	331.0
173.93816282042982	331.0
173.94816328974625	331.0
173.95816375906267	334.0
173.9681642283791	342.0
173.9781646976955	346.0
173.9881651670119	358.0
173.99816563632834	367.0
174.00816610564476	375.0
174.01816657496116	384.0
174.02816704427758	389.0
174.038167513594	389.0
174.04816798291043	389.0
174.05816845222682	384.0
174.06816892154325	384.0
174.07816939085967	384.0
174.0881698601761	384.0
174.0981703294925	384.0
174.1081707988089	389.0
174.11817126812534	389.0
174.12817173744176	389.0
174.13817220675816	384.0
174.14817267607458	0.0
174.158173145391	0.0
174.1681736147074	371.0
174.17817408402382	367.0
174.18817455334025	363.0
174.19817502265667	358.0
174.20817549197307	358.0
174.2181759612895	363.0
174.2281764306059	367.0
174.23817689992234	371.0
174.24817736923873	380.0
174.25817783855516	393.0
174.26817830787158	398.0
174.278178777188	398.0
174.2881792465044	398.0
174.29817971582082	398.0
174.30818018513725	398.0
174.31818065445367	398.0
174.32818112377007	398.0
174.3381815930865	398.0
174.3481820624029	402.0
174.35818253171934	402.0
174.36818300103573	402.0
174.37818347035216	402.0
174.38818393966858	398.0
174.398184408985	398.0
174.4081848783014	398.0
174.41818534761782	398.0
174.42818581693425	398.0
174.43818628625064	398.0
174.44818675556706	398.0
174.4581872248835	398.0
174.4681876941999	398.0
174.4781881635163	398.0
174.48818863283273	398.0
174.49818910214915	398.0
174.50818957146558	389.0
174.51819004078197	389.0
174.5281905100984	389.0
174.53819097941482	389.0
174.54819144873125	393.0
174.55819191804764	398.0
174.56819238736406	398.0
174.5781928566805	398.0
174.5881933259969	398.0
174.5981937953133	398.0
174.60819426462973	398.0
174.61819473394615	398.0
174.62819520326258	398.0
174.63819567257897	398.0
174.6481961418954	398.0
174.65819661121182	402.0
174.66819708052824	402.0
174.67819754984464	402.0
174.68819801916106	402.0
174.6981984884775	402.0
174.70819895779388	398.0
174.7181994271103	398.0
174.72819989642673	398.0
174.73820036574315	398.0
174.74820083505955	398.0
174.75820130437597	398.0
174.7682017736924	398.0
174.77820224300882	398.0
174.78820271232522	398.0
174.79820318164164	398.0
174.80820365095806	398.0
174.8182041202745	398.0
174.82820458959088	398.0
174.8382050589073	398.0
174.84820552822373	398.0
174.85820599754015	398.0
174.86820646685655	398.0
174.87820693617297	398.0
174.8882074054894	398.0
174.89820787480582	398.0
174.90820834412222	398.0
174.91820881343864	398.0
174.92820928275506	398.0
174.9382097520715	402.0
174.94821022138788	402.0
174.9582106907043	402.0
174.96821116002073	402.0
174.97821162933712	402.0
174.98821209865355	398.0
174.99821256796997	398.0
175.0082130372864	393.0
175.0182135066028	393.0
175.02821397591921	389.0
175.03821444523564	384.0
175.04821491455206	380.0
175.05821538386846	380.0
175.06821585318488	375.0
175.0782163225013	375.0
175.08821679181773	375.0
175.09821726113412	375.0
175.10821773045055	375.0
175.11821819976697	380.0
175.1282186690834	384.0
175.1382191383998	393.0
175.14821960771621	402.0
175.15822007703264	407.0
175.16822054634906	412.0
175.17822101566546	412.0
175.18822148498188	407.0
175.1982219542983	407.0
175.20822242361473	407.0
175.21822289293112	402.0
175.22822336224755	393.0
175.23822383156397	380.0
175.24822430088037	375.0
175.2582247701968	367.0
175.2682252395132	358.0
175.27822570882964	354.0
175.28822617814603	358.0
175.29822664746246	363.0
175.30822711677888	367.0
175.3182275860953	371.0
175.3282280554117	375.0
175.33822852472812	380.0
175.34822899404455	389.0
175.35822946336097	389.0
175.36822993267737	393.0
175.3782304019938	393.0
175.3882308713102	393.0
175.39823134062664	398.0
175.40823180994303	398.0
175.41823227925946	398.0
175.42823274857588	398.0
175.4382332178923	398.0
175.4482336872087	398.0
175.45823415652512	393.0
175.46823462584155	393.0
175.47823509515797	389.0
175.48823556447437	384.0
175.4982360337908	375.0
175.5082365031072	375.0
175.5182369724236	371.0
175.52823744174003	371.0
175.53823791105646	371.0
175.54823838037288	375.0
175.55823884968927	380.0
175.5682393190057	384.0
175.57823978832212	393.0
175.58824025763855	398.0
175.59824072695494	402.0
175.60824119627136	402.0
175.6182416655878	402.0
175.6282421349042	402.0
175.6382426042206	402.0
175.64824307353703	402.0
175.65824354285346	398.0
175.66824401216988	398.0
175.67824448148627	398.0
175.6882449508027	398.0
175.69824542011912	398.0
175.70824588943555	398.0
175.71824635875194	402.0
175.72824682806836	402.0
175.7382472973848	402.0
175.7482477667012	402.0
175.7582482360176	402.0
175.76824870533403	398.0
175.77824917465045	393.0
175.78824964396685	389.0
175.79825011328327	375.0
175.8082505825997	367.0
175.81825105191612	358.0
175.82825152123252	350.0
175.83825199054894	338.0
175.84825245986536	323.0
175.8582529291818	316.0
175.86825339849818	308.0
175.8782538678146	308.0
175.88825433713103	308.0
175.89825480644745	312.0
175.90825527576385	319.0
175.91825574508027	327.0
175.9282562143967	331.0
175.93825668371312	334.0
175.94825715302952	334.0
175.95825762234594	338.0
175.96825809166236	338.0
175.9782585609788	338.0
175.98825903029518	338.0
175.9982594996116	338.0
176.00825996892803	338.0
176.01826043824445	334.0
176.02826090756085	334.0
176.03826137687727	331.0
176.0482618461937	331.0
176.0582623155101	331.0
176.06826278482652	331.0
176.07826325414294	331.0
176.08826372345936	331.0
176.09826419277576	334.0
176.10826466209218	334.0
176.1182651314086	338.0
176.12826560072503	338.0
176.13826607004142	346.0
176.14826653935785	354.0
176.15826700867427	358.0
176.1682674779907	363.0
176.1782679473071	367.0
176.18826841662352	367.0
176.19826888593994	367.0
176.20826935525636	363.0
176.21826982457276	363.0
176.22827029388918	354.0
176.2382707632056	350.0
176.24827123252203	342.0
176.25827170183842	338.0
176.26827217115485	334.0
176.27827264047127	331.0
176.2882731097877	331.0
176.2982735791041	334.0
176.30827404842051	334.0
176.31827451773694	334.0
176.32827498705333	331.0
176.33827545636976	327.0
176.34827592568618	327.0
176.3582763950026	0.0
176.368276864319	0.0
176.37827733363542	0.0
176.38827780295185	0.0
176.39827827226827	0.0
176.40827874158467	0.0
176.4182792109011	0.0
176.4282796802175	0.0
176.43828014953394	0.0
176.44828061885033	0.0
176.45828108816676	0.0
176.46828155748318	0.0
176.4782820267996	0.0
176.488282496116	0.0
176.49828296543242	0.0
176.50828343474885	0.0
176.51828390406527	0.0
176.52828437338167	0.0
176.5382848426981	0.0
176.5482853120145	0.0
176.55828578133094	0.0
176.56828625064733	0.0
176.57828671996376	0.0
176.58828718928018	0.0
176.59828765859658	0.0
176.608288127913	0.0
176.61828859722942	0.0
176.62828906654585	0.0
176.63828953586224	0.0
176.64829000517867	0.0
176.6582904744951	0.0
176.6682909438115	0.0
176.6782914131279	0.0
176.68829188244433	0.0
176.69829235176076	0.0
176.70829282107718	0.0
176.71829329039358	0.0
176.72829375971	0.0
176.73829422902642	0.0
176.74829469834285	0.0
176.75829516765924	0.0
176.76829563697567	0.0
176.7782961062921	0.0
176.7882965756085	0.0
176.7982970449249	0.0
176.80829751424133	0.0
176.81829798355776	0.0
176.82829845287418	0.0
176.83829892219057	0.0
176.848299391507	0.0
176.85829986082342	0.0
176.86830033013985	0.0
176.87830079945624	0.0
176.88830126877266	0.0
176.8983017380891	0.0
176.90830220740548	0.0
176.9183026767219	0.0
176.92830314603833	0.0
176.93830361535476	0.0
176.94830408467115	0.0
176.95830455398757	0.0
176.968305023304	0.0
176.97830549262042	0.0
176.98830596193682	0.0
176.99830643125324	0.0
177.00830690056966	0.0
177.0183073698861	0.0
177.02830783920248	0.0
177.0383083085189	0.0
177.04830877783533	0.0
177.05830924715175	0.0
177.06830971646815	0.0
177.07831018578457	0.0
177.088310655101	0.0
177.09831112441742	0.0
177.10831159373382	0.0
177.11831206305024	0.0
177.12831253236666	0.0
177.1383130016831	0.0
177.14831347099948	169.0
177.1583139403159	171.0
177.16831440963233	173.0
177.17831487894873	177.0
177.18831534826515	179.0
177.19831581758157	181.0
177.208316286898	183.0
177.2183167562144	183.0
177.22831722553082	185.0
177.23831769484724	190.0
177.24831816416366	194.0
177.25831863348006	203.0
177.26831910279648	218.0
177.2783195721129	231.0
177.28832004142933	242.0
177.29832051074573	253.0
177.30832098006215	265.0
177.31832144937857	281.0
177.328321918695	291.0
177.3383223880114	301.0
177.34832285732782	308.0
177.35832332664424	308.0
177.36832379596066	308.0
177.37832426527706	305.0
177.38832473459348	294.0
177.3983252039099	284.0
177.40832567322633	268.0
177.41832614254272	259.0
177.42832661185915	248.0
177.43832708117557	239.0
177.44832755049197	236.0
177.4583280198084	236.0
177.46832848912481	239.0
177.47832895844124	245.0
177.48832942775763	250.0
177.49832989707406	259.0
177.50833036639048	268.0
177.5183308357069	278.0
177.5283313050233	284.0
177.53833177433972	294.0
177.54833224365615	298.0
177.55833271297257	305.0
177.56833318228897	305.0
177.5783336516054	308.0
177.58833412092181	308.0
177.59833459023824	308.0
177.60833505955463	305.0
177.61833552887106	305.0
177.62833599818748	305.0
177.6383364675039	301.0
177.6483369368203	301.0
177.65833740613672	301.0
177.66833787545315	301.0
177.67833834476957	301.0
177.68833881408597	298.0
177.6983392834024	298.0
177.7083397527188	298.0
177.7183402220352	298.0
177.72834069135163	301.0
177.73834116066806	305.0
177.74834162998448	312.0
177.75834209930088	319.0
177.7683425686173	327.0
177.77834303793372	334.0
177.78834350725015	350.0
177.79834397656654	358.0
177.80834444588297	371.0
177.8183449151994	380.0
177.8283453845158	384.0
177.8383458538322	384.0
177.84834632314863	384.0
177.85834679246506	384.0
177.86834726178148	384.0
177.87834773109788	380.0
177.8883482004143	380.0
177.89834866973072	375.0
177.90834913904715	371.0
177.91834960836354	371.0
177.92835007767997	371.0
177.9383505469964	367.0
177.9483510163128	363.0
177.9583514856292	358.0
177.96835195494563	354.0
177.97835242426206	350.0
177.98835289357845	346.0
177.99835336289487	342.0
178.0083538322113	342.0
178.01835430152772	342.0
178.02835477084412	346.0
178.03835524016054	350.0
178.04835570947697	354.0
178.0583561787934	358.0
178.06835664810978	367.0
178.0783571174262	380.0
178.08835758674263	389.0
178.09835805605906	398.0
178.10835852537545	398.0
178.11835899469187	402.0
178.1283594640083	398.0
178.13835993332472	393.0
178.14836040264112	389.0
178.15836087195754	384.0
178.16836134127396	375.0
178.1783618105904	371.0
178.18836227990678	367.0
178.1983627492232	363.0
178.20836321853963	363.0
178.21836368785605	363.0
178.22836415717245	367.0
178.23836462648887	371.0
178.2483650958053	375.0
178.2583655651217	384.0
178.26836603443812	389.0
178.27836650375454	398.0
178.28836697307096	398.0
178.29836744238736	398.0
178.30836791170378	398.0
178.3183683810202	398.0
178.32836885033663	398.0
178.33836931965303	393.0
178.34836978896945	393.0
178.35837025828587	389.0
178.3683707276023	389.0
178.3783711969187	384.0
178.38837166623512	380.0
178.39837213555154	375.0
178.40837260486796	375.0
178.41837307418436	371.0
178.42837354350078	371.0
178.4383740128172	371.0
178.44837448213363	375.0
178.45837495145003	380.0
178.46837542076645	389.0
178.47837589008287	402.0
178.4883763593993	421.0
178.4983768287157	441.0
178.50837729803212	457.0
178.51837776734854	462.0
178.52837823666493	468.0
178.53837870598136	468.0
178.54837917529778	462.0
178.5583796446142	462.0
178.5683801139306	457.0
178.57838058324703	452.0
178.58838105256345	447.0
178.59838152187987	441.0
178.60838199119627	436.0
178.6183824605127	431.0
178.62838292982912	421.0
178.63838339914554	417.0
178.64838386846193	407.0
178.65838433777836	402.0
178.66838480709478	393.0
178.6783852764112	389.0
178.6883857457276	384.0
178.69838621504402	380.0
178.70838668436045	389.0
178.71838715367687	398.0
178.72838762299327	398.0
178.7383880923097	398.0
178.74838856162611	402.0
178.75838903094254	402.0
178.76838950025893	402.0
178.77838996957536	402.0
178.78839043889178	402.0
178.79839090820818	402.0
178.8083913775246	407.0
178.81839184684102	407.0
178.82839231615745	407.0
178.83839278547384	407.0
178.84839325479027	407.0
178.8583937241067	407.0
178.86839419342311	407.0
178.8783946627395	407.0
178.88839513205593	402.0
178.89839560137236	402.0
178.90839607068878	398.0
178.91839654000518	393.0
178.9283970093216	389.0
178.93839747863802	384.0
178.94839794795445	389.0
178.95839841727084	402.0
178.96839888658727	407.0
178.9783993559037	407.0
178.9883998252201	402.0
178.9984002945365	402.0
179.00840076385293	402.0
179.01840123316936	398.0
179.02840170248578	398.0
179.03840217180218	398.0
179.0484026411186	398.0
179.05840311043502	398.0
179.06840357975142	398.0
179.07840404906784	398.0
179.08840451838427	398.0
179.0984049877007	398.0
179.10840545701708	398.0
179.1184059263335	398.0
179.12840639564993	398.0
179.13840686496636	398.0
179.14840733428275	398.0
179.15840780359918	398.0
179.1684082729156	398.0
179.17840874223202	398.0
179.18840921154842	398.0
179.19840968086484	398.0
179.20841015018127	398.0
179.2184106194977	393.0
179.22841108881408	393.0
179.2384115581305	389.0
179.24841202744693	384.0
179.25841249676336	375.0
179.26841296607975	371.0
179.27841343539617	367.0
179.2884139047126	367.0
179.29841437402902	371.0
179.30841484334542	375.0
179.31841531266184	380.0
179.32841578197826	389.0
179.33841625129466	398.0
179.34841672061108	407.0
179.3584171899275	412.0
179.36841765924393	417.0
179.37841812856033	417.0
179.38841859787675	417.0
179.39841906719317	412.0
179.4084195365096	402.0
179.418420005826	393.0
179.42842047514242	380.0
179.43842094445884	371.0
179.44842141377526	363.0
179.45842188309166	358.0
179.46842235240808	354.0
179.4784228217245	350.0
179.48842329104093	350.0
179.49842376035733	354.0
179.50842422967375	354.0
179.51842469899017	363.0
179.5284251683066	375.0
179.538425637623	384.0
179.54842610693942	393.0
179.55842657625584	402.0
179.56842704557226	402.0
179.57842751488866	407.0
179.58842798420508	407.0
179.5984284535215	407.0
179.6084289228379	407.0
179.61842939215433	402.0
179.62842986147075	398.0
179.63843033078717	398.0
179.64843080010357	393.0
179.65843126942	384.0
179.66843173873642	380.0
179.67843220805284	375.0
179.68843267736924	375.0
179.69843314668566	375.0
179.70843361600208	375.0
179.7184340853185	375.0
179.7284345546349	375.0
179.73843502395133	380.0
179.74843549326775	384.0
179.75843596258417	389.0
179.76843643190057	393.0
179.778436901217	398.0
179.78843737053342	402.0
179.79843783984984	402.0
179.80843830916623	402.0
179.81843877848266	402.0
179.82843924779908	402.0
179.8384397171155	402.0
179.8484401864319	402.0
179.85844065574832	402.0
179.86844112506475	398.0
179.87844159438114	398.0
179.88844206369757	398.0
179.898442533014	393.0
179.90844300233042	393.0
179.9184434716468	393.0
179.92844394096323	389.0
179.93844441027966	380.0
179.94844487959608	375.0
179.95844534891248	371.0
179.9684458182289	363.0
179.97844628754532	354.0
179.98844675686175	350.0
179.99844722617814	346.0
180.00844769549457	342.0
180.018448164811	342.0
180.02844863412741	338.0
180.0384491034438	338.0
180.04844957276023	334.0
180.05845004207666	331.0
180.06845051139308	331.0
180.07845098070948	331.0
180.0884514500259	338.0
180.09845191934232	342.0
180.10845238865875	350.0
180.11845285797514	363.0
180.12845332729157	375.0
180.138453796608	384.0
180.14845426592439	384.0
180.1584547352408	380.0
180.16845520455723	380.0
180.17845567387366	375.0
180.18845614319005	371.0
180.19845661250648	367.0
180.2084570818229	363.0
180.21845755113932	358.0
180.22845802045572	354.0
180.23845848977214	346.0
180.24845895908857	342.0
180.258459428405	338.0
180.26845989772139	338.0
180.2784603670378	334.0
180.28846083635423	334.0
180.29846130567066	334.0
180.30846177498705	334.0
180.31846224430348	334.0
180.3284627136199	338.0
180.33846318293632	338.0
180.34846365225272	346.0
180.35846412156914	350.0
180.36846459088557	358.0
180.378465060202	363.0
180.38846552951838	367.0
180.3984659988348	371.0
180.40846646815123	371.0
180.41846693746763	367.0
180.42846740678405	358.0
180.43846787610047	354.0
180.4484683454169	346.0
180.4584688147333	342.0
180.46846928404972	334.0
180.47846975336614	331.0
180.48847022268257	331.0
180.49847069199896	331.0
180.50847116131538	331.0
180.5184716306318	327.0
180.52847209994823	327.0
180.53847256926463	334.0
180.54847303858105	346.0
180.55847350789747	363.0
180.5684739772139	380.0
180.5784744465303	398.0
180.58847491584672	398.0
180.59847538516314	393.0
180.60847585447956	389.0
180.61847632379596	384.0
180.62847679311238	380.0
180.6384772624288	375.0
180.64847773174523	367.0
180.65847820106163	358.0
180.66847867037805	346.0
180.67847913969447	342.0
180.68847960901087	338.0
180.6984800783273	334.0
180.70848054764372	334.0
180.71848101696014	338.0
180.72848148627654	346.0
180.73848195559296	358.0
180.74848242490938	371.0
180.7584828942258	389.0
180.7684833635422	407.0
180.77848383285863	417.0
180.78848430217505	421.0
180.79848477149147	421.0
180.80848524080787	417.0
180.8184857101243	407.0
180.82848617944072	393.0
180.83848664875714	371.0
180.84848711807354	350.0
180.85848758738996	342.0
180.86848805670638	334.0
180.8784885260228	334.0
180.8884889953392	334.0
180.89848946465563	342.0
180.90848993397205	346.0
180.91849040328847	354.0
180.92849087260487	358.0
180.9384913419213	358.0
180.94849181123772	358.0
180.9584922805541	350.0
180.96849274987053	338.0
180.97849321918696	331.0
180.98849368850338	316.0
180.99849415781978	308.0
181.0084946271362	305.0
181.01849509645263	301.0
181.02849556576905	301.0
181.03849603508544	301.0
181.04849650440187	301.0
181.0584969737183	301.0
181.06849744303472	301.0
181.0784979123511	301.0
181.08849838166753	301.0
181.09849885098396	301.0
181.10849932030038	301.0
181.11849978961678	298.0
181.1285002589332	298.0
181.13850072824962	294.0
181.14850119756605	294.0
181.15850166688244	294.0
181.16850213619887	294.0
181.1785026055153	298.0
181.18850307483171	298.0
181.1985035441481	301.0
181.20850401346453	301.0
181.21850448278096	301.0
181.22850495209735	301.0
181.23850542141378	301.0
181.2485058907302	301.0
181.25850636004662	301.0
181.26850682936302	301.0
181.27850729867944	301.0
181.28850776799587	301.0
181.2985082373123	301.0
181.3085087066287	301.0
181.3185091759451	301.0
181.32850964526153	298.0
181.33851011457796	298.0
181.34851058389435	294.0
181.35851105321078	291.0
181.3685115225272	284.0
181.37851199184362	281.0
181.38851246116002	275.0
181.39851293047644	265.0
181.40851339979287	259.0
181.4185138691093	253.0
181.42851433842569	248.0
181.4385148077421	245.0
181.44851527705853	245.0
181.45851574637496	245.0
181.46851621569135	250.0
181.47851668500778	256.0
181.4885171543242	262.0
181.4985176236406	272.0
181.50851809295702	281.0
181.51851856227344	291.0
181.52851903158987	298.0
181.53851950090626	305.0
181.54851997022269	308.0
181.5585204395391	308.0
181.56852090885553	305.0
181.57852137817193	298.0
181.58852184748835	291.0
181.59852231680478	284.0
181.6085227861212	278.0
181.6185232554376	268.0
181.62852372475402	262.0
181.63852419407044	253.0
181.64852466338687	248.0
181.65852513270326	239.0
181.66852560201968	234.0
181.6785260713361	228.0
181.68852654065253	0.0
181.69852700996893	0.0
181.70852747928535	0.0
181.71852794860177	0.0
181.7285284179182	0.0
181.7385288872346	0.0
181.74852935655102	0.0
181.75852982586744	0.0
181.76853029518384	0.0
181.77853076450026	0.0
181.78853123381668	0.0
181.7985317031331	0.0
181.8085321724495	0.0
181.81853264176593	0.0
181.82853311108235	0.0
181.83853358039877	0.0
181.84853404971517	0.0
181.8585345190316	0.0
181.86853498834802	0.0
181.87853545766444	0.0
181.88853592698084	0.0
181.89853639629726	0.0
181.90853686561368	0.0
181.9185373349301	0.0
181.9285378042465	0.0
181.93853827356293	0.0
181.94853874287935	0.0
181.95853921219577	0.0
181.96853968151217	0.0
181.9785401508286	0.0
181.98854062014502	0.0
181.99854108946144	0.0
182.00854155877784	0.0
182.01854202809426	0.0
182.02854249741068	0.0
182.03854296672708	0.0
182.0485434360435	0.0
182.05854390535993	0.0
182.06854437467635	0.0
182.07854484399274	0.0
182.08854531330917	0.0
182.0985457826256	0.0
182.10854625194202	0.0
182.1185467212584	0.0
182.12854719057484	0.0
182.13854765989126	0.0
182.14854812920768	0.0
182.15854859852408	0.0
182.1685490678405	0.0
182.17854953715693	0.0
182.18855000647335	0.0
182.19855047578974	0.0
182.20855094510617	142.0
182.2185514144226	142.0
182.22855188373902	144.0
182.2385523530554	145.0
182.24855282237183	147.0
182.25855329168826	147.0
182.26855376100468	149.0
182.27855423032108	152.0
182.2885546996375	154.0
182.29855516895392	156.0
182.30855563827032	159.0
182.31855610758674	165.0
182.32855657690317	175.0
182.3385570462196	183.0
182.348557515536	194.0
182.3585579848524	208.0
182.36855845416883	220.0
182.37855892348526	234.0
182.38855939280165	245.0
182.39855986211808	262.0
182.4085603314345	272.0
182.41856080075092	275.0
182.42856127006732	275.0
182.43856173938374	275.0
182.44856220870017	272.0
182.4585626780166	268.0
182.468563147333	259.0
182.4785636166494	248.0
182.48856408596583	234.0
182.49856455528226	226.0
182.50856502459865	220.0
182.51856549391508	218.0
182.5285659632315	218.0
182.53856643254792	226.0
182.54856690186432	236.0
182.55856737118074	248.0
182.56856784049717	256.0
182.57856830981356	265.0
182.58856877913	275.0
182.5985692484464	288.0
182.60856971776283	298.0
182.61857018707923	305.0
182.62857065639565	308.0
182.63857112571208	312.0
182.6485715950285	312.0
182.6585720643449	308.0
182.66857253366132	305.0
182.67857300297774	301.0
182.68857347229417	301.0
182.69857394161056	301.0
182.70857441092699	301.0
182.7185748802434	298.0
182.72857534955983	301.0
182.73857581887623	301.0
182.74857628819265	305.0
182.75857675750908	312.0
182.7685772268255	319.0
182.7785776961419	331.0
182.78857816545832	346.0
182.79857863477474	367.0
182.80857910409117	389.0
182.81857957340756	398.0
182.82858004272398	402.0
182.8385805120404	398.0
182.8485809813568	393.0
182.85858145067323	384.0
182.86858191998965	371.0
182.87858238930608	363.0
182.88858285862247	354.0
182.8985833279389	346.0
182.90858379725532	338.0
182.91858426657174	334.0
182.92858473588814	327.0
182.93858520520456	323.0
182.94858567452098	319.0
182.9585861438374	319.0
182.9685866131538	319.0
182.97858708247023	319.0
182.98858755178665	327.0
182.99858802110307	334.0
183.00858849041947	342.0
183.0185889597359	350.0
183.02858942905232	363.0
183.03858989836874	384.0
183.04859036768514	389.0
183.05859083700156	393.0
183.06859130631798	398.0
183.0785917756344	402.0
183.0885922449508	402.0
183.09859271426723	402.0
183.10859318358365	402.0
183.11859365290005	402.0
183.12859412221647	398.0
183.1385945915329	393.0
183.14859506084932	389.0
183.1585955301657	384.0
183.16859599948214	380.0
183.17859646879856	375.0
183.18859693811498	375.0
183.19859740743138	375.0
183.2085978767478	375.0
183.21859834606423	380.0
183.22859881538065	384.0
183.23859928469705	389.0
183.24859975401347	393.0
183.2586002233299	402.0
183.26860069264632	402.0
183.2786011619627	407.0
183.28860163127914	407.0
183.29860210059556	402.0
183.30860256991198	402.0
183.31860303922838	398.0
183.3286035085448	393.0
183.33860397786123	384.0
183.34860444717765	380.0
183.35860491649404	375.0
183.36860538581047	371.0
183.3786058551269	367.0
183.3886063244433	358.0
183.3986067937597	354.0
183.40860726307614	346.0
183.41860773239256	338.0
183.42860820170895	334.0
183.43860867102538	327.0
183.4486091403418	319.0
183.45860960965823	316.0
183.46861007897462	312.0
183.47861054829104	305.0
183.48861101760747	301.0
183.4986114869239	294.0
183.5086119562403	288.0
183.5186124255567	281.0
183.52861289487313	275.0
183.53861336418956	272.0
183.54861383350595	265.0
183.55861430282238	262.0
183.5686147721388	256.0
183.57861524145522	253.0
183.58861571077162	248.0
183.59861618008804	245.0
183.60861664940447	239.0
183.6186171187209	234.0
183.6286175880373	231.0
183.6386180573537	226.0
183.64861852667013	223.0
183.65861899598653	220.0
183.66861946530295	218.0
183.67861993461938	218.0
183.6886204039358	218.0
183.6986208732522	220.0
183.70862134256862	223.0
183.71862181188504	228.0
183.72862228120147	236.0
183.73862275051786	245.0
183.7486232198343	250.0
183.7586236891507	259.0
183.76862415846713	268.0
183.77862462778353	281.0
183.78862509709995	294.0
183.79862556641638	301.0
183.8086260357328	308.0
183.8186265050492	308.0
183.82862697436562	308.0
183.83862744368204	308.0
183.84862791299847	305.0
183.85862838231486	301.0
183.86862885163129	298.0
183.8786293209477	291.0
183.88862979026413	288.0
183.89863025958053	284.0
183.90863072889695	278.0
183.91863119821338	272.0
183.92863166752977	265.0
183.9386321368462	256.0
183.94863260616262	253.0
183.95863307547904	248.0
183.96863354479544	248.0
183.97863401411186	245.0
183.98863448342829	245.0
183.9986349527447	248.0
184.0086354220611	250.0
184.01863589137753	256.0
184.02863636069395	262.0
184.03863683001038	268.0
184.04863729932677	278.0
184.0586377686432	284.0
184.06863823795962	288.0
184.07863870727604	294.0
184.08863917659244	294.0
184.09863964590886	294.0
184.10864011522528	294.0
184.1186405845417	294.0
184.1286410538581	294.0
184.13864152317453	291.0
184.14864199249095	291.0
184.15864246180737	288.0
184.16864293112377	284.0
184.1786434004402	281.0
184.18864386975662	278.0
184.198644339073	275.0
184.20864480838944	272.0
184.21864527770586	265.0
184.22864574702228	262.0
184.23864621633868	262.0
184.2486466856551	259.0
184.25864715497153	259.0
184.26864762428795	259.0
184.27864809360435	259.0
184.28864856292077	256.0
184.2986490322372	256.0
184.30864950155362	256.0
184.31864997087	256.0
184.32865044018644	256.0
184.33865090950286	256.0
184.34865137881928	259.0
184.35865184813568	259.0
184.3686523174521	259.0
184.37865278676853	262.0
184.38865325608495	262.0
184.39865372540135	265.0
184.40865419471777	268.0
184.4186546640342	275.0
184.42865513335062	281.0
184.438655602667	284.0
184.44865607198344	288.0
184.45865654129986	288.0
184.46865701061625	294.0
184.47865747993268	298.0
184.4886579492491	305.0
184.49865841856553	308.0
184.50865888788192	312.0
184.51865935719835	319.0
184.52865982651477	323.0
184.5386602958312	331.0
184.5486607651476	338.0
184.558661234464	346.0
184.56866170378044	350.0
184.57866217309686	358.0
184.58866264241325	363.0
184.59866311172968	371.0
184.6086635810461	371.0
184.61866405036253	375.0
184.62866451967892	380.0
184.63866498899534	380.0
184.64866545831177	380.0
184.6586659276282	380.0
184.6686663969446	380.0
184.678666866261	380.0
184.68866733557743	375.0
184.69866780489386	384.0
184.70866827421025	389.0
184.71866874352668	393.0
184.7286692128431	393.0
184.7386696821595	389.0
184.74867015147592	389.0
184.75867062079234	389.0
184.76867109010877	389.0
184.77867155942516	389.0
184.7886720287416	393.0
184.798672498058	393.0
184.80867296737443	393.0
184.81867343669083	393.0
184.82867390600725	393.0
184.83867437532368	393.0
184.8486748446401	393.0
184.8586753139565	393.0
184.86867578327292	393.0
184.87867625258934	393.0
184.88867672190577	393.0
184.89867719122216	393.0
184.9086776605386	393.0
184.918678129855	389.0
184.92867859917143	384.0
184.93867906848783	380.0
184.94867953780425	375.0
184.95868000712068	371.0
184.9686804764371	371.0
184.9786809457535	371.0
184.98868141506992	375.0
184.99868188438634	380.0
185.00868235370274	380.0
185.01868282301916	384.0
185.0286832923356	393.0
185.038683761652	398.0
185.0486842309684	398.0
185.05868470028483	402.0
185.06868516960125	402.0
185.07868563891768	402.0
185.08868610823407	407.0
185.0986865775505	407.0
185.10868704686692	402.0
185.11868751618334	402.0
185.12868798549974	398.0
185.13868845481616	393.0
185.14868892413259	389.0
185.158689393449	389.0
185.1686898627654	389.0
185.17869033208183	393.0
185.18869080139825	393.0
185.19869127071468	398.0
185.20869174003107	398.0
185.2186922093475	389.0
185.22869267866392	384.0
185.23869314798034	375.0
185.24869361729674	363.0
185.25869408661316	346.0
185.26869455592959	334.0
185.27869502524598	327.0
185.2886954945624	327.0
185.29869596387883	327.0
185.30869643319525	331.0
185.31869690251165	331.0
185.32869737182807	334.0
185.3386978411445	334.0
185.34869831046092	338.0
185.3586987797773	342.0
185.36869924909374	342.0
185.37869971841016	346.0
185.38870018772658	346.0
185.39870065704298	346.0
185.4087011263594	346.0
185.41870159567583	346.0
185.42870206499225	346.0
185.43870253430865	342.0
185.44870300362507	342.0
185.4587034729415	342.0
185.46870394225792	338.0
185.4787044115743	338.0
185.48870488089074	334.0
185.49870535020716	334.0
185.50870581952358	334.0
185.51870628883998	334.0
185.5287067581564	334.0
185.53870722747283	334.0
185.54870769678925	334.0
185.55870816610565	338.0
185.56870863542207	346.0
185.5787091047385	350.0
185.5887095740549	354.0
185.5987100433713	354.0
185.60871051268774	354.0
185.61871098200416	350.0
185.62871145132056	342.0
185.63871192063698	331.0
185.6487123899534	327.0
185.65871285926983	327.0
185.66871332858622	327.0
185.67871379790265	327.0
185.68871426721907	331.0
185.6987147365355	331.0
185.7087152058519	334.0
185.7187156751683	338.0
185.72871614448474	338.0
185.73871661380116	334.0
185.74871708311755	327.0
185.75871755243398	319.0
185.7687180217504	312.0
185.77871849106683	308.0
185.78871896038322	305.0
185.79871942969964	308.0
185.80871989901607	316.0
185.8187203683325	323.0
185.8287208376489	342.0
185.8387213069653	354.0
185.84872177628174	363.0
185.85872224559813	358.0
185.86872271491455	350.0
185.87872318423098	342.0
185.8887236535474	338.0
185.8987241228638	334.0
185.90872459218022	334.0
185.91872506149664	331.0
185.92872553081307	331.0
185.93872600012946	331.0
185.9487264694459	338.0
185.9587269387623	350.0
185.96872740807873	367.0
185.97872787739513	393.0
185.98872834671155	407.0
185.99872881602798	421.0
186.0087292853444	431.0
186.0187297546608	431.0
186.02873022397722	421.0
186.03873069329364	407.0
186.04873116261007	389.0
186.05873163192646	363.0
186.0687321012429	350.0
186.0787325705593	342.0
186.08873303987573	338.0
186.09873350919213	338.0
186.10873397850855	346.0
186.11873444782498	354.0
186.12873491714137	367.0
186.1387353864578	380.0
186.14873585577422	380.0
186.15873632509064	380.0
186.16873679440704	371.0
186.17873726372346	354.0
186.1887377330399	334.0
186.1987382023563	316.0
186.2087386716727	308.0
186.21873914098913	305.0
186.22873961030555	305.0
186.23874007962198	305.0
186.24874054893837	301.0
186.2587410182548	305.0
186.26874148757122	305.0
186.27874195688764	301.0
186.28874242620404	301.0
186.29874289552046	301.0
186.3087433648369	301.0
186.3187438341533	301.0
186.3287443034697	301.0
186.33874477278613	298.0
186.34874524210255	298.0
186.35874571141898	298.0
186.36874618073537	294.0
186.3787466500518	294.0
186.38874711936822	294.0
186.3987475886846	294.0
186.40874805800104	298.0
186.41874852731746	301.0
186.42874899663389	301.0
186.43874946595028	305.0
186.4487499352667	305.0
186.45875040458313	305.0
186.46875087389955	305.0
186.47875134321595	305.0
186.48875181253237	301.0
186.4987522818488	301.0
186.50875275116522	301.0
186.5187532204816	301.0
186.52875368979804	301.0
186.53875415911446	301.0
186.54875462843088	305.0
186.55875509774728	305.0
186.5687555670637	305.0
186.57875603638013	305.0
186.58875650569655	301.0
186.59875697501295	301.0
186.60875744432937	298.0
186.6187579136458	291.0
186.62875838296222	288.0
186.6387588522786	278.0
186.64875932159504	265.0
186.65875979091146	248.0
186.66876026022786	236.0
186.67876072954428	231.0
186.6887611988607	226.0
186.69876166817713	223.0
186.70876213749352	226.0
186.71876260680995	234.0
186.72876307612637	239.0
186.7387635454428	248.0
186.7487640147592	262.0
186.7587644840756	278.0
186.76876495339204	288.0
186.77876542270846	298.0
186.78876589202486	301.0
186.79876636134128	301.0
186.8087668306577	298.0
186.81876729997413	294.0
186.82876776929052	284.0
186.83876823860695	275.0
186.84876870792337	268.0
186.8587691772398	262.0
186.8687696465562	256.0
186.8787701158726	253.0
186.88877058518904	250.0
186.89877105450546	253.0
186.90877152382185	259.0
186.91877199313828	272.0
186.9287724624547	294.0
186.9387729317711	319.0
186.94877340108752	342.0
186.95877387040395	367.0
186.96877433972037	384.0
186.97877480903676	384.0
186.9887752783532	380.0
186.9987757476696	367.0
187.00877621698604	334.0
187.01877668630243	316.0
187.02877715561885	305.0
187.03877762493528	301.0
187.0487780942517	301.0
187.0587785635681	305.0
187.06877903288452	312.0
187.07877950220094	316.0
187.08877997151737	319.0
187.09878044083376	319.0
187.1087809101502	319.0
187.1187813794666	316.0
187.12878184878304	316.0
187.13878231809943	316.0
187.14878278741585	323.0
187.15878325673228	334.0
187.1687837260487	338.0
187.1787841953651	334.0
187.18878466468152	327.0
187.19878513399794	316.0
187.20878560331434	298.0
187.21878607263076	284.0
187.2287865419472	275.0
187.2387870112636	268.0
187.24878748058	268.0
187.25878794989643	272.0
187.26878841921285	275.0
187.27878888852928	275.0
187.28878935784567	278.0
187.2987898271621	278.0
187.30879029647852	275.0
187.31879076579494	275.0
187.32879123511134	272.0
187.33879170442776	272.0
187.3487921737442	272.0
187.3587926430606	278.0
187.368793112377	281.0
187.37879358169343	291.0
187.38879405100985	301.0
187.39879452032628	308.0
187.40879498964267	346.0
187.4187954589591	350.0
187.42879592827552	342.0
187.43879639759194	312.0
187.44879686690834	281.0
187.45879733622476	265.0
187.4687978055412	253.0
187.47879827485758	250.0
187.488798744174	253.0
187.49879921349043	256.0
187.50879968280685	262.0
187.51880015212325	262.0
187.52880062143967	262.0
187.5388010907561	256.0
187.54880156007252	242.0
187.55880202938891	228.0
187.56880249870534	220.0
187.57880296802176	218.0
187.58880343733819	220.0
187.59880390665458	228.0
187.608804375971	234.0
187.61880484528743	236.0
187.62880531460385	236.0
187.63880578392025	236.0
187.64880625323667	231.0
187.6588067225531	223.0
187.66880719186952	213.0
187.6788076611859	203.0
187.68880813050234	199.0
187.69880859981876	199.0
187.70880906913519	201.0
187.71880953845158	206.0
187.728810007768	208.0
187.73881047708443	213.0
187.74881094640082	213.0
187.75881141571725	213.0
187.76881188503367	210.0
187.7788123543501	208.0
187.7888128236665	203.0
187.7988132929829	199.0
187.80881376229934	194.0
187.81881423161576	187.0
187.82881470093216	183.0
187.83881517024858	183.0
187.848815639565	183.0
187.85881610888143	187.0
187.86881657819782	201.0
187.87881704751425	228.0
187.88881751683067	245.0
187.8988179861471	256.0
187.9088184554635	265.0
187.9188189247799	268.0
187.92881939409634	268.0
187.93881986341276	262.0
187.94882033272916	259.0
187.95882080204558	256.0
187.968821271362	256.0
187.97882174067843	253.0
187.98882220999482	250.0
187.99882267931125	250.0
188.00882314862767	250.0
188.01882361794407	253.0
188.0288240872605	256.0
188.0388245565769	262.0
188.04882502589334	268.0
188.05882549520973	272.0
188.06882596452616	275.0
188.07882643384258	275.0
188.088826903159	275.0
188.0988273724754	272.0
188.10882784179182	262.0
188.11882831110825	256.0
188.12882878042467	250.0
188.13882924974106	248.0
188.1488297190575	248.0
188.1588301883739	248.0
188.16883065769034	0.0
188.17883112700673	0.0
188.18883159632315	0.0
188.19883206563958	0.0
188.208832534956	0.0
188.2188330042724	0.0
188.22883347358882	0.0
188.23883394290525	0.0
188.24883441222167	0.0
188.25883488153806	0.0
188.2688353508545	0.0
188.2788358201709	0.0
188.2888362894873	0.0
188.29883675880373	0.0
188.30883722812015	0.0
188.31883769743658	0.0
188.32883816675297	0.0
188.3388386360694	0.0
188.34883910538582	0.0
188.35883957470224	0.0
188.36884004401864	0.0
188.37884051333506	0.0
188.3888409826515	0.0
188.3988414519679	0.0
188.4088419212843	0.0
188.41884239060073	0.0
188.42884285991715	0.0
188.43884332923358	0.0
188.44884379854997	0.0
188.4588442678664	0.0
188.46884473718282	0.0
188.47884520649924	0.0
188.48884567581564	0.0
188.49884614513206	0.0
188.5088466144485	0.0
188.5188470837649	0.0
188.5288475530813	0.0
188.53884802239773	0.0
188.54884849171415	0.0
188.55884896103055	0.0
188.56884943034697	0.0
188.5788498996634	0.0
188.58885036897982	0.0
188.59885083829622	0.0
188.60885130761264	0.0
188.61885177692906	0.0
188.6288522462455	0.0
188.63885271556188	0.0
188.6488531848783	0.0
188.65885365419473	0.0
188.66885412351115	0.0
188.67885459282755	0.0
188.68885506214397	0.0
188.6988555314604	0.0
188.70885600077682	0.0
188.71885647009321	0.0
188.72885693940964	0.0
188.73885740872606	0.0
188.7488578780425	0.0
188.75885834735888	0.0
188.7688588166753	0.0
188.77885928599173	0.0
188.78885975530815	0.0
188.79886022462455	0.0
188.80886069394097	0.0
188.8188611632574	0.0
188.8288616325738	0.0
188.83886210189021	0.0
188.84886257120664	0.0
188.85886304052306	0.0
188.86886350983946	0.0
188.87886397915588	0.0
188.8888644484723	0.0
188.89886491778873	0.0
188.90886538710512	0.0
188.91886585642155	0.0
188.92886632573797	0.0
188.9388667950544	0.0
188.9488672643708	0.0
188.9588677336872	0.0
188.96886820300364	0.0
188.97886867232006	0.0
188.98886914163646	0.0
188.99886961095288	0.0
189.0088700802693	0.0
189.01887054958573	0.0
189.02887101890212	0.0
189.03887148821855	0.0
189.04887195753497	0.0
189.0588724268514	0.0
189.0688728961678	0.0
189.0788733654842	253.0
189.08887383480064	253.0
189.09887430411703	253.0
189.10887477343346	256.0
189.11887524274988	256.0
189.1288757120663	256.0
189.1388761813827	259.0
189.14887665069912	259.0
189.15887712001555	259.0
189.16887758933197	256.0
189.17887805864837	256.0
189.1888785279648	253.0
189.1988789972812	250.0
189.20887946659764	250.0
189.21887993591403	248.0
189.22888040523046	239.0
189.23888087454688	231.0
189.2488813438633	223.0
189.2588818131797	213.0
189.26888228249612	208.0
189.27888275181255	201.0
189.28888322112897	196.0
189.29888369044536	192.0
189.3088841597618	192.0
189.3188846290782	192.0
189.32888509839464	192.0
189.33888556771103	192.0
189.34888603702746	192.0
189.35888650634388	194.0
189.36888697566027	194.0
189.3788874449767	196.0
189.38888791429312	196.0
189.39888838360955	199.0
189.40888885292594	199.0
189.41888932224236	201.0
189.4288897915588	203.0
189.4388902608752	203.0
189.4488907301916	206.0
189.45889119950803	206.0
189.46889166882445	203.0
189.47889213814088	201.0
189.48889260745727	199.0
189.4988930767737	196.0
189.50889354609012	196.0
189.51889401540654	201.0
189.52889448472294	206.0
189.53889495403936	213.0
189.5488954233558	220.0
189.5588958926722	231.0
189.5688963619886	239.0
189.57889683130503	250.0
189.58889730062145	256.0
189.59889776993788	262.0
189.60889823925427	265.0
189.6188987085707	265.0
189.62889917788712	265.0
189.63889964720352	262.0
189.64890011651994	259.0
189.65890058583636	256.0
189.6689010551528	253.0
189.67890152446918	253.0
189.6889019937856	253.0
189.69890246310203	253.0
189.70890293241845	256.0
189.71890340173485	259.0
189.72890387105127	262.0
189.7389043403677	262.0
189.74890480968412	265.0
189.75890527900052	268.0
189.76890574831694	268.0
189.77890621763336	265.0
189.7889066869498	262.0
189.79890715626618	256.0
189.8089076255826	250.0
189.81890809489903	248.0
189.82890856421545	248.0
189.83890903353185	250.0
189.84890950284827	256.0
189.8589099721647	265.0
189.86891044148112	268.0
189.87891091079752	265.0
189.88891138011394	262.0
189.89891184943036	0.0
189.90891231874676	0.0
189.91891278806318	0.0
189.9289132573796	0.0
189.93891372669603	0.0
189.94891419601242	0.0
189.95891466532885	0.0
189.96891513464527	0.0
189.9789156039617	0.0
189.9889160732781	0.0
189.99891654259451	0.0
190.00891701191094	0.0
190.01891748122736	0.0
190.02891795054376	0.0
190.03891841986018	0.0
190.0489188891766	0.0
190.05891935849303	0.0
190.06891982780942	0.0
190.07892029712585	0.0
190.08892076644227	0.0
190.0989212357587	0.0
190.1089217050751	0.0
190.1189221743915	0.0
190.12892264370794	0.0
190.13892311302436	0.0
190.14892358234076	0.0
190.15892405165718	0.0
190.1689245209736	0.0
190.17892499029	0.0
190.18892545960642	0.0
190.19892592892285	0.0
190.20892639823927	0.0
190.21892686755567	0.0
190.2289273368721	0.0
190.2389278061885	0.0
190.24892827550494	242.0
190.25892874482133	242.0
190.26892921413776	245.0
190.27892968345418	248.0
190.2889301527706	250.0
190.298930622087	253.0
190.30893109140342	256.0
190.31893156071985	256.0
190.32893203003627	256.0
190.33893249935267	256.0
190.3489329686691	253.0
190.3589334379855	253.0
190.36893390730194	253.0
190.37893437661833	253.0
190.38893484593476	256.0
190.39893531525118	256.0
190.4089357845676	256.0
190.418936253884	256.0
190.42893672320042	256.0
190.43893719251685	256.0
190.44893766183324	256.0
190.45893813114967	253.0
190.4689386004661	250.0
190.4789390697825	248.0
190.4889395390989	239.0
190.49894000841533	231.0
190.50894047773176	223.0
190.51894094704818	215.0
190.52894141636457	208.0
190.538941885681	206.0
190.54894235499742	201.0
190.55894282431385	199.0
190.56894329363024	196.0
190.57894376294666	196.0
190.5889442322631	196.0
190.5989447015795	196.0
190.6089451708959	199.0
190.61894564021233	201.0
190.62894610952875	201.0
190.63894657884518	199.0
190.64894704816157	196.0
190.658947517478	194.0
190.66894798679442	192.0
190.67894845611085	196.0
190.68894892542724	210.0
190.69894939474366	223.0
190.7089498640601	231.0
190.71895033337648	234.0
190.7289508026929	248.0
190.73895127200933	253.0
190.74895174132575	259.0
190.75895221064215	259.0
190.76895267995857	259.0
190.778953149275	259.0
190.78895361859142	256.0
190.79895408790782	253.0
190.80895455722424	253.0
190.81895502654066	253.0
190.8289554958571	253.0
190.83895596517348	250.0
190.8489564344899	250.0
190.85895690380633	250.0
190.86895737312275	250.0
190.87895784243915	250.0
190.88895831175557	250.0
190.898958781072	250.0
190.90895925038842	250.0
190.91895971970482	250.0
190.92896018902124	250.0
190.93896065833766	250.0
190.9489611276541	248.0
190.95896159697048	248.0
190.9689620662869	245.0
190.97896253560333	248.0
190.98896300491973	250.0
190.99896347423615	256.0
191.00896394355257	259.0
191.018964412869	262.0
191.0289648821854	268.0
191.03896535150182	272.0
191.04896582081824	275.0
191.05896629013466	275.0
191.06896675945106	275.0
191.07896722876748	272.0
191.0889676980839	272.0
191.09896816740033	268.0
191.10896863671672	265.0
191.11896910603315	262.0
191.12896957534957	259.0
191.138970044666	256.0
191.1489705139824	256.0
191.15897098329881	253.0
191.16897145261524	253.0
191.17897192193166	253.0
191.18897239124806	256.0
191.19897286056448	256.0
191.2089733298809	259.0
191.21897379919733	262.0
191.22897426851372	268.0
191.23897473783015	272.0
191.24897520714657	275.0
191.25897567646297	278.0
191.2689761457794	281.0
191.27897661509581	281.0
191.28897708441224	281.0
191.29897755372863	281.0
191.30897802304506	278.0
191.31897849236148	278.0
191.3289789616779	275.0
191.3389794309943	272.0
191.34897990031072	268.0
191.35898036962715	262.0
191.36898083894357	259.0
191.37898130825997	256.0
191.3889817775764	253.0
191.3989822468928	253.0
191.40898271620924	253.0
191.41898318552563	253.0
191.42898365484206	256.0
191.43898412415848	259.0
191.4489845934749	262.0
191.4589850627913	268.0
191.46898553210772	272.0
191.47898600142415	275.0
191.48898647074057	278.0
191.49898694005697	281.0
191.5089874093734	281.0
191.5189878786898	281.0
191.5289883480062	278.0
191.53898881732263	275.0
191.54898928663906	272.0
191.55898975595548	268.0
191.56899022527188	265.0
191.5789906945883	262.0
191.58899116390472	262.0
191.59899163322115	259.0
191.60899210253754	259.0
191.61899257185397	259.0
191.6289930411704	259.0
191.6389935104868	259.0
191.6489939798032	259.0
191.65899444911963	259.0
191.66899491843606	262.0
191.67899538775248	265.0
191.68899585706887	268.0
191.6989963263853	275.0
191.70899679570172	284.0
191.71899726501815	294.0
191.72899773433454	308.0
191.73899820365097	327.0
191.7489986729674	358.0
191.7589991422838	375.0
191.7689996116002	380.0
191.77900008091663	380.0
191.78900055023306	375.0
191.79900101954945	363.0
191.80900148886587	334.0
191.8190019581823	308.0
191.82900242749872	301.0
191.83900289681512	294.0
191.84900336613154	294.0
191.85900383544796	294.0
191.8690043047644	294.0
191.87900477408078	298.0
191.8890052433972	298.0
191.89900571271363	301.0
191.90900618203005	301.0
191.91900665134645	301.0
191.92900712066287	301.0
191.9390075899793	301.0
191.94900805929572	301.0
191.95900852861212	301.0
191.96900899792854	301.0
191.97900946724496	301.0
191.9890099365614	301.0
191.99901040587778	301.0
192.0090108751942	298.0
192.01901134451063	298.0
192.02901181382705	298.0
192.03901228314345	298.0
192.04901275245987	298.0
192.0590132217763	301.0
192.0690136910927	305.0
192.07901416040912	312.0
192.08901462972554	323.0
192.09901509904196	334.0
192.10901556835836	350.0
192.11901603767478	363.0
192.1290165069912	367.0
192.13901697630763	367.0
192.14901744562403	358.0
192.15901791494045	350.0
192.16901838425687	327.0
192.1790188535733	316.0
192.1890193228897	305.0
192.19901979220612	294.0
192.20902026152254	288.0
192.21902073083896	278.0
192.22902120015536	272.0
192.23902166947178	262.0
192.2490221387882	256.0
192.25902260810463	253.0
192.26902307742102	250.0
192.27902354673745	248.0
192.28902401605387	248.0
192.2990244853703	250.0
192.3090249546867	250.0
192.31902542400312	253.0
192.32902589331954	259.0
192.33902636263593	265.0
192.34902683195236	272.0
192.35902730126878	281.0
192.3690277705852	288.0
192.3790282399016	294.0
192.38902870921802	298.0
192.39902917853445	298.0
192.40902964785087	298.0
192.41903011716727	291.0
192.4290305864837	284.0
192.43903105580011	278.0
192.44903152511654	275.0
192.45903199443293	265.0
192.46903246374936	262.0
192.47903293306578	256.0
192.4890334023822	253.0
192.4990338716986	250.0
192.50903434101502	250.0
192.51903481033145	250.0
192.52903527964787	253.0
192.53903574896427	256.0
192.5490362182807	262.0
192.55903668759711	268.0
192.56903715691354	275.0
192.57903762622993	281.0
192.58903809554636	288.0
192.59903856486278	294.0
192.60903903417918	298.0
192.6190395034956	301.0
192.62903997281202	301.0
192.63904044212845	301.0
192.64904091144484	301.0
192.65904138076127	301.0
192.6690418500777	301.0
192.6790423193941	301.0
192.6890427887105	301.0
192.69904325802693	298.0
192.70904372734336	298.0
192.71904419665978	291.0
192.72904466597618	288.0
192.7390451352926	281.0
192.74904560460902	275.0
192.75904607392545	268.0
192.76904654324184	265.0
192.77904701255827	259.0
192.7890474818747	253.0
192.7990479511911	250.0
192.8090484205075	248.0
192.81904888982393	245.0
192.82904935914036	248.0
192.83904982845678	250.0
192.84905029777318	253.0
192.8590507670896	253.0
192.86905123640602	253.0
192.87905170572242	253.0
192.88905217503884	253.0
192.89905264435527	253.0
192.9090531136717	256.0
192.91905358298808	256.0
192.9290540523045	256.0
192.93905452162093	256.0
192.94905499093736	256.0
192.95905546025375	253.0
192.96905592957017	253.0
192.9790563988866	253.0
192.98905686820302	253.0
192.99905733751942	253.0
193.00905780683584	253.0
193.01905827615226	253.0
193.0290587454687	250.0
193.03905921478508	250.0
193.0490596841015	253.0
193.05906015341793	256.0
193.06906062273436	262.0
193.07906109205075	272.0
193.08906156136717	284.0
193.0990620306836	301.0
193.10906250000002	312.0
193.11906296931642	323.0
193.12906343863284	346.0
193.13906390794926	354.0
193.14906437726566	346.0
193.15906484658208	319.0
193.1690653158985	294.0
193.17906578521493	278.0
193.18906625453133	245.0
193.19906672384775	236.0
193.20906719316417	236.0
193.2190676624806	239.0
193.229068131797	248.0
193.23906860111342	253.0
193.24906907042984	259.0
193.25906953974626	265.0
193.26907000906266	268.0
193.27907047837908	268.0
193.2890709476955	268.0
193.29907141701193	268.0
193.30907188632833	268.0
193.31907235564475	268.0
193.32907282496117	265.0
193.3390732942776	265.0
193.349073763594	259.0
193.35907423291042	256.0
193.36907470222684	253.0
193.37907517154326	253.0
193.38907564085966	253.0
193.39907611017608	256.0
193.4090765794925	259.0
193.4190770488089	262.0
193.42907751812533	265.0
193.43907798744175	265.0
193.44907845675817	262.0
193.45907892607457	256.0
193.469079395391	248.0
193.47907986470742	242.0
193.48908033402384	228.0
193.49908080334023	220.0
193.50908127265666	218.0
193.51908174197308	215.0
193.5290822112895	215.0
193.5390826806059	220.0
193.54908314992232	223.0
193.55908361923875	226.0
193.56908408855517	228.0
193.57908455787157	228.0
193.589085027188	228.0
193.59908549650442	228.0
193.60908596582084	228.0
193.61908643513723	228.0
193.62908690445366	228.0
193.63908737377008	228.0
193.6490878430865	228.0
193.6590883124029	228.0
193.66908878171932	228.0
193.67908925103575	228.0
193.68908972035214	228.0
193.69909018966857	228.0
193.709090658985	228.0
193.71909112830141	228.0
193.7290915976178	228.0
193.73909206693423	228.0
193.74909253625066	228.0
193.75909300556708	228.0
193.76909347488348	226.0
193.7790939441999	226.0
193.78909441351632	226.0
193.79909488283275	226.0
193.80909535214914	226.0
193.81909582146557	226.0
193.829096290782	228.0
193.8390967600984	228.0
193.8490972294148	231.0
193.85909769873123	231.0
193.86909816804766	231.0
193.87909863736408	231.0
193.88909910668048	228.0
193.8990995759969	228.0
193.90910004531332	226.0
193.91910051462975	226.0
193.92910098394614	226.0
193.93910145326257	226.0
193.949101922579	226.0
193.95910239189539	228.0
193.9691028612118	228.0
193.97910333052823	228.0
193.98910379984466	228.0
193.99910426916105	228.0
194.00910473847748	228.0
194.0191052077939	228.0
194.02910567711032	228.0
194.03910614642672	228.0
194.04910661574314	228.0
194.05910708505957	228.0
194.069107554376	228.0
194.07910802369238	228.0
194.0891084930088	226.0
194.09910896232523	226.0
194.10910943164166	226.0
194.11910990095805	226.0
194.12911037027447	223.0
194.1391108395909	220.0
194.14911130890732	218.0
194.15911177822372	213.0
194.16911224754014	208.0
194.17911271685657	203.0
194.189113186173	196.0
194.19911365548938	190.0
194.2091141248058	183.0
194.21911459412223	179.0
194.22911506343866	175.0
194.23911553275505	171.0
194.24911600207147	169.0
194.2591164713879	169.0
194.2691169407043	167.0
194.27911741002072	167.0
194.28911787933714	163.0
194.29911834865356	0.0
194.30911881796996	0.0
194.31911928728638	0.0
194.3291197566028	0.0
194.33912022591923	0.0
194.34912069523563	0.0
194.35912116455205	0.0
194.36912163386847	0.0
194.3791221031849	0.0
194.3891225725013	0.0
194.39912304181772	0.0
194.40912351113414	0.0
194.41912398045056	0.0
194.42912444976696	0.0
194.43912491908338	0.0
194.4491253883998	0.0
194.45912585771623	0.0
194.46912632703263	0.0
194.47912679634905	0.0
194.48912726566547	0.0
194.4991277349819	0.0
194.5091282042983	0.0
194.51912867361472	0.0
194.52912914293114	0.0
194.53912961224754	0.0
194.54913008156396	0.0
194.55913055088038	0.0
194.5691310201968	0.0
194.5791314895132	0.0
194.58913195882963	0.0
194.59913242814605	0.0
194.60913289746247	0.0
194.61913336677887	0.0
194.6291338360953	0.0
194.63913430541172	0.0
194.64913477472814	0.0
194.65913524404453	0.0
194.66913571336096	0.0
194.67913618267738	0.0
194.6891366519938	0.0
194.6991371213102	0.0
194.70913759062663	0.0
194.71913805994305	0.0
194.72913852925947	0.0
194.73913899857587	0.0
194.7491394678923	0.0
194.75913993720872	0.0
194.76914040652514	0.0
194.77914087584153	0.0
194.78914134515796	0.0
194.79914181447438	0.0
194.80914228379078	0.0
194.8191427531072	0.0
194.82914322242362	0.0
194.83914369174005	0.0
194.84914416105644	0.0
194.85914463037287	0.0
194.8691450996893	0.0
194.87914556900571	0.0
194.8891460383221	0.0
194.89914650763853	0.0
194.90914697695496	0.0
194.91914744627138	0.0
194.92914791558778	0.0
194.9391483849042	0.0
194.94914885422062	0.0
194.95914932353705	0.0
194.96914979285344	173.0
194.97915026216987	171.0
194.9891507314863	171.0
194.99915120080271	169.0
195.0091516701191	169.0
195.01915213943553	169.0
195.02915260875196	169.0
195.03915307806838	171.0
195.04915354738478	173.0
195.0591540167012	173.0
195.06915448601762	175.0
195.07915495533402	175.0
195.08915542465044	173.0
195.09915589396687	171.0
195.1091563632833	169.0
195.11915683259969	167.0
195.1291573019161	165.0
195.13915777123253	163.0
195.14915824054896	161.0
195.15915870986535	159.0
195.16915917918178	159.0
195.1791596484982	159.0
195.18916011781462	159.0
195.19916058713102	159.0
195.20916105644744	161.0
195.21916152576387	165.0
195.2291619950803	169.0
195.23916246439668	171.0
195.2491629337131	175.0
195.25916340302953	177.0
195.26916387234596	179.0
195.27916434166235	181.0
195.28916481097878	179.0
195.2991652802952	179.0
195.30916574961162	177.0
195.31916621892802	175.0
195.32916668824444	173.0
195.33916715756087	171.0
195.34916762687726	169.0
195.35916809619368	167.0
195.3691685655101	167.0
195.37916903482653	167.0
195.38916950414293	167.0
195.39916997345935	167.0
195.40917044277577	167.0
195.4191709120922	169.0
195.4291713814086	171.0
195.43917185072502	173.0
195.44917232004144	175.0
195.45917278935786	177.0
195.46917325867426	181.0
195.47917372799068	183.0
195.4891741973071	190.0
195.49917466662353	194.0
195.50917513593993	196.0
195.51917560525635	196.0
195.52917607457277	196.0
195.5391765438892	196.0
195.5491770132056	196.0
195.55917748252202	199.0
195.56917795183844	199.0
195.57917842115486	199.0
195.58917889047126	199.0
195.59917935978768	199.0
195.6091798291041	199.0
195.6191802984205	196.0
195.62918076773693	196.0
195.63918123705335	194.0
195.64918170636977	194.0
195.65918217568617	192.0
195.6691826450026	190.0
195.67918311431902	185.0
195.68918358363544	181.0
195.69918405295184	179.0
195.70918452226826	179.0
195.71918499158468	179.0
195.7291854609011	181.0
195.7391859302175	185.0
195.74918639953393	190.0
195.75918686885035	194.0
195.76918733816677	196.0
195.77918780748317	199.0
195.7891882767996	201.0
195.79918874611602	201.0
195.80918921543244	201.0
195.81918968474884	199.0
195.82919015406526	199.0
195.83919062338168	199.0
195.8491910926981	199.0
195.8591915620145	199.0
195.86919203133093	199.0
195.87919250064735	199.0
195.88919296996374	199.0
195.89919343928017	199.0
195.9091939085966	199.0
195.91919437791302	201.0
195.9291948472294	201.0
195.93919531654583	203.0
195.94919578586226	206.0
195.95919625517868	206.0
195.96919672449508	203.0
195.9791971938115	201.0
195.98919766312792	194.0
195.99919813244435	183.0
196.00919860176074	177.0
196.01919907107717	0.0
196.0291995403936	0.0
196.03920000971002	0.0
196.0492004790264	0.0
196.05920094834283	0.0
196.06920141765926	0.0
196.07920188697568	0.0
196.08920235629208	0.0
196.0992028256085	0.0
196.10920329492492	0.0
196.11920376424135	0.0
196.12920423355774	0.0
196.13920470287417	0.0
196.1492051721906	0.0
196.159205641507	0.0
196.1692061108234	0.0
196.17920658013983	0.0
196.18920704945626	0.0
196.19920751877265	0.0
196.20920798808908	0.0
196.2192084574055	0.0
196.22920892672192	0.0
196.23920939603832	0.0
196.24920986535474	0.0
196.25921033467117	0.0
196.2692108039876	0.0
196.27921127330399	0.0
196.2892117426204	0.0
196.29921221193683	0.0
196.30921268125326	185.0
196.31921315056965	185.0
196.32921361988608	185.0
196.3392140892025	187.0
196.34921455851892	187.0
196.35921502783532	190.0
196.36921549715174	190.0
196.37921596646817	192.0
196.3892164357846	192.0
196.39921690510099	192.0
196.4092173744174	192.0
196.41921784373383	194.0
196.42921831305023	196.0
196.43921878236665	196.0
196.44921925168308	196.0
196.4592197209995	196.0
196.4692201903159	196.0
196.47922065963232	196.0
196.48922112894874	194.0
196.49922159826517	194.0
196.50922206758156	194.0
196.51922253689798	194.0
196.5292230062144	194.0
196.53922347553083	196.0
196.54922394484723	196.0
196.55922441416365	196.0
196.56922488348008	196.0
196.5792253527965	196.0
196.5892258221129	196.0
196.59922629142932	196.0
196.60922676074574	196.0
196.61922723006217	196.0
196.62922769937856	196.0
196.63922816869498	196.0
196.6492286380114	196.0
196.65922910732783	194.0
196.66922957664423	192.0
196.67923004596065	192.0
196.68923051527707	190.0
196.69923098459347	190.0
196.7092314539099	187.0
196.71923192322632	187.0
196.72923239254274	187.0
196.73923286185914	187.0
196.74923333117556	190.0
196.75923380049198	190.0
196.7692342698084	190.0
196.7792347391248	192.0
196.78923520844123	192.0
196.79923567775765	194.0
196.80923614707407	194.0
196.81923661639047	196.0
196.8292370857069	196.0
196.83923755502332	199.0
196.84923802433974	199.0
196.85923849365614	196.0
196.86923896297256	196.0
196.87923943228898	194.0
196.8892399016054	194.0
196.8992403709218	194.0
196.90924084023823	194.0
196.91924130955465	194.0
196.92924177887107	194.0
196.93924224818747	192.0
196.9492427175039	190.0
196.95924318682032	185.0
196.9692436561367	183.0
196.97924412545314	181.0
196.98924459476956	183.0
196.99924506408598	187.0
197.00924553340238	194.0
197.0192460027188	203.0
197.02924647203523	210.0
197.03924694135165	218.0
197.04924741066804	223.0
197.05924787998447	228.0
197.0692483493009	231.0
197.07924881861732	231.0
197.0892492879337	231.0
197.09924975725013	231.0
197.10925022656656	228.0
197.11925069588298	228.0
197.12925116519938	228.0
197.1392516345158	228.0
197.14925210383223	228.0
197.15925257314865	228.0
197.16925304246504	228.0
197.17925351178147	228.0
197.1892539810979	226.0
197.19925445041432	223.0
197.2092549197307	223.0
197.21925538904713	220.0
197.22925585836356	218.0
197.23925632767995	215.0
197.24925679699638	215.0
197.2592572663128	218.0
197.26925773562922	220.0
197.27925820494562	226.0
197.28925867426204	228.0
197.29925914357847	234.0
197.3092596128949	234.0
197.3192600822113	234.0
197.3292605515277	231.0
197.33926102084413	228.0
197.34926149016056	223.0
197.35926195947695	220.0
197.36926242879338	218.0
197.3792628981098	218.0
197.38926336742622	220.0
197.39926383674262	223.0
197.40926430605904	226.0
197.41926477537547	226.0
197.4292652446919	228.0
197.4392657140083	228.0
197.4492661833247	228.0
197.45926665264113	228.0
197.46926712195756	226.0
197.47926759127395	226.0
197.48926806059038	223.0
197.4992685299068	220.0
197.5092689992232	220.0
197.51926946853962	218.0
197.52926993785604	218.0
197.53927040717247	215.0
197.54927087648886	215.0
197.55927134580529	215.0
197.5692718151217	218.0
197.57927228443813	223.0
197.58927275375453	226.0
197.59927322307095	228.0
197.60927369238738	228.0
197.6192741617038	228.0
197.6292746310202	228.0
197.63927510033662	228.0
197.64927556965304	228.0
197.65927603896947	226.0
197.66927650828586	226.0
197.67927697760229	226.0
197.6892774469187	226.0
197.69927791623513	226.0
197.70927838555153	226.0
197.71927885486795	226.0
197.72927932418438	226.0
197.7392797935008	226.0
197.7492802628172	226.0
197.75928073213362	226.0
197.76928120145004	223.0
197.77928167076644	220.0
197.78928214008286	218.0
197.79928260939928	210.0
197.8092830787157	199.0
197.8192835480321	183.0
197.82928401734853	177.0
197.83928448666495	171.0
197.84928495598137	171.0
197.85928542529777	173.0
197.8692858946142	179.0
197.87928636393062	187.0
197.88928683324704	196.0
197.89928730256344	208.0
197.90928777187986	223.0
197.91928824119628	228.0
197.9292887105127	236.0
197.9392891798291	242.0
197.94928964914553	245.0
197.95929011846195	242.0
197.96929058777837	239.0
197.97929105709477	231.0
197.9892915264112	223.0
197.99929199572762	215.0
198.00929246504404	213.0
198.01929293436044	213.0
198.02929340367686	215.0
198.03929387299328	223.0
198.04929434230968	236.0
198.0592948116261	245.0
198.06929528094253	253.0
198.07929575025895	256.0
198.08929621957535	259.0
198.09929668889177	262.0
198.1092971582082	259.0
198.11929762752462	259.0
198.129298096841	256.0
198.13929856615744	253.0
198.14929903547386	253.0
198.15929950479028	253.0
198.16929997410668	253.0
198.1793004434231	253.0
198.18930091273953	253.0
198.19930138205595	253.0
198.20930185137235	253.0
198.21930232068877	253.0
198.2293027900052	253.0
198.23930325932162	253.0
198.249303728638	250.0
198.25930419795444	250.0
198.26930466727086	248.0
198.27930513658728	242.0
198.28930560590368	236.0
198.2993060752201	231.0
198.30930654453653	226.0
198.31930701385292	223.0
198.32930748316934	223.0
198.33930795248577	226.0
198.3493084218022	226.0
198.3593088911186	228.0
198.369309360435	231.0
198.37930982975143	231.0
198.38931029906786	231.0
198.39931076838425	231.0
198.40931123770068	226.0
198.4193117070171	223.0
198.42931217633353	218.0
198.43931264564992	208.0
198.44931311496634	192.0
198.45931358428277	181.0
198.4693140535992	177.0
198.4793145229156	177.0
198.489314992232	179.0
198.49931546154843	183.0
198.50931593086486	187.0
198.51931640018125	192.0
198.52931686949768	196.0
198.5393173388141	199.0
198.54931780813052	201.0
198.55931827744692	201.0
198.56931874676334	201.0
198.57931921607977	201.0
198.58931968539616	201.0
198.5993201547126	201.0
198.609320624029	201.0
198.61932109334543	201.0
198.62932156266183	201.0
198.63932203197825	201.0
198.64932250129468	201.0
198.6593229706111	201.0
198.6693234399275	201.0
198.67932390924392	201.0
198.68932437856034	201.0
198.69932484787677	201.0
198.70932531719316	203.0
198.7193257865096	203.0
198.729326255826	203.0
198.73932672514243	203.0
198.74932719445883	203.0
198.75932766377525	203.0
198.76932813309168	201.0
198.7793286024081	199.0
198.7893290717245	199.0
198.79932954104092	199.0
198.80933001035734	201.0
198.81933047967377	206.0
198.82933094899016	220.0
198.83933141830659	236.0
198.849331887623	253.0
198.8593323569394	278.0
198.86933282625583	316.0
198.87933329557225	319.0
198.88933376488868	319.0
198.89933423420507	308.0
198.9093347035215	275.0
198.91933517283792	239.0
198.92933564215434	223.0
198.93933611147074	218.0
198.94933658078716	215.0
198.95933705010358	218.0
198.96933751942	223.0
198.9793379887364	228.0
198.98933845805283	231.0
198.99933892736925	234.0
199.00933939668568	231.0
199.01933986600207	228.0
199.0293403353185	226.0
199.03934080463492	220.0
199.04934127395134	218.0
199.05934174326774	218.0
199.06934221258416	220.0
199.07934268190058	223.0
199.089343151217	226.0
199.0993436205334	231.0
199.10934408984983	234.0
199.11934455916625	236.0
199.12934502848265	242.0
199.13934549779907	245.0
199.1493459671155	248.0
199.15934643643192	253.0
199.1693469057483	256.0
199.17934737506474	259.0
199.18934784438116	259.0
199.19934831369758	259.0
199.20934878301398	256.0
199.2193492523304	253.0
199.22934972164683	253.0
199.23935019096325	253.0
199.24935066027965	250.0
199.25935112959607	253.0
199.2693515989125	253.0
199.27935206822892	253.0
199.2893525375453	253.0
199.29935300686174	253.0
199.30935347617816	253.0
199.31935394549458	248.0
199.32935441481098	245.0
199.3393548841274	239.0
199.34935535344383	234.0
199.35935582276025	228.0
199.36935629207665	223.0
199.37935676139307	220.0
199.3893572307095	218.0
199.3993577000259	218.0
199.4093581693423	220.0
199.41935863865874	223.0
199.42935910797516	226.0
199.43935957729155	228.0
199.44936004660798	228.0
199.4593605159244	228.0
199.46936098524083	226.0
199.47936145455722	223.0
199.48936192387364	218.0
199.49936239319007	213.0
199.5093628625065	203.0
199.5193633318229	194.0
199.5293638011393	183.0
199.53936427045574	177.0
199.54936473977216	177.0
199.55936520908855	177.0
199.56936567840498	179.0
199.5793661477214	183.0
199.58936661703783	187.0
199.59936708635422	192.0
199.60936755567064	196.0
199.61936802498707	196.0
199.6293684943035	199.0
199.6393689636199	199.0
199.6493694329363	199.0
199.65936990225273	199.0
199.66937037156913	196.0
199.67937084088555	196.0
199.68937131020198	196.0
199.6993717795184	196.0
199.7093722488348	196.0
199.71937271815122	199.0
199.72937318746764	199.0
199.73937365678407	199.0
199.74937412610046	199.0
199.7593745954169	199.0
199.7693750647333	196.0
199.77937553404973	194.0
199.78937600336613	192.0
199.79937647268255	190.0
199.80937694199898	187.0
199.8193774113154	187.0
199.8293778806318	190.0
199.83937834994822	190.0
199.84937881926464	192.0
199.85937928858107	194.0
199.86937975789746	196.0
199.8793802272139	196.0
199.8893806965303	196.0
199.89938116584673	196.0
199.90938163516313	196.0
199.91938210447955	196.0
199.92938257379598	196.0
199.93938304311237	196.0
199.9493835124288	196.0
199.95938398174522	196.0
199.96938445106164	196.0
199.97938492037804	199.0
199.98938538969446	199.0
199.99938585901089	199.0
200.0093863283273	199.0
200.0193867976437	196.0
200.02938726696013	196.0
200.03938773627655	196.0
200.04938820559298	196.0
200.05938867490937	196.0
200.0693891442258	199.0
200.07938961354222	199.0
200.08939008285864	199.0
200.09939055217504	196.0
200.10939102149146	196.0
200.11939149080789	194.0
200.1293919601243	192.0
200.1393924294407	187.0
200.14939289875713	185.0
200.15939336807355	181.0
200.16939383738998	179.0
200.17939430670637	179.0
200.1893947760228	177.0
200.19939524533922	179.0
200.2093957146556	181.0
200.21939618397204	183.0
200.22939665328846	187.0
200.23939712260488	194.0
200.24939759192128	199.0
200.2593980612377	201.0
200.26939853055413	203.0
200.27939899987055	201.0
200.28939946918695	201.0
200.29939993850337	199.0
200.3094004078198	196.0
200.31940087713622	194.0
200.3294013464526	192.0
200.33940181576904	187.0
200.34940228508546	185.0
200.35940275440188	183.0
200.36940322371828	181.0
200.3794036930347	181.0
200.38940416235113	179.0
200.39940463166755	179.0
200.40940510098395	179.0
200.41940557030037	179.0
200.4294060396168	181.0
200.43940650893322	183.0
200.4494069782496	185.0
200.45940744756604	190.0
200.46940791688246	192.0
200.47940838619886	194.0
200.48940885551528	196.0
200.4994093248317	199.0
200.50940979414813	199.0
200.51941026346452	199.0
200.52941073278095	199.0
200.53941120209737	199.0
200.5494116714138	196.0
200.5594121407302	196.0
200.5694126100466	194.0
200.57941307936304	192.0
200.58941354867946	192.0
200.59941401799585	190.0
200.60941448731228	190.0
200.6194149566287	187.0
200.62941542594513	187.0
200.63941589526152	185.0
200.64941636457795	185.0
200.65941683389437	185.0
200.6694173032108	185.0
200.6794177725272	187.0
200.6894182418436	187.0
200.69941871116004	190.0
200.70941918047646	192.0
200.71941964979285	194.0
200.72942011910928	196.0
200.7394205884257	199.0
200.7494210577421	201.0
200.75942152705852	201.0
200.76942199637494	201.0
200.77942246569137	201.0
200.78942293500776	201.0
200.7994234043242	201.0
200.8094238736406	199.0
200.81942434295703	199.0
200.82942481227343	199.0
200.83942528158985	199.0
200.84942575090628	199.0
200.8594262202227	199.0
200.8694266895391	199.0
200.87942715885552	199.0
200.88942762817194	201.0
200.89942809748837	201.0
200.90942856680476	201.0
200.9194290361212	201.0
200.9294295054376	201.0
200.93942997475403	201.0
200.94943044407043	201.0
200.95943091338685	201.0
200.96943138270328	201.0
200.9794318520197	199.0
200.9894323213361	196.0
200.99943279065252	194.0
201.00943325996894	192.0
201.01943372928534	187.0
201.02943419860176	183.0
201.0394346679182	179.0
201.0494351372346	173.0
201.059435606551	167.0
201.06943607586743	159.0
201.07943654518385	154.0
201.08943701450028	152.0
201.09943748381667	154.0
201.1094379531331	156.0
201.11943842244952	159.0
201.12943889176594	163.0
201.13943936108234	169.0
201.14943983039876	175.0
201.1594402997152	185.0
201.1694407690316	194.0
201.179441238348	201.0
201.18944170766443	203.0
201.19944217698085	203.0
201.20944264629728	201.0
201.21944311561367	196.0
201.2294435849301	190.0
201.23944405424652	183.0
201.24944452356294	175.0
201.25944499287934	167.0
201.26944546219576	163.0
201.27944593151219	163.0
201.28944640082858	163.0
201.299446870145	167.0
201.30944733946143	173.0
201.31944780877785	179.0
201.32944827809425	190.0
201.33944874741067	203.0
201.3494492167271	213.0
201.35944968604352	220.0
201.3694501553599	223.0
201.37945062467634	220.0
201.38945109399276	210.0
201.39945156330919	201.0
201.40945203262558	187.0
201.419452501942	175.0
201.42945297125843	165.0
201.43945344057485	161.0
201.44945390989125	161.0
201.45945437920767	163.0
201.4694548485241	169.0
201.47945531784052	173.0
201.4894557871569	179.0
201.49945625647334	183.0
201.50945672578976	185.0
201.51945719510618	187.0
201.52945766442258	185.0
201.539458133739	181.0
201.54945860305543	175.0
201.55945907237182	167.0
201.56945954168825	159.0
201.57946001100467	154.0
201.5894604803211	152.0
201.5994609496375	150.0
201.6094614189539	150.0
201.61946188827034	150.0
201.62946235758676	150.0
201.63946282690316	150.0
201.64946329621958	150.0
201.659463765536	150.0
201.66946423485243	149.0
201.67946470416882	147.0
201.68946517348525	145.0
201.69946564280167	144.0
201.7094661121181	145.0
201.7194665814345	145.0
201.7294670507509	147.0
201.73946752006734	149.0
201.74946798938376	150.0
201.75946845870016	150.0
201.76946892801658	152.0
201.779469397333	152.0
201.78946986664943	152.0
201.79947033596582	0.0
201.80947080528225	0.0
201.81947127459867	0.0
201.82947174391506	0.0
201.8394722132315	0.0
201.8494726825479	0.0
201.85947315186434	0.0
201.86947362118073	0.0
201.87947409049715	0.0
201.88947455981358	0.0
201.89947502913	0.0
201.9094754984464	0.0
201.91947596776282	0.0
201.92947643707924	0.0
201.93947690639567	0.0
201.94947737571206	0.0
201.9594778450285	0.0
201.9694783143449	0.0
201.97947878366134	0.0
201.98947925297773	0.0
201.99947972229415	0.0
202.00948019161058	0.0
202.019480660927	0.0
202.0294811302434	0.0
202.03948159955982	0.0
202.04948206887624	0.0
202.05948253819267	0.0
202.06948300750906	0.0
202.0794834768255	0.0
202.0894839461419	0.0
202.0994844154583	0.0
202.10948488477473	0.0
202.11948535409115	0.0
202.12948582340758	0.0
202.13948629272397	0.0
202.1494867620404	0.0
202.15948723135682	0.0
202.16948770067324	0.0
202.17948816998964	0.0
202.18948863930606	0.0
202.1994891086225	0.0
202.2094895779389	0.0
202.2194900472553	0.0
202.22949051657173	0.0
202.23949098588815	0.0
202.24949145520458	0.0
202.25949192452097	0.0
202.2694923938374	0.0
202.27949286315382	0.0
202.28949333247024	0.0
202.29949380178664	0.0
202.30949427110306	0.0
202.3194947404195	0.0
202.3294952097359	0.0
202.3394956790523	0.0
202.34949614836873	0.0
202.35949661768515	0.0
202.36949708700155	0.0
202.37949755631797	0.0
202.3894980256344	0.0
202.39949849495082	0.0
202.40949896426721	0.0
202.41949943358364	0.0
202.42949990290006	0.0
202.4395003722165	0.0
202.44950084153288	0.0
202.4595013108493	0.0
202.46950178016573	0.0
202.47950224948215	0.0
202.48950271879855	0.0
202.49950318811497	0.0
202.5095036574314	0.0
202.51950412674782	0.0
202.5295045960642	0.0
202.53950506538064	0.0
202.54950553469706	0.0
202.55950600401349	0.0
202.56950647332988	0.0
202.5795069426463	0.0
202.58950741196273	0.0
202.59950788127915	0.0
202.60950835059555	0.0
202.61950881991197	0.0
202.6295092892284	0.0
202.6395097585448	0.0
202.6495102278612	0.0
202.65951069717764	0.0
202.66951116649406	0.0
202.67951163581046	0.0
202.68951210512688	0.0
202.6995125744433	0.0
202.70951304375973	0.0
202.71951351307612	0.0
202.72951398239255	0.0
202.73951445170897	0.0
202.7495149210254	0.0
202.7595153903418	0.0
202.7695158596582	0.0
202.77951632897464	0.0
202.78951679829106	0.0
202.79951726760746	0.0
202.80951773692388	0.0
202.8195182062403	0.0
202.82951867555673	0.0
202.83951914487312	0.0
202.84951961418955	0.0
202.85952008350597	0.0
202.8695205528224	0.0
202.8795210221388	0.0
202.8895214914552	0.0
202.89952196077164	0.0
202.90952243008806	0.0
202.91952289940446	0.0
202.92952336872088	218.0
202.9395238380373	215.0
202.9495243073537	208.0
202.95952477667012	206.0
202.96952524598655	206.0
202.97952571530297	210.0
202.98952618461936	213.0
202.9995266539358	215.0
203.0095271232522	218.0
203.01952759256864	220.0
203.02952806188503	220.0
203.03952853120146	218.0
203.04952900051788	215.0
203.0595294698343	210.0
203.0695299391507	206.0
203.07953040846712	196.0
203.08953087778355	190.0
203.09953134709997	183.0
203.10953181641636	179.0
203.1195322857328	179.0
203.1295327550492	181.0
203.13953322436564	185.0
203.14953369368203	187.0
203.15953416299845	190.0
203.16953463231488	192.0
203.1795351016313	194.0
203.1895355709477	194.0
203.19953604026412	194.0
203.20953650958054	194.0
203.21953697889694	192.0
203.22953744821336	190.0
203.2395379175298	185.0
203.2495383868462	181.0
203.2595388561626	177.0
203.26953932547903	175.0
203.27953979479545	175.0
203.28954026411188	175.0
203.29954073342827	179.0
203.3095412027447	183.0
203.31954167206112	190.0
203.32954214137754	194.0
203.33954261069394	196.0
203.34954308001036	201.0
203.3595435493268	203.0
203.3695440186432	203.0
203.3795444879596	199.0
203.38954495727603	192.0
203.39954542659245	185.0
203.40954589590888	181.0
203.41954636522527	179.0
203.4295468345417	181.0
203.43954730385812	185.0
203.44954777317454	192.0
203.45954824249094	196.0
203.46954871180736	203.0
203.4795491811238	208.0
203.48954965044018	208.0
203.4995501197566	206.0
203.50955058907303	194.0
203.51955105838945	192.0
203.52955152770585	181.0
203.53955199702227	163.0
203.5495524663387	152.0
203.55955293565512	152.0
203.56955340497151	154.0
203.57955387428794	158.0
203.58955434360436	163.0
203.5995548129208	169.0
203.60955528223718	175.0
203.6195557515536	181.0
203.62955622087003	183.0
203.63955669018645	183.0
203.64955715950285	181.0
203.65955762881927	177.0
203.6695580981357	171.0
203.67955856745212	158.0
203.68955903676851	152.0
203.69955950608494	150.0
203.70955997540136	152.0
203.71956044471779	156.0
203.72956091403418	163.0
203.7395613833506	173.0
203.74956185266703	179.0
203.75956232198342	185.0
203.76956279129985	192.0
203.77956326061627	196.0
203.7895637299327	196.0
203.7995641992491	190.0
203.8095646685655	181.0
203.81956513788194	171.0
203.82956560719836	163.0
203.83956607651476	163.0
203.84956654583118	169.0
203.8595670151476	181.0
203.86956748446403	194.0
203.87956795378042	208.0
203.88956842309685	218.0
203.89956889241327	228.0
203.9095693617297	231.0
203.9195698310461	228.0
203.9295703003625	215.0
203.93957076967894	206.0
203.94957123899536	173.0
203.95957170831176	163.0
203.96957217762818	161.0
203.9795726469446	163.0
203.98957311626103	171.0
203.99957358557742	175.0
204.00957405489385	181.0
204.01957452421027	183.0
204.02957499352667	183.0
204.0395754628431	179.0
204.0495759321595	173.0
204.05957640147594	165.0
204.06957687079233	154.0
204.07957734010876	145.0
204.08957780942518	144.0
204.0995782787416	144.0
204.109578748058	145.0
204.11957921737442	147.0
204.12957968669085	149.0
204.13958015600727	149.0
204.14958062532367	149.0
204.1595810946401	147.0
204.1695815639565	142.0
204.17958203327294	139.0
204.18958250258933	134.0
204.19958297190576	128.0
204.20958344122218	122.0
204.2195839105386	121.0
204.229584379855	0.0
204.23958484917142	0.0
204.24958531848785	0.0
204.25958578780427	149.0
204.26958625712066	149.0
204.2795867264371	147.0
204.2895871957535	0.0
204.2995876650699	0.0
204.30958813438633	0.0
204.31958860370275	0.0
204.32958907301918	0.0
204.33958954233557	0.0
204.349590011652	0.0
204.35959048096842	0.0
204.36959095028485	0.0
204.37959141960124	0.0
204.38959188891766	0.0
204.3995923582341	0.0
204.4095928275505	0.0
204.4195932968669	0.0
204.42959376618333	0.0
204.43959423549975	0.0
204.44959470481618	0.0
204.45959517413257	0.0
204.469595643449	0.0
204.47959611276542	0.0
204.48959658208184	0.0
204.49959705139824	0.0
204.50959752071466	0.0
204.5195979900311	0.0
204.5295984593475	0.0
204.5395989286639	0.0
204.54959939798033	0.0
204.55959986729675	0.0
204.56960033661315	0.0
204.57960080592957	0.0
204.589601275246	0.0
204.59960174456242	0.0
204.60960221387882	0.0
204.61960268319524	0.0
204.62960315251166	0.0
204.6396036218281	0.0
204.64960409114448	0.0
204.6596045604609	0.0
204.66960502977733	0.0
204.67960549909375	0.0
204.68960596841015	0.0
204.69960643772657	0.0
204.709606907043	0.0
204.71960737635942	0.0
204.72960784567582	0.0
204.73960831499224	0.0
204.74960878430866	0.0
204.7596092536251	0.0
204.76960972294148	0.0
204.7796101922579	0.0
204.78961066157433	0.0
204.79961113089075	0.0
204.80961160020715	0.0
204.81961206952357	0.0
204.82961253884	0.0
204.8396130081564	0.0
204.84961347747281	0.0
204.85961394678924	0.0
204.86961441610566	0.0
204.87961488542206	0.0
204.88961535473848	0.0
204.8996158240549	0.0
204.90961629337133	0.0
204.91961676268772	0.0
204.92961723200415	0.0
204.93961770132057	0.0
204.949618170637	0.0
204.9596186399534	0.0
204.96961910926981	0.0
204.97961957858624	0.0
204.98962004790266	0.0
204.99962051721906	0.0
205.00962098653548	0.0
205.0196214558519	0.0
205.02962192516833	0.0
205.03962239448472	0.0
205.04962286380115	0.0
205.05962333311757	0.0
205.069623802434	0.0
205.0796242717504	0.0
205.0896247410668	0.0
205.09962521038324	0.0
205.10962567969963	0.0
205.11962614901606	0.0
205.12962661833248	0.0
205.1396270876489	0.0
205.1496275569653	0.0
205.15962802628172	0.0
205.16962849559815	0.0
205.17962896491457	0.0
205.18962943423097	223.0
205.1996299035474	228.0
205.2096303728638	242.0
205.21963084218024	253.0
205.22963131149663	305.0
205.23963178081306	375.0
205.24963225012948	389.0
205.2596327194459	393.0
205.2696331887623	393.0
205.27963365807872	389.0
205.28963412739515	371.0
205.29963459671157	346.0
205.30963506602797	301.0
205.3196355353444	284.0
205.3296360046608	281.0
205.33963647397724	284.0
205.34963694329363	288.0
205.35963741261006	294.0
205.36963788192648	298.0
205.37963835124287	301.0
205.3896388205593	301.0
205.39963928987572	301.0
205.40963975919215	298.0
205.41964022850854	291.0
205.42964069782496	284.0
205.4396411671414	278.0
205.4496416364578	268.0
205.4596421057742	253.0
205.46964257509063	239.0
205.47964304440706	228.0
205.48964351372348	223.0
205.49964398303987	223.0
205.5096444523563	228.0
205.51964492167272	236.0
205.52964539098915	248.0
205.53964586030554	259.0
205.54964632962196	278.0
205.5596467989384	288.0
205.5696472682548	298.0
205.5796477375712	301.0
205.58964820688763	294.0
205.59964867620405	275.0
205.60964914552048	253.0
205.61964961483687	234.0
205.6296500841533	228.0
205.63965055346972	231.0
205.64965102278612	242.0
205.65965149210254	259.0
205.66965196141896	281.0
205.6796524307354	298.0
205.68965290005178	316.0
205.6996533693682	334.0
205.70965383868463	334.0
205.71965430800105	323.0
205.72965477731745	301.0
205.73965524663387	272.0
205.7496557159503	245.0
205.75965618526672	234.0
205.76965665458312	231.0
205.77965712389954	231.0
205.78965759321596	236.0
205.7996580625324	245.0
205.80965853184878	253.0
205.8196590011652	265.0
205.82965947048163	268.0
205.83965993979805	268.0
205.84966040911445	259.0
205.85966087843087	253.0
205.8696613477473	245.0
205.87966181706372	239.0
205.88966228638012	239.0
205.89966275569654	242.0
205.90966322501296	250.0
205.91966369432936	259.0
205.92966416364578	278.0
205.9396646329622	298.0
205.94966510227863	331.0
205.95966557159502	350.0
205.96966604091145	350.0
205.97966651022787	338.0
205.9896669795443	308.0
205.9996674488607	278.0
206.00966791817712	250.0
206.01966838749354	234.0
206.02966885680996	234.0
206.03966932612636	236.0
206.04966979544278	248.0
206.0596702647592	256.0
206.06967073407563	265.0
206.07967120339202	281.0
206.08967167270845	284.0
206.09967214202487	284.0
206.1096726113413	284.0
206.1196730806577	281.0
206.12967354997411	272.0
206.13967401929054	265.0
206.14967448860696	253.0
206.15967495792336	250.0
206.16967542723978	256.0
206.1796758965562	265.0
206.1896763658726	275.0
206.19967683518902	288.0
206.20967730450545	298.0
206.21967777382187	298.0
206.22967824313827	291.0
206.2396787124547	275.0
206.2496791817711	253.0
206.25967965108754	228.0
206.26968012040393	210.0
206.27968058972036	210.0
206.28968105903678	215.0
206.2996815283532	223.0
206.3096819976696	234.0
206.31968246698602	239.0
206.32968293630245	242.0
206.33968340561887	242.0
206.34968387493527	236.0
206.3596843442517	223.0
206.3696848135681	201.0
206.37968528288454	183.0
206.38968575220093	173.0
206.39968622151736	169.0
206.40968669083378	169.0
206.4196871601502	173.0
206.4296876294666	179.0
206.43968809878302	187.0
206.44968856809945	192.0
206.45968903741584	194.0
206.46968950673227	194.0
206.4796899760487	192.0
206.4896904453651	185.0
206.4996909146815	175.0
206.50969138399793	169.0
206.51969185331436	167.0
206.52969232263078	167.0
206.53969279194718	171.0
206.5496932612636	177.0
206.55969373058002	185.0
206.56969419989645	194.0
206.57969466921284	201.0
206.58969513852927	206.0
206.5996956078457	206.0
206.6096960771621	201.0
206.6196965464785	192.0
206.62969701579493	181.0
206.63969748511136	175.0
206.64969795442778	175.0
206.65969842374417	179.0
206.6696988930606	187.0
206.67969936237702	196.0
206.68969983169345	206.0
206.69970030100984	213.0
206.70970077032626	213.0
206.7197012396427	213.0
206.72970170895908	203.0
206.7397021782755	194.0
206.74970264759193	169.0
206.75970311690836	158.0
206.76970358622475	149.0
206.77970405554117	149.0
206.7897045248576	154.0
206.79970499417402	159.0
206.80970546349042	167.0
206.81970593280684	173.0
206.82970640212326	179.0
206.8397068714397	181.0
206.84970734075608	181.0
206.8597078100725	177.0
206.86970827938893	169.0
206.87970874870535	154.0
206.88970921802175	150.0
206.89970968733817	149.0
206.9097101566546	150.0
206.91971062597102	158.0
206.92971109528742	173.0
206.93971156460384	185.0
206.94971203392026	190.0
206.9597125032367	199.0
206.96971297255308	201.0
206.9797134418695	199.0
206.98971391118593	187.0
206.99971438050233	177.0
207.00971484981875	161.0
207.01971531913517	152.0
207.0297157884516	152.0
207.039716257768	159.0
207.04971672708442	183.0
207.05971719640084	192.0
207.06971766571726	203.0
207.07971813503366	213.0
207.08971860435008	218.0
207.0997190736665	215.0
207.10971954298293	208.0
207.11972001229933	199.0
207.12972048161575	185.0
207.13972095093217	150.0
207.1497214202486	147.0
207.159721889565	150.0
207.16972235888142	167.0
207.17972282819784	173.0
207.18972329751426	181.0
207.19972376683066	185.0
207.20972423614708	185.0
207.2197247054635	185.0
207.22972517477993	179.0
207.23972564409632	169.0
207.24972611341275	147.0
207.25972658272917	132.0
207.26972705204557	131.0
207.279727521362	131.0
207.28972799067841	136.0
207.29972845999484	142.0
207.30972892931123	147.0
207.31972939862766	152.0
207.32972986794408	154.0
207.3397303372605	154.0
207.3497308065769	152.0
207.35973127589332	149.0
207.36973174520975	142.0
207.37973221452617	142.0
207.38973268384257	142.0
207.399733153159	144.0
207.40973362247541	156.0
207.41973409179184	175.0
207.42973456110823	190.0
207.43973503042466	199.0
207.44973549974108	203.0
207.4597359690575	208.0
207.4697364383739	203.0
207.47973690769032	190.0
207.48973737700675	169.0
207.49973784632317	159.0
207.50973831563957	150.0
207.519738784956	150.0
207.5297392542724	154.0
207.5397397235888	163.0
207.54974019290523	179.0
207.55974066222166	185.0
207.56974113153808	192.0
207.57974160085448	192.0
207.5897420701709	192.0
207.59974253948732	190.0
207.60974300880375	181.0
207.61974347812014	173.0
207.62974394743657	159.0
207.639744416753	158.0
207.6497448860694	158.0
207.6597453553858	163.0
207.66974582470223	171.0
207.67974629401866	181.0
207.68974676333508	194.0
207.69974723265148	201.0
207.7097477019679	206.0
207.71974817128432	206.0
207.72974864060075	201.0
207.73974910991714	194.0
207.74974957923357	185.0
207.75975004855	173.0
207.7697505178664	171.0
207.7797509871828	177.0
207.78975145649923	201.0
207.79975192581566	220.0
207.80975239513205	231.0
207.81975286444847	236.0
207.8297533337649	239.0
207.83975380308132	236.0
207.84975427239772	223.0
207.85975474171414	218.0
207.86975521103057	177.0
207.879755680347	161.0
207.88975614966338	159.0
207.8997566189798	161.0
207.90975708829623	169.0
207.91975755761266	177.0
207.92975802692905	185.0
207.93975849624547	196.0
207.9497589655619	201.0
207.95975943487832	201.0
207.96975990419472	199.0
207.97976037351114	192.0
207.98976084282756	187.0
207.999761312144	187.0
208.00976178146038	187.0
208.0197622507768	196.0
208.02976272009323	208.0
208.03976318940965	220.0
208.04976365872605	239.0
208.05976412804247	248.0
208.0697645973589	253.0
208.0797650666753	256.0
208.08976553599172	253.0
208.09976600530814	248.0
208.10976647462456	239.0
208.11976694394096	234.0
208.12976741325738	231.0
208.1397678825738	231.0
208.14976835189023	239.0
208.15976882120663	248.0
208.16976929052305	268.0
208.17976975983947	288.0
208.1897702291559	312.0
208.1997706984723	331.0
208.20977116778872	331.0
208.21977163710514	316.0
208.22977210642156	291.0
208.23977257573796	250.0
208.24977304505438	242.0
208.2597735143708	242.0
208.26977398368723	245.0
208.27977445300363	253.0
208.28977492232005	262.0
208.29977539163647	275.0
208.3097758609529	284.0
208.3197763302693	291.0
208.32977679958572	298.0
208.33977726890214	301.0
208.34977773821853	301.0
208.35977820753496	298.0
208.36977867685138	294.0
208.3797791461678	291.0
208.3897796154842	288.0
208.39978008480062	288.0
208.40978055411705	291.0
208.41978102343347	301.0
208.42978149274987	312.0
208.4397819620663	334.0
208.44978243138272	363.0
208.45978290069914	393.0
208.46978337001553	407.0
208.47978383933196	412.0
208.48978430864838	412.0
208.4997847779648	402.0
208.5097852472812	389.0
208.51978571659762	363.0
208.52978618591405	342.0
208.53978665523047	331.0
208.54978712454687	323.0
208.5597875938633	319.0
208.56978806317971	323.0
208.57978853249614	331.0
208.58978900181253	338.0
208.59978947112896	350.0
208.60978994044538	367.0
208.61979040976178	375.0
208.6297908790782	389.0
208.63979134839462	393.0
208.64979181771105	393.0
208.65979228702744	393.0
208.66979275634387	389.0
208.6797932256603	380.0
208.68979369497671	375.0
208.6997941642931	367.0
208.70979463360953	363.0
208.71979510292596	363.0
208.72979557224238	363.0
208.73979604155878	367.0
208.7497965108752	375.0
208.75979698019162	384.0
208.76979744950805	389.0
208.77979791882444	389.0
208.78979838814087	393.0
208.7997988574573	393.0
208.8097993267737	389.0
208.8197997960901	384.0
208.82980026540653	375.0
208.83980073472296	367.0
208.84980120403938	350.0
208.85980167335578	334.0
208.8698021426722	316.0
208.87980261198862	301.0
208.88980308130502	281.0
208.89980355062144	265.0
208.90980401993787	250.0
208.9198044892543	236.0
208.92980495857068	228.0
208.9398054278871	220.0
208.94980589720353	210.0
208.95980636651996	201.0
208.96980683583635	194.0
208.97980730515278	185.0
208.9898077744692	181.0
208.99980824378562	175.0
209.00980871310202	169.0
209.01980918241844	163.0
209.02980965173487	159.0
209.0398101210513	158.0
209.04981059036768	156.0
209.0598110596841	154.0
209.06981152900053	154.0
209.07981199831696	152.0
209.08981246763335	150.0
209.09981293694977	149.0
209.1098134062662	147.0
209.11981387558262	145.0
209.12981434489902	145.0
209.13981481421544	145.0
209.14981528353186	145.0
209.15981575284826	145.0
209.16981622216468	145.0
209.1798166914811	149.0
209.18981716079753	154.0
209.19981763011393	161.0
209.20981809943035	171.0
209.21981856874677	179.0
209.2298190380632	185.0
209.2398195073796	190.0
209.24981997669602	192.0
209.25982044601244	192.0
209.26982091532886	187.0
209.27982138464526	183.0
209.28982185396168	177.0
209.2998223232781	173.0
209.30982279259453	167.0
209.31982326191093	167.0
209.32982373122735	167.0
209.33982420054377	169.0
209.3498246698602	171.0
209.3598251391766	171.0
209.36982560849302	173.0
209.37982607780944	173.0
209.38982654712586	171.0
209.39982701644226	169.0
209.40982748575868	169.0
209.4198279550751	167.0
209.4298284243915	169.0
209.43982889370793	171.0
209.44982936302435	177.0
209.45982983234077	185.0
209.46983030165717	192.0
209.4798307709736	196.0
209.48983124029002	201.0
209.49983170960644	201.0
209.50983217892284	199.0
209.51983264823926	196.0
209.52983311755568	190.0
209.5398335868721	185.0
209.5498340561885	179.0
209.55983452550493	175.0
209.56983499482135	173.0
209.57983546413777	171.0
209.58983593345417	169.0
209.5998364027706	169.0
209.60983687208702	169.0
209.61983734140344	169.0
209.62983781071983	171.0
209.63983828003626	173.0
209.64983874935268	177.0
209.6598392186691	183.0
209.6698396879855	190.0
209.67984015730192	194.0
209.68984062661835	199.0
209.69984109593474	201.0
209.70984156525117	201.0
209.7198420345676	199.0
209.72984250388402	194.0
209.7398429732004	185.0
209.74984344251683	179.0
209.75984391183326	171.0
209.76984438114968	165.0
209.77984485046608	163.0
209.7898453197825	163.0
209.79984578909892	163.0
209.80984625841535	165.0
209.81984672773174	169.0
209.82984719704817	173.0
209.8398476663646	179.0
209.84984813568101	181.0
209.8598486049974	185.0
209.86984907431383	190.0
209.87984954363026	192.0
209.88985001294668	194.0
209.89985048226308	194.0
209.9098509515795	194.0
209.91985142089592	190.0
209.92985189021235	183.0
209.93985235952874	177.0
209.94985282884517	173.0
209.9598532981616	169.0
209.96985376747799	167.0
209.9798542367944	167.0
209.98985470611083	167.0
209.99985517542726	171.0
210.00985564474365	177.0
210.01985611406008	181.0
210.0298565833765	185.0
210.03985705269292	187.0
210.04985752200932	192.0
210.05985799132574	194.0
210.06985846064217	196.0
210.0798589299586	194.0
210.08985939927499	192.0
210.0998598685914	185.0
210.10986033790783	179.0
210.11986080722426	173.0
210.12986127654065	171.0
210.13986174585708	171.0
210.1498622151735	173.0
210.15986268448992	177.0
210.16986315380632	183.0
210.17986362312274	187.0
210.18986409243917	192.0
210.1998645617556	194.0
210.20986503107198	196.0
210.2198655003884	196.0
210.22986596970483	194.0
210.23986643902123	190.0
210.24986690833765	185.0
210.25986737765407	181.0
210.2698678469705	179.0
210.2798683162869	179.0
210.28986878560332	181.0
210.29986925491974	187.0
210.30986972423617	199.0
210.31987019355256	206.0
210.32987066286898	218.0
210.3398711321854	226.0
210.34987160150183	228.0
210.35987207081823	228.0
210.36987254013465	223.0
210.37987300945107	213.0
210.3898734787675	199.0
210.3998739480839	185.0
210.40987441740032	181.0
210.41987488671674	183.0
210.42987535603316	192.0
210.43987582534956	199.0
210.44987629466598	206.0
210.4598767639824	210.0
210.46987723329883	213.0
210.47987770261523	215.0
210.48987817193165	213.0
210.49987864124807	208.0
210.50987911056447	199.0
210.5198795798809	194.0
210.52988004919732	192.0
210.53988051851374	192.0
210.54988098783014	199.0
210.55988145714656	210.0
210.56988192646298	223.0
210.5798823957794	231.0
210.5898828650958	239.0
210.59988333441223	245.0
210.60988380372865	250.0
210.61988427304507	250.0
210.62988474236147	250.0
210.6398852116779	250.0
210.64988568099432	248.0
210.65988615031074	245.0
210.66988661962714	239.0
210.67988708894356	236.0
210.68988755825998	234.0
210.6998880275764	236.0
210.7098884968928	239.0
210.71988896620923	245.0
210.72988943552565	253.0
210.73988990484207	265.0
210.74989037415847	278.0
210.7598908434749	294.0
210.76989131279132	305.0
210.7798917821077	312.0
210.78989225142413	312.0
210.79989272074056	308.0
210.80989319005698	301.0
210.81989365937338	291.0
210.8298941286898	278.0
210.83989459800623	265.0
210.84989506732265	256.0
210.85989553663904	248.0
210.86989600595547	242.0
210.8798964752719	242.0
210.88989694458832	242.0
210.8998974139047	245.0
210.90989788322113	250.0
210.91989835253756	256.0
210.92989882185398	268.0
210.93989929117038	278.0
210.9498997604868	291.0
210.95990022980322	298.0
210.96990069911965	305.0
210.97990116843604	308.0
210.98990163775247	308.0
210.9999021070689	305.0
211.00990257638531	301.0
211.0199030457017	298.0
211.02990351501813	294.0
211.03990398433456	291.0
211.04990445365095	291.0
211.05990492296738	284.0
211.0699053922838	281.0
211.07990586160022	278.0
211.08990633091662	272.0
211.09990680023304	265.0
211.10990726954947	256.0
211.1199077388659	250.0
211.1299082081823	245.0
211.1399086774987	236.0
211.14990914681513	228.0
211.15990961613156	223.0
211.16991008544795	218.0
211.17991055476438	213.0
211.1899110240808	210.0
211.19991149339722	206.0
211.20991196271362	199.0
211.21991243203004	194.0
211.22991290134647	187.0
211.2399133706629	183.0
211.24991383997929	179.0
211.2599143092957	173.0
211.26991477861213	169.0
211.27991524792856	165.0
211.28991571724495	161.0
211.29991618656138	159.0
211.3099166558778	158.0
211.31991712519422	156.0
211.32991759451062	154.0
211.33991806382704	152.0
211.34991853314347	152.0
211.35991900245986	149.0
211.36991947177629	147.0
211.3799199410927	145.0
211.38992041040913	144.0
211.39992087972553	142.0
211.40992134904195	142.0
211.41992181835838	140.0
211.4299222876748	140.0
211.4399227569912	140.0
211.44992322630762	142.0
211.45992369562404	144.0
211.46992416494047	145.0
211.47992463425686	147.0
211.48992510357328	147.0
211.4999255728897	149.0
211.50992604220613	147.0
211.51992651152253	147.0
211.52992698083895	145.0
211.53992745015537	145.0
211.5499279194718	145.0
211.5599283887882	147.0
211.56992885810462	147.0
211.57992932742104	149.0
211.58992979673747	149.0
211.59993026605386	149.0
211.60993073537028	149.0
211.6199312046867	149.0
211.6299316740031	149.0
211.63993214331953	149.0
211.64993261263595	150.0
211.65993308195237	152.0
211.66993355126877	156.0
211.6799340205852	161.0
211.68993448990162	171.0
211.69993495921804	179.0
211.70993542853444	187.0
211.71993589785086	196.0
211.72993636716728	203.0
211.7399368364837	210.0
211.7499373058001	215.0
211.75993777511653	220.0
211.76993824443295	223.0
211.77993871374937	226.0
211.78993918306577	226.0
211.7999396523822	228.0
211.80994012169862	231.0
211.81994059101504	231.0
211.82994106033144	231.0
211.83994152964786	231.0
211.84994199896428	228.0
211.8599424682807	228.0
211.8699429375971	228.0
211.87994340691353	228.0
211.88994387622995	228.0
211.89994434554634	228.0
211.90994481486277	226.0
211.9199452841792	223.0
211.92994575349562	220.0
211.939946222812	215.0
211.94994669212844	210.0
211.95994716144486	206.0
211.96994763076128	201.0
211.97994810007768	196.0
211.9899485693941	190.0
211.99994903871053	187.0
212.00994950802695	190.0
212.01994997734334	192.0
212.02995044665977	196.0
212.0399509159762	196.0
212.04995138529262	199.0
212.059951854609	199.0
212.06995232392543	199.0
212.07995279324186	199.0
212.08995326255828	199.0
212.09995373187468	196.0
212.1099542011911	196.0
212.11995467050752	199.0
212.12995513982395	199.0
212.13995560914034	199.0
212.14995607845677	201.0
212.1599565477732	201.0
212.1699570170896	201.0
212.179957486406	201.0
212.18995795572243	201.0
212.19995842503886	203.0
212.20995889435525	201.0
212.21995936367168	201.0
212.2299598329881	199.0
212.23996030230452	199.0
212.24996077162092	194.0
212.25996124093734	192.0
212.26996171025377	185.0
212.2799621795702	181.0
212.2899626488866	179.0
212.299963118203	177.0
212.30996358751943	177.0
212.31996405683586	177.0
212.32996452615225	179.0
212.33996499546868	183.0
212.3499654647851	185.0
212.35996593410152	190.0
212.36996640341792	194.0
212.37996687273434	196.0
212.38996734205077	201.0
212.3999678113672	203.0
212.4099682806836	206.0
212.41996875	206.0
212.42996921931643	206.0
212.43996968863283	201.0
212.44997015794925	199.0
212.45997062726568	194.0
212.4699710965821	192.0
212.4799715658985	187.0
212.48997203521492	187.0
212.49997250453134	185.0
212.50997297384777	185.0
212.51997344316416	185.0
212.52997391248059	185.0
212.539974381797	187.0
212.54997485111343	190.0
212.55997532042983	192.0
212.56997578974625	194.0
212.57997625906268	196.0
212.5899767283791	199.0
212.5999771976955	199.0
212.60997766701192	199.0
212.61997813632834	201.0
212.62997860564477	199.0
212.63997907496116	199.0
212.64997954427758	199.0
212.659980013594	199.0
212.66998048291043	199.0
212.67998095222683	196.0
212.68998142154325	194.0
212.69998189085968	192.0
212.70998236017607	187.0
212.7199828294925	181.0
212.72998329880892	177.0
212.73998376812534	171.0
212.74998423744174	169.0
212.75998470675816	165.0
212.76998517607458	163.0
212.779985645391	163.0
212.7899861147074	165.0
212.79998658402383	167.0
212.80998705334025	169.0
212.81998752265667	169.0
212.82998799197307	171.0
212.8399884612895	171.0
212.84998893060592	171.0
212.85998939992234	171.0
212.86998986923874	171.0
212.87999033855516	171.0
212.88999080787158	171.0
212.899991277188	169.0
212.9099917465044	169.0
212.91999221582083	167.0
212.92999268513725	167.0
212.93999315445367	165.0
212.94999362377007	165.0
212.9599940930865	165.0
212.96999456240292	167.0
212.9799950317193	171.0
212.98999550103574	173.0
212.99999597035216	177.0
213.00999643966858	181.0
213.01999690898498	183.0
213.0299973783014	183.0
213.03999784761783	183.0
213.04999831693425	183.0
213.05999878625065	179.0
213.06999925556707	173.0
213.0799997248835	169.0
213.09000019419992	165.0
213.1000006635163	165.0
213.11000113283274	165.0
213.12000160214916	167.0
213.13000207146558	169.0
213.14000254078198	171.0
213.1500030100984	173.0
213.16000347941483	173.0
213.17000394873125	173.0
213.18000441804764	171.0
213.19000488736407	169.0
213.2000053566805	165.0
213.21000582599692	161.0
213.2200062953133	159.0
213.23000676462974	158.0
213.24000723394616	159.0
213.25000770326255	161.0
213.26000817257898	165.0
213.2700086418954	171.0
213.28000911121183	179.0
213.29000958052822	185.0
213.30001004984464	187.0
213.31001051916107	187.0
213.3200109884775	183.0
213.3300114577939	177.0
213.3400119271103	171.0
213.35001239642673	169.0
213.36001286574316	167.0
213.37001333505955	171.0
213.38001380437598	177.0
213.3900142736924	187.0
213.40001474300882	196.0
213.41001521232522	213.0
213.42001568164164	226.0
213.43001615095807	234.0
213.4400166202745	239.0
213.4500170895909	234.0
213.4600175589073	226.0
213.47001802822373	215.0
213.48001849754016	199.0
213.49001896685655	169.0
213.50001943617298	163.0
213.5100199054894	161.0
213.5200203748058	163.0
213.53002084412222	171.0
213.54002131343864	179.0
213.55002178275507	187.0
213.56002225207146	192.0
213.5700227213879	194.0
213.5800231907043	192.0
213.59002366002073	190.0
213.60002412933713	183.0
213.61002459865355	163.0
213.62002506796998	154.0
213.6300255372864	147.0
213.6400260066028	144.0
213.65002647591922	144.0
213.66002694523564	145.0
213.67002741455207	147.0
213.68002788386846	147.0
213.69002835318489	149.0
213.7000288225013	149.0
213.71002929181773	149.0
213.72002976113413	149.0
213.73003023045055	147.0
213.74003069976698	145.0
213.7500311690834	145.0
213.7600316383998	0.0
213.77003210771622	0.0
213.78003257703264	0.0
213.79003304634904	0.0
213.80003351566546	0.0
213.81003398498189	0.0
213.8200344542983	0.0
213.8300349236147	0.0
213.84003539293113	0.0
213.85003586224755	0.0
213.86003633156398	0.0
213.87003680088037	0.0
213.8800372701968	0.0
213.89003773951322	0.0
213.90003820882964	0.0
213.91003867814604	0.0
213.92003914746246	0.0
213.93003961677888	0.0
213.9400400860953	0.0
213.9500405554117	0.0
213.96004102472813	0.0
213.97004149404455	0.0
213.98004196336097	0.0
213.99004243267737	0.0
214.0000429019938	0.0
214.01004337131022	0.0
214.02004384062664	0.0
214.03004430994304	0.0
214.04004477925946	0.0
214.05004524857588	0.0
214.06004571789228	0.0
214.0700461872087	0.0
214.08004665652513	0.0
214.09004712584155	0.0
214.10004759515795	0.0
214.11004806447437	0.0
214.1200485337908	0.0
214.13004900310722	0.0
214.1400494724236	0.0
214.15004994174004	0.0
214.16005041105646	0.0
214.17005088037288	0.0
214.18005134968928	0.0
214.1900518190057	0.0
214.20005228832213	0.0
214.21005275763855	0.0
214.22005322695495	0.0
214.23005369627137	0.0
214.2400541655878	0.0
214.25005463490422	0.0
214.2600551042206	0.0
214.27005557353704	0.0
214.28005604285346	0.0
214.29005651216988	0.0
214.30005698148628	0.0
214.3100574508027	0.0
214.32005792011913	0.0
214.33005838943552	0.0
214.34005885875195	0.0
214.35005932806837	0.0
214.3600597973848	0.0
214.3700602667012	0.0
214.3800607360176	0.0
214.39006120533404	0.0
214.40006167465046	0.0
214.41006214396685	0.0
214.42006261328328	0.0
214.4300630825997	0.0
214.44006355191613	0.0
214.45006402123252	0.0
214.46006449054894	0.0
214.47006495986537	0.0
214.4800654291818	0.0
214.4900658984982	0.0
214.5000663678146	0.0
214.51006683713103	0.0
214.52006730644746	0.0
214.53006777576385	0.0
214.54006824508028	0.0
214.5500687143967	0.0
214.56006918371313	0.0
214.57006965302952	0.0
214.58007012234594	0.0
214.59007059166237	0.0
214.60007106097876	0.0
214.6100715302952	0.0
214.6200719996116	0.0
214.63007246892803	0.0
214.64007293824443	0.0
214.65007340756085	0.0
214.66007387687728	0.0
214.6700743461937	0.0
214.6800748155101	0.0
214.69007528482652	106.0
214.70007575414294	105.0
214.71007622345937	104.0
214.72007669277576	101.0
214.7300771620922	100.0
214.7400776314086	101.0
214.75007810072503	101.0
214.76007857004143	103.0
214.77007903935785	105.0
214.78007950867428	107.0
214.7900799779907	110.0
214.8000804473071	114.0
214.81008091662352	118.0
214.82008138593994	122.0
214.83008185525637	126.0
214.84008232457276	131.0
214.8500827938892	134.0
214.8600832632056	137.0
214.870083732522	142.0
214.88008420183843	144.0
214.89008467115485	145.0
214.90008514047128	145.0
214.91008560978767	144.0
214.9200860791041	142.0
214.93008654842052	139.0
214.94008701773694	137.0
214.95008748705334	134.0
214.96008795636976	131.0
214.97008842568619	128.0
214.9800888950026	122.0
214.990089364319	118.0
215.00008983363543	114.0
215.01009030295185	110.0
215.02009077226828	111.0
215.03009124158467	113.0
215.0400917109011	115.0
215.05009218021752	119.0
215.06009264953394	122.0
215.07009311885034	128.0
215.08009358816676	136.0
215.09009405748318	140.0
215.1000945267996	145.0
215.110094996116	150.0
215.12009546543243	154.0
215.13009593474885	156.0
215.14009640406525	158.0
215.15009687338167	158.0
215.1600973426981	156.0
215.17009781201452	154.0
215.1800982813309	152.0
215.19009875064734	152.0
215.20009921996376	150.0
215.21009968928018	150.0
215.22010015859658	149.0
215.230100627913	149.0
215.24010109722943	149.0
215.25010156654585	149.0
215.26010203586225	149.0
215.27010250517867	149.0
215.2801029744951	150.0
215.29010344381152	150.0
215.3001039131279	150.0
215.31010438244434	150.0
215.32010485176076	150.0
215.33010532107718	149.0
215.34010579039358	147.0
215.35010625971	145.0
215.36010672902643	145.0
215.37010719834285	144.0
215.38010766765925	144.0
215.39010813697567	145.0
215.4001086062921	147.0
215.4101090756085	154.0
215.4201095449249	159.0
215.43011001424134	167.0
215.44011048355776	175.0
215.45011095287416	181.0
215.46011142219058	187.0
215.470111891507	194.0
215.48011236082343	196.0
215.49011283013982	199.0
215.50011329945625	199.0
215.51011376877267	196.0
215.5201142380891	194.0
215.5301147074055	190.0
215.5401151767219	187.0
215.55011564603834	183.0
215.56011611535476	181.0
215.57011658467115	177.0
215.58011705398758	175.0
215.590117523304	171.0
215.60011799262043	169.0
215.61011846193682	169.0
215.62011893125324	167.0
215.63011940056967	167.0
215.6401198698861	167.0
215.6501203392025	167.0
215.6601208085189	169.0
215.67012127783534	173.0
215.68012174715173	175.0
215.69012221646815	181.0
215.70012268578458	185.0
215.710123155101	190.0
215.7201236244174	196.0
215.73012409373382	201.0
215.74012456305024	203.0
215.75012503236667	206.0
215.76012550168306	206.0
215.7701259709995	203.0
215.7801264403159	201.0
215.79012690963233	196.0
215.80012737894873	194.0
215.81012784826515	190.0
215.82012831758158	187.0
215.830128786898	185.0
215.8401292562144	183.0
215.85012972553082	181.0
215.86013019484724	181.0
215.87013066416367	183.0
215.88013113348006	185.0
215.8901316027965	187.0
215.9001320721129	190.0
215.91013254142933	192.0
215.92013301074573	194.0
215.93013348006215	199.0
215.94013394937858	201.0
215.95013441869497	201.0
215.9601348880114	203.0
215.97013535732782	201.0
215.98013582664424	201.0
215.99013629596064	199.0
216.00013676527706	194.0
216.0101372345935	190.0
216.0201377039099	185.0
216.0301381732263	179.0
216.04013864254273	175.0
216.05013911185915	171.0
216.06013958117558	167.0
216.07014005049197	163.0
216.0801405198084	161.0
216.09014098912482	158.0
216.10014145844124	154.0
216.11014192775764	150.0
216.12014239707406	147.0
216.13014286639049	144.0
216.1401433357069	140.0
216.1501438050233	137.0
216.16014427433973	134.0
216.17014474365615	132.0
216.18014521297258	129.0
216.19014568228897	128.0
216.2001461516054	126.0
216.21014662092182	125.0
216.2201470902382	124.0
216.23014755955464	122.0
216.24014802887106	122.0
216.25014849818749	125.0
216.26014896750388	128.0
216.2701494368203	134.0
216.28014990613673	139.0
216.29015037545315	144.0
216.30015084476955	150.0
216.31015131408597	152.0
216.3201517834024	154.0
216.33015225271882	152.0
216.3401527220352	154.0
216.35015319135164	156.0
216.36015366066806	158.0
216.37015412998448	158.0
216.38015459930088	156.0
216.3901550686173	154.0
216.40015553793373	150.0
216.41015600725015	147.0
216.42015647656655	144.0
216.43015694588297	140.0
216.4401574151994	136.0
216.45015788451582	131.0
216.4601583538322	128.0
216.47015882314864	124.0
216.48015929246506	122.0
216.49015976178146	121.0
216.50016023109788	119.0
216.5101607004143	119.0
216.52016116973073	121.0
216.53016163904712	124.0
216.54016210836355	128.0
216.55016257767997	132.0
216.5601630469964	137.0
216.5701635163128	142.0
216.5801639856292	145.0
216.59016445494564	149.0
216.60016492426206	152.0
216.61016539357846	152.0
216.62016586289488	152.0
216.6301663322113	152.0
216.64016680152773	149.0
216.65016727084412	145.0
216.66016774016055	142.0
216.67016820947697	139.0
216.6801686787934	136.0
216.6901691481098	132.0
216.7001696174262	129.0
216.71017008674264	126.0
216.72017055605906	122.0
216.73017102537545	119.0
216.74017149469188	115.0
216.7501719640083	111.0
216.7601724333247	104.0
216.77017290264112	104.0
216.78017337195755	106.0
216.79017384127397	0.0
216.80017431059036	0.0
216.8101747799068	0.0
216.8201752492232	0.0
216.83017571853964	0.0
216.84017618785603	0.0
216.85017665717245	0.0
216.86017712648888	0.0
216.8701775958053	0.0
216.8801780651217	0.0
216.89017853443812	0.0
216.90017900375454	0.0
216.91017947307097	0.0
216.92017994238736	0.0
216.9301804117038	0.0
216.9401808810202	0.0
216.95018135033663	0.0
216.96018181965303	0.0
216.97018228896945	0.0
216.98018275828588	0.0
216.9901832276023	0.0
217.0001836969187	0.0
217.01018416623512	0.0
217.02018463555154	0.0
217.03018510486794	0.0
217.04018557418436	0.0
217.0501860435008	0.0
217.0601865128172	0.0
217.0701869821336	0.0
217.08018745145003	0.0
217.09018792076645	0.0
217.10018839008288	0.0
217.11018885939927	0.0
217.1201893287157	0.0
217.13018979803212	0.0
217.14019026734854	0.0
217.15019073666494	0.0
217.16019120598136	0.0
217.1701916752978	0.0
217.1801921446142	0.0
217.1901926139306	0.0
217.20019308324703	0.0
217.21019355256345	0.0
217.22019402187988	137.0
217.23019449119627	137.0
217.2401949605127	139.0
217.25019542982912	140.0
217.26019589914554	144.0
217.27019636846194	145.0
217.28019683777836	147.0
217.2901973070948	149.0
217.30019777641118	149.0
217.3101982457276	147.0
217.32019871504403	145.0
217.33019918436045	144.0
217.34019965367685	142.0
217.35020012299327	140.0
217.3602005923097	139.0
217.37020106162612	136.0
217.38020153094251	134.0
217.39020200025894	131.0
217.40020246957536	129.0
217.41020293889179	128.0
217.42020340820818	125.0
217.4302038775246	122.0
217.44020434684103	121.0
217.45020481615745	121.0
217.46020528547385	121.0
217.47020575479027	122.0
217.4802062241067	128.0
217.49020669342312	134.0
217.5002071627395	142.0
217.51020763205594	154.0
217.52020810137236	171.0
217.53020857068879	190.0
217.54020904000518	196.0
217.5502095093216	208.0
217.56020997863803	210.0
217.57021044795442	208.0
217.58021091727085	203.0
217.59021138658727	194.0
217.6002118559037	190.0
217.6102123252201	144.0
217.6202127945365	142.0
217.63021326385294	144.0
217.64021373316936	145.0
217.65021420248576	147.0
217.66021467180218	149.0
217.6702151411186	152.0
217.68021561043503	152.0
217.69021607975142	154.0
217.70021654906785	152.0
217.71021701838427	150.0
217.7202174877007	147.0
217.7302179570171	144.0
217.7402184263335	137.0
217.75021889564994	129.0
217.76021936496636	125.0
217.77021983428276	124.0
217.78022030359918	124.0
217.7902207729156	125.0
217.80022124223203	131.0
217.81022171154842	140.0
217.82022218086485	145.0
217.83022265018127	156.0
217.84022311949767	163.0
217.8502235888141	169.0
217.8602240581305	169.0
217.87022452744694	165.0
217.88022499676333	154.0
217.89022546607976	144.0
217.90022593539618	134.0
217.9102264047126	126.0
217.920226874029	122.0
217.93022734334542	122.0
217.94022781266185	125.0
217.95022828197827	128.0
217.96022875129466	131.0
217.9702292206111	134.0
217.9802296899275	136.0
217.99023015924394	136.0
218.00023062856033	136.0
218.01023109787675	136.0
218.02023156719318	136.0
218.0302320365096	136.0
218.040232505826	134.0
218.05023297514242	134.0
218.06023344445885	134.0
218.07023391377527	134.0
218.08023438309166	136.0
218.0902348524081	136.0
218.1002353217245	137.0
218.1102357910409	137.0
218.12023626035733	137.0
218.13023672967375	136.0
218.14023719899018	134.0
218.15023766830657	132.0
218.160238137623	132.0
218.17023860693942	132.0
218.18023907625584	132.0
218.19023954557224	136.0
218.20024001488866	139.0
218.2102404842051	144.0
218.2202409535215	149.0
218.2302414228379	158.0
218.24024189215433	165.0
218.25024236147075	173.0
218.26024283078718	175.0
218.27024330010357	173.0
218.28024376942	167.0
218.29024423873642	140.0
218.30024470805284	128.0
218.31024517736924	122.0
218.32024564668566	122.0
218.3302461160021	122.0
218.3402465853185	128.0
218.3502470546349	132.0
218.36024752395133	137.0
218.37024799326775	139.0
218.38024846258415	139.0
218.39024893190057	139.0
218.400249401217	136.0
218.41024987053342	131.0
218.42025033984982	125.0
218.43025080916624	114.0
218.44025127848266	110.0
218.4502517477991	109.0
218.46025221711548	109.0
218.4702526864319	110.0
218.48025315574833	111.0
218.49025362506475	114.0
218.50025409438115	118.0
218.51025456369757	119.0
218.520255033014	119.0
218.53025550233042	117.0
218.54025597164681	114.0
218.55025644096324	110.0
218.56025691027966	105.0
218.5702573795961	101.0
218.58025784891248	97.0
218.5902583182289	95.0
218.60025878754533	93.0
218.61025925686175	92.0
218.62025972617815	91.0
218.63026019549457	90.0
218.640260664811	89.0
218.6502611341274	89.0
218.66026160344381	89.0
218.67026207276024	90.0
218.68026254207666	91.0
218.69026301139306	91.0
218.70026348070948	92.0
218.7102639500259	93.0
218.72026441934233	93.0
218.73026488865872	95.0
218.74026535797515	95.0
218.75026582729157	95.0
218.760266296608	95.0
218.7702667659244	95.0
218.7802672352408	95.0
218.79026770455724	95.0
218.80026817387366	93.0
218.81026864319006	93.0
218.82026911250648	92.0
218.8302695818229	92.0
218.84027005113933	91.0
218.85027052045572	91.0
218.86027098977215	91.0
218.87027145908857	91.0
218.880271928405	92.0
218.8902723977214	92.0
218.9002728670378	92.0
218.91027333635424	92.0
218.92027380567063	92.0
218.93027427498706	93.0
218.94027474430348	0.0
218.9502752136199	0.0
218.9602756829363	0.0
218.97027615225272	0.0
218.98027662156915	0.0
218.99027709088557	0.0
219.00027756020197	0.0
219.0102780295184	0.0
219.0202784988348	106.0
219.03027896815124	107.0
219.04027943746763	110.0
219.05027990678406	113.0
219.06028037610048	115.0
219.0702808454169	117.0
219.0802813147333	119.0
219.09028178404972	121.0
219.10028225336615	124.0
219.11028272268257	125.0
219.12028319199896	126.0
219.1302836613154	126.0
219.1402841306318	126.0
219.15028459994824	126.0
219.16028506926463	125.0
219.17028553858106	125.0
219.18028600789748	124.0
219.19028647721387	124.0
219.2002869465303	122.0
219.21028741584672	122.0
219.22028788516315	121.0
219.23028835447954	121.0
219.24028882379596	121.0
219.2502892931124	122.0
219.2602897624288	122.0
219.2702902317452	122.0
219.28029070106163	122.0
219.29029117037805	122.0
219.30029163969448	122.0
219.31029210901087	122.0
219.3202925783273	122.0
219.33029304764372	122.0
219.34029351696014	122.0
219.35029398627654	122.0
219.36029445559296	122.0
219.3702949249094	122.0
219.3802953942258	122.0
219.3902958635422	122.0
219.40029633285863	121.0
219.41029680217505	121.0
219.42029727149148	121.0
219.43029774080787	121.0
219.4402982101243	121.0
219.45029867944072	121.0
219.46029914875712	122.0
219.47029961807354	122.0
219.48030008738996	122.0
219.4903005567064	122.0
219.50030102602278	122.0
219.5103014953392	122.0
219.52030196465563	121.0
219.53030243397205	121.0
219.54030290328845	121.0
219.55030337260487	121.0
219.5603038419213	122.0
219.57030431123772	122.0
219.58030478055412	122.0
219.59030524987054	124.0
219.60030571918696	124.0
219.6103061885034	124.0
219.62030665781978	124.0
219.6303071271362	124.0
219.64030759645263	124.0
219.65030806576905	124.0
219.66030853508545	124.0
219.67030900440187	124.0
219.6803094737183	124.0
219.69030994303472	125.0
219.70031041235112	125.0
219.71031088166754	125.0
219.72031135098396	125.0
219.73031182030036	125.0
219.74031228961678	124.0
219.7503127589332	124.0
219.76031322824963	124.0
219.77031369756602	122.0
219.78031416688245	122.0
219.79031463619887	122.0
219.8003151055153	122.0
219.8103155748317	122.0
219.82031604414811	122.0
219.83031651346454	122.0
219.84031698278096	122.0
219.85031745209736	124.0
219.86031792141378	125.0
219.8703183907302	126.0
219.88031886004663	126.0
219.89031932936302	128.0
219.90031979867945	129.0
219.91032026799587	128.0
219.9203207373123	128.0
219.9303212066287	125.0
219.9403216759451	122.0
219.95032214526154	121.0
219.96032261457796	121.0
219.97032308389436	121.0
219.98032355321078	124.0
219.9903240225272	126.0
220.00032449184363	129.0
220.01032496116002	132.0
220.02032543047645	132.0
220.03032589979287	132.0
220.04032636910927	131.0
220.0503268384257	129.0
220.0603273077421	128.0
220.07032777705854	128.0
220.08032824637493	126.0
220.09032871569136	0.0
220.10032918500778	0.0
220.1103296543242	0.0
220.1203301236406	0.0
220.13033059295702	0.0
220.14033106227345	0.0
220.15033153158987	0.0
220.16033200090627	0.0
220.1703324702227	0.0
220.1803329395391	0.0
220.19033340885554	0.0
220.20033387817193	0.0
220.21033434748836	0.0
220.22033481680478	0.0
220.2303352861212	0.0
220.2403357554376	0.0
220.25033622475402	0.0
220.26033669407045	0.0
220.27033716338687	0.0
220.28033763270327	0.0
220.2903381020197	0.0
220.3003385713361	0.0
220.3103390406525	0.0
220.32033950996893	0.0
220.33033997928536	0.0
220.34034044860178	0.0
220.35034091791817	0.0
220.3603413872346	0.0
220.37034185655102	0.0
220.38034232586745	0.0
220.39034279518384	0.0
220.40034326450026	0.0
220.4103437338167	0.0
220.4203442031331	0.0
220.4303446724495	0.0
220.44034514176593	0.0
220.45034561108235	0.0
220.46034608039878	0.0
220.47034654971517	0.0
220.4803470190316	0.0
220.49034748834802	0.0
220.50034795766445	0.0
220.51034842698084	0.0
220.52034889629726	0.0
220.5303493656137	0.0
220.5403498349301	0.0
220.5503503042465	0.0
220.56035077356293	0.0
220.57035124287935	0.0
220.58035171219575	0.0
220.59035218151217	0.0
220.6003526508286	0.0
220.61035312014502	0.0
220.62035358946142	0.0
220.63035405877784	139.0
220.64035452809426	137.0
220.6503549974107	136.0
220.66035546672708	134.0
220.6703559360435	132.0
220.68035640535993	132.0
220.69035687467635	131.0
220.70035734399275	131.0
220.71035781330917	131.0
220.7203582826256	131.0
220.73035875194202	131.0
220.74035922125842	129.0
220.75035969057484	129.0
220.76036015989126	128.0
220.7703606292077	126.0
220.78036109852408	126.0
220.7903615678405	126.0
220.80036203715693	126.0
220.81036250647335	126.0
220.82036297578975	126.0
220.83036344510617	126.0
220.8403639144226	125.0
220.850364383739	125.0
220.86036485305542	125.0
220.87036532237184	125.0
220.88036579168826	125.0
220.89036626100466	125.0
220.90036673032108	125.0
220.9103671996375	125.0
220.92036766895393	126.0
220.93036813827032	128.0
220.94036860758675	128.0
220.95036907690317	128.0
220.9603695462196	128.0
220.970370015536	126.0
220.98037048485241	126.0
220.99037095416884	126.0
221.00037142348526	126.0
221.01037189280166	126.0
221.02037236211808	126.0
221.0303728314345	126.0
221.04037330075093	126.0
221.05037377006732	126.0
221.06037423938375	128.0
221.07037470870017	128.0
221.0803751780166	128.0
221.090375647333	128.0
221.10037611664941	128.0
221.11037658596584	128.0
221.12037705528223	126.0
221.13037752459866	125.0
221.14037799391508	122.0
221.1503784632315	118.0
221.1603789325479	114.0
221.17037940186432	110.0
221.18037987118075	107.0
221.19038034049717	104.0
221.20038080981357	99.0
221.21038127913	97.0
221.2203817484464	95.0
221.23038221776284	93.0
221.24038268707923	91.0
221.25038315639566	90.0
221.26038362571208	90.0
221.2703840950285	90.0
221.2803845643449	90.0
221.29038503366132	91.0
221.30038550297775	92.0
221.31038597229417	93.0
221.32038644161057	95.0
221.330386910927	96.0
221.3403873802434	97.0
221.35038784955984	97.0
221.36038831887623	97.0
221.37038878819266	97.0
221.38038925750908	96.0
221.39038972682548	96.0
221.4003901961419	95.0
221.41039066545832	93.0
221.42039113477475	93.0
221.43039160409114	92.0
221.44039207340757	92.0
221.450392542724	91.0
221.4603930120404	91.0
221.4703934813568	90.0
221.48039395067323	89.0
221.49039441998966	89.0
221.50039488930608	90.0
221.51039535862247	92.0
221.5203958279389	95.0
221.53039629725532	99.0
221.54039676657175	106.0
221.55039723588814	113.0
221.56039770520456	118.0
221.570398174521	121.0
221.5803986438374	122.0
221.5903991131538	125.0
221.60039958247023	125.0
221.61040005178666	125.0
221.62040052110308	125.0
221.63040099041947	124.0
221.6404014597359	122.0
221.65040192905232	122.0
221.66040239836872	122.0
221.67040286768514	124.0
221.68040333700156	124.0
221.690403806318	124.0
221.70040427563438	124.0
221.7104047449508	122.0
221.72040521426723	122.0
221.73040568358365	121.0
221.74040615290005	121.0
221.75040662221647	121.0
221.7604070915329	121.0
221.77040756084932	121.0
221.78040803016572	121.0
221.79040849948214	122.0
221.80040896879856	121.0
221.810409438115	121.0
221.82040990743138	119.0
221.8304103767478	119.0
221.84041084606423	117.0
221.85041131538065	114.0
221.86041178469705	109.0
221.87041225401347	0.0
221.8804127233299	0.0
221.89041319264632	0.0
221.90041366196272	0.0
221.91041413127914	0.0
221.92041460059556	0.0
221.93041506991196	0.0
221.94041553922838	0.0
221.9504160085448	0.0
221.96041647786123	0.0
221.97041694717763	0.0
221.98041741649405	0.0
221.99041788581047	0.0
222.0004183551269	0.0
222.0104188244433	0.0
222.02041929375972	0.0
222.03041976307614	0.0
222.04042023239256	0.0
222.05042070170896	0.0
222.06042117102538	0.0
222.0704216403418	0.0
222.08042210965823	0.0
222.09042257897462	0.0
222.10042304829105	0.0
222.11042351760747	0.0
222.1204239869239	0.0
222.1304244562403	0.0
222.14042492555672	0.0
222.15042539487314	0.0
222.16042586418956	0.0
222.17042633350596	0.0
222.18042680282238	0.0
222.1904272721388	0.0
222.2004277414552	0.0
222.21042821077162	0.0
222.22042868008805	0.0
222.23042914940447	0.0
222.24042961872087	0.0
222.2504300880373	0.0
222.26043055735371	0.0
222.27043102667014	0.0
222.28043149598653	0.0
222.29043196530296	0.0
222.30043243461938	0.0
222.3104329039358	137.0
222.3204333732522	134.0
222.33043384256862	132.0
222.34043431188505	129.0
222.35043478120147	128.0
222.36043525051787	125.0
222.3704357198343	125.0
222.3804361891507	125.0
222.39043665846714	126.0
222.40043712778353	126.0
222.41043759709996	126.0
222.42043806641638	126.0
222.4304385357328	125.0
222.4404390050492	125.0
222.45043947436562	125.0
222.46043994368205	125.0
222.47044041299844	124.0
222.48044088231487	124.0
222.4904413516313	124.0
222.5004418209477	124.0
222.5104422902641	124.0
222.52044275958053	125.0
222.53044322889696	125.0
222.54044369821338	125.0
222.55044416752978	126.0
222.5604446368462	125.0
222.57044510616262	124.0
222.58044557547905	122.0
222.59044604479544	119.0
222.60044651411187	117.0
222.6104469834283	113.0
222.6204474527447	107.0
222.6304479220611	103.0
222.64044839137753	99.0
222.65044886069396	96.0
222.66044933001038	93.0
222.67044979932678	92.0
222.6804502686432	92.0
222.69045073795962	92.0
222.70045120727605	93.0
222.71045167659244	95.0
222.72045214590887	95.0
222.7304526152253	96.0
222.74045308454168	96.0
222.7504535538581	97.0
222.76045402317453	98.0
222.77045449249096	99.0
222.78045496180735	100.0
222.79045543112377	100.0
222.8004559004402	100.0
222.81045636975662	99.0
222.82045683907302	98.0
222.83045730838944	97.0
222.84045777770586	95.0
222.8504582470223	93.0
222.86045871633868	92.0
222.8704591856551	91.0
222.88045965497153	92.0
222.89046012428796	95.0
222.90046059360435	98.0
222.91046106292077	104.0
222.9204615322372	114.0
222.93046200155362	117.0
222.94046247087002	121.0
222.95046294018644	125.0
222.96046340950286	128.0
222.9704638788193	131.0
222.98046434813568	131.0
222.9904648174521	131.0
223.00046528676853	129.0
223.01046575608493	128.0
223.02046622540135	128.0
223.03046669471777	128.0
223.0404671640342	126.0
223.0504676333506	126.0
223.06046810266702	125.0
223.07046857198344	125.0
223.08046904129986	124.0
223.09046951061626	124.0
223.10046997993268	122.0
223.1104704492491	122.0
223.12047091856553	122.0
223.13047138788193	122.0
223.14047185719835	124.0
223.15047232651477	124.0
223.1604727958312	124.0
223.1704732651476	122.0
223.18047373446402	122.0
223.19047420378044	121.0
223.20047467309686	121.0
223.21047514241326	121.0
223.22047561172968	121.0
223.2304760810461	121.0
223.24047655036253	121.0
223.25047701967893	121.0
223.26047748899535	121.0
223.27047795831177	122.0
223.28047842762817	122.0
223.2904788969446	121.0
223.30047936626102	121.0
223.31047983557744	119.0
223.32048030489383	118.0
223.33048077421026	118.0
223.34048124352668	118.0
223.3504817128431	119.0
223.3604821821595	121.0
223.37048265147592	126.0
223.38048312079235	131.0
223.39048359010877	136.0
223.40048405942517	140.0
223.4104845287416	145.0
223.42048499805801	149.0
223.43048546737444	150.0
223.44048593669083	150.0
223.45048640600726	149.0
223.46048687532368	147.0
223.4704873446401	145.0
223.4804878139565	142.0
223.49048828327292	139.0
223.50048875258935	136.0
223.51048922190577	132.0
223.52048969122217	131.0
223.5304901605386	128.0
223.54049062985501	126.0
223.5504910991714	125.0
223.56049156848783	125.0
223.57049203780426	124.0
223.58049250712068	124.0
223.59049297643708	124.0
223.6004934457535	124.0
223.61049391506992	122.0
223.62049438438635	122.0
223.63049485370274	122.0
223.64049532301917	122.0
223.6504957923356	121.0
223.660496261652	121.0
223.6704967309684	121.0
223.68049720028483	119.0
223.69049766960126	119.0
223.70049813891768	121.0
223.71049860823408	122.0
223.7204990775505	125.0
223.73049954686692	128.0
223.74050001618335	132.0
223.75050048549974	137.0
223.76050095481617	140.0
223.7705014241326	144.0
223.780501893449	145.0
223.7905023627654	147.0
223.80050283208183	149.0
223.81050330139826	149.0
223.82050377071465	147.0
223.83050424003108	147.0
223.8405047093475	145.0
223.85050517866392	142.0
223.86050564798032	140.0
223.87050611729674	139.0
223.88050658661317	137.0
223.8905070559296	134.0
223.90050752524598	132.0
223.9105079945624	129.0
223.92050846387883	126.0
223.93050893319526	124.0
223.94050940251165	122.0
223.95050987182807	119.0
223.9605103411445	118.0
223.97051081046092	118.0
223.98051127977732	118.0
223.99051174909374	119.0
224.00051221841017	119.0
224.0105126877266	119.0
224.02051315704298	121.0
224.0305136263594	122.0
224.04051409567583	126.0
224.05051456499226	128.0
224.06051503430865	131.0
224.07051550362507	136.0
224.0805159729415	139.0
224.0905164422579	144.0
224.10051691157432	147.0
224.11051738089074	149.0
224.12051785020716	150.0
224.13051831952356	149.0
224.14051878883998	147.0
224.1505192581564	145.0
224.16051972747283	140.0
224.17052019678923	137.0
224.18052066610565	132.0
224.19052113542207	129.0
224.2005216047385	126.0
224.2105220740549	124.0
224.22052254337132	121.0
224.23052301268774	118.0
224.24052348200416	114.0
224.25052395132056	109.0
224.26052442063698	104.0
224.2705248899534	0.0
224.28052535926983	0.0
224.29052582858623	0.0
224.30052629790265	0.0
224.31052676721907	0.0
224.3205272365355	0.0
224.3305277058519	0.0
224.34052817516832	0.0
224.35052864448474	0.0
224.36052911380114	0.0
224.37052958311756	0.0
224.38053005243398	0.0
224.3905305217504	0.0
224.4005309910668	0.0
224.41053146038323	0.0
224.42053192969965	0.0
224.43053239901607	0.0
224.44053286833247	0.0
224.4505333376489	0.0
224.46053380696532	0.0
224.47053427628174	0.0
224.48053474559813	0.0
224.49053521491456	0.0
224.50053568423098	0.0
224.5105361535474	0.0
224.5205366228638	0.0
224.53053709218023	0.0
224.54053756149665	0.0
224.55053803081307	0.0
224.56053850012947	0.0
224.5705389694459	0.0
224.58053943876232	0.0
224.59053990807874	0.0
224.60054037739513	0.0
224.61054084671156	0.0
224.62054131602798	0.0
224.63054178534438	0.0
224.6405422546608	0.0
224.65054272397722	0.0
224.66054319329365	0.0
224.67054366261004	0.0
224.68054413192647	0.0
224.6905446012429	0.0
224.70054507055931	0.0
224.7105455398757	0.0
224.72054600919213	0.0
224.73054647850856	121.0
224.74054694782498	119.0
224.75054741714138	119.0
224.7605478864578	119.0
224.77054835577422	121.0
224.78054882509065	122.0
224.79054929440704	125.0
224.80054976372347	128.0
224.8105502330399	129.0
224.82055070235631	131.0
224.8305511716727	129.0
224.84055164098913	129.0
224.85055211030556	128.0
224.86055257962198	126.0
224.87055304893838	124.0
224.8805535182548	122.0
224.89055398757122	119.0
224.90055445688762	117.0
224.91055492620404	117.0
224.92055539552047	117.0
224.9305558648369	117.0
224.94055633415329	119.0
224.9505568034697	122.0
224.96055727278613	125.0
224.97055774210256	129.0
224.98055821141895	132.0
224.99055868073538	140.0
225.0005591500518	149.0
225.01055961936822	158.0
225.02056008868462	173.0
225.03056055800104	190.0
225.04056102731747	201.0
225.0505614966339	210.0
225.06056196595028	213.0
225.0705624352667	208.0
225.08056290458313	167.0
225.09056337389956	156.0
225.10056384321595	150.0
225.11056431253238	145.0
225.1205647818488	142.0
225.13056525116522	140.0
225.14056572048162	142.0
225.15056618979804	144.0
225.16056665911447	144.0
225.17056712843086	145.0
225.18056759774728	147.0
225.1905680670637	147.0
225.20056853638013	149.0
225.21056900569653	149.0
225.22056947501295	149.0
225.23056994432937	147.0
225.2405704136458	147.0
225.2505708829622	145.0
225.26057135227862	145.0
225.27057182159504	145.0
225.28057229091146	145.0
225.29057276022786	145.0
225.30057322954428	147.0
225.3105736988607	147.0
225.32057416817713	147.0
225.33057463749353	147.0
225.34057510680995	145.0
225.35057557612637	145.0
225.3605760454428	144.0
225.3705765147592	142.0
225.38057698407562	140.0
225.39057745339204	137.0
225.40057792270846	132.0
225.41057839202486	129.0
225.42057886134128	125.0
225.4305793306577	122.0
225.4405797999741	119.0
225.45058026929053	117.0
225.46058073860695	115.0
225.47058120792337	114.0
225.48058167723977	114.0
225.4905821465562	114.0
225.50058261587262	115.0
225.51058308518904	118.0
225.52058355450544	121.0
225.53058402382186	124.0
225.54058449313828	126.0
225.5505849624547	131.0
225.5605854317711	136.0
225.57058590108753	140.0
225.58058637040395	144.0
225.59058683972037	144.0
225.60058730903677	145.0
225.6105877783532	147.0
225.62058824766962	147.0
225.63058871698604	147.0
225.64058918630244	147.0
225.65058965561886	147.0
225.66059012493528	147.0
225.6705905942517	147.0
225.6805910635681	147.0
225.69059153288453	147.0
225.70059200220095	147.0
225.71059247151734	147.0
225.72059294083377	147.0
225.7305934101502	147.0
225.74059387946662	145.0
225.750594348783	145.0
225.76059481809943	145.0
225.77059528741586	145.0
225.78059575673228	145.0
225.79059622604868	145.0
225.8005966953651	145.0
225.81059716468152	145.0
225.82059763399795	145.0
225.83059810331434	145.0
225.84059857263077	145.0
225.8505990419472	145.0
225.86059951126362	145.0
225.87059998058	145.0
225.88060044989643	144.0
225.89060091921286	144.0
225.90060138852928	144.0
225.91060185784568	144.0
225.9206023271621	144.0
225.93060279647852	145.0
225.94060326579495	145.0
225.95060373511134	145.0
225.96060420442777	145.0
225.9706046737442	144.0
225.9806051430606	144.0
225.990605612377	142.0
226.00060608169343	140.0
226.01060655100986	137.0
226.02060702032625	134.0
226.03060748964268	131.0
226.0406079589591	128.0
226.05060842827552	126.0
226.06060889759192	125.0
226.07060936690834	124.0
226.08060983622477	122.0
226.0906103055412	122.0
226.10061077485759	121.0
226.110611244174	119.0
226.12061171349043	119.0
226.13061218280686	121.0
226.14061265212325	122.0
226.15061312143968	124.0
226.1606135907561	124.0
226.17061406007252	126.0
226.18061452938892	128.0
226.19061499870534	128.0
226.20061546802177	129.0
226.2106159373382	131.0
226.22061640665459	132.0
226.230616875971	134.0
226.24061734528743	134.0
226.25061781460383	136.0
226.26061828392025	136.0
226.27061875323668	136.0
226.2806192225531	137.0
226.2906196918695	139.0
226.30062016118592	140.0
226.31062063050234	140.0
226.32062109981877	142.0
226.33062156913516	142.0
226.34062203845158	142.0
226.350622507768	144.0
226.36062297708443	144.0
226.37062344640083	144.0
226.38062391571725	144.0
226.39062438503368	144.0
226.4006248543501	144.0
226.4106253236665	144.0
226.42062579298292	144.0
226.43062626229934	144.0
226.44062673161577	145.0
226.45062720093216	145.0
226.46062767024858	145.0
226.470628139565	145.0
226.48062860888143	145.0
226.49062907819783	145.0
226.50062954751425	144.0
226.51063001683067	144.0
226.52063048614707	142.0
226.5306309554635	142.0
226.54063142477992	142.0
226.55063189409634	142.0
226.56063236341274	142.0
226.57063283272916	144.0
226.58063330204558	144.0
226.590633771362	144.0
226.6006342406784	144.0
226.61063470999483	144.0
226.62063517931125	144.0
226.63063564862767	144.0
226.64063611794407	142.0
226.6506365872605	144.0
226.66063705657692	144.0
226.67063752589334	144.0
226.68063799520974	144.0
226.69063846452616	145.0
226.70063893384258	145.0
226.710639403159	144.0
226.7206398724754	144.0
226.73064034179183	142.0
226.74064081110825	268.0
226.75064128042467	268.0
226.76064174974107	272.0
226.7706422190575	272.0
226.78064268837392	272.0
226.7906431576903	272.0
226.80064362700674	272.0
226.81064409632316	275.0
226.82064456563958	275.0
226.83064503495598	275.0
226.8406455042724	275.0
226.85064597358883	275.0
226.86064644290525	275.0
226.87064691222164	275.0
226.88064738153807	275.0
226.8906478508545	275.0
226.90064832017092	275.0
226.9106487894873	278.0
226.92064925880373	278.0
226.93064972812016	281.0
226.94065019743658	284.0
226.95065066675298	284.0
226.9606511360694	288.0
226.97065160538583	288.0
226.98065207470225	288.0
226.99065254401864	288.0
227.00065301333507	288.0
227.0106534826515	288.0
227.02065395196792	145.0
227.0306544212843	291.0
227.04065489060073	145.0
227.05065535991716	294.0
227.06065582923355	294.0
227.07065629854998	294.0
227.0806567678664	294.0
227.09065723718282	294.0
227.10065770649922	0.0
227.11065817581564	0.0
227.12065864513207	0.0
227.1306591144485	0.0
227.1406595837649	0.0
227.1506600530813	0.0
227.16066052239773	0.0
227.17066099171416	0.0
227.18066146103055	0.0
227.19066193034698	0.0
227.2006623996634	0.0
227.21066286897982	0.0
227.22066333829622	0.0
227.23066380761264	0.0
227.24066427692907	0.0
227.2506647462455	0.0
227.2606652155619	0.0
227.2706656848783	0.0
227.28066615419473	0.0
227.29066662351116	0.0
227.30066709282755	0.0
227.31066756214398	0.0
227.3206680314604	0.0
227.3306685007768	0.0
227.34066897009322	0.0
227.35066943940964	0.0
227.36066990872607	0.0
227.37067037804246	0.0
227.38067084735889	0.0
227.3906713166753	0.0
227.40067178599173	0.0
227.41067225530813	0.0
227.42067272462455	0.0
227.43067319394098	0.0
227.4406736632574	0.0
227.4506741325738	0.0
227.46067460189022	0.0
227.47067507120664	0.0
227.48067554052307	0.0
227.49067600983946	0.0
227.50067647915589	0.0
227.5106769484723	0.0
227.52067741778873	0.0
227.53067788710513	0.0
227.54067835642155	0.0
227.55067882573798	0.0
227.5606792950544	0.0
227.5706797643708	0.0
227.58068023368722	0.0
227.59068070300364	0.0
227.60068117232004	0.0
227.61068164163646	0.0
227.62068211095288	0.0
227.6306825802693	0.0
227.6406830495857	0.0
227.65068351890213	0.0
227.66068398821855	0.0
227.67068445753497	0.0
227.68068492685137	0.0
227.6906853961678	0.0
227.70068586548422	0.0
227.71068633480064	0.0
227.72068680411704	0.0
227.73068727343346	0.0
227.74068774274988	0.0
227.7506882120663	0.0
227.7606886813827	0.0
227.77068915069913	0.0
227.78068962001555	0.0
227.79069008933197	0.0
227.80069055864837	0.0
227.8106910279648	0.0
227.82069149728122	0.0
227.83069196659764	0.0
227.84069243591404	0.0
227.85069290523046	0.0
227.86069337454688	0.0
227.87069384386328	0.0
227.8806943131797	0.0
227.89069478249613	0.0
227.90069525181255	0.0
227.91069572112895	0.0
227.92069619044537	0.0
227.9306966597618	0.0
227.94069712907822	0.0
227.9506975983946	0.0
227.96069806771104	0.0
227.97069853702746	0.0
227.98069900634388	0.0
227.99069947566028	0.0
228.0006999449767	0.0
228.01070041429313	0.0
228.02070088360955	0.0
228.03070135292595	0.0
228.04070182224237	0.0
228.0507022915588	0.0
228.06070276087522	0.0
228.0707032301916	0.0
228.08070369950804	0.0
228.09070416882446	0.0
228.10070463814088	0.0
228.11070510745728	0.0
228.1207055767737	0.0
228.13070604609013	0.0
228.14070651540652	0.0
228.15070698472294	0.0
228.16070745403937	0.0
228.1707079233558	0.0
228.1807083926722	0.0
228.1907088619886	0.0
228.20070933130503	0.0
228.21070980062146	0.0
228.22071026993785	0.0
228.23071073925428	0.0
228.2407112085707	0.0
228.25071167788713	0.0
228.26071214720352	0.0
228.27071261651994	0.0
228.28071308583637	0.0
228.2907135551528	0.0
228.3007140244692	0.0
228.3107144937856	0.0
228.32071496310203	0.0
228.33071543241846	0.0
228.34071590173485	0.0
228.35071637105128	0.0
228.3607168403677	0.0
228.37071730968412	0.0
228.38071777900052	0.0
228.39071824831694	0.0
228.40071871763337	0.0
228.41071918694976	0.0
228.4207196562662	0.0
228.4307201255826	0.0
228.44072059489903	0.0
228.45072106421543	0.0
228.46072153353185	0.0
228.47072200284828	0.0
228.4807224721647	0.0
228.4907229414811	0.0
228.50072341079752	0.0
228.51072388011394	0.0
228.52072434943037	0.0
228.53072481874676	0.0
228.5407252880632	0.0
228.5507257573796	0.0
228.56072622669603	0.0
228.57072669601243	0.0
228.58072716532885	0.0
228.59072763464528	0.0
228.6007281039617	0.0
228.6107285732781	0.0
228.62072904259452	0.0
228.63072951191094	0.0
228.64072998122737	0.0
228.65073045054376	0.0
228.66073091986019	0.0
228.6707313891766	0.0
228.68073185849303	0.0
228.69073232780943	0.0
228.70073279712585	0.0
228.71073326644228	0.0
228.72073373575867	0.0
228.7307342050751	0.0
228.74073467439152	0.0
228.75073514370794	0.0
228.76073561302434	0.0
228.77073608234076	0.0
228.78073655165718	0.0
228.7907370209736	0.0
228.80073749029	0.0
228.81073795960643	0.0
228.82073842892285	0.0
228.83073889823928	0.0
228.84073936755567	0.0
228.8507398368721	0.0
228.86074030618852	0.0
228.87074077550494	0.0
228.88074124482134	0.0
228.89074171413776	0.0
228.90074218345418	0.0
228.9107426527706	0.0
228.920743122087	0.0
228.93074359140343	0.0
228.94074406071985	0.0
228.95074453003627	0.0
228.96074499935267	0.0
228.9707454686691	0.0
228.98074593798552	0.0
228.9907464073019	0.0
229.00074687661834	0.0
229.01074734593476	0.0
229.02074781525118	0.0
229.03074828456758	0.0
229.040748753884	0.0
229.05074922320043	0.0
229.06074969251685	0.0
229.07075016183325	0.0
229.08075063114967	0.0
229.0907511004661	0.0
229.10075156978252	0.0
229.1107520390989	0.0
229.12075250841534	0.0
229.13075297773176	0.0
229.14075344704818	0.0
229.15075391636458	0.0
229.160754385681	0.0
229.17075485499743	0.0
229.18075532431385	0.0
229.19075579363025	0.0
229.20075626294667	0.0
229.2107567322631	0.0
229.22075720157952	0.0
229.2307576708959	0.0
229.24075814021234	0.0
229.25075860952876	0.0
229.26075907884515	0.0
229.27075954816158	0.0
229.280760017478	0.0
229.29076048679443	0.0
229.30076095611082	0.0
229.31076142542724	0.0
229.32076189474367	0.0
229.3307623640601	0.0
229.3407628333765	0.0
229.3507633026929	0.0
229.36076377200934	0.0
229.37076424132576	0.0
229.38076471064215	0.0
229.39076517995858	0.0
229.400765649275	0.0
229.41076611859143	0.0
229.42076658790782	0.0
229.43076705722424	0.0
229.44076752654067	0.0
229.4507679958571	0.0
229.4607684651735	0.0
229.4707689344899	0.0
229.48076940380633	0.0
229.49076987312276	0.0
229.50077034243915	0.0
229.51077081175558	0.0
229.520771281072	0.0
229.5307717503884	0.0
229.54077221970482	0.0
229.55077268902124	0.0
229.56077315833767	0.0
229.57077362765406	0.0
229.5807740969705	0.0
229.5907745662869	0.0
229.60077503560333	0.0
229.61077550491973	0.0
229.62077597423615	0.0
229.63077644355258	0.0
229.640776912869	0.0
229.6507773821854	0.0
229.66077785150182	0.0
229.67077832081824	0.0
229.68077879013467	0.0
229.69077925945106	0.0
229.7007797287675	0.0
229.7107801980839	0.0
229.72078066740033	0.0
229.73078113671673	0.0
229.74078160603315	0.0
229.75078207534958	0.0
229.760782544666	0.0
229.7707830139824	0.0
229.78078348329882	0.0
229.79078395261524	0.0
229.80078442193164	0.0
229.81078489124806	0.0
229.82078536056449	0.0
229.8307858298809	0.0
229.8407862991973	0.0
229.85078676851373	0.0
229.86078723783015	0.0
229.87078770714658	0.0
229.88078817646297	0.0
229.8907886457794	0.0
229.90078911509582	0.0
229.91078958441224	0.0
229.92079005372864	0.0
229.93079052304506	0.0
229.94079099236149	0.0
229.9507914616779	0.0
229.9607919309943	0.0
229.97079240031073	0.0
229.98079286962715	0.0
229.99079333894358	0.0
230.00079380825997	0.0
230.0107942775764	0.0
230.02079474689282	0.0
230.03079521620924	0.0
230.04079568552564	0.0
230.05079615484206	0.0
230.06079662415848	0.0
230.07079709347488	0.0
230.0807975627913	0.0
230.09079803210773	0.0
230.10079850142415	0.0
230.11079897074055	0.0
230.12079944005697	0.0
230.1307999093734	0.0
230.14080037868982	0.0
230.1508008480062	0.0
230.16080131732264	0.0
230.17080178663906	0.0
230.18080225595548	0.0
230.19080272527188	0.0
230.2008031945883	0.0
230.21080366390473	0.0
230.22080413322115	0.0
230.23080460253755	0.0
230.24080507185397	0.0
230.2508055411704	0.0
230.26080601048682	0.0
230.2708064798032	0.0
230.28080694911964	0.0
230.29080741843606	0.0
230.30080788775248	0.0
230.31080835706888	0.0
230.3208088263853	0.0
230.33080929570173	0.0
230.34080976501812	0.0
230.35081023433455	0.0
230.36081070365097	0.0
230.3708111729674	0.0
230.3808116422838	0.0
230.3908121116002	0.0
230.40081258091664	0.0
230.41081305023306	0.0
230.42081351954945	0.0
230.43081398886588	0.0
230.4408144581823	0.0
230.45081492749873	0.0
230.46081539681512	0.0
230.47081586613155	0.0
230.48081633544797	0.0
230.4908168047644	0.0
230.5008172740808	0.0
230.5108177433972	0.0
230.52081821271364	0.0
230.53081868203006	0.0
230.54081915134645	0.0
230.55081962066288	0.0
230.5608200899793	0.0
230.57082055929573	0.0
230.58082102861212	0.0
230.59082149792854	0.0
230.60082196724497	0.0
230.61082243656136	0.0
230.6208229058778	0.0
230.6308233751942	0.0
230.64082384451063	0.0
230.65082431382703	0.0
230.66082478314345	0.0
230.67082525245988	0.0
230.6808257217763	0.0
230.6908261910927	0.0
230.70082666040912	0.0
230.71082712972554	0.0
230.72082759904197	0.0
230.73082806835836	0.0
230.7408285376748	0.0
230.7508290069912	0.0
230.76082947630763	0.0
230.77082994562403	0.0
230.78083041494045	0.0
230.79083088425688	0.0
230.8008313535733	0.0
230.8108318228897	0.0
230.82083229220612	0.0
230.83083276152254	0.0
230.84083323083897	0.0
230.85083370015536	0.0
230.8608341694718	0.0
230.8708346387882	0.0
230.8808351081046	0.0
230.89083557742103	0.0
230.90083604673745	0.0
230.91083651605388	0.0
230.92083698537027	0.0
230.9308374546867	0.0
230.94083792400312	0.0
230.95083839331954	0.0
230.96083886263594	0.0
230.97083933195236	0.0
230.9808398012688	0.0
230.9908402705852	0.0
231.0008407399016	0.0
231.01084120921803	0.0
231.02084167853445	0.0
231.03084214785088	0.0
231.04084261716727	0.0
231.0508430864837	0.0
231.06084355580012	0.0
231.07084402511654	0.0
231.08084449443294	0.0
231.09084496374936	0.0
231.10084543306579	0.0
231.1108459023822	0.0
231.1208463716986	0.0
231.13084684101503	0.0
231.14084731033145	0.0
231.15084777964785	0.0
231.16084824896427	0.0
231.1708487182807	0.0
231.18084918759712	0.0
231.1908496569135	0.0
231.20085012622994	0.0
231.21085059554636	0.0
231.22085106486279	0.0
231.23085153417918	0.0
231.2408520034956	0.0
231.25085247281203	0.0
231.26085294212845	0.0
231.27085341144485	0.0
231.28085388076127	0.0
231.2908543500777	0.0
231.30085481939412	0.0
231.3108552887105	0.0
231.32085575802694	0.0
231.33085622734336	0.0
231.34085669665978	0.0
231.35085716597618	0.0
231.3608576352926	0.0
231.37085810460903	0.0
231.38085857392545	0.0
231.39085904324185	0.0
231.40085951255827	0.0
231.4108599818747	0.0
231.4208604511911	0.0
231.4308609205075	0.0
231.44086138982394	0.0
231.45086185914036	0.0
231.46086232845676	0.0
231.47086279777318	0.0
231.4808632670896	0.0
231.49086373640603	0.0
231.50086420572242	0.0
231.51086467503885	0.0
231.52086514435527	0.0
231.5308656136717	0.0
231.5408660829881	0.0
231.5508665523045	0.0
231.56086702162094	0.0
231.57086749093736	0.0
231.58086796025376	0.0
231.59086842957018	0.0
231.6008688988866	0.0
231.61086936820303	0.0
231.62086983751942	0.0
231.63087030683585	0.0
231.64087077615227	0.0
231.6508712454687	904.0
231.6608717147851	843.0
231.6708721841015	0.0
231.68087265341794	0.0
231.69087312273433	0.0
231.70087359205075	0.0
231.71087406136718	0.0
231.7208745306836	0.0
231.730875	0.0
