0.0	0.0
0.010000624746724302	0.0
0.020001249493448604	0.0
0.030001874240172907	0.0
0.04000249898689721	0.0
0.05000312373362151	0.0
0.060003748480345814	0.0
0.07000437322707011	0.0
0.08000499797379441	0.0
0.09000562272051872	0.0
0.10000624746724301	0.0
0.11000687221396732	0.0
0.12000749696069163	0.0
0.13000812170741594	0.0
0.14000874645414021	0.0
0.15000937120086452	0.0
0.16000999594758883	0.0
0.17001062069431314	0.0
0.18001124544103744	0.0
0.19001187018776172	0.0
0.20001249493448603	0.0
0.21001311968121034	0.0
0.22001374442793464	0.0
0.23001436917465895	0.0
0.24001499392138326	0.0
0.25001561866810756	0.0
0.26001624341483187	0.0
0.2700168681615561	0.0
0.28001749290828043	0.0
0.29001811765500474	0.0
0.30001874240172904	0.0
0.31001936714845335	0.0
0.32001999189517766	0.0
0.33002061664190196	0.0
0.34002124138862627	0.0
0.3500218661353506	0.0
0.3600224908820749	0.0
0.3700231156287992	0.0
0.38002374037552344	0.0
0.39002436512224775	0.0
0.40002498986897206	0.0
0.41002561461569637	0.0
0.4200262393624207	0.0
0.430026864109145	0.0
0.4400274888558693	0.0
0.4500281136025936	0.0
0.4600287383493179	0.0
0.4700293630960422	0.0
0.4800299878427665	0.0
0.49003061258949077	0.0
0.5000312373362151	0.0
0.5100318620829394	0.0
0.5200324868296637	0.0
0.530033111576388	0.0
0.5400337363231122	0.0
0.5500343610698366	0.0
0.5600349858165609	0.0
0.5700356105632852	0.0
0.5800362353100095	0.0
0.5900368600567338	0.0
0.6000374848034581	0.0
0.6100381095501825	0.0
0.6200387342969067	0.0
0.6300393590436311	0.0
0.6400399837903553	0.0
0.6500406085370796	0.0
0.6600412332838039	0.0
0.6700418580305282	0.0
0.6800424827772525	0.0
0.6900431075239768	0.0
0.7000437322707012	0.0
0.7100443570174254	0.0
0.7200449817641498	0.0
0.730045606510874	0.0
0.7400462312575984	0.0
0.7500468560043226	0.0
0.7600474807510469	0.0
0.7700481054977713	0.0
0.7800487302444955	0.0
0.7900493549912199	0.0
0.8000499797379441	0.0
0.8100506044846685	0.0
0.8200512292313927	0.0
0.8300518539781171	0.0
0.8400524787248413	0.0
0.8500531034715657	0.0
0.86005372821829	0.0
0.8700543529650142	0.0
0.8800549777117386	0.0
0.8900556024584628	0.0
0.9000562272051872	0.0
0.9100568519519114	0.0
0.9200574766986358	0.0
0.93005810144536	0.0
0.9400587261920844	0.0
0.9500593509388087	0.0
0.960059975685533	0.0
0.9700606004322573	0.0
0.9800612251789815	0.0
0.9900618499257059	0.0
1.0000624746724303	0.0
1.0100630994191544	0.0
1.0200637241658788	0.0
1.0300643489126031	0.0
1.0400649736593275	0.0
1.0500655984060516	0.0
1.060066223152776	0.0
1.0700668478995004	0.0
1.0800674726462245	0.0
1.0900680973929489	0.0
1.1000687221396732	0.0
1.1100693468863976	0.0
1.1200699716331217	0.0
1.130070596379846	0.0
1.1400712211265704	0.0
1.1500718458732948	0.0
1.160072470620019	0.0
1.1700730953667433	0.0
1.1800737201134677	0.0
1.1900743448601918	0.0
1.2000749696069162	0.0
1.2100755943536405	0.0
1.220076219100365	0.0
1.230076843847089	0.0
1.2400774685938134	0.0
1.2500780933405378	0.0
1.2600787180872621	0.0
1.2700793428339863	0.0
1.2800799675807106	0.0
1.290080592327435	0.0
1.3000812170741591	0.0
1.3100818418208835	0.0
1.3200824665676079	0.0
1.3300830913143322	0.0
1.3400837160610564	0.0
1.3500843408077807	0.0
1.360084965554505	0.0
1.3700855903012295	0.0
1.3800862150479536	0.0
1.390086839794678	0.0
1.4000874645414023	0.0
1.4100880892881265	0.0
1.4200887140348508	0.0
1.4300893387815752	0.0
1.4400899635282995	0.0
1.4500905882750237	0.0
1.460091213021748	0.0
1.4700918377684724	0.0
1.4800924625151968	0.0
1.490093087261921	0.0
1.5000937120086453	0.0
1.5100943367553696	0.0
1.5200949615020938	0.0
1.5300955862488181	0.0
1.5400962109955425	0.0
1.5500968357422669	0.0
1.560097460488991	0.0
1.5700980852357154	0.0
1.5800987099824397	0.0
1.590099334729164	0.0
1.6000999594758882	0.0
1.6101005842226126	0.0
1.620101208969337	0.0
1.630101833716061	0.0
1.6401024584627855	0.0
1.6501030832095098	0.0
1.6601037079562342	0.0
1.6701043327029583	0.0
1.6801049574496827	0.0
1.690105582196407	0.0
1.7001062069431314	0.0
1.7101068316898556	0.0
1.72010745643658	0.0
1.7301080811833043	0.0
1.7401087059300284	0.0
1.7501093306767528	0.0
1.7601099554234771	0.0
1.7701105801702015	0.0
1.7801112049169256	0.0
1.79011182966365	0.0
1.8001124544103744	0.0
1.8101130791570987	0.0
1.8201137039038229	0.0
1.8301143286505472	0.0
1.8401149533972716	0.0
1.8501155781439957	0.0
1.86011620289072	0.0
1.8701168276374445	0.0
1.8801174523841688	0.0
1.890118077130893	0.0
1.9001187018776173	0.0
1.9101193266243417	0.0
1.920119951371066	0.0
1.9301205761177902	0.0
1.9401212008645146	0.0
1.950121825611239	0.0
1.960122450357963	0.0
1.9701230751046874	0.0
1.9801236998514118	0.0
1.9901243245981362	0.0
2.0001249493448605	0.0
2.010125574091585	0.0
2.020126198838309	0.0
2.030126823585033	0.0
2.0401274483317575	0.0
2.050128073078482	0.0
2.0601286978252062	0.0
2.0701293225719306	0.0
2.080129947318655	0.0
2.090130572065379	0.0
2.1001311968121033	0.0
2.1101318215588276	0.0
2.120132446305552	0.0
2.1301330710522763	0.0
2.1401336957990007	0.0
2.150134320545725	0.0
2.160134945292449	0.0
2.1701355700391733	0.0
2.1801361947858977	0.0
2.190136819532622	0.0
2.2001374442793464	0.0
2.210138069026071	0.0
2.220138693772795	0.0
2.2301393185195195	0.0
2.2401399432662434	0.0
2.250140568012968	0.0
2.260141192759692	0.0
2.2701418175064165	0.0
2.280142442253141	0.0
2.2901430669998653	0.0
2.3001436917465896	0.0
2.3101443164933135	0.0
2.320144941240038	0.0
2.3301455659867623	0.0
2.3401461907334866	0.0
2.350146815480211	0.0
2.3601474402269353	0.0
2.3701480649736597	0.0
2.3801486897203836	0.0
2.390149314467108	0.0
2.4001499392138324	0.0
2.4101505639605567	0.0
2.420151188707281	0.0
2.4301518134540054	0.0
2.44015243820073	0.0
2.450153062947454	0.0
2.460153687694178	0.0
2.4701543124409024	0.0
2.480154937187627	0.0
2.490155561934351	0.0
2.5001561866810755	0.0
2.5101568114278	0.0
2.5201574361745243	0.0
2.530158060921248	0.0
2.5401586856679725	0.0
2.550159310414697	0.0
2.5601599351614213	0.0
2.5701605599081456	0.0
2.58016118465487	0.0
2.5901618094015944	0.0
2.6001624341483183	0.0
2.6101630588950426	0.0
2.620163683641767	0.0
2.6301643083884914	0.0
2.6401649331352157	0.0
2.65016555788194	0.0
2.6601661826286644	0.0
2.6701668073753884	0.0
2.6801674321221127	0.0
2.690168056868837	0.0
2.7001686816155615	0.0
2.710169306362286	0.0
2.72016993110901	0.0
2.7301705558557345	0.0
2.740171180602459	0.0
2.750171805349183	0.0
2.760172430095907	0.0
2.7701730548426315	0.0
2.780173679589356	0.0
2.7901743043360803	0.0
2.8001749290828046	0.0
2.810175553829529	0.0
2.820176178576253	0.0
2.8301768033229773	0.0
2.8401774280697016	0.0
2.850178052816426	0.0
2.8601786775631504	0.0
2.8701793023098747	0.0
2.880179927056599	0.0
2.890180551803323	0.0
2.9001811765500474	0.0
2.9101818012967717	0.0
2.920182426043496	0.0
2.9301830507902205	0.0
2.940183675536945	0.0
2.950184300283669	0.0
2.9601849250303935	0.0
2.9701855497771175	0.0
2.980186174523842	0.0
2.990186799270566	0.0
3.0001874240172905	0.0
3.010188048764015	0.0
3.0201886735107393	0.0
3.0301892982574636	0.0
3.0401899230041876	0.0
3.050190547750912	0.0
3.0601911724976363	0.0
3.0701917972443606	0.0
3.080192421991085	0.0
3.0901930467378094	0.0
3.1001936714845337	0.0
3.1101942962312576	0.0
3.120194920977982	0.0
3.1301955457247064	0.0
3.1401961704714307	0.0
3.150196795218155	0.0
3.1601974199648795	0.0
3.170198044711604	0.0
3.180198669458328	0.0
3.190199294205052	0.0
3.2001999189517765	0.0
3.210200543698501	0.0
3.220201168445225	0.0
3.2302017931919496	0.0
3.240202417938674	0.0
3.2502030426853983	0.0
3.260203667432122	0.0
3.2702042921788466	0.0
3.280204916925571	0.0
3.2902055416722953	0.0
3.3002061664190196	0.0
3.310206791165744	0.0
3.3202074159124684	0.0
3.3302080406591923	0.0
3.3402086654059167	0.0
3.350209290152641	0.0
3.3602099148993654	0.0
3.3702105396460897	0.0
3.380211164392814	0.0
3.3902117891395385	0.0
3.400212413886263	0.0
3.4102130386329867	0.0
3.420213663379711	0.0
3.4302142881264355	0.0
3.44021491287316	0.0
3.450215537619884	0.0
3.4602161623666086	0.0
3.470216787113333	0.0
3.480217411860057	0.0
3.490218036606781	0.0
3.5002186613535056	0.0
3.51021928610023	0.0
3.5202199108469543	0.0
3.5302205355936787	0.0
3.540221160340403	0.0
3.550221785087127	0.0
3.5602224098338513	0.0
3.5702230345805757	0.0
3.5802236593273	0.0
3.5902242840740244	0.0
3.6002249088207487	0.0
3.610225533567473	0.0
3.6202261583141975	0.0
3.6302267830609214	0.0
3.6402274078076458	0.0
3.65022803255437	0.0
3.6602286573010945	0.0
3.670229282047819	0.0
3.680229906794543	0.0
3.6902305315412676	0.0
3.7002311562879915	0.0
3.710231781034716	0.0
3.72023240578144	0.0
3.7302330305281646	0.0
3.740233655274889	0.0
3.7502342800216133	0.0
3.7602349047683377	0.0
3.7702355295150616	0.0
3.780236154261786	0.0
3.7902367790085103	0.0
3.8002374037552347	0.0
3.810238028501959	0.0
3.8202386532486834	0.0
3.8302392779954078	0.0
3.840239902742132	0.0
3.850240527488856	0.0
3.8602411522355804	0.0
3.8702417769823048	0.0
3.880242401729029	0.0
3.8902430264757535	0.0
3.900243651222478	0.0
3.910244275969202	0.0
3.920244900715926	0.0
3.9302455254626505	0.0
3.940246150209375	0.0
3.950246774956099	0.0
3.9602473997028236	0.0
3.970248024449548	0.0
3.9802486491962723	0.0
3.9902492739429962	0.0
4.000249898689721	0.0
4.010250523436445	0.0
4.02025114818317	0.0
4.030251772929893	0.0
4.040252397676618	0.0
4.050253022423342	0.0
4.060253647170066	0.0
4.070254271916791	0.0
4.080254896663515	0.0
4.090255521410239	0.0
4.100256146156964	0.0
4.110256770903688	0.0
4.1202573956504125	0.0
4.130258020397137	0.0
4.140258645143861	0.0
4.150259269890586	0.0
4.16025989463731	0.0
4.170260519384033	0.0
4.180261144130758	0.0
4.190261768877482	0.0
4.2002623936242065	0.0
4.210263018370931	0.0
4.220263643117655	0.0
4.23026426786438	0.0
4.240264892611104	0.0
4.250265517357828	0.0
4.260266142104553	0.0
4.270266766851277	0.0
4.280267391598001	0.0
4.290268016344726	0.0
4.30026864109145	0.0
4.3102692658381745	0.0
4.320269890584898	0.0
4.330270515331622	0.0
4.340271140078347	0.0
4.350271764825071	0.0
4.360272389571795	0.0
4.37027301431852	0.0
4.380273639065244	0.0
4.3902742638119685	0.0
4.400274888558693	0.0
4.410275513305417	0.0
4.420276138052142	0.0
4.430276762798866	0.0
4.44027738754559	0.0
4.450278012292315	0.0
4.460278637039039	0.0
4.4702792617857625	0.0
4.480279886532487	0.0
4.490280511279211	0.0
4.500281136025936	0.0
4.51028176077266	0.0
4.520282385519384	0.0
4.530283010266109	0.0
4.540283635012833	0.0
4.550284259759557	0.0
4.560284884506282	0.0
4.570285509253006	0.0
4.5802861339997305	0.0
4.590286758746455	0.0
4.600287383493179	0.0
4.610288008239903	0.0
4.620288632986627	0.0
4.630289257733351	0.0
4.640289882480076	0.0
4.6502905072268	0.0
4.6602911319735245	0.0
4.670291756720249	0.0
4.680292381466973	0.0
4.690293006213698	0.0
4.700293630960422	0.0
4.710294255707146	0.0
4.720294880453871	0.0
4.730295505200595	0.0
4.740296129947319	0.0
4.750296754694044	0.0
4.760297379440767	0.0
4.770298004187492	0.0
4.780298628934216	0.0
4.79029925368094	0.0
4.800299878427665	0.0
4.810300503174389	0.0
4.820301127921113	0.0
4.830301752667838	0.0
4.840302377414562	0.0
4.8503030021612865	0.0
4.860303626908011	0.0
4.870304251654735	0.0
4.88030487640146	0.0
4.890305501148184	0.0
4.900306125894908	0.0
4.910306750641632	0.0
4.920307375388356	0.0
4.9303080001350805	0.0
4.940308624881805	0.0
4.950309249628529	0.0
4.960309874375254	0.0
4.970310499121978	0.0
4.980311123868702	0.0
4.990311748615427	0.0
5.000312373362151	0.0
5.010312998108875	0.0
5.0203136228556	0.0
5.030314247602324	0.0
5.0403148723490485	0.0
5.050315497095772	0.0
5.060316121842496	0.0
5.070316746589221	0.0
5.080317371335945	0.0
5.090317996082669	0.0
5.100318620829394	0.0
5.110319245576118	0.0
5.1203198703228425	0.0
5.130320495069567	0.0
5.140321119816291	0.0
5.150321744563016	0.0
5.16032236930974	0.0
5.170322994056464	0.0
5.180323618803189	0.0
5.190324243549913	0.0
5.2003248682966365	0.0
5.210325493043361	0.0
5.220326117790085	0.0
5.23032674253681	0.0
5.240327367283534	0.0
5.250327992030258	0.0
5.260328616776983	0.0
5.270329241523707	0.0
5.280329866270431	0.0
5.290330491017156	0.0
5.30033111576388	0.0
5.3103317405106045	0.0
5.320332365257329	0.0
5.330332990004053	0.0
5.340333614750777	0.0
5.350334239497501	0.0
5.3603348642442255	0.0
5.37033548899095	0.0
5.380336113737674	0.0
5.3903367384843985	0.0
5.400337363231123	0.0
5.410337987977847	0.0
5.420338612724572	0.0
5.430339237471296	0.0
5.44033986221802	0.0
5.450340486964745	0.0
5.460341111711469	0.0
5.470341736458193	0.0
5.480342361204918	0.0
5.490342985951641	0.0
5.500343610698366	0.0
5.51034423544509	0.0
5.520344860191814	0.0
5.530345484938539	0.0
5.540346109685263	0.0
5.5503467344319874	0.0
5.560347359178712	0.0
5.570347983925436	0.0
5.5803486086721605	0.0
5.590349233418885	0.0
5.600349858165609	0.0
5.610350482912334	0.0
5.620351107659058	0.0
5.630351732405782	0.0
5.640352357152506	0.0
5.65035298189923	0.0
5.6603536066459545	0.0
5.670354231392679	0.0
5.680354856139403	0.0
5.690355480886128	0.0
5.700356105632852	0.0
5.710356730379576	0.0
5.720357355126301	0.0
5.730357979873025	0.0
5.7403586046197494	0.0
5.750359229366474	0.0
5.760359854113198	0.0
5.7703604788599225	0.0
5.780361103606646	0.0
5.79036172835337	0.0
5.800362353100095	0.0
5.810362977846819	0.0
5.8203636025935435	0.0
5.830364227340268	0.0
5.840364852086992	0.0
5.8503654768337165	0.0
5.860366101580441	0.0
5.870366726327165	0.0
5.88036735107389	0.0
5.890367975820614	0.0
5.900368600567338	0.0
5.910369225314063	0.0
5.920369850060787	0.0
5.930370474807511	0.0
5.940371099554235	0.0
5.950371724300959	0.0
5.960372349047684	0.0
5.970372973794408	0.0
5.980373598541132	0.0
5.990374223287857	0.0
6.000374848034581	0.0
6.0103754727813055	0.0
6.02037609752803	0.0
6.030376722274754	0.0
6.0403773470214785	0.0
6.050377971768203	0.0
6.060378596514927	0.0
6.070379221261652	0.0
6.080379846008375	0.0
6.0903804707550995	0.0
6.100381095501824	0.0
6.110381720248548	0.0
6.120382344995273	0.0
6.130382969741997	0.0
6.140383594488721	0.0
6.150384219235446	0.0
6.16038484398217	0.0
6.170385468728894	0.0
6.180386093475619	0.0
6.190386718222343	0.0
6.2003873429690675	0.0
6.210387967715792	0.0
6.220388592462515	0.0
6.23038921720924	0.0
6.240389841955964	0.0
6.250390466702688	0.0
6.260391091449413	0.0
6.270391716196137	0.0
6.2803923409428615	0.0
6.290392965689586	0.0
6.30039359043631	0.0
6.310394215183035	0.0
6.320394839929759	0.0
6.330395464676483	0.0
6.340396089423208	0.0
6.350396714169932	0.0
6.360397338916656	0.0
6.37039796366338	0.0
6.380398588410104	0.0
6.390399213156829	0.0
6.400399837903553	0.0
6.410400462650277	0.0
6.420401087397002	0.0
6.430401712143726	0.0
6.44040233689045	0.0
6.450402961637175	0.0
6.460403586383899	0.0
6.4704042111306235	0.0
6.480404835877348	0.0
6.490405460624072	0.0
6.500406085370797	0.0
6.51040671011752	0.0
6.520407334864244	0.0
6.530407959610969	0.0
6.540408584357693	0.0
6.5504092091044175	0.0
6.560409833851142	0.0
6.570410458597866	0.0
6.580411083344591	0.0
6.590411708091315	0.0
6.600412332838039	0.0
6.610412957584764	0.0
6.620413582331488	0.0
6.630414207078212	0.0
6.640414831824937	0.0
6.650415456571661	0.0
6.660416081318385	0.0
6.670416706065109	0.0
6.680417330811833	0.0
6.690417955558558	0.0
6.700418580305282	0.0
6.710419205052006	0.0
6.720419829798731	0.0
6.730420454545455	0.0
6.7404210792921795	0.0
6.750421704038904	0.0
6.760422328785628	0.0
6.770422953532353	0.0
6.780423578279077	0.0
6.790424203025801	0.0
6.800424827772526	0.0
6.810425452519249	0.0
6.8204260772659735	0.0
6.830426702012698	0.0
6.840427326759422	0.0
6.850427951506147	0.0
6.860428576252871	0.0
6.870429200999595	0.0
6.88042982574632	0.0
6.890430450493044	0.0
6.900431075239768	0.0
6.910431699986493	0.0
6.920432324733217	0.0
6.9304329494799415	0.0
6.940433574226666	0.0
6.950434198973389	0.0
6.960434823720114	0.0
6.970435448466838	0.0
6.980436073213562	0.0
6.990436697960287	0.0
7.000437322707011	0.0
7.0104379474537355	0.0
7.02043857220046	0.0
7.030439196947184	0.0
7.040439821693909	0.0
7.050440446440633	0.0
7.060441071187357	0.0
7.070441695934082	0.0
7.080442320680806	0.0
7.09044294542753	0.0
7.100443570174254	0.0
7.110444194920978	0.0
7.120444819667703	0.0
7.130445444414427	0.0
7.140446069161151	0.0
7.150446693907876	0.0
7.1604473186546	0.0
7.170447943401324	0.0
7.180448568148049	0.0
7.190449192894773	0.0
7.2004498176414975	0.0
7.210450442388222	0.0
7.220451067134946	0.0
7.230451691881671	0.0
7.240452316628395	0.0
7.250452941375118	0.0
7.260453566121843	0.0
7.270454190868567	0.0
7.2804548156152915	0.0
7.290455440362016	0.0
7.30045606510874	0.0
7.310456689855465	0.0
7.320457314602189	0.0
7.330457939348913	0.0
7.340458564095638	0.0
7.350459188842362	0.0
7.360459813589086	0.0
7.370460438335811	0.0
7.380461063082535	0.0
7.390461687829259	0.0
7.400462312575983	0.0
7.410462937322707	0.0
7.420463562069432	0.0
7.430464186816156	0.0
7.44046481156288	0.0
7.450465436309605	0.0
7.460466061056329	0.0
7.4704666858030535	0.0
7.480467310549778	0.0
7.490467935296502	0.0
7.500468560043227	0.0
7.510469184789951	0.0
7.520469809536675	0.0
7.5304704342834	0.0
7.540471059030123	0.0
7.5504716837768475	0.0
7.560472308523572	0.0
7.570472933270296	0.0
7.580473558017021	0.0
7.590474182763745	0.0
7.600474807510469	0.0
7.610475432257194	0.0
7.620476057003918	0.0
7.630476681750642	0.0
7.640477306497367	0.0
7.650477931244091	0.0
7.6604785559908155	0.0
7.67047918073754	0.0
7.680479805484264	0.0
7.690480430230988	0.0
7.700481054977712	0.0
7.710481679724436	0.0
7.720482304471161	0.0
7.730482929217885	0.0
7.7404835539646095	0.0
7.750484178711334	0.0
7.760484803458058	0.0
7.770485428204783	0.0
7.780486052951507	0.0
7.790486677698231	0.0
7.800487302444956	0.0
7.81048792719168	0.0
7.820488551938404	0.0
7.830489176685128	0.0
7.840489801431852	0.0
7.850490426178577	213.0
7.860491050925301	210.0
7.870491675672025	210.0
7.88049230041875	210.0
7.890492925165474	213.0
7.900493549912198	215.0
7.910494174658923	215.0
7.920494799405647	218.0
7.9304954241523715	218.0
7.940496048899096	220.0
7.95049667364582	220.0
7.960497298392545	220.0
7.970497923139269	223.0
7.9804985478859924	223.0
7.990499172632717	223.0
8.000499797379442	220.0
8.010500422126166	220.0
8.02050104687289	220.0
8.030501671619614	220.0
8.04050229636634	220.0
8.050502921113063	220.0
8.060503545859786	220.0
8.070504170606512	220.0
8.080504795353235	220.0
8.09050542009996	220.0
8.100506044846684	220.0
8.11050666959341	220.0
8.120507294340133	220.0
8.130507919086858	223.0
8.140508543833581	223.0
8.150509168580307	223.0
8.16050979332703	223.0
8.170510418073755	223.0
8.180511042820479	226.0
8.190511667567204	223.0
8.200512292313928	223.0
8.210512917060651	223.0
8.220513541807376	223.0
8.2305141665541	223.0
8.240514791300825	220.0
8.250515416047548	220.0
8.260516040794274	220.0
8.270516665540997	220.0
8.280517290287722	220.0
8.290517915034446	218.0
8.300518539781171	218.0
8.310519164527895	218.0
8.32051978927462	218.0
8.330520414021343	218.0
8.340521038768067	218.0
8.350521663514792	220.0
8.360522288261516	220.0
8.37052291300824	220.0
8.380523537754964	220.0
8.39052416250169	220.0
8.400524787248413	220.0
8.410525411995138	220.0
8.420526036741862	220.0
8.430526661488587	220.0
8.44052728623531	220.0
8.450527910982036	218.0
8.46052853572876	218.0
8.470529160475484	218.0
8.480529785222208	218.0
8.490530409968931	218.0
8.500531034715657	218.0
8.51053165946238	220.0
8.520532284209105	220.0
8.530532908955829	220.0
8.540533533702554	223.0
8.550534158449278	223.0
8.560534783196003	223.0
8.570535407942726	223.0
8.580536032689452	223.0
8.590536657436175	223.0
8.6005372821829	226.0
8.610537906929624	226.0
8.620538531676349	226.0
8.630539156423072	226.0
8.640539781169796	226.0
8.650540405916521	226.0
8.660541030663245	226.0
8.67054165540997	223.0
8.680542280156693	223.0
8.690542904903419	223.0
8.700543529650142	223.0
8.710544154396867	223.0
8.72054477914359	223.0
8.730545403890316	223.0
8.74054602863704	223.0
8.750546653383765	223.0
8.760547278130488	223.0
8.770547902877214	223.0
8.780548527623937	223.0
8.79054915237066	223.0
8.800549777117386	223.0
8.81055040186411	220.0
8.820551026610834	220.0
8.830551651357558	220.0
8.840552276104283	218.0
8.850552900851007	215.0
8.860553525597732	213.0
8.870554150344455	213.0
8.88055477509118	210.0
8.890555399837904	210.0
8.90055602458463	210.0
8.910556649331353	210.0
8.920557274078078	210.0
8.930557898824802	213.0
8.940558523571525	215.0
8.95055914831825	218.0
8.960559773064974	218.0
8.970560397811699	220.0
8.980561022558422	220.0
8.990561647305148	220.0
9.000562272051871	220.0
9.010562896798596	220.0
9.02056352154532	220.0
9.030564146292045	220.0
9.040564771038769	220.0
9.050565395785494	223.0
9.060566020532217	220.0
9.07056664527894	220.0
9.080567270025666	218.0
9.09056789477239	218.0
9.100568519519115	215.0
9.110569144265838	213.0
9.120569769012564	213.0
9.130570393759287	210.0
9.140571018506012	210.0
9.150571643252736	210.0
9.160572267999461	210.0
9.170572892746184	210.0
9.18057351749291	210.0
9.190574142239633	213.0
9.200574766986358	215.0
9.210575391733082	215.0
9.220576016479805	218.0
9.23057664122653	220.0
9.240577265973254	223.0
9.25057789071998	223.0
9.260578515466703	223.0
9.270579140213428	223.0
9.280579764960152	223.0
9.290580389706877	223.0
9.3005810144536	223.0
9.310581639200326	223.0
9.320582263947049	223.0
9.330582888693774	220.0
9.340583513440498	220.0
9.350584138187223	220.0
9.360584762933946	220.0
9.37058538768067	220.0
9.380586012427395	220.0
9.390586637174119	220.0
9.400587261920844	220.0
9.410587886667567	220.0
9.420588511414293	220.0
9.430589136161016	220.0
9.440589760907741	223.0
9.450590385654465	223.0
9.46059101040119	226.0
9.470591635147914	228.0
9.480592259894639	231.0
9.490592884641362	234.0
9.500593509388088	234.0
9.510594134134811	234.0
9.520594758881535	231.0
9.53059538362826	228.0
9.540596008374983	226.0
9.550596633121708	226.0
9.560597257868432	223.0
9.570597882615157	223.0
9.58059850736188	223.0
9.590599132108606	223.0
9.60059975685533	223.0
9.610600381602055	223.0
9.620601006348778	226.0
9.630601631095503	226.0
9.640602255842227	226.0
9.650602880588952	226.0
9.660603505335676	226.0
9.670604130082399	226.0
9.680604754829124	226.0
9.690605379575848	226.0
9.700606004322573	226.0
9.710606629069297	226.0
9.720607253816022	231.0
9.730607878562745	236.0
9.74060850330947	242.0
9.750609128056194	245.0
9.76060975280292	250.0
9.770610377549643	253.0
9.780611002296368	250.0
9.790611627043091	248.0
9.800612251789817	239.0
9.81061287653654	234.0
9.820613501283264	226.0
9.830614126029989	220.0
9.840614750776712	220.0
9.850615375523438	220.0
9.860616000270161	220.0
9.870616625016886	220.0
9.88061724976361	223.0
9.890617874510335	223.0
9.900618499257059	223.0
9.910619124003784	223.0
9.920619748750507	226.0
9.930620373497232	226.0
9.940620998243956	226.0
9.95062162299068	226.0
9.960622247737405	226.0
9.970622872484128	226.0
9.980623497230853	223.0
9.990624121977577	220.0
10.000624746724302	218.0
10.010625371471026	215.0
10.02062599621775	213.0
10.030626620964474	210.0
10.0406272457112	210.0
10.050627870457923	213.0
10.060628495204648	215.0
10.070629119951372	220.0
10.080629744698097	223.0
10.09063036944482	226.0
10.100630994191544	228.0
10.11063161893827	228.0
10.120632243684993	226.0
10.130632868431718	223.0
10.140633493178441	220.0
10.150634117925167	215.0
10.16063474267189	210.0
10.170635367418615	203.0
10.180635992165339	196.0
10.190636616912064	190.0
10.200637241658788	183.0
10.210637866405513	179.0
10.220638491152236	175.0
10.230639115898962	171.0
10.240639740645685	169.0
10.250640365392409	169.0
10.260640990139134	169.0
10.270641614885857	169.0
10.280642239632583	169.0
10.290642864379306	169.0
10.300643489126031	169.0
10.310644113872755	169.0
10.32064473861948	169.0
10.330645363366203	169.0
10.340645988112929	169.0
10.350646612859652	169.0
10.360647237606377	169.0
10.3706478623531	169.0
10.380648487099826	169.0
10.39064911184655	171.0
10.400649736593273	173.0
10.410650361339998	175.0
10.420650986086722	179.0
10.430651610833447	181.0
10.44065223558017	181.0
10.450652860326896	183.0
10.46065348507362	183.0
10.470654109820345	181.0
10.480654734567068	181.0
10.490655359313793	177.0
10.500655984060517	175.0
10.510656608807242	173.0
10.520657233553965	169.0
10.53065785830069	167.0
10.540658483047414	167.0
10.550659107794138	165.0
10.560659732540863	165.0
10.570660357287586	165.0
10.580660982034312	165.0
10.590661606781035	165.0
10.60066223152776	167.0
10.610662856274484	167.0
10.620663481021209	167.0
10.630664105767933	169.0
10.640664730514658	169.0
10.650665355261381	169.0
10.660665980008107	169.0
10.67066660475483	169.0
10.680667229501553	167.0
10.690667854248279	165.0
10.700668478995002	165.0
10.710669103741727	163.0
10.720669728488451	163.0
10.730670353235176	165.0
10.7406709779819	167.0
10.750671602728625	171.0
10.760672227475348	177.0
10.770672852222074	183.0
10.780673476968797	190.0
10.790674101715522	194.0
10.800674726462246	194.0
10.810675351208971	192.0
10.820675975955695	187.0
10.830676600702418	177.0
10.840677225449143	161.0
10.850677850195867	152.0
10.860678474942592	145.0
10.870679099689315	142.0
10.88067972443604	142.0
10.890680349182764	144.0
10.90068097392949	145.0
10.910681598676213	149.0
10.920682223422938	152.0
10.930682848169662	154.0
10.940683472916387	156.0
10.95068409766311	156.0
10.960684722409836	158.0
10.970685347156559	158.0
10.980685971903283	156.0
10.990686596650008	154.0
11.000687221396731	150.0
11.010687846143457	147.0
11.02068847089018	145.0
11.030689095636905	145.0
11.040689720383629	145.0
11.050690345130354	145.0
11.060690969877077	147.0
11.070691594623803	147.0
11.080692219370526	149.0
11.090692844117251	149.0
11.100693468863975	150.0
11.1106940936107	150.0
11.120694718357424	150.0
11.130695343104147	150.0
11.140695967850872	150.0
11.150696592597596	149.0
11.160697217344321	149.0
11.170697842091045	147.0
11.18069846683777	147.0
11.190699091584493	145.0
11.200699716331219	145.0
11.210700341077942	145.0
11.220700965824667	145.0
11.23070159057139	145.0
11.240702215318116	147.0
11.25070284006484	149.0
11.260703464811565	150.0
11.270704089558288	152.0
11.280704714305012	156.0
11.290705339051737	158.0
11.30070596379846	159.0
11.310706588545186	159.0
11.320707213291909	158.0
11.330707838038634	156.0
11.340708462785358	152.0
11.350709087532083	150.0
11.360709712278807	150.0
11.370710337025532	150.0
11.380710961772255	152.0
11.39071158651898	154.0
11.400712211265704	158.0
11.41071283601243	159.0
11.420713460759153	163.0
11.430714085505876	167.0
11.440714710252601	171.0
11.450715334999325	175.0
11.46071595974605	179.0
11.470716584492774	181.0
11.480717209239499	181.0
11.490717833986222	181.0
11.500718458732948	177.0
11.510719083479671	173.0
11.520719708226396	169.0
11.53072033297312	167.0
11.540720957719845	165.0
11.550721582466569	163.0
11.560722207213292	163.0
11.570722831960017	163.0
11.58072345670674	163.0
11.590724081453466	163.0
11.60072470620019	165.0
11.610725330946915	165.0
11.620725955693638	165.0
11.630726580440363	165.0
11.640727205187087	165.0
11.650727829933812	165.0
11.660728454680536	167.0
11.670729079427261	167.0
11.680729704173984	167.0
11.69073032892071	167.0
11.700730953667433	167.0
11.710731578414157	167.0
11.720732203160882	169.0
11.730732827907605	171.0
11.74073345265433	175.0
11.750734077401054	179.0
11.76073470214778	185.0
11.770735326894503	190.0
11.780735951641228	194.0
11.790736576387951	194.0
11.800737201134677	187.0
11.8107378258814	181.0
11.820738450628125	173.0
11.830739075374849	165.0
11.840739700121574	159.0
11.850740324868298	154.0
11.860740949615021	154.0
11.870741574361746	154.0
11.88074219910847	156.0
11.890742823855195	158.0
11.900743448601919	159.0
11.910744073348644	161.0
11.920744698095367	159.0
11.930745322842093	156.0
11.940745947588816	150.0
11.950746572335541	142.0
11.960747197082265	134.0
11.97074782182899	131.0
11.980748446575713	125.0
11.990749071322439	0.0
12.000749696069162	0.0
12.010750320815886	0.0
12.020750945562611	0.0
12.030751570309334	0.0
12.04075219505606	0.0
12.050752819802783	0.0
12.060753444549508	0.0
12.070754069296232	0.0
12.080754694042957	0.0
12.09075531878968	0.0
12.100755943536406	0.0
12.11075656828313	0.0
12.120757193029855	0.0
12.130757817776578	0.0
12.140758442523303	0.0
12.150759067270027	0.0
12.16075969201675	0.0
12.170760316763475	0.0
12.180760941510199	0.0
12.190761566256924	0.0
12.200762191003648	0.0
12.210762815750373	0.0
12.220763440497096	0.0
12.230764065243822	0.0
12.240764689990545	0.0
12.25076531473727	0.0
12.260765939483994	0.0
12.270766564230719	0.0
12.280767188977443	0.0
12.290767813724166	0.0
12.300768438470891	0.0
12.310769063217615	0.0
12.32076968796434	0.0
12.330770312711063	0.0
12.340770937457789	0.0
12.350771562204512	0.0
12.360772186951237	0.0
12.370772811697961	0.0
12.380773436444686	0.0
12.39077406119141	0.0
12.400774685938135	0.0
12.410775310684858	0.0
12.420775935431584	0.0
12.430776560178307	0.0
12.44077718492503	0.0
12.450777809671756	0.0
12.46077843441848	0.0
12.470779059165205	0.0
12.480779683911928	0.0
12.490780308658653	0.0
12.500780933405377	0.0
12.510781558152102	0.0
12.520782182898825	0.0
12.53078280764555	0.0
12.540783432392274	0.0
12.550784057139	0.0
12.560784681885723	0.0
12.570785306632448	0.0
12.580785931379172	0.0
12.590786556125895	0.0
12.60078718087262	0.0
12.610787805619344	0.0
12.62078843036607	0.0
12.630789055112793	0.0
12.640789679859518	0.0
12.650790304606241	0.0
12.660790929352967	0.0
12.67079155409969	0.0
12.680792178846415	0.0
12.690792803593139	0.0
12.700793428339864	0.0
12.710794053086587	0.0
12.720794677833313	0.0
12.730795302580036	0.0
12.74079592732676	0.0
12.750796552073485	0.0
12.760797176820208	0.0
12.770797801566934	0.0
12.780798426313657	0.0
12.790799051060382	0.0
12.800799675807106	0.0
12.810800300553831	0.0
12.820800925300555	0.0
12.83080155004728	0.0
12.840802174794003	0.0
12.850802799540729	0.0
12.860803424287452	0.0
12.870804049034177	0.0
12.8808046737809	0.0
12.890805298527624	0.0
12.90080592327435	0.0
12.910806548021073	0.0
12.920807172767798	0.0
12.930807797514522	0.0
12.940808422261247	0.0
12.95080904700797	0.0
12.960809671754696	0.0
12.97081029650142	0.0
12.980810921248144	0.0
12.990811545994868	0.0
13.000812170741593	0.0
13.010812795488317	0.0
13.02081342023504	0.0
13.030814044981765	0.0
13.040814669728489	0.0
13.050815294475214	0.0
13.060815919221938	0.0
13.070816543968663	0.0
13.080817168715386	0.0
13.090817793462111	0.0
13.100818418208835	0.0
13.11081904295556	0.0
13.120819667702284	0.0
13.130820292449009	0.0
13.140820917195732	0.0
13.150821541942458	0.0
13.160822166689181	0.0
13.170822791435905	0.0
13.18082341618263	0.0
13.190824040929353	0.0
13.200824665676079	0.0
13.210825290422802	0.0
13.220825915169527	0.0
13.23082653991625	0.0
13.240827164662976	0.0
13.2508277894097	0.0
13.260828414156425	0.0
13.270829038903148	0.0
13.280829663649873	0.0
13.290830288396597	0.0
13.300830913143322	0.0
13.310831537890046	0.0
13.32083216263677	0.0
13.330832787383494	0.0
13.340833412130218	0.0
13.350834036876943	0.0
13.360834661623667	0.0
13.370835286370392	0.0
13.380835911117115	0.0
13.39083653586384	0.0
13.400837160610564	0.0
13.41083778535729	0.0
13.420838410104013	0.0
13.430839034850738	0.0
13.440839659597462	0.0
13.450840284344187	0.0
13.46084090909091	0.0
13.470841533837634	0.0
13.480842158584359	0.0
13.490842783331082	0.0
13.500843408077808	0.0
13.510844032824531	0.0
13.520844657571256	0.0
13.53084528231798	0.0
13.540845907064705	0.0
13.550846531811429	0.0
13.560847156558154	0.0
13.570847781304877	0.0
13.580848406051603	0.0
13.590849030798326	0.0
13.600849655545051	0.0
13.610850280291775	0.0
13.620850905038498	0.0
13.630851529785224	0.0
13.640852154531947	0.0
13.650852779278672	0.0
13.660853404025396	0.0
13.670854028772121	0.0
13.680854653518844	0.0
13.69085527826557	0.0
13.700855903012293	0.0
13.710856527759018	0.0
13.720857152505742	0.0
13.730857777252467	0.0
13.74085840199919	0.0
13.750859026745916	0.0
13.76085965149264	0.0
13.770860276239363	0.0
13.780860900986088	0.0
13.790861525732812	0.0
13.800862150479537	0.0
13.81086277522626	0.0
13.820863399972986	0.0
13.830864024719709	0.0
13.840864649466434	0.0
13.850865274213158	0.0
13.860865898959883	0.0
13.870866523706606	0.0
13.880867148453332	0.0
13.890867773200055	0.0
13.900868397946779	0.0
13.910869022693504	0.0
13.920869647440227	0.0
13.930870272186953	0.0
13.940870896933676	0.0
13.950871521680401	0.0
13.960872146427125	0.0
13.97087277117385	0.0
13.980873395920574	0.0
13.990874020667299	0.0
14.000874645414022	0.0
14.010875270160748	0.0
14.020875894907471	0.0
14.030876519654196	0.0
14.04087714440092	0.0
14.050877769147643	0.0
14.060878393894368	0.0
14.070879018641092	0.0
14.080879643387817	0.0
14.09088026813454	0.0
14.100880892881266	0.0
14.11088151762799	0.0
14.120882142374715	0.0
14.130882767121438	0.0
14.140883391868163	0.0
14.150884016614887	0.0
14.160884641361612	0.0
14.170885266108336	0.0
14.18088589085506	0.0
14.190886515601784	0.0
14.200887140348508	0.0
14.210887765095233	0.0
14.220888389841956	0.0
14.230889014588682	0.0
14.240889639335405	0.0
14.25089026408213	0.0
14.260890888828854	0.0
14.27089151357558	0.0
14.280892138322303	0.0
14.290892763069028	0.0
14.300893387815751	0.0
14.310894012562477	0.0
14.3208946373092	0.0
14.330895262055925	0.0
14.340895886802649	0.0
14.350896511549372	0.0
14.360897136296098	0.0
14.370897761042821	0.0
14.380898385789546	0.0
14.39089901053627	0.0
14.400899635282995	0.0
14.410900260029718	0.0
14.420900884776444	0.0
14.430901509523167	0.0
14.440902134269892	0.0
14.450902759016616	0.0
14.460903383763341	0.0
14.470904008510065	0.0
14.48090463325679	0.0
14.490905258003513	0.0
14.500905882750237	0.0
14.510906507496962	0.0
14.520907132243686	0.0
14.53090775699041	0.0
14.540908381737134	0.0
14.55090900648386	0.0
14.560909631230583	0.0
14.570910255977308	0.0
14.580910880724032	0.0
14.590911505470757	0.0
14.60091213021748	0.0
14.610912754964206	0.0
14.62091337971093	0.0
14.630914004457653	0.0
14.640914629204378	0.0
14.650915253951101	0.0
14.660915878697827	0.0
14.67091650344455	0.0
14.680917128191275	0.0
14.690917752937999	0.0
14.700918377684724	0.0
14.710919002431448	0.0
14.720919627178173	0.0
14.730920251924896	0.0
14.740920876671622	0.0
14.750921501418345	0.0
14.76092212616507	0.0
14.770922750911794	0.0
14.780923375658517	0.0
14.790924000405242	0.0
14.800924625151966	0.0
14.810925249898691	0.0
14.820925874645415	0.0
14.83092649939214	0.0
14.840927124138863	0.0
14.850927748885589	0.0
14.860928373632312	0.0
14.870928998379037	0.0
14.88092962312576	0.0
14.890930247872486	0.0
14.90093087261921	0.0
14.910931497365935	0.0
14.920932122112658	0.0
14.930932746859382	0.0
14.940933371606107	0.0
14.95093399635283	0.0
14.960934621099556	0.0
14.97093524584628	0.0
14.980935870593004	0.0
14.990936495339728	0.0
15.000937120086453	0.0
15.010937744833177	0.0
15.020938369579902	0.0
15.030938994326625	0.0
15.04093961907335	0.0
15.050940243820074	0.0
15.0609408685668	0.0
15.070941493313523	0.0
15.080942118060246	0.0
15.090942742806972	0.0
15.100943367553695	0.0
15.11094399230042	0.0
15.120944617047144	0.0
15.130945241793869	0.0
15.140945866540592	0.0
15.150946491287318	0.0
15.160947116034041	0.0
15.170947740780766	0.0
15.18094836552749	0.0
15.190948990274215	0.0
15.200949615020939	0.0
15.210950239767664	0.0
15.220950864514387	0.0
15.23095148926111	0.0
15.240952114007836	0.0
15.25095273875456	0.0
15.260953363501285	0.0
15.270953988248008	0.0
15.280954612994734	0.0
15.290955237741457	0.0
15.300955862488182	0.0
15.310956487234906	0.0
15.320957111981631	0.0
15.330957736728354	0.0
15.34095836147508	0.0
15.350958986221803	0.0
15.360959610968528	0.0
15.370960235715252	0.0
15.380960860461975	0.0
15.3909614852087	0.0
15.400962109955424	0.0
15.41096273470215	0.0
15.420963359448873	0.0
15.430963984195598	0.0
15.440964608942322	0.0
15.450965233689047	0.0
15.46096585843577	0.0
15.470966483182496	0.0
15.480967107929219	0.0
15.490967732675944	0.0
15.500968357422668	0.0
15.510968982169391	0.0
15.520969606916116	0.0
15.53097023166284	0.0
15.540970856409565	0.0
15.550971481156289	0.0
15.560972105903014	0.0
15.570972730649737	0.0
15.580973355396463	0.0
15.590973980143186	0.0
15.600974604889911	0.0
15.610975229636635	0.0
15.62097585438336	0.0
15.630976479130084	0.0
15.640977103876809	0.0
15.650977728623532	0.0
15.660978353370256	0.0
15.670978978116981	0.0
15.680979602863705	0.0
15.69098022761043	0.0
15.700980852357153	0.0
15.710981477103878	0.0
15.720982101850602	0.0
15.730982726597327	0.0
15.74098335134405	0.0
15.750983976090776	0.0
15.7609846008375	0.0
15.770985225584225	0.0
15.780985850330948	0.0
15.790986475077673	0.0
15.800987099824397	0.0
15.81098772457112	0.0
15.820988349317846	0.0
15.830988974064569	0.0
15.840989598811294	0.0
15.850990223558018	0.0
15.860990848304743	0.0
15.870991473051467	0.0
15.880992097798192	0.0
15.890992722544915	0.0
15.90099334729164	0.0
15.910993972038364	0.0
15.92099459678509	0.0
15.930995221531813	0.0
15.940995846278538	0.0
15.950996471025261	0.0
15.960997095771985	0.0
15.97099772051871	0.0
15.980998345265434	0.0
15.990998970012159	0.0
16.000999594758884	0.0
16.011000219505608	0.0
16.02100084425233	0.0
16.031001468999055	0.0
16.04100209374578	0.0
16.051002718492505	0.0
16.06100334323923	0.0
16.071003967985952	0.0
16.08100459273268	0.0
16.091005217479402	0.0
16.101005842226126	0.0
16.11100646697285	0.0
16.121007091719573	0.0
16.1310077164663	0.0
16.141008341213023	0.0
16.151008965959747	0.0
16.16100959070647	0.0
16.171010215453197	0.0
16.18101084019992	0.0
16.191011464946644	0.0
16.201012089693368	0.0
16.211012714440095	0.0
16.22101333918682	0.0
16.231013963933542	0.0
16.241014588680265	0.0
16.25101521342699	0.0
16.261015838173716	0.0
16.27101646292044	0.0
16.281017087667163	0.0
16.291017712413886	0.0
16.301018337160613	0.0
16.311018961907337	0.0
16.32101958665406	0.0
16.331020211400784	0.0
16.34102083614751	0.0
16.351021460894234	0.0
16.361022085640958	0.0
16.37102271038768	0.0
16.381023335134408	0.0
16.39102395988113	0.0
16.401024584627855	0.0
16.41102520937458	0.0
16.421025834121302	0.0
16.43102645886803	0.0
16.441027083614753	0.0
16.451027708361476	0.0
16.4610283331082	0.0
16.471028957854926	0.0
16.48102958260165	0.0
16.491030207348373	0.0
16.501030832095097	0.0
16.511031456841824	0.0
16.521032081588547	0.0
16.53103270633527	0.0
16.541033331081994	0.0
16.551033955828718	0.0
16.561034580575445	0.0
16.57103520532217	0.0
16.581035830068892	0.0
16.591036454815615	0.0
16.601037079562342	0.0
16.611037704309066	0.0
16.62103832905579	0.0
16.631038953802513	0.0
16.64103957854924	0.0
16.651040203295963	0.0
16.661040828042687	0.0
16.67104145278941	0.0
16.681042077536134	0.0
16.69104270228286	0.0
16.701043327029584	0.0
16.711043951776308	0.0
16.72104457652303	0.0
16.731045201269758	0.0
16.74104582601648	0.0
16.751046450763205	0.0
16.76104707550993	0.0
16.771047700256656	0.0
16.78104832500338	0.0
16.791048949750103	0.0
16.801049574496826	0.0
16.811050199243553	0.0
16.821050823990277	0.0
16.831051448737	0.0
16.841052073483723	0.0
16.851052698230447	0.0
16.861053322977174	0.0
16.871053947723897	0.0
16.88105457247062	0.0
16.891055197217344	0.0
16.90105582196407	0.0
16.911056446710795	0.0
16.92105707145752	0.0
16.931057696204242	0.0
16.94105832095097	0.0
16.951058945697692	0.0
16.961059570444416	0.0
16.97106019519114	0.0
16.981060819937863	0.0
16.99106144468459	0.0
17.001062069431313	0.0
17.011062694178037	144.0
17.02106331892476	144.0
17.031063943671487	142.0
17.04106456841821	140.0
17.051065193164934	140.0
17.061065817911658	139.0
17.071066442658385	139.0
17.081067067405108	139.0
17.09106769215183	140.0
17.101068316898555	140.0
17.111068941645282	142.0
17.121069566392006	144.0
17.13107019113873	145.0
17.141070815885453	145.0
17.151071440632176	149.0
17.161072065378903	150.0
17.171072690125627	154.0
17.18107331487235	158.0
17.191073939619073	161.0
17.2010745643658	165.0
17.211075189112524	169.0
17.221075813859247	173.0
17.23107643860597	175.0
17.241077063352698	177.0
17.25107768809942	179.0
17.261078312846145	181.0
17.27107893759287	181.0
17.281079562339592	181.0
17.29108018708632	179.0
17.301080811833042	177.0
17.311081436579766	177.0
17.32108206132649	175.0
17.331082686073216	173.0
17.34108331081994	173.0
17.351083935566663	171.0
17.361084560313387	171.0
17.371085185060114	171.0
17.381085809806837	169.0
17.39108643455356	169.0
17.401087059300284	167.0
17.411087684047008	165.0
17.421088308793735	165.0
17.431088933540458	165.0
17.44108955828718	165.0
17.451090183033905	165.0
17.461090807780632	165.0
17.471091432527356	165.0
17.48109205727408	165.0
17.491092682020803	165.0
17.50109330676753	165.0
17.511093931514253	165.0
17.521094556260977	165.0
17.5310951810077	165.0
17.541095805754427	165.0
17.55109643050115	167.0
17.561097055247874	167.0
17.571097679994597	167.0
17.58109830474132	167.0
17.591098929488048	167.0
17.60109955423477	167.0
17.611100178981495	165.0
17.62110080372822	165.0
17.631101428474945	167.0
17.64110205322167	167.0
17.651102677968392	169.0
17.661103302715116	171.0
17.671103927461843	173.0
17.681104552208566	175.0
17.69110517695529	177.0
17.701105801702013	177.0
17.711106426448737	177.0
17.721107051195464	177.0
17.731107675942187	177.0
17.74110830068891	175.0
17.751108925435634	175.0
17.76110955018236	173.0
17.771110174929085	171.0
17.781110799675808	171.0
17.79111142442253	169.0
17.80111204916926	169.0
17.811112673915982	169.0
17.821113298662706	169.0
17.83111392340943	169.0
17.841114548156156	167.0
17.85111517290288	167.0
17.861115797649603	167.0
17.871116422396327	167.0
17.88111704714305	167.0
17.891117671889777	167.0
17.9011182966365	167.0
17.911118921383224	167.0
17.921119546129948	165.0
17.931120170876675	167.0
17.941120795623398	167.0
17.95112142037012	167.0
17.961122045116845	169.0
17.971122669863572	171.0
17.981123294610295	175.0
17.99112391935702	177.0
18.001124544103742	179.0
18.011125168850466	179.0
18.021125793597193	181.0
18.031126418343916	181.0
18.04112704309064	179.0
18.051127667837363	177.0
18.06112829258409	177.0
18.071128917330814	175.0
18.081129542077537	173.0
18.09113016682426	171.0
18.101130791570988	169.0
18.11113141631771	169.0
18.121132041064435	167.0
18.13113266581116	167.0
18.14113329055788	167.0
18.15113391530461	167.0
18.161134540051332	165.0
18.171135164798056	165.0
18.18113578954478	165.0
18.191136414291506	163.0
18.20113703903823	163.0
18.211137663784953	163.0
18.221138288531677	163.0
18.231138913278404	163.0
18.241139538025127	165.0
18.25114016277185	165.0
18.261140787518574	169.0
18.2711414122653	171.0
18.281142037012025	175.0
18.291142661758748	179.0
18.30114328650547	181.0
18.311143911252195	185.0
18.321144535998922	185.0
18.331145160745645	185.0
18.34114578549237	185.0
18.351146410239092	183.0
18.36114703498582	181.0
18.371147659732543	179.0
18.381148284479266	177.0
18.39114890922599	177.0
18.401149533972717	175.0
18.41115015871944	175.0
18.421150783466164	173.0
18.431151408212887	173.0
18.44115203295961	171.0
18.451152657706338	171.0
18.46115328245306	169.0
18.471153907199785	167.0
18.48115453194651	167.0
18.491155156693235	165.0
18.50115578143996	165.0
18.511156406186682	165.0
18.521157030933406	165.0
18.531157655680133	167.0
18.541158280426856	169.0
18.55115890517358	169.0
18.561159529920303	171.0
18.57116015466703	175.0
18.581160779413754	177.0
18.591161404160477	179.0
18.6011620289072	181.0
18.611162653653924	183.0
18.62116327840065	185.0
18.631163903147375	185.0
18.641164527894098	183.0
18.65116515264082	181.0
18.66116577738755	181.0
18.671166402134272	179.0
18.681167026880996	177.0
18.69116765162772	175.0
18.701168276374446	173.0
18.71116890112117	171.0
18.721169525867893	169.0
18.731170150614616	167.0
18.74117077536134	167.0
18.751171400108067	165.0
18.76117202485479	165.0
18.771172649601514	165.0
18.781173274348237	165.0
18.791173899094964	167.0
18.801174523841688	167.0
18.81117514858841	169.0
18.821175773335135	171.0
18.831176398081862	173.0
18.841177022828585	177.0
18.85117764757531	179.0
18.861178272322032	181.0
18.87117889706876	183.0
18.881179521815483	183.0
18.891180146562206	183.0
18.90118077130893	181.0
18.911181396055653	179.0
18.92118202080238	177.0
18.931182645549104	175.0
18.941183270295827	173.0
18.95118389504255	169.0
18.961184519789278	167.0
18.971185144536	167.0
18.981185769282725	165.0
18.991186394029448	163.0
19.001187018776175	163.0
19.0111876435229	163.0
19.021188268269622	165.0
19.031188893016346	167.0
19.04118951776307	169.0
19.051190142509796	173.0
19.06119076725652	179.0
19.071191392003243	187.0
19.081192016749966	199.0
19.091192641496693	208.0
19.101193266243417	215.0
19.11119389099014	220.0
19.121194515736864	226.0
19.13119514048359	228.0
19.141195765230314	231.0
19.151196389977038	231.0
19.16119701472376	228.0
19.171197639470485	223.0
19.181198264217212	218.0
19.191198888963935	215.0
19.20119951371066	213.0
19.211200138457382	208.0
19.22120076320411	208.0
19.231201387950833	206.0
19.241202012697556	203.0
19.25120263744428	203.0
19.261203262191007	206.0
19.27120388693773	208.0
19.281204511684454	213.0
19.291205136431177	215.0
19.301205761177904	220.0
19.311206385924628	226.0
19.32120701067135	228.0
19.331207635418075	231.0
19.341208260164798	234.0
19.351208884911525	234.0
19.36120950965825	234.0
19.371210134404972	234.0
19.381210759151696	231.0
19.391211383898423	228.0
19.401212008645146	226.0
19.41121263339187	223.0
19.421213258138593	220.0
19.43121388288532	218.0
19.441214507632044	215.0
19.451215132378767	213.0
19.46121575712549	213.0
19.471216381872214	215.0
19.48121700661894	218.0
19.491217631365664	223.0
19.501218256112388	226.0
19.51121888085911	231.0
19.52121950560584	234.0
19.531220130352562	239.0
19.541220755099285	242.0
19.55122137984601	245.0
19.561222004592736	242.0
19.57122262933946	239.0
19.581223254086183	234.0
19.591223878832906	231.0
19.601224503579633	228.0
19.611225128326357	226.0
19.62122575307308	223.0
19.631226377819804	223.0
19.641227002566527	226.0
19.651227627313254	228.0
19.661228252059978	234.0
19.6712288768067	242.0
19.681229501553425	253.0
19.69123012630015	265.0
19.701230751046875	275.0
19.7112313757936	284.0
19.721232000540322	291.0
19.73123262528705	294.0
19.741233250033773	294.0
19.751233874780496	294.0
19.76123449952722	288.0
19.771235124273943	281.0
19.78123574902067	272.0
19.791236373767394	265.0
19.801236998514117	259.0
19.81123762326084	256.0
19.821238248007568	253.0
19.83123887275429	250.0
19.841239497501014	245.0
19.851240122247738	239.0
19.861240746994465	236.0
19.87124137174119	234.0
19.881241996487912	231.0
19.891242621234635	228.0
19.90124324598136	228.0
19.911243870728086	226.0
19.92124449547481	226.0
19.931245120221533	226.0
19.941245744968256	226.0
19.951246369714983	226.0
19.961246994461707	226.0
19.97124761920843	226.0
19.981248243955154	223.0
19.99124886870188	226.0
20.001249493448604	226.0
20.011250118195328	226.0
20.02125074294205	228.0
20.03125136768878	231.0
20.0412519924355	236.0
20.051252617182225	239.0
20.06125324192895	245.0
20.071253866675672	248.0
20.0812544914224	250.0
20.091255116169123	250.0
20.101255740915846	250.0
20.11125636566257	248.0
20.121256990409297	245.0
20.13125761515602	242.0
20.141258239902744	239.0
20.151258864649467	236.0
20.161259489396194	234.0
20.171260114142918	231.0
20.18126073888964	228.0
20.191261363636364	226.0
20.201261988383088	226.0
20.211262613129815	226.0
20.22126323787654	226.0
20.231263862623262	228.0
20.241264487369985	231.0
20.251265112116712	231.0
20.261265736863436	231.0
20.27126636161016	231.0
20.281266986356883	234.0
20.29126761110361	239.0
20.301268235850333	253.0
20.311268860597057	262.0
20.32126948534378	268.0
20.331270110090507	278.0
20.34127073483723	284.0
20.351271359583954	301.0
20.361271984330678	316.0
20.3712726090774	316.0
20.38127323382413	312.0
20.39127385857085	308.0
20.401274483317575	301.0
20.4112751080643	298.0
20.421275732811026	291.0
20.43127635755775	288.0
20.441276982304473	284.0
20.451277607051196	281.0
20.461278231797923	281.0
20.471278856544647	278.0
20.48127948129137	281.0
20.491280106038094	284.0
20.501280730784817	288.0
20.511281355531544	291.0
20.521281980278268	298.0
20.53128260502499	301.0
20.541283229771715	305.0
20.55128385451844	305.0
20.561284479265165	305.0
20.57128510401189	301.0
20.581285728758612	294.0
20.59128635350534	291.0
20.601286978252062	288.0
20.611287602998786	284.0
20.62128822774551	281.0
20.631288852492233	281.0
20.64128947723896	281.0
20.651290101985683	281.0
20.661290726732407	288.0
20.67129135147913	294.0
20.681291976225857	305.0
20.69129260097258	312.0
20.701293225719304	319.0
20.711293850466028	323.0
20.721294475212755	323.0
20.73129509995948	316.0
20.7412957247062	308.0
20.751296349452925	291.0
20.761296974199652	278.0
20.771297598946376	265.0
20.7812982236931	245.0
20.791298848439823	234.0
20.801299473186546	226.0
20.811300097933273	223.0
20.821300722679997	220.0
20.83130134742672	218.0
20.841301972173444	218.0
20.85130259692017	218.0
20.861303221666894	218.0
20.871303846413618	220.0
20.88130447116034	223.0
20.891305095907068	228.0
20.90130572065379	231.0
20.911306345400515	234.0
20.92130697014724	236.0
20.931307594893962	236.0
20.94130821964069	236.0
20.951308844387412	234.0
20.961309469134136	231.0
20.97131009388086	226.0
20.981310718627586	223.0
20.99131134337431	220.0
21.001311968121033	218.0
21.011312592867757	218.0
21.021313217614484	220.0
21.031313842361207	220.0
21.04131446710793	220.0
21.051315091854654	223.0
21.06131571660138	223.0
21.071316341348105	223.0
21.08131696609483	220.0
21.091317590841552	220.0
21.101318215588275	220.0
21.111318840335002	220.0
21.121319465081726	220.0
21.13132008982845	220.0
21.141320714575173	218.0
21.1513213393219	218.0
21.161321964068623	215.0
21.171322588815347	210.0
21.18132321356207	208.0
21.191323838308797	206.0
21.20132446305552	203.0
21.211325087802244	203.0
21.221325712548968	206.0
21.23132633729569	213.0
21.241326962042418	220.0
21.25132758678914	228.0
21.261328211535865	234.0
21.27132883628259	236.0
21.281329461029316	234.0
21.29133008577604	228.0
21.301330710522763	220.0
21.311331335269486	215.0
21.321331960016213	203.0
21.331332584762936	192.0
21.34133320950966	181.0
21.351333834256383	175.0
21.361334459003107	171.0
21.371335083749834	167.0
21.381335708496557	165.0
21.39133633324328	163.0
21.401336957990004	163.0
21.41133758273673	163.0
21.421338207483455	163.0
21.43133883223018	163.0
21.441339456976902	163.0
21.45134008172363	163.0
21.461340706470352	163.0
21.471341331217076	165.0
21.4813419559638	165.0
21.491342580710526	165.0
21.50134320545725	165.0
21.511343830203973	165.0
21.521344454950697	163.0
21.53134507969742	163.0
21.541345704444147	163.0
21.55134632919087	163.0
21.561346953937594	163.0
21.571347578684318	163.0
21.581348203431045	163.0
21.591348828177768	165.0
21.60134945292449	167.0
21.611350077671215	167.0
21.621350702417942	169.0
21.631351327164666	173.0
21.64135195191139	175.0
21.651352576658113	177.0
21.661353201404836	177.0
21.671353826151563	179.0
21.681354450898287	177.0
21.69135507564501	175.0
21.701355700391733	173.0
21.71135632513846	169.0
21.721356949885184	167.0
21.731357574631907	165.0
21.74135819937863	165.0
21.751358824125358	163.0
21.76135944887208	163.0
21.771360073618805	165.0
21.78136069836553	165.0
21.791361323112255	169.0
21.80136194785898	171.0
21.811362572605702	175.0
21.821363197352426	179.0
21.83136382209915	183.0
21.841364446845876	185.0
21.8513650715926	187.0
21.861365696339323	187.0
21.871366321086047	185.0
21.881366945832774	179.0
21.891367570579497	173.0
21.90136819532622	165.0
21.911368820072944	158.0
21.92136944481967	152.0
21.931370069566395	150.0
21.941370694313118	150.0
21.95137131905984	150.0
21.961371943806565	152.0
21.971372568553292	152.0
21.981373193300016	154.0
21.99137381804674	156.0
22.001374442793463	158.0
22.01137506754019	158.0
22.021375692286913	158.0
22.031376317033637	158.0
22.04137694178036	158.0
22.051377566527087	156.0
22.06137819127381	154.0
22.071378816020534	150.0
22.081379440767257	147.0
22.09138006551398	145.0
22.101380690260708	144.0
22.11138131500743	144.0
22.121381939754155	145.0
22.13138256450088	145.0
22.141383189247605	145.0
22.15138381399433	147.0
22.161384438741052	147.0
22.171385063487776	147.0
22.181385688234503	147.0
22.191386312981226	147.0
22.20138693772795	147.0
22.211387562474673	147.0
22.2213881872214	147.0
22.231388811968124	147.0
22.241389436714847	147.0
22.25139006146157	147.0
22.261390686208294	147.0
22.27139131095502	147.0
22.281391935701745	147.0
22.291392560448468	145.0
22.30139318519519	142.0
22.31139380994192	140.0
22.321394434688642	139.0
22.331395059435366	137.0
22.34139568418209	137.0
22.351396308928816	139.0
22.36139693367554	139.0
22.371397558422263	140.0
22.381398183168987	142.0
22.39139880791571	144.0
22.401399432662437	145.0
22.41140005740916	147.0
22.421400682155884	147.0
22.431401306902607	147.0
22.441401931649335	144.0
22.451402556396058	140.0
22.46140318114278	139.0
22.471403805889505	136.0
22.481404430636232	136.0
22.491405055382955	136.0
22.50140568012968	136.0
22.511406304876402	137.0
22.52140692962313	139.0
22.531407554369853	140.0
22.541408179116576	142.0
22.5514088038633	144.0
22.561409428610023	147.0
22.57141005335675	147.0
22.581410678103474	149.0
22.591411302850197	149.0
22.60141192759692	149.0
22.611412552343648	147.0
22.62141317709037	147.0
22.631413801837095	147.0
22.641414426583818	147.0
22.651415051330545	147.0
22.66141567607727	147.0
22.671416300823992	147.0
22.681416925570716	147.0
22.69141755031744	147.0
22.701418175064166	147.0
22.71141879981089	147.0
22.721419424557613	147.0
22.731420049304337	145.0
22.741420674051064	145.0
22.751421298797787	145.0
22.76142192354451	144.0
22.771422548291234	145.0
22.78142317303796	147.0
22.791423797784685	152.0
22.801424422531408	158.0
22.81142504727813	171.0
22.82142567202486	185.0
22.831426296771582	201.0
22.841426921518305	245.0
22.85142754626503	250.0
22.861428171011752	259.0
22.87142879575848	259.0
22.881429420505203	253.0
22.891430045251926	239.0
22.90143066999865	228.0
22.911431294745377	215.0
22.9214319194921	213.0
22.931432544238824	218.0
22.941433168985547	228.0
22.951433793732274	236.0
22.961434418478998	250.0
22.97143504322572	259.0
22.981435667972445	268.0
22.991436292719168	275.0
23.001436917465895	272.0
23.01143754221262	262.0
23.021438166959342	248.0
23.031438791706066	242.0
23.041439416452793	234.0
23.051440041199516	228.0
23.06144066594624	226.0
23.071441290692963	226.0
23.08144191543969	226.0
23.091442540186414	226.0
23.101443164933137	226.0
23.11144378967986	226.0
23.121444414426584	226.0
23.13144503917331	223.0
23.141445663920035	220.0
23.151446288666758	215.0
23.16144691341348	210.0
23.17144753816021	203.0
23.181448162906932	203.0
23.191448787653655	203.0
23.20144941240038	208.0
23.211450037147106	215.0
23.22145066189383	223.0
23.231451286640553	228.0
23.241451911387276	236.0
23.251452536134003	236.0
23.261453160880727	236.0
23.27145378562745	228.0
23.281454410374174	223.0
23.291455035120897	213.0
23.301455659867624	201.0
23.311456284614348	190.0
23.32145690936107	181.0
23.331457534107795	175.0
23.341458158854522	169.0
23.351458783601245	165.0
23.36145940834797	163.0
23.371460033094692	161.0
23.38146065784142	159.0
23.391461282588143	158.0
23.401461907334866	158.0
23.41146253208159	156.0
23.421463156828313	156.0
23.43146378157504	156.0
23.441464406321764	156.0
23.451465031068487	158.0
23.46146565581521	159.0
23.471466280561938	161.0
23.48146690530866	165.0
23.491467530055385	167.0
23.501468154802108	169.0
23.511468779548835	173.0
23.52146940429556	173.0
23.531470029042282	175.0
23.541470653789005	173.0
23.551471278535733	171.0
23.561471903282456	169.0
23.57147252802918	165.0
23.581473152775903	163.0
23.591473777522626	161.0
23.601474402269353	159.0
23.611475027016077	158.0
23.6214756517628	158.0
23.631476276509524	158.0
23.64147690125625	159.0
23.651477526002974	159.0
23.661478150749698	161.0
23.67147877549642	161.0
23.68147940024315	161.0
23.691480024989872	161.0
23.701480649736595	161.0
23.71148127448332	161.0
23.721481899230042	163.0
23.73148252397677	165.0
23.741483148723493	169.0
23.751483773470216	173.0
23.76148439821694	181.0
23.771485022963667	187.0
23.78148564771039	196.0
23.791486272457114	201.0
23.801486897203837	201.0
23.811487521950564	199.0
23.821488146697288	190.0
23.83148877144401	179.0
23.841489396190735	163.0
23.851490020937458	152.0
23.861490645684185	147.0
23.87149127043091	145.0
23.881491895177632	145.0
23.891492519924356	145.0
23.901493144671083	147.0
23.911493769417806	149.0
23.92149439416453	152.0
23.931495018911253	156.0
23.94149564365798	158.0
23.951496268404703	159.0
23.961496893151427	159.0
23.97149751789815	159.0
23.981498142644877	158.0
23.9914987673916	156.0
24.001499392138324	152.0
24.011500016885048	150.0
24.02150064163177	149.0
24.0315012663785	145.0
24.041501891125222	144.0
24.051502515871945	144.0
24.06150314061867	145.0
24.071503765365396	147.0
24.08150439011212	149.0
24.091505014858843	150.0
24.101505639605566	152.0
24.111506264352293	152.0
24.121506889099017	152.0
24.13150751384574	150.0
24.141508138592464	147.0
24.151508763339187	145.0
24.161509388085914	142.0
24.171510012832638	142.0
24.18151063757936	140.0
24.191511262326085	139.0
24.20151188707281	139.0
24.211512511819535	139.0
24.22151313656626	140.0
24.231513761312982	142.0
24.24151438605971	145.0
24.251515010806433	149.0
24.261515635553156	149.0
24.27151626029988	150.0
24.281516885046607	149.0
24.29151750979333	149.0
24.301518134540053	147.0
24.311518759286777	147.0
24.3215193840335	147.0
24.331520008780227	147.0
24.34152063352695	145.0
24.351521258273674	142.0
24.361521883020398	140.0
24.371522507767125	142.0
24.38152313251385	142.0
24.391523757260572	144.0
24.401524382007295	145.0
24.411525006754022	147.0
24.421525631500746	0.0
24.43152625624747	0.0
24.441526880994193	0.0
24.451527505740916	0.0
24.461528130487643	0.0
24.471528755234367	0.0
24.48152937998109	0.0
24.491530004727814	0.0
24.50153062947454	0.0
24.511531254221264	0.0
24.521531878967988	0.0
24.53153250371471	0.0
24.541533128461438	0.0
24.55153375320816	0.0
24.561534377954885	0.0
24.57153500270161	0.0
24.581535627448332	0.0
24.59153625219506	0.0
24.601536876941783	0.0
24.611537501688506	0.0
24.62153812643523	0.0
24.631538751181957	0.0
24.64153937592868	0.0
24.651540000675404	0.0
24.661540625422127	0.0
24.671541250168854	0.0
24.681541874915577	0.0
24.6915424996623	0.0
24.701543124409024	0.0
24.71154374915575	0.0
24.721544373902475	0.0
24.7315449986492	0.0
24.741545623395922	0.0
24.751546248142645	0.0
24.761546872889372	0.0
24.771547497636096	0.0
24.78154812238282	0.0
24.791548747129543	0.0
24.80154937187627	0.0
24.811549996622993	0.0
24.821550621369717	0.0
24.83155124611644	0.0
24.841551870863167	0.0
24.85155249560989	0.0
24.861553120356614	0.0
24.871553745103338	0.0
24.88155436985006	0.0
24.891554994596788	0.0
24.90155561934351	0.0
24.911556244090235	0.0
24.92155686883696	0.0
24.931557493583686	0.0
24.94155811833041	0.0
24.951558743077133	0.0
24.961559367823856	0.0
24.971559992570583	0.0
24.981560617317307	0.0
24.99156124206403	0.0
25.001561866810754	0.0
25.01156249155748	0.0
25.021563116304204	0.0
25.031563741050928	0.0
25.04156436579765	0.0
25.051564990544374	0.0
25.0615656152911	0.0
25.071566240037825	0.0
25.08156686478455	0.0
25.091567489531272	0.0
25.101568114278	0.0
25.111568739024722	0.0
25.121569363771446	0.0
25.13156998851817	0.0
25.141570613264896	0.0
25.15157123801162	0.0
25.161571862758343	0.0
25.171572487505067	0.0
25.18157311225179	0.0
25.191573736998517	0.0
25.20157436174524	0.0
25.211574986491964	0.0
25.221575611238688	0.0
25.231576235985415	0.0
25.24157686073214	0.0
25.25157748547886	0.0
25.261578110225585	0.0
25.271578734972312	0.0
25.281579359719036	0.0
25.29157998446576	0.0
25.301580609212483	0.0
25.311581233959206	0.0
25.321581858705933	0.0
25.331582483452657	0.0
25.34158310819938	0.0
25.351583732946104	0.0
25.36158435769283	0.0
25.371584982439554	0.0
25.381585607186278	0.0
25.391586231933	0.0
25.401586856679728	0.0
25.41158748142645	0.0
25.421588106173175	0.0
25.4315887309199	0.0
25.441589355666625	0.0
25.45158998041335	0.0
25.461590605160072	0.0
25.471591229906796	0.0
25.48159185465352	0.0
25.491592479400246	0.0
25.50159310414697	0.0
25.511593728893693	0.0
25.521594353640417	0.0
25.531594978387144	0.0
25.541595603133867	0.0
25.55159622788059	0.0
25.561596852627314	0.0
25.57159747737404	0.0
25.581598102120765	0.0
25.59159872686749	0.0
25.60159935161421	0.0
25.611599976360935	0.0
25.621600601107662	0.0
25.631601225854386	0.0
25.64160185060111	0.0
25.651602475347833	0.0
25.66160310009456	0.0
25.671603724841283	0.0
25.681604349588007	0.0
25.69160497433473	0.0
25.701605599081457	0.0
25.71160622382818	0.0
25.721606848574904	0.0
25.731607473321628	0.0
25.741608098068355	0.0
25.751608722815078	0.0
25.7616093475618	0.0
25.771609972308525	0.0
25.78161059705525	0.0
25.791611221801976	0.0
25.8016118465487	0.0
25.811612471295422	0.0
25.821613096042146	0.0
25.831613720788873	0.0
25.841614345535596	0.0
25.85161497028232	0.0
25.861615595029043	0.0
25.87161621977577	0.0
25.881616844522494	0.0
25.891617469269217	0.0
25.90161809401594	0.0
25.911618718762664	0.0
25.92161934350939	0.0
25.931619968256115	0.0
25.94162059300284	0.0
25.95162121774956	0.0
25.96162184249629	0.0
25.971622467243012	0.0
25.981623091989736	0.0
25.99162371673646	0.0
26.001624341483186	0.0
26.01162496622991	0.0
26.021625590976633	0.0
26.031626215723357	0.0
26.04162684047008	0.0
26.051627465216807	0.0
26.06162808996353	0.0
26.071628714710254	0.0
26.081629339456978	0.0
26.091629964203705	0.0
26.101630588950428	0.0
26.11163121369715	0.0
26.121631838443875	0.0
26.131632463190602	0.0
26.141633087937326	0.0
26.15163371268405	0.0
26.161634337430772	0.0
26.1716349621775	0.0
26.181635586924223	0.0
26.191636211670946	0.0
26.20163683641767	0.0
26.211637461164393	0.0
26.22163808591112	0.0
26.231638710657844	0.0
26.241639335404567	0.0
26.25163996015129	0.0
26.261640584898018	0.0
26.27164120964474	0.0
26.281641834391465	0.0
26.29164245913819	0.0
26.301643083884915	0.0
26.31164370863164	0.0
26.321644333378362	0.0
26.331644958125086	0.0
26.34164558287181	0.0
26.351646207618536	0.0
26.36164683236526	0.0
26.371647457111983	0.0
26.381648081858707	0.0
26.391648706605434	0.0
26.401649331352157	0.0
26.41164995609888	0.0
26.421650580845604	0.0
26.43165120559233	0.0
26.441651830339055	0.0
26.451652455085778	0.0
26.4616530798325	0.0
26.47165370457923	0.0
26.481654329325952	0.0
26.491654954072676	0.0
26.5016555788194	0.0
26.511656203566123	0.0
26.52165682831285	0.0
26.531657453059573	0.0
26.541658077806296	0.0
26.55165870255302	0.0
26.561659327299747	0.0
26.57165995204647	0.0
26.581660576793194	0.0
26.591661201539917	0.0
26.601661826286644	0.0
26.611662451033368	0.0
26.62166307578009	0.0
26.631663700526815	0.0
26.64166432527354	0.0
26.651664950020265	0.0
26.66166557476699	0.0
26.671666199513712	0.0
26.681666824260436	0.0
26.691667449007163	0.0
26.701668073753886	0.0
26.71166869850061	0.0
26.721669323247333	0.0
26.73166994799406	0.0
26.741670572740784	0.0
26.751671197487507	0.0
26.76167182223423	0.0
26.771672446980958	0.0
26.78167307172768	0.0
26.791673696474405	0.0
26.801674321221128	0.0
26.81167494596785	0.0
26.82167557071458	0.0
26.831676195461302	0.0
26.841676820208026	0.0
26.85167744495475	0.0
26.861678069701476	0.0
26.8716786944482	0.0
26.881679319194923	0.0
26.891679943941647	0.0
26.901680568688374	0.0
26.911681193435097	0.0
26.92168181818182	0.0
26.931682442928544	0.0
26.941683067675267	0.0
26.951683692421994	0.0
26.961684317168718	0.0
26.97168494191544	0.0
26.981685566662165	0.0
26.991686191408892	0.0
27.001686816155615	0.0
27.01168744090234	0.0
27.021688065649062	0.0
27.03168869039579	0.0
27.041689315142513	0.0
27.051689939889236	0.0
27.06169056463596	0.0
27.071691189382683	0.0
27.08169181412941	0.0
27.091692438876134	0.0
27.101693063622857	0.0
27.11169368836958	0.0
27.121694313116308	0.0
27.13169493786303	0.0
27.141695562609755	0.0
27.151696187356478	0.0
27.161696812103205	0.0
27.17169743684993	0.0
27.181698061596652	0.0
27.191698686343376	0.0
27.201699311090103	0.0
27.211699935836826	0.0
27.22170056058355	0.0
27.231701185330273	0.0
27.241701810076997	0.0
27.251702434823724	0.0
27.261703059570447	0.0
27.27170368431717	0.0
27.281704309063894	0.0
27.29170493381062	0.0
27.301705558557344	0.0
27.311706183304068	0.0
27.32170680805079	0.0
27.33170743279752	0.0
27.341708057544242	0.0
27.351708682290965	0.0
27.36170930703769	0.0
27.371709931784412	0.0
27.38171055653114	0.0
27.391711181277863	0.0
27.401711806024586	0.0
27.41171243077131	0.0
27.421713055518037	0.0
27.43171368026476	0.0
27.441714305011484	0.0
27.451714929758207	0.0
27.461715554504934	0.0
27.471716179251658	0.0
27.48171680399838	0.0
27.491717428745105	0.0
27.50171805349183	0.0
27.511718678238555	0.0
27.52171930298528	0.0
27.531719927732002	0.0
27.541720552478726	0.0
27.551721177225453	0.0
27.561721801972176	0.0
27.5717224267189	0.0
27.581723051465623	0.0
27.59172367621235	0.0
27.601724300959074	0.0
27.611724925705797	0.0
27.62172555045252	0.0
27.631726175199248	0.0
27.64172679994597	0.0
27.651727424692695	0.0
27.661728049439418	0.0
27.67172867418614	0.0
27.68172929893287	0.0
27.691729923679592	0.0
27.701730548426315	0.0
27.71173117317304	0.0
27.721731797919766	0.0
27.73173242266649	0.0
27.741733047413213	0.0
27.751733672159936	0.0
27.761734296906663	0.0
27.771734921653387	0.0
27.78173554640011	0.0
27.791736171146834	0.0
27.801736795893557	0.0
27.811737420640284	0.0
27.821738045387008	0.0
27.83173867013373	0.0
27.841739294880455	0.0
27.85173991962718	0.0
27.861740544373905	0.0
27.87174116912063	0.0
27.881741793867352	0.0
27.89174241861408	152.0
27.901743043360803	150.0
27.911743668107526	150.0
27.92174429285425	150.0
27.931744917600977	150.0
27.9417455423477	152.0
27.951746167094424	152.0
27.961746791841147	152.0
27.97174741658787	154.0
27.981748041334598	154.0
27.99174866608132	154.0
28.001749290828045	152.0
28.011749915574768	152.0
28.021750540321495	152.0
28.03175116506822	152.0
28.041751789814942	150.0
28.051752414561665	150.0
28.061753039308392	150.0
28.071753664055116	150.0
28.08175428880184	150.0
28.091754913548563	150.0
28.101755538295286	149.0
28.111756163042013	149.0
28.121756787788737	149.0
28.13175741253546	147.0
28.141758037282184	147.0
28.15175866202891	147.0
28.161759286775634	147.0
28.171759911522358	149.0
28.18176053626908	149.0
28.19176116101581	149.0
28.201761785762532	150.0
28.211762410509255	150.0
28.22176303525598	150.0
28.231763660002706	150.0
28.24176428474943	150.0
28.251764909496153	150.0
28.261765534242876	150.0
28.2717661589896	150.0
28.281766783736327	150.0
28.29176740848305	150.0
28.301768033229774	150.0
28.311768657976497	149.0
28.321769282723224	149.0
28.331769907469948	149.0
28.34177053221667	149.0
28.351771156963395	150.0
28.36177178171012	150.0
28.371772406456845	150.0
28.38177303120357	150.0
28.391773655950292	150.0
28.401774280697015	149.0
28.411774905443743	149.0
28.421775530190466	149.0
28.43177615493719	149.0
28.441776779683913	149.0
28.45177740443064	149.0
28.461778029177363	149.0
28.471778653924087	149.0
28.48177927867081	149.0
28.491779903417537	149.0
28.50178052816426	149.0
28.511781152910984	149.0
28.521781777657708	149.0
28.53178240240443	149.0
28.54178302715116	149.0
28.551783651897882	149.0
28.561784276644605	149.0
28.57178490139133	149.0
28.581785526138056	149.0
28.59178615088478	149.0
28.601786775631503	149.0
28.611787400378226	149.0
28.621788025124953	149.0
28.631788649871677	149.0
28.6417892746184	149.0
28.651789899365124	149.0
28.66179052411185	149.0
28.671791148858574	149.0
28.681791773605298	149.0
28.69179239835202	147.0
28.701793023098745	147.0
28.71179364784547	147.0
28.721794272592195	147.0
28.73179489733892	147.0
28.741795522085642	149.0
28.75179614683237	149.0
28.761796771579093	149.0
28.771797396325816	149.0
28.78179802107254	149.0
28.791798645819267	149.0
28.80179927056599	149.0
28.811799895312713	147.0
28.821800520059437	147.0
28.83180114480616	147.0
28.841801769552887	147.0
28.85180239429961	147.0
28.861803019046334	145.0
28.871803643793058	145.0
28.881804268539785	144.0
28.89180489328651	144.0
28.901805518033232	142.0
28.911806142779955	140.0
28.921806767526682	140.0
28.931807392273406	139.0
28.94180801702013	139.0
28.951808641766853	139.0
28.96180926651358	140.0
28.971809891260303	140.0
28.981810516007027	142.0
28.99181114075375	144.0
29.001811765500474	145.0
29.0118123902472	147.0
29.021813014993924	149.0
29.031813639740648	150.0
29.04181426448737	150.0
29.051814889234098	150.0
29.06181551398082	150.0
29.071816138727545	150.0
29.08181676347427	149.0
29.091817388220996	149.0
29.10181801296772	147.0
29.111818637714443	145.0
29.121819262461166	145.0
29.13181988720789	144.0
29.141820511954617	142.0
29.15182113670134	140.0
29.161821761448063	139.0
29.171822386194787	139.0
29.181823010941514	140.0
29.191823635688237	140.0
29.20182426043496	142.0
29.211824885181684	142.0
29.22182550992841	144.0
29.231826134675135	144.0
29.24182675942186	144.0
29.251827384168582	144.0
29.261828008915305	144.0
29.271828633662032	144.0
29.281829258408756	145.0
29.29182988315548	145.0
29.301830507902203	147.0
29.31183113264893	147.0
29.321831757395653	147.0
29.331832382142377	147.0
29.3418330068891	149.0
29.351833631635827	149.0
29.36183425638255	147.0
29.371834881129274	147.0
29.381835505875998	147.0
29.391836130622725	147.0
29.401836755369448	147.0
29.41183738011617	147.0
29.421838004862895	147.0
29.43183862960962	147.0
29.441839254356346	149.0
29.45183987910307	149.0
29.461840503849793	150.0
29.471841128596516	152.0
29.481841753343243	154.0
29.491842378089967	156.0
29.50184300283669	158.0
29.511843627583414	156.0
29.52184425233014	154.0
29.531844877076864	154.0
29.541845501823587	152.0
29.55184612657031	150.0
29.561846751317034	150.0
29.57184737606376	149.0
29.581848000810485	149.0
29.59184862555721	149.0
29.601849250303932	149.0
29.61184987505066	149.0
29.621850499797382	149.0
29.631851124544106	149.0
29.64185174929083	149.0
29.651852374037556	149.0
29.66185299878428	147.0
29.671853623531003	147.0
29.681854248277727	147.0
29.691854873024454	147.0
29.701855497771177	147.0
29.7118561225179	147.0
29.721856747264624	147.0
29.731857372011348	147.0
29.741857996758075	149.0
29.751858621504798	149.0
29.76185924625152	149.0
29.771859870998245	149.0
29.781860495744972	149.0
29.791861120491696	149.0
29.80186174523842	149.0
29.811862369985143	147.0
29.82186299473187	145.0
29.831863619478593	145.0
29.841864244225317	144.0
29.85186486897204	144.0
29.861865493718764	144.0
29.87186611846549	144.0
29.881866743212214	147.0
29.891867367958938	149.0
29.90186799270566	150.0
29.911868617452388	152.0
29.92186924219911	154.0
29.931869866945835	154.0
29.94187049169256	154.0
29.951871116439285	154.0
29.96187174118601	154.0
29.971872365932732	154.0
29.981872990679456	154.0
29.99187361542618	154.0
30.001874240172906	154.0
30.01187486491963	154.0
30.021875489666353	152.0
30.031876114413077	152.0
30.041876739159804	152.0
30.051877363906527	150.0
30.06187798865325	152.0
30.071878613399974	154.0
30.0818792381467	158.0
30.091879862893425	163.0
30.10188048764015	165.0
30.11188111238687	171.0
30.1218817371336	175.0
30.131882361880322	177.0
30.141882986627046	179.0
30.15188361137377	177.0
30.161884236120493	177.0
30.17188486086722	175.0
30.181885485613943	171.0
30.191886110360667	167.0
30.20188673510739	165.0
30.211887359854117	165.0
30.22188798460084	165.0
30.231888609347564	165.0
30.241889234094288	165.0
30.251889858841015	165.0
30.261890483587738	165.0
30.27189110833446	165.0
30.281891733081185	165.0
30.29189235782791	165.0
30.301892982574635	165.0
30.31189360732136	163.0
30.321894232068082	163.0
30.331894856814806	163.0
30.341895481561533	163.0
30.351896106308256	163.0
30.36189673105498	163.0
30.371897355801703	163.0
30.38189798054843	165.0
30.391898605295154	165.0
30.401899230041877	165.0
30.4118998547886	165.0
30.421900479535328	167.0
30.43190110428205	171.0
30.441901729028775	175.0
30.4519023537755	181.0
30.46190297852222	187.0
30.47190360326895	192.0
30.481904228015672	196.0
30.491904852762396	196.0
30.50190547750912	194.0
30.511906102255846	190.0
30.52190672700257	181.0
30.531907351749293	171.0
30.541907976496017	158.0
30.551908601242744	152.0
30.561909225989467	150.0
30.57190985073619	152.0
30.581910475482914	152.0
30.591911100229638	154.0
30.601911724976365	156.0
30.611912349723088	156.0
30.62191297446981	158.0
30.631913599216535	158.0
30.641914223963262	159.0
30.651914848709986	159.0
30.66191547345671	159.0
30.671916098203432	159.0
30.68191672295016	159.0
30.691917347696883	158.0
30.701917972443606	156.0
30.71191859719033	154.0
30.721919221937057	152.0
30.73191984668378	150.0
30.741920471430504	149.0
30.751921096177227	147.0
30.76192172092395	147.0
30.771922345670678	147.0
30.7819229704174	149.0
30.791923595164125	149.0
30.80192421991085	149.0
30.811924844657575	149.0
30.8219254694043	149.0
30.831926094151022	147.0
30.841926718897746	147.0
30.851927343644473	147.0
30.861927968391196	149.0
30.87192859313792	149.0
30.881929217884643	149.0
30.891929842631367	150.0
30.901930467378094	150.0
30.911931092124817	150.0
30.92193171687154	150.0
30.931932341618264	150.0
30.94193296636499	149.0
30.951933591111715	149.0
30.961934215858438	147.0
30.97193484060516	145.0
30.98193546535189	144.0
30.991936090098612	144.0
31.001936714845336	144.0
31.01193733959206	144.0
31.021937964338782	144.0
31.03193858908551	144.0
31.041939213832233	145.0
31.051939838578956	147.0
31.06194046332568	149.0
31.071941088072407	150.0
31.08194171281913	150.0
31.091942337565854	149.0
31.101942962312577	147.0
31.111943587059304	145.0
31.121944211806028	144.0
31.13194483655275	142.0
31.141945461299475	140.0
31.151946086046202	139.0
31.161946710792925	140.0
31.17194733553965	144.0
31.181947960286372	145.0
31.191948585033096	147.0
31.201949209779823	149.0
31.211949834526546	149.0
31.22195045927327	147.0
31.231951084019993	147.0
31.24195170876672	145.0
31.251952333513444	145.0
31.261952958260167	0.0
31.27195358300689	0.0
31.281954207753618	0.0
31.29195483250034	0.0
31.301955457247065	0.0
31.311956081993788	0.0
31.32195670674051	0.0
31.33195733148724	0.0
31.341957956233962	0.0
31.351958580980686	0.0
31.36195920572741	0.0
31.371959830474136	0.0
31.38196045522086	0.0
31.391961079967583	0.0
31.401961704714306	0.0
31.411962329461034	0.0
31.421962954207757	0.0
31.43196357895448	0.0
31.441964203701204	0.0
31.45196482844793	0.0
31.461965453194654	0.0
31.471966077941378	0.0
31.4819667026881	0.0
31.491967327434825	0.0
31.501967952181552	0.0
31.511968576928275	0.0
31.521969201675	0.0
31.531969826421722	0.0
31.54197045116845	0.0
31.551971075915173	0.0
31.561971700661896	0.0
31.57197232540862	0.0
31.581972950155347	0.0
31.59197357490207	0.0
31.601974199648794	0.0
31.611974824395517	0.0
31.62197544914224	0.0
31.631976073888968	0.0
31.64197669863569	0.0
31.651977323382415	0.0
31.661977948129138	0.0
31.671978572875865	0.0
31.68197919762259	0.0
31.691979822369312	0.0
31.701980447116036	0.0
31.711981071862763	0.0
31.721981696609486	0.0
31.73198232135621	0.0
31.741982946102933	0.0
31.751983570849657	0.0
31.761984195596384	0.0
31.771984820343107	0.0
31.78198544508983	0.0
31.791986069836554	0.0
31.80198669458328	0.0
31.811987319330004	0.0
31.821987944076728	0.0
31.83198856882345	0.0
31.84198919357018	0.0
31.851989818316902	0.0
31.861990443063625	0.0
31.87199106781035	0.0
31.881991692557076	0.0
31.8919923173038	0.0
31.901992942050523	0.0
31.911993566797246	0.0
31.92199419154397	0.0
31.931994816290697	0.0
31.94199544103742	0.0
31.951996065784144	0.0
31.961996690530867	0.0
31.971997315277594	0.0
31.981997940024318	0.0
31.99199856477104	0.0
32.00199918951777	0.0
32.01199981426449	0.0
32.022000439011215	0.0
32.03200106375794	0.0
32.04200168850466	0.0
32.052002313251386	0.0
32.06200293799811	0.0
32.07200356274483	0.0
32.08200418749156	0.0
32.09200481223829	0.0
32.10200543698501	0.0
32.112006061731734	0.0
32.12200668647846	0.0
32.13200731122518	0.0
32.142007935971904	0.0
32.15200856071863	0.0
32.16200918546536	0.0
32.17200981021208	0.0
32.182010434958805	0.0
32.19201105970553	0.0
32.20201168445225	0.0
32.212012309198975	0.0
32.2220129339457	0.0
32.23201355869242	0.0
32.242014183439146	0.0
32.252014808185876	0.0
32.2620154329326	0.0
32.27201605767932	0.0
32.28201668242605	0.0
32.29201730717277	0.0
32.302017931919494	0.0
32.31201855666622	0.0
32.32201918141294	0.0
32.332019806159664	0.0
32.342020430906395	0.0
32.35202105565312	0.0
32.36202168039984	0.0
32.372022305146565	0.0
32.38202292989329	0.0
32.39202355464001	0.0
32.402024179386736	0.0
32.41202480413346	0.0
32.42202542888019	0.0
32.43202605362691	0.0
32.44202667837364	0.0
32.45202730312036	0.0
32.462027927867084	0.0
32.47202855261381	0.0
32.48202917736053	0.0
32.492029802107254	0.0
32.50203042685398	0.0
32.51203105160071	0.0
32.52203167634743	0.0
32.532032301094155	0.0
32.54203292584088	0.0
32.5520335505876	0.0
32.562034175334325	0.0
32.57203480008105	0.0
32.58203542482777	0.0
32.5920360495745	0.0
32.602036674321226	0.0
32.61203729906795	0.0
32.62203792381467	0.0
32.6320385485614	0.0
32.64203917330812	0.0
32.652039798054844	0.0
32.66204042280157	0.0
32.67204104754829	142.0
32.68204167229502	140.0
32.692042297041745	140.0
32.70204292178847	140.0
32.71204354653519	140.0
32.722044171281915	140.0
32.73204479602864	140.0
32.74204542077536	142.0
32.752046045522086	142.0
32.762046670268816	142.0
32.77204729501554	144.0
32.78204791976226	144.0
32.79204854450899	145.0
32.80204916925571	147.0
32.812049794002434	147.0
32.82205041874916	147.0
32.83205104349588	147.0
32.842051668242604	147.0
32.852052292989335	147.0
32.86205291773606	149.0
32.87205354248278	149.0
32.882054167229505	150.0
32.89205479197623	150.0
32.90205541672295	150.0
32.912056041469675	150.0
32.9220566662164	150.0
32.93205729096312	150.0
32.94205791570985	150.0
32.95205854045658	150.0
32.9620591652033	149.0
32.97205978995002	149.0
32.98206041469675	147.0
32.99206103944347	147.0
33.002061664190194	147.0
33.01206228893692	147.0
33.02206291368365	147.0
33.03206353843037	147.0
33.042064163177095	147.0
33.05206478792382	147.0
33.06206541267054	149.0
33.072066037417265	150.0
33.08206666216399	150.0
33.09206728691071	150.0
33.102067911657436	149.0
33.112068536404166	149.0
33.12206916115089	147.0
33.13206978589761	147.0
33.14207041064434	145.0
33.15207103539106	145.0
33.162071660137784	145.0
33.17207228488451	144.0
33.18207290963123	144.0
33.19207353437796	142.0
33.202074159124685	140.0
33.21207478387141	140.0
33.22207540861813	139.0
33.232076033364855	139.0
33.24207665811158	140.0
33.2520772828583	140.0
33.262077907605025	142.0
33.27207853235175	144.0
33.28207915709848	140.0
33.2920797818452	142.0
33.30208040659193	142.0
33.31208103133865	144.0
33.32208165608537	145.0
33.3320822808321	145.0
33.34208290557882	147.0
33.352083530325544	147.0
33.36208415507227	147.0
33.372084779819	147.0
33.38208540456572	147.0
33.392086029312445	147.0
33.40208665405917	145.0
33.41208727880589	145.0
33.422087903552615	145.0
33.43208852829934	144.0
33.44208915304606	144.0
33.45208977779279	144.0
33.462090402539516	144.0
33.47209102728624	144.0
33.48209165203296	142.0
33.49209227677969	142.0
33.50209290152641	142.0
33.512093526273134	142.0
33.52209415101986	140.0
33.53209477576658	140.0
33.54209540051331	142.0
33.552096025260035	142.0
33.56209665000676	144.0
33.57209727475348	145.0
33.582097899500205	145.0
33.59209852424693	147.0
33.60209914899365	147.0
33.612099773740375	149.0
33.622100398487106	149.0
33.63210102323383	149.0
33.64210164798055	149.0
33.65210227272728	149.0
33.662102897474	150.0
33.67210352222072	150.0
33.68210414696745	150.0
33.69210477171417	150.0
33.702105396460894	150.0
33.712106021207624	150.0
33.72210664595435	150.0
33.73210727070107	149.0
33.742107895447795	149.0
33.75210852019452	149.0
33.76210914494124	147.0
33.772109769687965	147.0
33.78211039443469	147.0
33.79211101918142	147.0
33.80211164392814	149.0
33.812112268674866	149.0
33.82211289342159	149.0
33.83211351816831	149.0
33.84211414291504	149.0
33.85211476766176	149.0
33.862115392408484	149.0
33.87211601715521	149.0
33.88211664190194	149.0
33.89211726664866	149.0
33.902117891395385	149.0
33.91211851614211	149.0
33.92211914088883	150.0
33.932119765635555	150.0
33.94212039038228	152.0
33.952121015129	154.0
33.962121639875726	154.0
33.972122264622456	156.0
33.98212288936918	158.0
33.9921235141159	158.0
34.00212413886263	158.0
34.01212476360935	156.0
34.02212538835607	154.0
34.0321260131028	152.0
34.04212663784952	152.0
34.05212726259625	150.0
34.062127887342974	150.0
34.0721285120897	149.0
34.08212913683642	149.0
34.092129761583145	149.0
34.10213038632987	149.0
34.11213101107659	149.0
34.122131635823315	149.0
34.13213226057004	149.0
34.14213288531677	149.0
34.15213351006349	149.0
34.162134134810216	149.0
34.17213475955694	147.0
34.18213538430366	147.0
34.19213600905039	147.0
34.20213663379711	145.0
34.212137258543834	145.0
34.222137883290564	145.0
34.23213850803729	145.0
34.24213913278401	147.0
34.252139757530735	147.0
34.26214038227746	147.0
34.27214100702418	147.0
34.282141631770905	147.0
34.29214225651763	149.0
34.30214288126435	149.0
34.31214350601108	149.0
34.322144130757806	149.0
34.33214475550453	149.0
34.34214538025125	147.0
34.35214600499798	147.0
34.3621466297447	145.0
34.37214725449142	145.0
34.38214787923815	145.0
34.39214850398487	147.0
34.4021491287316	147.0
34.412149753478324	147.0
34.42215037822505	147.0
34.43215100297177	147.0
34.442151627718495	147.0
34.45215225246522	147.0
34.46215287721194	147.0
34.472153501958665	147.0
34.482154126705396	147.0
34.49215475145212	149.0
34.50215537619884	150.0
34.512156000945566	152.0
34.52215662569229	154.0
34.53215725043901	156.0
34.54215787518574	156.0
34.55215849993246	156.0
34.562159124679184	156.0
34.572159749425914	156.0
34.58216037417264	154.0
34.59216099891936	154.0
34.602161623666085	152.0
34.61216224841281	152.0
34.62216287315953	150.0
34.632163497906255	149.0
34.64216412265298	149.0
34.65216474739971	149.0
34.66216537214643	149.0
34.672165996893156	150.0
34.68216662163988	154.0
34.6921672463866	159.0
34.70216787113333	165.0
34.71216849588005	173.0
34.72216912062677	177.0
34.7321697453735	181.0
34.74217037012023	181.0
34.75217099486695	181.0
34.762171619613675	179.0
34.7721722443604	175.0
34.78217286910712	167.0
34.792173493853845	159.0
34.80217411860057	152.0
34.81217474334729	149.0
34.822175368094015	145.0
34.832175992840746	145.0
34.84217661758747	145.0
34.85217724233419	145.0
34.862177867080916	147.0
34.87217849182764	149.0
34.88217911657436	152.0
34.89217974132109	152.0
34.90218036606781	154.0
34.91218099081454	156.0
34.922181615561264	156.0
34.93218224030799	156.0
34.94218286505471	156.0
34.952183489801435	154.0
34.96218411454816	152.0
34.97218473929488	150.0
34.982185364041605	149.0
34.99218598878833	147.0
35.00218661353506	147.0
35.01218723828178	147.0
35.022187863028506	147.0
35.03218848777523	147.0
35.04218911252195	147.0
35.05218973726868	147.0
35.0621903620154	147.0
35.07219098676212	147.0
35.082191611508854	147.0
35.09219223625558	147.0
35.1021928610023	147.0
35.112193485749025	147.0
35.12219411049575	147.0
35.13219473524247	147.0
35.142195359989195	147.0
35.15219598473592	147.0
35.16219660948264	145.0
35.17219723422937	145.0
35.182197858976096	144.0
35.19219848372282	142.0
35.20219910846954	140.0
35.212199733216266	140.0
35.22220035796299	139.0
35.23220098270971	139.0
35.24220160745644	139.0
35.25220223220317	140.0
35.26220285694989	142.0
35.272203481696614	142.0
35.28220410644334	144.0
35.29220473119006	145.0
35.302205355936785	144.0
35.31220598068351	142.0
35.32220660543023	139.0
35.332207230176955	136.0
35.342207854923686	132.0
35.35220847967041	131.0
35.36220910441713	131.0
35.372209729163856	137.0
35.38221035391058	142.0
35.3922109786573	145.0
35.40221160340403	147.0
35.41221222815075	0.0
35.422212852897474	0.0
35.432213477644204	145.0
35.44221410239093	145.0
35.45221472713765	144.0
35.462215351884375	144.0
35.4722159766311	144.0
35.48221660137782	0.0
35.492217226124545	0.0
35.50221785087127	0.0
35.512218475618	0.0
35.52221910036472	0.0
35.532219725111446	0.0
35.54222034985817	0.0
35.55222097460489	0.0
35.562221599351616	0.0
35.57222222409834	0.0
35.58222284884506	0.0
35.59222347359179	0.0
35.60222409833852	0.0
35.61222472308524	0.0
35.622225347831964	0.0
35.63222597257869	0.0
35.64222659732541	0.0
35.652227222072135	0.0
35.66222784681886	0.0
35.67222847156558	0.0
35.68222909631231	0.0
35.692229721059036	0.0
35.70223034580576	0.0
35.71223097055248	0.0
35.722231595299206	0.0
35.73223222004593	0.0
35.74223284479265	0.0
35.75223346953938	0.0
35.7622340942861	0.0
35.77223471903283	0.0
35.782235343779554	0.0
35.79223596852628	0.0
35.802236593273	0.0
35.812237218019725	0.0
35.82223784276645	0.0
35.83223846751317	0.0
35.842239092259895	0.0
35.85223971700662	0.0
35.86224034175335	0.0
35.87224096650007	0.0
35.882241591246796	0.0
35.89224221599352	0.0
35.90224284074024	0.0
35.912243465486966	0.0
35.92224409023369	0.0
35.93224471498041	0.0
35.942245339727144	0.0
35.95224596447387	0.0
35.96224658922059	0.0
35.972247213967314	0.0
35.98224783871404	0.0
35.99224846346076	0.0
36.002249088207485	0.0
36.01224971295421	0.0
36.02225033770093	0.0
36.03225096244766	0.0
36.042251587194386	0.0
36.05225221194111	0.0
36.06225283668783	0.0
36.072253461434556	0.0
36.08225408618128	0.0
36.092254710928	0.0
36.10225533567473	0.0
36.11225596042146	0.0
36.12225658516818	0.0
36.132257209914904	0.0
36.14225783466163	0.0
36.15225845940835	0.0
36.162259084155075	0.0
36.1722597089018	0.0
36.18226033364852	0.0
36.192260958395245	0.0
36.202261583141976	0.0
36.2122622078887	0.0
36.22226283263542	0.0
36.232263457382146	0.0
36.24226408212887	0.0
36.25226470687559	0.0
36.26226533162232	0.0
36.27226595636904	0.0
36.28226658111576	0.0
36.292267205862494	0.0
36.30226783060922	0.0
36.31226845535594	0.0
36.322269080102664	0.0
36.33226970484939	0.0
36.34227032959611	0.0
36.352270954342835	0.0
36.36227157908956	0.0
36.37227220383629	0.0
36.38227282858301	0.0
36.392273453329736	0.0
36.40227407807646	0.0
36.41227470282318	0.0
36.422275327569906	0.0
36.43227595231663	0.0
36.44227657706335	0.0
36.45227720181008	0.0
36.46227782655681	0.0
36.47227845130353	0.0
36.482279076050254	0.0
36.49227970079698	0.0
36.5022803255437	0.0
36.512280950290425	0.0
36.52228157503715	0.0
36.53228219978387	0.0
36.5422828245306	0.0
36.552283449277326	0.0
36.56228407402405	0.0
36.57228469877077	0.0
36.582285323517496	0.0
36.59228594826422	0.0
36.60228657301094	0.0
36.61228719775767	0.0
36.62228782250439	0.0
36.63228844725112	0.0
36.642289071997844	0.0
36.65228969674457	0.0
36.66229032149129	0.0
36.672290946238014	0.0
36.68229157098474	0.0
36.69229219573146	0.0
36.702292820478185	0.0
36.712293445224915	0.0
36.72229406997164	0.0
36.73229469471836	0.0
36.742295319465086	0.0
36.75229594421181	0.0
36.76229656895853	0.0
36.772297193705256	0.0
36.78229781845198	0.0
36.7922984431987	0.0
36.802299067945434	0.0
36.81229969269216	0.0
36.82230031743888	0.0
36.832300942185604	0.0
36.84230156693233	0.0
36.85230219167905	0.0
36.862302816425775	0.0
36.8723034411725	0.0
36.88230406591922	0.0
36.89230469066595	0.0
36.902305315412676	0.0
36.9123059401594	0.0
36.92230656490612	0.0
36.932307189652846	0.0
36.94230781439957	0.0
36.95230843914629	0.0
36.96230906389302	0.0
36.97230968863975	0.0
36.98231031338647	0.0
36.992310938133194	0.0
37.00231156287992	0.0
37.01231218762664	0.0
37.022312812373364	0.0
37.03231343712009	0.0
37.04231406186681	0.0
37.052314686613535	0.0
37.062315311360265	0.0
37.07231593610699	0.0
37.08231656085371	0.0
37.092317185600436	0.0
37.10231781034716	0.0
37.11231843509388	0.0
37.122319059840606	0.0
37.13231968458733	0.0
37.14232030933406	0.0
37.152320934080784	0.0
37.16232155882751	0.0
37.17232218357423	0.0
37.182322808320954	0.0
37.19232343306768	0.0
37.2023240578144	0.0
37.212324682561125	0.0
37.22232530730785	0.0
37.23232593205458	0.0
37.2423265568013	0.0
37.252327181548026	0.0
37.26232780629475	0.0
37.27232843104147	0.0
37.282329055788196	0.0
37.29232968053492	0.0
37.30233030528164	0.0
37.31233093002837	0.0
37.3223315547751	0.0
37.33233217952182	0.0
37.342332804268544	0.0
37.35233342901527	0.0
37.36233405376199	0.0
37.372334678508714	0.0
37.38233530325544	0.0
37.39233592800216	0.0
37.40233655274889	0.0
37.412337177495615	0.0
37.42233780224234	0.0
37.43233842698906	0.0
37.442339051735786	0.0
37.45233967648251	0.0
37.46234030122923	0.0
37.472340925975956	0.0
37.48234155072268	0.0
37.49234217546941	0.0
37.502342800216134	0.0
37.51234342496286	0.0
37.52234404970958	0.0
37.532344674456304	0.0
37.54234529920303	0.0
37.55234592394975	0.0
37.562346548696475	0.0
37.572347173443205	0.0
37.58234779818993	0.0
37.59234842293665	0.0
37.602349047683376	0.0
37.6123496724301	0.0
37.62235029717682	0.0
37.632350921923546	0.0
37.64235154667027	0.0
37.65235217141699	0.0
37.662352796163724	0.0
37.67235342091045	0.0
37.68235404565717	0.0
37.692354670403894	0.0
37.70235529515062	0.0
37.71235591989734	0.0
37.722356544644065	0.0
37.73235716939079	0.0
37.74235779413752	0.0
37.75235841888424	0.0
37.762359043630966	0.0
37.77235966837769	0.0
37.78236029312441	0.0
37.792360917871136	0.0
37.80236154261786	0.0
37.81236216736458	0.0
37.822362792111306	0.0
37.83236341685804	0.0
37.84236404160476	0.0
37.852364666351484	0.0
37.86236529109821	0.0
37.87236591584493	0.0
37.882366540591654	0.0
37.89236716533838	0.0
37.9023677900851	0.0
37.912368414831825	0.0
37.922369039578555	0.0
37.93236966432528	0.0
37.942370289072	0.0
37.952370913818726	0.0
37.96237153856545	0.0
37.97237216331217	0.0
37.982372788058896	0.0
37.99237341280562	0.0
38.00237403755235	0.0
38.012374662299074	0.0
38.0223752870458	0.0
38.03237591179252	0.0
38.042376536539244	0.0
38.05237716128597	0.0
38.06237778603269	0.0
38.072378410779415	0.0
38.08237903552614	0.0
38.09237966027287	0.0
38.10238028501959	0.0
38.112380909766316	0.0
38.12238153451304	0.0
38.13238215925976	0.0
38.142382784006486	0.0
38.15238340875321	0.0
38.16238403349993	0.0
38.17238465824666	0.0
38.18238528299339	0.0
38.19238590774011	0.0
38.202386532486834	0.0
38.21238715723356	0.0
38.22238778198028	0.0
38.232388406727004	0.0
38.24238903147373	0.0
38.25238965622045	0.0
38.26239028096718	0.0
38.272390905713905	0.0
38.28239153046063	0.0
38.29239215520735	0.0
38.302392779954076	0.0
38.3123934047008	0.0
38.32239402944752	0.0
38.332394654194246	0.0
38.34239527894097	0.0
38.3523959036877	0.0
38.362396528434424	0.0
38.37239715318115	0.0
38.38239777792787	0.0
38.392398402674594	0.0
38.40239902742132	0.0
38.41239965216804	0.0
38.422400276914765	0.0
38.432400901661495	0.0
38.44240152640822	0.0
38.45240215115494	0.0
38.462402775901666	0.0
38.47240340064839	0.0
38.48240402539511	0.0
38.492404650141836	0.0
38.50240527488856	0.0
38.51240589963528	0.0
38.52240652438201	0.0
38.53240714912874	0.0
38.54240777387546	0.0
38.552408398622184	0.0
38.56240902336891	0.0
38.57240964811563	0.0
38.582410272862354	0.0
38.59241089760908	0.0
38.60241152235581	0.0
38.61241214710253	0.0
38.622412771849255	0.0
38.63241339659598	0.0
38.6424140213427	0.0
38.652414646089426	0.0
38.66241527083615	0.0
38.67241589558287	0.0
38.682416520329596	0.0
38.69241714507633	0.0
38.70241776982305	0.0
38.712418394569774	0.0
38.7224190193165	0.0
38.73241964406322	0.0
38.742420268809944	0.0
38.75242089355667	0.0
38.76242151830339	0.0
38.772422143050115	0.0
38.782422767796845	0.0
38.79242339254357	0.0
38.80242401729029	0.0
38.812424642037016	0.0
38.82242526678374	0.0
38.83242589153046	0.0
38.842426516277186	0.0
38.85242714102391	0.0
38.86242776577064	0.0
38.87242839051736	0.0
38.88242901526409	0.0
38.89242964001081	0.0
38.902430264757534	0.0
38.91243088950426	0.0
38.92243151425098	0.0
38.932432138997704	0.0
38.94243276374443	0.0
38.95243338849116	0.0
38.96243401323788	0.0
38.972434637984605	0.0
38.98243526273133	0.0
38.99243588747805	0.0
39.002436512224776	0.0
39.0124371369715	0.0
39.02243776171822	0.0
39.03243838646495	0.0
39.04243901121168	0.0
39.0524396359584	0.0
39.062440260705124	0.0
39.07244088545185	0.0
39.08244151019857	0.0
39.092442134945294	0.0
39.10244275969202	0.0
39.11244338443874	0.0
39.12244400918547	0.0
39.132444633932195	0.0
39.14244525867892	0.0
39.15244588342564	0.0
39.162446508172366	0.0
39.17244713291909	0.0
39.18244775766581	0.0
39.192448382412536	0.0
39.20244900715927	0.0
39.21244963190599	0.0
39.222450256652714	0.0
39.23245088139944	0.0
39.24245150614616	0.0
39.252452130892884	0.0
39.26245275563961	0.0
39.27245338038633	0.0
39.282454005133054	0.0
39.292454629879785	0.0
39.30245525462651	0.0
39.31245587937323	0.0
39.322456504119955	0.0
39.33245712886668	0.0
39.3424577536134	0.0
39.352458378360126	0.0
39.36245900310685	0.0
39.37245962785357	0.0
39.3824602526003	0.0
39.39246087734703	0.0
39.40246150209375	0.0
39.412462126840474	0.0
39.4224627515872	0.0
39.43246337633392	0.0
39.442464001080644	0.0
39.45246462582737	0.0
39.4624652505741	0.0
39.47246587532082	0.0
39.482466500067545	0.0
39.49246712481427	0.0
39.50246774956099	0.0
39.512468374307716	0.0
39.52246899905444	0.0
39.53246962380116	0.0
39.542470248547886	0.0
39.55247087329462	0.0
39.56247149804134	0.0
39.572472122788064	0.0
39.58247274753479	0.0
39.59247337228151	0.0
39.602473997028234	0.0
39.61247462177496	0.0
39.62247524652168	0.0
39.63247587126841	0.0
39.642476496015135	0.0
39.65247712076186	0.0
39.66247774550858	0.0
39.672478370255305	0.0
39.68247899500203	0.0
39.69247961974875	0.0
39.702480244495476	0.0
39.7124808692422	0.0
39.72248149398893	0.0
39.73248211873565	0.0
39.74248274348238	0.0
39.7524833682291	0.0
39.762483992975824	0.0
39.77248461772255	0.0
39.78248524246927	0.0
39.792485867215994	0.0
39.80248649196272	0.0
39.81248711670945	0.0
39.82248774145617	0.0
39.832488366202895	0.0
39.84248899094962	0.0
39.85248961569634	0.0
39.862490240443066	0.0
39.87249086518979	0.0
39.88249148993651	0.0
39.89249211468324	0.0
39.90249273942997	0.0
39.91249336417669	0.0
39.922493988923414	0.0
39.93249461367014	0.0
39.94249523841686	0.0
39.952495863163584	0.0
39.96249648791031	0.0
39.97249711265703	0.0
39.98249773740376	0.0
39.992498362150485	0.0
40.00249898689721	0.0
40.01249961164393	0.0
40.022500236390655	0.0
40.03250086113738	0.0
40.0425014858841	0.0
40.052502110630826	0.0
40.06250273537756	0.0
40.07250336012428	0.0
40.082503984871	0.0
40.09250460961773	0.0
40.10250523436445	0.0
40.112505859111174	0.0
40.1225064838579	0.0
40.13250710860462	0.0
40.142507733351344	0.0
40.152508358098075	0.0
40.1625089828448	0.0
40.17250960759152	0.0
40.182510232338245	0.0
40.19251085708497	0.0
40.20251148183169	0.0
40.212512106578416	0.0
40.22251273132514	0.0
40.23251335607186	0.0
40.24251398081859	0.0
40.25251460556532	0.0
40.26251523031204	0.0
40.272515855058764	0.0
40.28251647980549	0.0
40.29251710455221	0.0
40.302517729298934	0.0
40.31251835404566	0.0
40.32251897879239	0.0
40.33251960353911	0.0
40.342520228285835	0.0
40.35252085303256	0.0
40.36252147777928	0.0
40.372522102526005	0.0
40.38252272727273	0.0
40.39252335201945	0.0
40.402523976766176	0.0
40.41252460151291	0.0
40.42252522625963	0.0
40.43252585100635	0.0
40.44252647575308	0.0
40.4525271004998	0.0
40.462527725246524	0.0
40.47252834999325	0.0
40.48252897473997	0.0
40.4925295994867	0.0
40.502530224233425	0.0
40.51253084898015	0.0
40.52253147372687	0.0
40.532532098473595	0.0
40.54253272322032	0.0
40.55253334796704	0.0
40.562533972713766	0.0
40.57253459746049	0.0
40.58253522220722	0.0
40.59253584695394	0.0
40.60253647170067	0.0
40.61253709644739	0.0
40.622537721194114	0.0
40.63253834594084	0.0
40.64253897068756	0.0
40.652539595434284	0.0
40.662540220181015	0.0
40.67254084492774	0.0
40.68254146967446	0.0
40.692542094421185	0.0
40.70254271916791	0.0
40.71254334391463	0.0
40.722543968661356	0.0
40.73254459340808	0.0
40.7425452181548	0.0
40.75254584290153	0.0
40.76254646764826	0.0
40.77254709239498	0.0
40.7825477171417	0.0
40.79254834188843	0.0
40.80254896663515	0.0
40.812549591381874	0.0
40.8225502161286	0.0
40.83255084087532	0.0
40.84255146562205	0.0
40.852552090368775	0.0
40.8625527151155	0.0
40.87255333986222	0.0
40.882553964608945	0.0
40.89255458935567	0.0
40.90255521410239	0.0
40.912555838849116	0.0
40.922556463595846	0.0
40.93255708834257	0.0
40.94255771308929	0.0
40.95255833783602	0.0
40.96255896258274	0.0
40.972559587329464	0.0
40.98256021207619	0.0
40.99256083682291	0.0
41.002561461569634	0.0
41.012562086316365	0.0
41.02256271106309	0.0
41.03256333580981	0.0
41.042563960556535	0.0
41.05256458530326	0.0
41.06256521004998	0.0
41.072565834796706	0.0
41.08256645954343	0.0
41.09256708429016	0.0
41.10256770903688	0.0
41.11256833378361	0.0
41.12256895853033	0.0
41.13256958327705	0.0
41.14257020802378	0.0
41.1525708327705	0.0
41.162571457517224	0.0
41.17257208226395	0.0
41.18257270701068	0.0
41.1925733317574	0.0
41.202573956504125	0.0
41.21257458125085	0.0
41.22257520599757	0.0
41.232575830744295	0.0
41.24257645549102	0.0
41.25257708023774	0.0
41.262577704984466	0.0
41.272578329731196	0.0
41.28257895447792	0.0
41.29257957922464	0.0
41.30258020397137	0.0
41.31258082871809	0.0
41.322581453464814	0.0
41.33258207821154	0.0
41.34258270295826	0.0
41.35258332770499	0.0
41.362583952451715	142.0
41.37258457719844	140.0
41.38258520194516	139.0
41.392585826691885	139.0
41.40258645143861	139.0
41.41258707618533	139.0
41.422587700932056	139.0
41.43258832567878	139.0
41.44258895042551	140.0
41.45258957517223	142.0
41.46259019991896	144.0
41.47259082466568	144.0
41.4825914494124	145.0
41.49259207415913	145.0
41.50259269890585	147.0
41.512593323652574	147.0
41.522593948399305	147.0
41.53259457314603	147.0
41.54259519789275	145.0
41.552595822639475	145.0
41.5625964473862	145.0
41.57259707213292	144.0
41.582597696879645	144.0
41.59259832162637	145.0
41.60259894637309	145.0
41.61259957111982	145.0
41.622600195866546	144.0
41.63260082061327	144.0
41.64260144535999	144.0
41.65260207010672	144.0
41.66260269485344	144.0
41.672603319600164	144.0
41.68260394434689	144.0
41.69260456909362	144.0
41.70260519384034	145.0
41.712605818587065	145.0
41.72260644333379	145.0
41.73260706808051	145.0
41.742607692827235	145.0
41.75260831757396	145.0
41.76260894232068	145.0
41.772609567067406	145.0
41.782610191814136	144.0
41.79261081656086	144.0
41.80261144130758	144.0
41.81261206605431	142.0
41.82261269080103	140.0
41.83261331554775	140.0
41.84261394029448	139.0
41.8526145650412	139.0
41.862615189787924	137.0
41.872615814534655	137.0
41.88261643928138	137.0
41.8926170640281	139.0
41.902617688774825	139.0
41.91261831352155	140.0
41.92261893826827	142.0
41.932619563014995	144.0
41.94262018776172	145.0
41.95262081250845	145.0
41.96262143725517	147.0
41.972622062001896	147.0
41.98262268674862	147.0
41.99262331149534	147.0
42.00262393624207	147.0
42.01262456098879	145.0
42.022625185735514	145.0
42.03262581048224	145.0
42.04262643522897	144.0
42.05262705997569	144.0
42.062627684722415	142.0
42.07262830946914	142.0
42.08262893421586	142.0
42.092629558962585	140.0
42.10263018370931	140.0
42.11263080845603	140.0
42.12263143320276	142.0
42.132632057949486	142.0
42.14263268269621	144.0
42.15263330744293	145.0
42.16263393218966	145.0
42.17263455693638	147.0
42.182635181683104	147.0
42.19263580642983	149.0
42.20263643117655	150.0
42.21263705592328	150.0
42.222637680670005	150.0
42.23263830541673	150.0
42.24263893016345	150.0
42.252639554910175	150.0
42.2626401796569	150.0
42.27264080440362	150.0
42.282641429150345	150.0
42.29264205389707	149.0
42.3026426786438	149.0
42.31264330339052	147.0
42.322643928137246	147.0
42.33264455288397	145.0
42.34264517763069	145.0
42.35264580237742	145.0
42.36264642712414	145.0
42.372647051870864	147.0
42.382647676617594	147.0
42.39264830136432	149.0
42.40264892611104	149.0
42.412649550857765	149.0
42.42265017560449	149.0
42.43265080035121	147.0
42.442651425097935	147.0
42.45265204984466	147.0
42.46265267459138	147.0
42.47265329933811	147.0
42.482653924084836	149.0
42.49265454883156	149.0
42.50265517357828	150.0
42.51265579832501	152.0
42.52265642307173	152.0
42.532657047818454	154.0
42.54265767256518	156.0
42.55265829731191	156.0
42.56265892205863	156.0
42.572659546805355	156.0
42.58266017155208	154.0
42.5926607962988	154.0
42.602661421045525	152.0
42.61266204579225	152.0
42.62266267053897	150.0
42.632663295285695	150.0
42.642663920032426	150.0
42.65266454477915	150.0
42.66266516952587	150.0
42.672665794272596	150.0
42.68266641901932	150.0
42.69266704376604	150.0
42.70266766851277	150.0
42.71266829325949	150.0
42.722668918006214	150.0
42.732669542752944	150.0
42.74267016749967	149.0
42.75267079224639	149.0
42.762671416993115	149.0
42.77267204173984	149.0
42.78267266648656	149.0
42.792673291233285	149.0
42.80267391598001	149.0
42.81267454072674	149.0
42.82267516547346	149.0
42.832675790220186	147.0
42.84267641496691	147.0
42.85267703971363	147.0
42.86267766446036	145.0
42.87267828920708	145.0
42.882678913953804	147.0
42.89267953870053	147.0
42.90268016344726	147.0
42.91268078819398	149.0
42.922681412940705	149.0
42.93268203768743	150.0
42.94268266243415	150.0
42.952683287180875	150.0
42.9626839119276	149.0
42.97268453667432	149.0
42.98268516142105	149.0
42.992685786167776	149.0
43.0026864109145	149.0
43.01268703566122	149.0
43.02268766040795	149.0
43.03268828515467	149.0
43.04268890990139	149.0
43.05268953464812	149.0
43.06269015939484	149.0
43.07269078414157	149.0
43.082691408888294	147.0
43.09269203363502	147.0
43.10269265838174	147.0
43.112693283128465	149.0
43.12269390787519	149.0
43.13269453262191	149.0
43.142695157368635	149.0
43.152695782115366	149.0
43.16269640686209	150.0
43.17269703160881	150.0
43.182697656355536	150.0
43.19269828110226	152.0
43.20269890584898	154.0
43.21269953059571	154.0
43.22270015534243	156.0
43.232700780089154	156.0
43.242701404835884	156.0
43.25270202958261	156.0
43.26270265432933	154.0
43.272703279076055	154.0
43.28270390382278	154.0
43.2927045285695	152.0
43.302705153316225	150.0
43.31270577806295	150.0
43.32270640280967	149.0
43.3327070275564	149.0
43.342707652303126	149.0
43.35270827704985	149.0
43.36270890179657	150.0
43.3727095265433	154.0
43.38271015129002	158.0
43.39271077603674	161.0
43.40271140078347	167.0
43.4127120255302	171.0
43.42271265027692	173.0
43.432713275023644	175.0
43.44271389977037	175.0
43.45271452451709	173.0
43.462715149263815	169.0
43.47271577401054	165.0
43.48271639875726	161.0
43.492717023503985	158.0
43.502717648250716	152.0
43.51271827299744	149.0
43.52271889774416	150.0
43.532719522490886	150.0
43.54272014723761	150.0
43.55272077198433	152.0
43.56272139673106	154.0
43.57272202147778	156.0
43.58272264622451	158.0
43.592723270971234	158.0
43.60272389571796	159.0
43.61272452046468	159.0
43.622725145211405	159.0
43.63272576995813	159.0
43.64272639470485	159.0
43.652727019451575	158.0
43.6627276441983	156.0
43.67272826894503	154.0
43.68272889369175	152.0
43.692729518438476	150.0
43.7027301431852	149.0
43.71273076793192	149.0
43.72273139267865	149.0
43.73273201742537	149.0
43.74273264217209	149.0
43.75273326691882	149.0
43.76273389166555	149.0
43.77273451641227	149.0
43.782735141158994	149.0
43.79273576590572	149.0
43.80273639065244	149.0
43.812737015399165	147.0
43.82273764014589	147.0
43.83273826489261	147.0
43.84273888963934	149.0
43.852739514386066	149.0
43.86274013913279	149.0
43.87274076387951	149.0
43.882741388626236	149.0
43.89274201337296	149.0
43.90274263811968	150.0
43.91274326286641	150.0
43.92274388761313	150.0
43.93274451235986	150.0
43.942745137106584	149.0
43.95274576185331	147.0
43.96274638660003	145.0
43.972747011346755	144.0
43.98274763609348	142.0
43.9927482608402	142.0
44.002748885586925	140.0
44.012749510333656	140.0
44.02275013508038	140.0
44.0327507598271	140.0
44.042751384573826	140.0
44.05275200932055	142.0
44.06275263406727	144.0
44.072753258814	145.0
44.08275388356072	147.0
44.09275450830744	149.0
44.102755133054174	149.0
44.1127557578009	149.0
44.12275638254762	149.0
44.132757007294344	149.0
44.14275763204107	149.0
44.15275825678779	147.0
44.162758881534515	147.0
44.17275950628124	147.0
44.18276013102796	147.0
44.19276075577469	147.0
44.202761380521416	147.0
44.21276200526814	147.0
44.22276263001486	147.0
44.232763254761586	145.0
44.24276387950831	144.0
44.25276450425503	142.0
44.26276512900176	142.0
44.27276575374849	140.0
44.28276637849521	140.0
44.292767003241934	140.0
44.30276762798866	140.0
44.31276825273538	140.0
44.322768877482105	142.0
44.33276950222883	142.0
44.34277012697555	144.0
44.352770751722275	145.0
44.362771376469006	147.0
44.37277200121573	147.0
44.38277262596245	149.0
44.392773250709176	149.0
44.4027738754559	150.0
44.41277450020262	150.0
44.42277512494935	150.0
44.43277574969607	150.0
44.4427763744428	149.0
44.452776999189524	149.0
44.46277762393625	149.0
44.47277824868297	147.0
44.482778873429694	147.0
44.49277949817642	147.0
44.50278012292314	145.0
44.512780747669865	144.0
44.52278137241659	144.0
44.53278199716332	144.0
44.54278262191004	144.0
44.552783246656766	145.0
44.56278387140349	149.0
44.57278449615021	150.0
44.582785120896936	154.0
44.59278574564366	156.0
44.60278637039038	158.0
44.612786995137114	158.0
44.62278761988384	158.0
44.63278824463056	158.0
44.642788869377284	156.0
44.65278949412401	156.0
44.66279011887073	156.0
44.672790743617455	154.0
44.68279136836418	154.0
44.6927919931109	152.0
44.70279261785763	150.0
44.712793242604356	149.0
44.72279386735108	149.0
44.7327944920978	147.0
44.742795116844526	149.0
44.75279574159125	149.0
44.76279636633797	150.0
44.7727969910847	154.0
44.78279761583142	158.0
44.79279824057815	161.0
44.802798865324874	165.0
44.8127994900716	169.0
44.82280011481832	173.0
44.832800739565045	175.0
44.84280136431177	175.0
44.85280198905849	171.0
44.862802613805215	167.0
44.872803238551946	163.0
44.88280386329867	158.0
44.89280448804539	152.0
44.902805112792116	149.0
44.91280573753884	149.0
44.92280636228556	147.0
44.932806987032286	149.0
44.94280761177901	149.0
44.95280823652573	150.0
44.962808861272464	152.0
44.97280948601919	152.0
44.98281011076591	154.0
44.992810735512634	156.0
45.00281136025936	156.0
45.01281198500608	156.0
45.022812609752805	156.0
45.03281323449953	154.0
45.04281385924626	152.0
45.05281448399298	152.0
45.062815108739706	150.0
45.07281573348643	150.0
45.08281635823315	149.0
45.092816982979876	149.0
45.1028176077266	149.0
45.11281823247332	147.0
45.12281885722005	147.0
45.13281948196678	149.0
45.1428201067135	149.0
45.152820731460224	149.0
45.16282135620695	149.0
45.17282198095367	149.0
45.182822605700395	149.0
45.19282323044712	149.0
45.20282385519384	149.0
45.212824479940565	149.0
45.222825104687296	149.0
45.23282572943402	149.0
45.24282635418074	147.0
45.252826978927466	147.0
45.26282760367419	147.0
45.27282822842091	145.0
45.282828853167636	145.0
45.29282947791436	144.0
45.30283010266109	144.0
45.312830727407814	142.0
45.32283135215454	142.0
45.33283197690126	142.0
45.342832601647984	142.0
45.35283322639471	142.0
45.36283385114143	142.0
45.372834475888155	142.0
45.38283510063488	144.0
45.39283572538161	145.0
45.40283635012833	147.0
45.412836974875056	147.0
45.42283759962178	149.0
45.4328382243685	150.0
45.442838849115226	150.0
45.45283947386195	152.0
45.46284009860867	152.0
45.472840723355404	150.0
45.48284134810213	150.0
45.49284197284885	149.0
45.502842597595574	149.0
45.5128432223423	147.0
45.52284384708902	145.0
45.532844471835745	145.0
45.54284509658247	144.0
45.55284572132919	144.0
45.56284634607592	144.0
45.572846970822646	144.0
45.58284759556937	142.0
45.59284822031609	142.0
45.602848845062816	142.0
45.61284946980954	142.0
45.62285009455626	144.0
45.632850719302986	144.0
45.64285134404972	147.0
45.65285196879644	149.0
45.662852593543164	152.0
45.67285321828989	156.0
45.68285384303661	159.0
45.692854467783334	161.0
45.70285509253006	163.0
45.71285571727678	165.0
45.722856342023505	165.0
45.732856966770235	163.0
45.74285759151696	163.0
45.75285821626368	159.0
45.762858841010406	158.0
45.77285946575713	154.0
45.78286009050385	150.0
45.792860715250576	150.0
45.8028613399973	149.0
45.81286196474402	149.0
45.822862589490754	149.0
45.83286321423748	150.0
45.8428638389842	150.0
45.852864463730924	150.0
45.86286508847765	152.0
45.87286571322437	152.0
45.882866337971095	154.0
45.89286696271782	158.0
45.90286758746455	159.0
45.91286821221127	159.0
45.922868836957996	159.0
45.93286946170472	159.0
45.94287008645144	158.0
45.952870711198166	154.0
45.96287133594489	152.0
45.97287196069161	150.0
45.982872585438336	149.0
45.99287321018507	149.0
46.00287383493179	149.0
46.012874459678514	149.0
46.02287508442524	149.0
46.03287570917196	150.0
46.042876333918684	150.0
46.05287695866541	150.0
46.06287758341213	150.0
46.07287820815886	150.0
46.082878832905585	149.0
46.09287945765231	149.0
46.10288008239903	149.0
46.112880707145756	147.0
46.12288133189248	147.0
46.1328819566392	147.0
46.142882581385926	147.0
46.15288320613265	149.0
46.16288383087938	149.0
46.172884455626104	149.0
46.18288508037283	150.0
46.19288570511955	150.0
46.202886329866274	150.0
46.212886954613	150.0
46.22288757935972	149.0
46.232888204106445	147.0
46.24288882885317	144.0
46.2528894535999	142.0
46.26289007834662	140.0
46.272890703093346	140.0
46.28289132784007	139.0
46.29289195258679	139.0
46.302892577333516	140.0
46.31289320208024	140.0
46.32289382682696	142.0
46.332894451573694	144.0
46.34289507632042	145.0
46.35289570106714	147.0
46.362896325813864	149.0
46.37289695056059	150.0
46.38289757530731	150.0
46.392898200054034	150.0
46.40289882480076	150.0
46.41289944954748	150.0
46.42290007429421	150.0
46.432900699040935	150.0
46.44290132378766	150.0
46.45290194853438	149.0
46.462902573281106	149.0
46.47290319802783	147.0
46.48290382277455	145.0
46.492904447521276	144.0
46.50290507226801	142.0
46.51290569701473	140.0
46.522906321761454	140.0
46.53290694650818	140.0
46.5429075712549	140.0
46.552908196001624	142.0
46.56290882074835	144.0
46.57290944549507	145.0
46.582910070241795	149.0
46.592910694988525	156.0
46.60291131973525	161.0
46.61291194448197	169.0
46.622912569228696	173.0
46.63291319397542	175.0
46.64291381872214	177.0
46.652914443468866	177.0
46.66291506821559	175.0
46.67291569296231	171.0
46.682916317709044	167.0
46.69291694245577	161.0
46.70291756720249	158.0
46.712918191949214	152.0
46.72291881669594	150.0
46.73291944144266	150.0
46.742920066189384	149.0
46.75292069093611	149.0
46.76292131568284	149.0
46.77292194042956	150.0
46.782922565176285	150.0
46.79292318992301	150.0
46.80292381466973	152.0
46.812924439416456	154.0
46.82292506416318	156.0
46.8329256889099	158.0
46.842926313656626	159.0
46.85292693840336	159.0
46.86292756315008	158.0
46.872928187896804	158.0
46.88292881264353	156.0
46.89292943739025	154.0
46.902930062136974	152.0
46.9129306868837	150.0
46.92293131163042	150.0
46.93293193637715	150.0
46.942932561123875	150.0
46.9529331858706	150.0
46.96293381061732	149.0
46.972934435364046	149.0
46.98293506011077	149.0
46.99293568485749	149.0
47.002936309604216	149.0
47.01293693435094	147.0
47.02293755909767	147.0
47.032938183844394	147.0
47.04293880859112	149.0
47.05293943333784	149.0
47.062940058084564	149.0
47.07294068283129	149.0
47.08294130757801	149.0
47.092941932324734	149.0
47.102942557071465	150.0
47.11294318181819	150.0
47.12294380656491	150.0
47.132944431311635	150.0
47.14294505605836	149.0
47.15294568080508	147.0
47.162946305551806	145.0
47.17294693029853	144.0
47.18294755504525	144.0
47.19294817979198	142.0
47.20294880453871	142.0
47.21294942928543	142.0
47.222950054032154	142.0
47.23295067877888	144.0
47.2429513035256	145.0
47.252951928272324	147.0
47.26295255301905	149.0
47.27295317776577	150.0
47.2829538025125	150.0
47.292954427259225	152.0
47.30295505200595	152.0
47.31295567675267	152.0
47.322956301499396	152.0
47.33295692624612	150.0
47.34295755099284	150.0
47.352958175739566	150.0
47.3629588004863	149.0
47.37295942523302	149.0
47.382960049979744	147.0
47.39296067472647	147.0
47.40296129947319	145.0
47.412961924219914	145.0
47.42296254896664	144.0
47.43296317371336	144.0
47.442963798460084	144.0
47.452964423206815	145.0
47.46296504795354	147.0
47.47296567270026	149.0
47.482966297446985	150.0
47.49296692219371	154.0
47.50296754694043	156.0
47.512968171687156	158.0
47.52296879643388	158.0
47.53296942118061	158.0
47.54297004592733	158.0
47.55297067067406	156.0
47.56297129542078	154.0
47.572971920167504	152.0
47.58297254491423	152.0
47.59297316966095	152.0
47.602973794407674	150.0
47.6129744191544	150.0
47.62297504390113	150.0
47.63297566864785	149.0
47.642976293394575	149.0
47.6529769181413	149.0
47.66297754288802	149.0
47.672978167634746	149.0
47.68297879238147	149.0
47.69297941712819	149.0
47.702980041874916	149.0
47.71298066662165	149.0
47.72298129136837	149.0
47.732981916115094	149.0
47.74298254086182	149.0
47.75298316560854	149.0
47.762983790355264	149.0
47.77298441510199	149.0
47.78298503984871	149.0
47.79298566459544	149.0
47.802986289342165	147.0
47.81298691408889	147.0
47.82298753883561	144.0
47.832988163582336	142.0
47.84298878832906	140.0
47.85298941307578	140.0
47.862990037822506	140.0
47.87299066256923	140.0
47.88299128731596	142.0
47.89299191206268	144.0
47.90299253680941	147.0
47.91299316155613	149.0
47.922993786302854	150.0
47.93299441104958	152.0
47.9429950357963	152.0
47.952995660543024	152.0
47.962996285289755	152.0
47.97299691003648	150.0
47.9829975347832	149.0
47.992998159529925	145.0
48.00299878427665	140.0
48.01299940902337	136.0
48.023000033770096	132.0
48.03300065851682	129.0
48.04300128326354	125.0
48.05300190801027	122.0
48.063002532757	119.0
48.07300315750372	118.0
48.083003782250444	117.0
48.09300440699717	115.0
48.10300503174389	114.0
48.113005656490614	114.0
48.12300628123734	114.0
48.13300690598406	114.0
48.14300753073079	114.0
48.153008155477515	114.0
48.16300878022424	114.0
48.17300940497096	115.0
48.183010029717686	115.0
48.19301065446441	117.0
48.20301127921113	118.0
48.213011903957856	119.0
48.22301252870459	121.0
48.23301315345131	122.0
48.24301377819803	124.0
48.25301440294476	124.0
48.26301502769148	125.0
48.273015652438204	124.0
48.28301627718493	122.0
48.29301690193165	119.0
48.303017526678374	117.0
48.313018151425105	114.0
48.32301877617183	113.0
48.33301940091855	111.0
48.343020025665275	111.0
48.353020650412	114.0
48.36302127515872	118.0
48.373021899905446	122.0
48.38302252465217	128.0
48.3930231493989	132.0
48.40302377414562	137.0
48.41302439889235	142.0
48.42302502363907	145.0
48.433025648385794	147.0
48.44302627313252	147.0
48.45302689787924	145.0
48.463027522625964	142.0
48.47302814737269	139.0
48.48302877211942	134.0
48.49302939686614	129.0
48.503030021612865	124.0
48.51303064635959	119.0
48.52303127110631	115.0
48.533031895853036	114.0
48.54303252059976	111.0
48.55303314534648	110.0
48.56303377009321	109.0
48.57303439483994	107.0
48.58303501958666	106.0
48.59303564433338	105.0
48.60303626908011	104.0
48.61303689382683	101.0
48.623037518573554	99.0
48.63303814332028	98.0
48.643038768067	97.0
48.65303939281373	96.0
48.663040017560455	96.0
48.67304064230718	95.0
48.6830412670539	93.0
48.693041891800625	93.0
48.70304251654735	92.0
48.71304314129407	90.0
48.723043766040796	89.0
48.73304439078752	88.0
48.74304501553425	88.0
48.75304564028097	87.0
48.7630462650277	86.0
48.77304688977442	86.0
48.783047514521144	85.0
48.79304813926787	85.0
48.80304876401459	85.0
48.813049388761314	84.0
48.823050013508045	84.0
48.83305063825477	84.0
48.84305126300149	84.0
48.853051887748215	84.0
48.86305251249494	84.0
48.87305313724166	85.0
48.883053761988386	85.0
48.89305438673511	85.0
48.90305501148183	84.0
48.91305563622856	83.0
48.92305626097529	82.0
48.93305688572201	81.0
48.94305751046873	81.0
48.95305813521546	80.0
48.96305875996218	80.0
48.973059384708904	80.0
48.98306000945563	80.0
48.99306063420236	80.0
49.00306125894908	81.0
49.013061883695805	81.0
49.02306250844253	81.0
49.03306313318925	82.0
49.043063757935975	82.0
49.0530643826827	83.0
49.06306500742942	85.0
49.073065632176146	86.0
49.083066256922876	87.0
49.0930668816696	89.0
49.10306750641632	90.0
49.11306813116305	90.0
49.12306875590977	90.0
49.133069380656494	90.0
49.14307000540322	89.0
49.15307063014994	88.0
49.163071254896664	87.0
49.173071879643395	86.0
49.18307250439012	85.0
49.19307312913684	83.0
49.203073753883565	83.0
49.21307437863029	81.0
49.22307500337701	81.0
49.233075628123736	80.0
49.24307625287046	80.0
49.25307687761719	80.0
49.26307750236391	80.0
49.27307812711064	80.0
49.28307875185736	81.0
49.293079376604084	82.0
49.30308000135081	84.0
49.31308062609753	86.0
49.323081250844254	88.0
49.33308187559098	90.0
49.34308250033771	92.0
49.35308312508443	93.0
49.363083749831155	95.0
49.37308437457788	93.0
49.3830849993246	92.0
49.393085624071325	91.0
49.40308624881805	89.0
49.41308687356477	87.0
49.4230874983115	84.0
49.433088123058226	83.0
49.44308874780495	81.0
49.45308937255167	81.0
49.4630899972984	81.0
49.47309062204512	81.0
49.483091246791844	83.0
49.49309187153857	84.0
49.50309249628529	86.0
49.51309312103202	88.0
49.523093745778745	90.0
49.53309437052547	92.0
49.54309499527219	93.0
49.553095620018915	95.0
49.56309624476564	95.0
49.57309686951236	93.0
49.583097494259086	91.0
49.593098119005816	89.0
49.60309874375254	87.0
49.61309936849926	84.0
49.62309999324599	83.0
49.63310061799271	82.0
49.643101242739434	82.0
49.65310186748616	83.0
49.66310249223288	86.0
49.673103116979604	89.0
49.683103741726335	93.0
49.69310436647306	97.0
49.70310499121978	101.0
49.713105615966505	106.0
49.72310624071323	111.0
49.73310686545995	114.0
49.743107490206675	117.0
49.7531081149534	117.0
49.76310873970012	115.0
49.77310936444685	114.0
49.783109989193576	111.0
49.7931106139403	109.0
49.80311123868702	107.0
49.81311186343375	106.0
49.82311248818047	105.0
49.833113112927194	105.0
49.84311373767392	105.0
49.85311436242065	106.0
49.86311498716737	107.0
49.873115611914095	109.0
49.88311623666082	110.0
49.89311686140754	113.0
49.903117486154265	113.0
49.91311811090099	114.0
49.92311873564771	114.0
49.933119360394436	113.0
49.943119985141166	111.0
49.95312060988789	109.0
49.96312123463461	107.0
49.97312185938134	106.0
49.98312248412806	106.0
49.993123108874784	107.0
50.00312373362151	109.0
50.01312435836823	111.0
50.02312498311496	114.0
50.033125607861685	115.0
50.04312623260841	118.0
50.05312685735513	119.0
50.063127482101855	121.0
50.07312810684858	121.0
50.0831287315953	121.0
50.093129356342025	119.0
50.10312998108875	117.0
50.11313060583548	114.0
50.1231312305822	113.0
50.13313185532893	113.0
50.14313248007565	114.0
50.15313310482237	118.0
50.1631337295691	125.0
50.17313435431582	131.0
50.183134979062544	140.0
50.19313560380927	150.0
50.203136228556	158.0
50.21313685330272	161.0
50.223137478049445	161.0
50.23313810279617	161.0
50.24313872754289	158.0
50.253139352289615	152.0
50.26313997703634	147.0
50.27314060178306	144.0
50.28314122652979	142.0
50.293141851276516	140.0
50.30314247602324	140.0
50.31314310076996	140.0
50.32314372551669	142.0
50.33314435026341	144.0
50.343144975010134	147.0
50.35314559975686	149.0
50.36314622450358	150.0
50.37314684925031	152.0
50.383147473997035	152.0
50.39314809874376	152.0
50.40314872349048	150.0
50.413149348237205	147.0
50.42314997298393	145.0
50.43315059773065	144.0
50.443151222477375	142.0
50.453151847224106	142.0
50.46315247197083	142.0
50.47315309671755	145.0
50.48315372146428	149.0
50.493154346211	152.0
50.50315497095772	154.0
50.51315559570445	158.0
50.52315622045117	159.0
50.533156845197894	159.0
50.543157469944624	158.0
50.55315809469135	156.0
50.56315871943807	154.0
50.573159344184795	150.0
50.58315996893152	150.0
50.59316059367824	150.0
50.603161218424965	152.0
50.61316184317169	156.0
50.62316246791841	159.0
50.63316309266514	163.0
50.643163717411866	169.0
50.65316434215859	173.0
50.66316496690531	177.0
50.67316559165204	179.0
50.68316621639876	181.0
50.693166841145484	181.0
50.70316746589221	181.0
50.71316809063894	177.0
50.72316871538566	175.0
50.733169340132385	171.0
50.74316996487911	169.0
50.75317058962583	167.0
50.763171214372555	165.0
50.77317183911928	163.0
50.783172463866	163.0
50.793173088612726	163.0
50.803173713359456	163.0
50.81317433810618	163.0
50.8231749628529	163.0
50.83317558759963	163.0
50.84317621234635	163.0
50.85317683709307	163.0
50.8631774618398	163.0
50.87317808658652	163.0
50.88317871133325	163.0
50.893179336079974	163.0
50.9031799608267	163.0
50.91318058557342	163.0
50.923181210320145	161.0
50.93318183506687	161.0
50.94318245981359	163.0
50.953183084560315	163.0
50.96318370930704	167.0
50.97318433405377	169.0
50.98318495880049	173.0
50.993185583547216	179.0
51.00318620829394	185.0
51.01318683304066	192.0
51.02318745778739	192.0
51.03318808253411	192.0
51.043188707280834	190.0
51.053189332027564	185.0
51.06318995677429	177.0
51.07319058152101	169.0
51.083191206267735	156.0
51.09319183101446	150.0
51.10319245576118	145.0
51.113193080507905	145.0
51.12319370525463	144.0
51.13319433000135	145.0
51.14319495474808	147.0
51.153195579494806	149.0
51.16319620424153	152.0
51.17319682898825	154.0
51.18319745373498	156.0
51.1931980784817	156.0
51.20319870322842	158.0
51.21319932797515	158.0
51.22319995272187	156.0
51.2332005774686	154.0
51.243201202215324	152.0
51.25320182696205	150.0
51.26320245170877	150.0
51.273203076455495	149.0
51.28320370120222	149.0
51.29320432594894	149.0
51.303204950695665	150.0
51.313205575442396	150.0
51.32320620018912	149.0
51.33320682493584	149.0
51.343207449682566	149.0
51.35320807442929	147.0
51.36320869917601	147.0
51.37320932392274	147.0
51.38320994866946	147.0
51.393210573416184	145.0
51.403211198162914	145.0
51.41321182290964	145.0
51.42321244765636	145.0
51.433213072403085	147.0
51.44321369714981	147.0
51.45321432189653	147.0
51.463214946643255	145.0
51.47321557138998	144.0
51.48321619613671	142.0
51.49321682088343	140.0
51.503217445630156	140.0
51.51321807037688	140.0
51.5232186951236	142.0
51.53321931987033	145.0
51.54321994461705	147.0
51.55322056936377	149.0
51.5632211941105	150.0
51.57322181885723	0.0
51.58322244360395	0.0
51.593223068350675	0.0
51.6032236930974	0.0
51.61322431784412	0.0
51.623224942590845	0.0
51.63322556733757	0.0
51.64322619208429	0.0
51.653226816831015	0.0
51.663227441577746	0.0
51.67322806632447	0.0
51.68322869107119	0.0
51.693229315817916	0.0
51.70322994056464	0.0
51.71323056531136	0.0
51.72323119005809	0.0
51.73323181480481	0.0
51.74323243955154	0.0
51.753233064298264	0.0
51.76323368904499	0.0
51.77323431379171	0.0
51.783234938538435	0.0
51.79323556328516	0.0
51.80323618803188	0.0
51.813236812778605	0.0
51.82323743752533	0.0
51.83323806227206	0.0
51.84323868701878	0.0
51.853239311765506	0.0
51.86323993651223	0.0
51.87324056125895	0.0
51.88324118600568	0.0
51.8932418107524	0.0
51.90324243549912	0.0
51.913243060245854	0.0
51.92324368499258	0.0
51.9332443097393	0.0
51.943244934486025	0.0
51.95324555923275	0.0
51.96324618397947	0.0
51.973246808726195	0.0
51.98324743347292	0.0
51.99324805821964	0.0
52.00324868296637	0.0
52.013249307713096	0.0
52.02324993245982	0.0
52.03325055720654	0.0
52.043251181953266	0.0
52.05325180669999	0.0
52.06325243144671	0.0
52.07325305619344	0.0
52.08325368094016	0.0
52.09325430568689	0.0
52.103254930433614	0.0
52.11325555518034	0.0
52.12325617992706	0.0
52.133256804673785	0.0
52.14325742942051	0.0
52.15325805416723	0.0
52.163258678913955	0.0
52.173259303660686	0.0
52.18325992840741	0.0
52.19326055315413	0.0
52.203261177900856	0.0
52.21326180264758	0.0
52.2232624273943	0.0
52.23326305214103	0.0
52.24326367688775	0.0
52.253264301634474	0.0
52.263264926381204	0.0
52.27326555112793	0.0
52.28326617587465	0.0
52.293266800621375	0.0
52.3032674253681	0.0
52.31326805011482	0.0
52.323268674861545	0.0
52.33326929960827	0.0
52.343269924355	0.0
52.35327054910172	0.0
52.363271173848446	0.0
52.37327179859517	0.0
52.38327242334189	0.0
52.393273048088616	0.0
52.40327367283534	0.0
52.41327429758206	0.0
52.42327492232879	0.0
52.43327554707552	0.0
52.44327617182224	0.0
52.453276796568964	0.0
52.46327742131569	0.0
52.47327804606241	0.0
52.483278670809135	0.0
52.49327929555586	0.0
52.50327992030258	0.0
52.51328054504931	0.0
52.523281169796036	0.0
52.53328179454276	0.0
52.54328241928948	0.0
52.553283044036206	0.0
52.56328366878293	0.0
52.57328429352965	0.0
52.58328491827638	0.0
52.5932855430231	0.0
52.60328616776983	0.0
52.613286792516554	0.0
52.62328741726328	0.0
52.63328804201	0.0
52.643288666756725	0.0
52.65328929150345	288.0
52.66328991625017	284.0
52.673290540996895	0.0
52.68329116574362	0.0
52.69329179049035	0.0
52.70329241523707	0.0
52.713293039983796	288.0
52.72329366473052	291.0
52.73329428947724	294.0
52.743294914223966	294.0
52.75329553897069	294.0
52.76329616371741	294.0
52.773296788464144	294.0
52.78329741321087	294.0
52.79329803795759	294.0
52.803298662704314	294.0
52.81329928745104	294.0
52.82329991219776	294.0
52.833300536944485	294.0
52.84330116169121	0.0
52.85330178643793	0.0
52.86330241118466	0.0
52.873303035931386	0.0
52.88330366067811	0.0
52.89330428542483	0.0
52.903304910171556	0.0
52.91330553491828	0.0
52.923306159665	0.0
52.93330678441173	0.0
52.94330740915846	0.0
52.95330803390518	0.0
52.963308658651904	0.0
52.97330928339863	0.0
52.98330990814535	0.0
52.993310532892075	0.0
53.0033111576388	0.0
53.01331178238552	0.0
53.023312407132245	0.0
53.033313031878976	0.0
53.0433136566257	0.0
53.05331428137242	0.0
53.063314906119146	0.0
53.07331553086587	0.0
53.08331615561259	0.0
53.09331678035932	0.0
53.10331740510604	0.0
53.11331802985276	0.0
53.123318654599494	0.0
53.13331927934622	0.0
53.14331990409294	0.0
53.153320528839664	0.0
53.16332115358639	0.0
53.17332177833311	0.0
53.183322403079835	0.0
53.19332302782656	0.0
53.20332365257329	0.0
53.21332427732001	0.0
53.223324902066736	0.0
53.23332552681346	0.0
53.24332615156018	0.0
53.253326776306906	0.0
53.26332740105363	0.0
53.27332802580035	0.0
53.28332865054708	0.0
53.29332927529381	0.0
53.30332990004053	0.0
53.313330524787254	0.0
53.32333114953398	0.0
53.3333317742807	0.0
53.343332399027425	0.0
53.35333302377415	0.0
53.36333364852087	0.0
53.3733342732676	0.0
53.383334898014326	0.0
53.39333552276105	0.0
53.40333614750777	0.0
53.413336772254496	0.0
53.42333739700122	0.0
53.43333802174794	0.0
53.44333864649467	0.0
53.45333927124139	0.0
53.46333989598812	0.0
53.473340520734844	0.0
53.48334114548157	0.0
53.49334177022829	0.0
53.503342394975014	0.0
53.51334301972174	0.0
53.52334364446846	0.0
53.533344269215185	0.0
53.543344893961915	0.0
53.55334551870864	0.0
53.56334614345536	0.0
53.573346768202086	0.0
53.58334739294881	0.0
53.59334801769553	0.0
53.603348642442256	0.0
53.61334926718898	0.0
53.6233498919357	0.0
53.633350516682434	0.0
53.64335114142916	0.0
53.65335176617588	0.0
53.663352390922604	0.0
53.67335301566933	0.0
53.68335364041605	0.0
53.693354265162775	0.0
53.7033548899095	0.0
53.71335551465622	0.0
53.72335613940295	0.0
53.733356764149676	291.0
53.7433573888964	291.0
53.75335801364312	0.0
53.763358638389846	0.0
53.77335926313657	0.0
53.78335988788329	0.0
53.79336051263002	0.0
53.80336113737675	0.0
53.81336176212347	0.0
53.823362386870194	0.0
53.83336301161692	0.0
53.84336363636364	0.0
53.853364261110364	0.0
53.86336488585709	0.0
53.87336551060381	0.0
53.883366135350535	0.0
53.893366760097265	0.0
53.90336738484399	0.0
53.91336800959071	0.0
53.923368634337436	0.0
53.93336925908416	0.0
53.94336988383088	0.0
53.953370508577606	0.0
53.96337113332433	0.0
53.97337175807106	0.0
53.983372382817784	0.0
53.99337300756451	0.0
54.00337363231123	0.0
54.013374257057954	0.0
54.02337488180468	0.0
54.0333755065514	0.0
54.043376131298125	0.0
54.05337675604485	0.0
54.06337738079158	0.0
54.0733780055383	0.0
54.083378630285026	0.0
54.09337925503175	0.0
54.10337987977847	0.0
54.113380504525196	0.0
54.12338112927192	0.0
54.13338175401864	0.0
54.14338237876537	0.0
54.1533830035121	0.0
54.16338362825882	0.0
54.173384253005544	0.0
54.18338487775227	206.0
54.19338550249899	206.0
54.203386127245714	210.0
54.21338675199244	218.0
54.22338737673916	231.0
54.23338800148589	242.0
54.243388626232615	253.0
54.25338925097934	259.0
54.26338987572606	262.0
54.273390500472786	259.0
54.28339112521951	250.0
54.29339174996623	239.0
54.303392374712956	228.0
54.31339299945968	220.0
54.32339362420641	215.0
54.333394248953134	210.0
54.34339487369986	210.0
54.35339549844658	210.0
54.363396123193304	213.0
54.37339674794003	213.0
54.38339737268675	215.0
54.393397997433475	215.0
54.403398622180205	215.0
54.41339924692693	218.0
54.42339987167365	218.0
54.433400496420376	215.0
54.4434011211671	215.0
54.45340174591382	213.0
54.463402370660546	210.0
54.47340299540727	208.0
54.48340362015399	208.0
54.493404244900724	208.0
54.50340486964745	210.0
54.51340549439417	218.0
54.523406119140894	223.0
54.53340674388762	228.0
54.54340736863434	231.0
54.553407993381065	231.0
54.56340861812779	228.0
54.57340924287451	223.0
54.58340986762124	215.0
54.593410492367966	203.0
54.60341111711469	190.0
54.61341174186141	177.0
54.623412366608136	171.0
54.63341299135486	165.0
54.64341361610158	161.0
54.653414240848306	159.0
54.66341486559504	158.0
54.67341549034176	158.0
54.683416115088484	158.0
54.69341673983521	159.0
54.70341736458193	161.0
54.713417989328654	161.0
54.72341861407538	163.0
54.7334192388221	163.0
54.743419863568825	163.0
54.753420488315555	161.0
54.76342111306228	161.0
54.773421737809	161.0
54.783422362555726	161.0
54.79342298730245	161.0
54.80342361204917	161.0
54.813424236795896	161.0
54.82342486154262	161.0
54.83342548628935	161.0
54.843426111036074	161.0
54.8534267357828	163.0
54.86342736052952	165.0
54.873427985276244	167.0
54.88342861002297	169.0
54.89342923476969	171.0
54.903429859516415	171.0
54.91343048426314	173.0
54.92343110900987	171.0
54.93343173375659	171.0
54.943432358503316	169.0
54.95343298325004	167.0
54.96343360799676	165.0
54.973434232743486	165.0
54.98343485749021	163.0
54.99343548223693	163.0
55.00343610698366	161.0
55.01343673173039	161.0
55.02343735647711	161.0
55.033437981223834	161.0
55.04343860597056	159.0
55.05343923071728	161.0
55.063439855464004	163.0
55.07344048021073	165.0
55.08344110495745	171.0
55.09344172970418	175.0
55.103442354450905	179.0
55.11344297919763	183.0
55.12344360394435	187.0
55.133444228691076	190.0
55.1434448534378	190.0
55.15344547818452	185.0
55.163446102931246	181.0
55.17344672767797	175.0
55.1834473524247	165.0
55.193447977171424	156.0
55.20344860191815	150.0
55.21344922666487	145.0
55.223449851411594	145.0
55.23345047615832	147.0
55.24345110090504	149.0
55.253451725651765	150.0
55.263452350398495	154.0
55.27345297514522	156.0
55.28345359989194	158.0
55.293454224638666	158.0
55.30345484938539	158.0
55.31345547413211	158.0
55.323456098878836	156.0
55.33345672362556	154.0
55.34345734837228	152.0
55.35345797311901	150.0
55.36345859786574	149.0
55.37345922261246	149.0
55.383459847359184	149.0
55.39346047210591	149.0
55.40346109685263	149.0
55.413461721599354	150.0
55.42346234634608	150.0
55.43346297109281	150.0
55.44346359583953	150.0
55.453464220586255	149.0
55.46346484533298	149.0
55.4734654700797	147.0
55.483466094826426	145.0
55.49346671957315	144.0
55.50346734431987	142.0
55.513467969066596	140.0
55.52346859381333	139.0
55.53346921856005	139.0
55.543469843306774	139.0
55.5534704680535	140.0
55.56347109280022	144.0
55.573471717546944	145.0
55.58347234229367	147.0
55.59347296704039	149.0
55.603473591787115	152.0
55.613474216533845	156.0
55.62347484128057	159.0
55.63347546602729	161.0
55.643476090774016	161.0
55.65347671552074	159.0
55.66347734026746	156.0
55.673477965014186	147.0
55.68347858976091	145.0
55.69347921450764	145.0
55.70347983925436	145.0
55.71348046400109	145.0
55.72348108874781	145.0
55.733481713494534	0.0
55.74348233824126	0.0
55.75348296298798	0.0
55.763483587734704	0.0
55.77348421248143	0.0
55.78348483722816	0.0
55.79348546197488	0.0
55.803486086721605	0.0
55.81348671146833	0.0
55.82348733621505	0.0
55.833487960961776	0.0
55.8434885857085	0.0
55.85348921045522	0.0
55.86348983520195	0.0
55.87349045994868	0.0
55.8834910846954	0.0
55.893491709442124	0.0
55.90349233418885	0.0
55.91349295893557	0.0
55.923493583682294	0.0
55.93349420842902	0.0
55.94349483317574	0.0
55.95349545792247	0.0
55.963496082669195	0.0
55.97349670741592	0.0
55.98349733216264	0.0
55.993497956909366	0.0
56.00349858165609	0.0
56.01349920640281	0.0
56.023499831149536	0.0
56.03350045589626	0.0
56.04350108064299	0.0
56.05350170538971	0.0
56.06350233013644	0.0
56.07350295488316	0.0
56.083503579629884	0.0
56.09350420437661	0.0
56.10350482912333	0.0
56.113505453870054	0.0
56.123506078616785	0.0
56.13350670336351	0.0
56.14350732811023	0.0
56.153507952856955	0.0
56.16350857760368	0.0
56.1735092023504	0.0
56.183509827097126	0.0
56.19351045184385	0.0
56.20351107659057	0.0
56.2135117013373	0.0
56.22351232608403	0.0
56.23351295083075	0.0
56.243513575577474	0.0
56.2535142003242	0.0
56.26351482507092	0.0
56.273515449817644	0.0
56.28351607456437	0.0
56.2935166993111	0.0
56.30351732405782	0.0
56.313517948804545	0.0
56.32351857355127	0.0
56.33351919829799	0.0
56.343519823044716	0.0
56.35352044779144	0.0
56.36352107253816	0.0
56.373521697284886	0.0
56.38352232203162	0.0
56.39352294677834	0.0
56.403523571525064	0.0
56.41352419627179	0.0
56.42352482101851	0.0
56.433525445765234	0.0
56.44352607051196	0.0
56.45352669525868	0.0
56.46352732000541	0.0
56.473527944752135	0.0
56.48352856949886	0.0
56.49352919424558	0.0
56.503529818992305	0.0
56.51353044373903	0.0
56.52353106848575	0.0
56.533531693232476	0.0
56.5435323179792	0.0
56.55353294272593	0.0
56.56353356747265	0.0
56.57353419221938	0.0
56.5835348169661	0.0
56.593535441712824	0.0
56.60353606645955	0.0
56.61353669120627	0.0
56.623537315952994	0.0
56.63353794069972	0.0
56.64353856544645	0.0
56.65353919019317	0.0
56.663539814939895	0.0
56.67354043968662	0.0
56.68354106443334	0.0
56.693541689180066	0.0
56.70354231392679	0.0
56.71354293867351	0.0
56.72354356342024	0.0
56.73354418816697	0.0
56.74354481291369	0.0
56.753545437660414	0.0
56.76354606240714	140.0
56.77354668715386	140.0
56.783547311900584	142.0
56.79354793664731	144.0
56.80354856139403	145.0
56.81354918614076	147.0
56.823549810887485	150.0
56.83355043563421	152.0
56.84355106038093	152.0
56.853551685127655	152.0
56.86355230987438	152.0
56.8735529346211	150.0
56.883553559367826	150.0
56.89355418411456	149.0
56.90355480886128	149.0
56.913555433608	149.0
56.92355605835473	149.0
56.93355668310145	149.0
56.943557307848174	149.0
56.9535579325949	149.0
56.96355855734162	149.0
56.973559182088344	149.0
56.983559806835075	149.0
56.9935604315818	150.0
57.00356105632852	150.0
57.013561681075245	150.0
57.02356230582197	150.0
57.03356293056869	149.0
57.043563555315416	149.0
57.05356418006214	147.0
57.06356480480886	147.0
57.07356542955559	147.0
57.08356605430232	147.0
57.09356667904904	147.0
57.103567303795764	147.0
57.11356792854249	147.0
57.12356855328921	147.0
57.133569178035934	147.0
57.14356980278266	147.0
57.15357042752939	145.0
57.16357105227611	145.0
57.173571677022835	145.0
57.18357230176956	145.0
57.19357292651628	145.0
57.203573551263005	145.0
57.21357417600973	145.0
57.22357480075645	145.0
57.233575425503176	145.0
57.24357605024991	145.0
57.25357667499663	147.0
57.26357729974335	147.0
57.27357792449008	149.0
57.2835785492368	149.0
57.293579173983524	149.0
57.30357979873025	149.0
57.31358042347697	149.0
57.3235810482237	149.0
57.333581672970425	149.0
57.34358229771715	149.0
57.35358292246387	147.0
57.363583547210595	147.0
57.37358417195732	145.0
57.38358479670404	145.0
57.393585421450766	145.0
57.40358604619749	144.0
57.41358667094422	145.0
57.42358729569094	145.0
57.43358792043767	145.0
57.44358854518439	147.0
57.453589169931114	149.0
57.46358979467784	152.0
57.47359041942456	156.0
57.483591044171284	163.0
57.493591668918015	177.0
57.50359229366474	190.0
57.51359291841146	0.0
57.523593543158185	0.0
57.53359416790491	144.0
57.54359479265163	145.0
57.553595417398355	294.0
57.56359604214508	272.0
57.5735966668918	262.0
57.58359729163853	253.0
57.59359791638526	248.0
57.60359854113198	272.0
57.6135991658787	262.0
57.62359979062543	239.0
57.63360041537215	236.0
57.643601040118874	239.0
57.6536016648656	248.0
57.66360228961232	259.0
57.67360291435905	268.0
57.683603539105775	278.0
57.6936041638525	281.0
57.70360478859922	275.0
57.713605413345945	262.0
57.72360603809267	250.0
57.73360666283939	228.0
57.743607287586116	218.0
57.753607912332846	215.0
57.76360853707957	213.0
57.77360916182629	213.0
57.78360978657302	215.0
57.79361041131974	218.0
57.803611036066464	220.0
57.81361166081319	220.0
57.82361228555991	223.0
57.833612910306634	223.0
57.843613535053365	223.0
57.85361415980009	223.0
57.86361478454681	223.0
57.873615409293535	220.0
57.88361603404026	218.0
57.89361665878698	215.0
57.903617283533706	210.0
57.91361790828043	208.0
57.92361853302716	208.0
57.93361915777388	213.0
57.94361978252061	218.0
57.95362040726733	223.0
57.96362103201405	228.0
57.97362165676078	231.0
57.9836222815075	231.0
57.993622906254224	228.0
58.00362353100095	220.0
58.01362415574768	210.0
58.0236247804944	187.0
58.033625405241125	179.0
58.04362602998785	171.0
58.05362665473457	165.0
58.063627279481295	163.0
58.07362790422802	161.0
58.08362852897474	159.0
58.093629153721466	159.0
58.103629778468196	159.0
58.11363040321492	158.0
58.12363102796164	159.0
58.13363165270837	159.0
58.14363227745509	159.0
58.153632902201814	161.0
58.16363352694854	161.0
58.17363415169526	163.0
58.18363477644199	163.0
58.193635401188715	163.0
58.20363602593544	161.0
58.21363665068216	161.0
58.223637275428885	161.0
58.23363790017561	159.0
58.24363852492233	159.0
58.253639149669056	159.0
58.26363977441578	161.0
58.27364039916251	163.0
58.28364102390923	165.0
58.29364164865596	167.0
58.30364227340268	169.0
58.3136428981494	171.0
58.32364352289613	173.0
58.33364414764285	173.0
58.343644772389574	173.0
58.353645397136304	171.0
58.36364602188303	169.0
58.37364664662975	167.0
58.383647271376475	167.0
58.3936478961232	165.0
58.40364852086992	163.0
58.413649145616645	163.0
58.42364977036337	163.0
58.43365039511009	163.0
58.44365101985682	163.0
58.453651644603546	163.0
58.46365226935027	165.0
58.47365289409699	169.0
58.48365351884372	173.0
58.49365414359044	179.0
58.503654768337164	185.0
58.51365539308389	192.0
58.52365601783061	196.0
58.53365664257734	199.0
58.543657267324065	196.0
58.55365789207079	190.0
58.56365851681751	181.0
58.573659141564235	167.0
58.58365976631096	152.0
58.59366039105768	144.0
58.603661015804406	140.0
58.613661640551136	139.0
58.62366226529786	139.0
58.63366289004458	139.0
58.64366351479131	142.0
58.65366413953803	144.0
58.66366476428475	147.0
58.67366538903148	152.0
58.6836660137782	156.0
58.693666638524924	159.0
58.703667263271655	163.0
58.71366788801838	163.0
58.7236685127651	161.0
58.733669137511825	158.0
58.74366976225855	152.0
58.75367038700527	149.0
58.763671011751995	147.0
58.77367163649872	144.0
58.78367226124545	142.0
58.79367288599217	142.0
58.803673510738896	142.0
58.81367413548562	144.0
58.82367476023234	144.0
58.83367538497907	145.0
58.84367600972579	145.0
58.853676634472514	145.0
58.86367725921924	145.0
58.87367788396597	145.0
58.88367850871269	145.0
58.893679133459415	145.0
58.90367975820614	144.0
58.91368038295286	142.0
58.923681007699585	140.0
58.93368163244631	139.0
58.94368225719303	139.0
58.95368288193976	140.0
58.963683506686486	142.0
58.97368413143321	144.0
58.98368475617993	147.0
58.99368538092666	149.0
59.00368600567338	152.0
59.0136866304201	154.0
59.02368725516683	156.0
59.03368787991355	158.0
59.04368850466028	158.0
59.053689129407005	158.0
59.06368975415373	0.0
59.07369037890045	0.0
59.083691003647175	0.0
59.0936916283939	0.0
59.10369225314062	0.0
59.113692877887345	0.0
59.12369350263407	0.0
59.1336941273808	0.0
59.14369475212752	0.0
59.153695376874246	0.0
59.16369600162097	0.0
59.17369662636769	0.0
59.18369725111442	0.0
59.19369787586114	0.0
59.203698500607864	0.0
59.213699125354594	0.0
59.22369975010132	0.0
59.23370037484804	0.0
59.243700999594765	0.0
59.25370162434149	0.0
59.26370224908821	0.0
59.273702873834935	0.0
59.28370349858166	0.0
59.29370412332838	0.0
59.30370474807511	0.0
59.313705372821836	0.0
59.32370599756856	0.0
59.33370662231528	0.0
59.34370724706201	0.0
59.35370787180873	0.0
59.363708496555454	0.0
59.37370912130218	0.0
59.38370974604891	0.0
59.39371037079563	0.0
59.403710995542355	0.0
59.41371162028908	0.0
59.4237122450358	0.0
59.433712869782525	0.0
59.44371349452925	0.0
59.45371411927597	0.0
59.463714744022695	0.0
59.473715368769426	0.0
59.48371599351615	0.0
59.49371661826287	0.0
59.503717243009596	0.0
59.51371786775632	0.0
59.52371849250304	0.0
59.53371911724977	0.0
59.54371974199649	0.0
59.553720366743214	0.0
59.563720991489944	0.0
59.57372161623667	0.0
59.58372224098339	0.0
59.593722865730115	0.0
59.60372349047684	0.0
59.61372411522356	0.0
59.623724739970285	0.0
59.63372536471701	0.0
59.64372598946374	0.0
59.65372661421046	0.0
59.663727238957186	0.0
59.67372786370391	0.0
59.68372848845063	0.0
59.69372911319736	0.0
59.70372973794408	0.0
59.713730362690804	0.0
59.72373098743753	0.0
59.73373161218426	0.0
59.74373223693098	0.0
59.753732861677705	0.0
59.76373348642443	0.0
59.77373411117115	0.0
59.783734735917875	0.0
59.7937353606646	0.0
59.80373598541132	0.0
59.81373661015805	0.0
59.823737234904776	0.0
59.8337378596515	0.0
59.84373848439822	0.0
59.853739109144946	0.0
59.86373973389167	0.0
59.87374035863839	0.0
59.88374098338512	0.0
59.89374160813184	0.0
59.90374223287857	0.0
59.913742857625294	0.0
59.92374348237202	0.0
59.93374410711874	0.0
59.943744731865465	0.0
59.95374535661219	0.0
59.96374598135891	0.0
59.973746606105635	0.0
59.98374723085236	139.0
59.99374785559909	137.0
60.00374848034581	134.0
60.013749105092536	132.0
60.02374972983926	131.0
60.03375035458598	131.0
60.04375097933271	131.0
60.05375160407943	131.0
60.063752228826154	131.0
60.073752853572884	131.0
60.08375347831961	131.0
60.09375410306633	131.0
60.103754727813055	132.0
60.11375535255978	136.0
60.1237559773065	139.0
60.133756602053225	140.0
60.14375722679995	144.0
60.15375785154667	147.0
60.1637584762934	150.0
60.173759101040126	154.0
60.18375972578685	159.0
60.19376035053357	163.0
60.2037609752803	167.0
60.21376160002702	169.0
60.22376222477374	171.0
60.23376284952047	173.0
60.2437634742672	173.0
60.25376409901392	173.0
60.263764723760644	171.0
60.27376534850737	171.0
60.28376597325409	169.0
60.293766598000815	169.0
60.30376722274754	167.0
60.31376784749426	167.0
60.323768472240985	167.0
60.333769096987716	165.0
60.34376972173444	165.0
60.35377034648116	165.0
60.363770971227886	165.0
60.37377159597461	165.0
60.38377222072133	163.0
60.39377284546806	163.0
60.40377347021478	163.0
60.41377409496151	163.0
60.423774719708234	165.0
60.43377534445496	165.0
60.44377596920168	167.0
60.453776593948405	167.0
60.46377721869513	169.0
60.47377784344185	171.0
60.483778468188575	173.0
60.4937790929353	175.0
60.50377971768203	177.0
60.51378034242875	177.0
60.523780967175476	177.0
60.5337815919222	177.0
60.54378221666892	177.0
60.55378284141565	175.0
60.56378346616237	173.0
60.57378409090909	171.0
60.58378471565582	169.0
60.59378534040255	169.0
60.60378596514927	167.0
60.613786589895994	165.0
60.62378721464272	163.0
60.63378783938944	163.0
60.643788464136165	161.0
60.65378908888289	159.0
60.66378971362961	158.0
60.67379033837634	158.0
60.683790963123066	158.0
60.69379158786979	156.0
60.70379221261651	156.0
60.713792837363236	154.0
60.72379346210996	154.0
60.73379408685668	152.0
60.74379471160341	152.0
60.75379533635013	150.0
60.76379596109686	152.0
60.773796585843584	152.0
60.78379721059031	154.0
60.79379783533703	156.0
60.803798460083755	158.0
60.81379908483048	159.0
60.8237997095772	161.0
60.833800334323925	163.0
60.843800959070656	167.0
60.85380158381738	171.0
60.8638022085641	177.0
60.873802833310826	181.0
60.88380345805755	185.0
60.89380408280427	185.0
60.903804707551	187.0
60.91380533229772	185.0
60.92380595704444	181.0
60.933806581791174	177.0
60.9438072065379	175.0
60.95380783128462	171.0
60.963808456031344	169.0
60.97380908077807	167.0
60.98380970552479	165.0
60.993810330271515	163.0
61.00381095501824	163.0
61.01381157976496	163.0
61.02381220451169	163.0
61.033812829258416	165.0
61.04381345400514	167.0
61.05381407875186	169.0
61.063814703498586	173.0
61.07381532824531	175.0
61.08381595299203	179.0
61.09381657773876	181.0
61.10381720248549	183.0
61.11381782723221	183.0
61.123818451978934	181.0
61.13381907672566	181.0
61.14381970147238	179.0
61.153820326219105	177.0
61.16382095096583	173.0
61.17382157571255	171.0
61.183822200459275	169.0
61.193822825206006	167.0
61.20382344995273	167.0
61.21382407469945	165.0
61.223824699446176	165.0
61.2338253241929	167.0
61.24382594893962	169.0
61.25382657368635	173.0
61.26382719843307	179.0
61.2738278231798	185.0
61.283828447926524	194.0
61.29382907267325	203.0
61.30382969741997	213.0
61.313830322166694	218.0
61.32383094691342	223.0
61.33383157166014	226.0
61.343832196406865	228.0
61.35383282115359	231.0
61.36383344590032	228.0
61.37383407064704	228.0
61.383834695393766	226.0
61.39383532014049	223.0
61.40383594488721	220.0
61.413836569633936	218.0
61.42383719438066	215.0
61.43383781912738	213.0
61.443838443874114	215.0
61.45383906862084	213.0
61.46383969336756	213.0
61.473840318114284	210.0
61.48384094286101	210.0
61.49384156760773	213.0
61.503842192354455	215.0
61.51384281710118	218.0
61.5238434418479	220.0
61.53384406659463	223.0
61.543844691341356	228.0
61.55384531608808	231.0
61.5638459408348	234.0
61.573846565581526	236.0
61.58384719032825	236.0
61.59384781507497	234.0
61.6038484398217	231.0
61.61384906456842	228.0
61.62384968931515	226.0
61.633850314061874	223.0
61.6438509388086	220.0
61.65385156355532	218.0
61.663852188302045	215.0
61.67385281304877	215.0
61.68385343779549	213.0
61.693854062542215	215.0
61.703854687288946	215.0
61.71385531203567	218.0
61.72385593678239	220.0
61.733856561529116	223.0
61.74385718627584	231.0
61.75385781102256	236.0
61.763858435769286	242.0
61.77385906051601	245.0
61.78385968526273	245.0
61.793860310009464	248.0
61.80386093475619	245.0
61.81386155950291	242.0
61.823862184249634	239.0
61.83386280899636	236.0
61.84386343374308	236.0
61.853864058489805	234.0
61.86386468323653	231.0
61.87386530798326	231.0
61.88386593272998	228.0
61.893866557476706	226.0
61.90386718222343	226.0
61.91386780697015	226.0
61.923868431716876	228.0
61.9338690564636	234.0
61.94386968121032	239.0
61.95387030595705	248.0
61.96387093070378	259.0
61.9738715554505	268.0
61.983872180197224	278.0
61.99387280494395	288.0
62.00387342969067	291.0
62.013874054437395	291.0
62.02387467918412	291.0
62.03387530393084	284.0
62.043875928677565	275.0
62.053876553424296	239.0
62.06387717817102	231.0
62.07387780291774	215.0
62.083878427664466	199.0
62.09387905241119	190.0
62.10387967715791	185.0
62.113880301904636	181.0
62.12388092665136	177.0
62.13388155139809	175.0
62.143882176144814	173.0
62.15388280089154	171.0
62.16388342563826	169.0
62.173884050384984	169.0
62.18388467513171	169.0
62.19388529987843	167.0
62.203885924625155	167.0
62.21388654937188	167.0
62.22388717411861	165.0
62.23388779886533	165.0
62.243888423612056	165.0
62.25388904835878	165.0
62.2638896731055	165.0
62.273890297852226	167.0
62.28389092259895	167.0
62.29389154734567	169.0
62.303892172092404	171.0
62.31389279683913	173.0
62.32389342158585	175.0
62.333894046332574	177.0
62.3438946710793	181.0
62.35389529582602	183.0
62.363895920572745	183.0
62.37389654531947	183.0
62.38389717006619	183.0
62.39389779481292	181.0
62.403898419559646	177.0
62.41389904430637	175.0
62.42389966905309	173.0
62.433900293799816	171.0
62.44390091854654	169.0
62.45390154329326	167.0
62.463902168039986	165.0
62.47390279278671	165.0
62.48390341753344	165.0
62.493904042280164	165.0
62.50390466702689	167.0
62.51390529177361	167.0
62.523905916520334	169.0
62.53390654126706	171.0
62.54390716601378	173.0
62.553907790760505	175.0
62.563908415507235	177.0
62.57390904025396	181.0
62.58390966500068	181.0
62.593910289747406	183.0
62.60391091449413	183.0
62.61391153924085	181.0
62.623912163987576	179.0
62.6339127887343	177.0
62.64391341348102	175.0
62.653914038227754	171.0
62.66391466297448	169.0
62.6739152877212	167.0
62.683915912467924	165.0
62.69391653721465	165.0
62.70391716196137	165.0
62.713917786708095	167.0
62.72391841145482	173.0
62.73391903620155	179.0
62.74391966094827	187.0
62.753920285694996	192.0
62.76392091044172	201.0
62.77392153518844	208.0
62.783922159935166	215.0
62.79392278468189	220.0
62.80392340942861	226.0
62.813924034175336	226.0
62.82392465892207	226.0
62.83392528366879	223.0
62.843925908415514	220.0
62.85392653316224	218.0
62.86392715790896	215.0
62.873927782655684	213.0
62.88392840740241	210.0
62.89392903214913	208.0
62.90392965689586	208.0
62.913930281642585	208.0
62.92393090638931	208.0
62.93393153113603	208.0
62.943932155882756	210.0
62.95393278062948	213.0
62.9639334053762	218.0
62.973934030122926	223.0
62.98393465486965	228.0
62.99393527961638	231.0
63.003935904363104	236.0
63.01393652910983	245.0
63.02393715385655	253.0
63.033937778603274	253.0
63.04393840335	253.0
63.05393902809672	250.0
63.063939652843445	248.0
63.07394027759017	242.0
63.0839409023369	236.0
63.09394152708362	231.0
63.103942151830346	228.0
63.11394277657707	223.0
63.12394340132379	220.0
63.133944026070516	218.0
63.14394465081724	218.0
63.15394527556396	220.0
63.163945900310694	223.0
63.17394652505742	226.0
63.18394714980414	231.0
63.193947774550864	236.0
63.20394839929759	242.0
63.21394902404431	248.0
63.223949648791034	250.0
63.23395027353776	253.0
63.24395089828448	250.0
63.25395152303121	250.0
63.263952147777935	245.0
63.27395277252466	239.0
63.28395339727138	234.0
63.293954022018106	231.0
63.30395464676483	228.0
63.31395527151155	226.0
63.323955896258276	223.0
63.33395652100501	223.0
63.34395714575173	226.0
63.353957770498454	231.0
63.36395839524518	239.0
63.3739590199919	248.0
63.383959644738624	256.0
63.39396026948535	268.0
63.40396089423207	278.0
63.413961518978795	284.0
63.423962143725525	291.0
63.43396276847225	298.0
63.44396339321897	298.0
63.453964017965696	294.0
63.46396464271242	291.0
63.47396526745914	288.0
63.483965892205866	281.0
63.49396651695259	278.0
63.50396714169931	272.0
63.513967766446044	268.0
63.52396839119277	268.0
63.53396901593949	268.0
63.543969640686214	272.0
63.55397026543294	275.0
63.56397089017966	281.0
63.573971514926384	291.0
63.58397213967311	298.0
63.59397276441984	305.0
63.60397338916656	305.0
63.613974013913285	305.0
63.62397463866001	298.0
63.63397526340673	288.0
63.643975888153456	278.0
63.65397651290018	268.0
63.6639771376469	259.0
63.673977762393626	248.0
63.68397838714036	239.0
63.69397901188708	226.0
63.703979636633804	218.0
63.71398026138053	210.0
63.72398088612725	206.0
63.733981510873974	203.0
63.7439821356207	201.0
63.75398276036742	199.0
63.76398338511415	196.0
63.773984009860875	196.0
63.7839846346076	199.0
63.79398525935432	199.0
63.803985884101046	201.0
63.81398650884777	206.0
63.82398713359449	210.0
63.833987758341216	218.0
63.84398838308794	223.0
63.85398900783467	228.0
63.863989632581394	231.0
63.87399025732812	234.0
63.88399088207484	234.0
63.893991506821564	231.0
63.90399213156829	228.0
63.91399275631501	223.0
63.923993381061734	218.0
63.93399400580846	213.0
63.94399463055519	210.0
63.95399525530191	210.0
63.963995880048635	208.0
63.97399650479536	210.0
63.98399712954208	213.0
63.993997754288806	218.0
64.00399837903554	218.0
64.01399900378226	226.0
64.02399962852898	231.0
64.0340002532757	236.0
64.04400087802243	242.0
64.05400150276915	245.0
64.06400212751588	245.0
64.0740027522626	242.0
64.08400337700932	236.0
64.09400400175605	231.0
64.10400462650277	226.0
64.1140052512495	220.0
64.12400587599622	220.0
64.13400650074294	220.0
64.14400712548967	223.0
64.1540077502364	228.0
64.16400837498313	234.0
64.17400899972985	245.0
64.18400962447657	262.0
64.1940102492233	278.0
64.20401087397002	288.0
64.21401149871674	298.0
64.22401212346347	305.0
64.23401274821019	305.0
64.24401337295691	298.0
64.25401399770364	291.0
64.26401462245036	281.0
64.27401524719708	275.0
64.28401587194381	268.0
64.29401649669053	268.0
64.30401712143725	268.0
64.31401774618398	275.0
64.32401837093072	278.0
64.33401899567744	281.0
64.34401962042416	284.0
64.35402024517089	288.0
64.36402086991761	291.0
64.37402149466433	291.0
64.38402211941106	291.0
64.39402274415778	291.0
64.4040233689045	288.0
64.41402399365123	288.0
64.42402461839795	288.0
64.43402524314467	291.0
64.4440258678914	301.0
64.45402649263812	312.0
64.46402711738484	327.0
64.47402774213157	338.0
64.48402836687829	346.0
64.49402899162503	346.0
64.50402961637175	342.0
64.51403024111848	327.0
64.5240308658652	305.0
64.53403149061192	291.0
64.54403211535865	281.0
64.55403274010537	275.0
64.5640333648521	272.0
64.57403398959882	275.0
64.58403461434554	281.0
64.59403523909226	288.0
64.60403586383899	291.0
64.61403648858571	298.0
64.62403711333243	298.0
64.63403773807916	298.0
64.64403836282588	294.0
64.6540389875726	291.0
64.66403961231933	288.0
64.67404023706607	284.0
64.68404086181279	281.0
64.69404148655951	284.0
64.70404211130624	294.0
64.71404273605296	305.0
64.72404336079968	316.0
64.7340439855464	319.0
64.74404461029313	319.0
64.75404523503985	305.0
64.76404585978658	288.0
64.7740464845333	272.0
64.78404710928002	245.0
64.79404773402675	203.0
64.80404835877347	199.0
64.8140489835202	203.0
64.82404960826692	210.0
64.83405023301364	223.0
64.84405085776038	234.0
64.8540514825071	242.0
64.86405210725383	248.0
64.87405273200055	248.0
64.88405335674727	245.0
64.894053981494	236.0
64.90405460624072	226.0
64.91405523098744	218.0
64.92405585573417	208.0
64.93405648048089	203.0
64.94405710522761	203.0
64.95405772997434	208.0
64.96405835472106	215.0
64.97405897946778	223.0
64.98405960421451	223.0
64.99406022896123	223.0
65.00406085370795	220.0
65.01406147845469	213.0
65.02406210320142	203.0
65.03406272794814	199.0
65.04406335269486	196.0
65.05406397744159	199.0
65.06406460218831	201.0
65.07406522693503	215.0
65.08406585168176	226.0
65.09406647642848	231.0
65.1040671011752	231.0
65.11406772592193	228.0
65.12406835066865	213.0
65.13406897541537	201.0
65.1440696001621	187.0
65.15407022490882	173.0
65.16407084965554	140.0
65.17407147440227	136.0
65.184072099149	136.0
65.19407272389573	139.0
65.20407334864245	145.0
65.21407397338918	152.0
65.2240745981359	156.0
65.23407522288262	159.0
65.24407584762935	163.0
65.25407647237607	169.0
65.2640770971228	171.0
65.27407772186952	173.0
65.28407834661624	177.0
65.29407897136296	177.0
65.30407959610969	175.0
65.31408022085641	171.0
65.32408084560313	167.0
65.33408147034986	163.0
65.34408209509658	159.0
65.35408271984332	158.0
65.36408334459004	156.0
65.37408396933677	156.0
65.38408459408349	156.0
65.39408521883021	158.0
65.40408584357694	158.0
65.41408646832366	158.0
65.42408709307038	158.0
65.4340877178171	159.0
65.44408834256383	158.0
65.45408896731055	158.0
65.46408959205728	158.0
65.474090216804	159.0
65.48409084155072	159.0
65.49409146629745	161.0
65.50409209104417	163.0
65.5140927157909	167.0
65.52409334053763	173.0
65.53409396528436	179.0
65.54409459003108	190.0
65.5540952147778	196.0
65.56409583952453	203.0
65.57409646427125	201.0
65.58409708901797	196.0
65.5940977137647	187.0
65.60409833851142	158.0
65.61409896325814	152.0
65.62409958800487	139.0
65.63410021275159	136.0
65.64410083749831	137.0
65.65410146224504	142.0
65.66410208699176	147.0
65.67410271173848	152.0
65.68410333648521	158.0
65.69410396123193	159.0
65.70410458597867	161.0
65.71410521072539	158.0
65.72410583547212	154.0
65.73410646021884	149.0
65.74410708496556	144.0
65.75410770971229	139.0
65.76410833445901	139.0
65.77410895920573	139.0
65.78410958395246	140.0
65.79411020869918	142.0
65.8041108334459	144.0
65.81411145819263	144.0
65.82411208293935	144.0
65.83411270768607	144.0
65.8441133324328	142.0
65.85411395717952	140.0
65.86411458192624	140.0
65.87411520667298	140.0
65.8841158314197	142.0
65.89411645616643	147.0
65.90411708091315	149.0
65.91411770565988	150.0
65.9241183304066	150.0
65.93411895515332	150.0
65.94411957990005	149.0
65.95412020464677	145.0
65.9641208293935	140.0
65.97412145414022	134.0
65.98412207888694	129.0
65.99412270363366	125.0
66.00412332838039	122.0
66.01412395312711	122.0
66.02412457787383	125.0
66.03412520262056	129.0
66.0441258273673	136.0
66.05412645211402	139.0
66.06412707686074	142.0
66.07412770160747	144.0
66.08412832635419	145.0
66.09412895110091	145.0
66.10412957584764	147.0
66.11413020059436	145.0
66.12413082534108	145.0
66.1341314500878	145.0
66.14413207483453	145.0
66.15413269958125	0.0
66.16413332432798	0.0
66.1741339490747	0.0
66.18413457382142	0.0
66.19413519856815	0.0
66.20413582331487	0.0
66.21413644806161	0.0
66.22413707280833	0.0
66.23413769755506	0.0
66.24413832230178	0.0
66.2541389470485	0.0
66.26413957179523	0.0
66.27414019654195	0.0
66.28414082128867	0.0
66.2941414460354	0.0
66.30414207078212	0.0
66.31414269552884	0.0
66.32414332027557	0.0
66.33414394502229	0.0
66.34414456976901	0.0
66.35414519451574	0.0
66.36414581926246	0.0
66.37414644400918	0.0
66.38414706875592	0.0
66.39414769350265	0.0
66.40414831824937	0.0
66.41414894299609	0.0
66.42414956774282	0.0
66.43415019248954	0.0
66.44415081723626	0.0
66.45415144198299	0.0
66.46415206672971	0.0
66.47415269147643	0.0
66.48415331622316	0.0
66.49415394096988	0.0
66.5041545657166	0.0
66.51415519046333	0.0
66.52415581521005	0.0
66.53415643995677	0.0
66.5441570647035	0.0
66.55415768945024	0.0
66.56415831419696	231.0
66.57415893894368	226.0
66.5841595636904	220.0
66.59416018843713	218.0
66.60416081318385	218.0
66.61416143793058	218.0
66.6241620626773	220.0
66.63416268742402	223.0
66.64416331217075	226.0
66.65416393691747	226.0
66.6641645616642	226.0
66.67416518641092	223.0
66.68416581115764	218.0
66.69416643590436	213.0
66.70416706065109	208.0
66.71416768539781	208.0
66.72416831014453	208.0
66.73416893489127	215.0
66.744169559638	220.0
66.75417018438472	228.0
66.76417080913144	231.0
66.77417143387817	234.0
66.78417205862489	231.0
66.79417268337161	226.0
66.80417330811834	218.0
66.81417393286506	208.0
66.82417455761178	196.0
66.8341751823585	185.0
66.84417580710523	177.0
66.85417643185195	173.0
66.86417705659868	171.0
66.8741776813454	169.0
66.88417830609212	169.0
66.89417893083885	167.0
66.90417955558559	167.0
66.91418018033231	167.0
66.92418080507903	167.0
66.93418142982576	167.0
66.94418205457248	167.0
66.9541826793192	167.0
66.96418330406593	167.0
66.97418392881265	167.0
66.98418455355937	165.0
66.9941851783061	165.0
67.00418580305282	165.0
67.01418642779954	165.0
67.02418705254627	165.0
67.03418767729299	165.0
67.04418830203971	165.0
67.05418892678644	165.0
67.06418955153316	165.0
67.0741901762799	167.0
67.08419080102662	167.0
67.09419142577335	167.0
67.10419205052007	169.0
67.11419267526679	169.0
67.12419330001352	171.0
67.13419392476024	173.0
67.14419454950696	173.0
67.15419517425369	175.0
67.16419579900041	179.0
67.17419642374713	181.0
67.18419704849386	183.0
67.19419767324058	183.0
67.2041982979873	183.0
67.21419892273403	183.0
67.22419954748075	179.0
67.23420017222747	177.0
67.24420079697421	173.0
67.25420142172094	171.0
67.26420204646766	169.0
67.27420267121438	167.0
67.2842032959611	165.0
67.29420392070783	165.0
67.30420454545455	165.0
67.31420517020128	167.0
67.324205794948	169.0
67.33420641969472	171.0
67.34420704444145	173.0
67.35420766918817	177.0
67.3642082939349	179.0
67.37420891868162	0.0
67.38420954342834	0.0
67.39421016817506	0.0
67.40421079292179	0.0
67.41421141766853	0.0
67.42421204241525	0.0
67.43421266716197	0.0
67.4442132919087	0.0
67.45421391665542	0.0
67.46421454140214	0.0
67.47421516614887	0.0
67.48421579089559	0.0
67.49421641564231	0.0
67.50421704038904	0.0
67.51421766513576	0.0
67.52421828988248	0.0
67.53421891462921	0.0
67.54421953937593	0.0
67.55422016412265	0.0
67.56422078886938	0.0
67.5742214136161	0.0
67.58422203836284	0.0
67.59422266310956	0.0
67.60422328785629	0.0
67.61422391260301	0.0
67.62422453734973	0.0
67.63422516209646	0.0
67.64422578684318	0.0
67.6542264115899	0.0
67.66422703633663	0.0
67.67422766108335	0.0
67.68422828583007	0.0
67.6942289105768	0.0
67.70422953532352	0.0
67.71423016007024	0.0
67.72423078481697	0.0
67.73423140956369	0.0
67.74423203431041	0.0
67.75423265905714	0.0
67.76423328380388	0.0
67.7742339085506	0.0
67.78423453329732	0.0
67.79423515804405	0.0
67.80423578279077	0.0
67.81423640753749	0.0
67.82423703228422	0.0
67.83423765703094	0.0
67.84423828177766	0.0
67.85423890652439	0.0
67.86423953127111	0.0
67.87424015601783	0.0
67.88424078076456	0.0
67.89424140551128	0.0
67.904242030258	0.0
67.91424265500473	0.0
67.92424327975145	0.0
67.93424390449819	0.0
67.94424452924491	0.0
67.95424515399164	0.0
67.96424577873836	0.0
67.97424640348508	0.0
67.9842470282318	0.0
67.99424765297853	0.0
68.00424827772525	0.0
68.01424890247198	0.0
68.0242495272187	0.0
68.03425015196542	0.0
68.04425077671215	0.0
68.05425140145887	0.0
68.0642520262056	0.0
68.07425265095232	0.0
68.08425327569904	0.0
68.09425390044576	0.0
68.1042545251925	0.0
68.11425514993923	0.0
68.12425577468595	0.0
68.13425639943267	0.0
68.1442570241794	0.0
68.15425764892612	0.0
68.16425827367284	0.0
68.17425889841957	0.0
68.18425952316629	0.0
68.19426014791301	0.0
68.20426077265974	0.0
68.21426139740646	0.0
68.22426202215318	0.0
68.23426264689991	0.0
68.24426327164663	0.0
68.25426389639335	0.0
68.26426452114008	0.0
68.27426514588682	0.0
68.28426577063354	0.0
68.29426639538026	0.0
68.30426702012699	0.0
68.31426764487371	0.0
68.32426826962043	0.0
68.33426889436716	0.0
68.34426951911388	0.0
68.3542701438606	0.0
68.36427076860733	0.0
68.37427139335405	0.0
68.38427201810077	0.0
68.3942726428475	0.0
68.40427326759422	0.0
68.41427389234094	0.0
68.42427451708767	0.0
68.43427514183439	0.0
68.44427576658113	0.0
68.45427639132785	0.0
68.46427701607458	0.0
68.4742776408213	0.0
68.48427826556802	0.0
68.49427889031475	0.0
68.50427951506147	0.0
68.51428013980819	0.0
68.52428076455492	0.0
68.53428138930164	0.0
68.54428201404836	0.0
68.55428263879509	0.0
68.56428326354181	0.0
68.57428388828853	0.0
68.58428451303526	0.0
68.59428513778198	0.0
68.6042857625287	0.0
68.61428638727543	0.0
68.62428701202217	0.0
68.63428763676889	0.0
68.64428826151561	0.0
68.65428888626234	0.0
68.66428951100906	0.0
68.67429013575578	0.0
68.6842907605025	0.0
68.69429138524923	0.0
68.70429200999595	0.0
68.71429263474268	0.0
68.7242932594894	0.0
68.73429388423612	0.0
68.74429450898285	0.0
68.75429513372957	0.0
68.7642957584763	0.0
68.77429638322302	0.0
68.78429700796974	0.0
68.79429763271648	0.0
68.8042982574632	0.0
68.81429888220993	0.0
68.82429950695665	0.0
68.83430013170337	0.0
68.8443007564501	0.0
68.85430138119682	0.0
68.86430200594354	0.0
68.87430263069027	0.0
68.88430325543699	0.0
68.89430388018371	0.0
68.90430450493044	0.0
68.91430512967716	0.0
68.92430575442388	0.0
68.93430637917061	0.0
68.94430700391733	0.0
68.95430762866405	0.0
68.96430825341079	0.0
68.97430887815752	0.0
68.98430950290424	0.0
68.99431012765096	0.0
69.00431075239769	0.0
69.01431137714441	0.0
69.02431200189113	0.0
69.03431262663786	0.0
69.04431325138458	0.0
69.0543138761313	0.0
69.06431450087803	0.0
69.07431512562475	0.0
69.08431575037147	0.0
69.0943163751182	0.0
69.10431699986492	0.0
69.11431762461164	0.0
69.12431824935837	0.0
69.1343188741051	0.0
69.14431949885183	0.0
69.15432012359855	0.0
69.16432074834528	0.0
69.174321373092	0.0
69.18432199783872	0.0
69.19432262258545	0.0
69.20432324733217	0.0
69.2143238720789	0.0
69.22432449682562	0.0
69.23432512157234	0.0
69.24432574631906	0.0
69.25432637106579	0.0
69.26432699581251	0.0
69.27432762055923	0.0
69.28432824530596	0.0
69.29432887005268	0.0
69.30432949479942	0.0
69.31433011954614	0.0
69.32433074429287	0.0
69.33433136903959	0.0
69.34433199378631	0.0
69.35433261853304	0.0
69.36433324327976	0.0
69.37433386802648	0.0
69.3843344927732	0.0
69.39433511751993	0.0
69.40433574226665	0.0
69.41433636701338	0.0
69.4243369917601	242.0
69.43433761650682	242.0
69.44433824125355	245.0
69.45433886600027	245.0
69.464339490747	248.0
69.47434011549373	245.0
69.48434074024046	245.0
69.49434136498718	242.0
69.5043419897339	239.0
69.51434261448063	236.0
69.52434323922735	234.0
69.53434386397407	228.0
69.5443444887208	226.0
69.55434511346752	223.0
69.56434573821424	220.0
69.57434636296097	218.0
69.58434698770769	218.0
69.59434761245441	215.0
69.60434823720114	215.0
69.61434886194786	215.0
69.62434948669458	215.0
69.63435011144131	218.0
69.64435073618803	218.0
69.65435136093477	218.0
69.66435198568149	218.0
69.67435261042822	220.0
69.68435323517494	220.0
69.69435385992166	220.0
69.70435448466839	220.0
69.71435510941511	218.0
69.72435573416183	218.0
69.73435635890856	218.0
69.74435698365528	218.0
69.754357608402	218.0
69.76435823314873	218.0
69.77435885789545	218.0
69.78435948264217	218.0
69.7943601073889	220.0
69.80436073213562	220.0
69.81436135688234	220.0
69.82436198162908	220.0
69.8343626063758	223.0
69.84436323112253	223.0
69.85436385586925	223.0
69.86436448061598	220.0
69.8743651053627	220.0
69.88436573010942	220.0
69.89436635485615	220.0
69.90436697960287	220.0
69.9143676043496	220.0
69.92436822909632	220.0
69.93436885384304	218.0
69.94436947858976	218.0
69.95437010333649	218.0
69.96437072808321	215.0
69.97437135282993	215.0
69.98437197757666	215.0
69.9943726023234	215.0
70.00437322707012	218.0
70.01437385181684	218.0
70.02437447656357	218.0
70.03437510131029	218.0
70.04437572605701	218.0
70.05437635080374	218.0
70.06437697555046	220.0
70.07437760029718	220.0
70.0843782250439	220.0
70.09437884979063	220.0
70.10437947453735	220.0
70.11438009928408	220.0
70.1243807240308	220.0
70.13438134877752	220.0
70.14438197352425	220.0
70.15438259827097	218.0
70.16438322301771	218.0
70.17438384776443	218.0
70.18438447251116	215.0
70.19438509725788	215.0
70.2043857220046	215.0
70.21438634675133	215.0
70.22438697149805	213.0
70.23438759624477	213.0
70.2443882209915	213.0
70.25438884573822	210.0
70.26438947048494	210.0
70.27439009523167	210.0
70.28439071997839	208.0
70.29439134472511	210.0
70.30439196947184	210.0
70.31439259421856	210.0
70.32439321896528	213.0
70.33439384371202	213.0
70.34439446845874	215.0
70.35439509320547	215.0
70.36439571795219	218.0
70.37439634269892	218.0
70.38439696744564	220.0
70.39439759219236	220.0
70.40439821693909	220.0
70.41439884168581	220.0
70.42439946643253	220.0
70.43440009117926	220.0
70.44440071592598	220.0
70.4544013406727	220.0
70.46440196541943	220.0
70.47440259016615	220.0
70.48440321491287	220.0
70.4944038396596	220.0
70.50440446440633	220.0
70.51440508915306	220.0
70.52440571389978	220.0
70.5344063386465	220.0
70.54440696339323	220.0
70.55440758813995	220.0
70.56440821288668	220.0
70.5744088376334	220.0
70.58440946238012	220.0
70.59441008712685	220.0
70.60441071187357	220.0
70.6144113366203	218.0
70.62441196136702	218.0
70.63441258611374	218.0
70.64441321086046	220.0
70.65441383560719	220.0
70.66441446035391	223.0
70.67441508510063	226.0
70.68441570984737	228.0
70.6944163345941	228.0
70.70441695934082	228.0
70.71441758408754	228.0
70.72441820883427	228.0
70.73441883358099	226.0
70.74441945832771	223.0
70.75442008307444	223.0
70.76442070782116	223.0
70.77442133256788	223.0
70.7844219573146	223.0
70.79442258206133	223.0
70.80442320680805	223.0
70.81442383155478	223.0
70.8244244563015	223.0
70.83442508104822	223.0
70.84442570579495	223.0
70.85442633054168	223.0
70.86442695528841	223.0
70.87442758003513	220.0
70.88442820478186	220.0
70.89442882952858	220.0
70.9044294542753	220.0
70.91443007902203	220.0
70.92443070376875	220.0
70.93443132851547	220.0
70.9444319532622	220.0
70.95443257800892	220.0
70.96443320275564	220.0
70.97443382750237	220.0
70.98443445224909	220.0
70.99443507699581	223.0
71.00443570174254	226.0
71.01443632648926	228.0
71.024436951236	231.0
71.03443757598272	236.0
71.04443820072945	239.0
71.05443882547617	242.0
71.06443945022289	239.0
71.07444007496962	236.0
71.08444069971634	231.0
71.09444132446306	228.0
71.10444194920979	226.0
71.11444257395651	226.0
71.12444319870323	226.0
71.13444382344996	223.0
71.14444444819668	223.0
71.1544450729434	223.0
71.16444569769013	220.0
71.17444632243685	220.0
71.18444694718357	220.0
71.19444757193031	220.0
71.20444819667703	220.0
71.21444882142376	220.0
71.22444944617048	218.0
71.2344500709172	218.0
71.24445069566393	218.0
71.25445132041065	218.0
71.26445194515738	218.0
71.2744525699041	218.0
71.28445319465082	218.0
71.29445381939755	218.0
71.30445444414427	218.0
71.314455068891	215.0
71.32445569363772	215.0
71.33445631838444	213.0
71.34445694313116	208.0
71.35445756787789	206.0
71.36445819262462	203.0
71.37445881737135	203.0
71.38445944211807	206.0
71.3944600668648	208.0
71.40446069161152	213.0
71.41446131635824	215.0
71.42446194110497	218.0
71.43446256585169	218.0
71.44446319059841	218.0
71.45446381534514	218.0
71.46446444009186	215.0
71.47446506483858	213.0
71.4844656895853	210.0
71.49446631433203	208.0
71.50446693907875	206.0
71.51446756382548	203.0
71.5244681885722	201.0
71.53446881331894	199.0
71.54446943806566	196.0
71.55447006281238	194.0
71.56447068755911	192.0
71.57447131230583	190.0
71.58447193705256	187.0
71.59447256179928	185.0
71.604473186546	183.0
71.61447381129273	181.0
71.62447443603945	179.0
71.63447506078617	179.0
71.6444756855329	177.0
71.65447631027962	175.0
71.66447693502634	173.0
71.67447755977307	173.0
71.68447818451979	173.0
71.69447880926651	171.0
71.70447943401324	171.0
71.71448005875997	169.0
71.7244806835067	169.0
71.73448130825342	169.0
71.74448193300015	171.0
71.75448255774687	173.0
71.76448318249359	175.0
71.77448380724032	179.0
71.78448443198704	190.0
71.79448505673376	196.0
71.80448568148049	199.0
71.81448630622721	199.0
71.82448693097393	173.0
71.83448755572066	175.0
71.84448818046738	177.0
71.8544888052141	177.0
71.86448942996083	175.0
71.87449005470755	175.0
71.88449067945429	173.0
71.89449130420101	0.0
71.90449192894773	0.0
71.91449255369446	0.0
71.92449317844118	0.0
71.9344938031879	0.0
71.94449442793463	0.0
71.95449505268135	0.0
71.96449567742808	0.0
71.9744963021748	0.0
71.98449692692152	0.0
71.99449755166825	0.0
72.00449817641497	0.0
72.0144988011617	0.0
72.02449942590842	0.0
72.03450005065514	0.0
72.04450067540186	0.0
72.0545013001486	0.0
72.06450192489532	0.0
72.07450254964205	0.0
72.08450317438877	0.0
72.0945037991355	0.0
72.10450442388222	0.0
72.11450504862894	0.0
72.12450567337567	0.0
72.13450629812239	0.0
72.14450692286911	0.0
72.15450754761584	0.0
72.16450817236256	0.0
72.17450879710928	0.0
72.184509421856	0.0
72.19451004660273	0.0
72.20451067134945	0.0
72.21451129609618	0.0
72.22451192084291	0.0
72.23451254558964	0.0
72.24451317033636	0.0
72.25451379508308	0.0
72.26451441982981	0.0
72.27451504457653	0.0
72.28451566932326	0.0
72.29451629406998	0.0
72.3045169188167	0.0
72.31451754356343	0.0
72.32451816831015	0.0
72.33451879305687	0.0
72.3445194178036	0.0
72.35452004255032	0.0
72.36452066729704	0.0
72.37452129204377	0.0
72.38452191679049	0.0
72.39452254153723	0.0
72.40452316628395	0.0
72.41452379103067	0.0
72.4245244157774	0.0
72.43452504052412	0.0
72.44452566527085	0.0
72.45452629001757	0.0
72.46452691476429	0.0
72.47452753951102	0.0
72.48452816425774	0.0
72.49452878900446	0.0
72.50452941375119	0.0
72.51453003849791	0.0
72.52453066324463	0.0
72.53453128799136	0.0
72.54453191273808	0.0
72.5545325374848	0.0
72.56453316223153	0.0
72.57453378697826	0.0
72.58453441172499	0.0
72.59453503647171	0.0
72.60453566121843	0.0
72.61453628596516	0.0
72.62453691071188	0.0
72.6345375354586	0.0
72.64453816020533	0.0
72.65453878495205	0.0
72.66453940969878	0.0
72.6745400344455	0.0
72.68454065919222	0.0
72.69454128393895	0.0
72.70454190868567	0.0
72.7145425334324	0.0
72.72454315817912	0.0
72.73454378292584	0.0
72.74454440767258	0.0
72.7545450324193	0.0
72.76454565716602	0.0
72.77454628191275	0.0
72.78454690665947	0.0
72.7945475314062	0.0
72.80454815615292	0.0
72.81454878089964	0.0
72.82454940564637	0.0
72.83455003039309	0.0
72.84455065513981	0.0
72.85455127988654	0.0
72.86455190463326	0.0
72.87455252937998	0.0
72.8845531541267	0.0
72.89455377887343	0.0
72.90455440362015	0.0
72.91455502836689	0.0
72.92455565311361	0.0
72.93455627786034	0.0
72.94455690260706	169.0
72.95455752735378	169.0
72.96455815210051	165.0
72.97455877684723	165.0
72.98455940159396	165.0
72.99456002634068	165.0
73.0045606510874	165.0
73.01456127583413	165.0
73.02456190058085	165.0
73.03456252532757	165.0
73.0445631500743	165.0
73.05456377482102	165.0
73.06456439956774	165.0
73.07456502431447	167.0
73.0845656490612	167.0
73.09456627380793	167.0
73.10456689855465	167.0
73.11456752330137	167.0
73.1245681480481	169.0
73.13456877279482	169.0
73.14456939754155	171.0
73.15457002228827	173.0
73.16457064703499	173.0
73.17457127178172	177.0
73.18457189652844	179.0
73.19457252127516	183.0
73.20457314602189	187.0
73.21457377076861	190.0
73.22457439551533	194.0
73.23457502026206	199.0
73.24457564500878	203.0
73.25457626975552	208.0
73.26457689450224	210.0
73.27457751924896	213.0
73.28457814399569	215.0
73.29457876874241	218.0
73.30457939348913	218.0
73.31458001823586	218.0
73.32458064298258	218.0
73.3345812677293	218.0
73.34458189247603	218.0
73.35458251722275	218.0
73.36458314196948	218.0
73.3745837667162	220.0
73.38458439146292	220.0
73.39458501620965	220.0
73.40458564095637	223.0
73.4145862657031	223.0
73.42458689044983	223.0
73.43458751519655	223.0
73.44458813994328	220.0
73.45458876469	220.0
73.46458938943672	218.0
73.47459001418345	218.0
73.48459063893017	215.0
73.4945912636769	215.0
73.50459188842362	215.0
73.51459251317034	213.0
73.52459313791707	213.0
73.53459376266379	213.0
73.54459438741051	213.0
73.55459501215724	213.0
73.56459563690396	213.0
73.57459626165068	215.0
73.5845968863974	218.0
73.59459751114413	218.0
73.60459813589087	220.0
73.61459876063759	220.0
73.62459938538431	223.0
73.63460001013104	223.0
73.64460063487776	223.0
73.65460125962449	223.0
73.66460188437121	223.0
73.67460250911793	223.0
73.68460313386466	220.0
73.69460375861138	220.0
73.7046043833581	220.0
73.71460500810483	220.0
73.72460563285155	218.0
73.73460625759827	218.0
73.744606882345	215.0
73.75460750709172	215.0
73.76460813183844	213.0
73.77460875658518	213.0
73.7846093813319	210.0
73.79461000607863	210.0
73.80461063082535	210.0
73.81461125557207	210.0
73.8246118803188	208.0
73.83461250506552	208.0
73.84461312981225	210.0
73.85461375455897	213.0
73.86461437930569	215.0
73.87461500405242	218.0
73.88461562879914	218.0
73.89461625354586	220.0
73.90461687829259	220.0
73.91461750303931	220.0
73.92461812778603	220.0
73.93461875253276	220.0
73.9446193772795	220.0
73.95462000202622	220.0
73.96462062677294	220.0
73.97462125151966	223.0
73.98462187626639	223.0
73.99462250101311	223.0
74.00462312575984	223.0
74.01462375050656	223.0
74.02462437525328	223.0
74.034625	223.0
74.04462562474673	223.0
74.05462624949345	223.0
74.06462687424018	220.0
74.0746274989869	220.0
74.08462812373362	220.0
74.09462874848035	220.0
74.10462937322707	220.0
74.11462999797381	220.0
74.12463062272053	223.0
74.13463124746725	223.0
74.14463187221398	226.0
74.1546324969607	228.0
74.16463312170742	228.0
74.17463374645415	231.0
74.18463437120087	231.0
74.1946349959476	231.0
74.20463562069432	228.0
74.21463624544104	226.0
74.22463687018777	223.0
74.23463749493449	220.0
74.24463811968121	220.0
74.25463874442794	220.0
74.26463936917466	220.0
74.27463999392138	220.0
74.28464061866812	220.0
74.29464124341484	220.0
74.30464186816157	223.0
74.31464249290829	223.0
74.32464311765501	223.0
74.33464374240174	223.0
74.34464436714846	220.0
74.35464499189519	220.0
74.36464561664191	220.0
74.37464624138863	220.0
74.38464686613536	220.0
74.39464749088208	220.0
74.4046481156288	220.0
74.41464874037553	223.0
74.42464936512225	228.0
74.43464998986897	231.0
74.4446506146157	236.0
74.45465123936243	242.0
74.46465186410916	245.0
74.47465248885588	245.0
74.4846531136026	245.0
74.49465373834933	236.0
74.50465436309605	231.0
74.51465498784277	226.0
74.5246556125895	223.0
74.53465623733622	220.0
74.54465686208295	220.0
74.55465748682967	218.0
74.56465811157639	218.0
74.57465873632312	218.0
74.58465936106984	218.0
74.59465998581656	218.0
74.60466061056329	218.0
74.61466123531001	218.0
74.62466186005673	218.0
74.63466248480347	218.0
74.6446631095502	218.0
74.65466373429692	218.0
74.66466435904364	218.0
74.67466498379036	218.0
74.68466560853709	218.0
74.69466623328381	215.0
74.70466685803054	213.0
74.71466748277726	210.0
74.72466810752398	210.0
74.7346687322707	210.0
74.74466935701743	213.0
74.75466998176415	215.0
74.76467060651088	218.0
74.7746712312576	220.0
74.78467185600432	223.0
74.79467248075105	223.0
74.80467310549778	220.0
74.81467373024451	218.0
74.82467435499123	215.0
74.83467497973795	210.0
74.84467560448468	206.0
74.8546762292314	203.0
74.86467685397812	199.0
74.87467747872485	196.0
74.88467810347157	194.0
74.8946787282183	190.0
74.90467935296502	187.0
74.91467997771174	185.0
74.92468060245847	183.0
74.93468122720519	181.0
74.94468185195191	179.0
74.95468247669864	177.0
74.96468310144536	175.0
74.9746837261921	173.0
74.98468435093882	173.0
74.99468497568554	171.0
75.00468560043227	169.0
75.01468622517899	169.0
75.02468684992571	167.0
75.03468747467244	167.0
75.04468809941916	167.0
75.05468872416589	165.0
75.06468934891261	165.0
75.07468997365933	165.0
75.08469059840606	165.0
75.09469122315278	165.0
75.1046918478995	165.0
75.11469247264623	167.0
75.12469309739295	167.0
75.13469372213967	167.0
75.14469434688641	167.0
75.15469497163313	169.0
75.16469559637986	171.0
75.17469622112658	171.0
75.1846968458733	173.0
75.19469747062003	175.0
75.20469809536675	177.0
75.21469872011347	177.0
75.2246993448602	177.0
75.23469996960692	179.0
75.24470059435365	179.0
75.25470121910037	177.0
75.26470184384709	177.0
75.27470246859382	177.0
75.28470309334054	175.0
75.29470371808726	175.0
75.30470434283399	173.0
75.31470496758072	173.0
75.32470559232745	171.0
75.33470621707417	169.0
75.3447068418209	169.0
75.35470746656762	167.0
75.36470809131434	167.0
75.37470871606106	167.0
75.38470934080779	167.0
75.39470996555451	167.0
75.40471059030124	167.0
75.41471121504796	167.0
75.42471183979468	167.0
75.4347124645414	169.0
75.44471308928813	171.0
75.45471371403485	173.0
75.46471433878158	175.0
75.4747149635283	179.0
75.48471558827504	181.0
75.49471621302176	183.0
75.50471683776848	185.0
75.51471746251521	185.0
75.52471808726193	183.0
75.53471871200865	183.0
75.54471933675538	181.0
75.5547199615021	179.0
75.56472058624882	177.0
75.57472121099555	175.0
75.58472183574227	173.0
75.594722460489	171.0
75.60472308523572	169.0
75.61472370998244	169.0
75.62472433472917	171.0
75.63472495947589	173.0
75.64472558422261	177.0
75.65472620896934	181.0
75.66472683371607	190.0
75.6747274584628	194.0
75.68472808320952	201.0
75.69472870795624	206.0
75.70472933270297	213.0
75.71472995744969	215.0
75.72473058219641	218.0
75.73473120694314	218.0
75.74473183168986	218.0
75.75473245643659	218.0
75.76473308118331	218.0
75.77473370593003	218.0
75.78473433067676	218.0
75.79473495542348	218.0
75.8047355801702	218.0
75.81473620491693	218.0
75.82473682966365	218.0
75.83473745441039	215.0
75.84473807915711	215.0
75.85473870390383	213.0
75.86473932865056	210.0
75.87473995339728	210.0
75.884740578144	208.0
75.89474120289073	208.0
75.90474182763745	206.0
75.91474245238417	206.0
75.9247430771309	208.0
75.93474370187762	210.0
75.94474432662435	213.0
75.95474495137107	215.0
75.96474557611779	218.0
75.97474620086452	220.0
75.98474682561124	220.0
75.99474745035796	223.0
76.0047480751047	223.0
76.01474869985142	223.0
76.02474932459815	223.0
76.03474994934487	223.0
76.0447505740916	220.0
76.05475119883832	220.0
76.06475182358504	218.0
76.07475244833176	218.0
76.08475307307849	215.0
76.09475369782521	215.0
76.10475432257194	215.0
76.11475494731866	213.0
76.12475557206538	213.0
76.1347561968121	213.0
76.14475682155883	213.0
76.15475744630555	213.0
76.16475807105228	213.0
76.17475869579901	213.0
76.18475932054574	215.0
76.19475994529246	218.0
76.20476057003918	220.0
76.21476119478591	223.0
76.22476181953263	223.0
76.23476244427935	226.0
76.24476306902608	228.0
76.2547636937728	231.0
76.26476431851952	231.0
76.27476494326625	231.0
76.28476556801297	231.0
76.2947661927597	231.0
76.30476681750642	228.0
76.31476744225314	228.0
76.32476806699987	226.0
76.33476869174659	226.0
76.34476931649333	223.0
76.35476994124005	223.0
76.36477056598677	220.0
76.3747711907335	220.0
76.38477181548022	220.0
76.39477244022694	220.0
76.40477306497367	223.0
76.41477368972039	228.0
76.42477431446711	234.0
76.43477493921384	242.0
76.44477556396056	250.0
76.45477618870729	259.0
76.46477681345401	268.0
76.47477743820073	275.0
76.48477806294746	278.0
76.49477868769418	278.0
76.5047793124409	275.0
76.51477993718763	272.0
76.52478056193436	265.0
76.53478118668109	259.0
76.54478181142781	253.0
76.55478243617453	250.0
76.56478306092126	245.0
76.57478368566798	239.0
76.5847843104147	234.0
76.59478493516143	231.0
76.60478555990815	228.0
76.61478618465488	226.0
76.6247868094016	223.0
76.63478743414832	223.0
76.64478805889505	220.0
76.65478868364177	220.0
76.66478930838849	218.0
76.67478993313522	218.0
76.68479055788194	218.0
76.69479118262868	218.0
76.7047918073754	218.0
76.71479243212212	215.0
76.72479305686885	215.0
76.73479368161557	218.0
76.7447943063623	218.0
76.75479493110902	220.0
76.76479555585574	226.0
76.77479618060246	228.0
76.78479680534919	234.0
76.79479743009591	236.0
76.80479805484264	239.0
76.81479867958936	242.0
76.82479930433608	245.0
76.8347999290828	248.0
76.84480055382953	248.0
76.85480117857625	245.0
76.86480180332299	242.0
76.87480242806971	236.0
76.88480305281644	234.0
76.89480367756316	231.0
76.90480430230988	228.0
76.91480492705661	226.0
76.92480555180333	223.0
76.93480617655005	223.0
76.94480680129678	223.0
76.9548074260435	226.0
76.96480805079023	228.0
76.97480867553695	234.0
76.98480930028367	239.0
76.9948099250304	250.0
77.00481054977712	262.0
77.01481117452384	272.0
77.02481179927057	281.0
77.0348124240173	291.0
77.04481304876403	294.0
77.05481367351075	294.0
77.06481429825747	294.0
77.0748149230042	288.0
77.08481554775092	284.0
77.09481617249764	278.0
77.10481679724437	275.0
77.11481742199109	272.0
77.12481804673781	272.0
77.13481867148454	272.0
77.14481929623126	275.0
77.15481992097799	278.0
77.16482054572471	281.0
77.17482117047143	291.0
77.18482179521816	298.0
77.19482241996488	305.0
77.20482304471162	308.0
77.21482366945834	305.0
77.22482429420506	301.0
77.23482491895179	291.0
77.24482554369851	272.0
77.25482616844523	262.0
77.26482679319196	239.0
77.27482741793868	228.0
77.2848280426854	220.0
77.29482866743213	220.0
77.30482929217885	220.0
77.31482991692558	226.0
77.3248305416723	228.0
77.33483116641902	231.0
77.34483179116575	234.0
77.35483241591247	236.0
77.36483304065919	242.0
77.37483366540593	245.0
77.38483429015265	245.0
77.39483491489938	245.0
77.4048355396461	239.0
77.41483616439282	231.0
77.42483678913955	226.0
77.43483741388627	220.0
77.444838038633	218.0
77.45483866337972	215.0
77.46483928812644	215.0
77.47483991287316	215.0
77.48484053761989	215.0
77.49484116236661	215.0
77.50484178711334	218.0
77.51484241186006	218.0
77.52484303660678	218.0
77.5348436613535	218.0
77.54484428610023	218.0
77.55484491084697	218.0
77.56484553559369	218.0
77.57484616034041	220.0
77.58484678508714	220.0
77.59484740983386	220.0
77.60484803458058	218.0
77.61484865932731	218.0
77.62484928407403	215.0
77.63484990882075	213.0
77.64485053356748	210.0
77.6548511583142	208.0
77.66485178306093	206.0
77.67485240780765	206.0
77.68485303255437	206.0
77.6948536573011	208.0
77.70485428204782	213.0
77.71485490679454	215.0
77.72485553154128	220.0
77.734856156288	223.0
77.74485678103473	223.0
77.75485740578145	220.0
77.76485803052817	213.0
77.7748586552749	203.0
77.78485928002162	194.0
77.79485990476834	187.0
77.80486052951507	181.0
77.81486115426179	177.0
77.82486177900851	175.0
77.83486240375524	171.0
77.84486302850196	169.0
77.85486365324869	167.0
77.86486427799541	165.0
77.87486490274213	165.0
77.88486552748886	163.0
77.8948661522356	161.0
77.90486677698232	161.0
77.91486740172904	161.0
77.92486802647576	159.0
77.93486865122249	161.0
77.94486927596921	161.0
77.95486990071593	161.0
77.96487052546266	161.0
77.97487115020938	163.0
77.9848717749561	163.0
77.99487239970283	161.0
78.00487302444955	161.0
78.01487364919628	159.0
78.024874273943	159.0
78.03487489868972	159.0
78.04487552343645	161.0
78.05487614818317	165.0
78.0648767729299	169.0
78.07487739767663	171.0
78.08487802242335	173.0
78.09487864717008	177.0
78.1048792719168	177.0
78.11487989666352	175.0
78.12488052141025	173.0
78.13488114615697	169.0
78.1448817709037	167.0
78.15488239565042	165.0
78.16488302039714	165.0
78.17488364514386	167.0
78.18488426989059	167.0
78.19488489463731	0.0
78.20488551938404	0.0
78.21488614413076	0.0
78.22488676887748	0.0
78.23488739362422	0.0
78.24488801837094	0.0
78.25488864311767	0.0
78.26488926786439	0.0
78.27488989261111	0.0
78.28489051735784	0.0
78.29489114210456	0.0
78.30489176685128	0.0
78.31489239159801	0.0
78.32489301634473	0.0
78.33489364109145	0.0
78.34489426583818	0.0
78.3548948905849	0.0
78.36489551533163	0.0
78.37489614007835	0.0
78.38489676482507	0.0
78.3948973895718	0.0
78.40489801431853	0.0
78.41489863906526	0.0
78.42489926381198	0.0
78.4348998885587	0.0
78.44490051330543	0.0
78.45490113805215	0.0
78.46490176279887	0.0
78.4749023875456	0.0
78.48490301229232	0.0
78.49490363703904	0.0
78.50490426178577	0.0
78.51490488653249	0.0
78.52490551127921	0.0
78.53490613602594	0.0
78.54490676077266	0.0
78.55490738551939	0.0
78.56490801026611	0.0
78.57490863501283	0.0
78.58490925975957	0.0
78.5949098845063	0.0
78.60491050925302	0.0
78.61491113399974	0.0
78.62491175874646	0.0
78.63491238349319	0.0
78.64491300823991	0.0
78.65491363298663	0.0
78.66491425773336	0.0
78.67491488248008	0.0
78.6849155072268	0.0
78.69491613197353	0.0
78.70491675672025	0.0
78.71491738146698	0.0
78.7249180062137	0.0
78.73491863096042	0.0
78.74491925570715	0.0
78.75491988045388	0.0
78.7649205052006	0.0
78.77492112994733	0.0
78.78492175469405	0.0
78.79492237944078	0.0
78.8049230041875	0.0
78.81492362893422	0.0
78.82492425368095	0.0
78.83492487842767	0.0
78.8449255031744	0.0
78.85492612792112	0.0
78.86492675266784	0.0
78.87492737741456	0.0
78.88492800216129	0.0
78.89492862690801	0.0
78.90492925165474	0.0
78.91492987640146	0.0
78.9249305011482	0.0
78.93493112589492	0.0
78.94493175064164	0.0
78.95493237538837	0.0
78.96493300013509	0.0
78.97493362488181	0.0
78.98493424962854	0.0
78.99493487437526	0.0
79.00493549912198	0.0
79.01493612386871	0.0
79.02493674861543	0.0
79.03493737336215	0.0
79.04493799810888	0.0
79.0549386228556	0.0
79.06493924760233	0.0
79.07493987234905	0.0
79.08494049709577	0.0
79.09494112184251	0.0
79.10494174658923	0.0
79.11494237133596	0.0
79.12494299608268	0.0
79.1349436208294	0.0
79.14494424557613	0.0
79.15494487032285	0.0
79.16494549506957	0.0
79.1749461198163	0.0
79.18494674456302	0.0
79.19494736930974	0.0
79.20494799405647	0.0
79.21494861880319	0.0
79.22494924354991	0.0
79.23494986829664	0.0
79.24495049304336	0.0
79.25495111779009	0.0
79.26495174253682	213.0
79.27495236728355	210.0
79.28495299203027	210.0
79.294953616777	213.0
79.30495424152372	215.0
79.31495486627044	215.0
79.32495549101716	218.0
79.33495611576389	218.0
79.34495674051061	218.0
79.35495736525733	218.0
79.36495799000406	218.0
79.37495861475078	218.0
79.3849592394975	218.0
79.39495986424423	215.0
79.40496048899095	215.0
79.41496111373768	218.0
79.4249617384844	218.0
79.43496236323114	218.0
79.44496298797786	218.0
79.45496361272458	220.0
79.4649642374713	218.0
79.47496486221803	218.0
79.48496548696475	218.0
79.49496611171148	215.0
79.5049667364582	215.0
79.51496736120492	215.0
79.52496798595165	215.0
79.53496861069837	215.0
79.5449692354451	213.0
79.55496986019182	210.0
79.56497048493854	210.0
79.57497110968526	208.0
79.58497173443199	208.0
79.59497235917871	208.0
79.60497298392544	210.0
79.61497360867217	210.0
79.6249742334189	213.0
79.63497485816562	215.0
79.64497548291234	215.0
79.65497610765907	218.0
79.66497673240579	218.0
79.67497735715251	218.0
79.68497798189924	218.0
79.69497860664596	218.0
79.70497923139268	218.0
79.71497985613941	215.0
79.72498048088613	215.0
79.73498110563285	215.0
79.74498173037958	215.0
79.7549823551263	213.0
79.76498297987303	213.0
79.77498360461975	210.0
79.78498422936649	210.0
79.79498485411321	208.0
79.80498547885993	208.0
79.81498610360666	208.0
79.82498672835338	208.0
79.8349873531001	208.0
79.84498797784683	208.0
79.85498860259355	210.0
79.86498922734027	210.0
79.874989852087	213.0
79.88499047683372	215.0
79.89499110158044	218.0
79.90499172632717	218.0
79.91499235107389	218.0
79.92499297582062	220.0
79.93499360056734	220.0
79.94499422531406	220.0
79.9549948500608	218.0
79.96499547480752	218.0
79.97499609955425	218.0
79.98499672430097	220.0
79.9949973490477	220.0
80.00499797379442	220.0
80.01499859854114	220.0
80.02499922328786	220.0
80.03499984803459	218.0
80.04500047278131	218.0
80.05500109752803	218.0
80.06500172227476	218.0
80.07500234702148	218.0
80.0850029717682	218.0
80.09500359651493	218.0
80.10500422126165	218.0
80.11500484600838	218.0
80.12500547075511	218.0
80.13500609550184	220.0
80.14500672024856	220.0
80.15500734499528	223.0
80.165007969742	226.0
80.17500859448873	226.0
80.18500921923545	228.0
80.19500984398218	228.0
80.2050104687289	228.0
80.21501109347562	228.0
80.22501171822235	226.0
80.23501234296907	223.0
80.2450129677158	223.0
80.25501359246252	220.0
80.26501421720924	220.0
80.27501484195597	220.0
80.28501546670269	220.0
80.29501609144943	220.0
80.30501671619615	220.0
80.31501734094287	220.0
80.3250179656896	220.0
80.33501859043632	220.0
80.34501921518304	220.0
80.35501983992977	220.0
80.36502046467649	218.0
80.37502108942321	218.0
80.38502171416994	218.0
80.39502233891666	218.0
80.40502296366338	220.0
80.41502358841011	220.0
80.42502421315683	220.0
80.43502483790355	220.0
80.44502546265028	220.0
80.455026087397	220.0
80.46502671214373	220.0
80.47502733689046	220.0
80.48502796163719	220.0
80.49502858638391	223.0
80.50502921113063	223.0
80.51502983587736	226.0
80.52503046062408	228.0
80.5350310853708	231.0
80.54503171011753	234.0
80.55503233486425	236.0
80.56503295961097	236.0
80.5750335843577	234.0
80.58503420910442	231.0
80.59503483385114	226.0
80.60503545859787	223.0
80.61503608334459	223.0
80.62503670809132	223.0
80.63503733283804	223.0
80.64503795758478	223.0
80.6550385823315	223.0
80.66503920707822	223.0
80.67503983182495	223.0
80.68504045657167	223.0
80.6950410813184	223.0
80.70504170606512	223.0
80.71504233081184	223.0
80.72504295555856	223.0
80.73504358030529	223.0
80.74504420505201	223.0
80.75504482979873	223.0
80.76504545454546	220.0
80.77504607929218	220.0
80.7850467040389	215.0
80.79504732878563	215.0
80.80504795353235	213.0
80.81504857827909	213.0
80.82504920302581	213.0
80.83504982777254	215.0
80.84505045251926	218.0
80.85505107726598	218.0
80.8650517020127	220.0
80.87505232675943	220.0
80.88505295150615	220.0
80.89505357625288	220.0
80.9050542009996	218.0
80.91505482574632	215.0
80.92505545049305	213.0
80.93505607523977	208.0
80.9450566999865	201.0
80.95505732473322	196.0
80.96505794947994	192.0
80.97505857422667	187.0
80.9850591989734	185.0
80.99505982372013	183.0
81.00506044846685	181.0
81.01506107321357	179.0
81.0250616979603	177.0
81.03506232270702	175.0
81.04506294745374	173.0
81.05506357220047	169.0
81.06506419694719	169.0
81.07506482169391	167.0
81.08506544644064	165.0
81.09506607118736	165.0
81.10506669593408	163.0
81.11506732068081	163.0
81.12506794542753	163.0
81.13506857017425	163.0
81.14506919492098	163.0
81.15506981966772	163.0
81.16507044441444	163.0
81.17507106916116	165.0
81.18507169390789	165.0
81.19507231865461	165.0
81.20507294340133	167.0
81.21507356814806	167.0
81.22507419289478	169.0
81.2350748176415	169.0
81.24507544238823	171.0
81.25507606713495	173.0
81.26507669188167	173.0
81.2750773166284	173.0
81.28507794137512	173.0
81.29507856612184	173.0
81.30507919086857	173.0
81.31507981561529	173.0
81.32508044036203	171.0
81.33508106510875	171.0
81.34508168985548	169.0
81.3550823146022	167.0
81.36508293934892	165.0
81.37508356409565	163.0
81.38508418884237	161.0
81.3950848135891	159.0
81.40508543833582	159.0
81.41508606308254	158.0
81.42508668782926	156.0
81.43508731257599	156.0
81.44508793732271	154.0
81.45508856206943	152.0
81.46508918681616	150.0
81.47508981156288	150.0
81.4850904363096	150.0
81.49509106105633	150.0
81.50509168580307	150.0
81.51509231054979	152.0
81.52509293529651	154.0
81.53509356004324	156.0
81.54509418478996	159.0
81.55509480953668	163.0
81.5650954342834	167.0
81.57509605903013	171.0
81.58509668377685	173.0
81.59509730852358	175.0
81.6050979332703	177.0
81.61509855801702	179.0
81.62509918276375	179.0
81.63509980751047	179.0
81.6451004322572	179.0
81.65510105700392	177.0
81.66510168175064	173.0
81.67510230649738	171.0
81.6851029312441	169.0
81.69510355599083	167.0
81.70510418073755	165.0
81.71510480548427	165.0
81.725105430231	165.0
81.73510605497772	167.0
81.74510667972444	169.0
81.75510730447117	171.0
81.76510792921789	175.0
81.77510855396461	177.0
81.78510917871134	179.0
81.79510980345806	181.0
81.80511042820478	183.0
81.81511105295151	185.0
81.82511167769823	185.0
81.83511230244495	183.0
81.84511292719169	181.0
81.85511355193842	179.0
81.86511417668514	177.0
81.87511480143186	175.0
81.88511542617859	171.0
81.89511605092531	167.0
81.90511667567203	165.0
81.91511730041876	165.0
81.92511792516548	165.0
81.9351185499122	165.0
81.94511917465893	169.0
81.95511979940565	173.0
81.96512042415237	177.0
81.9751210488991	183.0
81.98512167364582	190.0
81.99512229839254	196.0
82.00512292313927	203.0
82.015123547886	213.0
82.02512417263273	218.0
82.03512479737945	220.0
82.04512542212618	223.0
82.0551260468729	223.0
82.06512667161962	223.0
82.07512729636635	220.0
82.08512792111307	220.0
82.0951285458598	220.0
82.10512917060652	220.0
82.11512979535324	220.0
82.12513042009996	220.0
82.13513104484669	220.0
82.14513166959341	220.0
82.15513229434013	218.0
82.16513291908686	215.0
82.17513354383358	215.0
82.18513416858032	213.0
82.19513479332704	210.0
82.20513541807377	210.0
82.21513604282049	210.0
82.22513666756721	213.0
82.23513729231394	213.0
82.24513791706066	215.0
82.25513854180738	218.0
82.2651391665541	220.0
82.27513979130083	223.0
82.28514041604755	226.0
82.29514104079428	226.0
82.305141665541	228.0
82.31514229028772	228.0
82.32514291503445	228.0
82.33514353978117	226.0
82.3451441645279	223.0
82.35514478927463	223.0
82.36514541402136	220.0
82.37514603876808	220.0
82.3851466635148	218.0
82.39514728826153	218.0
82.40514791300825	215.0
82.41514853775497	215.0
82.4251491625017	215.0
82.43514978724842	218.0
82.44515041199514	220.0
82.45515103674187	226.0
82.46515166148859	228.0
82.47515228623531	234.0
82.48515291098204	239.0
82.49515353572876	242.0
82.50515416047548	242.0
82.51515478522221	242.0
82.52515540996893	239.0
82.53515603471567	234.0
82.54515665946239	228.0
82.55515728420912	226.0
82.56515790895584	223.0
82.57515853370256	223.0
82.58515915844929	223.0
82.59515978319601	223.0
82.60516040794273	223.0
82.61516103268946	223.0
82.62516165743618	223.0
82.6351622821829	223.0
82.64516290692963	223.0
82.65516353167635	223.0
82.66516415642307	223.0
82.6751647811698	223.0
82.68516540591652	220.0
82.69516603066324	220.0
82.70516665540998	220.0
82.7151672801567	220.0
82.72516790490343	220.0
82.73516852965015	220.0
82.74516915439688	220.0
82.7551697791436	220.0
82.76517040389032	220.0
82.77517102863705	220.0
82.78517165338377	220.0
82.7951722781305	220.0
82.80517290287722	220.0
82.81517352762394	220.0
82.82517415237066	220.0
82.83517477711739	223.0
82.84517540186411	226.0
82.85517602661083	228.0
82.86517665135756	234.0
82.8751772761043	236.0
82.88517790085102	236.0
82.89517852559774	236.0
82.90517915034447	236.0
82.91517977509119	234.0
82.92518039983791	228.0
82.93518102458464	226.0
82.94518164933136	220.0
82.95518227407808	218.0
82.9651828988248	218.0
82.97518352357153	215.0
82.98518414831825	215.0
82.99518477306498	215.0
83.0051853978117	218.0
83.01518602255842	218.0
83.02518664730515	218.0
83.03518727205187	218.0
83.04518789679861	218.0
83.05518852154533	218.0
83.06518914629206	218.0
83.07518977103878	220.0
83.0851903957855	220.0
83.09519102053223	220.0
83.10519164527895	220.0
83.11519227002567	220.0
83.1251928947724	220.0
83.13519351951912	220.0
83.14519414426584	218.0
83.15519476901257	218.0
83.16519539375929	215.0
83.17519601850601	213.0
83.18519664325274	213.0
83.19519726799946	210.0
83.20519789274618	210.0
83.21519851749292	210.0
83.22519914223965	213.0
83.23519976698637	215.0
83.24520039173309	218.0
83.25520101647982	220.0
83.26520164122654	220.0
83.27520226597326	223.0
83.28520289071999	220.0
83.29520351546671	220.0
83.30520414021343	215.0
83.31520476496016	213.0
83.32520538970688	210.0
83.3352060144536	206.0
83.34520663920033	203.0
83.35520726394705	201.0
83.36520788869377	196.0
83.3752085134405	192.0
83.38520913818724	190.0
83.39520976293396	187.0
83.40521038768068	183.0
83.4152110124274	181.0
83.42521163717413	179.0
83.43521226192085	175.0
83.44521288666758	173.0
83.4552135114143	171.0
83.46521413616102	169.0
83.47521476090775	165.0
83.48521538565447	163.0
83.4952160104012	161.0
83.50521663514792	161.0
83.51521725989464	159.0
83.52521788464136	159.0
83.53521850938809	159.0
83.54521913413481	159.0
83.55521975888153	159.0
83.56522038362827	161.0
83.575221008375	161.0
83.58522163312172	165.0
83.59522225786844	167.0
83.60522288261517	171.0
83.61522350736189	175.0
83.62522413210861	177.0
83.63522475685534	181.0
83.64522538160206	183.0
83.65522600634878	185.0
83.6652266310955	185.0
83.67522725584223	185.0
83.68522788058895	181.0
83.69522850533568	179.0
83.7052291300824	177.0
83.71522975482912	173.0
83.72523037957585	171.0
83.73523100432259	169.0
83.74523162906931	169.0
83.75523225381603	169.0
83.76523287856276	169.0
83.77523350330948	171.0
83.7852341280562	175.0
83.79523475280293	181.0
83.80523537754965	187.0
83.81523600229637	194.0
83.8252366270431	201.0
83.83523725178982	210.0
83.84523787653654	218.0
83.85523850128327	220.0
83.86523912602999	223.0
83.87523975077671	223.0
83.88524037552344	223.0
83.89524100027016	220.0
83.9052416250169	218.0
83.91524224976362	218.0
83.92524287451035	215.0
83.93524349925707	215.0
83.94524412400379	213.0
83.95524474875052	213.0
83.96524537349724	210.0
83.97524599824396	210.0
83.98524662299069	208.0
83.99524724773741	206.0
84.00524787248413	206.0
84.01524849723086	206.0
84.02524912197758	206.0
84.0352497467243	206.0
84.04525037147103	208.0
84.05525099621775	208.0
84.06525162096447	208.0
84.07525224571121	208.0
84.08525287045794	208.0
84.09525349520466	213.0
84.10525411995138	218.0
84.1152547446981	223.0
84.12525536944483	228.0
84.13525599419155	234.0
84.14525661893828	239.0
84.155257243685	245.0
84.16525786843172	245.0
84.17525849317845	245.0
84.18525911792517	242.0
84.1952597426719	239.0
84.20526036741862	234.0
84.21526099216534	228.0
84.22526161691206	226.0
84.23526224165879	223.0
84.24526286640553	220.0
84.25526349115225	218.0
84.26526411589897	218.0
84.2752647406457	218.0
84.28526536539242	220.0
84.29526599013914	226.0
84.30526661488587	228.0
84.31526723963259	231.0
84.32526786437931	234.0
84.33526848912604	236.0
84.34526911387276	239.0
84.35526973861948	239.0
84.36527036336621	239.0
84.37527098811293	239.0
84.38527161285965	236.0
84.39527223760638	234.0
84.4052728623531	231.0
84.41527348709982	228.0
84.42527411184656	226.0
84.43527473659329	226.0
84.44527536134001	223.0
84.45527598608673	223.0
84.46527661083346	223.0
84.47527723558018	226.0
84.4852778603269	226.0
84.49527848507363	231.0
84.50527910982035	239.0
84.51527973456707	248.0
84.5252803593138	259.0
84.53528098406052	272.0
84.54528160880724	284.0
84.55528223355397	291.0
84.56528285830069	291.0
84.57528348304741	291.0
84.58528410779414	284.0
84.59528473254088	278.0
84.6052853572876	272.0
84.61528598203432	265.0
84.62528660678105	259.0
84.63528723152777	253.0
84.64528785627449	248.0
84.65528848102122	242.0
84.66528910576794	236.0
84.67528973051466	234.0
84.68529035526139	231.0
84.69529098000811	228.0
84.70529160475483	226.0
84.71529222950156	226.0
84.72529285424828	226.0
84.735293478995	223.0
84.74529410374173	223.0
84.75529472848845	226.0
84.76529535323519	226.0
84.77529597798191	226.0
84.78529660272864	228.0
84.79529722747536	231.0
84.80529785222208	236.0
84.8152984769688	239.0
84.82529910171553	242.0
84.83529972646225	245.0
84.84530035120898	248.0
84.8553009759557	248.0
84.86530160070242	248.0
84.87530222544915	245.0
84.88530285019587	239.0
84.8953034749426	234.0
84.90530409968932	231.0
84.91530472443604	228.0
84.92530534918276	226.0
84.9353059739295	228.0
84.94530659867623	231.0
84.95530722342295	236.0
84.96530784816967	242.0
84.9753084729164	250.0
84.98530909766312	262.0
84.99530972240984	275.0
85.00531034715657	284.0
85.01531097190329	291.0
85.02531159665001	291.0
85.03531222139674	288.0
85.04531284614346	281.0
85.05531347089018	275.0
85.06531409563691	265.0
85.07531472038363	262.0
85.08531534513035	253.0
85.09531596987708	245.0
85.10531659462382	236.0
85.11531721937054	228.0
85.12531784411726	226.0
85.13531846886399	220.0
85.14531909361071	218.0
85.15531971835743	213.0
85.16532034310416	210.0
85.17532096785088	210.0
85.1853215925976	210.0
85.19532221734433	210.0
85.20532284209105	210.0
85.21532346683777	213.0
85.2253240915845	213.0
85.23532471633122	215.0
85.24532534107794	218.0
85.25532596582467	220.0
85.26532659057139	223.0
85.27532721531813	226.0
85.28532784006485	228.0
85.29532846481158	231.0
85.3053290895583	231.0
85.31532971430502	231.0
85.32533033905175	228.0
85.33533096379847	226.0
85.34533158854519	223.0
85.35533221329192	220.0
85.36533283803864	218.0
85.37533346278536	215.0
85.38533408753209	215.0
85.39533471227881	213.0
85.40533533702553	210.0
85.41533596177226	210.0
85.42533658651898	210.0
85.4353372112657	213.0
85.44533783601243	213.0
85.45533846075917	215.0
85.46533908550589	220.0
85.47533971025261	223.0
85.48534033499934	226.0
85.49534095974606	228.0
85.50534158449278	234.0
85.5153422092395	239.0
85.52534283398623	245.0
85.53534345873295	248.0
85.54534408347968	248.0
85.5553447082264	245.0
85.56534533297312	242.0
85.57534595771985	236.0
85.58534658246657	234.0
85.5953472072133	228.0
85.60534783196002	226.0
85.61534845670674	223.0
85.62534908145348	220.0
85.6353497062002	220.0
85.64535033094693	220.0
85.65535095569365	223.0
85.66535158044037	228.0
85.6753522051871	236.0
85.68535282993382	245.0
85.69535345468054	259.0
85.70535407942727	272.0
85.71535470417399	288.0
85.72535532892071	298.0
85.73535595366744	298.0
85.74535657841416	294.0
85.75535720316088	291.0
85.76535782790761	288.0
85.77535845265433	281.0
85.78535907740105	272.0
85.79535970214779	262.0
85.80536032689452	253.0
85.81536095164124	248.0
85.82536157638796	242.0
85.83536220113469	236.0
85.84536282588141	234.0
85.85536345062813	231.0
85.86536407537486	228.0
85.87536470012158	226.0
85.8853653248683	226.0
85.89536594961503	223.0
85.90536657436175	220.0
85.91536719910847	220.0
85.9253678238552	220.0
85.93536844860192	220.0
85.94536907334864	220.0
85.95536969809537	223.0
85.9653703228421	226.0
85.97537094758883	228.0
85.98537157233555	234.0
85.99537219708228	236.0
86.005372821829	239.0
86.01537344657572	242.0
86.02537407132245	245.0
86.03537469606917	248.0
86.0453753208159	245.0
86.05537594556262	245.0
86.06537657030934	239.0
86.07537719505606	236.0
86.08537781980279	231.0
86.09537844454951	228.0
86.10537906929623	226.0
86.11537969404296	226.0
86.12538031878968	226.0
86.13538094353642	228.0
86.14538156828314	234.0
86.15538219302987	242.0
86.16538281777659	253.0
86.17538344252331	278.0
86.18538406727004	298.0
86.19538469201676	308.0
86.20538531676348	308.0
86.2153859415102	305.0
86.22538656625693	298.0
86.23538719100365	284.0
86.24538781575038	248.0
86.2553884404971	231.0
86.26538906524382	223.0
86.27538968999055	220.0
86.28539031473727	220.0
86.295390939484	223.0
86.30539156423073	226.0
86.31539218897746	231.0
86.32539281372418	234.0
86.3353934384709	242.0
86.34539406321763	245.0
86.35539468796435	248.0
86.36539531271107	248.0
86.3753959374578	242.0
86.38539656220452	234.0
86.39539718695124	226.0
86.40539781169797	223.0
86.41539843644469	220.0
86.42539906119141	220.0
86.43539968593814	218.0
86.44540031068486	218.0
86.45540093543158	218.0
86.46540156017831	220.0
86.47540218492503	220.0
86.48540280967177	220.0
86.49540343441849	220.0
86.50540405916522	220.0
86.51540468391194	220.0
86.52540530865866	218.0
86.53540593340539	215.0
86.54540655815211	215.0
86.55540718289883	213.0
86.56540780764556	210.0
86.57540843239228	210.0
86.585409057139	213.0
86.59540968188573	213.0
86.60541030663245	218.0
86.61541093137917	223.0
86.6254115561259	226.0
86.63541218087262	226.0
86.64541280561934	226.0
86.65541343036608	223.0
86.6654140551128	218.0
86.67541467985953	213.0
86.68541530460625	206.0
86.69541592935298	201.0
86.7054165540997	196.0
86.71541717884642	190.0
86.72541780359315	183.0
86.73541842833987	177.0
86.7454190530866	173.0
86.75541967783332	169.0
86.76542030258004	167.0
86.77542092732676	167.0
86.78542155207349	165.0
86.79542217682021	165.0
86.80542280156693	165.0
86.81542342631366	165.0
86.8254240510604	165.0
86.83542467580712	165.0
86.84542530055384	165.0
86.85542592530057	163.0
86.86542655004729	163.0
86.87542717479401	163.0
86.88542779954074	161.0
86.89542842428746	161.0
86.90542904903418	163.0
86.9154296737809	165.0
86.92543029852763	169.0
86.93543092327435	173.0
86.94543154802108	175.0
86.9554321727678	177.0
86.96543279751452	179.0
86.97543342226125	179.0
86.98543404700797	179.0
86.99543467175471	177.0
87.00543529650143	175.0
87.01543592124816	171.0
87.02543654599488	167.0
87.0354371707416	163.0
87.04543779548833	161.0
87.05543842023505	158.0
87.06543904498177	156.0
87.0754396697285	154.0
87.08544029447522	152.0
87.09544091922194	150.0
87.10544154396867	150.0
87.11544216871539	150.0
87.12544279346211	150.0
87.13544341820884	152.0
87.14544404295556	152.0
87.15544466770228	154.0
87.16544529244902	158.0
87.17544591719574	163.0
87.18544654194247	169.0
87.19544716668919	175.0
87.20544779143592	181.0
87.21544841618264	185.0
87.22544904092936	187.0
87.23544966567609	187.0
87.24545029042281	183.0
87.25545091516953	179.0
87.26545153991626	175.0
87.27545216466298	169.0
87.2854527894097	165.0
87.29545341415643	163.0
87.30545403890315	163.0
87.31545466364987	163.0
87.3254552883966	165.0
87.33545591314333	169.0
87.34545653789006	173.0
87.35545716263678	175.0
87.3654577873835	179.0
87.37545841213023	183.0
87.38545903687695	185.0
87.39545966162368	185.0
87.4054602863704	183.0
87.41546091111712	179.0
87.42546153586385	175.0
87.43546216061057	171.0
87.4454627853573	167.0
87.45546341010402	165.0
87.46546403485074	163.0
87.47546465959746	165.0
87.48546528434419	167.0
87.49546590909091	171.0
87.50546653383763	181.0
87.51546715858437	187.0
87.5254677833311	196.0
87.53546840807782	208.0
87.54546903282454	228.0
87.55546965757127	245.0
87.56547028231799	259.0
87.57547090706471	284.0
87.58547153181144	294.0
87.59547215655816	305.0
87.60547278130488	312.0
87.6154734060516	308.0
87.62547403079833	294.0
87.63547465554505	288.0
87.64547528029178	284.0
87.6554759050385	281.0
87.66547652978522	281.0
87.67547715453195	281.0
87.68547777927868	281.0
87.69547840402541	284.0
87.70547902877213	288.0
87.71547965351886	291.0
87.72548027826558	301.0
87.7354809030123	308.0
87.74548152775903	312.0
87.75548215250575	316.0
87.76548277725247	312.0
87.7754834019992	305.0
87.78548402674592	298.0
87.79548465149264	294.0
87.80548527623937	288.0
87.81548590098609	288.0
87.82548652573281	288.0
87.83548715047954	291.0
87.84548777522626	301.0
87.855488399973	312.0
87.86548902471972	323.0
87.87548964946645	323.0
87.88549027421317	316.0
87.89549089895989	301.0
87.90549152370662	284.0
87.91549214845334	248.0
87.92549277320006	231.0
87.93549339794679	218.0
87.94549402269351	220.0
87.95549464744023	226.0
87.96549527218696	234.0
87.97549589693368	242.0
87.9854965216804	253.0
87.99549714642713	259.0
88.00549777117385	262.0
88.01549839592057	259.0
88.02549902066731	250.0
88.03549964541403	234.0
88.04550027016076	220.0
88.05550089490748	203.0
88.0655015196542	201.0
88.07550214440093	203.0
88.08550276914765	208.0
88.09550339389438	213.0
88.1055040186411	218.0
88.11550464338782	220.0
88.12550526813455	223.0
88.13550589288127	218.0
88.145506517628	213.0
88.15550714237472	203.0
88.16550776712144	199.0
88.17550839186816	199.0
88.18550901661489	201.0
88.19550964136162	213.0
88.20551026610835	228.0
88.21551089085507	236.0
88.2255115156018	248.0
88.23551214034852	248.0
88.24551276509524	245.0
88.25551338984197	231.0
88.26551401458869	213.0
88.27551463933541	0.0
88.28551526408214	0.0
88.29551588882886	0.0
88.30551651357558	139.0
88.3155171383223	139.0
88.32551776306903	137.0
88.33551838781575	139.0
88.34551901256248	144.0
88.3555196373092	149.0
88.36552026205592	154.0
88.37552088680266	159.0
88.38552151154938	169.0
88.39552213629611	177.0
88.40552276104283	181.0
88.41552338578956	183.0
88.42552401053628	181.0
88.435524635283	175.0
88.44552526002973	171.0
88.45552588477645	165.0
88.46552650952317	159.0
88.4755271342699	158.0
88.48552775901662	158.0
88.49552838376334	159.0
88.50552900851007	159.0
88.51552963325679	161.0
88.52553025800351	163.0
88.53553088275024	163.0
88.54553150749697	163.0
88.5555321322437	163.0
88.56553275699042	163.0
88.57553338173715	165.0
88.58553400648387	165.0
88.59553463123059	167.0
88.60553525597732	171.0
88.61553588072404	175.0
88.62553650547076	196.0
88.63553713021749	206.0
88.64553775496421	206.0
88.65553837971093	201.0
88.66553900445766	196.0
88.67553962920438	187.0
88.6855402539511	177.0
88.69554087869783	147.0
88.70554150344455	142.0
88.71554212819129	140.0
88.72554275293801	149.0
88.73554337768473	156.0
88.74554400243146	163.0
88.75554462717818	165.0
88.7655452519249	165.0
88.77554587667163	163.0
88.78554650141835	159.0
88.79554712616508	156.0
88.8055477509118	154.0
88.81554837565852	150.0
88.82554900040525	149.0
88.83554962515197	149.0
88.8455502498987	149.0
88.85555087464542	149.0
88.86555149939214	149.0
88.87555212413886	147.0
88.8855527488856	145.0
88.89555337363232	144.0
88.90555399837905	142.0
88.91555462312577	139.0
88.9255552478725	139.0
88.93555587261922	137.0
88.94555649736594	137.0
88.95555712211267	139.0
88.96555774685939	140.0
88.97555837160611	142.0
88.98555899635284	144.0
88.99555962109956	145.0
89.00556024584628	145.0
89.015560870593	0.0
89.02556149533973	0.0
89.03556212008645	0.0
89.04556274483318	0.0
89.05556336957991	0.0
89.06556399432664	0.0
89.07556461907336	0.0
89.08556524382008	0.0
89.09556586856681	0.0
89.10556649331353	0.0
89.11556711806026	0.0
89.12556774280698	0.0
89.1355683675537	0.0
89.14556899230043	0.0
89.15556961704715	0.0
89.16557024179387	0.0
89.1755708665406	0.0
89.18557149128732	0.0
89.19557211603404	0.0
89.20557274078077	0.0
89.21557336552749	0.0
89.22557399027423	0.0
89.23557461502095	0.0
89.24557523976767	0.0
89.2555758645144	0.0
89.26557648926112	0.0
89.27557711400785	0.0
89.28557773875457	0.0
89.29557836350129	0.0
89.30557898824802	0.0
89.31557961299474	0.0
89.32558023774146	0.0
89.33558086248819	0.0
89.34558148723491	0.0
89.35558211198163	0.0
89.36558273672836	0.0
89.37558336147508	0.0
89.3855839862218	0.0
89.39558461096853	0.0
89.40558523571526	0.0
89.41558586046199	0.0
89.42558648520871	0.0
89.43558710995543	0.0
89.44558773470216	0.0
89.45558835944888	0.0
89.4655889841956	0.0
89.47558960894233	0.0
89.48559023368905	0.0
89.49559085843578	0.0
89.5055914831825	0.0
89.51559210792922	0.0
89.52559273267595	0.0
89.53559335742267	0.0
89.5455939821694	0.0
89.55559460691612	0.0
89.56559523166284	0.0
89.57559585640958	0.0
89.5855964811563	0.0
89.59559710590302	0.0
89.60559773064975	0.0
89.61559835539647	0.0
89.6255989801432	0.0
89.63559960488992	0.0
89.64560022963664	0.0
89.65560085438337	0.0
89.66560147913009	0.0
89.67560210387681	0.0
89.68560272862354	0.0
89.69560335337026	0.0
89.70560397811698	0.0
89.7156046028637	0.0
89.72560522761043	0.0
89.73560585235715	0.0
89.74560647710389	0.0
89.75560710185061	0.0
89.76560772659734	0.0
89.77560835134406	0.0
89.78560897609078	0.0
89.79560960083751	0.0
89.80561022558423	0.0
89.81561085033096	0.0
89.82561147507768	0.0
89.8356120998244	0.0
89.84561272457113	0.0
89.85561334931785	0.0
89.86561397406457	0.0
89.8756145988113	0.0
89.88561522355802	0.0
89.89561584830474	0.0
89.90561647305147	0.0
89.9156170977982	0.0
89.92561772254493	0.0
89.93561834729165	0.0
89.94561897203837	0.0
89.9556195967851	0.0
89.96562022153182	0.0
89.97562084627855	0.0
89.98562147102527	0.0
89.99562209577199	0.0
90.00562272051872	0.0
90.01562334526544	0.0
90.02562397001216	0.0
90.03562459475889	0.0
90.04562521950561	0.0
90.05562584425233	0.0
90.06562646899906	0.0
90.07562709374578	0.0
90.08562771849252	0.0
90.09562834323924	0.0
90.10562896798596	0.0
90.11562959273269	0.0
90.12563021747941	0.0
90.13563084222613	0.0
90.14563146697286	0.0
90.15563209171958	0.0
90.1656327164663	0.0
90.17563334121303	0.0
90.18563396595975	0.0
90.19563459070648	0.0
90.2056352154532	0.0
90.21563584019992	0.0
90.22563646494665	0.0
90.23563708969337	0.0
90.2456377144401	0.0
90.25563833918683	0.0
90.26563896393355	0.0
90.27563958868028	0.0
90.285640213427	0.0
90.29564083817372	0.0
90.30564146292045	0.0
90.31564208766717	0.0
90.3256427124139	0.0
90.33564333716062	0.0
90.34564396190734	0.0
90.35564458665407	0.0
90.36564521140079	0.0
90.37564583614751	0.0
90.38564646089424	0.0
90.39564708564096	0.0
90.40564771038768	0.0
90.4156483351344	0.0
90.42564895988113	0.0
90.43564958462787	0.0
90.44565020937459	0.0
90.45565083412131	0.0
90.46565145886804	0.0
90.47565208361476	0.0
90.48565270836148	0.0
90.49565333310821	0.0
90.50565395785493	0.0
90.51565458260166	0.0
90.52565520734838	0.0
90.5356558320951	0.0
90.54565645684183	0.0
90.55565708158855	0.0
90.56565770633527	0.0
90.575658331082	0.0
90.58565895582872	0.0
90.59565958057544	0.0
90.60566020532218	0.0
90.6156608300689	0.0
90.62566145481563	0.0
90.63566207956235	226.0
90.64566270430907	228.0
90.6556633290558	231.0
90.66566395380252	234.0
90.67566457854925	236.0
90.68566520329597	239.0
90.69566582804269	245.0
90.70566645278942	248.0
90.71566707753614	245.0
90.72566770228286	239.0
90.73566832702959	228.0
90.74566895177631	231.0
90.75566957652303	228.0
90.76567020126976	228.0
90.7756708260165	226.0
90.78567145076322	226.0
90.79567207550994	223.0
90.80567270025666	220.0
90.81567332500339	220.0
90.82567394975011	223.0
90.83567457449684	226.0
90.84567519924356	231.0
90.85567582399028	236.0
90.865676448737	245.0
90.87567707348373	245.0
90.88567769823045	250.0
90.89567832297718	250.0
90.9056789477239	250.0
90.91567957247062	250.0
90.92568019721735	245.0
90.93568082196407	239.0
90.94568144671081	236.0
90.95568207145753	231.0
90.96568269620425	231.0
90.97568332095098	231.0
90.9856839456977	231.0
90.99568457044442	236.0
91.00568519519115	245.0
91.01568581993787	250.0
91.0256864446846	259.0
91.03568706943132	272.0
91.04568769417804	284.0
91.05568831892477	294.0
91.06568894367149	301.0
91.07568956841821	305.0
91.08569019316494	305.0
91.09569081791166	298.0
91.10569144265838	291.0
91.11569206740512	284.0
91.12569269215184	281.0
91.13569331689857	278.0
91.14569394164529	278.0
91.15569456639201	278.0
91.16569519113874	281.0
91.17569581588546	284.0
91.18569644063219	291.0
91.19569706537891	294.0
91.20569769012563	298.0
91.21569831487236	298.0
91.22569893961908	294.0
91.2356995643658	291.0
91.24570018911253	288.0
91.25570081385925	284.0
91.26570143860597	281.0
91.2757020633527	281.0
91.28570268809943	284.0
91.29570331284616	294.0
91.30570393759288	308.0
91.3157045623396	316.0
91.32570518708633	319.0
91.33570581183305	319.0
91.34570643657977	308.0
91.3557070613265	294.0
91.36570768607322	278.0
91.37570831081995	248.0
91.38570893556667	223.0
91.39570956031339	223.0
91.40571018506012	226.0
91.41571080980684	234.0
91.42571143455356	242.0
91.43571205930029	250.0
91.44571268404701	259.0
91.45571330879373	259.0
91.46571393354047	256.0
91.4757145582872	248.0
91.48571518303392	239.0
91.49571580778064	226.0
91.50571643252736	218.0
91.51571705727409	213.0
91.52571768202081	213.0
91.53571830676754	215.0
91.54571893151426	218.0
91.55571955626098	218.0
91.5657201810077	220.0
91.57572080575443	220.0
91.58572143050115	218.0
91.59572205524788	215.0
91.6057226799946	213.0
91.61572330474132	210.0
91.62572392948805	208.0
91.63572455423478	208.0
91.64572517898151	210.0
91.65572580372823	215.0
91.66572642847495	220.0
91.67572705322168	226.0
91.6857276779684	228.0
91.69572830271512	226.0
91.70572892746185	220.0
91.71572955220857	210.0
91.7257301769553	201.0
91.73573080170202	185.0
91.74573142644874	161.0
91.75573205119547	156.0
91.76573267594219	154.0
91.77573330068891	154.0
91.78573392543564	154.0
91.79573455018236	158.0
91.8057351749291	159.0
91.81573579967582	163.0
91.82573642442254	167.0
91.83573704916927	171.0
91.84573767391599	175.0
91.85573829866271	177.0
91.86573892340944	179.0
91.87573954815616	179.0
91.88574017290289	179.0
91.89574079764961	177.0
91.90574142239633	173.0
91.91574204714306	171.0
91.92574267188978	167.0
91.9357432966365	167.0
91.94574392138323	165.0
91.95574454612995	165.0
91.96574517087667	165.0
91.97574579562341	167.0
91.98574642037013	167.0
91.99574704511686	167.0
92.00574766986358	167.0
92.0157482946103	167.0
92.02574891935703	167.0
92.03574954410375	165.0
92.04575016885047	165.0
92.0557507935972	165.0
92.06575141834392	165.0
92.07575204309065	167.0
92.08575266783737	171.0
92.09575329258409	177.0
92.10575391733082	183.0
92.11575454207754	187.0
92.12575516682426	190.0
92.13575579157099	192.0
92.14575641631772	192.0
92.15575704106445	187.0
92.16575766581117	169.0
92.1757582905579	161.0
92.18575891530462	156.0
92.19575954005134	149.0
92.20576016479806	144.0
92.21576078954479	144.0
92.22576141429151	145.0
92.23576203903824	149.0
92.24576266378496	152.0
92.25576328853168	154.0
92.2657639132784	158.0
92.27576453802513	159.0
92.28576516277185	158.0
92.29576578751858	156.0
92.3057664122653	154.0
92.31576703701202	152.0
92.32576766175876	150.0
92.33576828650548	147.0
92.34576891125221	0.0
92.35576953599893	0.0
92.36577016074565	0.0
92.37577078549238	0.0
92.3857714102391	0.0
92.39577203498582	0.0
92.40577265973255	0.0
92.41577328447927	0.0
92.425773909226	0.0
92.43577453397272	0.0
92.44577515871944	0.0
92.45577578346617	0.0
92.46577640821289	0.0
92.47577703295961	0.0
92.48577765770634	0.0
92.49577828245307	0.0
92.5057789071998	0.0
92.51577953194652	0.0
92.52578015669324	0.0
92.53578078143997	0.0
92.54578140618669	0.0
92.55578203093341	0.0
92.56578265568014	0.0
92.57578328042686	0.0
92.58578390517359	0.0
92.59578452992031	0.0
92.60578515466703	0.0
92.61578577941376	0.0
92.62578640416048	0.0
92.6357870289072	0.0
92.64578765365393	0.0
92.65578827840065	0.0
92.66578890314739	0.0
92.67578952789411	0.0
92.68579015264083	0.0
92.69579077738756	0.0
92.70579140213428	0.0
92.715792026881	0.0
92.72579265162773	0.0
92.73579327637445	0.0
92.74579390112117	0.0
92.7557945258679	0.0
92.76579515061462	0.0
92.77579577536135	0.0
92.78579640010807	0.0
92.79579702485479	0.0
92.80579764960152	0.0
92.81579827434824	0.0
92.82579889909496	0.0
92.8357995238417	0.0
92.84580014858842	0.0
92.85580077333515	0.0
92.86580139808187	0.0
92.8758020228286	0.0
92.88580264757532	0.0
92.89580327232204	0.0
92.90580389706876	0.0
92.91580452181549	0.0
92.92580514656221	0.0
92.93580577130894	0.0
92.94580639605566	0.0
92.95580702080238	0.0
92.9658076455491	0.0
92.97580827029583	0.0
92.98580889504255	0.0
92.99580951978928	0.0
93.00581014453601	0.0
93.01581076928274	0.0
93.02581139402946	0.0
93.03581201877618	0.0
93.04581264352291	0.0
93.05581326826963	0.0
93.06581389301635	0.0
93.07581451776308	0.0
93.0858151425098	0.0
93.09581576725652	0.0
93.10581639200325	0.0
93.11581701674997	0.0
93.1258176414967	0.0
93.13581826624342	0.0
93.14581889099014	0.0
93.15581951573687	0.0
93.16582014048359	0.0
93.17582076523033	0.0
93.18582138997705	0.0
93.19582201472377	0.0
93.2058226394705	0.0
93.21582326421722	0.0
93.22582388896394	0.0
93.23582451371067	0.0
93.24582513845739	0.0
93.25582576320411	0.0
93.26582638795084	0.0
93.27582701269756	0.0
93.28582763744429	0.0
93.29582826219101	0.0
93.30582888693773	0.0
93.31582951168446	0.0
93.32583013643118	0.0
93.3358307611779	0.0
93.34583138592463	0.0
93.35583201067136	0.0
93.36583263541809	0.0
93.37583326016481	0.0
93.38583388491153	0.0
93.39583450965826	0.0
93.40583513440498	0.0
93.4158357591517	236.0
93.42583638389843	242.0
93.43583700864515	248.0
93.44583763339187	248.0
93.4558382581386	250.0
93.46583888288532	256.0
93.47583950763205	253.0
93.48584013237877	253.0
93.49584075712549	250.0
93.50584138187222	248.0
93.51584200661894	242.0
93.52584263136568	236.0
93.5358432561124	231.0
93.54584388085912	226.0
93.55584450560585	223.0
93.56584513035257	220.0
93.5758457550993	218.0
93.58584637984602	218.0
93.59584700459274	220.0
93.60584762933946	223.0
93.61584825408619	228.0
93.62584887883291	234.0
93.63584950357964	239.0
93.64585012832636	242.0
93.65585075307308	245.0
93.6658513778198	248.0
93.67585200256653	250.0
93.68585262731325	250.0
93.69585325205999	248.0
93.70585387680671	245.0
93.71585450155344	242.0
93.72585512630016	236.0
93.73585575104688	234.0
93.74585637579361	231.0
93.75585700054033	228.0
93.76585762528705	228.0
93.77585825003378	231.0
93.7858588747805	234.0
93.79585949952723	239.0
93.80586012427395	248.0
93.81586074902067	253.0
93.8258613737674	262.0
93.83586199851412	275.0
93.84586262326084	284.0
93.85586324800757	291.0
93.8658638727543	291.0
93.87586449750103	294.0
93.88586512224775	291.0
93.89586574699447	288.0
93.9058663717412	281.0
93.91586699648792	278.0
93.92586762123464	275.0
93.93586824598137	272.0
93.94586887072809	275.0
93.95586949547481	275.0
93.96587012022154	278.0
93.97587074496826	284.0
93.98587136971499	288.0
93.99587199446171	294.0
94.00587261920843	298.0
94.01587324395516	301.0
94.02587386870188	301.0
94.03587449344862	298.0
94.04587511819534	294.0
94.05587574294206	291.0
94.06587636768879	284.0
94.07587699243551	281.0
94.08587761718223	278.0
94.09587824192896	278.0
94.10587886667568	281.0
94.1158794914224	288.0
94.12588011616913	298.0
94.13588074091585	305.0
94.14588136566258	308.0
94.1558819904093	308.0
94.16588261515602	301.0
94.17588323990275	294.0
94.18588386464947	275.0
94.19588448939619	248.0
94.20588511414293	226.0
94.21588573888965	215.0
94.22588636363638	210.0
94.2358869883831	213.0
94.24588761312982	215.0
94.25588823787655	220.0
94.26588886262327	226.0
94.27588948737	231.0
94.28589011211672	234.0
94.29589073686344	234.0
94.30589136161016	234.0
94.31589198635689	231.0
94.32589261110361	226.0
94.33589323585034	223.0
94.34589386059706	218.0
94.35589448534378	215.0
94.3658951100905	215.0
94.37589573483723	215.0
94.38589635958397	215.0
94.39589698433069	215.0
94.40589760907741	215.0
94.41589823382414	215.0
94.42589885857086	215.0
94.43589948331758	215.0
94.44590010806431	215.0
94.45590073281103	215.0
94.46590135755775	215.0
94.47590198230448	213.0
94.4859026070512	213.0
94.49590323179793	210.0
94.50590385654465	210.0
94.51590448129137	208.0
94.5259051060381	208.0
94.53590573078482	208.0
94.54590635553154	208.0
94.55590698027828	208.0
94.565907605025	208.0
94.57590822977173	210.0
94.58590885451845	210.0
94.59590947926517	210.0
94.6059101040119	210.0
94.61591072875862	210.0
94.62591135350534	210.0
94.63591197825207	213.0
94.64591260299879	213.0
94.65591322774551	213.0
94.66591385249224	213.0
94.67591447723896	213.0
94.68591510198569	213.0
94.69591572673241	213.0
94.70591635147913	210.0
94.71591697622586	208.0
94.7259176009726	203.0
94.73591822571932	201.0
94.74591885046604	199.0
94.75591947521276	199.0
94.76592009995949	201.0
94.77592072470621	206.0
94.78592134945293	210.0
94.79592197419966	215.0
94.80592259894638	223.0
94.8159232236931	228.0
94.82592384843983	231.0
94.83592447318655	234.0
94.84592509793328	234.0
94.85592572268	231.0
94.86592634742672	228.0
94.87592697217345	226.0
94.88592759692017	220.0
94.8959282216669	218.0
94.90592884641363	218.0
94.91592947116035	220.0
94.92593009590708	226.0
94.9359307206538	234.0
94.94593134540052	242.0
94.95593197014725	253.0
94.96593259489397	265.0
94.9759332196407	278.0
94.98593384438742	288.0
94.99593446913414	291.0
95.00593509388086	294.0
95.01593571862759	291.0
95.02593634337431	284.0
95.03593696812104	278.0
95.04593759286776	268.0
95.05593821761448	262.0
95.06593884236122	256.0
95.07593946710794	250.0
95.08594009185467	245.0
95.09594071660139	239.0
95.10594134134811	234.0
95.11594196609484	231.0
95.12594259084156	226.0
95.13594321558828	226.0
95.14594384033501	223.0
95.15594446508173	220.0
95.16594508982845	218.0
95.17594571457518	215.0
95.1859463393219	215.0
95.19594696406863	215.0
95.20594758881535	215.0
95.21594821356207	218.0
95.2259488383088	218.0
95.23594946305553	220.0
95.24595008780226	226.0
95.25595071254898	228.0
95.2659513372957	234.0
95.27595196204243	239.0
95.28595258678915	245.0
95.29595321153587	248.0
95.3059538362826	250.0
95.31595446102932	250.0
95.32595508577604	248.0
95.33595571052277	242.0
95.34595633526949	239.0
95.35595696001621	234.0
95.36595758476294	231.0
95.37595820950966	226.0
95.38595883425639	226.0
95.39595945900311	223.0
95.40596008374983	223.0
95.41596070849657	228.0
95.4259613332433	234.0
95.43596195799002	239.0
95.44596258273674	248.0
95.45596320748346	256.0
95.46596383223019	268.0
95.47596445697691	278.0
95.48596508172363	288.0
95.49596570647036	291.0
95.50596633121708	298.0
95.5159669559638	298.0
95.52596758071053	298.0
95.53596820545725	298.0
95.54596883020398	294.0
95.5559694549507	291.0
95.56597007969742	288.0
95.57597070444415	284.0
95.58597132919088	278.0
95.5959719539376	275.0
95.60597257868433	275.0
95.61597320343105	272.0
95.62597382817778	272.0
95.6359744529245	275.0
95.64597507767122	278.0
95.65597570241795	284.0
95.66597632716467	288.0
95.6759769519114	291.0
95.68597757665812	294.0
95.69597820140484	298.0
95.70597882615156	298.0
95.71597945089829	298.0
95.72598007564501	294.0
95.73598070039174	291.0
95.74598132513846	288.0
95.7559819498852	284.0
95.76598257463192	284.0
95.77598319937864	284.0
95.78598382412537	288.0
95.79598444887209	294.0
95.80598507361881	301.0
95.81598569836554	312.0
95.82598632311226	323.0
95.83598694785898	323.0
95.84598757260571	323.0
95.85598819735243	312.0
95.86598882209915	301.0
95.87598944684588	294.0
95.8859900715926	288.0
95.89599069633933	288.0
95.90599132108605	288.0
95.91599194583277	291.0
95.92599257057951	291.0
95.93599319532623	294.0
95.94599382007296	298.0
95.95599444481968	298.0
95.9659950695664	298.0
95.97599569431313	298.0
95.98599631905985	298.0
95.99599694380657	294.0
96.0059975685533	294.0
96.01599819330002	291.0
96.02599881804674	288.0
96.03599944279347	288.0
96.04600006754019	288.0
96.05600069228691	291.0
96.06600131703364	298.0
96.07600194178036	305.0
96.08600256652709	308.0
96.09600319127382	308.0
96.10600381602055	305.0
96.11600444076727	294.0
96.126005065514	278.0
96.13600569026072	245.0
96.14600631500744	223.0
96.15600693975416	220.0
96.16600756450089	220.0
96.17600818924761	226.0
96.18600881399433	234.0
96.19600943874106	239.0
96.20601006348778	248.0
96.2160106882345	253.0
96.22601131298123	253.0
96.23601193772795	253.0
96.24601256247468	239.0
96.2560131872214	228.0
96.26601381196812	220.0
96.27601443671486	215.0
96.28601506146158	213.0
96.2960156862083	215.0
96.30601631095503	218.0
96.31601693570175	220.0
96.32601756044848	223.0
96.3360181851952	223.0
96.34601880994192	220.0
96.35601943468865	218.0
96.36602005943537	215.0
96.3760206841821	210.0
96.38602130892882	208.0
96.39602193367554	208.0
96.40602255842226	210.0
96.41602318316899	215.0
96.42602380791571	220.0
96.43602443266244	223.0
96.44602505740917	223.0
96.4560256821559	220.0
96.46602630690262	218.0
96.47602693164934	210.0
96.48602755639607	199.0
96.49602818114279	165.0
96.50602880588951	159.0
96.51602943063624	158.0
96.52603005538296	158.0
96.53603068012968	159.0
96.54603130487641	161.0
96.55603192962313	165.0
96.56603255436985	169.0
96.57603317911658	171.0
96.5860338038633	175.0
96.59603442861003	177.0
96.60603505335675	179.0
96.61603567810349	179.0
96.62603630285021	177.0
96.63603692759693	175.0
96.64603755234366	171.0
96.65603817709038	169.0
96.6660388018371	165.0
96.67603942658383	163.0
96.68604005133055	161.0
96.69604067607727	161.0
96.706041300824	161.0
96.71604192557072	161.0
96.72604255031744	161.0
96.73604317506417	161.0
96.74604379981089	163.0
96.75604442455762	163.0
96.76604504930434	163.0
96.77604567405106	163.0
96.7860462987978	163.0
96.79604692354452	163.0
96.80604754829125	163.0
96.81604817303797	163.0
96.8260487977847	165.0
96.83604942253142	167.0
96.84605004727814	171.0
96.85605067202486	177.0
96.86605129677159	181.0
96.87605192151831	185.0
96.88605254626503	187.0
96.89605317101176	187.0
96.90605379575848	183.0
96.9160544205052	177.0
96.92605504525193	167.0
96.93605566999865	154.0
96.94605629474538	147.0
96.95605691949211	142.0
96.96605754423884	140.0
96.97605816898556	142.0
96.98605879373228	145.0
96.996059418479	149.0
97.00606004322573	152.0
97.01606066797245	154.0
97.02606129271918	156.0
97.0360619174659	0.0
97.04606254221262	0.0
97.05606316695935	0.0
97.06606379170607	0.0
97.0760644164528	0.0
97.08606504119952	0.0
97.09606566594624	0.0
97.10606629069297	0.0
97.11606691543969	0.0
97.12606754018643	0.0
97.13606816493315	0.0
97.14606878967987	0.0
97.1560694144266	0.0
97.16607003917332	0.0
97.17607066392004	0.0
97.18607128866677	0.0
97.19607191341349	0.0
97.20607253816021	0.0
97.21607316290694	0.0
97.22607378765366	0.0
97.23607441240038	0.0
97.24607503714711	0.0
97.25607566189383	0.0
97.26607628664055	0.0
97.27607691138728	0.0
97.286077536134	0.0
97.29607816088073	0.0
97.30607878562746	0.0
97.31607941037419	0.0
97.32608003512091	0.0
97.33608065986763	0.0
97.34608128461436	0.0
97.35608190936108	0.0
97.3660825341078	0.0
97.37608315885453	0.0
97.38608378360125	0.0
97.39608440834797	0.0
97.4060850330947	0.0
97.41608565784142	0.0
97.42608628258814	0.0
97.43608690733487	0.0
97.44608753208159	0.0
97.45608815682832	0.0
97.46608878157504	0.0
97.47608940632178	0.0
97.4860900310685	0.0
97.49609065581522	0.0
97.50609128056195	0.0
97.51609190530867	0.0
97.5260925300554	0.0
97.53609315480212	0.0
97.54609377954884	0.0
97.55609440429556	0.0
97.56609502904229	0.0
97.57609565378901	0.0
97.58609627853573	0.0
97.59609690328246	0.0
97.60609752802918	0.0
97.6160981527759	0.0
97.62609877752263	0.0
97.63609940226935	0.0
97.64610002701609	0.0
97.65610065176281	0.0
97.66610127650954	0.0
97.67610190125626	0.0
97.68610252600298	0.0
97.6961031507497	0.0
97.70610377549643	0.0
97.71610440024315	0.0
97.72610502498988	0.0
97.7361056497366	0.0
97.74610627448332	0.0
97.75610689923005	0.0
97.76610752397677	0.0
97.7761081487235	0.0
97.78610877347022	0.0
97.79610939821694	0.0
97.80611002296367	0.0
97.8161106477104	0.0
97.82611127245713	0.0
97.83611189720385	0.0
97.84611252195057	0.0
97.8561131466973	0.0
97.86611377144402	0.0
97.87611439619074	0.0
97.88611502093747	0.0
97.89611564568419	0.0
97.90611627043091	0.0
97.91611689517764	0.0
97.92611751992436	0.0
97.93611814467108	0.0
97.94611876941781	0.0
97.95611939416453	0.0
97.96612001891125	0.0
97.97612064365798	0.0
97.98612126840472	0.0
97.99612189315144	0.0
98.00612251789816	0.0
98.01612314264489	228.0
98.02612376739161	228.0
98.03612439213833	228.0
98.04612501688506	228.0
98.05612564163178	231.0
98.0661262663785	234.0
98.07612689112523	234.0
98.08612751587195	234.0
98.09612814061867	234.0
98.1061287653654	231.0
98.11612939011212	231.0
98.12613001485884	228.0
98.13613063960557	226.0
98.14613126435229	223.0
98.15613188909903	220.0
98.16613251384575	218.0
98.17613313859248	218.0
98.1861337633392	218.0
98.19613438808592	220.0
98.20613501283265	223.0
98.21613563757937	226.0
98.2261362623261	228.0
98.23613688707282	231.0
98.24613751181954	236.0
98.25613813656626	239.0
98.26613876131299	242.0
98.27613938605971	245.0
98.28614001080643	248.0
98.29614063555316	248.0
98.30614126029988	245.0
98.3161418850466	239.0
98.32614250979333	236.0
98.33614313454007	234.0
98.34614375928679	231.0
98.35614438403351	228.0
98.36614500878024	226.0
98.37614563352696	226.0
98.38614625827368	226.0
98.3961468830204	226.0
98.40614750776713	228.0
98.41614813251385	234.0
98.42614875726058	242.0
98.4361493820073	248.0
98.44615000675402	259.0
98.45615063150075	265.0
98.46615125624747	275.0
98.4761518809942	284.0
98.48615250574092	288.0
98.49615313048764	294.0
98.50615375523438	294.0
98.5161543799811	294.0
98.52615500472783	294.0
98.53615562947455	291.0
98.54615625422127	288.0
98.556156878968	284.0
98.56615750371472	288.0
98.57615812846144	288.0
98.58615875320817	288.0
98.59615937795489	288.0
98.60616000270161	284.0
98.61616062744834	284.0
98.62616125219506	281.0
98.63616187694178	281.0
98.64616250168851	281.0
98.65616312643523	281.0
98.66616375118195	281.0
98.67616437592869	281.0
98.68616500067542	284.0
98.69616562542214	284.0
98.70616625016886	288.0
98.71616687491559	291.0
98.72616749966231	294.0
98.73616812440903	298.0
98.74616874915576	305.0
98.75616937390248	308.0
98.7661699986492	308.0
98.77617062339593	312.0
98.78617124814265	312.0
98.79617187288937	308.0
98.8061724976361	308.0
98.81617312238282	305.0
98.82617374712954	305.0
98.83617437187627	301.0
98.846174996623	298.0
98.85617562136973	298.0
98.86617624611645	294.0
98.87617687086318	291.0
98.8861774956099	288.0
98.89617812035662	284.0
98.90617874510335	284.0
98.91617936985007	284.0
98.9261799945968	284.0
98.93618061934352	284.0
98.94618124409024	281.0
98.95618186883696	281.0
98.96618249358369	284.0
98.97618311833041	284.0
98.98618374307713	288.0
98.99618436782386	294.0
99.00618499257058	301.0
99.01618561731732	308.0
99.02618624206404	312.0
99.03618686681077	316.0
99.04618749155749	316.0
99.05618811630421	308.0
99.06618874105094	301.0
99.07618936579766	291.0
99.08618999054438	281.0
99.0961906152911	268.0
99.10619124003783	250.0
99.11619186478455	239.0
99.12619248953128	234.0
99.136193114278	231.0
99.14619373902472	228.0
99.15619436377145	226.0
99.16619498851817	228.0
99.1761956132649	228.0
99.18619623801163	231.0
99.19619686275836	234.0
99.20619748750508	239.0
99.2161981122518	242.0
99.22619873699853	248.0
99.23619936174525	250.0
99.24619998649197	250.0
99.2562006112387	248.0
99.26620123598542	239.0
99.27620186073214	231.0
99.28620248547887	226.0
99.29620311022559	223.0
99.30620373497231	223.0
99.31620435971904	220.0
99.32620498446576	220.0
99.33620560921248	223.0
99.34620623395921	223.0
99.35620685870593	226.0
99.36620748345267	226.0
99.37620810819939	226.0
99.38620873294612	226.0
99.39620935769284	226.0
99.40620998243956	223.0
99.41621060718629	220.0
99.42621123193301	215.0
99.43621185667973	213.0
99.44621248142646	210.0
99.45621310617318	208.0
99.4662137309199	208.0
99.47621435566663	210.0
99.48621498041335	213.0
99.49621560516007	218.0
99.5062162299068	220.0
99.51621685465352	226.0
99.52621747940024	228.0
99.53621810414698	226.0
99.5462187288937	226.0
99.55621935364043	223.0
99.56621997838715	218.0
99.57622060313388	210.0
99.5862212278806	203.0
99.59622185262732	199.0
99.60622247737405	192.0
99.61622310212077	185.0
99.6262237268675	179.0
99.63622435161422	175.0
99.64622497636094	171.0
99.65622560110766	167.0
99.66622622585439	165.0
99.67622685060111	161.0
99.68622747534783	161.0
99.69622810009456	159.0
99.7062287248413	159.0
99.71622934958802	159.0
99.72622997433474	161.0
99.73623059908147	165.0
99.74623122382819	167.0
99.75623184857491	171.0
99.76623247332164	175.0
99.77623309806836	179.0
99.78623372281508	183.0
99.7962343475618	185.0
99.80623497230853	185.0
99.81623559705525	185.0
99.82623622180198	183.0
99.8362368465487	179.0
99.84623747129542	175.0
99.85623809604215	171.0
99.86623872078887	167.0
99.87623934553561	163.0
99.88623997028233	163.0
99.89624059502906	163.0
99.90624121977578	163.0
99.9162418445225	167.0
99.92624246926923	171.0
99.93624309401595	177.0
99.94624371876267	183.0
99.9562443435094	190.0
99.96624496825612	199.0
99.97624559300284	203.0
99.98624621774957	213.0
99.99624684249629	218.0
100.00624746724301	220.0
100.01624809198974	223.0
100.02624871673646	223.0
100.03624934148318	223.0
100.04624996622992	223.0
100.05625059097665	220.0
100.06625121572337	220.0
100.07625184047009	220.0
100.08625246521682	218.0
100.09625308996354	218.0
100.10625371471026	215.0
100.11625433945699	215.0
100.12625496420371	213.0
100.13625558895043	210.0
100.14625621369716	210.0
100.15625683844388	210.0
100.1662574631906	210.0
100.17625808793733	210.0
100.18625871268405	210.0
100.19625933743077	210.0
100.2062599621775	213.0
100.21626058692422	213.0
100.22626121167096	215.0
100.23626183641768	218.0
100.2462624611644	223.0
100.25626308591113	226.0
100.26626371065785	231.0
100.27626433540458	234.0
100.2862649601513	239.0
100.29626558489802	242.0
100.30626620964475	242.0
100.31626683439147	239.0
100.3262674591382	236.0
100.33626808388492	231.0
100.34626870863164	228.0
100.35626933337836	226.0
100.36626995812509	223.0
100.37627058287181	220.0
100.38627120761853	218.0
100.39627183236527	215.0
100.406272457112	213.0
100.41627308185872	213.0
100.42627370660544	210.0
100.43627433135217	210.0
100.44627495609889	210.0
100.45627558084561	213.0
100.46627620559234	215.0
100.47627683033906	218.0
100.48627745508578	220.0
100.4962780798325	223.0
100.50627870457923	228.0
100.51627932932595	231.0
100.52627995407268	234.0
100.5362805788194	231.0
100.54628120356612	226.0
100.55628182831285	220.0
100.56628245305959	196.0
100.57628307780631	185.0
100.58628370255303	177.0
100.59628432729976	171.0
100.60628495204648	167.0
100.6162855767932	165.0
100.62628620153993	163.0
100.63628682628665	161.0
100.64628745103337	161.0
100.6562880757801	159.0
100.66628870052682	159.0
100.67628932527354	159.0
100.68628995002027	161.0
100.69629057476699	161.0
100.70629119951371	161.0
100.71629182426044	163.0
100.72629244900716	163.0
100.7362930737539	163.0
100.74629369850062	163.0
100.75629432324735	163.0
100.76629494799407	163.0
100.77629557274079	163.0
100.78629619748752	163.0
100.79629682223424	163.0
100.80629744698096	163.0
100.81629807172769	165.0
100.82629869647441	167.0
100.83629932122113	169.0
100.84629994596786	173.0
100.85630057071458	175.0
100.8663011954613	175.0
100.87630182020803	175.0
100.88630244495475	175.0
100.89630306970147	173.0
100.90630369444821	171.0
100.91630431919494	169.0
100.92630494394166	167.0
100.93630556868838	165.0
100.9463061934351	163.0
100.95630681818183	161.0
100.96630744292855	161.0
100.97630806767528	161.0
100.986308692422	161.0
100.99630931716872	165.0
101.00630994191545	169.0
101.01631056666217	173.0
101.0263111914089	179.0
101.03631181615562	185.0
101.04631244090234	190.0
101.05631306564906	190.0
101.06631369039579	190.0
101.07631431514253	185.0
101.08631493988925	177.0
101.09631556463597	169.0
101.1063161893827	154.0
101.11631681412942	145.0
101.12631743887614	147.0
101.13631806362287	142.0
101.14631868836959	142.0
101.15631931311631	142.0
101.16631993786304	144.0
101.17632056260976	147.0
101.18632118735648	150.0
101.1963218121032	152.0
101.20632243684993	156.0
101.21632306159665	158.0
101.22632368634338	159.0
101.2363243110901	159.0
101.24632493583682	159.0
101.25632556058356	156.0
101.26632618533029	154.0
101.27632681007701	150.0
101.28632743482373	147.0
101.29632805957046	145.0
101.30632868431718	144.0
101.3163293090639	144.0
101.32632993381063	144.0
101.33633055855735	144.0
101.34633118330407	145.0
101.3563318080508	145.0
101.36633243279752	145.0
101.37633305754424	145.0
101.38633368229097	145.0
101.39633430703769	144.0
101.40633493178441	142.0
101.41633555653114	142.0
101.42633618127788	140.0
101.4363368060246	137.0
101.44633743077132	136.0
101.45633805551805	134.0
101.46633868026477	136.0
101.47633930501149	139.0
101.48633992975822	145.0
101.49634055450494	150.0
101.50634117925166	154.0
101.51634180399839	158.0
101.52634242874511	158.0
101.53634305349183	154.0
101.54634367823856	152.0
101.55634430298528	150.0
101.566344927732	149.0
101.57634555247873	147.0
101.58634617722545	145.0
101.59634680197219	144.0
101.60634742671891	142.0
101.61634805146564	140.0
101.62634867621236	140.0
101.63634930095908	142.0
101.6463499257058	144.0
101.65635055045253	147.0
101.66635117519925	150.0
101.67635179994598	156.0
101.6863524246927	159.0
101.69635304943942	165.0
101.70635367418615	169.0
101.71635429893287	175.0
101.7263549236796	179.0
101.73635554842632	185.0
101.74635617317304	190.0
101.75635679791976	192.0
101.7663574226665	196.0
101.77635804741323	201.0
101.78635867215995	206.0
101.79635929690667	210.0
101.8063599216534	213.0
101.81636054640012	218.0
101.82636117114684	220.0
101.83636179589357	223.0
101.84636242064029	226.0
101.85636304538701	231.0
101.86636367013374	234.0
101.87636429488046	236.0
101.88636491962718	242.0
101.89636554437391	245.0
101.90636616912063	248.0
101.91636679386735	253.0
101.92636741861408	256.0
101.93636804336082	259.0
101.94636866810754	262.0
101.95636929285426	262.0
101.96636991760099	265.0
101.97637054234771	268.0
101.98637116709443	268.0
101.99637179184116	272.0
102.00637241658788	275.0
102.0163730413346	278.0
102.02637366608133	281.0
102.03637429082805	281.0
102.04637491557477	281.0
102.0563755403215	284.0
102.06637616506822	284.0
102.07637678981494	288.0
102.08637741456167	288.0
102.09637803930839	291.0
102.10637866405513	294.0
102.11637928880185	294.0
102.12637991354858	294.0
102.1363805382953	291.0
102.14638116304202	291.0
102.15638178778875	0.0
102.16638241253547	0.0
102.17638303728219	0.0
102.18638366202892	0.0
102.19638428677564	0.0
102.20638491152236	0.0
102.21638553626909	294.0
102.22638616101581	294.0
102.23638678576253	294.0
102.24638741050926	298.0
102.25638803525598	298.0
102.2663886600027	298.0
102.27638928474943	0.0
102.28638990949617	0.0
102.29639053424289	301.0
102.30639115898961	301.0
102.31639178373634	301.0
102.32639240848306	0.0
102.33639303322978	0.0
102.3463936579765	0.0
102.35639428272323	0.0
102.36639490746995	0.0
102.37639553221668	0.0
102.3863961569634	0.0
102.39639678171012	0.0
102.40639740645685	0.0
102.41639803120357	0.0
102.4263986559503	0.0
102.43639928069702	0.0
102.44639990544374	0.0
102.45640053019048	0.0
102.4664011549372	0.0
102.47640177968393	0.0
102.48640240443065	0.0
102.49640302917737	0.0
102.5064036539241	0.0
102.51640427867082	0.0
102.52640490341754	0.0
102.53640552816427	0.0
102.54640615291099	0.0
102.55640677765771	0.0
102.56640740240444	0.0
102.57640802715116	0.0
102.58640865189788	0.0
102.59640927664461	0.0
102.60640990139133	0.0
102.61641052613805	0.0
102.62641115088479	0.0
102.63641177563152	0.0
102.64641240037824	288.0
102.65641302512496	281.0
102.66641364987169	275.0
102.67641427461841	272.0
102.68641489936513	268.0
102.69641552411186	272.0
102.70641614885858	281.0
102.7164167736053	298.0
102.72641739835203	316.0
102.73641802309875	334.0
102.74641864784547	334.0
102.7564192725922	331.0
102.76641989733892	319.0
102.77642052208564	275.0
102.78642114683237	250.0
102.7964217715791	228.0
102.80642239632583	210.0
102.81642302107255	196.0
102.82642364581928	199.0
102.836424270566	208.0
102.84642489531272	218.0
102.85642552005945	228.0
102.86642614480617	236.0
102.87642676955289	242.0
102.88642739429962	248.0
102.89642801904634	248.0
102.90642864379306	242.0
102.91642926853979	231.0
102.92642989328651	223.0
102.93643051803323	218.0
102.94643114277996	215.0
102.95643176752668	213.0
102.96643239227342	215.0
102.97643301702014	215.0
102.98643364176687	218.0
102.99643426651359	218.0
103.00643489126031	218.0
103.01643551600704	213.0
103.02643614075376	210.0
103.03643676550048	206.0
103.0464373902472	206.0
103.05643801499393	203.0
103.06643863974065	203.0
103.07643926448738	203.0
103.0864398892341	206.0
103.09644051398082	208.0
103.10644113872755	210.0
103.11644176347427	215.0
103.126442388221	218.0
103.13644301296773	220.0
103.14644363771446	220.0
103.15644426246118	223.0
103.1664448872079	228.0
103.17644551195463	234.0
103.18644613670135	245.0
103.19644676144807	259.0
103.2064473861948	265.0
103.21644801094152	268.0
103.22644863568824	265.0
103.23644926043497	259.0
103.24644988518169	250.0
103.25645050992841	228.0
103.26645113467514	213.0
103.27645175942186	203.0
103.28645238416858	201.0
103.29645300891531	201.0
103.30645363366203	206.0
103.31645425840877	210.0
103.32645488315549	215.0
103.33645550790222	220.0
103.34645613264894	220.0
103.35645675739566	223.0
103.36645738214239	220.0
103.37645800688911	215.0
103.38645863163583	213.0
103.39645925638256	210.0
103.40645988112928	208.0
103.416460505876	208.0
103.42646113062273	210.0
103.43646175536945	215.0
103.44646238011617	218.0
103.4564630048629	223.0
103.46646362960962	223.0
103.47646425435634	223.0
103.48646487910308	215.0
103.4964655038498	210.0
103.50646612859653	199.0
103.51646675334325	190.0
103.52646737808998	183.0
103.5364680028367	177.0
103.54646862758342	171.0
103.55646925233015	167.0
103.56646987707687	165.0
103.5764705018236	163.0
103.58647112657032	161.0
103.59647175131704	161.0
103.60647237606376	161.0
103.61647300081049	159.0
103.62647362555721	159.0
103.63647425030393	161.0
103.64647487505066	161.0
103.6564754997974	161.0
103.66647612454412	161.0
103.67647674929084	161.0
103.68647737403757	161.0
103.69647799878429	161.0
103.70647862353101	161.0
103.71647924827774	161.0
103.72647987302446	161.0
103.73648049777118	161.0
103.7464811225179	161.0
103.75648174726463	161.0
103.76648237201135	163.0
103.77648299675808	163.0
103.7864836215048	163.0
103.79648424625152	163.0
103.80648487099825	165.0
103.81648549574497	167.0
103.82648612049171	169.0
103.83648674523843	171.0
103.84648736998516	173.0
103.85648799473188	175.0
103.8664886194786	177.0
103.87648924422533	179.0
103.88648986897205	179.0
103.89649049371877	177.0
103.9064911184655	175.0
103.91649174321222	171.0
103.92649236795894	169.0
103.93649299270567	165.0
103.94649361745239	163.0
103.95649424219911	163.0
103.96649486694584	165.0
103.97649549169256	167.0
103.98649611643928	169.0
103.99649674118602	171.0
104.00649736593274	0.0
104.01649799067947	0.0
104.02649861542619	0.0
104.03649924017292	0.0
104.04649986491964	0.0
104.05650048966636	0.0
104.06650111441309	0.0
104.07650173915981	0.0
104.08650236390653	0.0
104.09650298865326	0.0
104.10650361339998	0.0
104.1165042381467	0.0
104.12650486289343	0.0
104.13650548764015	0.0
104.14650611238687	0.0
104.1565067371336	0.0
104.16650736188032	0.0
104.17650798662706	0.0
104.18650861137378	0.0
104.1965092361205	0.0
104.20650986086723	0.0
104.21651048561395	0.0
104.22651111036068	0.0
104.2365117351074	0.0
104.24651235985412	0.0
104.25651298460085	0.0
104.26651360934757	0.0
104.2765142340943	0.0
104.28651485884102	0.0
104.29651548358774	0.0
104.30651610833446	0.0
104.31651673308119	0.0
104.32651735782791	0.0
104.33651798257463	0.0
104.34651860732137	0.0
104.3565192320681	0.0
104.36651985681482	0.0
104.37652048156154	0.0
104.38652110630827	0.0
104.39652173105499	0.0
104.40652235580171	0.0
104.41652298054844	0.0
104.42652360529516	0.0
104.43652423004188	0.0
104.4465248547886	0.0
104.45652547953533	0.0
104.46652610428205	0.0
104.47652672902878	0.0
104.4865273537755	0.0
104.49652797852222	0.0
104.50652860326895	0.0
104.51652922801568	0.0
104.52652985276241	0.0
104.53653047750913	0.0
104.54653110225586	0.0
104.55653172700258	0.0
104.5665323517493	0.0
104.57653297649603	0.0
104.58653360124275	0.0
104.59653422598947	0.0
104.6065348507362	0.0
104.61653547548292	0.0
104.62653610022964	0.0
104.63653672497637	0.0
104.64653734972309	0.0
104.65653797446981	0.0
104.66653859921654	0.0
104.67653922396326	0.0
104.68653984871	0.0
104.69654047345672	0.0
104.70654109820345	0.0
104.71654172295017	0.0
104.72654234769689	0.0
104.73654297244362	0.0
104.74654359719034	0.0
104.75654422193706	0.0
104.76654484668379	0.0
104.77654547143051	0.0
104.78654609617723	0.0
104.79654672092396	0.0
104.80654734567068	0.0
104.8165479704174	0.0
104.82654859516413	0.0
104.83654921991085	0.0
104.84654984465757	0.0
104.85655046940431	0.0
104.86655109415103	0.0
104.87655171889776	0.0
104.88655234364448	0.0
104.8965529683912	0.0
104.90655359313793	0.0
104.91655421788465	0.0
104.92655484263138	0.0
104.9365554673781	0.0
104.94655609212482	0.0
104.95655671687155	0.0
104.96655734161827	0.0
104.976557966365	0.0
104.98655859111172	0.0
104.99655921585844	0.0
105.00655984060516	0.0
105.01656046535189	0.0
105.02656109009862	0.0
105.03656171484535	0.0
105.04656233959207	0.0
105.0565629643388	0.0
105.06656358908552	0.0
105.07656421383224	0.0
105.08656483857897	0.0
105.09656546332569	0.0
105.10656608807241	0.0
105.11656671281914	0.0
105.12656733756586	0.0
105.13656796231258	0.0
105.1465685870593	0.0
105.15656921180603	0.0
105.16656983655275	0.0
105.17657046129948	0.0
105.1865710860462	0.0
105.19657171079292	0.0
105.20657233553966	0.0
105.21657296028638	0.0
105.22657358503311	0.0
105.23657420977983	0.0
105.24657483452656	0.0
105.25657545927328	0.0
105.26657608402	0.0
105.27657670876673	0.0
105.28657733351345	0.0
105.29657795826017	0.0
105.3065785830069	0.0
105.31657920775362	0.0
105.32657983250034	0.0
105.33658045724707	0.0
105.34658108199379	0.0
105.35658170674051	0.0
105.36658233148724	0.0
105.37658295623397	0.0
105.3865835809807	0.0
105.39658420572742	0.0
105.40658483047415	0.0
105.41658545522087	0.0
105.42658607996759	0.0
105.43658670471432	0.0
105.44658732946104	0.0
105.45658795420776	0.0
105.46658857895449	0.0
105.47658920370121	0.0
105.48658982844793	0.0
105.49659045319466	0.0
105.50659107794138	0.0
105.5165917026881	0.0
105.52659232743483	0.0
105.53659295218155	0.0
105.54659357692829	0.0
105.55659420167501	0.0
105.56659482642173	0.0
105.57659545116846	0.0
105.58659607591518	0.0
105.5965967006619	0.0
105.60659732540863	0.0
105.61659795015535	0.0
105.62659857490208	0.0
105.6365991996488	0.0
105.64659982439552	0.0
105.65660044914225	0.0
105.66660107388897	0.0
105.6766016986357	0.0
105.68660232338242	0.0
105.69660294812914	0.0
105.70660357287586	0.0
105.7166041976226	0.0
105.72660482236932	0.0
105.73660544711605	215.0
105.74660607186277	215.0
105.7566066966095	215.0
105.76660732135622	215.0
105.77660794610294	215.0
105.78660857084967	218.0
105.79660919559639	218.0
105.80660982034311	218.0
105.81661044508984	218.0
105.82661106983656	215.0
105.83661169458328	213.0
105.84661231933	192.0
105.85661294407673	187.0
105.86661356882345	187.0
105.87661419357018	190.0
105.88661481831691	215.0
105.89661544306364	220.0
105.90661606781036	223.0
105.91661669255708	223.0
105.92661731730381	226.0
105.93661794205053	226.0
105.94661856679726	226.0
105.95661919154398	226.0
105.9666198162907	226.0
105.97662044103743	226.0
105.98662106578415	226.0
105.99662169053087	226.0
106.0066223152776	223.0
106.01662294002432	215.0
106.02662356477104	210.0
106.03662418951777	208.0
106.04662481426449	208.0
106.05662543901123	206.0
106.06662606375795	206.0
106.07662668850467	206.0
106.0866273132514	206.0
106.09662793799812	208.0
106.10662856274485	208.0
106.11662918749157	210.0
106.12662981223829	210.0
106.13663043698502	210.0
106.14663106173174	213.0
106.15663168647846	215.0
106.16663231122519	218.0
106.17663293597191	218.0
106.18663356071863	218.0
106.19663418546536	218.0
106.20663481021208	218.0
106.2166354349588	218.0
106.22663605970553	215.0
106.23663668445226	215.0
106.24663730919899	218.0
106.25663793394571	215.0
106.26663855869243	218.0
106.27663918343916	218.0
106.28663980818588	218.0
106.2966404329326	218.0
106.30664105767933	218.0
106.31664168242605	220.0
106.32664230717278	220.0
106.3366429319195	220.0
106.34664355666622	220.0
106.35664418141295	220.0
106.36664480615967	223.0
106.3766454309064	223.0
106.38664605565312	223.0
106.39664668039984	223.0
106.40664730514658	223.0
106.4166479298933	223.0
106.42664855464002	223.0
106.43664917938675	223.0
106.44664980413347	223.0
106.4566504288802	223.0
106.46665105362692	220.0
106.47665167837364	220.0
106.48665230312037	220.0
106.49665292786709	220.0
106.50665355261381	220.0
106.51665417736054	220.0
106.52665480210726	220.0
106.53665542685398	220.0
106.5466560516007	220.0
106.55665667634743	220.0
106.56665730109415	220.0
106.57665792584089	220.0
106.58665855058761	220.0
106.59665917533434	220.0
106.60665980008106	220.0
106.61666042482778	220.0
106.62666104957451	220.0
106.63666167432123	220.0
106.64666229906796	220.0
106.65666292381468	220.0
106.6666635485614	220.0
106.67666417330813	220.0
106.68666479805485	220.0
106.69666542280157	218.0
106.7066660475483	218.0
106.71666667229502	218.0
106.72666729704174	218.0
106.73666792178847	218.0
106.7466685465352	220.0
106.75666917128193	220.0
106.76666979602865	220.0
106.77667042077537	220.0
106.7866710455221	220.0
106.79667167026882	220.0
106.80667229501555	220.0
106.81667291976227	220.0
106.82667354450899	220.0
106.83667416925572	220.0
106.84667479400244	220.0
106.85667541874916	220.0
106.86667604349589	220.0
106.87667666824261	220.0
106.88667729298933	220.0
106.89667791773606	220.0
106.90667854248278	220.0
106.91667916722952	220.0
106.92667979197624	220.0
106.93668041672296	220.0
106.94668104146969	220.0
106.95668166621641	220.0
106.96668229096313	220.0
106.97668291570986	220.0
106.98668354045658	220.0
106.9966841652033	220.0
107.00668478995003	220.0
107.01668541469675	220.0
107.02668603944348	220.0
107.0366866641902	220.0
107.04668728893692	220.0
107.05668791368365	220.0
107.06668853843037	220.0
107.0766891631771	220.0
107.08668978792383	220.0
107.09669041267055	220.0
107.10669103741728	220.0
107.116691662164	220.0
107.12669228691072	220.0
107.13669291165745	220.0
107.14669353640417	220.0
107.1566941611509	220.0
107.16669478589762	220.0
107.17669541064434	220.0
107.18669603539107	218.0
107.19669666013779	218.0
107.20669728488451	220.0
107.21669790963124	220.0
107.22669853437796	220.0
107.23669915912468	220.0
107.2466997838714	220.0
107.25670040861813	220.0
107.26670103336487	220.0
107.27670165811159	220.0
107.28670228285831	220.0
107.29670290760504	220.0
107.30670353235176	220.0
107.31670415709848	220.0
107.32670478184521	220.0
107.33670540659193	220.0
107.34670603133866	220.0
107.35670665608538	220.0
107.3667072808321	220.0
107.37670790557883	220.0
107.38670853032555	220.0
107.39670915507227	220.0
107.406709779819	220.0
107.41671040456572	220.0
107.42671102931244	220.0
107.43671165405918	220.0
107.4467122788059	220.0
107.45671290355263	220.0
107.46671352829935	220.0
107.47671415304607	220.0
107.4867147777928	220.0
107.49671540253952	220.0
107.50671602728625	223.0
107.51671665203297	223.0
107.52671727677969	223.0
107.53671790152642	223.0
107.54671852627314	223.0
107.55671915101986	223.0
107.56671977576659	223.0
107.57672040051331	223.0
107.58672102526003	223.0
107.59672165000676	223.0
107.6067222747535	223.0
107.61672289950022	223.0
107.62672352424694	223.0
107.63672414899366	223.0
107.64672477374039	220.0
107.65672539848711	220.0
107.66672602323384	220.0
107.67672664798056	220.0
107.68672727272728	220.0
107.696727897474	220.0
107.70672852222073	220.0
107.71672914696745	220.0
107.72672977171418	220.0
107.7367303964609	220.0
107.74673102120762	220.0
107.75673164595435	220.0
107.76673227070107	220.0
107.77673289544781	220.0
107.78673352019453	220.0
107.79673414494125	220.0
107.80673476968798	220.0
107.8167353944347	220.0
107.82673601918142	220.0
107.83673664392815	220.0
107.84673726867487	220.0
107.8567378934216	220.0
107.86673851816832	218.0
107.87673914291504	220.0
107.88673976766177	220.0
107.89674039240849	220.0
107.90674101715521	220.0
107.91674164190194	220.0
107.92674226664866	220.0
107.93674289139538	220.0
107.94674351614212	220.0
107.95674414088884	220.0
107.96674476563557	220.0
107.97674539038229	220.0
107.98674601512901	223.0
107.99674663987574	223.0
108.00674726462246	223.0
108.01674788936919	223.0
108.02674851411591	223.0
108.03674913886263	223.0
108.04674976360936	0.0
108.05675038835608	0.0
108.0667510131028	0.0
108.07675163784953	0.0
108.08675226259625	0.0
108.09675288734297	0.0
108.1067535120897	0.0
108.11675413683642	0.0
108.12675476158316	0.0
108.13675538632988	0.0
108.1467560110766	0.0
108.15675663582333	0.0
108.16675726057005	0.0
108.17675788531677	0.0
108.1867585100635	0.0
108.19675913481022	0.0
108.20675975955695	0.0
108.21676038430367	0.0
108.22676100905039	0.0
108.23676163379712	0.0
108.24676225854384	0.0
108.25676288329056	0.0
108.26676350803729	0.0
108.27676413278401	0.0
108.28676475753073	0.0
108.29676538227747	0.0
108.3067660070242	0.0
108.31676663177092	0.0
108.32676725651764	0.0
108.33676788126436	0.0
108.34676850601109	0.0
108.35676913075781	0.0
108.36676975550454	0.0
108.37677038025126	0.0
108.38677100499798	0.0
108.3967716297447	0.0
108.40677225449143	0.0
108.41677287923815	0.0
108.42677350398488	0.0
108.4367741287316	0.0
108.44677475347832	0.0
108.45677537822505	0.0
108.46677600297178	0.0
108.47677662771851	0.0
108.48677725246523	0.0
108.49677787721195	0.0
108.50677850195868	0.0
108.5167791267054	0.0
108.52677975145212	0.0
108.53678037619885	0.0
108.54678100094557	0.0
108.5567816256923	0.0
108.56678225043902	0.0
108.57678287518574	0.0
108.58678349993247	0.0
108.59678412467919	0.0
108.60678474942591	0.0
108.61678537417264	0.0
108.62678599891936	0.0
108.6367866236661	0.0
108.64678724841282	0.0
108.65678787315954	0.0
108.66678849790627	0.0
108.67678912265299	0.0
108.68678974739971	0.0
108.69679037214644	0.0
108.70679099689316	0.0
108.71679162163989	0.0
108.72679224638661	0.0
108.73679287113333	0.0
108.74679349588006	0.0
108.75679412062678	0.0
108.7667947453735	0.0
108.77679537012023	0.0
108.78679599486695	0.0
108.79679661961367	0.0
108.80679724436041	0.0
108.81679786910713	0.0
108.82679849385386	0.0
108.83679911860058	0.0
108.8467997433473	0.0
108.85680036809403	0.0
108.86680099284075	0.0
108.87680161758747	0.0
108.8868022423342	0.0
108.89680286708092	0.0
108.90680349182765	0.0
108.91680411657437	0.0
108.92680474132109	0.0
108.93680536606782	0.0
108.94680599081454	0.0
108.95680661556126	0.0
108.96680724030799	0.0
108.97680786505472	0.0
108.98680848980145	0.0
108.99680911454817	0.0
109.0068097392949	0.0
109.01681036404162	0.0
109.02681098878834	0.0
109.03681161353506	0.0
109.04681223828179	0.0
109.05681286302851	0.0
109.06681348777524	0.0
109.07681411252196	0.0
109.08681473726868	0.0
109.0968153620154	0.0
109.10681598676213	0.0
109.11681661150885	0.0
109.12681723625558	0.0
109.1368178610023	0.0
109.14681848574902	0.0
109.15681911049576	0.0
109.16681973524248	0.0
109.17682035998921	0.0
109.18682098473593	0.0
109.19682160948265	0.0
109.20682223422938	0.0
109.2168228589761	0.0
109.22682348372282	0.0
109.23682410846955	0.0
109.24682473321627	0.0
109.256825357963	0.0
109.26682598270972	0.0
109.27682660745644	0.0
109.28682723220317	0.0
109.29682785694989	0.0
109.30682848169661	0.0
109.31682910644334	0.0
109.32682973119007	0.0
109.3368303559368	0.0
109.34683098068352	0.0
109.35683160543024	0.0
109.36683223017697	0.0
109.37683285492369	0.0
109.38683347967041	0.0
109.39683410441714	0.0
109.40683472916386	0.0
109.41683535391059	0.0
109.42683597865731	0.0
109.43683660340403	0.0
109.44683722815076	0.0
109.45683785289748	0.0
109.4668384776442	0.0
109.47683910239093	0.0
109.48683972713765	0.0
109.49684035188439	0.0
109.50684097663111	0.0
109.51684160137783	0.0
109.52684222612456	0.0
109.53684285087128	0.0
109.546843475618	0.0
109.55684410036473	0.0
109.56684472511145	0.0
109.57684534985817	0.0
109.5868459746049	0.0
109.59684659935162	0.0
109.60684722409835	0.0
109.61684784884507	0.0
109.62684847359179	0.0
109.63684909833852	0.0
109.64684972308524	0.0
109.65685034783196	0.0
109.6668509725787	0.0
109.67685159732542	0.0
109.68685222207215	0.0
109.69685284681887	0.0
109.7068534715656	0.0
109.71685409631232	0.0
109.72685472105904	0.0
109.73685534580576	0.0
109.74685597055249	0.0
109.75685659529921	0.0
109.76685722004594	0.0
109.77685784479266	0.0
109.78685846953938	0.0
109.7968590942861	0.0
109.80685971903283	0.0
109.81686034377955	0.0
109.82686096852628	0.0
109.83686159327301	0.0
109.84686221801974	0.0
109.85686284276646	0.0
109.86686346751318	0.0
109.87686409225991	0.0
109.88686471700663	0.0
109.89686534175335	0.0
109.90686596650008	0.0
109.9168665912468	0.0
109.92686721599352	0.0
109.93686784074025	0.0
109.94686846548697	0.0
109.9568690902337	0.0
109.96686971498042	0.0
109.97687033972714	0.0
109.98687096447387	0.0
109.99687158922059	0.0
110.00687221396733	0.0
110.01687283871405	0.0
110.02687346346077	0.0
110.0368740882075	0.0
110.04687471295422	0.0
110.05687533770094	0.0
110.06687596244767	0.0
110.07687658719439	0.0
110.08687721194111	0.0
110.09687783668784	0.0
110.10687846143456	0.0
110.11687908618129	0.0
110.12687971092801	0.0
110.13688033567473	0.0
110.14688096042146	0.0
110.15688158516818	0.0
110.1668822099149	0.0
110.17688283466163	0.0
110.18688345940836	0.0
110.19688408415509	0.0
110.20688470890181	0.0
110.21688533364853	0.0
110.22688595839526	0.0
110.23688658314198	0.0
110.2468872078887	0.0
110.25688783263543	0.0
110.26688845738215	0.0
110.27688908212887	0.0
110.2868897068756	0.0
110.29689033162232	0.0
110.30689095636905	0.0
110.31689158111577	0.0
110.32689220586249	0.0
110.33689283060922	0.0
110.34689345535594	0.0
110.35689408010268	0.0
110.3668947048494	0.0
110.37689532959612	0.0
110.38689595434285	0.0
110.39689657908957	0.0
110.4068972038363	0.0
110.41689782858302	0.0
110.42689845332974	0.0
110.43689907807646	0.0
110.44689970282319	0.0
110.45690032756991	0.0
110.46690095231664	0.0
110.47690157706336	0.0
110.48690220181008	0.0
110.4969028265568	0.0
110.50690345130353	0.0
110.51690407605025	0.0
110.52690470079699	0.0
110.53690532554371	0.0
110.54690595029044	0.0
110.55690657503716	0.0
110.56690719978388	0.0
110.57690782453061	0.0
110.58690844927733	0.0
110.59690907402405	0.0
110.60690969877078	0.0
110.6169103235175	0.0
110.62691094826422	0.0
110.63691157301095	0.0
110.64691219775767	0.0
110.6569128225044	0.0
110.66691344725112	0.0
110.67691407199784	0.0
110.68691469674457	0.0
110.6969153214913	0.0
110.70691594623803	0.0
110.71691657098475	0.0
110.72691719573147	0.0
110.7369178204782	0.0
110.74691844522492	0.0
110.75691906997164	0.0
110.76691969471837	0.0
110.77692031946509	0.0
110.78692094421181	0.0
110.79692156895854	0.0
110.80692219370526	0.0
110.81692281845199	0.0
110.82692344319871	0.0
110.83692406794543	0.0
110.84692469269216	0.0
110.85692531743888	0.0
110.86692594218562	0.0
110.87692656693234	0.0
110.88692719167906	0.0
110.89692781642579	0.0
110.90692844117251	0.0
110.91692906591923	0.0
110.92692969066596	0.0
110.93693031541268	0.0
110.9469309401594	0.0
110.95693156490613	288.0
110.96693218965285	288.0
110.97693281439958	278.0
110.9869334391463	272.0
110.99693406389302	268.0
111.00693468863975	262.0
111.01693531338647	256.0
111.02693593813319	250.0
111.03693656287993	245.0
111.04693718762665	239.0
111.05693781237338	234.0
111.0669384371201	228.0
111.07693906186682	226.0
111.08693968661355	223.0
111.09694031136027	220.0
111.106940936107	220.0
111.11694156085372	218.0
111.12694218560044	218.0
111.13694281034716	218.0
111.14694343509389	218.0
111.15694405984061	220.0
111.16694468458734	226.0
111.17694530933406	231.0
111.18694593408078	236.0
111.1969465588275	239.0
111.20694718357423	242.0
111.21694780832097	245.0
111.22694843306769	248.0
111.23694905781441	248.0
111.24694968256114	245.0
111.25695030730786	239.0
111.26695093205458	236.0
111.27695155680131	231.0
111.28695218154803	226.0
111.29695280629475	223.0
111.30695343104148	223.0
111.3169540557882	223.0
111.32695468053493	0.0
111.33695530528165	0.0
111.34695593002837	0.0
111.3569565547751	0.0
111.36695717952182	0.0
111.37695780426854	268.0
111.38695842901528	278.0
111.396959053762	288.0
111.40695967850873	291.0
111.41696030325545	294.0
111.42696092800217	294.0
111.4369615527489	294.0
111.44696217749562	291.0
111.45696280224234	284.0
111.46696342698907	281.0
111.47696405173579	278.0
111.48696467648251	275.0
111.49696530122924	275.0
111.50696592597596	272.0
111.51696655072269	275.0
111.52696717546941	275.0
111.53696780021613	281.0
111.54696842496286	284.0
111.5569690497096	291.0
111.56696967445632	294.0
111.57697029920304	298.0
111.58697092394976	301.0
111.59697154869649	298.0
111.60697217344321	294.0
111.61697279818993	291.0
111.62697342293666	288.0
111.63697404768338	281.0
111.6469746724301	278.0
111.65697529717683	275.0
111.66697592192355	275.0
111.67697654667028	275.0
111.686977171417	281.0
111.69697779616372	284.0
111.70697842091045	294.0
111.71697904565717	305.0
111.7269796704039	308.0
111.73698029515063	308.0
111.74698091989735	301.0
111.75698154464408	294.0
111.7669821693908	281.0
111.77698279413752	265.0
111.78698341888425	239.0
111.79698404363097	223.0
111.8069846683777	215.0
111.81698529312442	213.0
111.82698591787114	210.0
111.83698654261786	213.0
111.84698716736459	215.0
111.85698779211131	218.0
111.86698841685804	223.0
111.87698904160476	228.0
111.88698966635148	231.0
111.89699029109822	234.0
111.90699091584494	236.0
111.91699154059167	234.0
111.92699216533839	234.0
111.93699279008511	231.0
111.94699341483184	228.0
111.95699403957856	226.0
111.96699466432528	223.0
111.97699528907201	220.0
111.98699591381873	220.0
111.99699653856545	218.0
112.00699716331218	218.0
112.0169977880589	218.0
112.02699841280563	218.0
112.03699903755235	220.0
112.04699966229907	220.0
112.0570002870458	220.0
112.06700091179252	220.0
112.07700153653926	220.0
112.08700216128598	220.0
112.0970027860327	218.0
112.10700341077943	220.0
112.11700403552615	220.0
112.12700466027287	223.0
112.1370052850196	223.0
112.14700590976632	223.0
112.15700653451304	223.0
112.16700715925977	220.0
112.17700778400649	215.0
112.18700840875321	210.0
112.19700903349994	206.0
112.20700965824666	201.0
112.21701028299339	201.0
112.22701090774011	201.0
112.23701153248683	203.0
112.24701215723357	206.0
112.2570127819803	210.0
112.26701340672702	213.0
112.27701403147374	215.0
112.28701465622046	218.0
112.29701528096719	223.0
112.30701590571391	226.0
112.31701653046063	228.0
112.32701715520736	231.0
112.33701777995408	231.0
112.3470184047008	228.0
112.35701902944753	228.0
112.36701965419425	228.0
112.37702027894098	231.0
112.3870209036877	231.0
112.39702152843442	234.0
112.40702215318115	236.0
112.41702277792788	239.0
112.4270234026746	242.0
112.43702402742133	242.0
112.44702465216805	242.0
112.45702527691478	239.0
112.4670259016615	236.0
112.47702652640822	236.0
112.48702715115495	234.0
112.49702777590167	231.0
112.5070284006484	231.0
112.51702902539512	228.0
112.52702965014184	228.0
112.53703027488856	228.0
112.54703089963529	231.0
112.55703152438201	236.0
112.56703214912874	242.0
112.57703277387546	248.0
112.5870333986222	256.0
112.59703402336892	262.0
112.60703464811564	268.0
112.61703527286237	275.0
112.62703589760909	281.0
112.63703652235581	288.0
112.64703714710254	275.0
112.65703777184926	291.0
112.66703839659598	291.0
112.67703902134271	291.0
112.68703964608943	288.0
112.69704027083615	288.0
112.70704089558288	281.0
112.7170415203296	278.0
112.72704214507633	278.0
112.73704276982305	278.0
112.74704339456977	281.0
112.75704401931651	284.0
112.76704464406323	291.0
112.77704526880996	294.0
112.78704589355668	294.0
112.7970465183034	294.0
112.80704714305013	294.0
112.81704776779685	291.0
112.82704839254357	288.0
112.8370490172903	284.0
112.84704964203702	281.0
112.85705026678374	281.0
112.86705089153047	284.0
112.87705151627719	288.0
112.88705214102391	291.0
112.89705276577064	291.0
112.90705339051736	291.0
112.91705401526409	291.0
112.92705464001082	288.0
112.93705526475755	288.0
112.94705588950427	284.0
112.957056514251	284.0
112.96705713899772	281.0
112.97705776374444	278.0
112.98705838849116	278.0
112.99705901323789	281.0
113.00705963798461	291.0
113.01706026273133	298.0
113.02706088747806	294.0
113.03706151222478	288.0
113.0470621369715	278.0
113.05706276171823	265.0
113.06706338646495	256.0
113.07706401121168	248.0
113.0870646359584	242.0
113.09706526070512	239.0
113.10706588545186	239.0
113.11706651019858	234.0
113.1270671349453	231.0
113.13706775969203	226.0
113.14706838443875	223.0
113.15706900918548	220.0
113.1670696339322	220.0
113.17707025867892	220.0
113.18707088342565	220.0
113.19707150817237	0.0
113.2070721329191	220.0
113.21707275766582	220.0
113.22707338241254	220.0
113.23707400715926	220.0
113.24707463190599	220.0
113.25707525665271	220.0
113.26707588139944	220.0
113.27707650614617	215.0
113.2870771308929	210.0
113.29707775563962	210.0
113.30707838038634	0.0
113.31707900513307	0.0
113.32707962987979	215.0
113.33708025462651	218.0
113.34708087937324	220.0
113.35708150411996	223.0
113.36708212886668	223.0
113.37708275361341	223.0
113.38708337836013	223.0
113.39708400310685	223.0
113.40708462785358	223.0
113.4170852526003	223.0
113.42708587734703	223.0
113.43708650209375	223.0
113.44708712684049	0.0
113.45708775158721	0.0
113.46708837633393	0.0
113.47708900108066	0.0
113.48708962582738	0.0
113.4970902505741	0.0
113.50709087532083	0.0
113.51709150006755	0.0
113.52709212481427	0.0
113.537092749561	0.0
113.54709337430772	0.0
113.55709399905444	0.0
113.56709462380117	0.0
113.57709524854789	0.0
113.58709587329461	0.0
113.59709649804134	0.0
113.60709712278806	0.0
113.6170977475348	0.0
113.62709837228152	0.0
113.63709899702825	0.0
113.64709962177497	0.0
113.6571002465217	0.0
113.66710087126842	0.0
113.67710149601514	0.0
113.68710212076186	0.0
113.69710274550859	0.0
113.70710337025531	0.0
113.71710399500203	0.0
113.72710461974876	0.0
113.73710524449548	0.0
113.7471058692422	201.0
113.75710649398893	201.0
113.76710711873565	199.0
113.77710774348238	196.0
113.78710836822911	196.0
113.79710899297584	194.0
113.80710961772256	194.0
113.81711024246928	194.0
113.827110867216	194.0
113.83711149196273	194.0
113.84711211670945	196.0
113.85711274145618	199.0
113.8671133662029	201.0
113.87711399094962	203.0
113.88711461569635	208.0
113.89711524044307	215.0
113.9071158651898	226.0
113.91711648993652	234.0
113.92711711468324	239.0
113.93711773942997	248.0
113.94711836417669	259.0
113.95711898892343	268.0
113.96711961367015	278.0
113.97712023841687	288.0
113.9871208631636	294.0
113.99712148791032	298.0
114.00712211265704	298.0
114.01712273740377	298.0
114.02712336215049	294.0
114.03712398689721	291.0
114.04712461164394	288.0
114.05712523639066	284.0
114.06712586113738	278.0
114.07712648588411	275.0
114.08712711063083	268.0
114.09712773537755	262.0
114.10712836012428	259.0
114.117128984871	256.0
114.12712960961773	253.0
114.13713023436446	250.0
114.14713085911119	248.0
114.15713148385791	242.0
114.16713210860463	239.0
114.17713273335136	236.0
114.18713335809808	234.0
114.1971339828448	231.0
114.20713460759153	231.0
114.21713523233825	228.0
114.22713585708497	228.0
114.2371364818317	226.0
114.24713710657842	226.0
114.25713773132514	223.0
114.26713835607187	223.0
114.27713898081859	220.0
114.28713960556532	218.0
114.29714023031204	218.0
114.30714085505878	215.0
114.3171414798055	215.0
114.32714210455222	215.0
114.33714272929895	215.0
114.34714335404567	215.0
114.3571439787924	215.0
114.36714460353912	218.0
114.37714522828584	218.0
114.38714585303256	220.0
114.39714647777929	226.0
114.40714710252601	228.0
114.41714772727273	231.0
114.42714835201946	234.0
114.43714897676618	236.0
114.4471496015129	236.0
114.45715022625963	239.0
114.46715085100635	239.0
114.47715147575309	236.0
114.48715210049981	236.0
114.49715272524654	234.0
114.50715334999326	231.0
114.51715397473998	231.0
114.5271545994867	231.0
114.53715522423343	228.0
114.54715584898015	226.0
114.55715647372688	226.0
114.5671570984736	223.0
114.57715772322032	220.0
114.58715834796705	218.0
114.59715897271377	218.0
114.6071595974605	220.0
114.61716022220722	220.0
114.62716084695394	223.0
114.63716147170067	226.0
114.6471620964474	228.0
114.65716272119413	228.0
114.66716334594085	231.0
114.67716397068757	234.0
114.6871645954343	236.0
114.69716522018102	239.0
114.70716584492774	242.0
114.71716646967447	242.0
114.72716709442119	242.0
114.73716771916791	242.0
114.74716834391464	239.0
114.75716896866136	236.0
114.76716959340808	234.0
114.77717021815481	231.0
114.78717084290153	228.0
114.79717146764825	226.0
114.80717209239498	226.0
114.81717271714172	226.0
114.82717334188844	228.0
114.83717396663516	231.0
114.84717459138189	234.0
114.85717521612861	236.0
114.86717584087533	245.0
114.87717646562206	253.0
114.88717709036878	262.0
114.8971777151155	265.0
114.90717833986223	272.0
114.91717896460895	305.0
114.92717958935567	301.0
114.9371802141024	301.0
114.94718083884912	294.0
114.95718146359584	291.0
114.96718208834257	284.0
114.97718271308929	278.0
114.98718333783603	268.0
114.99718396258275	259.0
115.00718458732948	236.0
115.0171852120762	231.0
115.02718583682292	228.0
115.03718646156965	226.0
115.04718708631637	223.0
115.0571877110631	220.0
115.06718833580982	220.0
115.07718896055654	220.0
115.08718958530326	223.0
115.09719021004999	226.0
115.10719083479671	228.0
115.11719145954343	231.0
115.12719208429016	234.0
115.13719270903688	236.0
115.1471933337836	239.0
115.15719395853033	239.0
115.16719458327707	239.0
115.17719520802379	236.0
115.18719583277051	234.0
115.19719645751724	231.0
115.20719708226396	228.0
115.21719770701068	226.0
115.2271983317574	226.0
115.23719895650413	223.0
115.24719958125085	223.0
115.25720020599758	220.0
115.2672008307443	220.0
115.27720145549102	218.0
115.28720208023775	220.0
115.29720270498447	220.0
115.3072033297312	220.0
115.31720395447792	220.0
115.32720457922464	220.0
115.33720520397138	220.0
115.3472058287181	220.0
115.35720645346483	220.0
115.36720707821155	220.0
115.37720770295827	0.0
115.387208327705	0.0
115.39720895245172	0.0
115.40720957719844	0.0
115.41721020194517	0.0
115.42721082669189	0.0
115.43721145143861	0.0
115.44721207618534	0.0
115.45721270093206	0.0
115.46721332567878	0.0
115.47721395042551	0.0
115.48721457517223	0.0
115.49721519991895	0.0
115.50721582466569	0.0
115.51721644941242	0.0
115.52721707415914	0.0
115.53721769890586	0.0
115.54721832365259	0.0
115.55721894839931	0.0
115.56721957314603	0.0
115.57722019789276	0.0
115.58722082263948	0.0
115.5972214473862	0.0
115.60722207213293	0.0
115.61722269687965	0.0
115.62722332162637	0.0
115.6372239463731	0.0
115.64722457111982	0.0
115.65722519586654	0.0
115.66722582061327	0.0
115.67722644536	0.0
115.68722707010673	0.0
115.69722769485345	0.0
115.70722831960018	0.0
115.7172289443469	0.0
115.72722956909362	0.0
115.73723019384035	0.0
115.74723081858707	0.0
115.7572314433338	0.0
115.76723206808052	0.0
115.77723269282724	0.0
115.78723331757396	0.0
115.79723394232069	0.0
115.80723456706741	0.0
115.81723519181413	0.0
115.82723581656086	0.0
115.83723644130758	0.0
115.84723706605432	0.0
115.85723769080104	0.0
115.86723831554777	0.0
115.87723894029449	0.0
115.88723956504121	0.0
115.89724018978794	0.0
115.90724081453466	0.0
115.91724143928138	0.0
115.9272420640281	0.0
115.93724268877483	0.0
115.94724331352155	0.0
115.95724393826828	0.0
115.967244563015	0.0
115.97724518776172	0.0
115.98724581250845	0.0
115.99724643725517	0.0
116.0072470620019	0.0
116.01724768674862	0.0
116.02724831149536	0.0
116.03724893624208	0.0
116.0472495609888	0.0
116.05725018573553	0.0
116.06725081048225	0.0
116.07725143522897	0.0
116.0872520599757	0.0
116.09725268472242	0.0
116.10725330946914	0.0
116.11725393421587	0.0
116.12725455896259	0.0
116.13725518370931	0.0
116.14725580845604	0.0
116.15725643320276	0.0
116.16725705794948	0.0
116.17725768269621	0.0
116.18725830744293	0.0
116.19725893218967	0.0
116.20725955693639	0.0
116.21726018168312	0.0
116.22726080642984	0.0
116.23726143117656	0.0
116.24726205592329	0.0
116.25726268067001	0.0
116.26726330541673	0.0
116.27726393016346	0.0
116.28726455491018	0.0
116.2972651796569	0.0
116.30726580440363	0.0
116.31726642915035	0.0
116.32726705389707	0.0
116.3372676786438	0.0
116.34726830339052	0.0
116.35726892813724	0.0
116.36726955288398	0.0
116.3772701776307	0.0
116.38727080237743	0.0
116.39727142712415	0.0
116.40727205187088	0.0
116.4172726766176	0.0
116.42727330136432	140.0
116.43727392611105	288.0
116.44727455085777	144.0
116.4572751756045	145.0
116.46727580035122	149.0
116.47727642509794	154.0
116.48727704984466	158.0
116.49727767459139	159.0
116.50727829933811	161.0
116.51727892408483	163.0
116.52727954883156	163.0
116.5372801735783	161.0
116.54728079832502	159.0
116.55728142307174	156.0
116.56728204781847	154.0
116.57728267256519	150.0
116.58728329731191	149.0
116.59728392205864	145.0
116.60728454680536	144.0
116.61728517155208	140.0
116.6272857962988	139.0
116.63728642104553	137.0
116.64728704579225	134.0
116.65728767053898	132.0
116.6672882952857	131.0
116.67728892003242	129.0
116.68728954477915	128.0
116.69729016952587	126.0
116.70729079427261	125.0
116.71729141901933	124.0
116.72729204376606	122.0
116.73729266851278	119.0
116.7472932932595	118.0
116.75729391800623	117.0
116.76729454275295	117.0
116.77729516749967	117.0
116.7872957922464	115.0
116.79729641699312	114.0
116.80729704173984	113.0
116.81729766648657	110.0
116.82729829123329	109.0
116.83729891598001	105.0
116.84729954072674	101.0
116.85730016547346	101.0
116.86730079022018	0.0
116.87730141496692	0.0
116.88730203971365	0.0
116.89730266446037	0.0
116.90730328920709	0.0
116.91730391395382	0.0
116.92730453870054	0.0
116.93730516344726	0.0
116.94730578819399	0.0
116.95730641294071	0.0
116.96730703768743	0.0
116.97730766243416	0.0
116.98730828718088	0.0
116.9973089119276	0.0
117.00730953667433	0.0
117.01731016142105	0.0
117.02731078616777	0.0
117.0373114109145	0.0
117.04731203566122	0.0
117.05731266040796	0.0
117.06731328515468	0.0
117.0773139099014	0.0
117.08731453464813	0.0
117.09731515939485	0.0
117.10731578414158	0.0
117.1173164088883	0.0
117.12731703363502	0.0
117.13731765838175	0.0
117.14731828312847	0.0
117.1573189078752	0.0
117.16731953262192	0.0
117.17732015736864	0.0
117.18732078211536	0.0
117.19732140686209	0.0
117.20732203160881	0.0
117.21732265635553	0.0
117.22732328110227	0.0
117.237323905849	0.0
117.24732453059572	0.0
117.25732515534244	0.0
117.26732578008917	0.0
117.27732640483589	0.0
117.28732702958261	210.0
117.29732765432934	213.0
117.30732827907606	215.0
117.31732890382278	218.0
117.3273295285695	220.0
117.33733015331623	223.0
117.34733077806295	226.0
117.35733140280968	228.0
117.3673320275564	231.0
117.37733265230312	231.0
117.38733327704985	231.0
117.39733390179659	234.0
117.40733452654331	231.0
117.41733515129003	231.0
117.42733577603676	228.0
117.43733640078348	228.0
117.4473370255302	226.0
117.45733765027693	220.0
117.46733827502365	220.0
117.47733889977037	218.0
117.4873395245171	215.0
117.49734014926382	215.0
117.50734077401054	215.0
117.51734139875727	215.0
117.52734202350399	213.0
117.53734264825071	213.0
117.54734327299744	210.0
117.55734389774416	210.0
117.5673445224909	210.0
117.57734514723762	210.0
117.58734577198435	210.0
117.59734639673107	213.0
117.60734702147779	215.0
117.61734764622452	218.0
117.62734827097124	223.0
117.63734889571796	234.0
117.64734952046469	245.0
117.65735014521141	259.0
117.66735076995813	275.0
117.67735139470486	288.0
117.68735201945158	291.0
117.6973526441983	294.0
117.70735326894503	298.0
117.71735389369175	294.0
117.72735451843847	291.0
117.73735514318521	284.0
117.74735576793194	278.0
117.75735639267866	275.0
117.76735701742538	275.0
117.7773576421721	272.0
117.78735826691883	265.0
117.79735889166555	262.0
117.80735951641228	259.0
117.817360141159	256.0
117.82736076590572	256.0
117.83736139065245	253.0
117.84736201539917	248.0
117.8573626401459	245.0
117.86736326489262	245.0
117.87736388963934	242.0
117.88736451438606	239.0
117.89736513913279	236.0
117.90736576387953	234.0
117.91736638862625	228.0
117.92736701337297	226.0
117.9373676381197	223.0
117.94736826286642	223.0
117.95736888761314	220.0
117.96736951235987	220.0
117.97737013710659	218.0
117.98737076185331	218.0
117.99737138660004	215.0
118.00737201134676	215.0
118.01737263609348	215.0
118.0273732608402	215.0
118.03737388558693	215.0
118.04737451033365	215.0
118.05737513508038	218.0
118.0673757598271	218.0
118.07737638457382	220.0
118.08737700932056	223.0
118.09737763406729	226.0
118.10737825881401	228.0
118.11737888356073	231.0
118.12737950830746	234.0
118.13738013305418	236.0
118.1473807578009	236.0
118.15738138254763	236.0
118.16738200729435	236.0
118.17738263204107	236.0
118.1873832567878	236.0
118.19738388153452	234.0
118.20738450628124	234.0
118.21738513102797	231.0
118.22738575577469	231.0
118.23738638052141	231.0
118.24738700526814	228.0
118.25738763001488	228.0
118.2673882547616	226.0
118.27738887950832	226.0
118.28738950425505	223.0
118.29739012900177	220.0
118.30739075374849	220.0
118.31739137849522	218.0
118.32739200324194	218.0
118.33739262798866	218.0
118.34739325273539	220.0
118.35739387748211	220.0
118.36739450222883	226.0
118.37739512697556	228.0
118.38739575172228	234.0
118.397396376469	236.0
118.40739700121573	242.0
118.41739762596245	245.0
118.42739825070919	248.0
118.43739887545591	248.0
118.44739950020264	245.0
118.45740012494936	239.0
118.46740074969608	236.0
118.4774013744428	231.0
118.48740199918953	231.0
118.49740262393625	228.0
118.50740324868298	226.0
118.5174038734297	226.0
118.52740449817642	223.0
118.53740512292315	223.0
118.54740574766987	223.0
118.5574063724166	223.0
118.56740699716332	223.0
118.57740762191004	226.0
118.58740824665676	231.0
118.5974088714035	236.0
118.60740949615023	242.0
118.61741012089695	250.0
118.62741074564367	259.0
118.6374113703904	268.0
118.64741199513712	278.0
118.65741261988384	284.0
118.66741324463057	291.0
118.67741386937729	294.0
118.68741449412401	291.0
118.69741511887074	291.0
118.70741574361746	284.0
118.71741636836418	278.0
118.72741699311091	275.0
118.73741761785763	268.0
118.74741824260435	262.0
118.75741886735108	259.0
118.76741949209782	256.0
118.77742011684454	253.0
118.78742074159126	250.0
118.79742136633799	248.0
118.80742199108471	245.0
118.81742261583143	242.0
118.82742324057816	239.0
118.83742386532488	236.0
118.8474244900716	234.0
118.85742511481833	231.0
118.86742573956505	228.0
118.87742636431177	228.0
118.8874269890585	226.0
118.89742761380522	226.0
118.90742823855194	223.0
118.91742886329867	223.0
118.92742948804539	220.0
118.93743011279213	218.0
118.94743073753885	215.0
118.95743136228558	215.0
118.9674319870323	215.0
118.97743261177902	215.0
118.98743323652575	215.0
118.99743386127247	215.0
119.00743448601919	218.0
119.01743511076592	218.0
119.02743573551264	220.0
119.03743636025936	223.0
119.04743698500609	223.0
119.05743760975281	226.0
119.06743823449953	228.0
119.07743885924626	228.0
119.08743948399298	231.0
119.0974401087397	231.0
119.10744073348643	231.0
119.11744135823317	231.0
119.12744198297989	231.0
119.13744260772661	228.0
119.14744323247334	226.0
119.15744385722006	223.0
119.16744448196678	220.0
119.1774451067135	220.0
119.18744573146023	218.0
119.19744635620695	215.0
119.20744698095368	215.0
119.2174476057004	213.0
119.22744823044712	213.0
119.23744885519385	210.0
119.24744947994057	213.0
119.2574501046873	215.0
119.26745072943402	218.0
119.27745135418074	226.0
119.28745197892748	234.0
119.2974526036742	242.0
119.30745322842093	253.0
119.31745385316765	265.0
119.32745447791437	275.0
119.3374551026611	288.0
119.34745572740782	294.0
119.35745635215454	301.0
119.36745697690127	301.0
119.37745760164799	301.0
119.38745822639471	298.0
119.39745885114144	291.0
119.40745947588816	284.0
119.41746010063488	278.0
119.42746072538161	268.0
119.43746135012833	262.0
119.44746197487505	256.0
119.45746259962179	250.0
119.46746322436852	245.0
119.47746384911524	239.0
119.48746447386196	236.0
119.49746509860869	236.0
119.50746572335541	234.0
119.51746634810213	231.0
119.52746697284886	228.0
119.53746759759558	228.0
119.5474682223423	228.0
119.55746884708903	226.0
119.56746947183575	226.0
119.57747009658247	223.0
119.5874707213292	223.0
119.59747134607592	223.0
119.60747197082264	223.0
119.61747259556937	223.0
119.6274732203161	223.0
119.63747384506283	223.0
119.64747446980955	223.0
119.65747509455628	226.0
119.667475719303	228.0
119.67747634404972	231.0
119.68747696879645	234.0
119.69747759354317	236.0
119.70747821828989	239.0
119.71747884303662	245.0
119.72747946778334	248.0
119.73748009253006	248.0
119.74748071727679	248.0
119.75748134202351	248.0
119.76748196677023	245.0
119.77748259151696	239.0
119.78748321626368	236.0
119.79748384101042	234.0
119.80748446575714	231.0
119.81748509050387	231.0
119.82748571525059	228.0
119.83748633999731	228.0
119.84748696474404	228.0
119.85748758949076	228.0
119.86748821423748	231.0
119.8774888389842	236.0
119.88748946373093	242.0
119.89749008847765	250.0
119.90749071322438	262.0
119.9174913379711	272.0
119.92749196271782	284.0
119.93749258746455	294.0
119.94749321221127	298.0
119.957493836958	294.0
119.96749446170472	288.0
119.97749508645146	281.0
119.98749571119818	265.0
119.9974963359449	253.0
120.00749696069163	239.0
120.01749758543835	228.0
120.02749821018507	220.0
120.0374988349318	210.0
120.04749945967852	203.0
120.05750008442524	194.0
120.06750070917197	190.0
120.07750133391869	187.0
120.08750195866541	183.0
120.09750258341214	179.0
120.10750320815886	177.0
120.11750383290558	175.0
120.12750445765231	173.0
120.13750508239903	171.0
120.14750570714577	167.0
120.15750633189249	165.0
120.16750695663922	163.0
120.17750758138594	161.0
120.18750820613266	161.0
120.19750883087939	161.0
120.20750945562611	161.0
120.21751008037283	161.0
120.22751070511956	163.0
120.23751132986628	163.0
120.247511954613	163.0
120.25751257935973	161.0
120.26751320410645	161.0
120.27751382885317	159.0
120.2875144535999	159.0
120.29751507834662	159.0
120.30751570309334	161.0
120.31751632784008	163.0
120.3275169525868	167.0
120.33751757733353	171.0
120.34751820208025	173.0
120.35751882682698	175.0
120.3675194515737	177.0
120.37752007632042	179.0
120.38752070106715	179.0
120.39752132581387	179.0
120.4075219505606	177.0
120.41752257530732	175.0
120.42752320005404	171.0
120.43752382480076	169.0
120.44752444954749	167.0
120.45752507429421	165.0
120.46752569904093	165.0
120.47752632378766	165.0
120.4875269485344	165.0
120.49752757328112	167.0
120.50752819802784	171.0
120.51752882277457	179.0
120.52752944752129	190.0
120.53753007226801	203.0
120.54753069701474	220.0
120.55753132176146	234.0
120.56753194650818	250.0
120.5775325712549	272.0
120.58753319600163	281.0
120.59753382074835	291.0
120.60753444549508	298.0
120.6175350702418	301.0
120.62753569498852	301.0
120.63753631973525	294.0
120.64753694448197	288.0
120.65753756922871	278.0
120.66753819397543	272.0
120.67753881872216	262.0
120.68753944346888	256.0
120.6975400682156	250.0
120.70754069296233	245.0
120.71754131770905	239.0
120.72754194245577	236.0
120.7375425672025	234.0
120.74754319194922	231.0
120.75754381669594	228.0
120.76754444144267	226.0
120.77754506618939	223.0
120.78754569093611	220.0
120.79754631568284	220.0
120.80754694042956	220.0
120.81754756517628	218.0
120.82754818992302	218.0
120.83754881466974	218.0
120.84754943941647	218.0
120.85755006416319	218.0
120.86755068890992	220.0
120.87755131365664	220.0
120.88755193840336	223.0
120.89755256315009	226.0
120.90755318789681	228.0
120.91755381264353	231.0
120.92755443739026	236.0
120.93755506213698	242.0
120.9475556868837	248.0
120.95755631163043	250.0
120.96755693637715	250.0
120.97755756112387	248.0
120.9875581858706	245.0
120.99755881061732	242.0
121.00755943536406	239.0
121.01756006011078	236.0
121.0275606848575	234.0
121.03756130960423	231.0
121.04756193435095	228.0
121.05756255909768	228.0
121.0675631838444	228.0
121.07756380859112	231.0
121.08756443333785	234.0
121.09756505808457	239.0
121.1075656828313	245.0
121.11756630757802	253.0
121.12756693232474	262.0
121.13756755707146	272.0
121.14756818181819	284.0
121.15756880656491	294.0
121.16756943131163	305.0
121.17757005605837	308.0
121.1875706808051	308.0
121.19757130555182	305.0
121.20757193029854	298.0
121.21757255504527	291.0
121.22757317979199	284.0
121.23757380453871	281.0
121.24757442928544	278.0
121.25757505403216	275.0
121.26757567877888	275.0
121.2775763035256	275.0
121.28757692827233	278.0
121.29757755301905	284.0
121.30757817776578	291.0
121.3175788025125	294.0
121.32757942725922	301.0
121.33758005200595	305.0
121.34758067675268	305.0
121.35758130149941	305.0
121.36758192624613	301.0
121.37758255099286	294.0
121.38758317573958	288.0
121.3975838004863	284.0
121.40758442523303	284.0
121.41758504997975	284.0
121.42758567472647	288.0
121.4375862994732	294.0
121.44758692421992	301.0
121.45758754896664	312.0
121.46758817371337	316.0
121.47758879846009	316.0
121.48758942320681	312.0
121.49759004795354	308.0
121.50759067270026	298.0
121.517591297447	284.0
121.52759192219372	228.0
121.53759254694045	215.0
121.54759317168717	203.0
121.55759379643389	201.0
121.56759442118062	203.0
121.57759504592734	210.0
121.58759567067406	220.0
121.59759629542079	223.0
121.60759692016751	228.0
121.61759754491423	234.0
121.62759816966096	242.0
121.63759879440768	250.0
121.6475994191544	250.0
121.65760004390113	250.0
121.66760066864785	245.0
121.67760129339457	236.0
121.68760191814131	231.0
121.69760254288803	226.0
121.70760316763476	220.0
121.71760379238148	218.0
121.7276044171282	218.0
121.73760504187493	218.0
121.74760566662165	220.0
121.75760629136838	220.0
121.7676069161151	223.0
121.77760754086182	223.0
121.78760816560855	220.0
121.79760879035527	220.0
121.807609415102	218.0
121.81761003984872	215.0
121.82761066459544	213.0
121.83761128934216	210.0
121.84761191408889	208.0
121.85761253883562	206.0
121.86761316358235	203.0
121.87761378832907	203.0
121.8876144130758	203.0
121.89761503782252	206.0
121.90761566256924	208.0
121.91761628731597	213.0
121.92761691206269	218.0
121.93761753680941	220.0
121.94761816155614	220.0
121.95761878630286	218.0
121.96761941104958	218.0
121.9776200357963	218.0
121.98762066054303	218.0
121.99762128528975	220.0
122.00762191003648	220.0
122.0176225347832	220.0
122.02762315952992	0.0
122.03762378427666	0.0
122.04762440902338	0.0
122.05762503377011	0.0
122.06762565851683	0.0
122.07762628326356	0.0
122.08762690801028	0.0
122.097627532757	0.0
122.10762815750373	0.0
122.11762878225045	0.0
122.12762940699717	0.0
122.1376300317439	0.0
122.14763065649062	0.0
122.15763128123734	0.0
122.16763190598407	0.0
122.17763253073079	0.0
122.18763315547751	0.0
122.19763378022424	0.0
122.20763440497097	0.0
122.2176350297177	0.0
122.22763565446442	0.0
122.23763627921115	0.0
122.24763690395787	0.0
122.25763752870459	0.0
122.26763815345132	0.0
122.27763877819804	0.0
122.28763940294476	0.0
122.29764002769149	0.0
122.30764065243821	0.0
122.31764127718493	0.0
122.32764190193166	0.0
122.33764252667838	0.0
122.3476431514251	0.0
122.35764377617183	0.0
122.36764440091855	0.0
122.37764502566529	0.0
122.38764565041201	0.0
122.39764627515873	0.0
122.40764689990546	0.0
122.41764752465218	0.0
122.4276481493989	0.0
122.43764877414563	0.0
122.44764939889235	0.0
122.45765002363908	0.0
122.4676506483858	0.0
122.47765127313252	0.0
122.48765189787925	0.0
122.49765252262597	0.0
122.5076531473727	0.0
122.51765377211942	0.0
122.52765439686614	0.0
122.53765502161286	0.0
122.5476556463596	0.0
122.55765627110632	0.0
122.56765689585305	0.0
122.57765752059977	0.0
122.5876581453465	0.0
122.59765877009322	0.0
122.60765939483994	0.0
122.61766001958667	0.0
122.62766064433339	0.0
122.63766126908011	0.0
122.64766189382684	0.0
122.65766251857356	0.0
122.66766314332028	0.0
122.677663768067	0.0
122.68766439281373	0.0
122.69766501756045	0.0
122.70766564230718	0.0
122.71766626705391	0.0
122.72766689180064	0.0
122.73766751654736	201.0
122.74766814129408	201.0
122.75766876604081	203.0
122.76766939078753	206.0
122.77767001553426	210.0
122.78767064028098	213.0
122.7976712650277	215.0
122.80767188977443	218.0
122.81767251452115	220.0
122.82767313926787	220.0
122.8376737640146	220.0
122.84767438876132	220.0
122.85767501350804	218.0
122.86767563825477	215.0
122.87767626300149	213.0
122.88767688774823	208.0
122.89767751249495	206.0
122.90767813724167	203.0
122.9176787619884	203.0
122.92767938673512	201.0
122.93768001148185	201.0
122.94768063622857	201.0
122.95768126097529	201.0
122.96768188572202	201.0
122.97768251046874	201.0
122.98768313521546	203.0
122.99768375996219	206.0
123.00768438470891	208.0
123.01768500945563	210.0
123.02768563420236	213.0
123.03768625894908	215.0
123.0476868836958	218.0
123.05768750844253	220.0
123.06768813318926	220.0
123.07768875793599	218.0
123.08768938268271	218.0
123.09769000742943	215.0
123.10769063217616	213.0
123.11769125692288	210.0
123.1276918816696	208.0
123.13769250641633	206.0
123.14769313116305	203.0
123.15769375590978	201.0
123.1676943806565	201.0
123.17769500540322	203.0
123.18769563014995	203.0
123.19769625489667	208.0
123.2076968796434	210.0
123.21769750439012	213.0
123.22769812913684	218.0
123.23769875388358	220.0
123.2476993786303	226.0
123.25770000337702	228.0
123.26770062812375	228.0
123.27770125287047	228.0
123.2877018776172	226.0
123.29770250236392	220.0
123.30770312711064	218.0
123.31770375185737	213.0
123.32770437660409	210.0
123.33770500135081	210.0
123.34770562609754	213.0
123.35770625084426	215.0
123.36770687559098	220.0
123.3777075003377	228.0
123.38770812508443	239.0
123.39770874983115	253.0
123.40770937457789	265.0
123.41770999932461	275.0
123.42771062407134	281.0
123.43771124881806	284.0
123.44771187356478	281.0
123.45771249831151	278.0
123.46771312305823	268.0
123.47771374780496	259.0
123.48771437255168	250.0
123.4977149972984	245.0
123.50771562204513	236.0
123.51771624679185	231.0
123.52771687153857	228.0
123.5377174962853	226.0
123.54771812103202	223.0
123.55771874577874	220.0
123.56771937052547	218.0
123.5777199952722	218.0
123.58772062001893	218.0
123.59772124476565	220.0
123.60772186951237	223.0
123.6177224942591	226.0
123.62772311900582	228.0
123.63772374375255	231.0
123.64772436849927	234.0
123.65772499324599	239.0
123.66772561799272	242.0
123.67772624273944	248.0
123.68772686748616	250.0
123.69772749223289	250.0
123.70772811697961	248.0
123.71772874172633	242.0
123.72772936647306	236.0
123.73772999121978	231.0
123.74773061596652	228.0
123.75773124071324	226.0
123.76773186545996	223.0
123.77773249020669	223.0
123.78773311495341	223.0
123.79773373970013	226.0
123.80773436444686	234.0
123.81773498919358	239.0
123.8277356139403	250.0
123.83773623868703	259.0
123.84773686343375	268.0
123.85773748818048	281.0
123.8677381129272	288.0
123.87773873767392	294.0
123.88773936242065	294.0
123.89773998716737	294.0
123.9077406119141	291.0
123.91774123666082	291.0
123.92774186140755	288.0
123.93774248615428	284.0
123.947743110901	281.0
123.95774373564772	281.0
123.96774436039445	281.0
123.97774498514117	281.0
123.9877456098879	281.0
123.99774623463462	281.0
124.00774685938134	281.0
124.01774748412807	281.0
124.02774810887479	284.0
124.03774873362151	288.0
124.04774935836824	288.0
124.05774998311496	288.0
124.06775060786168	288.0
124.0777512326084	284.0
124.08775185735513	281.0
124.09775248210187	278.0
124.10775310684859	272.0
124.11775373159531	268.0
124.12775435634204	268.0
124.13775498108876	268.0
124.14775560583548	272.0
124.15775623058221	275.0
124.16775685532893	275.0
124.17775748007566	281.0
124.18775810482238	288.0
124.1977587295691	291.0
124.20775935431583	291.0
124.21775997906255	291.0
124.22776060380927	284.0
124.237761228556	275.0
124.24776185330272	262.0
124.25776247804944	242.0
124.26776310279618	228.0
124.2777637275429	220.0
124.28776435228963	218.0
124.29776497703635	215.0
124.30776560178307	215.0
124.3177662265298	218.0
124.32776685127652	220.0
124.33776747602325	223.0
124.34776810076997	228.0
124.35776872551669	234.0
124.36776935026342	242.0
124.37776997501014	248.0
124.38777059975686	248.0
124.39777122450359	248.0
124.40777184925031	245.0
124.41777247399703	242.0
124.42777309874376	236.0
124.4377737234905	231.0
124.44777434823722	226.0
124.45777497298394	223.0
124.46777559773066	220.0
124.47777622247739	218.0
124.48777684722411	218.0
124.49777747197083	220.0
124.50777809671756	223.0
124.51777872146428	223.0
124.527779346211	226.0
124.53777997095773	226.0
124.54778059570445	223.0
124.55778122045118	220.0
124.5677818451979	218.0
124.57778246994462	215.0
124.58778309469135	213.0
124.59778371943807	208.0
124.60778434418481	208.0
124.61778496893153	206.0
124.62778559367825	206.0
124.63778621842498	206.0
124.6477868431717	206.0
124.65778746791842	208.0
124.66778809266515	210.0
124.67778871741187	215.0
124.6877893421586	236.0
124.69778996690532	242.0
124.70779059165204	250.0
124.71779121639877	256.0
124.72779184114549	262.0
124.73779246589221	268.0
124.74779309063894	272.0
124.75779371538566	278.0
124.76779434013238	281.0
124.77779496487912	288.0
124.78779558962584	291.0
124.79779621437257	288.0
124.80779683911929	288.0
124.81779746386601	284.0
124.82779808861274	284.0
124.83779871335946	281.0
124.84779933810619	278.0
124.85779996285291	275.0
124.86780058759963	275.0
124.87780121234636	0.0
124.88780183709308	0.0
124.8978024618398	0.0
124.90780308658653	0.0
124.91780371133325	0.0
124.92780433607997	0.0
124.9378049608267	0.0
124.94780558557342	0.0
124.95780621032016	0.0
124.96780683506688	0.0
124.9778074598136	0.0
124.98780808456033	0.0
124.99780870930705	0.0
125.00780933405377	0.0
125.0178099588005	0.0
125.02781058354722	0.0
125.03781120829395	0.0
125.04781183304067	0.0
125.05781245778739	0.0
125.06781308253412	0.0
125.07781370728084	0.0
125.08781433202756	0.0
125.09781495677429	0.0
125.10781558152101	0.0
125.11781620626773	0.0
125.12781683101447	0.0
125.1378174557612	0.0
125.14781808050792	0.0
125.15781870525464	0.0
125.16781933000136	0.0
125.17781995474809	0.0
125.18782057949481	0.0
125.19782120424154	0.0
125.20782182898826	0.0
125.21782245373498	0.0
125.2278230784817	0.0
125.23782370322843	0.0
125.24782432797515	0.0
125.25782495272188	0.0
125.2678255774686	215.0
125.27782620221532	218.0
125.28782682696205	220.0
125.29782745170878	220.0
125.30782807645551	223.0
125.31782870120223	226.0
125.32782932594895	226.0
125.33782995069568	231.0
125.3478305754424	234.0
125.35783120018912	234.0
125.36783182493585	236.0
125.37783244968257	236.0
125.3878330744293	234.0
125.39783369917602	231.0
125.40783432392274	228.0
125.41783494866947	223.0
125.42783557341619	220.0
125.43783619816291	218.0
125.44783682290964	213.0
125.45783744765636	213.0
125.4678380724031	213.0
125.47783869714982	213.0
125.48783932189654	210.0
125.49783994664327	210.0
125.50784057138999	210.0
125.51784119613671	208.0
125.52784182088344	208.0
125.53784244563016	208.0
125.54784307037689	208.0
125.55784369512361	208.0
125.56784431987033	210.0
125.57784494461706	213.0
125.58784556936378	215.0
125.5978461941105	215.0
125.60784681885723	218.0
125.61784744360395	218.0
125.62784806835067	218.0
125.63784869309741	218.0
125.64784931784413	218.0
125.65784994259086	218.0
125.66785056733758	218.0
125.6778511920843	218.0
125.68785181683103	218.0
125.69785244157775	218.0
125.70785306632447	215.0
125.7178536910712	213.0
125.72785431581792	210.0
125.73785494056465	208.0
125.74785556531137	206.0
125.75785619005809	203.0
125.76785681480482	203.0
125.77785743955154	203.0
125.78785806429826	206.0
125.79785868904499	208.0
125.80785931379172	210.0
125.81785993853845	213.0
125.82786056328517	218.0
125.8378611880319	223.0
125.84786181277862	226.0
125.85786243752534	231.0
125.86786306227206	234.0
125.87786368701879	234.0
125.88786431176551	234.0
125.89786493651224	231.0
125.90786556125896	228.0
125.91786618600568	226.0
125.9278668107524	223.0
125.93786743549913	220.0
125.94786806024585	218.0
125.95786868499258	218.0
125.9678693097393	218.0
125.97786993448602	220.0
125.98787055923276	223.0
125.99787118397948	228.0
126.00787180872621	234.0
126.01787243347293	242.0
126.02787305821965	250.0
126.03787368296638	265.0
126.0478743077131	275.0
126.05787493245982	284.0
126.06787555720655	291.0
126.07787618195327	291.0
126.0878768067	291.0
126.09787743144672	288.0
126.10787805619344	281.0
126.11787868094017	272.0
126.12787930568689	262.0
126.13787993043361	253.0
126.14788055518034	248.0
126.15788117992707	242.0
126.1678818046738	236.0
126.17788242942052	231.0
126.18788305416724	228.0
126.19788367891397	226.0
126.20788430366069	223.0
126.21788492840741	223.0
126.22788555315414	220.0
126.23788617790086	220.0
126.24788680264759	220.0
126.25788742739431	220.0
126.26788805214103	220.0
126.27788867688776	223.0
126.28788930163448	228.0
126.2978899263812	231.0
126.30789055112793	234.0
126.31789117587465	239.0
126.32789180062139	245.0
126.33789242536811	248.0
126.34789305011483	250.0
126.35789367486156	250.0
126.36789429960828	245.0
126.377894924355	239.0
126.38789554910173	234.0
126.39789617384845	231.0
126.40789679859517	228.0
126.4178974233419	226.0
126.42789804808862	223.0
126.43789867283535	223.0
126.44789929758207	226.0
126.45789992232879	228.0
126.46790054707552	234.0
126.47790117182224	239.0
126.48790179656896	245.0
126.4979024213157	253.0
126.50790304606242	262.0
126.51790367080915	275.0
126.52790429555587	281.0
126.5379049203026	288.0
126.54790554504932	291.0
126.55790616979604	291.0
126.56790679454276	288.0
126.57790741928949	281.0
126.58790804403621	278.0
126.59790866878294	275.0
126.60790929352966	272.0
126.61790991827638	272.0
126.6279105430231	275.0
126.63791116776983	278.0
126.64791179251655	278.0
126.65791241726328	281.0
126.66791304201001	284.0
126.67791366675674	291.0
126.68791429150346	294.0
126.69791491625018	298.0
126.70791554099691	298.0
126.71791616574363	298.0
126.72791679049035	294.0
126.73791741523708	291.0
126.7479180399838	284.0
126.75791866473052	281.0
126.76791928947725	278.0
126.77791991422397	275.0
126.7879205389707	275.0
126.79792116371742	278.0
126.80792178846414	284.0
126.81792241321087	291.0
126.82792303795759	298.0
126.83792366270431	301.0
126.84792428745105	305.0
126.85792491219777	301.0
126.8679255369445	294.0
126.87792616169122	288.0
126.88792678643794	272.0
126.89792741118467	250.0
126.90792803593139	234.0
126.91792866067811	218.0
126.92792928542484	213.0
126.93792991017156	210.0
126.94793053491829	210.0
126.95793115966501	213.0
126.96793178441173	215.0
126.97793240915846	220.0
126.98793303390518	226.0
126.9979336586519	231.0
127.00793428339863	234.0
127.01793490814536	236.0
127.02793553289209	236.0
127.03793615763881	236.0
127.04793678238553	231.0
127.05793740713226	226.0
127.06793803187898	220.0
127.0779386566257	215.0
127.08793928137243	213.0
127.09793990611915	210.0
127.10794053086587	210.0
127.1179411556126	213.0
127.12794178035932	213.0
127.13794240510605	215.0
127.14794302985277	215.0
127.15794365459949	215.0
127.16794427934622	215.0
127.17794490409294	215.0
127.18794552883968	213.0
127.1979461535864	213.0
127.20794677833312	210.0
127.21794740307985	208.0
127.22794802782657	206.0
127.2379486525733	203.0
127.24794927732002	203.0
127.25794990206674	203.0
127.26795052681346	206.0
127.27795115156019	210.0
127.28795177630691	215.0
127.29795240105364	218.0
127.30795302580036	220.0
127.31795365054708	220.0
127.3279542752938	223.0
127.33795490004053	223.0
127.34795552478725	223.0
127.35795614953399	223.0
127.36795677428071	220.0
127.37795739902744	218.0
127.38795802377416	215.0
127.39795864852088	213.0
127.40795927326761	213.0
127.41795989801433	213.0
127.42796052276105	215.0
127.43796114750778	218.0
127.4479617722545	223.0
127.45796239700122	228.0
127.46796302174795	239.0
127.47796364649467	248.0
127.4879642712414	272.0
127.49796489598812	278.0
127.50796552073484	281.0
127.51796614548157	284.0
127.5279667702283	288.0
127.53796739497503	288.0
127.54796801972175	284.0
127.55796864446847	278.0
127.5679692692152	268.0
127.57796989396192	259.0
127.58797051870864	250.0
127.59797114345537	242.0
127.60797176820209	236.0
127.61797239294881	231.0
127.62797301769554	228.0
127.63797364244226	223.0
127.64797426718899	220.0
127.65797489193571	218.0
127.66797551668243	215.0
127.67797614142916	215.0
127.68797676617588	213.0
127.69797739092262	210.0
127.70797801566934	208.0
127.71797864041606	206.0
127.72797926516279	203.0
127.73797988990951	201.0
127.74798051465623	201.0
127.75798113940296	199.0
127.76798176414968	199.0
127.7779823888964	196.0
127.78798301364313	194.0
127.79798363838985	194.0
127.80798426313658	196.0
127.8179848878833	199.0
127.82798551263002	203.0
127.83798613737675	206.0
127.84798676212347	210.0
127.85798738687019	215.0
127.86798801161692	220.0
127.87798863636365	223.0
127.88798926111038	226.0
127.8979898858571	228.0
127.90799051060382	228.0
127.91799113535055	226.0
127.92799176009727	223.0
127.937992384844	218.0
127.94799300959072	215.0
127.95799363433744	213.0
127.96799425908416	210.0
127.97799488383089	208.0
127.98799550857761	208.0
127.99799613332434	208.0
128.00799675807107	208.0
128.01799738281778	210.0
128.02799800756452	213.0
128.03799863231123	215.0
128.04799925705797	218.0
128.05799988180468	220.0
128.0680005065514	223.0
128.07800113129812	234.0
128.08800175604486	245.0
128.09800238079157	259.0
128.1080030055383	275.0
128.11800363028502	291.0
128.12800425503175	301.0
128.1380048797785	305.0
128.1480055045252	301.0
128.15800612927194	298.0
128.16800675401865	288.0
128.1780073787654	281.0
128.1880080035121	272.0
128.19800862825883	265.0
128.20800925300554	259.0
128.21800987775228	253.0
128.228010502499	248.0
128.23801112724573	242.0
128.24801175199244	236.0
128.25801237673917	231.0
128.26801300148588	228.0
128.27801362623262	226.0
128.28801425097933	223.0
128.29801487572607	220.0
128.3080155004728	215.0
128.31801612521951	215.0
128.32801674996625	213.0
128.33801737471296	213.0
128.3480179994597	213.0
128.3580186242064	213.0
128.36801924895315	215.0
128.37801987369986	218.0
128.3880204984466	220.0
128.3980211231933	223.0
128.40802174794004	228.0
128.41802237268675	236.0
128.4280229974335	242.0
128.4380236221802	250.0
128.44802424692693	253.0
128.45802487167364	253.0
128.46802549642038	253.0
128.47802612116712	250.0
128.48802674591383	245.0
128.49802737066057	236.0
128.50802799540728	234.0
128.518028620154	228.0
128.52802924490072	226.0
128.53802986964746	223.0
128.54803049439417	220.0
128.5580311191409	218.0
128.56803174388762	220.0
128.57803236863435	223.0
128.58803299338106	228.0
128.5980336181278	234.0
128.6080342428745	245.0
128.61803486762125	259.0
128.62803549236796	275.0
128.6380361171147	288.0
128.64803674186143	294.0
128.65803736660814	294.0
128.66803799135488	288.0
128.6780386161016	275.0
128.68803924084833	265.0
128.69803986559504	250.0
128.70804049034177	236.0
128.71804111508848	220.0
128.72804173983522	210.0
128.73804236458193	201.0
128.74804298932867	194.0
128.75804361407538	190.0
128.7680442388221	183.0
128.77804486356882	179.0
128.78804548831556	175.0
128.79804611306227	171.0
128.808046737809	167.0
128.81804736255575	165.0
128.82804798730245	163.0
128.8380486120492	159.0
128.8480492367959	158.0
128.85804986154264	156.0
128.86805048628935	154.0
128.8780511110361	154.0
128.8880517357828	154.0
128.89805236052953	154.0
128.90805298527624	154.0
128.91805361002298	156.0
128.9280542347697	158.0
128.93805485951643	159.0
128.94805548426314	163.0
128.95805610900987	167.0
128.96805673375658	173.0
128.97805735850332	175.0
128.98805798325006	179.0
128.99805860799677	181.0
129.0080592327435	181.0
129.01805985749021	181.0
129.02806048223695	179.0
129.03806110698366	175.0
129.0480617317304	171.0
129.0580623564771	165.0
129.06806298122385	161.0
129.07806360597056	159.0
129.0880642307173	158.0
129.098064855464	156.0
129.10806548021074	156.0
129.11806610495745	156.0
129.1280667297042	158.0
129.1380673544509	161.0
129.14806797919763	165.0
129.15806860394437	169.0
129.16806922869108	173.0
129.17806985343782	175.0
129.18807047818453	177.0
129.19807110293127	177.0
129.20807172767798	177.0
129.2180723524247	177.0
129.22807297717142	175.0
129.23807360191816	173.0
129.24807422666487	171.0
129.2580748514116	171.0
129.26807547615832	169.0
129.27807610090505	169.0
129.28807672565176	169.0
129.2980773503985	167.0
129.3080779751452	167.0
129.31807859989195	167.0
129.32807922463866	167.0
129.3380798493854	169.0
129.34808047413213	175.0
129.35808109887884	183.0
129.36808172362558	190.0
129.3780823483723	215.0
129.38808297311903	228.0
129.39808359786574	239.0
129.40808422261247	256.0
129.41808484735918	265.0
129.42808547210592	275.0
129.43808609685263	281.0
129.44808672159937	284.0
129.45808734634608	288.0
129.4680879710928	288.0
129.47808859583952	288.0
129.48808922058626	288.0
129.49808984533297	284.0
129.5080904700797	284.0
129.51809109482645	284.0
129.52809171957315	284.0
129.5380923443199	281.0
129.5480929690666	275.0
129.55809359381334	268.0
129.56809421856005	265.0
129.5780948433068	265.0
129.5880954680535	268.0
129.59809609280023	275.0
129.60809671754694	281.0
129.61809734229368	298.0
129.6280979670404	308.0
129.63809859178713	316.0
129.64809921653384	319.0
129.65809984128057	316.0
129.66810046602728	312.0
129.67810109077402	305.0
129.68810171552076	298.0
129.69810234026747	288.0
129.7081029650142	278.0
129.71810358976091	265.0
129.72810421450765	253.0
129.73810483925436	242.0
129.7481054640011	234.0
129.7581060887478	228.0
129.76810671349455	223.0
129.77810733824126	220.0
129.788107962988	218.0
129.7981085877347	215.0
129.80810921248144	213.0
129.81810983722815	213.0
129.8281104619749	215.0
129.8381110867216	220.0
129.84811171146833	223.0
129.85811233621507	228.0
129.86811296096178	236.0
129.87811358570852	242.0
129.88811421045523	248.0
129.89811483520197	253.0
129.90811545994868	253.0
129.9181160846954	250.0
129.92811670944212	242.0
129.93811733418886	234.0
129.94811795893557	228.0
129.9581185836823	223.0
129.96811920842902	218.0
129.97811983317575	218.0
129.98812045792246	220.0
129.9981210826692	226.0
130.0081217074159	234.0
130.01812233216265	245.0
130.02812295690939	250.0
130.0381235816561	259.0
130.04812420640283	268.0
130.05812483114954	281.0
130.06812545589628	291.0
130.078126080643	298.0
130.08812670538973	305.0
130.09812733013644	305.0
130.10812795488317	305.0
130.11812857962988	301.0
130.12812920437662	294.0
130.13812982912333	291.0
130.14813045387007	284.0
130.15813107861678	281.0
130.1681317033635	278.0
130.17813232811022	275.0
130.18813295285696	272.0
130.1981335776037	272.0
130.2081342023504	268.0
130.21813482709715	268.0
130.22813545184385	268.0
130.2381360765906	272.0
130.2481367013373	275.0
130.25813732608404	281.0
130.26813795083075	288.0
130.2781385755775	294.0
130.2881392003242	305.0
130.29813982507093	319.0
130.30814044981764	327.0
130.31814107456438	334.0
130.3281416993111	338.0
130.33814232405783	338.0
130.34814294880454	334.0
130.35814357355127	327.0
130.368144198298	319.0
130.37814482304472	308.0
130.38814544779146	301.0
130.39814607253817	291.0
130.4081466972849	284.0
130.41814732203161	281.0
130.42814794677835	278.0
130.43814857152506	278.0
130.4481491962718	288.0
130.4581498210185	294.0
130.46815044576525	301.0
130.47815107051196	308.0
130.4881516952587	316.0
130.4981523200054	319.0
130.50815294475214	316.0
130.51815356949885	312.0
130.5281541942456	305.0
130.53815481899233	294.0
130.54815544373903	291.0
130.55815606848577	291.0
130.56815669323248	294.0
130.57815731797922	291.0
130.58815794272593	288.0
130.59815856747267	288.0
130.60815919221938	288.0
130.6181598169661	288.0
130.62816044171282	288.0
130.63816106645956	291.0
130.64816169120627	294.0
130.658162315953	294.0
130.66816294069972	298.0
130.67816356544645	298.0
130.68816419019316	294.0
130.6981648149399	288.0
130.70816543968664	284.0
130.71816606443335	278.0
130.72816668918009	275.0
130.7381673139268	275.0
130.74816793867353	281.0
130.75816856342024	294.0
130.76816918816698	305.0
130.7781698129137	312.0
130.78817043766043	319.0
130.79817106240714	323.0
130.80817168715387	323.0
130.81817231190058	319.0
130.82817293664732	308.0
130.83817356139403	288.0
130.84817418614077	265.0
130.85817481088748	228.0
130.8681754356342	215.0
130.87817606038095	210.0
130.88817668512766	210.0
130.8981773098744	215.0
130.9081779346211	223.0
130.91817855936785	228.0
130.92817918411455	236.0
130.9381798088613	239.0
130.948180433608	242.0
130.95818105835474	245.0
130.96818168310145	245.0
130.9781823078482	242.0
130.9881829325949	236.0
130.99818355734163	231.0
131.00818418208834	228.0
131.01818480683508	223.0
131.0281854315818	223.0
131.03818605632853	223.0
131.04818668107526	223.0
131.05818730582197	223.0
131.0681879305687	223.0
131.07818855531542	226.0
131.08818918006216	226.0
131.09818980480887	226.0
131.1081904295556	223.0
131.11819105430232	223.0
131.12819167904905	220.0
131.13819230379576	218.0
131.1481929285425	215.0
131.1581935532892	213.0
131.16819417803595	213.0
131.17819480278266	215.0
131.1881954275294	215.0
131.1981960522761	218.0
131.20819667702284	220.0
131.21819730176958	226.0
131.2281979265163	278.0
131.23819855126303	281.0
131.24819917600973	288.0
131.25819980075647	294.0
131.26820042550318	294.0
131.27820105024992	294.0
131.28820167499663	291.0
131.29820229974337	0.0
131.30820292449008	0.0
131.3182035492368	0.0
131.32820417398352	0.0
131.33820479873026	0.0
131.34820542347697	0.0
131.3582060482237	0.0
131.36820667297042	0.0
131.37820729771715	0.0
131.38820792246386	0.0
131.3982085472106	0.0
131.40820917195734	0.0
131.41820979670405	0.0
131.42821042145079	0.0
131.4382110461975	0.0
131.44821167094423	0.0
131.45821229569094	0.0
131.46821292043768	0.0
131.4782135451844	0.0
131.48821416993113	0.0
131.49821479467784	0.0
131.50821541942457	0.0
131.51821604417128	0.0
131.52821666891802	0.0
131.53821729366473	0.0
131.54821791841147	0.0
131.55821854315818	0.0
131.5682191679049	0.0
131.57821979265165	0.0
131.58822041739836	0.0
131.5982210421451	0.0
131.6082216668918	0.0
131.61822229163855	0.0
131.62822291638525	0.0
131.638223541132	0.0
131.6482241658787	0.0
131.65822479062544	0.0
131.66822541537215	0.0
131.6782260401189	0.0
131.6882266648656	0.0
131.69822728961233	0.0
131.70822791435904	0.0
131.71822853910578	0.0
131.7282291638525	0.0
131.73822978859923	0.0
131.74823041334596	0.0
131.75823103809267	0.0
131.7682316628394	0.0
131.77823228758612	0.0
131.78823291233286	0.0
131.79823353707957	0.0
131.8082341618263	0.0
131.81823478657302	0.0
131.82823541131975	0.0
131.83823603606646	0.0
131.8482366608132	0.0
131.8582372855599	0.0
131.86823791030665	0.0
131.87823853505336	0.0
131.8882391598001	0.0
131.8982397845468	0.0
131.90824040929354	0.0
131.91824103404028	0.0
131.928241658787	0.0
131.93824228353373	0.0
131.94824290828043	0.0
131.95824353302717	0.0
131.96824415777388	0.0
131.97824478252062	0.0
131.98824540726733	0.0
131.99824603201407	0.0
132.00824665676078	0.0
132.0182472815075	0.0
132.02824790625422	0.0
132.03824853100096	0.0
132.04824915574767	0.0
132.0582497804944	0.0
132.06825040524112	0.0
132.07825102998785	0.0
132.0882516547346	0.0
132.0982522794813	0.0
132.10825290422804	0.0
132.11825352897475	0.0
132.12825415372149	0.0
132.1382547784682	0.0
132.14825540321493	0.0
132.15825602796164	0.0
132.16825665270838	0.0
132.1782572774551	0.0
132.18825790220183	0.0
132.19825852694854	0.0
132.20825915169527	0.0
132.21825977644198	0.0
132.22826040118872	0.0
132.23826102593543	0.0
132.24826165068217	0.0
132.2582622754289	239.0
132.2682629001756	239.0
132.27826352492235	242.0
132.28826414966906	245.0
132.2982647744158	248.0
132.3082653991625	248.0
132.31826602390925	245.0
132.32826664865595	236.0
132.3382672734027	231.0
132.3482678981494	228.0
132.35826852289614	223.0
132.36826914764285	218.0
132.3782697723896	215.0
132.3882703971363	213.0
132.39827102188303	213.0
132.40827164662974	215.0
132.41827227137648	223.0
132.42827289612322	228.0
132.43827352086993	234.0
132.44827414561667	239.0
132.45827477036337	245.0
132.4682753951101	248.0
132.47827601985682	248.0
132.48827664460356	242.0
132.49827726935027	236.0
132.508277894097	231.0
132.51827851884372	226.0
132.52827914359045	223.0
132.53827976833716	226.0
132.5482803930839	228.0
132.5582810178306	234.0
132.56828164257735	242.0
132.57828226732406	250.0
132.5882828920708	262.0
132.59828351681753	275.0
132.60828414156424	288.0
132.61828476631098	298.0
132.6282853910577	305.0
132.63828601580443	305.0
132.64828664055113	298.0
132.65828726529787	291.0
132.66828789004458	281.0
132.67828851479132	275.0
132.68828913953803	272.0
132.69828976428477	268.0
132.70829038903148	272.0
132.7182910137782	278.0
132.72829163852492	284.0
132.73829226327166	291.0
132.74829288801837	294.0
132.7582935127651	298.0
132.76829413751184	298.0
132.77829476225855	294.0
132.7882953870053	291.0
132.798296011752	284.0
132.80829663649874	278.0
132.81829726124545	275.0
132.82829788599219	272.0
132.8382985107389	275.0
132.84829913548563	281.0
132.85829976023234	288.0
132.86830038497908	298.0
132.8783010097258	305.0
132.88830163447253	312.0
132.89830225921924	312.0
132.90830288396597	301.0
132.91830350871268	294.0
132.92830413345942	275.0
132.93830475820616	236.0
132.94830538295287	226.0
132.9583060076996	218.0
132.9683066324463	215.0
132.97830725719305	218.0
132.98830788193976	220.0
132.9983085066865	226.0
133.0083091314332	234.0
133.01830975617995	239.0
133.02831038092665	242.0
133.0383110056734	245.0
133.0483116304201	242.0
133.05831225516684	234.0
133.06831287991355	228.0
133.0783135046603	220.0
133.088314129407	215.0
133.09831475415373	215.0
133.10831537890047	213.0
133.11831600364718	213.0
133.12831662839392	215.0
133.13831725314063	215.0
133.14831787788737	218.0
133.15831850263407	220.0
133.1683191273808	220.0
133.17831975212752	220.0
133.18832037687426	220.0
133.19832100162097	218.0
133.2083216263677	215.0
133.21832225111442	213.0
133.22832287586115	210.0
133.23832350060786	206.0
133.2483241253546	206.0
133.2583247501013	203.0
133.26832537484805	206.0
133.27832599959476	208.0
133.2883266243415	213.0
133.29832724908823	218.0
133.30832787383494	220.0
133.31832849858168	220.0
133.3283291233284	220.0
133.33832974807513	220.0
133.34833037282183	220.0
133.35833099756857	0.0
133.36833162231528	0.0
133.37833224706202	0.0
133.38833287180873	0.0
133.39833349655547	0.0
133.40833412130218	0.0
133.4183347460489	0.0
133.42833537079562	0.0
133.43833599554236	0.0
133.44833662028907	0.0
133.4583372450358	0.0
133.46833786978254	0.0
133.47833849452925	0.0
133.488339119276	0.0
133.4983397440227	0.0
133.50834036876944	0.0
133.51834099351615	0.0
133.52834161826289	0.0
133.5383422430096	0.0
133.54834286775633	0.0
133.55834349250304	0.0
133.56834411724978	259.0
133.5783447419965	265.0
133.58834536674323	272.0
133.59834599148994	281.0
133.60834661623667	284.0
133.61834724098338	288.0
133.62834786573012	288.0
133.63834849047686	284.0
133.64834911522357	284.0
133.6583497399703	281.0
133.668350364717	278.0
133.67835098946375	275.0
133.68835161421046	275.0
133.6983522389572	281.0
133.7083528637039	284.0
133.71835348845065	288.0
133.72835411319735	291.0
133.7383547379441	291.0
133.7483553626908	291.0
133.75835598743754	291.0
133.76835661218425	288.0
133.778357236931	284.0
133.7883578616777	0.0
133.79835848642443	0.0
133.80835911117117	0.0
133.81835973591788	0.0
133.82836036066462	0.0
133.83836098541133	0.0
133.84836161015807	0.0
133.85836223490477	0.0
133.8683628596515	0.0
133.87836348439822	0.0
133.88836410914496	0.0
133.89836473389167	0.0
133.9083653586384	0.0
133.91836598338512	0.0
133.92836660813185	0.0
133.93836723287856	0.0
133.9483678576253	0.0
133.958368482372	0.0
133.96836910711875	0.0
133.97836973186548	0.0
133.9883703566122	0.0
133.99837098135893	0.0
134.00837160610564	0.0
134.01837223085238	0.0
134.0283728555991	223.0
134.03837348034583	223.0
134.04837410509253	226.0
134.05837472983927	231.0
134.06837535458598	236.0
134.07837597933272	245.0
134.08837660407943	250.0
134.09837722882617	253.0
134.10837785357288	253.0
134.1183784783196	250.0
134.12837910306632	248.0
134.13837972781306	242.0
134.1483803525598	236.0
134.1583809773065	234.0
134.16838160205324	228.0
134.17838222679995	223.0
134.1883828515467	220.0
134.1983834762934	218.0
134.20838410104014	218.0
134.21838472578685	220.0
134.22838535053359	223.0
134.2383859752803	228.0
134.24838660002703	231.0
134.25838722477374	236.0
134.26838784952048	239.0
134.2783884742672	245.0
134.28838909901393	248.0
134.29838972376064	248.0
134.30839034850737	245.0
134.3183909732541	242.0
134.32839159800082	239.0
134.33839222274756	236.0
134.34839284749427	234.0
134.358393472241	231.0
134.3683940969877	228.0
134.37839472173445	228.0
134.38839534648116	231.0
134.3983959712279	234.0
134.4083965959746	239.0
134.41839722072135	248.0
134.42839784546806	256.0
134.4383984702148	265.0
134.4483990949615	275.0
134.45839971970824	284.0
134.46840034445495	291.0
134.4784009692017	298.0
134.48840159394842	298.0
134.49840221869513	294.0
134.50840284344187	291.0
134.51840346818858	284.0
134.52840409293532	278.0
134.53840471768203	272.0
134.54840534242877	268.0
134.55840596717547	268.0
134.5684065919222	268.0
134.57840721666892	272.0
134.58840784141566	275.0
134.59840846616237	278.0
134.6084090909091	281.0
134.61840971565582	284.0
134.62841034040255	288.0
134.63841096514926	288.0
134.648411589896	284.0
134.65841221464274	278.0
134.66841283938945	275.0
134.67841346413618	272.0
134.6884140888829	268.0
134.69841471362963	268.0
134.70841533837634	268.0
134.71841596312308	272.0
134.7284165878698	275.0
134.73841721261653	281.0
134.74841783736323	288.0
134.75841846210997	291.0
134.76841908685668	294.0
134.77841971160342	294.0
134.78842033635013	291.0
134.79842096109687	284.0
134.80842158584358	278.0
134.8184222105903	268.0
134.82842283533705	262.0
134.83842346008376	253.0
134.8484240848305	248.0
134.8584247095772	239.0
134.86842533432394	234.0
134.87842595907065	228.0
134.8884265838174	226.0
134.8984272085641	220.0
134.90842783331084	220.0
134.91842845805755	218.0
134.92842908280429	218.0
134.938429707551	218.0
134.94843033229773	218.0
134.95843095704444	218.0
134.96843158179118	220.0
134.9784322065379	226.0
134.98843283128463	228.0
134.99843345603136	231.0
135.00843408077807	234.0
135.0184347055248	236.0
135.02843533027152	239.0
135.03843595501826	242.0
135.04843657976497	239.0
135.0584372045117	236.0
135.06843782925841	234.0
135.07843845400515	231.0
135.08843907875186	228.0
135.0984397034986	226.0
135.1084403282453	226.0
135.11844095299205	223.0
135.12844157773876	223.0
135.1384422024855	226.0
135.1484428272322	228.0
135.15844345197894	234.0
135.16844407672568	239.0
135.1784447014724	248.0
135.18844532621912	259.0
135.19844595096583	272.0
135.20844657571257	281.0
135.21844720045928	288.0
135.22844782520602	291.0
135.23844844995273	291.0
135.24844907469947	288.0
135.25844969944617	284.0
135.2684503241929	281.0
135.27845094893962	278.0
135.28845157368636	275.0
135.29845219843307	272.0
135.3084528231798	268.0
135.31845344792652	272.0
135.32845407267325	272.0
135.33845469741996	278.0
135.3484553221667	281.0
135.35845594691344	284.0
135.36845657166015	288.0
135.37845719640688	291.0
135.3884578211536	291.0
135.39845844590033	288.0
135.40845907064704	284.0
135.41845969539378	281.0
135.4284603201405	275.0
135.43846094488723	272.0
135.44846156963393	272.0
135.45846219438067	268.0
135.46846281912738	265.0
135.47846344387412	259.0
135.48846406862083	256.0
135.49846469336757	250.0
135.50846531811428	242.0
135.518465942861	236.0
135.52846656760775	231.0
135.53846719235446	228.0
135.5484678171012	226.0
135.5584684418479	223.0
135.56846906659464	223.0
135.57846969134135	223.0
135.5884703160881	226.0
135.5984709408348	226.0
135.60847156558154	226.0
135.61847219032825	226.0
135.62847281507499	226.0
135.6384734398217	226.0
135.64847406456843	226.0
135.65847468931514	226.0
135.66847531406188	226.0
135.6784759388086	226.0
135.68847656355533	228.0
135.69847718830206	228.0
135.70847781304877	228.0
135.7184784377955	226.0
135.72847906254222	226.0
135.73847968728896	226.0
135.74848031203567	223.0
135.7584809367824	220.0
135.76848156152911	220.0
135.77848218627585	220.0
135.78848281102256	223.0
135.7984834357693	226.0
135.808484060516	228.0
135.81848468526275	236.0
135.82848531000946	245.0
135.8384859347562	253.0
135.8484865595029	265.0
135.85848718424964	272.0
135.86848780899638	278.0
135.8784884337431	278.0
135.88848905848982	275.0
135.89848968323653	268.0
135.90849030798327	265.0
135.91849093272998	259.0
135.92849155747672	256.0
135.93849218222343	250.0
135.94849280697017	242.0
135.95849343171687	228.0
135.9684940564636	218.0
135.97849468121032	203.0
135.98849530595706	196.0
135.99849593070377	194.0
136.0084965554505	196.0
136.01849718019722	203.0
136.02849780494395	210.0
136.0384984296907	215.0
136.0484990544374	218.0
136.05849967918414	223.0
136.06850030393085	226.0
136.07850092867758	231.0
136.0885015534243	234.0
136.09850217817103	234.0
136.10850280291774	231.0
136.11850342766448	226.0
136.1285040524112	223.0
136.13850467715793	220.0
136.14850530190463	215.0
136.15850592665137	213.0
136.16850655139808	213.0
136.17850717614482	213.0
136.18850780089153	213.0
136.19850842563827	213.0
136.208509050385	213.0
136.2185096751317	215.0
136.22851029987845	215.0
136.23851092462516	218.0
136.2485115493719	218.0
136.2585121741186	218.0
136.26851279886534	218.0
136.27851342361205	218.0
136.2885140483588	215.0
136.2985146731055	215.0
136.30851529785224	215.0
136.31851592259895	213.0
136.32851654734569	213.0
136.3385171720924	213.0
136.34851779683913	210.0
136.35851842158584	210.0
136.36851904633258	210.0
136.37851967107932	213.0
136.38852029582603	213.0
136.39852092057276	213.0
136.40852154531947	213.0
136.4185221700662	213.0
136.42852279481292	0.0
136.43852341955966	0.0
136.44852404430637	0.0
136.4585246690531	0.0
136.46852529379981	0.0
136.47852591854655	0.0
136.48852654329326	0.0
136.49852716804	0.0
136.5085277927867	0.0
136.51852841753345	0.0
136.52852904228016	0.0
136.5385296670269	0.0
136.54853029177363	0.0
136.55853091652034	0.0
136.56853154126708	0.0
136.5785321660138	0.0
136.58853279076052	0.0
136.59853341550723	0.0
136.60853404025397	0.0
136.61853466500068	0.0
136.62853528974742	0.0
136.63853591449413	0.0
136.64853653924087	0.0
136.65853716398757	0.0
136.6685377887343	0.0
136.67853841348102	0.0
136.68853903822776	0.0
136.69853966297447	0.0
136.7085402877212	0.0
136.71854091246794	0.0
136.72854153721465	0.0
136.7385421619614	0.0
136.7485427867081	0.0
136.75854341145484	0.0
136.76854403620155	0.0
136.77854466094828	0.0
136.788545285695	0.0
136.79854591044173	0.0
136.80854653518844	0.0
136.81854715993518	0.0
136.8285477846819	0.0
136.83854840942863	0.0
136.84854903417533	0.0
136.85854965892207	0.0
136.86855028366878	0.0
136.87855090841552	0.0
136.88855153316226	0.0
136.89855215790897	0.0
136.9085527826557	0.0
136.9185534074024	0.0
136.92855403214915	0.0
136.93855465689586	0.0
136.9485552816426	0.0
136.9585559063893	0.0
136.96855653113604	0.0
136.97855715588275	0.0
136.9885577806295	0.0
136.9985584053762	0.0
137.00855903012294	0.0
137.01855965486965	0.0
137.02856027961639	0.0
137.0385609043631	0.0
137.04856152910983	0.0
137.05856215385657	0.0
137.06856277860328	0.0
137.07856340335002	0.0
137.08856402809673	0.0
137.09856465284346	0.0
137.10856527759017	0.0
137.1185659023369	0.0
137.12856652708362	0.0
137.13856715183036	0.0
137.14856777657707	0.0
137.1585684013238	0.0
137.16856902607051	0.0
137.17856965081725	0.0
137.18857027556396	0.0
137.1985709003107	0.0
137.2085715250574	0.0
137.21857214980415	0.0
137.22857277455086	228.0
137.2385733992976	228.0
137.24857402404433	234.0
137.25857464879104	239.0
137.26857527353778	245.0
137.2785758982845	248.0
137.28857652303122	250.0
137.29857714777793	250.0
137.30857777252467	248.0
137.31857839727138	245.0
137.32857902201812	242.0
137.33857964676483	236.0
137.34858027151157	231.0
137.35858089625827	226.0
137.368581521005	223.0
137.37858214575172	218.0
137.38858277049846	218.0
137.39858339524517	218.0
137.4085840199919	218.0
137.41858464473864	223.0
137.42858526948535	226.0
137.4385858942321	231.0
137.4485865189788	236.0
137.45858714372554	242.0
137.46858776847225	242.0
137.47858839321898	242.0
137.4885890179657	242.0
137.49858964271243	242.0
137.50859026745914	239.0
137.51859089220588	236.0
137.5285915169526	231.0
137.53859214169933	231.0
137.54859276644603	228.0
137.55859339119277	228.0
137.56859401593948	226.0
137.57859464068622	226.0
137.58859526543296	228.0
137.59859589017967	234.0
137.6085965149264	239.0
137.6185971396731	245.0
137.62859776441985	253.0
137.63859838916656	259.0
137.6485990139133	272.0
137.65859963866	278.0
137.66860026340674	284.0
137.67860088815345	288.0
137.6886015129002	291.0
137.6986021376469	288.0
137.70860276239364	288.0
137.71860338714035	284.0
137.7286040118871	278.0
137.7386046366338	275.0
137.74860526138053	272.0
137.75860588612727	268.0
137.76860651087398	268.0
137.77860713562072	268.0
137.78860776036743	268.0
137.79860838511416	272.0
137.80860900986087	275.0
137.8186096346076	281.0
137.82861025935432	284.0
137.83861088410106	288.0
137.84861150884777	291.0
137.8586121335945	294.0
137.86861275834121	294.0
137.87861338308795	291.0
137.88861400783466	288.0
137.8986146325814	284.0
137.9086152573281	278.0
137.91861588207485	275.0
137.92861650682158	272.0
137.9386171315683	268.0
137.94861775631503	268.0
137.95861838106174	275.0
137.96861900580848	278.0
137.9786196305552	284.0
137.98862025530192	288.0
137.99862088004863	294.0
138.00862150479537	294.0
138.01862212954208	294.0
138.02862275428882	291.0
138.03862337903553	288.0
138.04862400378227	278.0
138.05862462852897	272.0
138.0686252532757	262.0
138.07862587802242	253.0
138.08862650276916	245.0
138.0986271275159	239.0
138.1086277522626	231.0
138.11862837700934	226.0
138.12862900175605	223.0
138.1386296265028	220.0
138.1486302512495	218.0
138.15863087599624	218.0
138.16863150074295	218.0
138.17863212548968	218.0
138.1886327502364	220.0
138.19863337498313	223.0
138.20863399972984	226.0
138.21863462447658	228.0
138.2286352492233	231.0
138.23863587397003	234.0
138.24863649871673	236.0
138.25863712346347	242.0
138.2686377482102	245.0
138.27863837295692	248.0
138.28863899770366	245.0
138.29863962245037	242.0
138.3086402471971	236.0
138.3186408719438	231.0
138.32864149669055	228.0
138.33864212143726	226.0
138.348642746184	226.0
138.3586433709307	223.0
138.36864399567744	226.0
138.37864462042415	226.0
138.3886452451709	231.0
138.3986458699176	236.0
138.40864649466434	242.0
138.41864711941105	248.0
138.4286477441578	256.0
138.43864836890452	265.0
138.44864899365123	275.0
138.45864961839797	284.0
138.46865024314468	294.0
138.47865086789142	298.0
138.48865149263813	298.0
138.49865211738486	298.0
138.50865274213157	294.0
138.5186533668783	291.0
138.52865399162502	288.0
138.53865461637176	284.0
138.54865524111847	281.0
138.5586558658652	278.0
138.56865649061191	275.0
138.57865711535865	275.0
138.58865774010536	278.0
138.5986583648521	278.0
138.60865898959884	281.0
138.61865961434555	284.0
138.62866023909228	288.0
138.638660863839	294.0
138.64866148858573	294.0
138.65866211333244	294.0
138.66866273807918	294.0
138.6786633628259	291.0
138.68866398757262	288.0
138.69866461231933	281.0
138.70866523706607	281.0
138.71866586181278	278.0
138.72866648655952	275.0
138.73866711130623	275.0
138.74866773605297	272.0
138.75866836079967	272.0
138.7686689855464	272.0
138.77866961029315	275.0
138.78867023503986	281.0
138.7986708597866	284.0
138.8086714845333	288.0
138.81867210928004	288.0
138.82867273402675	288.0
138.8386733587735	288.0
138.8486739835202	284.0
138.85867460826694	281.0
138.86867523301365	278.0
138.87867585776038	272.0
138.8886764825071	268.0
138.89867710725383	262.0
138.90867773200054	259.0
138.91867835674728	256.0
138.928678981494	250.0
138.93867960624073	248.0
138.94868023098746	245.0
138.95868085573417	239.0
138.9686814804809	236.0
138.97868210522762	234.0
138.98868272997436	231.0
138.99868335472107	228.0
139.0086839794678	228.0
139.0186846042145	226.0
139.02868522896125	226.0
139.03868585370796	226.0
139.0486864784547	226.0
139.0586871032014	226.0
139.06868772794815	228.0
139.07868835269485	231.0
139.0886889774416	234.0
139.0986896021883	239.0
139.10869022693504	250.0
139.11869085168178	262.0
139.1286914764285	275.0
139.13869210117522	284.0
139.14869272592193	291.0
139.15869335066867	291.0
139.16869397541538	288.0
139.17869460016212	278.0
139.18869522490883	265.0
139.19869584965556	250.0
139.20869647440227	239.0
139.218697099149	228.0
139.22869772389572	220.0
139.23869834864246	218.0
139.24869897338917	218.0
139.2586995981359	220.0
139.26870022288261	223.0
139.27870084762935	226.0
139.28870147237606	228.0
139.2987020971228	231.0
139.30870272186954	231.0
139.31870334661625	234.0
139.32870397136298	234.0
139.3387045961097	231.0
139.34870522085643	226.0
139.35870584560314	223.0
139.36870647034988	218.0
139.3787070950966	215.0
139.38870771984332	213.0
139.39870834459003	213.0
139.40870896933677	215.0
139.41870959408348	215.0
139.42871021883022	215.0
139.43871084357693	215.0
139.44871146832367	215.0
139.45871209307037	215.0
139.4687127178171	215.0
139.47871334256385	215.0
139.48871396731056	215.0
139.4987145920573	213.0
139.508715216804	213.0
139.51871584155074	213.0
139.52871646629745	210.0
139.5387170910442	210.0
139.5487177157909	208.0
139.55871834053764	206.0
139.56871896528435	206.0
139.57871959003108	203.0
139.5887202147778	203.0
139.59872083952453	203.0
139.60872146427124	206.0
139.61872208901798	206.0
139.6287227137647	206.0
139.63872333851143	206.0
139.64872396325816	206.0
139.65872458800487	206.0
139.6687252127516	206.0
139.67872583749832	208.0
139.68872646224506	208.0
139.69872708699177	208.0
139.7087277117385	208.0
139.7187283364852	208.0
139.72872896123195	210.0
139.73872958597866	210.0
139.7487302107254	210.0
139.7587308354721	210.0
139.76873146021885	210.0
139.77873208496555	210.0
139.7887327097123	210.0
139.798733334459	208.0
139.80873395920574	208.0
139.81873458395248	206.0
139.8287352086992	206.0
139.83873583344592	206.0
139.84873645819263	206.0
139.85873708293937	206.0
139.86873770768608	208.0
139.87873833243282	210.0
139.88873895717953	215.0
139.89873958192626	220.0
139.90874020667297	223.0
139.9187408314197	228.0
139.92874145616642	231.0
139.93874208091316	234.0
139.94874270565987	234.0
139.9587433304066	231.0
139.96874395515331	231.0
139.97874457990005	228.0
139.9887452046468	226.0
139.9987458293935	226.0
140.00874645414024	226.0
140.01874707888695	228.0
140.02874770363368	231.0
140.0387483283804	236.0
140.04874895312713	245.0
140.05874957787384	253.0
140.06875020262058	265.0
140.0787508273673	281.0
140.08875145211402	294.0
140.09875207686073	301.0
140.10875270160747	305.0
140.11875332635418	305.0
140.12875395110092	301.0
140.13875457584763	294.0
140.14875520059437	288.0
140.1587558253411	278.0
140.1687564500878	272.0
140.17875707483455	265.0
140.18875769958126	262.0
140.198758324328	259.0
140.2087589490747	256.0
140.21875957382144	253.0
140.22876019856815	248.0
140.2387608233149	245.0
140.2487614480616	242.0
140.25876207280834	239.0
140.26876269755505	236.0
140.27876332230178	236.0
140.2887639470485	234.0
140.29876457179523	231.0
140.30876519654194	231.0
140.31876582128868	231.0
140.32876644603542	228.0
140.33876707078213	228.0
140.34876769552886	228.0
140.35876832027557	228.0
140.3687689450223	231.0
140.37876956976902	231.0
140.38877019451576	231.0
140.39877081926247	234.0
140.4087714440092	234.0
140.4187720687559	236.0
140.42877269350265	239.0
140.43877331824936	242.0
140.4487739429961	248.0
140.4587745677428	250.0
140.46877519248955	259.0
140.47877581723625	268.0
140.488776441983	281.0
140.49877706672973	294.0
140.50877769147644	305.0
140.51877831622318	308.0
140.5287789409699	308.0
140.53877956571662	301.0
140.54878019046333	278.0
140.55878081521007	259.0
140.56878143995678	234.0
140.57878206470352	223.0
140.58878268945023	208.0
140.59878331419696	201.0
140.60878393894367	199.0
140.6187845636904	201.0
140.62878518843712	206.0
140.63878581318386	213.0
140.64878643793057	220.0
140.6587870626773	226.0
140.66878768742404	231.0
140.67878831217075	234.0
140.6887889369175	236.0
140.6987895616642	236.0
140.70879018641094	236.0
140.71879081115765	231.0
140.72879143590438	226.0
140.7387920606511	223.0
140.74879268539783	218.0
140.75879331014454	215.0
140.76879393489128	213.0
140.778794559638	215.0
140.78879518438472	215.0
140.79879580913143	218.0
140.80879643387817	218.0
140.81879705862488	220.0
140.82879768337162	220.0
140.83879830811836	223.0
140.84879893286507	223.0
140.8587995576118	223.0
140.8688001823585	220.0
140.87880080710525	218.0
140.88880143185196	215.0
140.8988020565987	213.0
140.9088026813454	210.0
140.91880330609214	206.0
140.92880393083885	206.0
140.9388045555856	203.0
140.9488051803323	203.0
140.95880580507904	203.0
140.96880642982575	206.0
140.97880705457248	208.0
140.9888076793192	210.0
140.99880830406593	213.0
141.00880892881267	213.0
141.01880955355938	215.0
141.02881017830612	215.0
141.03881080305283	215.0
141.04881142779956	213.0
141.05881205254627	213.0
141.068812677293	213.0
141.07881330203972	210.0
141.08881392678646	210.0
141.09881455153317	210.0
141.1088151762799	210.0
141.1188158010266	210.0
141.12881642577335	213.0
141.13881705052006	213.0
141.1488176752668	213.0
141.1588183000135	210.0
141.16881892476025	210.0
141.17881954950695	208.0
141.1888201742537	208.0
141.19882079900043	206.0
141.20882142374714	206.0
141.21882204849388	203.0
141.2288226732406	203.0
141.23882329798732	206.0
141.24882392273403	210.0
141.25882454748077	215.0
141.26882517222748	223.0
141.27882579697422	228.0
141.28882642172093	234.0
141.29882704646766	236.0
141.30882767121437	236.0
141.3188282959611	234.0
141.32882892070782	228.0
141.33882954545456	223.0
141.34883017020127	218.0
141.358830794948	215.0
141.36883141969474	215.0
141.37883204444145	220.0
141.3888326691882	226.0
141.3988332939349	234.0
141.40883391868164	245.0
141.41883454342835	259.0
141.42883516817508	278.0
141.4388357929218	291.0
141.44883641766853	298.0
141.45883704241524	301.0
141.46883766716198	298.0
141.4788382919087	294.0
141.48883891665542	288.0
141.49883954140213	278.0
141.50884016614887	268.0
141.51884079089558	262.0
141.52884141564232	256.0
141.53884204038906	253.0
141.54884266513577	248.0
141.5588432898825	242.0
141.5688439146292	239.0
141.57884453937595	234.0
141.58884516412266	231.0
141.5988457888694	228.0
141.6088464136161	228.0
141.61884703836284	226.0
141.62884766310955	226.0
141.6388482878563	226.0
141.648848912603	223.0
141.65884953734974	223.0
141.66885016209645	223.0
141.67885078684319	220.0
141.6888514115899	220.0
141.69885203633663	220.0
141.70885266108337	223.0
141.71885328583008	226.0
141.72885391057682	228.0
141.73885453532353	234.0
141.74885516007026	242.0
141.75885578481697	250.0
141.7688564095637	262.0
141.77885703431042	278.0
141.78885765905716	291.0
141.79885828380387	298.0
141.8088589085506	301.0
141.8188595332973	305.0
141.82886015804405	301.0
141.83886078279076	294.0
141.8488614075375	288.0
141.8588620322842	284.0
141.86886265703095	281.0
141.87886328177768	278.0
141.8888639065244	278.0
141.89886453127113	278.0
141.90886515601784	278.0
141.91886578076458	284.0
141.9288664055113	294.0
141.93886703025802	305.0
141.94886765500473	316.0
141.95886827975147	323.0
141.96886890449818	327.0
141.97886952924492	327.0
141.98887015399163	323.0
141.99887077873836	312.0
142.00887140348507	301.0
142.0188720282318	288.0
142.02887265297852	281.0
142.03887327772526	278.0
142.048873902472	278.0
142.0588745272187	281.0
142.06887515196544	284.0
142.07887577671215	288.0
142.0888764014589	291.0
142.0988770262056	294.0
142.10887765095234	294.0
142.11887827569905	294.0
142.12887890044578	294.0
142.1388795251925	291.0
142.14888014993923	291.0
142.15888077468594	288.0
142.16888139943268	284.0
142.1788820241794	281.0
142.18888264892612	281.0
142.19888327367283	284.0
142.20888389841957	294.0
142.2188845231663	305.0
142.22888514791302	316.0
142.23888577265976	316.0
142.24888639740647	312.0
142.2588870221532	305.0
142.2688876468999	291.0
142.27888827164665	272.0
142.28888889639336	248.0
142.2988895211401	215.0
142.3088901458868	215.0
142.31889077063354	218.0
142.32889139538025	226.0
142.338892020127	234.0
142.3488926448737	245.0
142.35889326962044	253.0
142.36889389436715	259.0
142.37889451911389	262.0
142.38889514386062	259.0
142.39889576860733	253.0
142.40889639335407	239.0
142.41889701810078	228.0
142.42889764284752	220.0
142.43889826759423	215.0
142.44889889234096	215.0
142.45889951708767	218.0
142.4689001418344	220.0
142.47890076658112	223.0
142.48890139132786	223.0
142.49890201607457	223.0
142.5089026408213	220.0
142.518903265568	215.0
142.52890389031475	208.0
142.53890451506146	203.0
142.5489051398082	199.0
142.55890576455494	201.0
142.56890638930165	203.0
142.57890701404838	208.0
142.5889076387951	215.0
142.59890826354183	220.0
142.60890888828854	226.0
142.61890951303528	226.0
142.628910137782	223.0
142.63891076252872	220.0
142.64891138727543	218.0
142.65891201202217	215.0
142.66891263676888	215.0
142.67891326151562	220.0
142.68891388626233	226.0
142.69891451100906	228.0
142.70891513575577	234.0
142.7189157605025	236.0
142.72891638524925	239.0
142.73891700999596	239.0
142.7489176347427	236.0
142.7589182594894	234.0
142.76891888423614	234.0
142.77891950898285	231.0
142.7889201337296	228.0
142.7989207584763	226.0
142.80892138322304	223.0
142.81892200796975	220.0
142.82892263271648	220.0
142.8389232574632	218.0
142.84892388220993	218.0
142.85892450695664	218.0
142.86892513170338	218.0
142.8789257564501	215.0
142.88892638119682	215.0
142.89892700594356	215.0
142.90892763069027	215.0
142.918928255437	215.0
142.92892888018372	215.0
142.93892950493046	215.0
142.94893012967717	213.0
142.9589307544239	213.0
142.9689313791706	210.0
142.97893200391735	210.0
142.98893262866406	208.0
142.9989332534108	208.0
143.0089338781575	208.0
143.01893450290424	210.0
143.02893512765095	213.0
143.0389357523977	215.0
143.0489363771444	220.0
143.05893700189114	223.0
143.06893762663788	226.0
143.07893825138459	231.0
143.08893887613132	236.0
143.09893950087803	242.0
143.10894012562477	245.0
143.11894075037148	248.0
143.12894137511822	248.0
143.13894199986493	250.0
143.14894262461166	248.0
143.15894324935837	245.0
143.1689438741051	242.0
143.17894449885182	236.0
143.18894512359856	231.0
143.19894574834527	228.0
143.208946373092	226.0
143.2189469978387	223.0
143.22894762258545	223.0
143.23894824733216	223.0
143.2489488720789	220.0
143.25894949682564	220.0
143.26895012157235	220.0
143.27895074631908	223.0
143.2889513710658	223.0
143.29895199581253	223.0
143.30895262055924	223.0
143.31895324530598	220.0
143.3289538700527	220.0
143.33895449479942	218.0
143.34895511954613	215.0
143.35895574429287	215.0
143.36895636903958	215.0
143.37895699378632	215.0
143.38895761853303	215.0
143.39895824327976	213.0
143.40895886802647	213.0
143.4189594927732	210.0
143.42896011751995	210.0
143.43896074226666	208.0
143.4489613670134	208.0
143.4589619917601	208.0
143.46896261650684	208.0
143.47896324125355	208.0
143.4889638660003	210.0
143.498964490747	210.0
143.50896511549374	210.0
143.51896574024045	210.0
143.52896636498718	210.0
143.5389669897339	210.0
143.54896761448063	213.0
143.55896823922734	213.0
143.56896886397408	213.0
143.5789694887208	213.0
143.58897011346752	215.0
143.59897073821426	215.0
143.60897136296097	218.0
143.6189719877077	218.0
143.62897261245442	220.0
143.63897323720116	223.0
143.64897386194787	226.0
143.6589744866946	231.0
143.6689751114413	236.0
143.67897573618805	239.0
143.68897636093476	239.0
143.6989769856815	239.0
143.7089776104282	239.0
143.71897823517494	236.0
143.72897885992165	234.0
143.7389794846684	231.0
143.7489801094151	226.0
143.75898073416184	223.0
143.76898135890858	220.0
143.77898198365529	215.0
143.78898260840202	210.0
143.79898323314873	206.0
143.80898385789547	201.0
143.81898448264218	196.0
143.82898510738892	194.0
143.83898573213563	192.0
143.84898635688236	190.0
143.85898698162907	187.0
143.8689876063758	183.0
143.87898823112252	181.0
143.88898885586926	179.0
143.89898948061597	177.0
143.9089901053627	175.0
143.9189907301094	173.0
143.92899135485615	171.0
143.9389919796029	169.0
143.9489926043496	167.0
143.95899322909634	167.0
143.96899385384305	167.0
143.97899447858978	167.0
143.9889951033365	167.0
143.99899572808323	169.0
144.00899635282994	169.0
144.01899697757668	169.0
144.0289976023234	167.0
144.03899822707012	167.0
144.04899885181683	165.0
144.05899947656357	163.0
144.06900010131028	163.0
144.07900072605702	163.0
144.08900135080373	163.0
144.09900197555046	165.0
144.1090026002972	167.0
144.1190032250439	169.0
144.12900384979065	171.0
144.13900447453736	175.0
144.1490050992841	177.0
144.1590057240308	179.0
144.16900634877754	179.0
144.17900697352425	179.0
144.189007598271	179.0
144.1990082230177	175.0
144.20900884776444	173.0
144.21900947251115	167.0
144.22901009725788	163.0
144.2390107220046	161.0
144.24901134675133	159.0
144.25901197149804	159.0
144.26901259624478	159.0
144.27901322099152	159.0
144.28901384573822	163.0
144.29901447048496	169.0
144.30901509523167	175.0
144.3190157199784	181.0
144.32901634472512	187.0
144.33901696947186	194.0
144.34901759421857	206.0
144.3590182189653	213.0
144.369018843712	218.0
144.37901946845875	220.0
144.38902009320546	220.0
144.3990207179522	220.0
144.4090213426989	220.0
144.41902196744564	218.0
144.42902259219235	215.0
144.4390232169391	213.0
144.44902384168583	210.0
144.45902446643254	208.0
144.46902509117928	208.0
144.47902571592599	208.0
144.48902634067272	208.0
144.49902696541943	208.0
144.50902759016617	210.0
144.51902821491288	213.0
144.52902883965962	218.0
144.53902946440633	220.0
144.54903008915306	226.0
144.55903071389977	228.0
144.5690313386465	228.0
144.57903196339322	228.0
144.58903258813996	228.0
144.59903321288667	226.0
144.6090338376334	223.0
144.61903446238014	218.0
144.62903508712685	210.0
144.6390357118736	208.0
144.6490363366203	208.0
144.65903696136704	208.0
144.66903758611375	208.0
144.67903821086048	210.0
144.6890388356072	215.0
144.69903946035393	218.0
144.70904008510064	223.0
144.71904070984738	226.0
144.7290413345941	228.0
144.73904195934082	231.0
144.74904258408753	236.0
144.75904320883427	239.0
144.76904383358098	242.0
144.77904445832772	245.0
144.78904508307446	242.0
144.79904570782116	239.0
144.8090463325679	234.0
144.8190469573146	231.0
144.82904758206135	228.0
144.83904820680806	226.0
144.8490488315548	228.0
144.8590494563015	228.0
144.86905008104824	231.0
144.87905070579495	234.0
144.8890513305417	236.0
144.8990519552884	239.0
144.90905258003514	242.0
144.91905320478185	245.0
144.92905382952858	248.0
144.9390544542753	250.0
144.94905507902203	250.0
144.95905570376877	248.0
144.96905632851548	245.0
144.97905695326222	239.0
144.98905757800893	234.0
144.99905820275566	228.0
145.00905882750237	226.0
145.0190594522491	226.0
145.02906007699582	226.0
145.03906070174256	226.0
145.04906132648927	228.0
145.059061951236	231.0
145.0690625759827	234.0
145.07906320072945	236.0
145.08906382547616	245.0
145.0990644502229	259.0
145.1090650749696	275.0
145.11906569971634	284.0
145.12906632446305	291.0
145.1390669492098	298.0
145.14906757395653	305.0
145.15906819870324	308.0
145.16906882344998	308.0
145.17906944819669	305.0
145.18907007294342	301.0
145.19907069769013	294.0
145.20907132243687	294.0
145.21907194718358	291.0
145.22907257193032	291.0
145.23907319667703	291.0
145.24907382142376	294.0
145.25907444617047	294.0
145.2690750709172	294.0
145.27907569566392	294.0
145.28907632041066	294.0
145.29907694515737	294.0
145.3090775699041	294.0
145.31907819465084	294.0
145.32907881939755	294.0
145.3390794441443	291.0
145.349080068891	291.0
145.35908069363774	291.0
145.36908131838445	291.0
145.37908194313118	288.0
145.3890825678779	284.0
145.39908319262463	281.0
145.40908381737134	278.0
145.41908444211808	275.0
145.4290850668648	272.0
145.43908569161152	275.0
145.44908631635823	278.0
145.45908694110497	284.0
145.46908756585168	291.0
145.47908819059842	298.0
145.48908881534516	301.0
145.49908944009186	308.0
145.5090900648386	316.0
145.5190906895853	316.0
145.52909131433205	316.0
145.53909193907876	308.0
145.5490925638255	305.0
145.5590931885722	298.0
145.56909381331894	294.0
145.57909443806565	291.0
145.5890950628124	288.0
145.5990956875591	284.0
145.60909631230584	284.0
145.61909693705255	284.0
145.62909756179928	284.0
145.639098186546	288.0
145.64909881129273	291.0
145.65909943603947	294.0
145.66910006078618	305.0
145.67910068553292	312.0
145.68910131027963	323.0
145.69910193502636	331.0
145.70910255977307	338.0
145.7191031845198	346.0
145.72910380926652	346.0
145.73910443401326	346.0
145.74910505875997	346.0
145.7591056835067	342.0
145.7691063082534	338.0
145.77910693300015	331.0
145.78910755774686	327.0
145.7991081824936	323.0
145.8091088072403	319.0
145.81910943198704	319.0
145.82911005673378	319.0
145.8391106814805	319.0
145.84911130622723	319.0
145.85911193097394	316.0
145.86911255572068	316.0
145.87911318046739	316.0
145.88911380521412	319.0
145.89911442996083	319.0
145.90911505470757	323.0
145.91911567945428	331.0
145.92911630420102	0.0
145.93911692894773	0.0
145.94911755369446	0.0
145.95911817844117	0.0
145.9691188031879	0.0
145.97911942793462	0.0
145.98912005268136	0.0
145.9991206774281	0.0
146.0091213021748	384.0
146.01912192692154	371.0
146.02912255166825	350.0
146.039123176415	327.0
146.0491238011617	0.0
146.05912442590844	0.0
146.06912505065515	0.0
146.07912567540188	0.0
146.0891263001486	301.0
146.09912692489533	308.0
146.10912754964204	312.0
146.11912817438878	316.0
146.1291287991355	316.0
146.13912942388222	312.0
146.14913004862893	305.0
146.15913067337567	298.0
146.1691312981224	294.0
146.17913192286912	284.0
146.18913254761586	0.0
146.19913317236256	0.0
146.2091337971093	0.0
146.219134421856	0.0
146.22913504660275	0.0
146.23913567134946	0.0
146.2491362960962	0.0
146.2591369208429	0.0
146.26913754558964	0.0
146.27913817033635	0.0
146.2891387950831	0.0
146.2991394198298	0.0
146.30914004457654	0.0
146.31914066932325	288.0
146.32914129406998	0.0
146.33914191881672	0.0
146.34914254356343	0.0
146.35914316831017	0.0
146.36914379305688	0.0
146.37914441780362	0.0
146.38914504255033	0.0
146.39914566729706	0.0
146.40914629204377	0.0
146.4191469167905	0.0
146.42914754153722	0.0
146.43914816628396	0.0
146.44914879103067	0.0
146.4591494157774	0.0
146.4691500405241	0.0
146.47915066527085	0.0
146.48915129001756	0.0
146.4991519147643	0.0
146.50915253951104	0.0
146.51915316425774	0.0
146.52915378900448	0.0
146.5391544137512	0.0
146.54915503849793	0.0
146.55915566324464	0.0
146.56915628799138	0.0
146.57915691273809	0.0
146.58915753748482	0.0
146.59915816223153	0.0
146.60915878697827	0.0
146.61915941172498	0.0
146.62916003647172	0.0
146.63916066121843	0.0
146.64916128596516	0.0
146.65916191071187	0.0
146.6691625354586	0.0
146.67916316020535	0.0
146.68916378495206	0.0
146.6991644096988	0.0
146.7091650344455	0.0
146.71916565919224	0.0
146.72916628393895	0.0
146.7391669086857	0.0
146.7491675334324	0.0
146.75916815817914	0.0
146.76916878292585	0.0
146.77916940767258	0.0
146.7891700324193	0.0
146.79917065716603	0.0
146.80917128191274	0.0
146.81917190665948	0.0
146.8291725314062	0.0
146.83917315615292	0.0
146.84917378089966	0.0
146.85917440564637	0.0
146.8691750303931	0.0
146.87917565513982	0.0
146.88917627988656	0.0
146.89917690463326	0.0
146.90917752938	0.0
146.9191781541267	0.0
146.92917877887345	0.0
146.93917940362016	0.0
146.9491800283669	0.0
146.9591806531136	0.0
146.96918127786034	0.0
146.97918190260705	0.0
146.9891825273538	0.0
146.9991831521005	0.0
147.00918377684724	0.0
147.01918440159398	0.0
147.02918502634068	0.0
147.03918565108742	0.0
147.04918627583413	0.0
147.05918690058087	0.0
147.06918752532758	0.0
147.07918815007432	0.0
147.08918877482103	0.0
147.09918939956776	0.0
147.10919002431447	0.0
147.1191906490612	0.0
147.12919127380792	0.0
147.13919189855466	0.0
147.14919252330137	0.0
147.1591931480481	0.0
147.1691937727948	0.0
147.17919439754155	0.0
147.18919502228826	0.0
147.199195647035	0.0
147.20919627178174	0.0
147.21919689652844	0.0
147.22919752127518	0.0
147.2391981460219	0.0
147.24919877076863	0.0
147.25919939551534	0.0
147.26920002026208	0.0
147.27920064500879	0.0
147.28920126975552	0.0
147.29920189450223	0.0
147.30920251924897	0.0
147.31920314399568	0.0
147.32920376874242	0.0
147.33920439348913	0.0
147.34920501823586	0.0
147.35920564298257	0.0
147.3692062677293	0.0
147.37920689247605	0.0
147.38920751722276	0.0
147.3992081419695	0.0
147.4092087667162	0.0
147.41920939146294	0.0
147.42921001620965	0.0
147.4392106409564	0.0
147.4492112657031	0.0
147.45921189044984	0.0
147.46921251519655	0.0
147.47921313994328	0.0
147.48921376469	0.0
147.49921438943673	0.0
147.50921501418344	0.0
147.51921563893018	0.0
147.5292162636769	0.0
147.53921688842362	0.0
147.54921751317036	0.0
147.55921813791707	0.0
147.5692187626638	0.0
147.57921938741052	0.0
147.58922001215726	0.0
147.59922063690396	0.0
147.6092212616507	0.0
147.6192218863974	0.0
147.62922251114415	0.0
147.63922313589086	0.0
147.6492237606376	0.0
147.6592243853843	0.0
147.66922501013104	0.0
147.67922563487775	0.0
147.6892262596245	0.0
147.6992268843712	0.0
147.70922750911794	0.0
147.71922813386468	0.0
147.72922875861138	0.0
147.73922938335812	0.0
147.74923000810483	0.0
147.75923063285157	0.0
147.76923125759828	0.0
147.77923188234502	0.0
147.78923250709173	0.0
147.79923313183846	0.0
147.80923375658517	0.0
147.8192343813319	0.0
147.82923500607862	0.0
147.83923563082536	0.0
147.84923625557207	0.0
147.8592368803188	0.0
147.8692375050655	0.0
147.87923812981225	0.0
147.889238754559	0.0
147.8992393793057	0.0
147.90924000405244	0.0
147.91924062879914	0.0
147.92924125354588	0.0
147.9392418782926	0.0
147.94924250303933	0.0
147.95924312778604	0.0
147.96924375253278	0.0
147.97924437727949	0.0
147.98924500202622	0.0
147.99924562677293	0.0
148.00924625151967	0.0
148.01924687626638	0.0
148.02924750101312	0.0
148.03924812575983	0.0
148.04924875050656	0.0
148.0592493752533	0.0
148.06925	0.0
148.07925062474675	0.0
148.08925124949346	0.0
148.0992518742402	0.0
148.1092524989869	0.0
148.11925312373364	0.0
148.12925374848035	0.0
148.1392543732271	0.0
148.1492549979738	0.0
148.15925562272054	0.0
148.16925624746725	0.0
148.17925687221398	0.0
148.1892574969607	0.0
148.19925812170743	0.0
148.20925874645414	0.0
148.21925937120088	0.0
148.22925999594761	0.0
148.23926062069432	0.0
148.24926124544106	0.0
148.25926187018777	0.0
148.2692624949345	0.0
148.27926311968122	0.0
148.28926374442796	0.0
148.29926436917467	0.0
148.3092649939214	0.0
148.3192656186681	0.0
148.32926624341485	0.0
148.33926686816156	0.0
148.3492674929083	0.0
148.359268117655	0.0
148.36926874240174	0.0
148.37926936714845	0.0
148.3892699918952	0.0
148.39927061664193	0.0
148.40927124138864	0.0
148.41927186613538	0.0
148.42927249088208	0.0
148.43927311562882	0.0
148.44927374037553	0.0
148.45927436512227	0.0
148.46927498986898	0.0
148.47927561461572	0.0
148.48927623936243	0.0
148.49927686410916	0.0
148.50927748885587	0.0
148.5192781136026	0.0
148.52927873834932	0.0
148.53927936309606	0.0
148.54927998784277	0.0
148.5592806125895	0.0
148.56928123733624	0.0
148.57928186208295	0.0
148.5892824868297	0.0
148.5992831115764	0.0
148.60928373632314	0.0
148.61928436106984	0.0
148.62928498581658	0.0
148.6392856105633	0.0
148.64928623531003	0.0
148.65928686005674	0.0
148.66928748480348	0.0
148.67928810955019	0.0
148.68928873429692	0.0
148.69928935904363	0.0
148.70928998379037	0.0
148.71929060853708	0.0
148.72929123328382	0.0
148.73929185803055	0.0
148.74929248277726	0.0
148.759293107524	0.0
148.7692937322707	0.0
148.77929435701745	0.0
148.78929498176416	0.0
148.7992956065109	0.0
148.8092962312576	0.0
148.81929685600434	0.0
148.82929748075105	0.0
148.8392981054978	0.0
148.8492987302445	0.0
148.85929935499124	0.0
148.86929997973795	0.0
148.87930060448468	0.0
148.8893012292314	0.0
148.89930185397813	0.0
148.90930247872487	0.0
148.91930310347158	0.0
148.92930372821831	0.0
148.93930435296502	0.0
148.94930497771176	0.0
148.95930560245847	0.0
148.9693062272052	0.0
148.97930685195192	288.0
148.98930747669866	288.0
148.99930810144537	288.0
149.0093087261921	288.0
149.0193093509388	291.0
149.02930997568555	291.0
149.03931060043226	291.0
149.049311225179	294.0
149.0593118499257	294.0
149.06931247467244	294.0
149.07931309941915	294.0
149.0893137241659	291.0
149.09931434891263	291.0
149.10931497365934	291.0
149.11931559840608	291.0
149.12931622315278	291.0
149.13931684789952	291.0
149.14931747264623	291.0
149.15931809739297	294.0
149.16931872213968	294.0
149.17931934688642	294.0
149.18931997163313	294.0
149.19932059637986	294.0
149.20932122112657	291.0
149.2193218458733	291.0
149.22932247062002	291.0
149.23932309536676	294.0
149.24932372011347	294.0
149.2593243448602	294.0
149.26932496960694	294.0
149.27932559435365	298.0
149.2893262191004	298.0
149.2993268438471	298.0
149.30932746859384	298.0
149.31932809334054	298.0
149.32932871808728	298.0
149.339329342834	294.0
149.34932996758073	294.0
149.35933059232744	294.0
149.36933121707418	294.0
149.37933184182089	294.0
149.38933246656762	294.0
149.39933309131433	294.0
149.40933371606107	294.0
149.41933434080778	298.0
149.42933496555452	298.0
149.43933559030125	298.0
149.44933621504796	298.0
149.4593368397947	298.0
149.4693374645414	294.0
149.47933808928815	294.0
149.48933871403486	294.0
149.4993393387816	294.0
149.5093399635283	291.0
149.51934058827504	284.0
149.52934121302175	284.0
149.5393418377685	288.0
149.5493424625152	291.0
149.55934308726194	294.0
149.56934371200865	298.0
149.57934433675538	308.0
149.5893449615021	308.0
149.59934558624883	308.0
149.60934621099557	312.0
149.61934683574228	316.0
149.62934746048902	319.0
149.63934808523572	323.0
149.64934870998246	319.0
149.65934933472917	312.0
149.6693499594759	308.0
149.67935058422262	301.0
149.68935120896936	298.0
149.69935183371607	294.0
149.7093524584628	291.0
149.7193530832095	291.0
149.72935370795625	288.0
149.73935433270296	291.0
149.7493549574497	291.0
149.7593555821964	294.0
149.76935620694314	291.0
149.77935683168988	294.0
149.7893574564366	294.0
149.79935808118333	294.0
149.80935870593004	294.0
149.81935933067678	298.0
149.82935995542348	298.0
149.83936058017022	298.0
149.84936120491693	298.0
149.85936182966367	298.0
149.86936245441038	298.0
149.87936307915712	294.0
149.88936370390383	288.0
149.89936432865056	284.0
149.90936495339727	281.0
149.919365578144	281.0
149.92936620289072	284.0
149.93936682763746	294.0
149.9493674523842	298.0
149.9593680771309	312.0
149.96936870187764	312.0
149.97936932662435	308.0
149.9893699513711	298.0
149.9993705761178	291.0
150.00937120086454	278.0
150.01937182561124	236.0
150.02937245035798	223.0
150.0393730751047	208.0
150.04937369985143	203.0
150.05937432459814	201.0
150.06937494934488	203.0
150.07937557409159	208.0
150.08937619883832	215.0
150.09937682358503	226.0
150.10937744833177	234.0
150.1193780730785	239.0
150.12937869782522	242.0
150.13937932257195	245.0
150.14937994731866	245.0
150.1593805720654	239.0
150.1693811968121	234.0
150.17938182155885	228.0
150.18938244630556	226.0
150.1993830710523	223.0
150.209383695799	220.0
150.21938432054574	218.0
150.22938494529245	218.0
150.2393855700392	218.0
150.2493861947859	220.0
150.25938681953264	220.0
150.26938744427935	220.0
150.27938806902608	223.0
150.28938869377282	223.0
150.29938931851953	220.0
150.30938994326627	218.0
150.31939056801298	215.0
150.32939119275972	210.0
150.33939181750642	208.0
150.34939244225316	203.0
150.35939306699987	203.0
150.3693936917466	203.0
150.37939431649332	208.0
150.38939494124006	213.0
150.39939556598677	218.0
150.4093961907335	220.0
150.4193968154802	223.0
150.42939744022695	223.0
150.43939806497366	220.0
150.4493986897204	220.0
150.45939931446713	218.0
150.46939993921384	215.0
150.47940056396058	213.0
150.4894011887073	210.0
150.49940181345403	210.0
150.50940243820074	210.0
150.51940306294748	210.0
150.52940368769418	210.0
150.53940431244092	213.0
150.54940493718763	215.0
150.55940556193437	218.0
150.56940618668108	220.0
150.57940681142782	226.0
150.58940743617453	228.0
150.59940806092126	234.0
150.60940868566797	239.0
150.6194093104147	245.0
150.62940993516145	248.0
150.63941055990816	250.0
150.6494111846549	250.0
150.6594118094016	248.0
150.66941243414834	245.0
150.67941305889505	242.0
150.6894136836418	239.0
150.6994143083885	234.0
150.70941493313524	231.0
150.71941555788194	231.0
150.72941618262868	228.0
150.7394168073754	228.0
150.74941743212213	226.0
150.75941805686884	226.0
150.76941868161558	223.0
150.77941930636229	223.0
150.78941993110902	220.0
150.79942055585576	220.0
150.80942118060247	220.0
150.8194218053492	218.0
150.82942243009592	218.0
150.83942305484265	215.0
150.84942367958936	215.0
150.8594243043361	213.0
150.8694249290828	213.0
150.87942555382955	210.0
150.88942617857626	210.0
150.899426803323	210.0
150.9094274280697	210.0
150.91942805281644	213.0
150.92942867756315	215.0
150.9394293023099	220.0
150.9494299270566	226.0
150.95943055180334	228.0
150.96943117655007	234.0
150.97943180129678	239.0
150.98943242604352	245.0
150.99943305079023	245.0
151.00943367553697	245.0
151.01943430028368	242.0
151.02943492503042	239.0
151.03943554977712	236.0
151.04943617452386	234.0
151.05943679927057	231.0
151.0694374240173	228.0
151.07943804876402	226.0
151.08943867351076	226.0
151.09943929825747	226.0
151.1094399230042	228.0
151.1194405477509	231.0
151.12944117249765	236.0
151.13944179724436	239.0
151.1494424219911	242.0
151.15944304673783	245.0
151.16944367148454	248.0
151.17944429623128	248.0
151.189444920978	245.0
151.19944554572473	239.0
151.20944617047144	234.0
151.21944679521818	228.0
151.22944741996488	223.0
151.23944804471162	218.0
151.24944866945833	215.0
151.25944929420507	210.0
151.26944991895178	208.0
151.27945054369852	208.0
151.28945116844523	210.0
151.29945179319196	210.0
151.30945241793867	213.0
151.3194530426854	215.0
151.32945366743215	220.0
151.33945429217886	223.0
151.3494549169256	223.0
151.3594555416723	0.0
151.36945616641904	0.0
151.37945679116575	0.0
151.3894574159125	0.0
151.3994580406592	0.0
151.40945866540594	0.0
151.41945929015264	0.0
151.42945991489938	0.0
151.4394605396461	0.0
151.44946116439283	0.0
151.45946178913954	0.0
151.46946241388628	0.0
151.47946303863299	0.0
151.48946366337972	0.0
151.49946428812646	0.0
151.50946491287317	0.0
151.5194655376199	0.0
151.52946616236662	0.0
151.53946678711335	0.0
151.54946741186006	0.0
151.5594680366068	0.0
151.5694686613535	0.0
151.57946928610025	278.0
151.58946991084696	278.0
151.5994705355937	0.0
151.6094711603404	0.0
151.61947178508714	272.0
151.62947240983385	268.0
151.6394730345806	265.0
151.6494736593273	259.0
151.65947428407404	253.0
151.66947490882077	250.0
151.67947553356748	245.0
151.68947615831422	239.0
151.69947678306093	236.0
151.70947740780767	0.0
151.71947803255438	0.0
151.72947865730112	0.0
151.73947928204782	0.0
151.74947990679456	0.0
151.75948053154127	0.0
151.769481156288	0.0
151.77948178103472	0.0
151.78948240578146	0.0
151.79948303052817	0.0
151.8094836552749	0.0
151.8194842800216	0.0
151.82948490476835	0.0
151.8394855295151	0.0
151.8494861542618	0.0
151.85948677900853	0.0
151.86948740375524	0.0
151.87948802850198	0.0
151.8894886532487	0.0
151.89948927799543	0.0
151.90948990274214	0.0
151.91949052748888	0.0
151.92949115223558	0.0
151.93949177698232	0.0
151.94949240172903	0.0
151.95949302647577	0.0
151.96949365122248	0.0
151.97949427596922	0.0
151.98949490071593	0.0
151.99949552546266	0.0
152.0094961502094	0.0
152.0194967749561	0.0
152.02949739970285	0.0
152.03949802444956	0.0
152.0494986491963	0.0
152.059499273943	0.0
152.06949989868974	0.0
152.07950052343645	0.0
152.0895011481832	0.0
152.0995017729299	0.0
152.10950239767664	0.0
152.11950302242334	0.0
152.12950364717008	0.0
152.1395042719168	0.0
152.14950489666353	0.0
152.15950552141024	0.0
152.16950614615698	0.0
152.1795067709037	0.0
152.18950739565042	0.0
152.19950802039716	0.0
152.20950864514387	0.0
152.2195092698906	0.0
152.22950989463732	0.0
152.23951051938405	0.0
152.24951114413076	0.0
152.2595117688775	0.0
152.2695123936242	0.0
152.27951301837095	0.0
152.28951364311766	0.0
152.2995142678644	0.0
152.3095148926111	0.0
152.31951551735784	0.0
152.32951614210455	0.0
152.3395167668513	0.0
152.34951739159803	0.0
152.35951801634474	0.0
152.36951864109147	0.0
152.37951926583818	0.0
152.38951989058492	0.0
152.39952051533163	0.0
152.40952114007837	0.0
152.41952176482508	0.0
152.42952238957182	0.0
152.43952301431852	0.0
152.44952363906526	0.0
152.45952426381197	0.0
152.4695248885587	0.0
152.47952551330542	0.0
152.48952613805216	0.0
152.49952676279887	0.0
152.5095273875456	0.0
152.51952801229234	0.0
152.52952863703905	0.0
152.5395292617858	0.0
152.5495298865325	0.0
152.55953051127923	0.0
152.56953113602594	0.0
152.57953176077268	0.0
152.5895323855194	0.0
152.59953301026613	0.0
152.60953363501284	0.0
152.61953425975958	0.0
152.62953488450628	0.0
152.63953550925302	0.0
152.64953613399973	0.0
152.65953675874647	0.0
152.66953738349318	0.0
152.67953800823992	0.0
152.68953863298665	0.0
152.69953925773336	0.0
152.7095398824801	0.0
152.7195405072268	0.0
152.72954113197355	0.0
152.73954175672026	0.0
152.749542381467	0.0
152.7595430062137	0.0
152.76954363096044	0.0
152.77954425570715	0.0
152.7895448804539	0.0
152.7995455052006	0.0
152.80954612994734	0.0
152.81954675469404	0.0
152.82954737944078	0.0
152.8395480041875	0.0
152.84954862893423	0.0
152.85954925368097	0.0
152.86954987842768	0.0
152.8795505031744	0.0
152.88955112792112	0.0
152.89955175266786	0.0
152.90955237741457	0.0
152.9195530021613	0.0
152.92955362690802	0.0
152.93955425165476	0.0
152.94955487640146	0.0
152.9595555011482	0.0
152.9695561258949	0.0
152.97955675064165	0.0
152.98955737538836	0.0
152.9995580001351	0.0
153.0095586248818	0.0
153.01955924962854	0.0
153.02955987437525	0.0
153.039560499122	0.0
153.04956112386873	0.0
153.05956174861544	0.0
153.06956237336217	0.0
153.07956299810888	0.0
153.08956362285562	0.0
153.09956424760233	0.0
153.10956487234907	0.0
153.11956549709578	0.0
153.12956612184252	0.0
153.13956674658922	0.0
153.14956737133596	0.0
153.15956799608267	0.0
153.1695686208294	0.0
153.17956924557612	0.0
153.18956987032286	0.0
153.19957049506957	0.0
153.2095711198163	0.0
153.21957174456304	0.0
153.22957236930975	0.0
153.2395729940565	0.0
153.2495736188032	0.0
153.25957424354993	0.0
153.26957486829664	0.0
153.27957549304338	0.0
153.2895761177901	0.0
153.29957674253683	0.0
153.30957736728354	0.0
153.31957799203028	0.0
153.32957861677698	0.0
153.33957924152372	0.0
153.34957986627043	0.0
153.35958049101717	0.0
153.36958111576388	0.0
153.37958174051062	0.0
153.38958236525735	0.0
153.39958299000406	0.0
153.4095836147508	0.0
153.4195842394975	0.0
153.42958486424425	0.0
153.43958548899096	0.0
153.4495861137377	0.0
153.4595867384844	0.0
153.46958736323114	0.0
153.47958798797785	0.0
153.4895886127246	0.0
153.4995892374713	0.0
153.50958986221804	0.0
153.51959048696474	0.0
153.52959111171148	0.0
153.5395917364582	0.0
153.54959236120493	0.0
153.55959298595167	0.0
153.56959361069838	0.0
153.57959423544511	0.0
153.58959486019182	0.0
153.59959548493856	0.0
153.60959610968527	0.0
153.619596734432	0.0
153.62959735917872	0.0
153.63959798392546	0.0
153.64959860867216	0.0
153.6595992334189	0.0
153.6695998581656	0.0
153.67960048291235	0.0
153.68960110765906	0.0
153.6996017324058	0.0
153.7096023571525	0.0
153.71960298189924	0.0
153.72960360664598	0.0
153.7396042313927	0.0
153.74960485613943	0.0
153.75960548088614	0.0
153.76960610563287	0.0
153.77960673037958	0.0
153.78960735512632	0.0
153.79960797987303	0.0
153.80960860461977	0.0
153.81960922936648	0.0
153.82960985411322	0.0
153.83961047885992	0.0
153.84961110360666	0.0
153.85961172835337	223.0
153.8696123531001	226.0
153.87961297784682	228.0
153.88961360259356	234.0
153.8996142273403	236.0
153.909614852087	239.0
153.91961547683374	242.0
153.92961610158045	242.0
153.9396167263272	242.0
153.9496173510739	242.0
153.95961797582063	239.0
153.96961860056734	239.0
153.97961922531408	236.0
153.9896198500608	234.0
153.99962047480753	234.0
154.00962109955424	231.0
154.01962172430098	231.0
154.02962234904768	228.0
154.03962297379442	228.0
154.04962359854113	228.0
154.05962422328787	226.0
154.0696248480346	226.0
154.07962547278132	223.0
154.08962609752805	223.0
154.09962672227476	220.0
154.1096273470215	218.0
154.1196279717682	215.0
154.12962859651495	213.0
154.13962922126166	215.0
154.1496298460084	220.0
154.1596304707551	226.0
154.16963109550184	231.0
154.17963172024855	234.0
154.1896323449953	236.0
154.199632969742	239.0
154.20963359448874	239.0
154.21963421923545	242.0
154.22963484398218	242.0
154.23963546872892	242.0
154.24963609347563	239.0
154.25963671822237	239.0
154.26963734296908	239.0
154.27963796771581	236.0
154.28963859246252	236.0
154.29963921720926	234.0
154.30963984195597	234.0
154.3196404667027	234.0
154.32964109144942	231.0
154.33964171619616	228.0
154.34964234094286	228.0
154.3596429656896	226.0
154.3696435904363	223.0
154.37964421518305	223.0
154.38964483992976	223.0
154.3996454646765	223.0
154.40964608942323	226.0
154.41964671416994	231.0
154.42964733891668	236.0
154.4396479636634	239.0
154.44964858841013	242.0
154.45964921315684	239.0
154.46964983790357	236.0
154.47965046265028	231.0
154.48965108739702	226.0
154.49965171214373	223.0
154.50965233689047	223.0
154.51965296163718	228.0
154.52965358638392	231.0
154.53965421113062	234.0
154.54965483587736	234.0
154.55965546062407	234.0
154.5696560853708	234.0
154.57965671011755	0.0
154.58965733486426	0.0
154.599657959611	0.0
154.6096585843577	0.0
154.61965920910444	0.0
154.62965983385115	0.0
154.6396604585979	0.0
154.6496610833446	0.0
154.65966170809133	0.0
154.66966233283804	0.0
154.67966295758478	0.0
154.6896635823315	0.0
154.69966420707823	0.0
154.70966483182494	0.0
154.71966545657168	0.0
154.72966608131838	0.0
154.73966670606512	0.0
154.74966733081186	0.0
154.75966795555857	0.0
154.7696685803053	0.0
154.77966920505202	0.0
154.78966982979875	0.0
154.79967045454546	0.0
154.8096710792922	0.0
154.8196717040389	0.0
154.82967232878565	0.0
154.83967295353236	0.0
154.8496735782791	0.0
154.8596742030258	0.0
154.86967482777254	0.0
154.87967545251925	0.0
154.889676077266	0.0
154.8996767020127	0.0
154.90967732675944	0.0
154.91967795150617	0.0
154.92967857625288	0.0
154.93967920099962	0.0
154.94967982574633	0.0
154.95968045049307	0.0
154.96968107523978	0.0
154.97968169998651	0.0
154.98968232473322	0.0
154.99968294947996	0.0
155.00968357422667	0.0
155.0196841989734	0.0
155.02968482372012	0.0
155.03968544846686	0.0
155.04968607321356	0.0
155.0596866979603	0.0
155.069687322707	0.0
155.07968794745375	0.0
155.08968857220046	0.0
155.0996891969472	0.0
155.10968982169393	0.0
155.11969044644064	0.0
155.12969107118738	0.0
155.1396916959341	0.0
155.14969232068083	0.0
155.15969294542754	0.0
155.16969357017427	0.0
155.17969419492098	0.0
155.18969481966772	0.0
155.19969544441443	0.0
155.20969606916117	0.0
155.21969669390788	0.0
155.22969731865462	0.0
155.23969794340132	0.0
155.24969856814806	0.0
155.25969919289477	0.0
155.2696998176415	0.0
155.27970044238825	0.0
155.28970106713496	0.0
155.2997016918817	0.0
155.3097023166284	0.0
155.31970294137514	0.0
155.32970356612185	0.0
155.3397041908686	0.0
155.3497048156153	0.0
155.35970544036203	0.0
155.36970606510874	0.0
155.37970668985548	0.0
155.3897073146022	0.0
155.39970793934893	0.0
155.40970856409564	0.0
155.41970918884238	0.0
155.42970981358908	0.0
155.43971043833582	0.0
155.44971106308256	0.0
155.45971168782927	0.0
155.469712312576	0.0
155.47971293732272	0.0
155.48971356206945	0.0
155.49971418681616	0.0
155.5097148115629	0.0
155.5197154363096	0.0
155.52971606105635	0.0
155.53971668580306	0.0
155.5497173105498	0.0
155.5597179352965	0.0
155.56971856004324	0.0
155.57971918478995	0.0
155.5897198095367	0.0
155.5997204342834	0.0
155.60972105903014	0.0
155.61972168377687	0.0
155.62972230852358	0.0
155.63972293327032	0.0
155.64972355801703	0.0
155.65972418276377	0.0
155.66972480751048	0.0
155.67972543225721	0.0
155.68972605700392	0.0
155.69972668175066	0.0
155.70972730649737	0.0
155.7197279312441	0.0
155.72972855599082	0.0
155.73972918073756	0.0
155.74972980548426	0.0
155.759730430231	0.0
155.7697310549777	0.0
155.77973167972445	0.0
155.7897323044712	0.0
155.7997329292179	0.0
155.80973355396463	0.0
155.81973417871134	0.0
155.82973480345808	0.0
155.8397354282048	0.0
155.84973605295153	0.0
155.85973667769824	0.0
155.86973730244497	0.0
155.87973792719168	0.0
155.88973855193842	0.0
155.89973917668513	0.0
155.90973980143187	0.0
155.91974042617858	0.0
155.92974105092532	0.0
155.93974167567202	0.0
155.94974230041876	0.0
155.9597429251655	0.0
155.9697435499122	0.0
155.97974417465895	0.0
155.98974479940566	0.0
155.9997454241524	0.0
156.0097460488991	0.0
156.01974667364584	161.0
156.02974729839255	163.0
156.0397479231393	163.0
156.049748547886	167.0
156.05974917263273	171.0
156.06974979737944	175.0
156.07975042212618	181.0
156.0897510468729	187.0
156.09975167161963	199.0
156.10975229636634	210.0
156.11975292111308	218.0
156.1297535458598	226.0
156.13975417060652	228.0
156.14975479535326	231.0
156.15975542009997	231.0
156.1697560448467	231.0
156.17975666959342	231.0
156.18975729434015	231.0
156.19975791908686	231.0
156.2097585438336	234.0
156.2197591685803	234.0
156.22975979332705	234.0
156.23976041807376	234.0
156.2497610428205	231.0
156.2597616675672	228.0
156.26976229231394	228.0
156.27976291706065	226.0
156.2897635418074	223.0
156.29976416655413	220.0
156.30976479130084	220.0
156.31976541604757	218.0
156.32976604079428	218.0
156.33976666554102	218.0
156.34976729028773	220.0
156.35976791503447	223.0
156.36976853978118	226.0
156.37976916452791	228.0
156.38976978927462	231.0
156.39977041402136	234.0
156.40977103876807	234.0
156.4197716635148	236.0
156.42977228826152	239.0
156.43977291300826	239.0
156.44977353775496	239.0
156.4597741625017	239.0
156.46977478724844	236.0
156.47977541199515	236.0
156.4897760367419	234.0
156.4997766614886	234.0
156.50977728623533	234.0
156.51977791098204	231.0
156.52977853572878	231.0
156.5397791604755	228.0
156.54977978522223	226.0
156.55978040996894	223.0
156.56978103471567	223.0
156.57978165946238	220.0
156.58978228420912	220.0
156.59978290895583	220.0
156.60978353370257	220.0
156.61978415844928	223.0
156.62978478319602	226.0
156.63978540794275	228.0
156.64978603268946	231.0
156.6597866574362	234.0
156.6697872821829	236.0
156.67978790692965	242.0
156.68978853167636	248.0
156.6997891564231	250.0
156.7097897811698	250.0
156.71979040591654	253.0
156.72979103066325	253.0
156.73979165541	250.0
156.7497922801567	248.0
156.75979290490343	245.0
156.76979352965014	242.0
156.77979415439688	239.0
156.7897947791436	236.0
156.79979540389033	234.0
156.80979602863707	231.0
156.81979665338378	231.0
156.8297972781305	228.0
156.83979790287722	228.0
156.84979852762396	228.0
156.85979915237067	226.0
156.8697997771174	228.0
156.87980040186412	228.0
156.88980102661085	228.0
156.89980165135756	228.0
156.9098022761043	231.0
156.919802900851	234.0
156.92980352559775	239.0
156.93980415034446	245.0
156.9498047750912	253.0
156.9598053998379	259.0
156.96980602458464	268.0
156.97980664933135	275.0
156.9898072740781	284.0
156.99980789882483	288.0
157.00980852357154	288.0
157.01980914831827	291.0
157.02980977306498	288.0
157.03981039781172	288.0
157.04981102255843	291.0
157.05981164730517	291.0
157.06981227205188	294.0
157.07981289679861	294.0
157.08981352154532	294.0
157.09981414629206	294.0
157.10981477103877	294.0
157.1198153957855	291.0
157.12981602053222	291.0
157.13981664527896	291.0
157.14981727002566	291.0
157.1598178947724	291.0
157.16981851951914	291.0
157.17981914426585	294.0
157.1898197690126	291.0
157.1998203937593	291.0
157.20982101850603	291.0
157.21982164325274	291.0
157.22982226799948	291.0
157.2398228927462	291.0
157.24982351749293	291.0
157.25982414223964	291.0
157.26982476698637	291.0
157.27982539173308	291.0
157.28982601647982	291.0
157.29982664122653	291.0
157.30982726597327	291.0
157.31982789071998	291.0
157.32982851546672	291.0
157.33982914021345	291.0
157.34982976496016	291.0
157.3598303897069	291.0
157.3698310144536	291.0
157.37983163920035	294.0
157.38983226394706	294.0
157.3998328886938	294.0
157.4098335134405	294.0
157.41983413818724	294.0
157.42983476293395	294.0
157.4398353876807	294.0
157.4498360124274	294.0
157.45983663717413	294.0
157.46983726192084	294.0
157.47983788666758	294.0
157.4898385114143	291.0
157.49983913616103	291.0
157.50983976090777	291.0
157.51984038565448	288.0
157.5298410104012	288.0
157.53984163514792	284.0
157.54984225989466	284.0
157.55984288464137	284.0
157.5698435093881	284.0
157.57984413413482	284.0
157.58984475888155	284.0
157.59984538362826	288.0
157.609846008375	291.0
157.6198466331217	291.0
157.62984725786845	294.0
157.63984788261516	294.0
157.6498485073619	298.0
157.6598491321086	298.0
157.66984975685534	294.0
157.67985038160208	294.0
157.6898510063488	294.0
157.69985163109553	294.0
157.70985225584224	294.0
157.71985288058897	294.0
157.72985350533568	294.0
157.73985413008242	298.0
157.74985475482913	298.0
157.75985537957587	294.0
157.76985600432258	294.0
157.77985662906931	294.0
157.78985725381602	291.0
157.79985787856276	294.0
157.80985850330947	294.0
157.8198591280562	294.0
157.82985975280292	298.0
157.83986037754966	298.0
157.8498610022964	298.0
157.8598616270431	294.0
157.86986225178984	294.0
157.87986287653655	294.0
157.8898635012833	294.0
157.89986412603	294.0
157.90986475077673	294.0
157.91986537552344	294.0
157.92986600027018	294.0
157.9398666250169	294.0
157.94986724976363	294.0
157.95986787451034	294.0
157.96986849925707	294.0
157.97986912400378	294.0
157.98986974875052	294.0
157.99987037349723	294.0
158.00987099824397	294.0
158.0198716229907	294.0
158.02987224773742	294.0
158.03987287248415	294.0
158.04987349723086	294.0
158.0598741219776	294.0
158.0698747467243	294.0
158.07987537147105	294.0
158.08987599621776	294.0
158.0998766209645	294.0
158.1098772457112	294.0
158.11987787045794	298.0
158.12987849520465	298.0
158.1398791199514	298.0
158.1498797446981	294.0
158.15988036944483	294.0
158.16988099419154	294.0
158.17988161893828	294.0
158.18988224368502	294.0
158.19988286843173	294.0
158.20988349317847	262.0
158.21988411792518	265.0
158.2298847426719	272.0
158.23988536741862	291.0
158.24988599216536	291.0
158.25988661691207	291.0
158.2698872416588	294.0
158.27988786640552	294.0
158.28988849115225	298.0
158.29988911589896	298.0
158.3098897406457	298.0
158.3198903653924	298.0
158.32989099013915	298.0
158.33989161488586	294.0
158.3498922396326	294.0
158.35989286437933	294.0
158.36989348912604	294.0
158.37989411387278	294.0
158.3898947386195	294.0
158.39989536336623	294.0
158.40989598811294	294.0
158.41989661285967	294.0
158.42989723760638	294.0
158.43989786235312	294.0
158.44989848709983	294.0
158.45989911184657	294.0
158.46989973659328	294.0
158.47990036134001	294.0
158.48990098608672	294.0
158.49990161083346	0.0
158.50990223558017	0.0
158.5199028603269	0.0
158.52990348507365	0.0
158.53990410982036	0.0
158.5499047345671	0.0
158.5599053593138	0.0
158.56990598406054	0.0
158.57990660880725	0.0
158.589907233554	0.0
158.5999078583007	0.0
158.60990848304743	0.0
158.61990910779414	0.0
158.62990973254088	0.0
158.6399103572876	0.0
158.64991098203433	0.0
158.65991160678104	0.0
158.66991223152777	0.0
158.67991285627448	0.0
158.68991348102122	0.0
158.69991410576796	0.0
158.70991473051467	0.0
158.7199153552614	0.0
158.72991598000812	0.0
158.73991660475485	0.0
158.74991722950156	0.0
158.7599178542483	0.0
158.769918478995	0.0
158.77991910374175	0.0
158.78991972848846	0.0
158.7999203532352	0.0
158.8099209779819	0.0
158.81992160272864	0.0
158.82992222747535	0.0
158.8399228522221	0.0
158.8499234769688	0.0
158.85992410171554	0.0
158.86992472646227	0.0
158.87992535120898	0.0
158.88992597595572	0.0
158.89992660070243	0.0
158.90992722544917	0.0
158.91992785019588	0.0
158.9299284749426	0.0
158.93992909968932	0.0
158.94992972443606	0.0
158.95993034918277	0.0
158.9699309739295	0.0
158.97993159867622	0.0
158.98993222342295	0.0
158.99993284816966	0.0
159.0099334729164	0.0
159.0199340976631	0.0
159.02993472240985	0.0
159.03993534715656	0.0
159.0499359719033	0.0
159.05993659665003	0.0
159.06993722139674	0.0
159.07993784614348	0.0
159.0899384708902	0.0
159.09993909563693	0.0
159.10993972038364	0.0
159.11994034513037	0.0
159.12994096987708	0.0
159.13994159462382	0.0
159.14994221937053	0.0
159.15994284411727	0.0
159.16994346886398	0.0
159.17994409361071	0.0
159.18994471835742	0.0
159.19994534310416	0.0
159.20994596785087	0.0
159.2199465925976	0.0
159.22994721734435	0.0
159.23994784209106	0.0
159.2499484668378	0.0
159.2599490915845	0.0
159.26994971633124	0.0
159.27995034107795	0.0
159.2899509658247	0.0
159.2999515905714	0.0
159.30995221531813	0.0
159.31995284006484	0.0
159.32995346481158	0.0
159.3399540895583	0.0
159.34995471430503	0.0
159.35995533905174	0.0
159.36995596379847	0.0
159.37995658854518	0.0
159.38995721329192	0.0
159.39995783803866	0.0
159.40995846278537	0.0
159.4199590875321	0.0
159.42995971227882	0.0
159.43996033702555	0.0
159.44996096177226	0.0
159.459961586519	0.0
159.4699622112657	0.0
159.47996283601245	0.0
159.48996346075916	0.0
159.4999640855059	0.0
159.5099647102526	0.0
159.51996533499934	0.0
159.52996595974605	0.0
159.5399665844928	0.0
159.5499672092395	0.0
159.55996783398624	0.0
159.56996845873297	0.0
159.57996908347968	0.0
159.58996970822642	0.0
159.59997033297313	0.0
159.60997095771987	0.0
159.61997158246658	0.0
159.6299722072133	0.0
159.63997283196002	0.0
159.64997345670676	0.0
159.65997408145347	0.0
159.6699747062002	0.0
159.67997533094692	0.0
159.68997595569365	0.0
159.69997658044036	0.0
159.7099772051871	0.0
159.7199778299338	0.0
159.72997845468055	0.0
159.7399790794273	0.0
159.749979704174	0.0
159.75998032892073	0.0
159.76998095366744	0.0
159.77998157841418	0.0
159.7899822031609	0.0
159.79998282790763	0.0
159.80998345265434	0.0
159.81998407740107	0.0
159.82998470214778	0.0
159.83998532689452	0.0
159.84998595164123	0.0
159.85998657638797	0.0
159.86998720113468	0.0
159.87998782588141	0.0
159.88998845062812	0.0
159.89998907537486	0.0
159.9099897001216	0.0
159.9199903248683	0.0
159.92999094961505	0.0
159.93999157436176	0.0
159.9499921991085	0.0
159.9599928238552	0.0
159.96999344860194	0.0
159.97999407334865	0.0
159.9899946980954	0.0
159.9999953228421	0.0
160.00999594758883	0.0
160.01999657233554	0.0
160.02999719708228	0.0
160.039997821829	0.0
160.04999844657573	0.0
160.05999907132244	0.0
160.06999969606917	0.0
160.0800003208159	0.0
160.09000094556262	0.0
160.10000157030936	0.0
160.11000219505607	0.0
160.1200028198028	0.0
160.13000344454952	0.0
160.14000406929625	0.0
160.15000469404296	0.0
160.1600053187897	0.0
160.1700059435364	0.0
160.18000656828315	0.0
160.19000719302986	0.0
160.2000078177766	0.0
160.2100084425233	0.0
160.22000906727004	0.0
160.23000969201675	0.0
160.2400103167635	0.0
160.25001094151023	0.0
160.26001156625694	0.0
160.27001219100367	0.0
160.28001281575038	0.0
160.29001344049712	0.0
160.30001406524383	0.0
160.31001468999057	0.0
160.32001531473728	0.0
160.330015939484	0.0
160.34001656423072	0.0
160.35001718897746	0.0
160.36001781372417	0.0
160.3700184384709	0.0
160.38001906321762	0.0
160.39001968796435	0.0
160.40002031271106	0.0
160.4100209374578	0.0
160.42002156220454	0.0
160.43002218695125	0.0
160.440022811698	0.0
160.4500234364447	0.0
160.46002406119143	0.0
160.47002468593814	0.0
160.48002531068488	0.0
160.4900259354316	0.0
160.50002656017833	0.0
160.51002718492504	0.0
160.52002780967177	0.0
160.53002843441848	0.0
160.54002905916522	0.0
160.55002968391193	0.0
160.56003030865867	0.0
160.57003093340538	0.0
160.58003155815211	0.0
160.59003218289885	0.0
160.60003280764556	0.0
160.6100334323923	0.0
160.620034057139	0.0
160.63003468188575	0.0
160.64003530663246	0.0
160.6500359313792	0.0
160.6600365561259	0.0
160.67003718087264	0.0
160.68003780561935	0.0
160.6900384303661	0.0
160.7000390551128	0.0
160.71003967985953	0.0
160.72004030460624	0.0
160.73004092935298	0.0
160.7400415540997	0.0
160.75004217884643	0.0
160.76004280359317	0.0
160.77004342833987	0.0
160.7800440530866	0.0
160.79004467783332	0.0
160.80004530258006	0.0
160.81004592732677	0.0
160.8200465520735	0.0
160.83004717682022	0.0
160.84004780156695	0.0
160.85004842631366	0.0
160.8600490510604	0.0
160.8700496758071	0.0
160.88005030055385	0.0
160.89005092530056	0.0
160.9000515500473	0.0
160.910052174794	0.0
160.92005279954074	0.0
160.93005342428745	0.0
160.9400540490342	0.0
160.95005467378093	0.0
160.96005529852764	0.0
160.97005592327437	0.0
160.98005654802108	0.0
160.99005717276782	0.0
161.00005779751453	0.0
161.01005842226127	0.0
161.02005904700798	0.0
161.0300596717547	0.0
161.04006029650142	0.0
161.05006092124816	0.0
161.06006154599487	0.0
161.0700621707416	0.0
161.08006279548832	0.0
161.09006342023505	0.0
161.10006404498176	0.0
161.1100646697285	0.0
161.12006529447524	0.0
161.13006591922195	0.0
161.1400665439687	0.0
161.1500671687154	0.0
161.16006779346213	0.0
161.17006841820884	0.0
161.18006904295558	0.0
161.1900696677023	0.0
161.20007029244903	0.0
161.21007091719574	0.0
161.22007154194247	0.0
161.23007216668918	0.0
161.24007279143592	0.0
161.25007341618263	0.0
161.26007404092937	0.0
161.27007466567608	0.0
161.28007529042281	0.0
161.29007591516955	0.0
161.30007653991626	0.0
161.310077164663	0.0
161.3200777894097	0.0
161.33007841415645	0.0
161.34007903890316	0.0
161.3500796636499	0.0
161.3600802883966	0.0
161.37008091314334	0.0
161.38008153789005	0.0
161.3900821626368	0.0
161.4000827873835	0.0
161.41008341213023	0.0
161.42008403687694	0.0
161.43008466162368	0.0
161.4400852863704	0.0
161.45008591111713	0.0
161.46008653586387	0.0
161.47008716061057	0.0
161.4800877853573	0.0
161.49008841010402	0.0
161.50008903485076	0.0
161.51008965959747	0.0
161.5200902843442	0.0
161.53009090909092	0.0
161.54009153383765	0.0
161.55009215858436	0.0
161.5600927833311	0.0
161.5700934080778	0.0
161.58009403282455	0.0
161.59009465757126	0.0
161.600095282318	0.0
161.6100959070647	0.0
161.62009653181144	0.0
161.63009715655818	0.0
161.6400977813049	0.0
161.65009840605163	0.0
161.66009903079834	0.0
161.67009965554507	0.0
161.68010028029178	0.0
161.69010090503852	0.0
161.70010152978523	0.0
161.71010215453197	0.0
161.72010277927868	0.0
161.7301034040254	0.0
161.74010402877212	0.0
161.75010465351886	0.0
161.76010527826557	0.0
161.7701059030123	0.0
161.78010652775902	0.0
161.79010715250575	0.0
161.8001077772525	0.0
161.8101084019992	0.0
161.82010902674594	0.0
161.83010965149265	0.0
161.8401102762394	0.0
161.8501109009861	0.0
161.86011152573283	0.0
161.87011215047954	0.0
161.88011277522628	0.0
161.890113399973	0.0
161.90011402471973	0.0
161.91011464946644	0.0
161.92011527421317	0.0
161.93011589895988	0.0
161.94011652370662	0.0
161.95011714845333	0.0
161.96011777320007	0.0
161.9701183979468	0.0
161.98011902269351	0.0
161.99011964744025	0.0
162.00012027218696	0.0
162.0101208969337	0.0
162.0201215216804	0.0
162.03012214642715	0.0
162.04012277117386	0.0
162.0501233959206	0.0
162.0601240206673	0.0
162.07012464541404	0.0
162.08012527016075	0.0
162.0901258949075	0.0
162.1001265196542	0.0
162.11012714440093	0.0
162.12012776914764	0.0
162.13012839389438	0.0
162.14012901864112	0.0
162.15012964338783	0.0
162.16013026813457	0.0
162.17013089288128	0.0
162.180131517628	0.0
162.19013214237472	0.0
162.20013276712146	0.0
162.21013339186817	0.0
162.2201340166149	0.0
162.23013464136162	0.0
162.24013526610835	0.0
162.25013589085506	0.0
162.2601365156018	0.0
162.2701371403485	0.0
162.28013776509525	0.0
162.29013838984196	0.0
162.3001390145887	0.0
162.31013963933543	0.0
162.32014026408214	0.0
162.33014088882888	0.0
162.3401415135756	0.0
162.35014213832233	0.0
162.36014276306904	0.0
162.37014338781577	0.0
162.38014401256248	0.0
162.39014463730922	0.0
162.40014526205593	0.0
162.41014588680267	0.0
162.42014651154938	0.0
162.4301471362961	0.0
162.44014776104282	0.0
162.45014838578956	0.0
162.46014901053627	0.0
162.470149635283	0.0
162.48015026002975	0.0
162.49015088477645	0.0
162.5001515095232	0.0
162.5101521342699	0.0
162.52015275901664	0.0
162.53015338376335	0.0
162.5401540085101	0.0
162.5501546332568	0.0
162.56015525800353	0.0
162.57015588275024	0.0
162.58015650749698	0.0
162.5901571322437	0.0
162.60015775699043	0.0
162.61015838173714	0.0
162.62015900648387	0.0
162.63015963123058	0.0
162.64016025597732	0.0
162.65016088072406	0.0
162.66016150547077	0.0
162.6701621302175	0.0
162.68016275496421	0.0
162.69016337971095	0.0
162.70016400445766	0.0
162.7101646292044	0.0
162.7201652539511	0.0
162.73016587869785	0.0
162.74016650344456	0.0
162.7501671281913	0.0
162.760167752938	0.0
162.77016837768474	0.0
162.78016900243145	0.0
162.7901696271782	0.0
162.8001702519249	0.0
162.81017087667163	0.0
162.82017150141837	0.0
162.83017212616508	0.0
162.84017275091182	0.0
162.85017337565853	0.0
162.86017400040527	0.0
162.87017462515198	0.0
162.8801752498987	0.0
162.89017587464542	0.0
162.90017649939216	0.0
162.91017712413887	0.0
162.9201777488856	0.0
162.93017837363232	0.0
162.94017899837905	0.0
162.95017962312576	0.0
162.9601802478725	0.0
162.9701808726192	0.0
162.98018149736595	0.0
162.99018212211266	0.0
163.0001827468594	0.0
163.01018337160613	0.0
163.02018399635284	0.0
163.03018462109958	0.0
163.0401852458463	0.0
163.05018587059303	0.0
163.06018649533974	0.0
163.07018712008647	0.0
163.08018774483318	0.0
163.09018836957992	0.0
163.10018899432663	0.0
163.11018961907337	0.0
163.12019024382008	0.0
163.1301908685668	0.0
163.14019149331352	0.0
163.15019211806026	0.0
163.16019274280697	0.0
163.1701933675537	0.0
163.18019399230045	0.0
163.19019461704715	0.0
163.2001952417939	0.0
163.2101958665406	0.0
163.22019649128734	0.0
163.23019711603405	0.0
163.2401977407808	0.0
163.2501983655275	0.0
163.26019899027423	0.0
163.27019961502094	0.0
163.28020023976768	0.0
163.2902008645144	0.0
163.30020148926113	0.0
163.31020211400784	0.0
163.32020273875457	0.0
163.33020336350128	0.0
163.34020398824802	0.0
163.35020461299476	0.0
163.36020523774147	0.0
163.3702058624882	0.0
163.38020648723491	0.0
163.39020711198165	0.0
163.40020773672836	0.0
163.4102083614751	0.0
163.4202089862218	0.0
163.43020961096855	0.0
163.44021023571526	0.0
163.450210860462	0.0
163.4602114852087	0.0
163.47021210995544	0.0
163.48021273470215	0.0
163.4902133594489	0.0
163.5002139841956	0.0
163.51021460894233	0.0
163.52021523368907	0.0
163.53021585843578	0.0
163.54021648318252	0.0
163.55021710792923	0.0
163.56021773267597	0.0
163.57021835742268	0.0
163.5802189821694	0.0
163.59021960691612	0.0
163.60022023166286	0.0
163.61022085640957	0.0
163.6202214811563	0.0
163.63022210590302	0.0
163.64022273064975	0.0
163.65022335539646	0.0
163.6602239801432	0.0
163.6702246048899	0.0
163.68022522963665	0.0
163.69022585438339	0.0
163.7002264791301	0.0
163.71022710387683	0.0
163.72022772862354	0.0
163.73022835337028	0.0
163.740228978117	0.0
163.75022960286373	0.0
163.76023022761044	0.0
163.77023085235717	0.0
163.78023147710388	0.0
163.79023210185062	0.0
163.80023272659733	0.0
163.81023335134407	0.0
163.82023397609078	0.0
163.8302346008375	0.0
163.84023522558422	0.0
163.85023585033096	0.0
163.8602364750777	0.0
163.8702370998244	0.0
163.88023772457115	0.0
163.89023834931785	0.0
163.9002389740646	0.0
163.9102395988113	0.0
163.92024022355804	0.0
163.93024084830475	0.0
163.9402414730515	0.0
163.9502420977982	0.0
163.96024272254493	0.0
163.97024334729164	0.0
163.98024397203838	0.0
163.9902445967851	0.0
164.00024522153183	0.0
164.01024584627854	0.0
164.02024647102527	0.0
164.030247095772	0.0
164.04024772051872	0.0
164.05024834526546	0.0
164.06024897001217	0.0
164.0702495947589	0.0
164.08025021950561	0.0
164.09025084425235	0.0
164.10025146899906	0.0
164.1102520937458	0.0
164.1202527184925	0.0
164.13025334323925	0.0
164.14025396798596	0.0
164.1502545927327	0.0
164.1602552174794	0.0
164.17025584222614	0.0
164.18025646697285	0.0
164.1902570917196	0.0
164.20025771646633	0.0
164.21025834121303	0.0
164.22025896595977	0.0
164.23025959070648	0.0
164.24026021545322	0.0
164.25026084019993	0.0
164.26026146494667	0.0
164.27026208969338	0.0
164.2802627144401	0.0
164.29026333918682	0.0
164.30026396393356	0.0
164.31026458868027	0.0
164.320265213427	0.0
164.33026583817372	0.0
164.34026646292045	0.0
164.35026708766716	0.0
164.3602677124139	0.0
164.37026833716064	0.0
164.38026896190735	0.0
164.39026958665409	0.0
164.4002702114008	0.0
164.41027083614753	0.0
164.42027146089424	0.0
164.43027208564098	0.0
164.4402727103877	0.0
164.45027333513443	0.0
164.46027395988114	0.0
164.47027458462787	0.0
164.48027520937458	0.0
164.49027583412132	0.0
164.50027645886803	0.0
164.51027708361477	0.0
164.52027770836148	0.0
164.5302783331082	0.0
164.54027895785495	0.0
164.55027958260166	0.0
164.5602802073484	0.0
164.5702808320951	0.0
164.58028145684185	0.0
164.59028208158855	0.0
164.6002827063353	0.0
164.610283331082	0.0
164.62028395582874	0.0
164.63028458057545	0.0
164.6402852053222	0.0
164.6502858300689	0.0
164.66028645481563	0.0
164.67028707956234	0.0
164.68028770430908	0.0
164.6902883290558	0.0
164.70028895380253	0.0
164.71028957854926	0.0
164.72029020329597	0.0
164.7302908280427	0.0
164.74029145278942	0.0
164.75029207753616	0.0
164.76029270228287	0.0
164.7702933270296	0.0
164.78029395177631	0.0
164.79029457652305	0.0
164.80029520126976	0.0
164.8102958260165	0.0
164.8202964507632	0.0
164.83029707550995	0.0
164.84029770025666	0.0
164.8502983250034	0.0
164.8602989497501	0.0
164.87029957449684	0.0
164.88030019924355	0.0
164.8903008239903	0.0
164.90030144873703	0.0
164.91030207348373	0.0
164.92030269823047	0.0
164.93030332297718	0.0
164.94030394772392	0.0
164.95030457247063	0.0
164.96030519721737	0.0
164.97030582196408	0.0
164.9803064467108	0.0
164.99030707145752	0.0
165.00030769620426	0.0
165.01030832095097	0.0
165.0203089456977	0.0
165.03030957044442	0.0
165.04031019519115	0.0
165.05031081993786	0.0
165.0603114446846	0.0
165.07031206943134	0.0
165.08031269417805	0.0
165.09031331892479	0.0
165.1003139436715	0.0
165.11031456841823	0.0
165.12031519316494	0.0
165.13031581791168	0.0
165.1403164426584	0.0
165.15031706740513	0.0
165.16031769215184	0.0
165.17031831689857	0.0
165.18031894164528	0.0
165.19031956639202	0.0
165.20032019113873	0.0
165.21032081588547	0.0
165.22032144063218	0.0
165.2303220653789	0.0
165.24032269012565	0.0
165.25032331487236	0.0
165.2603239396191	0.0
165.2703245643658	0.0
165.28032518911255	0.0
165.29032581385925	0.0
165.300326438606	0.0
165.3103270633527	0.0
165.32032768809944	0.0
165.33032831284615	0.0
165.3403289375929	0.0
165.3503295623396	0.0
165.36033018708633	0.0
165.37033081183304	0.0
165.38033143657978	0.0
165.3903320613265	0.0
165.40033268607323	0.0
165.41033331081996	0.0
165.42033393556667	0.0
165.4303345603134	0.0
165.44033518506012	0.0
165.45033580980686	0.0
165.46033643455357	0.0
165.4703370593003	0.0
165.48033768404702	0.0
165.49033830879375	0.0
165.50033893354046	0.0
165.5103395582872	0.0
165.5203401830339	0.0
165.53034080778065	0.0
165.54034143252736	0.0
165.5503420572741	0.0
165.5603426820208	0.0
165.57034330676754	0.0
165.58034393151428	0.0
165.590344556261	0.0
165.60034518100773	0.0
165.61034580575443	0.0
165.62034643050117	0.0
165.63034705524788	0.0
165.64034767999462	0.0
165.65034830474133	0.0
165.66034892948807	0.0
165.67034955423478	0.0
165.6803501789815	0.0
165.69035080372822	0.0
165.70035142847496	0.0
165.71035205322167	0.0
165.7203526779684	0.0
165.73035330271512	0.0
165.74035392746185	0.0
165.7503545522086	0.0
165.7603551769553	0.0
165.77035580170204	0.0
165.78035642644875	0.0
165.79035705119549	0.0
165.8003576759422	0.0
165.81035830068893	0.0
165.82035892543564	0.0
165.83035955018238	0.0
165.8403601749291	0.0
165.85036079967583	0.0
165.86036142442254	0.0
165.87036204916927	0.0
165.88036267391598	0.0
165.89036329866272	0.0
165.90036392340943	0.0
165.91036454815617	0.0
165.9203651729029	0.0
165.9303657976496	0.0
165.94036642239635	0.0
165.95036704714306	0.0
165.9603676718898	0.0
165.9703682966365	0.0
165.98036892138325	0.0
165.99036954612995	0.0
166.0003701708767	0.0
166.0103707956234	0.0
166.02037142037014	0.0
166.03037204511685	0.0
166.0403726698636	0.0
166.0503732946103	0.0
166.06037391935703	0.0
166.07037454410374	0.0
166.08037516885048	0.0
166.09037579359722	0.0
166.10037641834393	0.0
166.11037704309066	0.0
166.12037766783737	0.0
166.1303782925841	0.0
166.14037891733082	0.0
166.15037954207756	0.0
166.16038016682427	0.0
166.170380791571	0.0
166.18038141631772	0.0
166.19038204106445	0.0
166.20038266581116	0.0
166.2103832905579	0.0
166.2203839153046	0.0
166.23038454005135	0.0
166.24038516479806	0.0
166.2503857895448	0.0
166.26038641429153	0.0
166.27038703903824	0.0
166.28038766378498	0.0
166.2903882885317	0.0
166.30038891327843	0.0
166.31038953802513	0.0
166.32039016277187	0.0
166.33039078751858	0.0
166.34039141226532	0.0
166.35039203701203	0.0
166.36039266175877	0.0
166.37039328650548	0.0
166.3803939112522	0.0
166.39039453599892	0.0
166.40039516074566	0.0
166.41039578549237	0.0
166.4203964102391	0.0
166.43039703498584	0.0
166.44039765973255	0.0
166.4503982844793	0.0
166.460398909226	0.0
166.47039953397274	0.0
166.48040015871945	0.0
166.49040078346619	0.0
166.5004014082129	0.0
166.51040203295963	0.0
166.52040265770634	0.0
166.53040328245308	0.0
166.5404039071998	0.0
166.55040453194653	0.0
166.56040515669324	0.0
166.57040578143997	0.0
166.58040640618668	0.0
166.59040703093342	0.0
166.60040765568016	0.0
166.61040828042687	0.0
166.6204089051736	0.0
166.6304095299203	0.0
166.64041015466705	0.0
166.65041077941376	0.0
166.6604114041605	0.0
166.6704120289072	0.0
166.68041265365395	0.0
166.69041327840065	0.0
166.7004139031474	0.0
166.7104145278941	0.0
166.72041515264084	0.0
166.73041577738755	0.0
166.7404164021343	0.0
166.750417026881	0.0
166.76041765162773	0.0
166.77041827637447	0.0
166.78041890112118	0.0
166.79041952586792	0.0
166.80042015061463	0.0
166.81042077536137	0.0
166.82042140010807	0.0
166.8304220248548	0.0
166.84042264960152	0.0
166.85042327434826	0.0
166.86042389909497	0.0
166.8704245238417	0.0
166.88042514858842	0.0
166.89042577333515	0.0
166.90042639808186	0.0
166.9104270228286	0.0
166.9204276475753	0.0
166.93042827232205	0.0
166.94042889706876	0.0
166.9504295218155	0.0
166.96043014656223	0.0
166.97043077130894	0.0
166.98043139605568	0.0
166.9904320208024	0.0
167.00043264554913	0.0
167.01043327029583	0.0
167.02043389504257	0.0
167.03043451978928	0.0
167.04043514453602	0.0
167.05043576928273	0.0
167.06043639402947	0.0
167.07043701877618	0.0
167.0804376435229	0.0
167.09043826826962	0.0
167.10043889301636	0.0
167.11043951776307	0.0
167.1204401425098	0.0
167.13044076725654	0.0
167.14044139200325	0.0
167.15044201675	0.0
167.1604426414967	0.0
167.17044326624344	0.0
167.18044389099015	0.0
167.19044451573689	0.0
167.2004451404836	0.0
167.21044576523033	0.0
167.22044638997704	0.0
167.23044701472378	0.0
167.2404476394705	0.0
167.25044826421723	0.0
167.26044888896394	0.0
167.27044951371067	0.0
167.28045013845738	0.0
167.29045076320412	0.0
167.30045138795086	0.0
167.31045201269757	0.0
167.3204526374443	0.0
167.330453262191	0.0
167.34045388693775	0.0
167.35045451168446	0.0
167.3604551364312	0.0
167.3704557611779	0.0
167.38045638592465	0.0
167.39045701067135	0.0
167.4004576354181	0.0
167.4104582601648	0.0
167.42045888491154	0.0
167.43045950965825	0.0
167.440460134405	0.0
167.4504607591517	0.0
167.46046138389843	0.0
167.47046200864517	0.0
167.48046263339188	0.0
167.49046325813862	0.0
167.50046388288533	0.0
167.51046450763207	0.0
167.52046513237877	0.0
167.5304657571255	0.0
167.54046638187222	0.0
167.55046700661896	0.0
167.56046763136567	0.0
167.5704682561124	0.0
167.58046888085912	0.0
167.59046950560585	0.0
167.60047013035256	0.0
167.6104707550993	0.0
167.620471379846	0.0
167.63047200459275	0.0
167.64047262933948	0.0
167.6504732540862	0.0
167.66047387883293	610.0
167.67047450357964	617.0
167.68047512832638	617.0
167.6904757530731	312.0
167.70047637781983	312.0
167.71047700256653	312.0
167.72047762731327	308.0
167.73047825205998	308.0
167.74047887680672	305.0
167.75047950155343	305.0
167.76048012630017	301.0
167.77048075104688	301.0
167.7804813757936	301.0
167.79048200054032	301.0
167.80048262528706	301.0
167.8104832500338	305.0
167.8204838747805	308.0
167.83048449952724	316.0
167.84048512427395	323.0
167.8504857490207	331.0
167.8604863737674	334.0
167.87048699851414	334.0
167.88048762326085	338.0
167.89048824800759	338.0
167.9004888727543	334.0
167.91048949750103	331.0
167.92049012224774	327.0
167.93049074699448	323.0
167.9404913717412	323.0
167.95049199648793	323.0
167.96049262123464	323.0
167.97049324598137	323.0
167.9804938707281	323.0
167.99049449547482	323.0
168.00049512022156	323.0
168.01049574496827	319.0
168.020496369715	319.0
168.0304969944617	319.0
168.04049761920845	319.0
168.05049824395516	319.0
168.0604988687019	323.0
168.0704994934486	323.0
168.08050011819535	323.0
168.09050074294206	323.0
168.1005013676888	323.0
168.1105019924355	319.0
168.12050261718224	319.0
168.13050324192895	319.0
168.1405038666757	319.0
168.15050449142242	319.0
168.16050511616913	319.0
168.17050574091587	323.0
168.18050636566258	323.0
168.19050699040932	327.0
168.20050761515603	334.0
168.21050823990277	342.0
168.22050886464947	354.0
168.2305094893962	363.0
168.24051011414292	371.0
168.25051073888966	375.0
168.26051136363637	371.0
168.2705119883831	363.0
168.28051261312982	350.0
168.29051323787655	327.0
168.30051386262326	316.0
168.31051448737	301.0
168.32051511211674	298.0
168.33051573686345	298.0
168.34051636161018	0.0
168.3505169863569	0.0
168.36051761110363	0.0
168.37051823585034	301.0
168.38051886059708	305.0
168.3905194853438	305.0
168.40052011009053	305.0
168.41052073483723	305.0
168.42052135958397	305.0
168.43052198433068	305.0
168.44052260907742	0.0
168.45052323382413	0.0
168.46052385857087	0.0
168.47052448331758	0.0
168.4805251080643	0.0
168.49052573281105	0.0
168.50052635755776	0.0
168.5105269823045	0.0
168.5205276070512	0.0
168.53052823179794	0.0
168.54052885654465	0.0
168.5505294812914	0.0
168.5605301060381	0.0
168.57053073078484	0.0
168.58053135553155	0.0
168.59053198027829	0.0
168.600532605025	0.0
168.61053322977173	0.0
168.62053385451844	0.0
168.63053447926518	0.0
168.6405351040119	0.0
168.65053572875863	0.0
168.66053635350536	0.0
168.67053697825207	0.0
168.6805376029988	0.0
168.69053822774552	0.0
168.70053885249226	0.0
168.71053947723897	0.0
168.7205401019857	0.0
168.73054072673241	0.0
168.74054135147915	0.0
168.75054197622586	0.0
168.7605426009726	0.0
168.7705432257193	0.0
168.78054385046605	0.0
168.79054447521276	0.0
168.8005450999595	0.0
168.8105457247062	0.0
168.82054634945294	0.0
168.83054697419965	0.0
168.8405475989464	0.0
168.85054822369312	0.0
168.86054884843983	0.0
168.87054947318657	0.0
168.88055009793328	0.0
168.89055072268002	0.0
168.90055134742673	0.0
168.91055197217347	0.0
168.92055259692017	0.0
168.9305532216669	0.0
168.94055384641362	0.0
168.95055447116036	0.0
168.96055509590707	0.0
168.9705557206538	0.0
168.98055634540052	0.0
168.99055697014725	0.0
169.00055759489396	0.0
169.0105582196407	0.0
169.02055884438744	0.0
169.03055946913415	0.0
169.04056009388088	0.0
169.0505607186276	0.0
169.06056134337433	0.0
169.07056196812104	0.0
169.08056259286778	0.0
169.0905632176145	0.0
169.10056384236123	0.0
169.11056446710793	0.0
169.12056509185467	0.0
169.13056571660138	0.0
169.14056634134812	0.0
169.15056696609483	0.0
169.16056759084157	0.0
169.17056821558828	0.0
169.180568840335	0.0
169.19056946508175	0.0
169.20057008982846	0.0
169.2105707145752	0.0
169.2205713393219	0.0
169.23057196406864	0.0
169.24057258881535	0.0
169.2505732135621	0.0
169.2605738383088	0.0
169.27057446305554	0.0
169.28057508780225	0.0
169.29057571254899	0.0
169.3005763372957	0.0
169.31057696204243	0.0
169.32057758678914	0.0
169.33057821153588	0.0
169.3405788362826	0.0
169.35057946102933	0.0
169.36058008577606	0.0
169.37058071052277	0.0
169.3805813352695	0.0
169.39058196001622	0.0
169.40058258476296	0.0
169.41058320950967	0.0
169.4205838342564	0.0
169.43058445900311	0.0
169.44058508374985	0.0
169.45058570849656	0.0
169.4605863332433	0.0
169.47058695799	0.0
169.48058758273675	0.0
169.49058820748346	0.0
169.5005888322302	0.0
169.5105894569769	0.0
169.52059008172364	0.0
169.53059070647038	0.0
169.5405913312171	0.0
169.55059195596382	0.0
169.56059258071053	0.0
169.57059320545727	0.0
169.58059383020398	0.0
169.59059445495072	0.0
169.60059507969743	0.0
169.61059570444417	0.0
169.62059632919087	0.0
169.6305969539376	0.0
169.64059757868432	0.0
169.65059820343106	0.0
169.66059882817777	0.0
169.6705994529245	0.0
169.68060007767122	0.0
169.69060070241795	0.0
169.7006013271647	0.0
169.7106019519114	0.0
169.72060257665814	0.0
169.73060320140485	0.0
169.74060382615158	0.0
169.7506044508983	0.0
169.76060507564503	0.0
169.77060570039174	0.0
169.78060632513848	0.0
169.7906069498852	0.0
169.80060757463193	0.0
169.81060819937863	0.0
169.82060882412537	0.0
169.83060944887208	0.0
169.84061007361882	0.0
169.85061069836553	0.0
169.86061132311227	0.0
169.870611947859	0.0
169.8806125726057	0.0
169.89061319735245	0.0
169.90061382209916	0.0
169.9106144468459	0.0
169.9206150715926	0.0
169.93061569633934	0.0
169.94061632108605	0.0
169.9506169458328	0.0
169.9606175705795	0.0
169.97061819532624	0.0
169.98061882007295	0.0
169.99061944481969	0.0
170.0006200695664	0.0
170.01062069431313	0.0
170.02062131905984	0.0
170.03062194380658	0.0
170.04062256855332	0.0
170.05062319330003	0.0
170.06062381804676	0.0
170.07062444279347	0.0
170.0806250675402	0.0
170.09062569228692	0.0
170.10062631703366	0.0
170.11062694178037	0.0
170.1206275665271	0.0
170.13062819127381	0.0
170.14062881602055	0.0
170.15062944076726	0.0
170.160630065514	0.0
170.1706306902607	0.0
170.18063131500745	0.0
170.19063193975416	0.0
170.2006325645009	0.0
170.21063318924763	0.0
170.22063381399434	0.0
170.23063443874108	0.0
170.2406350634878	0.0
170.25063568823452	0.0
170.26063631298123	0.0
170.27063693772797	0.0
170.28063756247468	0.0
170.29063818722142	158.0
170.30063881196813	159.0
170.31063943671487	159.0
170.32064006146157	161.0
170.3306406862083	163.0
170.34064131095502	167.0
170.35064193570176	169.0
170.36064256044847	173.0
170.3706431851952	175.0
170.38064380994194	175.0
170.39064443468865	173.0
170.4006450594354	171.0
170.4106456841821	169.0
170.42064630892884	167.0
170.43064693367555	163.0
170.44064755842228	161.0
170.450648183169	159.0
170.46064880791573	156.0
170.47064943266244	152.0
170.48065005740918	149.0
170.4906506821559	144.0
170.50065130690263	140.0
170.51065193164933	137.0
170.52065255639607	134.0
170.53065318114278	132.0
170.54065380588952	131.0
170.55065443063626	122.0
170.56065505538297	119.0
170.5706556801297	0.0
170.5806563048764	0.0
170.59065692962315	0.0
170.60065755436986	0.0
170.6106581791166	0.0
170.6206588038633	0.0
170.63065942861004	0.0
170.64066005335675	0.0
170.6506606781035	0.0
170.6606613028502	0.0
170.67066192759694	0.0
170.68066255234365	0.0
170.69066317709039	0.0
170.7006638018371	0.0
170.71066442658383	0.0
170.72066505133057	0.0
170.73066567607728	0.0
170.74066630082402	0.0
170.75066692557073	0.0
170.76066755031746	0.0
170.77066817506417	0.0
170.7806687998109	0.0
170.79066942455762	0.0
170.80067004930436	0.0
170.81067067405107	0.0
170.8206712987978	0.0
170.83067192354451	0.0
170.84067254829125	0.0
170.85067317303796	0.0
170.8606737977847	0.0
170.8706744225314	0.0
170.88067504727815	0.0
170.89067567202486	0.0
170.9006762967716	0.0
170.91067692151833	0.0
170.92067754626504	0.0
170.93067817101178	0.0
170.9406787957585	0.0
170.95067942050522	0.0
170.96068004525193	0.0
170.97068066999867	0.0
170.98068129474538	0.0
170.99068191949212	0.0
171.00068254423883	0.0
171.01068316898557	0.0
171.02068379373227	0.0
171.030684418479	0.0
171.04068504322572	0.0
171.05068566797246	0.0
171.06068629271917	0.0
171.0706869174659	0.0
171.08068754221264	0.0
171.09068816695935	0.0
171.1006887917061	0.0
171.1106894164528	0.0
171.12069004119954	0.0
171.13069066594625	0.0
171.14069129069298	0.0
171.1506919154397	0.0
171.16069254018643	0.0
171.17069316493314	0.0
171.18069378967988	0.0
171.1906944144266	0.0
171.20069503917333	0.0
171.21069566392003	0.0
171.22069628866677	0.0
171.23069691341348	0.0
171.24069753816022	0.0
171.25069816290696	0.0
171.26069878765367	0.0
171.2706994124004	0.0
171.2807000371471	0.0
171.29070066189385	0.0
171.30070128664056	0.0
171.3107019113873	0.0
171.320702536134	0.0
171.33070316088074	0.0
171.34070378562745	0.0
171.3507044103742	0.0
171.3607050351209	0.0
171.37070565986764	0.0
171.38070628461435	0.0
171.39070690936109	0.0
171.4007075341078	0.0
171.41070815885453	0.0
171.42070878360127	0.0
171.43070940834798	0.0
171.44071003309472	0.0
171.45071065784143	0.0
171.46071128258816	0.0
171.47071190733487	0.0
171.4807125320816	0.0
171.49071315682832	0.0
171.50071378157506	0.0
171.51071440632177	0.0
171.5207150310685	0.0
171.53071565581521	0.0
171.54071628056195	0.0
171.55071690530866	0.0
171.5607175300554	0.0
171.5707181548021	0.0
171.58071877954885	0.0
171.59071940429558	0.0
171.6007200290423	0.0
171.61072065378903	0.0
171.62072127853574	0.0
171.63072190328248	0.0
171.6407225280292	0.0
171.65072315277592	0.0
171.66072377752263	0.0
171.67072440226937	0.0
171.68072502701608	0.0
171.69072565176282	0.0
171.70072627650953	0.0
171.71072690125627	0.0
171.72072752600297	0.0
171.7307281507497	0.0
171.74072877549642	0.0
171.75072940024316	0.0
171.7607300249899	0.0
171.7707306497366	0.0
171.78073127448334	0.0
171.79073189923005	0.0
171.8007325239768	0.0
171.8107331487235	0.0
171.82073377347024	0.0
171.83073439821695	0.0
171.84073502296368	0.0
171.8507356477104	0.0
171.86073627245713	0.0
171.87073689720384	0.0
171.88073752195058	0.0
171.8907381466973	0.0
171.90073877144403	0.0
171.91073939619073	0.0
171.92074002093747	0.0
171.9307406456842	0.0
171.94074127043092	0.0
171.95074189517766	0.0
171.96074251992437	0.0
171.9707431446711	0.0
171.9807437694178	0.0
171.99074439416455	0.0
172.00074501891126	0.0
172.010745643658	0.0
172.0207462684047	0.0
172.03074689315144	0.0
172.04074751789815	0.0
172.0507481426449	0.0
172.0607487673916	0.0
172.07074939213834	0.0
172.08075001688505	0.0
172.0907506416318	0.0
172.10075126637852	0.0
172.11075189112523	245.0
172.12075251587197	250.0
172.13075314061868	259.0
172.14075376536542	268.0
172.15075439011213	278.0
172.16075501485886	294.0
172.17075563960557	312.0
172.1807562643523	323.0
172.19075688909902	331.0
172.20075751384576	334.0
172.21075813859247	338.0
172.2207587633392	342.0
172.23075938808591	338.0
172.24076001283265	334.0
172.25076063757936	331.0
172.2607612623261	323.0
172.27076188707284	316.0
172.28076251181955	312.0
172.29076313656628	308.0
172.300763761313	308.0
172.31076438605973	308.0
172.32076501080644	308.0
172.33076563555318	308.0
172.3407662602999	308.0
172.35076688504662	308.0
172.36076750979333	308.0
172.37076813454007	312.0
172.38076875928678	312.0
172.39076938403352	312.0
172.40077000878023	312.0
172.41077063352697	308.0
172.42077125827367	308.0
172.4307718830204	308.0
172.44077250776715	308.0
172.45077313251386	308.0
172.4607737572606	312.0
172.4707743820073	312.0
172.48077500675404	316.0
172.49077563150075	327.0
172.5007762562475	338.0
172.5107768809942	358.0
172.52077750574094	371.0
172.53077813048765	384.0
172.54077875523438	389.0
172.5507793799811	384.0
172.56078000472783	375.0
172.57078062947454	358.0
172.58078125422128	342.0
172.590781878968	319.0
172.60078250371473	305.0
172.61078312846146	301.0
172.62078375320817	301.0
172.6307843779549	305.0
172.64078500270162	312.0
172.65078562744836	316.0
172.66078625219507	316.0
172.6707868769418	316.0
172.6807875016885	316.0
172.69078812643525	308.0
172.70078875118196	305.0
172.7107893759287	294.0
172.7207900006754	284.0
172.73079062542215	281.0
172.74079125016885	0.0
172.7507918749156	0.0
172.7607924996623	0.0
172.77079312440904	0.0
172.78079374915575	0.0
172.7907943739025	0.0
172.80079499864922	0.0
172.81079562339593	0.0
172.82079624814267	0.0
172.83079687288938	0.0
172.84079749763612	0.0
172.85079812238283	0.0
172.86079874712956	0.0
172.87079937187627	0.0
172.880799996623	0.0
172.89080062136972	0.0
172.90080124611646	0.0
172.91080187086317	0.0
172.9208024956099	0.0
172.93080312035661	0.0
172.94080374510335	0.0
172.95080436985006	0.0
172.9608049945968	0.0
172.97080561934354	0.0
172.98080624409025	0.0
172.99080686883698	0.0
173.0008074935837	0.0
173.01080811833043	0.0
173.02080874307714	0.0
173.03080936782388	0.0
173.0408099925706	0.0
173.05081061731732	248.0
173.06081124206403	253.0
173.07081186681077	262.0
173.08081249155748	278.0
173.09081311630422	288.0
173.10081374105093	294.0
173.11081436579767	298.0
173.12081499054437	301.0
173.1308156152911	305.0
173.14081624003785	308.0
173.15081686478456	312.0
173.1608174895313	312.0
173.170818114278	312.0
173.18081873902474	312.0
173.19081936377145	312.0
173.2008199885182	312.0
173.2108206132649	312.0
173.22082123801164	312.0
173.23082186275835	312.0
173.24082248750508	312.0
173.2508231122518	312.0
173.26082373699853	312.0
173.27082436174524	312.0
173.28082498649198	312.0
173.2908256112387	312.0
173.30082623598543	312.0
173.31082686073216	312.0
173.32082748547887	312.0
173.3308281102256	312.0
173.34082873497232	308.0
173.35082935971906	308.0
173.36082998446577	308.0
173.3708306092125	305.0
173.3808312339592	305.0
173.39083185870595	301.0
173.40083248345266	301.0
173.4108331081994	298.0
173.4208337329461	298.0
173.43083435769285	298.0
173.44083498243955	298.0
173.4508356071863	294.0
173.460836231933	294.0
173.47083685667974	294.0
173.48083748142648	294.0
173.4908381061732	294.0
173.50083873091992	294.0
173.51083935566663	294.0
173.52083998041337	294.0
173.53084060516008	294.0
173.54084122990682	294.0
173.55084185465353	294.0
173.56084247940026	294.0
173.57084310414697	294.0
173.5808437288937	294.0
173.59084435364042	294.0
173.60084497838716	298.0
173.61084560313387	298.0
173.6208462278806	298.0
173.63084685262731	298.0
173.64084747737405	298.0
173.6508481021208	298.0
173.6608487268675	294.0
173.67084935161424	294.0
173.68084997636095	294.0
173.69085060110768	294.0
173.7008512258544	294.0
173.71085185060113	294.0
173.72085247534784	294.0
173.73085310009458	294.0
173.7408537248413	294.0
173.75085434958802	294.0
173.76085497433473	294.0
173.77085559908147	294.0
173.78085622382818	294.0
173.79085684857492	294.0
173.80085747332163	294.0
173.81085809806837	294.0
173.8208587228151	294.0
173.8308593475618	294.0
173.84085997230855	294.0
173.85086059705526	294.0
173.860861221802	294.0
173.8708618465487	294.0
173.88086247129544	294.0
173.89086309604215	294.0
173.9008637207889	294.0
173.9108643455356	294.0
173.92086497028234	294.0
173.93086559502905	294.0
173.94086621977578	294.0
173.9508668445225	294.0
173.96086746926923	294.0
173.97086809401594	294.0
173.98086871876268	294.0
173.99086934350942	294.0
174.00086996825613	294.0
174.01087059300286	294.0
174.02087121774957	294.0
174.0308718424963	294.0
174.04087246724302	294.0
174.05087309198976	294.0
174.06087371673647	294.0
174.0708743414832	294.0
174.0808749662299	294.0
174.09087559097665	294.0
174.10087621572336	294.0
174.1108768404701	294.0
174.1208774652168	294.0
174.13087808996355	294.0
174.14087871471025	294.0
174.150879339457	294.0
174.16087996420373	294.0
174.17088058895044	294.0
174.18088121369718	294.0
174.1908818384439	294.0
174.20088246319062	294.0
174.21088308793733	294.0
174.22088371268407	294.0
174.23088433743078	294.0
174.24088496217752	294.0
174.25088558692423	294.0
174.26088621167096	294.0
174.27088683641767	294.0
174.2808874611644	294.0
174.29088808591112	294.0
174.30088871065786	294.0
174.31088933540457	294.0
174.3208899601513	294.0
174.33089058489804	298.0
174.34089120964475	298.0
174.3508918343915	294.0
174.3608924591382	294.0
174.37089308388494	294.0
174.38089370863165	294.0
174.39089433337838	294.0
174.4008949581251	294.0
174.41089558287183	294.0
174.42089620761854	294.0
174.43089683236528	294.0
174.440897457112	294.0
174.45089808185872	294.0
174.46089870660543	294.0
174.47089933135217	294.0
174.48089995609888	294.0
174.49090058084562	294.0
174.50090120559236	294.0
174.51090183033907	294.0
174.5209024550858	294.0
174.5309030798325	294.0
174.54090370457925	294.0
174.55090432932596	294.0
174.5609049540727	294.0
174.5709055788194	294.0
174.58090620356614	294.0
174.59090682831285	294.0
174.6009074530596	294.0
174.6109080778063	294.0
174.62090870255304	294.0
174.63090932729975	298.0
174.64090995204648	298.0
174.6509105767932	298.0
174.66091120153993	298.0
174.67091182628667	294.0
174.68091245103338	294.0
174.69091307578012	294.0
174.70091370052683	294.0
174.71091432527356	294.0
174.72091495002027	294.0
174.730915574767	294.0
174.74091619951372	294.0
174.75091682426046	294.0
174.76091744900717	294.0
174.7709180737539	298.0
174.7809186985006	298.0
174.79091932324735	298.0
174.80091994799406	298.0
174.8109205727408	298.0
174.8209211974875	298.0
174.83092182223425	298.0
174.84092244698095	298.0
174.8509230717277	298.0
174.86092369647443	298.0
174.87092432122114	298.0
174.88092494596788	298.0
174.8909255707146	298.0
174.90092619546132	298.0
174.91092682020803	298.0
174.92092744495477	294.0
174.93092806970148	294.0
174.94092869444822	298.0
174.95092931919493	298.0
174.96092994394166	298.0
174.97093056868837	298.0
174.9809311934351	298.0
174.99093181818182	298.0
175.00093244292856	298.0
175.01093306767527	298.0
175.020933692422	298.0
175.03093431716874	294.0
175.04093494191545	294.0
175.0509355666622	294.0
175.0609361914089	294.0
175.07093681615564	294.0
175.08093744090235	294.0
175.09093806564908	294.0
175.1009386903958	294.0
175.11093931514253	294.0
175.12093993988924	294.0
175.13094056463598	294.0
175.1409411893827	294.0
175.15094181412942	294.0
175.16094243887613	294.0
175.17094306362287	291.0
175.18094368836958	291.0
175.19094431311632	291.0
175.20094493786306	291.0
175.21094556260977	291.0
175.2209461873565	291.0
175.2309468121032	291.0
175.24094743684995	294.0
175.25094806159666	294.0
175.2609486863434	294.0
175.2709493110901	294.0
175.28094993583684	294.0
175.29095056058355	291.0
175.3009511853303	291.0
175.310951810077	291.0
175.32095243482374	291.0
175.33095305957045	291.0
175.34095368431718	291.0
175.3509543090639	291.0
175.36095493381063	294.0
175.37095555855737	291.0
175.38095618330408	294.0
175.39095680805082	294.0
175.40095743279753	294.0
175.41095805754426	294.0
175.42095868229097	294.0
175.4309593070377	291.0
175.44095993178442	294.0
175.45096055653116	294.0
175.46096118127787	294.0
175.4709618060246	294.0
175.4809624307713	294.0
175.49096305551805	294.0
175.50096368026476	294.0
175.5109643050115	294.0
175.5209649297582	294.0
175.53096555450495	294.0
175.54096617925168	294.0
175.5509668039984	294.0
175.56096742874513	294.0
175.57096805349184	294.0
175.58096867823858	294.0
175.5909693029853	294.0
175.60096992773202	294.0
175.61097055247873	294.0
175.62097117722547	294.0
175.63097180197218	294.0
175.64097242671892	294.0
175.65097305146563	294.0
175.66097367621236	294.0
175.67097430095907	294.0
175.6809749257058	294.0
175.69097555045252	294.0
175.70097617519926	294.0
175.710976799946	294.0
175.7209774246927	294.0
175.73097804943944	294.0
175.74097867418615	294.0
175.7509792989329	294.0
175.7609799236796	294.0
175.77098054842634	294.0
175.78098117317305	294.0
175.79098179791978	294.0
175.8009824226665	294.0
175.81098304741323	294.0
175.82098367215994	294.0
175.83098429690668	294.0
175.8409849216534	294.0
175.85098554640012	294.0
175.86098617114683	294.0
175.87098679589357	294.0
175.8809874206403	294.0
175.89098804538702	0.0
175.90098867013376	0.0
175.91098929488047	0.0
175.9209899196272	0.0
175.9309905443739	294.0
175.94099116912065	294.0
175.95099179386736	0.0
175.9609924186141	0.0
175.9709930433608	0.0
175.98099366810754	0.0
175.99099429285425	0.0
176.000994917601	0.0
176.0109955423477	0.0
176.02099616709444	0.0
176.03099679184115	0.0
176.04099741658789	0.0
176.05099804133462	0.0
176.06099866608133	0.0
176.07099929082807	0.0
176.08099991557478	0.0
176.09100054032152	0.0
176.10100116506823	0.0
176.11100178981496	0.0
176.12100241456167	0.0
176.1310030393084	0.0
176.14100366405512	0.0
176.15100428880186	0.0
176.16100491354857	0.0
176.1710055382953	0.0
176.181006163042	0.0
176.19100678778875	0.0
176.20100741253546	0.0
176.2110080372822	0.0
176.22100866202894	0.0
176.23100928677565	0.0
176.24100991152238	0.0
176.2510105362691	0.0
176.26101116101583	0.0
176.27101178576254	0.0
176.28101241050928	0.0
176.291013035256	0.0
176.30101366000272	0.0
176.31101428474943	0.0
176.32101490949617	0.0
176.33101553424288	0.0
176.34101615898962	0.0
176.35101678373633	0.0
176.36101740848306	0.0
176.37101803322977	0.0
176.3810186579765	0.0
176.39101928272325	0.0
176.40101990746996	0.0
176.4110205322167	0.0
176.4210211569634	0.0
176.43102178171014	0.0
176.44102240645685	0.0
176.4510230312036	0.0
176.4610236559503	0.0
176.47102428069704	0.0
176.48102490544375	0.0
176.49102553019048	0.0
176.5010261549372	0.0
176.51102677968393	0.0
176.52102740443064	0.0
176.53102802917738	0.0
176.5410286539241	0.0
176.55102927867082	0.0
176.56102990341756	0.0
176.57103052816427	0.0
176.581031152911	0.0
176.59103177765772	0.0
176.60103240240446	0.0
176.61103302715117	0.0
176.6210336518979	0.0
176.6310342766446	0.0
176.64103490139135	0.0
176.65103552613806	0.0
176.6610361508848	0.0
176.6710367756315	0.0
176.68103740037824	0.0
176.69103802512495	0.0
176.7010386498717	0.0
176.7110392746184	0.0
176.72103989936514	0.0
176.73104052411185	0.0
176.74104114885859	0.0
176.75104177360532	0.0
176.76104239835203	0.0
176.77104302309877	0.0
176.78104364784548	0.0
176.79104427259222	0.0
176.80104489733893	0.0
176.81104552208566	0.0
176.82104614683237	0.0
176.8310467715791	0.0
176.84104739632582	0.0
176.85104802107256	0.0
176.86104864581927	0.0
176.871049270566	0.0
176.8810498953127	0.0
176.89105052005945	0.0
176.90105114480616	0.0
176.9110517695529	0.0
176.92105239429964	0.0
176.93105301904635	0.0
176.94105364379308	0.0
176.9510542685398	0.0
176.96105489328653	0.0
176.97105551803324	0.0
176.98105614277998	0.0
176.9910567675267	0.0
177.00105739227342	0.0
177.01105801702013	0.0
177.02105864176687	0.0
177.03105926651358	0.0
177.04105989126032	0.0
177.05106051600703	0.0
177.06106114075376	0.0
177.07106176550047	0.0
177.0810623902472	0.0
177.09106301499395	0.0
177.10106363974066	0.0
177.1110642644874	0.0
177.1210648892341	0.0
177.13106551398084	0.0
177.14106613872755	0.0
177.1510667634743	0.0
177.161067388221	0.0
177.17106801296774	0.0
177.18106863771445	0.0
177.19106926246118	0.0
177.2010698872079	0.0
177.21107051195463	0.0
177.22107113670134	0.0
177.23107176144808	0.0
177.2410723861948	0.0
177.25107301094152	0.0
177.26107363568826	0.0
177.27107426043497	0.0
177.2810748851817	0.0
177.29107550992842	0.0
177.30107613467516	0.0
177.31107675942187	0.0
177.3210773841686	0.0
177.3310780089153	0.0
177.34107863366205	0.0
177.35107925840876	0.0
177.3610798831555	0.0
177.3710805079022	0.0
177.38108113264894	0.0
177.39108175739565	0.0
177.4010823821424	0.0
177.4110830068891	0.0
177.42108363163584	0.0
177.43108425638258	0.0
177.44108488112929	0.0
177.45108550587602	0.0
177.46108613062273	0.0
177.47108675536947	0.0
177.48108738011618	0.0
177.49108800486292	0.0
177.50108862960963	0.0
177.51108925435636	0.0
177.52108987910307	0.0
177.5310905038498	0.0
177.54109112859652	0.0
177.55109175334326	0.0
177.56109237808997	0.0
177.5710930028367	0.0
177.5810936275834	0.0
177.59109425233015	0.0
177.6010948770769	0.0
177.6110955018236	0.0
177.62109612657034	0.0
177.63109675131705	0.0
177.64109737606378	0.0
177.6510980008105	0.0
177.66109862555723	0.0
177.67109925030394	0.0
177.68109987505068	0.0
177.6911004997974	0.0
177.70110112454412	0.0
177.71110174929083	0.0
177.72110237403757	0.0
177.73110299878428	0.0
177.74110362353102	0.0
177.75110424827773	0.0
177.76110487302446	0.0
177.7711054977712	0.0
177.7811061225179	0.0
177.79110674726465	0.0
177.80110737201136	0.0
177.8111079967581	0.0
177.8211086215048	0.0
177.83110924625154	0.0
177.84110987099825	0.0
177.851110495745	0.0
177.8611111204917	0.0
177.87111174523844	0.0
177.88111236998515	0.0
177.89111299473188	0.0
177.9011136194786	0.0
177.91111424422533	0.0
177.92111486897204	0.0
177.93111549371878	0.0
177.94111611846552	0.0
177.95111674321222	0.0
177.96111736795896	0.0
177.97111799270567	0.0
177.9811186174524	0.0
177.99111924219912	0.0
178.00111986694586	0.0
178.01112049169257	0.0
178.0211211164393	0.0
178.031121741186	0.0
178.04112236593275	0.0
178.05112299067946	0.0
178.0611236154262	0.0
178.0711242401729	0.0
178.08112486491964	0.0
178.09112548966635	0.0
178.1011261144131	0.0
178.11112673915983	0.0
178.12112736390654	0.0
178.13112798865328	0.0
178.14112861339999	0.0
178.15112923814672	0.0
178.16112986289343	0.0
178.17113048764017	0.0
178.18113111238688	0.0
178.19113173713362	0.0
178.20113236188033	0.0
178.21113298662706	0.0
178.22113361137377	0.0
178.2311342361205	0.0
178.24113486086722	0.0
178.25113548561396	0.0
178.26113611036067	0.0
178.2711367351074	0.0
178.28113735985414	0.0
178.29113798460085	0.0
178.3011386093476	0.0
178.3111392340943	0.0
178.32113985884104	0.0
178.33114048358775	0.0
178.34114110833448	0.0
178.3511417330812	0.0
178.36114235782793	0.0
178.37114298257464	0.0
178.38114360732138	0.0
178.3911442320681	0.0
178.40114485681482	0.0
178.41114548156153	0.0
178.42114610630827	0.0
178.43114673105498	0.0
178.44114735580172	0.0
178.45114798054846	0.0
178.46114860529516	0.0
178.4711492300419	0.0
178.4811498547886	0.0
178.49115047953535	0.0
178.50115110428206	0.0
178.5111517290288	0.0
178.5211523537755	0.0
178.53115297852224	0.0
178.54115360326895	0.0
178.5511542280157	0.0
178.5611548527624	0.0
178.57115547750914	0.0
178.58115610225585	0.0
178.59115672700258	0.0
178.6011573517493	0.0
178.61115797649603	0.0
178.62115860124277	0.0
178.63115922598948	0.0
178.64115985073622	0.0
178.65116047548292	0.0
178.66116110022966	0.0
178.67116172497637	0.0
178.6811623497231	0.0
178.69116297446982	0.0
178.70116359921656	0.0
178.71116422396327	0.0
178.72116484871	0.0
178.7311654734567	0.0
178.74116609820345	0.0
178.75116672295016	0.0
178.7611673476969	0.0
178.7711679724436	0.0
178.78116859719034	0.0
178.79116922193705	0.0
178.8011698466838	0.0
178.81117047143053	0.0
178.82117109617724	0.0
178.83117172092398	0.0
178.84117234567069	0.0
178.85117297041742	0.0
178.86117359516413	0.0
178.87117421991087	0.0
178.88117484465758	0.0
178.89117546940432	0.0
178.90117609415103	0.0
178.91117671889776	0.0
178.92117734364447	0.0
178.9311779683912	0.0
178.94117859313792	0.0
178.95117921788466	0.0
178.96117984263137	0.0
178.9711804673781	0.0
178.98118109212484	0.0
178.99118171687155	0.0
179.0011823416183	0.0
179.011182966365	0.0
179.02118359111174	0.0
179.03118421585845	0.0
179.04118484060518	0.0
179.0511854653519	0.0
179.06118609009863	0.0
179.07118671484534	0.0
179.08118733959208	0.0
179.0911879643388	0.0
179.10118858908552	0.0
179.11118921383223	0.0
179.12118983857897	0.0
179.13119046332568	0.0
179.14119108807242	0.0
179.15119171281916	0.0
179.16119233756586	0.0
179.1711929623126	0.0
179.1811935870593	0.0
179.19119421180605	0.0
179.20119483655276	0.0
179.2111954612995	0.0
179.2211960860462	0.0
179.23119671079294	0.0
179.24119733553965	0.0
179.2511979602864	0.0
179.2611985850331	0.0
179.27119920977984	0.0
179.28119983452655	0.0
179.29120045927328	0.0
179.30120108402	0.0
179.31120170876673	0.0
179.32120233351347	0.0
179.33120295826018	0.0
179.34120358300692	0.0
179.35120420775363	0.0
179.36120483250036	0.0
179.37120545724707	0.0
179.3812060819938	0.0
179.39120670674052	0.0
179.40120733148726	0.0
179.41120795623397	0.0
179.4212085809807	0.0
179.4312092057274	0.0
179.44120983047415	0.0
179.45121045522086	0.0
179.4612110799676	0.0
179.4712117047143	0.0
179.48121232946104	0.0
179.49121295420778	0.0
179.5012135789545	0.0
179.51121420370123	0.0
179.52121482844794	0.0
179.53121545319468	0.0
179.54121607794139	0.0
179.55121670268812	0.0
179.56121732743483	0.0
179.57121795218157	0.0
179.58121857692828	0.0
179.59121920167502	0.0
179.60121982642173	0.0
179.61122045116846	0.0
179.62122107591517	0.0
179.6312217006619	0.0
179.64122232540862	0.0
179.65122295015536	0.0
179.6612235749021	0.0
179.6712241996488	0.0
179.68122482439554	0.0
179.69122544914225	0.0
179.701226073889	0.0
179.7112266986357	0.0
179.72122732338244	0.0
179.73122794812915	0.0
179.74122857287588	0.0
179.7512291976226	0.0
179.76122982236933	0.0
179.77123044711604	0.0
179.78123107186278	0.0
179.7912316966095	0.0
179.80123232135622	0.0
179.81123294610293	0.0
179.82123357084967	0.0
179.8312341955964	0.0
179.84123482034312	0.0
179.85123544508986	0.0
179.86123606983656	0.0
179.8712366945833	0.0
179.88123731933	0.0
179.89123794407675	0.0
179.90123856882346	0.0
179.9112391935702	0.0
179.9212398183169	0.0
179.93124044306364	0.0
179.94124106781035	0.0
179.9512416925571	0.0
179.9612423173038	0.0
179.97124294205054	0.0
179.98124356679725	0.0
179.99124419154398	0.0
180.00124481629072	0.0
180.01124544103743	0.0
180.02124606578417	0.0
180.03124669053088	0.0
180.04124731527762	0.0
180.05124794002433	0.0
180.06124856477106	0.0
180.07124918951777	0.0
180.0812498142645	0.0
180.09125043901122	0.0
180.10125106375796	0.0
180.11125168850467	0.0
180.1212523132514	0.0
180.1312529379981	0.0
180.14125356274485	0.0
180.15125418749156	0.0
180.1612548122383	0.0
180.17125543698504	0.0
180.18125606173174	0.0
180.19125668647848	0.0
180.2012573112252	0.0
180.21125793597193	0.0
180.22125856071864	0.0
180.23125918546538	0.0
180.24125981021209	0.0
180.25126043495882	0.0
180.26126105970553	0.0
180.27126168445227	0.0
180.28126230919898	0.0
180.29126293394572	0.0
180.30126355869243	0.0
180.31126418343916	0.0
180.32126480818587	0.0
180.3312654329326	0.0
180.34126605767935	0.0
180.35126668242606	0.0
180.3612673071728	0.0
180.3712679319195	0.0
180.38126855666624	0.0
180.39126918141295	0.0
180.4012698061597	0.0
180.4112704309064	0.0
180.42127105565314	0.0
180.43127168039985	0.0
180.44127230514658	0.0
180.4512729298933	0.0
180.46127355464003	0.0
180.47127417938674	0.0
180.48127480413348	0.0
180.4912754288802	0.0
180.50127605362692	0.0
180.51127667837366	0.0
180.52127730312037	0.0
180.5312779278671	0.0
180.54127855261382	0.0
180.55127917736056	0.0
180.56127980210726	0.0
180.571280426854	0.0
180.5812810516007	0.0
180.59128167634745	0.0
180.60128230109416	0.0
180.6112829258409	0.0
180.6212835505876	0.0
180.63128417533434	0.0
180.64128480008105	0.0
180.6512854248278	0.0
180.6612860495745	0.0
180.67128667432124	0.0
180.68128729906795	0.0
180.69128792381468	0.0
180.70128854856142	0.0
180.71128917330813	0.0
180.72128979805487	0.0
180.73129042280158	0.0
180.74129104754832	0.0
180.75129167229503	0.0
180.76129229704176	0.0
180.77129292178847	0.0
180.7812935465352	0.0
180.79129417128192	0.0
180.80129479602866	0.0
180.81129542077537	0.0
180.8212960455221	0.0
180.8312966702688	0.0
180.84129729501555	0.0
180.85129791976226	0.0
180.861298544509	0.0
180.87129916925574	0.0
180.88129979400244	0.0
180.89130041874918	0.0
180.9013010434959	0.0
180.91130166824263	0.0
180.92130229298934	0.0
180.93130291773608	0.0
180.94130354248279	0.0
180.95130416722952	0.0
180.96130479197623	0.0
180.97130541672297	0.0
180.98130604146968	0.0
180.99130666621642	0.0
181.00130729096313	0.0
181.01130791570986	0.0
181.02130854045657	0.0
181.0313091652033	0.0
181.04130978995005	0.0
181.05131041469676	0.0
181.0613110394435	0.0
181.0713116641902	0.0
181.08131228893694	0.0
181.09131291368365	0.0
181.1013135384304	0.0
181.1113141631771	0.0
181.12131478792384	0.0
181.13131541267055	0.0
181.14131603741728	0.0
181.151316662164	0.0
181.16131728691073	0.0
181.17131791165744	0.0
181.18131853640418	0.0
181.1913191611509	0.0
181.20131978589762	0.0
181.21132041064436	0.0
181.22132103539107	0.0
181.2313216601378	0.0
181.24132228488452	0.0
181.25132290963126	0.0
181.26132353437796	0.0
181.2713241591247	0.0
181.2813247838714	0.0
181.29132540861815	0.0
181.30132603336486	0.0
181.3113266581116	0.0
181.3213272828583	0.0
181.33132790760504	0.0
181.34132853235175	0.0
181.3513291570985	0.0
181.3613297818452	0.0
181.37133040659194	0.0
181.38133103133868	0.0
181.39133165608538	0.0
181.40133228083212	0.0
181.41133290557883	0.0
181.42133353032557	0.0
181.43133415507228	0.0
181.44133477981902	0.0
181.45133540456573	0.0
181.46133602931246	0.0
181.47133665405917	0.0
181.4813372788059	0.0
181.49133790355262	0.0
181.50133852829936	0.0
181.51133915304607	0.0
181.5213397777928	0.0
181.5313404025395	0.0
181.54134102728625	0.0
181.551341652033	0.0
181.5613422767797	0.0
181.57134290152644	0.0
181.58134352627314	0.0
181.59134415101988	0.0
181.6013447757666	0.0
181.61134540051333	0.0
181.62134602526004	0.0
181.63134665000678	0.0
181.64134727475349	0.0
181.65134789950022	0.0
181.66134852424693	0.0
181.67134914899367	0.0
181.68134977374038	0.0
181.69135039848712	0.0
181.70135102323383	0.0
181.71135164798056	0.0
181.7213522727273	0.0
181.731352897474	0.0
181.74135352222075	0.0
181.75135414696746	0.0
181.7613547717142	0.0
181.7713553964609	0.0
181.78135602120764	0.0
181.79135664595435	0.0
181.8013572707011	0.0
181.8113578954478	0.0
181.82135852019454	0.0
181.83135914494125	0.0
181.84135976968798	0.0
181.8513603944347	0.0
181.86136101918143	0.0
181.87136164392814	0.0
181.88136226867488	0.0
181.89136289342161	0.0
181.90136351816832	0.0
181.91136414291506	0.0
181.92136476766177	0.0
181.9313653924085	0.0
181.94136601715522	0.0
181.95136664190196	0.0
181.96136726664867	0.0
181.9713678913954	0.0
181.9813685161421	0.0
181.99136914088885	0.0
182.00136976563556	0.0
182.0113703903823	0.0
182.021371015129	0.0
182.03137163987574	0.0
182.04137226462245	0.0
182.0513728893692	0.0
182.06137351411593	0.0
182.07137413886264	0.0
182.08137476360938	0.0
182.09137538835608	0.0
182.10137601310282	0.0
182.11137663784953	0.0
182.12137726259627	0.0
182.13137788734298	0.0
182.14137851208972	0.0
182.15137913683643	0.0
182.16137976158316	0.0
182.17138038632987	0.0
182.1813810110766	0.0
182.19138163582332	0.0
182.20138226057006	0.0
182.21138288531677	0.0
182.2213835100635	0.0
182.23138413481024	0.0
182.24138475955695	0.0
182.2513853843037	0.0
182.2613860090504	0.0
182.27138663379714	0.0
182.28138725854384	0.0
182.29138788329058	0.0
182.3013885080373	0.0
182.31138913278403	0.0
182.32138975753074	0.0
182.33139038227748	0.0
182.34139100702419	0.0
182.35139163177092	0.0
182.36139225651763	0.0
182.37139288126437	0.0
182.38139350601108	0.0
182.39139413075782	0.0
182.40139475550455	0.0
182.41139538025126	0.0
182.421396004998	0.0
182.4313966297447	0.0
182.44139725449145	0.0
182.45139787923816	0.0
182.4613985039849	0.0
182.4713991287316	0.0
182.48139975347834	0.0
182.49140037822505	0.0
182.5014010029718	0.0
182.5114016277185	0.0
182.52140225246524	0.0
182.53140287721195	0.0
182.54140350195868	0.0
182.5514041267054	0.0
182.56140475145213	0.0
182.57140537619887	0.0
182.58140600094558	0.0
182.59140662569231	0.0
182.60140725043902	0.0
182.61140787518576	0.0
182.62140849993247	0.0
182.6314091246792	0.0
182.64140974942592	0.0
182.65141037417266	0.0
182.66141099891937	0.0
182.6714116236661	0.0
182.6814122484128	0.0
182.69141287315955	0.0
182.70141349790626	0.0
182.711414122653	0.0
182.7214147473997	0.0
182.73141537214644	0.0
182.74141599689315	0.0
182.7514166216399	0.0
182.76141724638663	0.0
182.77141787113334	0.0
182.78141849588008	0.0
182.79141912062678	0.0
182.80141974537352	0.0
182.81142037012023	0.0
182.82142099486697	0.0
182.83142161961368	0.0
182.84142224436042	0.0
182.85142286910713	0.0
182.86142349385386	0.0
182.87142411860057	0.0
182.8814247433473	0.0
182.89142536809402	0.0
182.90142599284076	0.0
182.91142661758747	0.0
182.9214272423342	0.0
182.93142786708094	0.0
182.94142849182765	0.0
182.9514291165744	0.0
182.9614297413211	0.0
182.97143036606784	0.0
182.98143099081454	0.0
182.99143161556128	0.0
183.001432240308	0.0
183.01143286505473	0.0
183.02143348980144	0.0
183.03143411454818	0.0
183.04143473929489	0.0
183.05143536404162	0.0
183.06143598878833	0.0
183.07143661353507	0.0
183.08143723828178	0.0
183.09143786302852	0.0
183.10143848777525	0.0
183.11143911252196	0.0
183.1214397372687	0.0
183.1314403620154	0.0
183.14144098676215	0.0
183.15144161150886	0.0
183.1614422362556	253.0
183.1714428610023	245.0
183.18144348574904	234.0
183.19144411049575	226.0
183.2014447352425	220.0
183.2114453599892	218.0
183.22144598473594	218.0
183.23144660948265	218.0
183.24144723422938	220.0
183.2514478589761	223.0
183.26144848372283	226.0
183.27144910846957	228.0
183.28144973321628	234.0
183.29145035796301	236.0
183.30145098270972	236.0
183.31145160745646	236.0
183.32145223220317	234.0
183.3314528569499	231.0
183.34145348169662	226.0
183.35145410644336	223.0
183.36145473119007	220.0
183.3714553559368	218.0
183.3814559806835	218.0
183.39145660543025	218.0
183.40145723017696	220.0
183.4114578549237	220.0
183.4214584796704	223.0
183.43145910441714	223.0
183.44145972916388	223.0
183.4514603539106	223.0
183.46146097865733	223.0
183.47146160340404	223.0
183.48146222815078	223.0
183.49146285289748	220.0
183.50146347764422	220.0
183.51146410239093	218.0
183.52146472713767	215.0
183.53146535188438	213.0
183.54146597663112	210.0
183.55146660137783	208.0
183.56146722612456	206.0
183.57146785087127	206.0
183.581468475618	206.0
183.59146910036472	206.0
183.60146972511146	208.0
183.6114703498582	210.0
183.6214709746049	213.0
183.63147159935164	218.0
183.64147222409835	220.0
183.6514728488451	223.0
183.6614734735918	226.0
183.67147409833854	0.0
183.68147472308524	0.0
183.69147534783198	0.0
183.7014759725787	0.0
183.71147659732543	0.0
183.72147722207214	0.0
183.73147784681888	0.0
183.74147847156559	0.0
183.75147909631232	0.0
183.76147972105903	0.0
183.77148034580577	0.0
183.7814809705525	0.0
183.79148159529922	0.0
183.80148222004595	0.0
183.81148284479266	0.0
183.8214834695394	0.0
183.8314840942861	0.0
183.84148471903285	0.0
183.85148534377956	0.0
183.8614859685263	0.0
183.871486593273	0.0
183.88148721801974	0.0
183.89148784276645	0.0
183.9014884675132	0.0
183.9114890922599	0.0
183.92148971700664	0.0
183.93149034175335	0.0
183.94149096650008	0.0
183.95149159124682	0.0
183.96149221599353	0.0
183.97149284074027	0.0
183.98149346548698	0.0
183.99149409023372	0.0
184.00149471498042	0.0
184.01149533972716	0.0
184.02149596447387	0.0
184.0314965892206	0.0
184.04149721396732	0.0
184.05149783871406	0.0
184.06149846346077	0.0
184.0714990882075	0.0
184.0814997129542	0.0
184.09150033770095	0.0
184.10150096244766	0.0
184.1115015871944	0.0
184.12150221194113	0.0
184.13150283668784	0.0
184.14150346143458	0.0
184.1515040861813	0.0
184.16150471092803	0.0
184.17150533567474	0.0
184.18150596042148	0.0
184.19150658516818	0.0
184.20150720991492	0.0
184.21150783466163	0.0
184.22150845940837	0.0
184.23150908415508	0.0
184.24150970890182	0.0
184.25151033364853	0.0
184.26151095839526	0.0
184.27151158314197	0.0
184.2815122078887	0.0
184.29151283263545	0.0
184.30151345738216	0.0
184.3115140821289	0.0
184.3215147068756	0.0
184.33151533162234	0.0
184.34151595636905	0.0
184.3515165811158	0.0
184.3615172058625	0.0
184.37151783060924	0.0
184.38151845535594	0.0
184.39151908010268	0.0
184.4015197048494	0.0
184.41152032959613	0.0
184.42152095434284	0.0
184.43152157908958	0.0
184.44152220383629	0.0
184.45152282858302	0.0
184.46152345332976	0.0
184.47152407807647	0.0
184.4815247028232	0.0
184.49152532756992	0.0
184.50152595231665	0.0
184.51152657706336	0.0
184.5215272018101	0.0
184.5315278265568	0.0
184.54152845130355	0.0
184.55152907605026	0.0
184.561529700797	0.0
184.5715303255437	0.0
184.58153095029044	0.0
184.59153157503715	0.0
184.6015321997839	0.0
184.6115328245306	0.0
184.62153344927734	0.0
184.63153407402405	0.0
184.64153469877078	0.0
184.65153532351752	0.0
184.66153594826423	0.0
184.67153657301097	0.0
184.68153719775768	0.0
184.69153782250442	0.0
184.70153844725112	0.0
184.71153907199786	0.0
184.72153969674457	0.0
184.7315403214913	0.0
184.74154094623802	0.0
184.75154157098476	0.0
184.76154219573147	0.0
184.7715428204782	0.0
184.7815434452249	0.0
184.79154406997165	0.0
184.80154469471836	0.0
184.8115453194651	0.0
184.82154594421183	0.0
184.83154656895854	0.0
184.84154719370528	0.0
184.851547818452	0.0
184.86154844319873	0.0
184.87154906794544	0.0
184.88154969269218	0.0
184.89155031743888	0.0
184.90155094218562	0.0
184.91155156693233	0.0
184.92155219167907	0.0
184.93155281642578	0.0
184.94155344117252	0.0
184.95155406591923	0.0
184.96155469066596	0.0
184.97155531541267	0.0
184.9815559401594	0.0
184.99155656490615	284.0
185.00155718965286	281.0
185.0115578143996	281.0
185.0215584391463	281.0
185.03155906389304	281.0
185.04155968863975	284.0
185.0515603133865	284.0
185.0615609381332	288.0
185.07156156287994	291.0
185.08156218762664	294.0
185.09156281237338	294.0
185.1015634371201	291.0
185.11156406186683	288.0
185.12156468661354	284.0
185.13156531136028	284.0
185.14156593610699	288.0
185.15156656085372	294.0
185.16156718560046	298.0
185.17156781034717	298.0
185.1815684350939	298.0
185.19156905984062	301.0
185.20156968458735	301.0
185.21157030933406	301.0
185.2215709340808	301.0
185.2315715588275	301.0
185.24157218357425	301.0
185.25157280832096	305.0
185.2615734330677	305.0
185.2715740578144	305.0
185.28157468256114	305.0
185.29157530730785	301.0
185.3015759320546	298.0
185.3115765568013	298.0
185.32157718154804	294.0
185.33157780629477	294.0
185.34157843104148	294.0
185.35157905578822	294.0
185.36157968053493	294.0
185.37158030528167	291.0
185.38158093002838	291.0
185.39158155477512	291.0
185.40158217952182	291.0
185.41158280426856	291.0
185.42158342901527	291.0
185.431584053762	291.0
185.44158467850872	291.0
185.45158530325546	291.0
185.46158592800217	291.0
185.4715865527489	291.0
185.4815871774956	291.0
185.49158780224235	291.0
185.5015884269891	291.0
185.5115890517358	291.0
185.52158967648253	288.0
185.53159030122924	288.0
185.54159092597598	288.0
185.5515915507227	291.0
185.56159217546943	291.0
185.57159280021614	291.0
185.58159342496288	291.0
185.59159404970958	291.0
185.60159467445632	291.0
185.61159529920303	291.0
185.62159592394977	291.0
185.63159654869648	291.0
185.64159717344322	294.0
185.65159779818993	294.0
185.66159842293666	294.0
185.6715990476834	294.0
185.6815996724301	294.0
185.69160029717685	294.0
185.70160092192356	294.0
185.7116015466703	294.0
185.721602171417	294.0
185.73160279616374	294.0
185.74160342091045	294.0
185.7516040456572	294.0
185.7616046704039	294.0
185.77160529515064	294.0
185.78160591989734	294.0
185.79160654464408	294.0
185.8016071693908	294.0
185.81160779413753	294.0
185.82160841888424	294.0
185.83160904363098	294.0
185.8416096683777	294.0
185.85161029312442	294.0
185.86161091787116	294.0
185.87161154261787	294.0
185.8816121673646	294.0
185.89161279211132	294.0
185.90161341685805	294.0
185.91161404160476	294.0
185.9216146663515	294.0
185.9316152910982	294.0
185.94161591584495	294.0
185.95161654059166	294.0
185.9616171653384	294.0
185.9716177900851	294.0
185.98161841483184	294.0
185.99161903957855	294.0
186.0016196643253	294.0
186.01162028907203	294.0
186.02162091381874	294.0
186.03162153856547	294.0
186.04162216331218	294.0
186.05162278805892	291.0
186.06162341280563	291.0
186.07162403755237	291.0
186.08162466229908	291.0
186.09162528704582	291.0
186.10162591179252	291.0
186.11162653653926	291.0
186.12162716128597	291.0
186.1316277860327	291.0
186.14162841077942	291.0
186.15162903552616	294.0
186.16162966027287	294.0
186.1716302850196	294.0
186.18163090976634	294.0
186.19163153451305	294.0
186.2016321592598	294.0
186.2116327840065	294.0
186.22163340875323	294.0
186.23163403349994	294.0
186.24163465824668	294.0
186.2516352829934	294.0
186.26163590774013	294.0
186.27163653248684	294.0
186.28163715723358	294.0
186.29163778198028	294.0
186.30163840672702	294.0
186.31163903147373	294.0
186.32163965622047	294.0
186.33164028096718	294.0
186.34164090571392	294.0
186.35164153046065	294.0
186.36164215520736	294.0
186.3716427799541	294.0
186.3816434047008	294.0
186.39164402944755	294.0
186.40164465419426	294.0
186.411645278941	294.0
186.4216459036877	294.0
186.43164652843444	294.0
186.44164715318115	294.0
186.4516477779279	294.0
186.4616484026746	294.0
186.47164902742134	294.0
186.48164965216804	294.0
186.49165027691478	294.0
186.5016509016615	294.0
186.51165152640823	294.0
186.52165215115497	294.0
186.53165277590168	294.0
186.5416534006484	294.0
186.55165402539512	294.0
186.56165465014186	294.0
186.57165527488857	294.0
186.5816558996353	298.0
186.59165652438202	294.0
186.60165714912876	294.0
186.61165777387546	294.0
186.6216583986222	291.0
186.6316590233689	291.0
186.64165964811565	291.0
186.65166027286236	291.0
186.6616608976091	291.0
186.6716615223558	291.0
186.68166214710254	291.0
186.69166277184925	294.0
186.701663396596	291.0
186.71166402134273	291.0
186.72166464608944	291.0
186.73166527083617	291.0
186.74166589558288	291.0
186.75166652032962	291.0
186.76166714507633	291.0
186.77166776982307	291.0
186.78166839456978	291.0
186.79166901931652	291.0
186.80166964406322	294.0
186.81167026880996	294.0
186.82167089355667	294.0
186.8316715183034	294.0
186.84167214305012	294.0
186.85167276779686	294.0
186.86167339254357	294.0
186.8716740172903	291.0
186.88167464203704	291.0
186.89167526678375	291.0
186.9016758915305	291.0
186.9116765162772	291.0
186.92167714102393	294.0
186.93167776577064	294.0
186.94167839051738	294.0
186.9516790152641	294.0
186.96167964001083	294.0
186.97168026475754	294.0
186.98168088950428	294.0
186.99168151425098	294.0
187.00168213899772	294.0
187.01168276374443	294.0
187.02168338849117	294.0
187.03168401323788	294.0
187.04168463798462	294.0
187.05168526273135	294.0
187.06168588747806	294.0
187.0716865122248	294.0
187.0816871369715	294.0
187.09168776171825	294.0
187.10168838646496	294.0
187.1116890112117	294.0
187.1216896359584	294.0
187.13169026070514	294.0
187.14169088545185	294.0
187.1516915101986	294.0
187.1616921349453	294.0
187.17169275969204	294.0
187.18169338443874	294.0
187.19169400918548	294.0
187.2016946339322	294.0
187.21169525867893	294.0
187.22169588342567	294.0
187.23169650817238	294.0
187.2416971329191	294.0
187.25169775766582	294.0
187.26169838241256	291.0
187.27169900715927	291.0
187.281699631906	291.0
187.29170025665272	294.0
187.30170088139946	294.0
187.31170150614616	294.0
187.3217021308929	294.0
187.3317027556396	294.0
187.34170338038635	294.0
187.35170400513306	294.0
187.3617046298798	294.0
187.3717052546265	294.0
187.38170587937324	294.0
187.39170650411998	294.0
187.4017071288667	294.0
187.41170775361343	294.0
187.42170837836014	294.0
187.43170900310687	294.0
187.44170962785358	294.0
187.45171025260032	294.0
187.46171087734703	294.0
187.47171150209377	294.0
187.48171212684048	294.0
187.49171275158722	294.0
187.50171337633392	294.0
187.51171400108066	291.0
187.52171462582737	291.0
187.5317152505741	291.0
187.54171587532082	291.0
187.55171650006756	291.0
187.5617171248143	291.0
187.571717749561	291.0
187.58171837430774	291.0
187.59171899905445	291.0
187.6017196238012	291.0
187.6117202485479	291.0
187.62172087329463	291.0
187.63172149804134	291.0
187.64172212278808	291.0
187.6517227475348	291.0
187.66172337228153	294.0
187.67172399702824	294.0
187.68172462177498	294.0
187.69172524652168	294.0
187.70172587126842	294.0
187.71172649601513	294.0
187.72172712076187	294.0
187.7317277455086	294.0
187.74172837025532	294.0
187.75172899500205	294.0
187.76172961974876	291.0
187.7717302444955	291.0
187.7817308692422	291.0
187.79173149398895	291.0
187.80173211873566	291.0
187.8117327434824	294.0
187.8217333682291	294.0
187.83173399297584	294.0
187.84173461772255	294.0
187.8517352424693	294.0
187.861735867216	291.0
187.87173649196274	291.0
187.88173711670944	291.0
187.89173774145618	291.0
187.90173836620292	291.0
187.91173899094963	291.0
187.92173961569637	291.0
187.93174024044308	294.0
187.94174086518981	294.0
187.95174148993652	294.0
187.96174211468326	294.0
187.97174273942997	294.0
187.9817433641767	294.0
187.99174398892342	294.0
188.00174461367016	294.0
188.01174523841686	294.0
188.0217458631636	294.0
188.0317464879103	294.0
188.04174711265705	294.0
188.05174773740376	294.0
188.0617483621505	294.0
188.07174898689723	294.0
188.08174961164394	294.0
188.09175023639068	294.0
188.1017508611374	291.0
188.11175148588413	291.0
188.12175211063084	291.0
188.13175273537757	291.0
188.14175336012428	291.0
188.15175398487102	291.0
188.16175460961773	291.0
188.17175523436447	294.0
188.18175585911118	294.0
188.19175648385792	291.0
188.20175710860462	291.0
188.21175773335136	291.0
188.22175835809807	291.0
188.2317589828448	291.0
188.24175960759155	291.0
188.25176023233826	291.0
188.261760857085	291.0
188.2717614818317	291.0
188.28176210657844	291.0
188.29176273132515	291.0
188.3017633560719	294.0
188.3117639808186	294.0
188.32176460556533	294.0
188.33176523031204	291.0
188.34176585505878	291.0
188.3517664798055	294.0
188.36176710455223	294.0
188.37176772929894	294.0
188.38176835404568	294.0
188.39176897879238	291.0
188.40176960353912	291.0
188.41177022828586	291.0
188.42177085303257	291.0
188.4317714777793	291.0
188.44177210252602	291.0
188.45177272727275	291.0
188.46177335201946	291.0
188.4717739767662	291.0
188.4817746015129	291.0
188.49177522625965	291.0
188.50177585100636	294.0
188.5117764757531	294.0
188.5217771004998	298.0
188.53177772524654	298.0
188.54177834999325	298.0
188.55177897474	298.0
188.5617795994867	294.0
188.57178022423344	294.0
188.58178084898015	294.0
188.59178147372688	294.0
188.60178209847362	294.0
188.61178272322033	294.0
188.62178334796707	294.0
188.63178397271378	294.0
188.64178459746051	294.0
188.65178522220722	294.0
188.66178584695396	294.0
188.67178647170067	294.0
188.6817870964474	294.0
188.69178772119412	294.0
188.70178834594086	294.0
188.71178897068756	294.0
188.7217895954343	294.0
188.731790220181	294.0
188.74179084492775	294.0
188.75179146967446	298.0
188.7617920944212	298.0
188.77179271916793	298.0
188.78179334391464	298.0
188.79179396866138	294.0
188.8017945934081	294.0
188.81179521815483	294.0
188.82179584290154	294.0
188.83179646764827	294.0
188.84179709239498	294.0
188.85179771714172	294.0
188.86179834188843	294.0
188.87179896663517	294.0
188.88179959138188	294.0
188.89180021612862	294.0
188.90180084087532	294.0
188.91180146562206	294.0
188.92180209036877	291.0
188.9318027151155	294.0
188.94180333986225	294.0
188.95180396460896	294.0
188.9618045893557	294.0
188.9718052141024	294.0
188.98180583884914	294.0
188.99180646359585	294.0
189.0018070883426	294.0
189.0118077130893	294.0
189.02180833783603	294.0
189.03180896258274	294.0
189.04180958732948	294.0
189.0518102120762	294.0
189.06181083682293	294.0
189.07181146156964	294.0
189.08181208631638	294.0
189.09181271106308	294.0
189.10181333580982	294.0
189.11181396055656	294.0
189.12181458530327	294.0
189.13181521005	294.0
189.14181583479672	291.0
189.15181645954345	291.0
189.16181708429016	294.0
189.1718177090369	294.0
189.1818183337836	294.0
189.19181895853035	294.0
189.20181958327706	294.0
189.2118202080238	294.0
189.2218208327705	294.0
189.23182145751724	294.0
189.24182208226395	294.0
189.2518227070107	294.0
189.2618233317574	294.0
189.27182395650414	294.0
189.28182458125087	294.0
189.29182520599758	294.0
189.30182583074432	294.0
189.31182645549103	294.0
189.32182708023777	291.0
189.33182770498448	288.0
189.34182832973121	288.0
189.35182895447792	284.0
189.36182957922466	284.0
189.37183020397137	284.0
189.3818308287181	284.0
189.39183145346482	288.0
189.40183207821156	288.0
189.41183270295826	291.0
189.421833327705	294.0
189.4318339524517	294.0
189.44183457719845	294.0
189.4518352019452	294.0
189.4618358266919	294.0
189.47183645143863	291.0
189.48183707618534	288.0
189.49183770093208	288.0
189.5018383256788	284.0
189.51183895042553	288.0
189.52183957517224	288.0
189.53184019991897	291.0
189.54184082466568	294.0
189.55184144941242	298.0
189.56184207415913	301.0
189.57184269890587	301.0
189.58184332365258	301.0
189.59184394839932	301.0
189.60184457314602	305.0
189.61184519789276	305.0
189.6218458226395	308.0
189.6318464473862	308.0
189.64184707213295	308.0
189.65184769687966	308.0
189.6618483216264	305.0
189.6718489463731	301.0
189.68184957111984	298.0
189.69185019586655	294.0
189.7018508206133	291.0
189.71185144536	288.0
189.72185207010673	284.0
189.73185269485344	284.0
189.74185331960018	284.0
189.7518539443469	284.0
189.76185456909363	288.0
189.77185519384034	288.0
189.78185581858708	288.0
189.7918564433338	291.0
189.80185706808052	291.0
189.81185769282726	291.0
189.82185831757397	291.0
189.8318589423207	291.0
189.84185956706742	291.0
189.85186019181415	291.0
189.86186081656086	291.0
189.8718614413076	291.0
189.8818620660543	291.0
189.89186269080105	288.0
189.90186331554776	288.0
189.9118639402945	284.0
189.9218645650412	284.0
189.93186518978794	281.0
189.94186581453465	281.0
189.9518664392814	281.0
189.96186706402813	281.0
189.97186768877484	281.0
189.98186831352157	281.0
189.99186893826828	284.0
190.00186956301502	288.0
190.01187018776173	294.0
190.02187081250847	294.0
190.03187143725518	294.0
190.04187206200191	294.0
190.05187268674862	291.0
190.06187331149536	288.0
190.07187393624207	278.0
190.0818745609888	265.0
190.09187518573552	250.0
190.10187581048226	242.0
190.11187643522896	231.0
190.1218770599757	226.0
190.13187768472244	226.0
190.14187830946915	226.0
190.1518789342159	226.0
190.1618795589626	226.0
190.17188018370933	226.0
190.18188080845604	226.0
190.19188143320278	226.0
190.2018820579495	228.0
190.21188268269623	231.0
190.22188330744294	234.0
190.23188393218967	236.0
190.24188455693638	236.0
190.25188518168312	234.0
190.26188580642983	234.0
190.27188643117657	231.0
190.28188705592328	226.0
190.29188768067002	223.0
190.30188830541675	223.0
190.31188893016346	220.0
190.3218895549102	220.0
190.3318901796569	218.0
190.34189080440365	218.0
190.35189142915036	220.0
190.3618920538971	220.0
190.3718926786438	220.0
190.38189330339054	220.0
190.39189392813725	220.0
190.401894552884	220.0
190.4118951776307	220.0
190.42189580237743	0.0
190.43189642712414	0.0
190.44189705187088	0.0
190.4518976766176	0.0
190.46189830136433	0.0
190.47189892611107	0.0
190.48189955085778	0.0
190.4919001756045	218.0
190.50190080035122	215.0
190.51190142509796	210.0
190.52190204984467	210.0
190.5319026745914	210.0
190.54190329933812	210.0
190.55190392408485	213.0
190.56190454883156	215.0
190.5719051735783	218.0
190.581905798325	220.0
190.59190642307175	223.0
190.60190704781846	223.0
190.6119076725652	220.0
190.6219082973119	220.0
190.63190892205864	220.0
190.64190954680535	220.0
190.6519101715521	220.0
190.66191079629883	220.0
190.67191142104554	220.0
190.68191204579227	223.0
190.69191267053898	223.0
190.70191329528572	226.0
190.71191392003243	228.0
190.72191454477917	231.0
190.73191516952588	239.0
190.74191579427261	245.0
190.75191641901932	248.0
190.76191704376606	248.0
190.77191766851277	245.0
190.7819182932595	242.0
190.79191891800622	239.0
190.80191954275296	236.0
190.81192016749966	231.0
190.8219207922464	228.0
190.83192141699314	223.0
190.84192204173985	220.0
190.8519226664866	220.0
190.8619232912333	220.0
190.87192391598003	223.0
190.88192454072674	228.0
190.89192516547348	231.0
190.9019257902202	236.0
190.91192641496693	239.0
190.92192703971364	242.0
190.93192766446037	245.0
190.94192828920708	245.0
190.95192891395382	242.0
190.96192953870053	236.0
190.97193016344727	234.0
190.98193078819398	228.0
190.99193141294072	0.0
191.00193203768745	0.0
191.01193266243416	0.0
191.0219332871809	0.0
191.0319339119276	0.0
191.04193453667435	0.0
191.05193516142106	0.0
191.0619357861678	0.0
191.0719364109145	0.0
191.08193703566124	0.0
191.09193766040795	0.0
191.1019382851547	0.0
191.1119389099014	0.0
191.12193953464813	0.0
191.13194015939484	0.0
191.14194078414158	223.0
191.1519414088883	220.0
191.16194203363503	0.0
191.17194265838177	0.0
191.18194328312848	0.0
191.1919439078752	0.0
191.20194453262192	0.0
191.21194515736866	0.0
191.22194578211537	0.0
191.2319464068621	0.0
191.24194703160882	0.0
191.25194765635555	0.0
191.26194828110226	0.0
191.271948905849	0.0
191.2819495305957	0.0
191.29195015534245	0.0
191.30195078008916	0.0
191.3119514048359	0.0
191.3219520295826	0.0
191.33195265432934	0.0
191.34195327907608	0.0
191.3519539038228	0.0
191.36195452856953	0.0
191.37195515331624	0.0
191.38195577806297	0.0
191.39195640280968	0.0
191.40195702755642	0.0
191.41195765230313	0.0
191.42195827704987	0.0
191.43195890179658	0.0
191.44195952654331	0.0
191.45196015129002	0.0
191.46196077603676	0.0
191.47196140078347	0.0
191.4819620255302	0.0
191.49196265027692	0.0
191.50196327502366	0.0
191.5119638997704	0.0
191.5219645245171	0.0
191.53196514926384	0.0
191.54196577401055	0.0
191.5519663987573	0.0
191.561967023504	0.0
191.57196764825073	0.0
191.58196827299744	0.0
191.59196889774418	0.0
191.6019695224909	0.0
191.61197014723763	0.0
191.62197077198434	0.0
191.63197139673107	0.0
191.64197202147778	0.0
191.65197264622452	0.0
191.66197327097123	0.0
191.67197389571797	0.0
191.6819745204647	0.0
191.69197514521142	0.0
191.70197576995815	0.0
191.71197639470486	0.0
191.7219770194516	0.0
191.7319776441983	0.0
191.74197826894505	0.0
191.75197889369176	0.0
191.7619795184385	0.0
191.7719801431852	0.0
191.78198076793194	0.0
191.79198139267865	0.0
191.8019820174254	0.0
191.8119826421721	0.0
191.82198326691883	0.0
191.83198389166554	0.0
191.84198451641228	0.0
191.85198514115902	0.0
191.86198576590573	0.0
191.87198639065247	0.0
191.88198701539918	0.0
191.8919876401459	0.0
191.90198826489262	0.0
191.91198888963936	0.0
191.92198951438607	0.0
191.9319901391328	0.0
191.94199076387952	0.0
191.95199138862625	0.0
191.96199201337296	0.0
191.9719926381197	0.0
191.9819932628664	0.0
191.99199388761315	0.0
192.00199451235986	0.0
192.0119951371066	0.0
192.02199576185333	0.0
192.03199638660004	226.0
192.04199701134678	231.0
192.0519976360935	231.0
192.06199826084023	234.0
192.07199888558694	234.0
192.08199951033367	234.0
192.09200013508038	234.0
192.10200075982712	234.0
192.11200138457383	236.0
192.12200200932057	242.0
192.13200263406728	248.0
192.14200325881401	253.0
192.15200388356072	259.0
192.16200450830746	268.0
192.17200513305417	275.0
192.1820057578009	284.0
192.19200638254765	294.0
192.20200700729436	305.0
192.2120076320411	316.0
192.2220082567878	323.0
192.23200888153454	327.0
192.24200950628125	331.0
192.252010131028	331.0
192.2620107557747	327.0
192.27201138052143	323.0
192.28201200526814	319.0
192.29201263001488	319.0
192.3020132547616	319.0
192.31201387950833	316.0
192.32201450425504	316.0
192.33201512900177	312.0
192.34201575374848	312.0
192.35201637849522	312.0
192.36201700324196	312.0
192.37201762798867	312.0
192.3820182527354	316.0
192.39201887748212	316.0
192.40201950222885	316.0
192.41202012697556	316.0
192.4220207517223	316.0
192.432021376469	316.0
192.44202200121575	312.0
192.45202262596246	316.0
192.4620232507092	316.0
192.4720238754559	323.0
192.48202450020264	327.0
192.49202512494935	338.0
192.5020257496961	350.0
192.5120263744428	371.0
192.52202699918953	384.0
192.53202762393624	393.0
192.54202824868298	398.0
192.55202887342972	393.0
192.56202949817643	380.0
192.57203012292317	363.0
192.58203074766988	342.0
192.5920313724166	308.0
192.60203199716332	294.0
192.61203262191006	288.0
192.62203324665677	288.0
192.6320338714035	288.0
192.64203449615022	291.0
192.65203512089695	294.0
192.66203574564366	298.0
192.6720363703904	298.0
192.6820369951371	301.0
192.69203761988385	301.0
192.70203824463056	301.0
192.7120388693773	301.0
192.72203949412403	305.0
192.73204011887074	308.0
192.74204074361748	312.0
192.7520413683642	312.0
192.76204199311093	316.0
192.77204261785764	316.0
192.78204324260437	312.0
192.79204386735108	312.0
192.80204449209782	312.0
192.81204511684453	308.0
192.82204574159127	301.0
192.83204636633798	298.0
192.84204699108471	294.0
192.85204761583142	294.0
192.86204824057816	291.0
192.87204886532487	291.0
192.8820494900716	291.0
192.89205011481835	294.0
192.90205073956506	294.0
192.9120513643118	294.0
192.9220519890585	298.0
192.93205261380524	298.0
192.94205323855195	301.0
192.9520538632987	305.0
192.9620544880454	305.0
192.97205511279213	305.0
192.98205573753884	308.0
192.99205636228558	308.0
193.0020569870323	305.0
193.01205761177903	305.0
193.02205823652574	305.0
193.03205886127247	305.0
193.04205948601918	305.0
193.05206011076592	305.0
193.06206073551266	305.0
193.07206136025937	308.0
193.0820619850061	305.0
193.09206260975282	305.0
193.10206323449955	298.0
193.11206385924626	291.0
193.122064483993	284.0
193.1320651087397	272.0
193.14206573348645	256.0
193.15206635823316	250.0
193.1620669829799	250.0
193.1720676077266	281.0
193.18206823247334	288.0
193.19206885722005	294.0
193.2020694819668	294.0
193.2120701067135	294.0
193.22207073146024	262.0
193.23207135620697	291.0
193.24207198095368	291.0
193.25207260570042	291.0
193.26207323044713	291.0
193.27207385519387	294.0
193.28207447994058	294.0
193.2920751046873	291.0
193.30207572943402	291.0
193.31207635418076	291.0
193.32207697892747	291.0
193.3320776036742	291.0
193.34207822842092	291.0
193.35207885316765	294.0
193.36207947791436	294.0
193.3720801026611	294.0
193.3820807274078	294.0
193.39208135215455	294.0
193.4020819769013	294.0
193.412082601648	294.0
193.42208322639473	294.0
193.43208385114144	294.0
193.44208447588818	294.0
193.4520851006349	294.0
193.46208572538163	294.0
193.47208635012834	294.0
193.48208697487507	294.0
193.49208759962178	294.0
193.50208822436852	294.0
193.51208884911523	331.0
193.52208947386197	338.0
193.53209009860868	342.0
193.54209072335541	346.0
193.55209134810212	346.0
193.56209197284886	350.0
193.5720925975956	354.0
193.5820932223423	354.0
193.59209384708905	298.0
193.60209447183576	298.0
193.6120950965825	298.0
193.6220957213292	294.0
193.63209634607594	294.0
193.64209697082265	294.0
193.6520975955694	294.0
193.6620982203161	294.0
193.67209884506283	294.0
193.68209946980954	298.0
193.69210009455628	298.0
193.702100719303	305.0
193.71210134404973	305.0
193.72210196879644	301.0
193.73210259354317	301.0
193.7421032182899	298.0
193.75210384303662	294.0
193.76210446778336	294.0
193.77210509253007	294.0
193.7821057172768	294.0
193.79210634202352	294.0
193.80210696677025	294.0
193.81210759151696	294.0
193.8221082162637	294.0
193.8321088410104	294.0
193.84210946575715	294.0
193.85211009050386	294.0
193.8621107152506	294.0
193.8721113399973	294.0
193.88211196474404	294.0
193.89211258949075	294.0
193.9021132142375	294.0
193.91211383898423	294.0
193.92211446373094	294.0
193.93211508847767	294.0
193.94211571322438	294.0
193.95211633797112	298.0
193.96211696271783	308.0
193.97211758746457	308.0
193.98211821221128	294.0
193.992118836958	0.0
194.00211946170472	0.0
194.01212008645146	0.0
194.02212071119817	298.0
194.0321213359449	298.0
194.04212196069162	298.0
194.05212258543835	298.0
194.06212321018506	298.0
194.0721238349318	298.0
194.08212445967854	298.0
194.09212508442525	298.0
194.102125709172	298.0
194.1121263339187	298.0
194.12212695866543	294.0
194.13212758341214	294.0
194.14212820815888	294.0
194.1521288329056	294.0
194.16212945765233	294.0
194.17213008239904	294.0
194.18213070714577	294.0
194.19213133189248	294.0
194.20213195663922	294.0
194.21213258138593	294.0
194.22213320613267	294.0
194.23213383087938	294.0
194.24213445562611	294.0
194.25213508037285	294.0
194.26213570511956	294.0
194.2721363298663	294.0
194.282136954613	294.0
194.29213757935975	294.0
194.30213820410646	294.0
194.3121388288532	294.0
194.3221394535999	294.0
194.33214007834664	294.0
194.34214070309335	294.0
194.3521413278401	294.0
194.3621419525868	294.0
194.37214257733353	294.0
194.38214320208024	294.0
194.39214382682698	294.0
194.4021444515737	294.0
194.41214507632043	294.0
194.42214570106717	294.0
194.43214632581387	294.0
194.4421469505606	294.0
194.45214757530732	294.0
194.46214820005406	294.0
194.47214882480077	294.0
194.4821494495475	294.0
194.49215007429422	294.0
194.50215069904095	294.0
194.51215132378766	294.0
194.5221519485344	294.0
194.5321525732811	294.0
194.54215319802785	294.0
194.55215382277456	294.0
194.5621544475213	294.0
194.572155072268	294.0
194.58215569701474	298.0
194.59215632176145	0.0
194.6021569465082	0.0
194.61215757125493	0.0
194.62215819600164	0.0
194.63215882074837	0.0
194.64215944549508	0.0
194.65216007024182	0.0
194.66216069498853	0.0
194.67216131973527	0.0
194.68216194448198	0.0
194.6921625692287	0.0
194.70216319397542	0.0
194.71216381872216	0.0
194.72216444346887	0.0
194.7321650682156	0.0
194.74216569296232	0.0
194.75216631770905	0.0
194.76216694245576	0.0
194.7721675672025	0.0
194.78216819194924	0.0
194.79216881669595	0.0
194.8021694414427	0.0
194.8121700661894	0.0
194.82217069093613	0.0
194.83217131568284	0.0
194.84217194042958	0.0
194.8521725651763	0.0
194.86217318992303	0.0
194.87217381466974	0.0
194.88217443941647	0.0
194.89217506416318	0.0
194.90217568890992	0.0
194.91217631365663	0.0
194.92217693840337	0.0
194.93217756315008	0.0
194.94217818789681	0.0
194.95217881264355	0.0
194.96217943739026	0.0
194.972180062137	0.0
194.9821806868837	0.0
194.99218131163045	0.0
195.00218193637716	0.0
195.0121825611239	0.0
195.0221831858706	0.0
195.03218381061734	0.0
195.04218443536405	0.0
195.0521850601108	0.0
195.0621856848575	0.0
195.07218630960423	0.0
195.08218693435094	0.0
195.09218755909768	0.0
195.1021881838444	0.0
195.11218880859113	0.0
195.12218943333787	0.0
195.13219005808457	0.0
195.1421906828313	0.0
195.15219130757802	0.0
195.16219193232476	0.0
195.17219255707147	0.0
195.1821931818182	0.0
195.19219380656492	0.0
195.20219443131165	0.0
195.21219505605836	0.0
195.2221956808051	0.0
195.2321963055518	0.0
195.24219693029855	0.0
195.25219755504526	0.0
195.262198179792	0.0
195.2721988045387	0.0
195.28219942928544	0.0
195.29220005403218	0.0
195.3022006787789	0.0
195.31220130352563	0.0
195.32220192827234	0.0
195.33220255301907	0.0
195.34220317776578	0.0
195.35220380251252	0.0
195.36220442725923	0.0
195.37220505200597	0.0
195.38220567675268	0.0
195.3922063014994	0.0
195.40220692624612	0.0
195.41220755099286	0.0
195.42220817573957	0.0
195.4322088004863	0.0
195.44220942523302	0.0
195.45221004997975	0.0
195.4622106747265	0.0
195.4722112994732	0.0
195.48221192421994	0.0
195.49221254896665	0.0
195.5022131737134	0.0
195.5122137984601	0.0
195.52221442320683	0.0
195.53221504795354	0.0
195.54221567270028	0.0
195.552216297447	0.0
195.56221692219373	0.0
195.57221754694044	0.0
195.58221817168717	0.0
195.59221879643388	0.0
195.60221942118062	0.0
195.61222004592733	0.0
195.62222067067407	0.0
195.6322212954208	0.0
195.64222192016751	0.0
195.65222254491425	0.0
195.66222316966096	0.0
195.6722237944077	0.0
195.6822244191544	0.0
195.69222504390115	0.0
195.70222566864786	0.0
195.7122262933946	0.0
195.7222269181413	0.0
195.73222754288804	0.0
195.74222816763475	0.0
195.7522287923815	0.0
195.7622294171282	0.0
195.77223004187493	0.0
195.78223066662164	0.0
195.79223129136838	0.0
195.80223191611512	0.0
195.81223254086183	0.0
195.82223316560857	0.0
195.83223379035528	0.0
195.842234415102	0.0
195.85223503984872	0.0
195.86223566459546	0.0
195.87223628934217	0.0
195.8822369140889	0.0
195.89223753883562	0.0
195.90223816358235	0.0
195.91223878832906	0.0
195.9222394130758	0.0
195.9322400378225	0.0
195.94224066256925	0.0
195.95224128731596	0.0
195.9622419120627	0.0
195.97224253680943	0.0
195.98224316155614	0.0
195.99224378630288	0.0
196.0022444110496	0.0
196.01224503579633	0.0
196.02224566054304	0.0
196.03224628528977	0.0
196.04224691003648	0.0
196.05224753478322	0.0
196.06224815952993	0.0
196.07224878427667	0.0
196.08224940902338	0.0
196.0922500337701	0.0
196.10225065851682	0.0
196.11225128326356	0.0
196.12225190801027	0.0
196.132252532757	0.0
196.14225315750375	0.0
196.15225378225045	0.0
196.1622544069972	0.0
196.1722550317439	0.0
196.18225565649064	0.0
196.19225628123735	0.0
196.2022569059841	0.0
196.2122575307308	0.0
196.22225815547753	0.0
196.23225878022424	0.0
196.24225940497098	0.0
196.2522600297177	0.0
196.26226065446443	0.0
196.27226127921114	0.0
196.28226190395787	0.0
196.29226252870458	0.0
196.30226315345132	0.0
196.31226377819806	0.0
196.32226440294477	0.0
196.3322650276915	0.0
196.34226565243821	0.0
196.35226627718495	0.0
196.36226690193166	0.0
196.3722675266784	0.0
196.3822681514251	0.0
196.39226877617185	0.0
196.40226940091856	0.0
196.4122700256653	0.0
196.422270650412	0.0
196.43227127515874	0.0
196.44227189990545	288.0
196.4522725246522	288.0
196.4622731493989	291.0
196.47227377414563	0.0
196.48227439889234	0.0
196.49227502363908	0.0
196.50227564838582	0.0
196.51227627313253	0.0
196.52227689787927	0.0
196.53227752262598	0.0
196.5422781473727	0.0
196.55227877211942	0.0
196.56227939686616	0.0
196.57228002161287	0.0
196.5822806463596	0.0
196.59228127110632	0.0
196.60228189585305	0.0
196.61228252059976	0.0
196.6222831453465	0.0
196.6322837700932	0.0
196.64228439483995	0.0
196.65228501958666	0.0
196.6622856443334	0.0
196.67228626908013	298.0
196.68228689382684	301.0
196.69228751857358	308.0
196.7022881433203	316.0
196.71228876806703	323.0
196.72228939281374	334.0
196.73229001756047	342.0
196.74229064230718	346.0
196.75229126705392	350.0
196.76229189180063	350.0
196.77229251654737	346.0
196.78229314129408	338.0
196.7922937660408	327.0
196.80229439078752	319.0
196.81229501553426	312.0
196.82229564028097	305.0
196.8322962650277	301.0
196.84229688977445	298.0
196.85229751452115	298.0
196.8622981392679	298.0
196.8722987640146	298.0
196.88229938876134	298.0
196.89230001350805	298.0
196.9023006382548	298.0
196.9123012630015	301.0
196.92230188774823	301.0
196.93230251249494	305.0
196.94230313724168	308.0
196.9523037619884	312.0
196.96230438673513	312.0
196.97230501148184	312.0
196.98230563622857	312.0
196.99230626097528	308.0
197.00230688572202	305.0
197.01230751046876	298.0
197.02230813521547	294.0
197.0323087599622	294.0
197.04230938470891	294.0
197.05231000945565	294.0
197.06231063420236	294.0
197.0723112589491	294.0
197.0823118836958	294.0
197.09231250844255	294.0
197.10231313318926	298.0
197.112313757936	298.0
197.1223143826827	298.0
197.13231500742944	294.0
197.14231563217615	294.0
197.1523162569229	294.0
197.1623168816696	294.0
197.17231750641633	294.0
197.18231813116307	294.0
197.19231875590978	291.0
197.20231938065652	291.0
197.21232000540323	288.0
197.22232063014997	284.0
197.23232125489668	284.0
197.2423218796434	281.0
197.25232250439012	284.0
197.26232312913686	288.0
197.27232375388357	291.0
197.2823243786303	298.0
197.29232500337702	301.0
197.30232562812375	305.0
197.31232625287046	305.0
197.3223268776172	298.0
197.3323275023639	291.0
197.34232812711065	278.0
197.35232875185739	268.0
197.3623293766041	253.0
197.37233000135083	239.0
197.38233062609754	226.0
197.39233125084428	223.0
197.402331875591	220.0
197.41233250033773	220.0
197.42233312508444	223.0
197.43233374983117	228.0
197.44233437457788	231.0
197.45233499932462	234.0
197.46233562407133	239.0
197.47233624881807	242.0
197.48233687356478	245.0
197.4923374983115	245.0
197.50233812305822	245.0
197.51233874780496	242.0
197.5223393725517	239.0
197.5323399972984	234.0
197.54234062204515	231.0
197.55234124679185	226.0
197.5623418715386	223.0
197.5723424962853	223.0
197.58234312103204	223.0
197.59234374577875	223.0
197.6023443705255	223.0
197.6123449952722	223.0
197.62234562001893	223.0
197.63234624476564	223.0
197.64234686951238	223.0
197.6523474942591	223.0
197.66234811900583	223.0
197.67234874375254	223.0
197.68234936849927	223.0
197.692349993246	223.0
197.70235061799272	223.0
197.71235124273946	220.0
197.72235186748617	220.0
197.7323524922329	218.0
197.74235311697961	213.0
197.75235374172635	213.0
197.76235436647306	210.0
197.7723549912198	213.0
197.7823556159665	213.0
197.79235624071325	213.0
197.80235686545996	213.0
197.8123574902067	213.0
197.8223581149534	213.0
197.83235873970014	213.0
197.84235936444685	213.0
197.8523599891936	213.0
197.86236061394033	213.0
197.87236123868703	213.0
197.88236186343377	213.0
197.89236248818048	213.0
197.90236311292722	208.0
197.91236373767393	203.0
197.92236436242067	196.0
197.93236498716738	196.0
197.9423656119141	203.0
197.95236623666082	215.0
197.96236686140756	226.0
197.97236748615427	234.0
197.982368110901	236.0
197.99236873564772	239.0
198.00236936039445	239.0
198.01236998514116	239.0
198.0223706098879	239.0
198.03237123463464	239.0
198.04237185938135	236.0
198.05237248412809	236.0
198.0623731088748	234.0
198.07237373362153	234.0
198.08237435836824	234.0
198.09237498311498	234.0
198.1023756078617	236.0
198.11237623260843	236.0
198.12237685735514	239.0
198.13237748210187	245.0
198.14237810684858	0.0
198.15237873159532	0.0
198.16237935634203	0.0
198.17237998108877	0.0
198.18238060583548	0.0
198.1923812305822	0.0
198.20238185532895	0.0
198.21238248007566	0.0
198.2223831048224	0.0
198.2323837295691	0.0
198.24238435431585	0.0
198.25238497906255	0.0
198.2623856038093	0.0
198.272386228556	0.0
198.28238685330274	0.0
198.29238747804945	0.0
198.3023881027962	0.0
198.3123887275429	0.0
198.32238935228963	0.0
198.33238997703634	0.0
198.34239060178308	0.0
198.3523912265298	0.0
198.36239185127653	0.0
198.37239247602326	0.0
198.38239310076997	0.0
198.3923937255167	0.0
198.40239435026342	226.0
198.41239497501016	223.0
198.42239559975687	223.0
198.4323962245036	223.0
198.44239684925031	223.0
198.45239747399705	223.0
198.46239809874376	223.0
198.4723987234905	223.0
198.4823993482372	223.0
198.49239997298395	223.0
198.50240059773066	223.0
198.5124012224774	220.0
198.5224018472241	220.0
198.53240247197084	220.0
198.54240309671755	218.0
198.5524037214643	215.0
198.56240434621103	213.0
198.57240497095773	210.0
198.58240559570447	210.0
198.59240622045118	210.0
198.60240684519792	213.0
198.61240746994463	213.0
198.62240809469137	213.0
198.63240871943808	213.0
198.6424093441848	213.0
198.65240996893152	213.0
198.66241059367826	0.0
198.67241121842497	0.0
198.6824118431717	0.0
198.69241246791842	0.0
198.70241309266515	0.0
198.71241371741186	0.0
198.7224143421586	0.0
198.73241496690534	0.0
198.74241559165205	0.0
198.75241621639879	0.0
198.7624168411455	0.0
198.77241746589223	0.0
198.78241809063894	0.0
198.79241871538568	0.0
198.8024193401324	0.0
198.81241996487913	0.0
198.82242058962584	268.0
198.83242121437257	272.0
198.84242183911928	275.0
198.85242246386602	281.0
198.86242308861273	291.0
198.87242371335947	298.0
198.88242433810618	305.0
198.8924249628529	305.0
198.90242558759965	305.0
198.91242621234636	305.0
198.9224268370931	305.0
198.9324274618398	301.0
198.94242808658655	301.0
198.95242871133325	301.0
198.96242933608	298.0
198.9724299608267	298.0
198.98243058557344	294.0
198.99243121032015	294.0
199.0024318350669	294.0
199.0124324598136	294.0
199.02243308456033	294.0
199.03243370930704	294.0
199.04243433405378	294.0
199.0524349588005	294.0
199.06243558354723	294.0
199.07243620829396	294.0
199.08243683304067	294.0
199.0924374577874	294.0
199.10243808253412	298.0
199.11243870728086	298.0
199.12243933202757	298.0
199.1324399567743	298.0
199.14244058152102	298.0
199.15244120626775	298.0
199.16244183101446	298.0
199.1724424557612	298.0
199.1824430805079	298.0
199.19244370525465	298.0
199.20244433000136	294.0
199.2124449547481	294.0
199.2224455794948	294.0
199.23244620424154	291.0
199.24244682898828	291.0
199.252447453735	291.0
199.26244807848173	288.0
199.27244870322843	288.0
199.28244932797517	284.0
199.29244995272188	284.0
199.30245057746862	284.0
199.31245120221533	288.0
199.32245182696207	288.0
199.33245245170878	288.0
199.3424530764555	291.0
199.35245370120222	291.0
199.36245432594896	291.0
199.37245495069567	291.0
199.3824555754424	291.0
199.39245620018912	288.0
199.40245682493585	288.0
199.4124574496826	288.0
199.4224580744293	288.0
199.43245869917604	288.0
199.44245932392275	291.0
199.45245994866949	291.0
199.4624605734162	291.0
199.47246119816293	291.0
199.48246182290964	294.0
199.49246244765638	294.0
199.5024630724031	294.0
199.51246369714983	294.0
199.52246432189654	294.0
199.53246494664327	294.0
199.54246557138998	294.0
199.55246619613672	294.0
199.56246682088343	294.0
199.57246744563017	291.0
199.5824680703769	291.0
199.5924686951236	291.0
199.60246931987035	291.0
199.61246994461706	291.0
199.6224705693638	291.0
199.6324711941105	294.0
199.64247181885725	294.0
199.65247244360395	294.0
199.6624730683507	294.0
199.6724736930974	294.0
199.68247431784414	294.0
199.69247494259085	294.0
199.7024755673376	294.0
199.7124761920843	294.0
199.72247681683103	294.0
199.73247744157774	294.0
199.74247806632448	294.0
199.75247869107122	294.0
199.76247931581793	294.0
199.77247994056466	294.0
199.78248056531137	291.0
199.7924811900581	291.0
199.80248181480482	291.0
199.81248243955156	288.0
199.82248306429827	288.0
199.832483689045	284.0
199.84248431379172	281.0
199.85248493853845	281.0
199.86248556328516	278.0
199.8724861880319	278.0
199.8824868127786	281.0
199.89248743752535	288.0
199.90248806227206	291.0
199.9124886870188	298.0
199.92248931176553	301.0
199.93248993651224	301.0
199.94249056125898	298.0
199.9524911860057	291.0
199.96249181075243	288.0
199.97249243549913	281.0
199.98249306024587	236.0
199.99249368499258	226.0
200.00249430973932	215.0
200.01249493448603	210.0
200.02249555923277	208.0
200.03249618397948	208.0
200.0424968087262	210.0
200.05249743347292	213.0
200.06249805821966	215.0
200.07249868296637	218.0
200.0824993077131	220.0
200.09249993245984	223.0
200.10250055720655	226.0
200.1125011819533	228.0
200.1225018067	228.0
200.13250243144674	228.0
200.14250305619345	228.0
200.15250368094019	226.0
200.1625043056869	226.0
200.17250493043363	223.0
200.18250555518034	223.0
200.19250617992708	220.0
200.2025068046738	220.0
200.21250742942053	220.0
200.22250805416724	220.0
200.23250867891397	220.0
200.24250930366068	220.0
200.25250992840742	220.0
200.26251055315416	218.0
200.27251117790087	218.0
200.2825118026476	218.0
200.2925124273943	218.0
200.30251305214105	215.0
200.31251367688776	215.0
200.3225143016345	215.0
200.3325149263812	215.0
200.34251555112795	215.0
200.35251617587465	215.0
200.3625168006214	218.0
200.3725174253681	218.0
200.38251805011484	220.0
200.39251867486155	220.0
200.4025192996083	223.0
200.412519924355	0.0
200.42252054910173	0.0
200.43252117384844	0.0
200.44252179859518	0.0
200.45252242334192	0.0
200.46252304808863	0.0
200.47252367283537	0.0
200.48252429758207	0.0
200.4925249223288	0.0
200.50252554707552	0.0
200.51252617182226	0.0
200.52252679656897	0.0
200.5325274213157	0.0
200.54252804606242	0.0
200.55252867080915	0.0
200.56252929555586	0.0
200.5725299203026	0.0
200.5825305450493	0.0
200.59253116979605	0.0
200.60253179454276	0.0
200.6125324192895	0.0
200.62253304403623	0.0
200.63253366878294	0.0
200.64253429352968	0.0
200.6525349182764	0.0
200.66253554302313	0.0
200.67253616776983	0.0
200.68253679251657	0.0
200.69253741726328	0.0
200.70253804201002	0.0
200.71253866675673	0.0
200.72253929150347	0.0
200.73253991625018	0.0
200.7425405409969	0.0
200.75254116574362	0.0
200.76254179049036	0.0
200.77254241523707	0.0
200.7825430399838	278.0
200.79254366473054	281.0
200.80254428947725	284.0
200.812544914224	291.0
200.8225455389707	291.0
200.83254616371744	294.0
200.84254678846415	291.0
200.85254741321089	291.0
200.8625480379576	284.0
200.87254866270433	278.0
200.88254928745104	275.0
200.89254991219778	275.0
200.9025505369445	305.0
200.91255116169123	305.0
200.92255178643794	301.0
200.93255241118467	298.0
200.94255303593138	298.0
200.95255366067812	298.0
200.96255428542486	298.0
200.97255491017157	294.0
200.9825555349183	294.0
200.992556159665	294.0
201.00255678441175	294.0
201.01255740915846	294.0
201.0225580339052	294.0
201.0325586586519	291.0
201.04255928339865	291.0
201.05255990814535	291.0
201.0625605328921	291.0
201.0725611576388	294.0
201.08256178238554	294.0
201.09256240713225	294.0
201.102563031879	298.0
201.1125636566257	298.0
201.12256428137243	294.0
201.13256490611917	294.0
201.14256553086588	291.0
201.15256615561262	291.0
201.16256678035933	288.0
201.17256740510607	284.0
201.18256802985277	284.0
201.1925686545995	281.0
201.20256927934622	281.0
201.21256990409296	281.0
201.22257052883967	281.0
201.2325711535864	281.0
201.24257177833312	281.0
201.25257240307985	284.0
201.26257302782656	288.0
201.2725736525733	288.0
201.28257427732	291.0
201.29257490206675	291.0
201.30257552681348	291.0
201.3125761515602	294.0
201.32257677630693	294.0
201.33257740105364	291.0
201.34257802580038	291.0
201.3525786505471	291.0
201.36257927529383	291.0
201.37257990004053	291.0
201.38258052478727	288.0
201.39258114953398	288.0
201.40258177428072	284.0
201.41258239902743	284.0
201.42258302377417	284.0
201.43258364852088	281.0
201.4425842732676	281.0
201.45258489801432	284.0
201.46258552276106	284.0
201.4725861475078	288.0
201.4825867722545	288.0
201.49258739700124	288.0
201.50258802174795	291.0
201.5125886464947	291.0
201.5225892712414	294.0
201.53258989598814	294.0
201.54259052073485	294.0
201.55259114548159	294.0
201.5625917702283	294.0
201.57259239497503	294.0
201.58259301972174	294.0
201.59259364446848	294.0
201.6025942692152	294.0
201.61259489396193	294.0
201.62259551870864	294.0
201.63259614345537	294.0
201.6425967682021	294.0
201.65259739294882	294.0
201.66259801769556	294.0
201.67259864244227	294.0
201.682599267189	298.0
201.6925998919357	298.0
201.70260051668245	301.0
201.71260114142916	305.0
201.7226017661759	305.0
201.7326023909226	305.0
201.74260301566935	305.0
201.75260364041605	305.0
201.7626042651628	301.0
201.7726048899095	298.0
201.78260551465624	298.0
201.79260613940295	294.0
201.8026067641497	294.0
201.81260738889642	294.0
201.82260801364313	294.0
201.83260863838987	294.0
201.84260926313658	294.0
201.85260988788332	294.0
201.86261051263003	294.0
201.87261113737677	294.0
201.88261176212347	294.0
201.8926123868702	294.0
201.90261301161692	294.0
201.91261363636366	294.0
201.92261426111037	294.0
201.9326148858571	294.0
201.94261551060382	291.0
201.95261613535055	291.0
201.96261676009726	291.0
201.972617384844	291.0
201.98261800959074	288.0
201.99261863433745	288.0
202.00261925908418	288.0
202.0126198838309	288.0
202.02262050857763	291.0
202.03262113332434	291.0
202.04262175807108	294.0
202.0526223828178	298.0
202.06262300756453	301.0
202.07262363231123	305.0
202.08262425705797	305.0
202.09262488180468	305.0
202.10262550655142	305.0
202.11262613129813	305.0
202.12262675604487	301.0
202.13262738079158	301.0
202.1426280055383	298.0
202.15262863028505	298.0
202.16262925503176	298.0
202.1726298797785	298.0
202.1826305045252	301.0
202.19263112927194	305.0
202.20263175401865	312.0
202.2126323787654	316.0
202.2226330035121	323.0
202.23263362825884	327.0
202.24263425300555	327.0
202.25263487775229	327.0
202.262635502499	327.0
202.27263612724573	327.0
202.28263675199244	323.0
202.29263737673918	323.0
202.3026380014859	319.0
202.31263862623263	316.0
202.32263925097936	312.0
202.33263987572607	312.0
202.3426405004728	308.0
202.35264112521952	308.0
202.36264174996626	308.0
202.37264237471297	308.0
202.3826429994597	308.0
202.3926436242064	312.0
202.40264424895315	319.0
202.41264487369986	327.0
202.4226454984466	338.0
202.4326461231933	358.0
202.44264674794005	375.0
202.45264737268676	389.0
202.4626479974335	393.0
202.4726486221802	389.0
202.48264924692694	389.0
202.49264987167365	380.0
202.5026504964204	367.0
202.51265112116712	350.0
202.52265174591383	323.0
202.53265237066057	301.0
202.54265299540728	298.0
202.55265362015402	294.0
202.56265424490073	291.0
202.57265486964747	294.0
202.58265549439417	298.0
202.5926561191409	301.0
202.60265674388762	305.0
202.61265736863436	305.0
202.62265799338107	305.0
202.6326586181278	305.0
202.64265924287452	305.0
202.65265986762125	308.0
202.66266049236796	308.0
202.6726611171147	308.0
202.68266174186144	308.0
202.69266236660815	308.0
202.70266299135488	308.0
202.7126636161016	308.0
202.72266424084833	308.0
202.73266486559504	308.0
202.74266549034178	308.0
202.7526661150885	305.0
202.76266673983523	301.0
202.77266736458193	298.0
202.78266798932867	294.0
202.79266861407538	294.0
202.80266923882212	291.0
202.81266986356883	291.0
202.82267048831557	291.0
202.83267111306228	291.0
202.842671737809	291.0
202.85267236255575	291.0
202.86267298730246	291.0
202.8726736120492	291.0
202.8826742367959	294.0
202.89267486154264	294.0
202.90267548628935	294.0
202.9126761110361	298.0
202.9226767357828	298.0
202.93267736052954	294.0
202.94267798527625	294.0
202.95267861002299	294.0
202.9626792347697	294.0
202.97267985951643	294.0
202.98268048426314	298.0
202.99268110900988	298.0
203.0026817337566	298.0
203.01268235850333	298.0
203.02268298325006	298.0
203.03268360799677	298.0
203.0426842327435	298.0
203.05268485749022	298.0
203.06268548223696	298.0
203.07268610698367	298.0
203.0826867317304	301.0
203.09268735647711	301.0
203.10268798122385	298.0
203.11268860597056	298.0
203.1226892307173	298.0
203.132689855464	298.0
203.14269048021075	298.0
203.15269110495746	298.0
203.1626917297042	298.0
203.1726923544509	298.0
203.18269297919764	294.0
203.19269360394438	294.0
203.2026942286911	294.0
203.21269485343782	291.0
203.22269547818453	291.0
203.23269610293127	291.0
203.24269672767798	288.0
203.25269735242472	288.0
203.26269797717143	284.0
203.27269860191817	284.0
203.28269922666487	284.0
203.2926998514116	284.0
203.30270047615832	288.0
203.31270110090506	291.0
203.32270172565177	294.0
203.3327023503985	298.0
203.34270297514522	298.0
203.35270359989195	298.0
203.3627042246387	294.0
203.3727048493854	288.0
203.38270547413214	278.0
203.39270609887885	256.0
203.40270672362558	234.0
203.4127073483723	228.0
203.42270797311903	223.0
203.43270859786574	223.0
203.44270922261248	226.0
203.4527098473592	228.0
203.46271047210593	234.0
203.47271109685263	236.0
203.48271172159937	242.0
203.49271234634608	245.0
203.50271297109282	248.0
203.51271359583953	248.0
203.52271422058627	250.0
203.532714845333	248.0
203.5427154700797	245.0
203.55271609482645	242.0
203.56271671957316	236.0
203.5727173443199	234.0
203.5827179690666	231.0
203.59271859381334	231.0
203.60271921856005	228.0
203.6127198433068	228.0
203.6227204680535	228.0
203.63272109280024	226.0
203.64272171754695	226.0
203.65272234229369	228.0
203.6627229670404	228.0
203.67272359178713	228.0
203.68272421653384	231.0
203.69272484128058	231.0
203.70272546602732	231.0
203.71272609077403	226.0
203.72272671552076	223.0
203.73272734026747	218.0
203.7427279650142	213.0
203.75272858976092	208.0
203.76272921450766	203.0
203.77272983925437	201.0
203.7827304640011	201.0
203.79273108874781	203.0
203.80273171349455	208.0
203.81273233824126	215.0
203.822732962988	223.0
203.8327335877347	226.0
203.84273421248145	228.0
203.85273483722816	226.0
203.8627354619749	226.0
203.87273608672163	0.0
203.88273671146834	0.0
203.89273733621508	0.0
203.9027379609618	0.0
203.91273858570852	0.0
203.92273921045523	0.0
203.93273983520197	0.0
203.94274045994868	0.0
203.95274108469542	0.0
203.96274170944213	0.0
203.97274233418887	0.0
203.98274295893557	0.0
203.9927435836823	0.0
204.00274420842902	0.0
204.01274483317576	0.0
204.02274545792247	0.0
204.0327460826692	0.0
204.04274670741594	0.0
204.05274733216265	0.0
204.0627479569094	0.0
204.0727485816561	0.0
204.08274920640284	0.0
204.09274983114955	0.0
204.10275045589628	0.0
204.112751080643	0.0
204.12275170538973	0.0
204.13275233013644	0.0
204.14275295488318	0.0
204.1527535796299	265.0
204.16275420437663	268.0
204.17275482912333	275.0
204.18275545387007	284.0
204.19275607861678	291.0
204.20275670336352	294.0
204.21275732811026	294.0
204.22275795285697	298.0
204.2327585776037	298.0
204.2427592023504	294.0
204.25275982709715	294.0
204.26276045184386	294.0
204.2727610765906	291.0
204.2827617013373	291.0
204.29276232608404	291.0
204.30276295083075	291.0
204.3127635755775	291.0
204.3227642003242	294.0
204.33276482507094	294.0
204.34276544981765	294.0
204.35276607456439	294.0
204.3627666993111	294.0
204.37276732405783	294.0
204.38276794880454	294.0
204.39276857355128	294.0
204.40276919829802	294.0
204.41276982304473	294.0
204.42277044779146	298.0
204.43277107253817	294.0
204.4427716972849	294.0
204.45277232203162	294.0
204.46277294677836	294.0
204.47277357152507	291.0
204.4827741962718	291.0
204.49277482101851	291.0
204.50277544576525	291.0
204.51277607051196	291.0
204.5227766952587	288.0
204.5327773200054	288.0
204.54277794475215	288.0
204.55277856949886	288.0
204.5627791942456	284.0
204.57277981899233	284.0
204.58278044373904	284.0
204.59278106848578	284.0
204.6027816932325	284.0
204.61278231797922	288.0
204.62278294272593	288.0
204.63278356747267	291.0
204.64278419221938	291.0
204.65278481696612	291.0
204.66278544171283	291.0
204.67278606645957	291.0
204.68278669120627	294.0
204.692787315953	294.0
204.70278794069972	291.0
204.71278856544646	291.0
204.72278919019317	291.0
204.7327898149399	291.0
204.74279043968664	291.0
204.75279106443335	291.0
204.7627916891801	291.0
204.7727923139268	288.0
204.78279293867354	288.0
204.79279356342025	288.0
204.80279418816698	288.0
204.8127948129137	288.0
204.82279543766043	288.0
204.83279606240714	288.0
204.84279668715388	288.0
204.8527973119006	291.0
204.86279793664733	291.0
204.87279856139403	294.0
204.88279918614077	294.0
204.89279981088748	294.0
204.90280043563422	298.0
204.91280106038096	298.0
204.92280168512767	294.0
204.9328023098744	294.0
204.9428029346211	294.0
204.95280355936785	294.0
204.96280418411456	294.0
204.9728048088613	294.0
204.982805433608	294.0
204.99280605835474	294.0
205.00280668310145	294.0
205.0128073078482	298.0
205.0228079325949	298.0
205.03280855734164	298.0
205.04280918208835	298.0
205.05280980683509	298.0
205.0628104315818	298.0
205.07281105632853	298.0
205.08281168107527	301.0
205.09281230582198	301.0
205.10281293056872	305.0
205.11281355531543	305.0
205.12281418006216	305.0
205.13281480480887	308.0
205.1428154295556	308.0
205.15281605430232	308.0
205.16281667904906	308.0
205.17281730379577	308.0
205.1828179285425	305.0
205.19281855328921	301.0
205.20281917803595	298.0
205.21281980278266	298.0
205.2228204275294	294.0
205.2328210522761	294.0
205.24282167702285	294.0
205.25282230176958	294.0
205.2628229265163	294.0
205.27282355126303	298.0
205.28282417600974	298.0
205.29282480075648	298.0
205.3028254255032	298.0
205.31282605024992	298.0
205.32282667499663	298.0
205.33282729974337	298.0
205.34282792449008	298.0
205.35282854923682	298.0
205.36282917398353	298.0
205.37282979873027	298.0
205.38283042347697	294.0
205.3928310482237	294.0
205.40283167297042	294.0
205.41283229771716	294.0
205.4228329224639	294.0
205.4328335472106	298.0
205.44283417195734	298.0
205.45283479670405	298.0
205.4628354214508	301.0
205.4728360461975	301.0
205.48283667094424	305.0
205.49283729569095	305.0
205.50283792043768	308.0
205.5128385451844	308.0
205.52283916993113	308.0
205.53283979467784	305.0
205.54284041942458	305.0
205.5528410441713	301.0
205.56284166891803	301.0
205.57284229366473	301.0
205.58284291841147	301.0
205.5928435431582	301.0
205.60284416790492	301.0
205.61284479265166	301.0
205.62284541739837	305.0
205.6328460421451	308.0
205.6428466668918	316.0
205.65284729163855	323.0
205.66284791638526	331.0
205.672848541132	338.0
205.6828491658787	342.0
205.69284979062544	342.0
205.70285041537215	338.0
205.7128510401189	331.0
205.7228516648656	323.0
205.73285228961234	316.0
205.74285291435905	308.0
205.75285353910579	301.0
205.76285416385252	294.0
205.77285478859923	294.0
205.78285541334597	294.0
205.79285603809268	298.0
205.80285666283942	298.0
205.81285728758613	301.0
205.82285791233286	305.0
205.83285853707957	308.0
205.8428591618263	308.0
205.85285978657302	312.0
205.86286041131976	312.0
205.87286103606647	316.0
205.8828616608132	316.0
205.89286228555991	312.0
205.90286291030665	308.0
205.91286353505336	305.0
205.9228641598001	301.0
205.93286478454684	298.0
205.94286540929355	298.0
205.95286603404028	298.0
205.962866658787	298.0
205.97286728353373	298.0
205.98286790828044	298.0
205.99286853302718	298.0
206.0028691577739	298.0
206.01286978252062	298.0
206.02287040726733	298.0
206.03287103201407	298.0
206.04287165676078	298.0
206.05287228150752	298.0
206.06287290625423	298.0
206.07287353100097	298.0
206.08287415574767	298.0
206.0928747804944	294.0
206.10287540524115	294.0
206.11287602998786	294.0
206.1228766547346	294.0
206.1328772794813	294.0
206.14287790422804	291.0
206.15287852897475	291.0
206.1628791537215	291.0
206.1728797784682	288.0
206.18288040321494	288.0
206.19288102796165	288.0
206.20288165270838	288.0
206.2128822774551	288.0
206.22288290220183	291.0
206.23288352694854	291.0
206.24288415169528	291.0
206.252884776442	294.0
206.26288540118873	294.0
206.27288602593546	294.0
206.28288665068217	298.0
206.2928872754289	298.0
206.30288790017562	298.0
206.31288852492236	298.0
206.32288914966907	294.0
206.3328897744158	294.0
206.3428903991625	291.0
206.35289102390925	291.0
206.36289164865596	291.0
206.3728922734027	291.0
206.3828928981494	288.0
206.39289352289614	288.0
206.40289414764285	288.0
206.4128947723896	284.0
206.4228953971363	284.0
206.43289602188304	284.0
206.44289664662975	288.0
206.4528972713765	288.0
206.46289789612322	291.0
206.47289852086993	291.0
206.48289914561667	294.0
206.49289977036338	294.0
206.50290039511012	294.0
206.51290101985683	294.0
206.52290164460356	294.0
206.53290226935027	294.0
206.542902894097	294.0
206.55290351884372	291.0
206.56290414359046	291.0
206.57290476833717	288.0
206.5829053930839	288.0
206.59290601783061	284.0
206.60290664257735	284.0
206.61290726732406	284.0
206.6229078920708	284.0
206.63290851681754	288.0
206.64290914156425	291.0
206.65290976631098	291.0
206.6629103910577	291.0
206.67291101580443	294.0
206.68291164055114	294.0
206.69291226529788	294.0
206.7029128900446	298.0
206.71291351479132	298.0
206.72291413953803	298.0
206.73291476428477	298.0
206.74291538903148	298.0
206.75291601377822	294.0
206.76291663852493	294.0
206.77291726327167	294.0
206.78291788801837	294.0
206.7929185127651	294.0
206.80291913751185	294.0
206.81291976225856	294.0
206.8229203870053	294.0
206.832921011752	294.0
206.84292163649874	298.0
206.85292226124545	301.0
206.8629228859922	305.0
206.8729235107389	308.0
206.88292413548564	308.0
206.89292476023235	308.0
206.90292538497908	305.0
206.9129260097258	301.0
206.92292663447253	301.0
206.93292725921924	298.0
206.94292788396598	298.0
206.9529285087127	294.0
206.96292913345943	294.0
206.97292975820616	294.0
206.98293038295287	294.0
206.9929310076996	294.0
207.00293163244632	294.0
207.01293225719306	294.0
207.02293288193977	294.0
207.0329335066865	294.0
207.0429341314332	298.0
207.05293475617995	298.0
207.06293538092666	298.0
207.0729360056734	298.0
207.0829366304201	294.0
207.09293725516685	294.0
207.10293787991355	294.0
207.1129385046603	294.0
207.122939129407	294.0
207.13293975415374	294.0
207.14294037890048	294.0
207.1529410036472	298.0
207.16294162839392	298.0
207.17294225314063	301.0
207.18294287788737	305.0
207.19294350263408	305.0
207.20294412738082	308.0
207.21294475212753	308.0
207.22294537687426	308.0
207.23294600162097	308.0
207.2429466263677	308.0
207.25294725111442	308.0
207.26294787586116	308.0
207.27294850060787	305.0
207.2829491253546	301.0
207.29294975010131	301.0
207.30295037484805	298.0
207.3129509995948	298.0
207.3229516243415	298.0
207.33295224908824	301.0
207.34295287383495	305.0
207.35295349858168	308.0
207.3629541233284	312.0
207.37295474807513	312.0
207.38295537282184	316.0
207.39295599756858	323.0
207.4029566223153	331.0
207.41295724706202	334.0
207.42295787180873	338.0
207.43295849655547	338.0
207.44295912130218	338.0
207.45295974604892	338.0
207.46296037079563	334.0
207.47296099554237	331.0
207.4829616202891	327.0
207.4929622450358	323.0
207.50296286978255	323.0
207.51296349452926	323.0
207.522964119276	323.0
207.5329647440227	327.0
207.54296536876944	327.0
207.55296599351615	331.0
207.5629666182629	334.0
207.5729672430096	338.0
207.58296786775634	342.0
207.59296849250305	346.0
207.60296911724978	346.0
207.6129697419965	350.0
207.62297036674323	346.0
207.63297099148994	346.0
207.64297161623668	342.0
207.65297224098342	338.0
207.66297286573013	331.0
207.67297349047686	323.0
207.68297411522357	319.0
207.6929747399703	316.0
207.70297536471702	308.0
207.71297598946376	305.0
207.72297661421047	298.0
207.7329772389572	291.0
207.7429778637039	288.0
207.75297848845065	284.0
207.76297911319736	281.0
207.7729797379441	281.0
207.7829803626908	278.0
207.79298098743755	275.0
207.80298161218425	268.0
207.812982236931	265.0
207.82298286167773	262.0
207.83298348642444	259.0
207.84298411117118	256.0
207.8529847359179	253.0
207.86298536066462	248.0
207.87298598541133	245.0
207.88298661015807	239.0
207.89298723490478	236.0
207.90298785965152	231.0
207.91298848439823	226.0
207.92298910914496	220.0
207.93298973389167	218.0
207.9429903586384	213.0
207.95299098338512	210.0
207.96299160813186	208.0
207.97299223287857	208.0
207.9829928576253	208.0
207.99299348237204	208.0
208.00299410711875	210.0
208.0129947318655	213.0
208.0229953566122	218.0
208.03299598135894	220.0
208.04299660610565	226.0
208.05299723085238	231.0
208.0629978555991	234.0
208.07299848034583	239.0
208.08299910509254	242.0
208.09299972983928	245.0
208.103000354586	245.0
208.11300097933272	245.0
208.12300160407943	242.0
208.13300222882617	239.0
208.14300285357288	234.0
208.15300347831962	231.0
208.16300410306636	231.0
208.17300472781307	228.0
208.1830053525598	228.0
208.1930059773065	226.0
208.20300660205325	226.0
208.21300722679996	228.0
208.2230078515467	228.0
208.2330084762934	231.0
208.24300910104014	234.0
208.25300972578685	236.0
208.2630103505336	242.0
208.2730109752803	245.0
208.28301160002704	248.0
208.29301222477375	250.0
208.30301284952048	253.0
208.3130134742672	250.0
208.32301409901393	250.0
208.33301472376064	245.0
208.34301534850738	242.0
208.35301597325412	236.0
208.36301659800083	234.0
208.37301722274756	231.0
208.38301784749427	231.0
208.393018472241	231.0
208.40301909698772	234.0
208.41301972173446	239.0
208.42302034648117	248.0
208.4330209712279	253.0
208.4430215959746	262.0
208.45302222072135	275.0
208.46302284546806	284.0
208.4730234702148	298.0
208.4830240949615	312.0
208.49302471970825	323.0
208.50302534445495	331.0
208.5130259692017	338.0
208.52302659394843	338.0
208.53302721869514	334.0
208.54302784344188	331.0
208.5530284681886	327.0
208.56302909293532	323.0
208.57302971768203	319.0
208.58303034242877	316.0
208.59303096717548	316.0
208.60303159192222	316.0
208.61303221666893	316.0
208.62303284141566	316.0
208.63303346616237	316.0
208.6430340909091	319.0
208.65303471565582	316.0
208.66303534040256	319.0
208.67303596514927	323.0
208.683036589896	331.0
208.69303721464274	338.0
208.70303783938945	346.0
208.7130384641362	358.0
208.7230390888829	371.0
208.73303971362964	384.0
208.74304033837635	389.0
208.75304096312308	384.0
208.7630415878698	375.0
208.77304221261653	354.0
208.78304283736324	338.0
208.79304346210998	323.0
208.8030440868567	312.0
208.81304471160342	308.0
208.82304533635013	308.0
208.83304596109687	308.0
208.84304658584358	308.0
208.85304721059032	308.0
208.86304783533706	312.0
208.87304846008377	312.0
208.8830490848305	316.0
208.8930497095772	316.0
208.90305033432395	319.0
208.91305095907066	316.0
208.9230515838174	312.0
208.9330522085641	305.0
208.94305283331084	305.0
208.95305345805755	301.0
208.9630540828043	301.0
208.973054707551	301.0
208.98305533229774	301.0
208.99305595704445	301.0
209.00305658179118	301.0
209.0130572065379	301.0
209.02305783128463	301.0
209.03305845603137	301.0
209.04305908077808	298.0
209.05305970552482	298.0
209.06306033027153	298.0
209.07306095501826	298.0
209.08306157976497	298.0
209.0930622045117	298.0
209.10306282925842	298.0
209.11306345400516	294.0
209.12306407875187	294.0
209.1330647034986	294.0
209.1430653282453	294.0
209.15306595299205	291.0
209.16306657773876	291.0
209.1730672024855	288.0
209.1830678272322	288.0
209.19306845197895	288.0
209.20306907672568	284.0
209.2130697014724	284.0
209.22307032621913	284.0
209.23307095096584	284.0
209.24307157571258	284.0
209.2530722004593	284.0
209.26307282520602	288.0
209.27307344995273	291.0
209.28307407469947	294.0
209.29307469944618	294.0
209.30307532419292	294.0
209.31307594893963	294.0
209.32307657368636	294.0
209.33307719843307	294.0
209.3430778231798	294.0
209.35307844792652	294.0
209.36307907267326	294.0
209.37307969742	291.0
209.3830803221667	291.0
209.39308094691344	291.0
209.40308157166015	288.0
209.4130821964069	288.0
209.4230828211536	284.0
209.43308344590034	281.0
209.44308407064705	281.0
209.45308469539378	281.0
209.4630853201405	281.0
209.47308594488723	281.0
209.48308656963394	281.0
209.49308719438068	284.0
209.5030878191274	284.0
209.51308844387412	288.0
209.52308906862083	291.0
209.53308969336757	291.0
209.5430903181143	294.0
209.55309094286102	294.0
209.56309156760776	298.0
209.57309219235447	298.0
209.5830928171012	298.0
209.5930934418479	294.0
209.60309406659465	294.0
209.61309469134136	291.0
209.6230953160881	291.0
209.6330959408348	291.0
209.64309656558154	288.0
209.65309719032825	288.0
209.663097815075	284.0
209.6730984398217	284.0
209.68309906456844	284.0
209.69309968931515	284.0
209.70310031406189	284.0
209.71310093880862	288.0
209.72310156355533	288.0
209.73310218830207	288.0
209.74310281304878	291.0
209.75310343779552	291.0
209.76310406254223	291.0
209.77310468728896	294.0
209.78310531203567	298.0
209.7931059367824	301.0
209.80310656152912	301.0
209.81310718627586	305.0
209.82310781102257	305.0
209.8331084357693	305.0
209.843109060516	305.0
209.85310968526275	305.0
209.86311031000946	301.0
209.8731109347562	301.0
209.88311155950294	298.0
209.89311218424965	298.0
209.90311280899638	294.0
209.9131134337431	294.0
209.92311405848983	294.0
209.93311468323654	291.0
209.94311530798328	291.0
209.95311593273	291.0
209.96311655747672	291.0
209.97311718222343	291.0
209.98311780697017	291.0
209.99311843171688	291.0
210.00311905646362	291.0
210.01311968121033	288.0
210.02312030595706	288.0
210.03312093070377	288.0
210.0431215554505	284.0
210.05312218019725	284.0
210.06312280494396	284.0
210.0731234296907	284.0
210.0831240544374	284.0
210.09312467918414	288.0
210.10312530393085	288.0
210.1131259286776	288.0
210.1231265534243	291.0
210.13312717817104	294.0
210.14312780291775	294.0
210.15312842766448	298.0
210.1631290524112	298.0
210.17312967715793	301.0
210.18313030190464	301.0
210.19313092665138	298.0
210.2031315513981	294.0
210.21313217614482	294.0
210.22313280089156	291.0
210.23313342563827	291.0
210.243134050385	288.0
210.25313467513172	288.0
210.26313529987846	284.0
210.27313592462517	284.0
210.2831365493719	284.0
210.2931371741186	288.0
210.30313779886535	288.0
210.31313842361206	288.0
210.3231390483588	291.0
210.3331396731055	294.0
210.34314029785224	298.0
210.35314092259895	301.0
210.3631415473457	305.0
210.3731421720924	308.0
210.38314279683914	312.0
210.39314342158585	308.0
210.40314404633259	308.0
210.41314467107932	305.0
210.42314529582603	301.0
210.43314592057277	294.0
210.44314654531948	291.0
210.45314717006622	288.0
210.46314779481293	281.0
210.47314841955966	278.0
210.48314904430637	272.0
210.4931496690531	265.0
210.50315029379982	259.0
210.51315091854656	256.0
210.52315154329327	253.0
210.53315216804	250.0
210.5431527927867	248.0
210.55315341753345	242.0
210.56315404228016	239.0
210.5731546670269	236.0
210.58315529177364	234.0
210.59315591652035	228.0
210.60315654126708	226.0
210.6131571660138	226.0
210.62315779076053	223.0
210.63315841550724	220.0
210.64315904025398	218.0
210.6531596650007	215.0
210.66316028974742	215.0
210.67316091449413	213.0
210.68316153924087	213.0
210.69316216398758	213.0
210.70316278873432	213.0
210.71316341348103	215.0
210.72316403822776	218.0
210.73316466297447	223.0
210.7431652877212	226.0
210.75316591246795	231.0
210.76316653721466	236.0
210.7731671619614	239.0
210.7831677867081	245.0
210.79316841145484	245.0
210.80316903620155	245.0
210.8131696609483	242.0
210.823170285695	239.0
210.83317091044174	234.0
210.84317153518845	231.0
210.85317215993518	228.0
210.8631727846819	226.0
210.87317340942863	223.0
210.88317403417534	223.0
210.89317465892208	226.0
210.9031752836688	231.0
210.91317590841552	236.0
210.92317653316226	245.0
210.93317715790897	253.0
210.9431777826557	265.0
210.95317840740242	278.0
210.96317903214916	284.0
210.97317965689587	294.0
210.9831802816426	301.0
210.9931809063893	301.0
211.00318153113605	301.0
211.01318215588276	301.0
211.0231827806295	298.0
211.0331834053762	294.0
211.04318403012294	294.0
211.05318465486965	294.0
211.0631852796164	291.0
211.0731859043631	291.0
211.08318652910984	288.0
211.09318715385658	284.0
211.10318777860329	284.0
211.11318840335002	281.0
211.12318902809673	281.0
211.13318965284347	278.0
211.14319027759018	275.0
211.15319090233692	278.0
211.16319152708363	281.0
211.17319215183036	284.0
211.18319277657707	291.0
211.1931934013238	298.0
211.20319402607052	301.0
211.21319465081726	305.0
211.22319527556397	305.0
211.2331959003107	305.0
211.2431965250574	305.0
211.25319714980415	301.0
211.2631977745509	298.0
211.2731983992976	291.0
211.28319902404434	288.0
211.29319964879105	288.0
211.30320027353778	288.0
211.3132008982845	291.0
211.32320152303123	291.0
211.33320214777794	298.0
211.34320277252468	301.0
211.3532033972714	312.0
211.36320402201812	323.0
211.37320464676483	334.0
211.38320527151157	342.0
211.39320589625828	346.0
211.40320652100502	342.0
211.41320714575173	334.0
211.42320777049846	327.0
211.4332083952452	316.0
211.4432090199919	308.0
211.45320964473865	305.0
211.46321026948536	301.0
211.4732108942321	305.0
211.4832115189788	308.0
211.49321214372554	308.0
211.50321276847225	312.0
211.513213393219	312.0
211.5232140179657	312.0
211.53321464271244	308.0
211.54321526745915	301.0
211.55321589220588	294.0
211.5632165169526	288.0
211.57321714169933	284.0
211.58321776644604	288.0
211.59321839119278	288.0
211.60321901593952	291.0
211.61321964068622	298.0
211.62322026543296	305.0
211.63322089017967	308.0
211.6432215149264	308.0
211.65322213967312	298.0
211.66322276441986	281.0
211.67322338916657	259.0
211.6832240139133	239.0
211.69322463866	228.0
211.70322526340675	226.0
211.71322588815346	228.0
211.7232265129002	236.0
211.7332271376469	242.0
211.74322776239364	248.0
211.75322838714035	248.0
211.7632290118871	245.0
211.77322963663383	236.0
211.78323026138054	226.0
211.79323088612728	218.0
211.80323151087399	213.0
211.81323213562072	213.0
211.82323276036743	215.0
211.83323338511417	218.0
211.84323400986088	223.0
211.85323463460762	226.0
211.86323525935433	228.0
211.87323588410106	228.0
211.88323650884777	223.0
211.8932371335945	218.0
211.90323775834122	210.0
211.91323838308796	206.0
211.92323900783467	206.0
211.9332396325814	208.0
211.94324025732814	210.0
211.95324088207485	215.0
211.9632415068216	220.0
211.9732421315683	223.0
211.98324275631504	223.0
211.99324338106175	223.0
212.00324400580848	220.0
212.0132446305552	215.0
212.02324525530193	213.0
212.03324588004864	210.0
212.04324650479538	208.0
212.0532471295421	210.0
212.06324775428882	215.0
212.07324837903553	220.0
212.08324900378227	226.0
212.09324962852898	231.0
212.10325025327572	239.0
212.11325087802246	245.0
212.12325150276916	248.0
212.1332521275159	250.0
212.1432527522626	248.0
212.15325337700935	239.0
212.16325400175606	231.0
212.1732546265028	228.0
212.1832552512495	226.0
212.19325587599624	228.0
212.20325650074295	234.0
212.2132571254897	242.0
212.2232577502364	250.0
212.23325837498314	259.0
212.24325899972985	272.0
212.25325962447658	284.0
212.2632602492233	294.0
212.27326087397003	298.0
212.28326149871674	294.0
212.29326212346348	291.0
212.30326274821022	288.0
212.31326337295692	284.0
212.32326399770366	284.0
212.33326462245037	288.0
212.3432652471971	291.0
212.35326587194382	298.0
212.36326649669056	301.0
212.37326712143727	305.0
212.383267746184	305.0
212.3932683709307	301.0
212.40326899567745	301.0
212.41326962042416	301.0
212.4232702451709	301.0
212.4332708699176	305.0
212.44327149466434	308.0
212.45327211941105	312.0
212.4632727441578	312.0
212.47327336890453	312.0
212.48327399365124	312.0
212.49327461839798	308.0
212.50327524314469	301.0
212.51327586789142	298.0
212.52327649263813	294.0
212.53327711738487	294.0
212.54327774213158	294.0
212.55327836687832	294.0
212.56327899162503	298.0
212.57327961637176	301.0
212.58328024111847	301.0
212.5932808658652	301.0
212.60328149061192	301.0
212.61328211535866	301.0
212.62328274010537	301.0
212.6332833648521	301.0
212.64328398959884	298.0
212.65328461434555	298.0
212.6632852390923	294.0
212.673285863839	291.0
212.68328648858574	288.0
212.69328711333245	288.0
212.70328773807918	288.0
212.7132883628259	291.0
212.72328898757263	294.0
212.73328961231934	301.0
212.74329023706608	305.0
212.7532908618128	312.0
212.76329148655952	316.0
212.77329211130623	316.0
212.78329273605297	316.0
212.79329336079968	312.0
212.80329398554642	308.0
212.81329461029316	305.0
212.82329523503986	301.0
212.8332958597866	305.0
212.8432964845333	308.0
212.85329710928005	316.0
212.86329773402676	323.0
212.8732983587735	331.0
212.8832989835202	338.0
212.89329960826694	342.0
212.90330023301365	346.0
212.9133008577604	346.0
212.9233014825071	346.0
212.93330210725384	342.0
212.94330273200055	338.0
212.95330335674728	334.0
212.963303981494	331.0
212.97330460624073	327.0
212.98330523098747	323.0
212.99330585573418	319.0
213.00330648048092	319.0
213.01330710522763	319.0
213.02330772997436	323.0
213.03330835472107	327.0
213.0433089794678	327.0
213.05330960421452	331.0
213.06331022896126	331.0
213.07331085370797	331.0
213.0833114784547	331.0
213.0933121032014	331.0
213.10331272794815	327.0
213.11331335269486	327.0
213.1233139774416	327.0
213.1333146021883	327.0
213.14331522693504	331.0
213.15331585168178	331.0
213.1633164764285	331.0
213.17331710117523	331.0
213.18331772592194	334.0
213.19331835066868	334.0
213.20331897541539	338.0
213.21331960016212	346.0
213.22332022490883	354.0
213.23332084965557	363.0
213.24332147440228	375.0
213.25332209914902	380.0
213.26332272389573	380.0
213.27332334864246	375.0
213.28332397338917	363.0
213.2933245981359	350.0
213.30332522288262	334.0
213.31332584762936	323.0
213.3233264723761	316.0
213.3333270971228	308.0
213.34332772186954	308.0
213.35332834661625	305.0
213.363328971363	308.0
213.3733295961097	312.0
213.38333022085644	316.0
213.39333084560315	316.0
213.40333147034988	312.0
213.4133320950966	308.0
213.42333271984333	301.0
213.43333334459004	301.0
213.44333396933678	298.0
213.4533345940835	298.0
213.46333521883022	298.0
213.47333584357693	305.0
213.48333646832367	0.0
213.4933370930704	0.0
213.50333771781712	0.0
213.51333834256386	0.0
213.52333896731056	0.0
213.5333395920573	0.0
213.543340216804	0.0
213.55334084155075	0.0
213.56334146629746	0.0
213.5733420910442	0.0
213.5833427157909	0.0
213.59334334053764	0.0
213.60334396528435	0.0
213.6133445900311	0.0
213.6233452147778	0.0
213.63334583952454	0.0
213.64334646427125	0.0
213.65334708901798	0.0
213.66334771376472	0.0
213.67334833851143	0.0
213.68334896325817	0.0
213.69334958800488	0.0
213.70335021275162	0.0
213.71335083749833	0.0
213.72335146224506	0.0
213.73335208699177	0.0
213.7433527117385	0.0
213.75335333648522	0.0
213.76335396123196	0.0
213.77335458597867	0.0
213.7833552107254	0.0
213.7933558354721	0.0
213.80335646021885	0.0
213.81335708496556	0.0
213.8233577097123	0.0
213.83335833445904	0.0
213.84335895920574	0.0
213.85335958395248	0.0
213.8633602086992	0.0
213.87336083344593	0.0
213.88336145819264	0.0
213.89336208293938	0.0
213.90336270768609	0.0
213.91336333243282	0.0
213.92336395717953	0.0
213.93336458192627	0.0
213.94336520667298	0.0
213.95336583141972	0.0
213.96336645616643	0.0
213.97336708091316	0.0
213.98336770565987	0.0
213.9933683304066	0.0
214.00336895515335	0.0
214.01336957990006	0.0
214.0233702046468	0.0
214.0333708293935	0.0
214.04337145414024	0.0
214.05337207888695	0.0
214.0633727036337	0.0
214.0733733283804	0.0
214.08337395312714	0.0
214.09337457787385	0.0
214.10337520262058	0.0
214.1133758273673	0.0
214.12337645211403	0.0
214.13337707686074	0.0
214.14337770160748	0.0
214.1533783263542	0.0
214.16337895110092	0.0
214.17337957584766	0.0
214.18338020059437	0.0
214.1933808253411	0.0
214.20338145008782	0.0
214.21338207483456	0.0
214.22338269958126	0.0
214.233383324328	0.0
214.2433839490747	0.0
214.25338457382145	0.0
214.26338519856816	0.0
214.2733858233149	0.0
214.2833864480616	0.0
214.29338707280834	0.0
214.30338769755505	0.0
214.3133883223018	0.0
214.3233889470485	0.0
214.33338957179524	0.0
214.34339019654195	0.0
214.35339082128868	0.0
214.36339144603542	0.0
214.37339207078213	0.0
214.38339269552887	0.0
214.39339332027558	0.0
214.40339394502232	0.0
214.41339456976903	0.0
214.42339519451576	0.0
214.43339581926247	0.0
214.4433964440092	0.0
214.45339706875592	0.0
214.46339769350266	0.0
214.47339831824937	0.0
214.4833989429961	0.0
214.4933995677428	0.0
214.50340019248955	0.0
214.51340081723626	0.0
214.523401441983	0.0
214.53340206672974	0.0
214.54340269147644	0.0
214.55340331622318	0.0
214.5634039409699	0.0
214.57340456571663	0.0
214.58340519046334	0.0
214.59340581521008	0.0
214.60340643995679	0.0
214.61340706470352	0.0
214.62340768945023	0.0
214.63340831419697	0.0
214.64340893894368	0.0
214.65340956369042	0.0
214.66341018843713	0.0
214.67341081318386	0.0
214.68341143793057	0.0
214.6934120626773	0.0
214.70341268742405	0.0
214.71341331217076	0.0
214.7234139369175	0.0
214.7334145616642	0.0
214.74341518641094	0.0
214.75341581115765	0.0
214.7634164359044	0.0
214.7734170606511	0.0
214.78341768539784	0.0
214.79341831014455	0.0
214.80341893489128	0.0
214.813419559638	0.0
214.82342018438473	0.0
214.83342080913144	0.0
214.84342143387818	0.0
214.8534220586249	0.0
214.86342268337162	0.0
214.87342330811836	0.0
214.88342393286507	0.0
214.8934245576118	0.0
214.90342518235852	0.0
214.91342580710526	0.0
214.92342643185196	0.0
214.9334270565987	0.0
214.9434276813454	0.0
214.95342830609215	0.0
214.96342893083886	0.0
214.9734295555856	0.0
214.9834301803323	0.0
214.99343080507904	0.0
215.00343142982575	0.0
215.0134320545725	0.0
215.0234326793192	0.0
215.03343330406594	0.0
215.04343392881268	0.0
215.05343455355938	0.0
215.06343517830612	0.0
215.07343580305283	0.0
215.08343642779957	0.0
215.09343705254628	0.0
215.10343767729302	0.0
215.11343830203973	0.0
215.12343892678646	0.0
215.13343955153317	0.0
215.1434401762799	0.0
215.15344080102662	0.0
215.16344142577336	0.0
215.17344205052007	0.0
215.1834426752668	0.0
215.1934433000135	0.0
215.20344392476025	0.0
215.213444549507	0.0
215.2234451742537	0.0
215.23344579900044	0.0
215.24344642374714	0.0
215.25344704849388	0.0
215.2634476732406	0.0
215.27344829798733	0.0
215.28344892273404	0.0
215.29344954748078	0.0
215.30345017222749	0.0
215.31345079697422	0.0
215.32345142172093	0.0
215.33345204646767	0.0
215.34345267121438	0.0
215.35345329596112	0.0
215.36345392070783	0.0
215.37345454545456	0.0
215.3834551702013	0.0
215.393455794948	0.0
215.40345641969475	0.0
215.41345704444146	0.0
215.4234576691882	0.0
215.4334582939349	0.0
215.44345891868164	0.0
215.45345954342835	0.0
215.4634601681751	0.0
215.4734607929218	0.0
215.48346141766854	0.0
215.49346204241525	0.0
215.50346266716198	0.0
215.5134632919087	0.0
215.52346391665543	0.0
215.53346454140214	0.0
215.54346516614888	0.0
215.55346579089561	0.0
215.56346641564232	0.0
215.57346704038906	0.0
215.58346766513577	0.0
215.5934682898825	0.0
215.60346891462922	0.0
215.61346953937596	0.0
215.62347016412266	0.0
215.6334707888694	0.0
215.6434714136161	0.0
215.65347203836285	0.0
215.66347266310956	0.0
215.6734732878563	0.0
215.683473912603	0.0
215.69347453734974	0.0
215.70347516209645	0.0
215.7134757868432	0.0
215.72347641158993	0.0
215.73347703633664	0.0
215.74347766108338	0.0
215.75347828583008	0.0
215.76347891057682	0.0
215.77347953532353	0.0
215.78348016007027	0.0
215.79348078481698	0.0
215.80348140956372	0.0
215.81348203431043	0.0
215.82348265905716	0.0
215.83348328380387	0.0
215.8434839085506	0.0
215.85348453329732	0.0
215.86348515804406	0.0
215.87348578279077	0.0
215.8834864075375	0.0
215.89348703228424	0.0
215.90348765703095	0.0
215.9134882817777	0.0
215.9234889065244	0.0
215.93348953127114	0.0
215.94349015601784	0.0
215.95349078076458	0.0
215.9634914055113	0.0
215.97349203025803	0.0
215.98349265500474	0.0
215.99349327975148	0.0
216.00349390449819	0.0
216.01349452924492	0.0
216.02349515399163	0.0
216.03349577873837	0.0
216.04349640348508	0.0
216.05349702823182	0.0
216.06349765297855	0.0
216.07349827772526	0.0
216.083498902472	0.0
216.0934995272187	0.0
216.10350015196545	0.0
216.11350077671216	0.0
216.1235014014589	0.0
216.1335020262056	0.0
216.14350265095234	0.0
216.15350327569905	0.0
216.1635039004458	0.0
216.1735045251925	0.0
216.18350514993924	0.0
216.19350577468595	0.0
216.20350639943268	0.0
216.2135070241794	0.0
216.22350764892613	0.0
216.23350827367284	0.0
216.24350889841958	0.0
216.25350952316631	0.0
216.26351014791302	0.0
216.27351077265976	0.0
216.28351139740647	0.0
216.2935120221532	0.0
216.30351264689992	0.0
216.31351327164666	0.0
216.32351389639337	0.0
216.3335145211401	0.0
216.3435151458868	0.0
216.35351577063355	0.0
216.36351639538026	0.0
216.373517020127	0.0
216.3835176448737	0.0
216.39351826962044	0.0
216.40351889436715	0.0
216.4135195191139	0.0
216.42352014386063	0.0
216.43352076860734	0.0
216.44352139335408	0.0
216.45352201810078	0.0
216.46352264284752	0.0
216.47352326759423	0.0
216.48352389234097	0.0
216.49352451708768	0.0
216.50352514183442	284.0
216.51352576658113	284.0
216.52352639132786	288.0
216.53352701607457	291.0
216.5435276408213	305.0
216.55352826556802	319.0
216.56352889031476	334.0
216.57352951506147	346.0
216.5835301398082	354.0
216.59353076455494	358.0
216.60353138930165	354.0
216.6135320140484	346.0
216.6235326387951	338.0
216.63353326354184	327.0
216.64353388828854	308.0
216.65353451303528	298.0
216.663535137782	291.0
216.67353576252873	291.0
216.68353638727544	294.0
216.69353701202218	298.0
216.70353763676889	301.0
216.71353826151562	308.0
216.72353888626233	312.0
216.73353951100907	312.0
216.74354013575578	316.0
216.75354076050252	312.0
216.76354138524925	308.0
216.77354200999596	301.0
216.7835426347427	294.0
216.7935432594894	294.0
216.80354388423615	291.0
216.81354450898286	291.0
216.8235451337296	291.0
216.8335457584763	291.0
216.84354638322304	294.0
216.85354700796975	294.0
216.8635476327165	294.0
216.8735482574632	294.0
216.88354888220994	294.0
216.89354950695665	294.0
216.90355013170338	294.0
216.9135507564501	294.0
216.92355138119683	291.0
216.93355200594357	288.0
216.94355263069028	284.0
216.95355325543701	281.0
216.96355388018372	281.0
216.97355450493046	281.0
216.98355512967717	278.0
216.9935557544239	278.0
217.00355637917062	278.0
217.01355700391736	281.0
217.02355762866407	288.0
217.0335582534108	291.0
217.0435588781575	291.0
217.05355950290425	294.0
217.06356012765096	291.0
217.0735607523977	288.0
217.0835613771444	288.0
217.09356200189114	288.0
217.10356262663788	0.0
217.1135632513846	0.0
217.12356387613133	0.0
217.13356450087804	298.0
217.14356512562478	298.0
217.15356575037148	294.0
217.16356637511822	294.0
217.17356699986493	294.0
217.18356762461167	294.0
217.19356824935838	294.0
217.20356887410512	298.0
217.21356949885183	298.0
217.22357012359856	298.0
217.23357074834527	298.0
217.243571373092	0.0
217.25357199783872	0.0
217.26357262258546	0.0
217.2735732473322	0.0
217.2835738720789	0.0
217.29357449682564	0.0
217.30357512157235	0.0
217.3135757463191	0.0
217.3235763710658	0.0
217.33357699581254	0.0
217.34357762055924	0.0
217.35357824530598	0.0
217.3635788700527	0.0
217.37357949479943	0.0
217.38358011954614	0.0
217.39358074429288	0.0
217.40358136903959	0.0
217.41358199378632	0.0
217.42358261853303	0.0
217.43358324327977	0.0
217.4435838680265	0.0
217.45358449277322	0.0
217.46358511751995	0.0
217.47358574226666	0.0
217.4835863670134	0.0
217.4935869917601	0.0
217.50358761650685	0.0
217.51358824125356	0.0
217.5235888660003	0.0
217.533589490747	0.0
217.54359011549374	0.0
217.55359074024045	0.0
217.5635913649872	0.0
217.5735919897339	0.0
217.58359261448064	0.0
217.59359323922735	0.0
217.60359386397408	0.0
217.61359448872082	0.0
217.62359511346753	0.0
217.63359573821427	0.0
217.64359636296098	0.0
217.65359698770772	0.0
217.66359761245442	0.0
217.67359823720116	0.0
217.68359886194787	0.0
217.6935994866946	0.0
217.70360011144132	0.0
217.71360073618806	0.0
217.72360136093477	0.0
217.7336019856815	0.0
217.7436026104282	0.0
217.75360323517495	0.0
217.76360385992166	0.0
217.7736044846684	0.0
217.78360510941513	0.0
217.79360573416184	0.0
217.80360635890858	0.0
217.8136069836553	0.0
217.82360760840203	0.0
217.83360823314874	0.0
217.84360885789548	0.0
217.85360948264218	0.0
217.86361010738892	0.0
217.87361073213563	0.0
217.88361135688237	0.0
217.89361198162908	0.0
217.90361260637582	0.0
217.91361323112253	0.0
217.92361385586926	0.0
217.93361448061597	0.0
217.9436151053627	0.0
217.95361573010945	0.0
217.96361635485616	0.0
217.9736169796029	0.0
217.9836176043496	0.0
217.99361822909634	0.0
218.00361885384305	0.0
218.0136194785898	0.0
218.0236201033365	0.0
218.03362072808324	0.0
218.04362135282994	0.0
218.05362197757668	0.0
218.0636226023234	0.0
218.07362322707013	0.0
218.08362385181684	0.0
218.09362447656358	0.0
218.10362510131029	0.0
218.11362572605702	0.0
218.12362635080376	0.0
218.13362697555047	0.0
218.1436276002972	0.0
218.15362822504392	0.0
218.16362884979065	239.0
218.17362947453736	245.0
218.1836300992841	250.0
218.1936307240308	256.0
218.20363134877755	262.0
218.21363197352426	265.0
218.223632598271	272.0
218.2336332230177	278.0
218.24363384776444	284.0
218.25363447251115	284.0
218.2636350972579	288.0
218.2736357220046	288.0
218.28363634675134	288.0
218.29363697149805	288.0
218.30363759624478	288.0
218.31363822099152	288.0
218.32363884573823	288.0
218.33363947048497	288.0
218.34364009523168	291.0
218.35364071997842	291.0
218.36364134472512	294.0
218.37364196947186	294.0
218.38364259421857	298.0
218.3936432189653	298.0
218.40364384371202	298.0
218.41364446845876	298.0
218.42364509320547	298.0
218.4336457179522	298.0
218.4436463426989	301.0
218.45364696744565	301.0
218.46364759219236	298.0
218.4736482169391	298.0
218.48364884168583	294.0
218.49364946643254	294.0
218.50365009117928	294.0
218.513650715926	294.0
218.52365134067273	294.0
218.53365196541944	298.0
218.54365259016618	298.0
218.55365321491288	298.0
218.56365383965962	298.0
218.57365446440633	294.0
218.58365508915307	294.0
218.59365571389978	294.0
218.60365633864652	294.0
218.61365696339323	294.0
218.62365758813996	294.0
218.63365821288667	294.0
218.6436588376334	294.0
218.65365946238015	294.0
218.66366008712686	294.0
218.6736607118736	294.0
218.6836613366203	294.0
218.69366196136704	294.0
218.70366258611375	294.0
218.7136632108605	294.0
218.7236638356072	294.0
218.73366446035394	298.0
218.74366508510064	298.0
218.75366570984738	298.0
218.7636663345941	294.0
218.77366695934083	294.0
218.78366758408754	294.0
218.79366820883428	291.0
218.80366883358099	288.0
218.81366945832772	288.0
218.82367008307446	284.0
218.83367070782117	281.0
218.8436713325679	281.0
218.85367195731462	284.0
218.86367258206135	288.0
218.87367320680806	291.0
218.8836738315548	294.0
218.8936744563015	294.0
218.90367508104825	294.0
218.91367570579496	294.0
218.9236763305417	294.0
218.9336769552884	294.0
218.94367758003514	291.0
218.95367820478185	288.0
218.9636788295286	284.0
218.9736794542753	281.0
218.98368007902204	281.0
218.99368070376877	284.0
219.00368132851548	288.0
219.01368195326222	294.0
219.02368257800893	308.0
219.03368320275567	323.0
219.04368382750238	338.0
219.05368445224912	350.0
219.06368507699582	354.0
219.07368570174256	354.0
219.08368632648927	346.0
219.093686951236	334.0
219.10368757598272	323.0
219.11368820072946	308.0
219.12368882547617	294.0
219.1336894502229	291.0
219.1436900749696	288.0
219.15369069971635	291.0
219.1636913244631	301.0
219.1736919492098	308.0
219.18369257395653	312.0
219.19369319870324	312.0
219.20369382344998	312.0
219.2136944481967	312.0
219.22369507294343	305.0
219.23369569769014	301.0
219.24369632243688	294.0
219.25369694718358	291.0
219.26369757193032	291.0
219.27369819667703	294.0
219.28369882142377	294.0
219.29369944617048	294.0
219.30370007091722	298.0
219.31370069566393	298.0
219.32370132041066	298.0
219.3337019451574	298.0
219.3437025699041	298.0
219.35370319465085	294.0
219.36370381939756	294.0
219.3737044441443	291.0
219.383705068891	291.0
219.39370569363774	288.0
219.40370631838445	288.0
219.4137069431312	288.0
219.4237075678779	291.0
219.43370819262464	294.0
219.44370881737134	298.0
219.45370944211808	301.0
219.4637100668648	305.0
219.47371069161153	305.0
219.48371131635824	301.0
219.49371194110498	298.0
219.5037125658517	291.0
219.51371319059842	284.0
219.52371381534516	278.0
219.53371444009187	278.0
219.5437150648386	278.0
219.55371568958532	281.0
219.56371631433205	284.0
219.57371693907876	288.0
219.5837175638255	291.0
219.5937181885722	294.0
219.60371881331895	294.0
219.61371943806566	298.0
219.6237200628124	298.0
219.6337206875591	298.0
219.64372131230584	294.0
219.65372193705255	294.0
219.6637225617993	291.0
219.67372318654603	288.0
219.68372381129274	284.0
219.69372443603947	284.0
219.70372506078618	284.0
219.71372568553292	288.0
219.72372631027963	288.0
219.73372693502637	291.0
219.74372755977308	298.0
219.75372818451982	305.0
219.76372880926652	312.0
219.77372943401326	316.0
219.78373005875997	316.0
219.7937306835067	312.0
219.80373130825342	308.0
219.81373193300016	301.0
219.82373255774687	291.0
219.8337331824936	288.0
219.84373380724034	288.0
219.85373443198705	294.0
219.8637350567338	301.0
219.8737356814805	319.0
219.88373630622723	334.0
219.89373693097394	350.0
219.90373755572068	363.0
219.9137381804674	371.0
219.92373880521413	371.0
219.93373942996084	363.0
219.94374005470758	350.0
219.95374067945428	338.0
219.96374130420102	323.0
219.97374192894773	308.0
219.98374255369447	301.0
219.99374317844118	301.0
220.00374380318792	308.0
220.01374442793465	312.0
220.02374505268136	319.0
220.0337456774281	323.0
220.0437463021748	323.0
220.05374692692155	323.0
220.06374755166826	319.0
220.073748176415	312.0
220.0837488011617	305.0
220.09374942590844	294.0
220.10375005065515	291.0
220.1137506754019	291.0
220.1237513001486	291.0
220.13375192489534	291.0
220.14375254964204	294.0
220.15375317438878	294.0
220.1637537991355	294.0
220.17375442388223	291.0
220.18375504862894	291.0
220.19375567337568	291.0
220.2037562981224	291.0
220.21375692286912	291.0
220.22375754761586	291.0
220.23375817236257	291.0
220.2437587971093	288.0
220.25375942185602	288.0
220.26376004660275	284.0
220.27376067134946	281.0
220.2837612960962	278.0
220.2937619208429	278.0
220.30376254558965	278.0
220.31376317033636	281.0
220.3237637950831	288.0
220.3337644198298	291.0
220.34376504457654	294.0
220.35376566932325	294.0
220.36376629407	291.0
220.37376691881673	288.0
220.38376754356344	284.0
220.39376816831017	288.0
220.40376879305688	301.0
220.41376941780362	308.0
220.42377004255033	312.0
220.43377066729707	312.0
220.44377129204378	305.0
220.45377191679052	301.0
220.46377254153722	298.0
220.47377316628396	294.0
220.48377379103067	294.0
220.4937744157774	291.0
220.50377504052412	291.0
220.51377566527086	291.0
220.52377629001757	308.0
220.5337769147643	319.0
220.54377753951104	342.0
220.55377816425775	358.0
220.5637787890045	367.0
220.5737794137512	371.0
220.58378003849793	0.0
220.59378066324464	354.0
220.60378128799138	346.0
220.6137819127381	331.0
220.62378253748483	319.0
220.63378316223154	0.0
220.64378378697828	0.0
220.65378441172498	0.0
220.66378503647172	0.0
220.67378566121843	0.0
220.68378628596517	0.0
220.69378691071188	0.0
220.70378753545862	0.0
220.71378816020535	0.0
220.72378878495206	0.0
220.7337894096988	0.0
220.7437900344455	0.0
220.75379065919225	0.0
220.76379128393896	0.0
220.7737919086857	0.0
220.7837925334324	0.0
220.79379315817914	0.0
220.80379378292585	0.0
220.8137944076726	0.0
220.8237950324193	0.0
220.83379565716604	0.0
220.84379628191274	0.0
220.85379690665948	0.0
220.8637975314062	0.0
220.87379815615293	0.0
220.88379878089967	0.0
220.89379940564638	0.0
220.9038000303931	0.0
220.91380065513982	0.0
220.92380127988656	0.0
220.93380190463327	0.0
220.94380252938	0.0
220.95380315412672	0.0
220.96380377887346	0.0
220.97380440362016	0.0
220.9838050283669	0.0
220.9938056531136	0.0
221.00380627786035	0.0
221.01380690260706	0.0
221.0238075273538	0.0
221.0338081521005	0.0
221.04380877684724	0.0
221.05380940159398	0.0
221.0638100263407	0.0
221.07381065108743	0.0
221.08381127583414	0.0
221.09381190058087	0.0
221.10381252532758	0.0
221.11381315007432	0.0
221.12381377482103	0.0
221.13381439956777	0.0
221.14381502431448	0.0
221.15381564906122	0.0
221.16381627380792	0.0
221.17381689855466	0.0
221.18381752330137	0.0
221.1938181480481	0.0
221.20381877279482	0.0
221.21381939754156	0.0
221.2238200222883	0.0
221.233820647035	0.0
221.24382127178174	0.0
221.25382189652845	0.0
221.2638225212752	0.0
221.2738231460219	0.0
221.28382377076863	0.0
221.29382439551534	0.0
221.30382502026208	0.0
221.3138256450088	0.0
221.32382626975553	171.0
221.33382689450224	171.0
221.34382751924898	173.0
221.35382814399568	175.0
221.36382876874242	175.0
221.37382939348913	175.0
221.38383001823587	175.0
221.3938306429826	173.0
221.40383126772932	171.0
221.41383189247605	167.0
221.42383251722276	165.0
221.4338331419695	161.0
221.4438337667162	158.0
221.45383439146295	154.0
221.46383501620966	152.0
221.4738356409564	150.0
221.4838362657031	147.0
221.49383689044984	145.0
221.50383751519655	144.0
221.5138381399433	142.0
221.52383876469	140.0
221.53383938943674	137.0
221.54384001418344	136.0
221.55384063893018	134.0
221.56384126367692	131.0
221.57384188842363	129.0
221.58384251317037	126.0
221.59384313791708	122.0
221.60384376266381	119.0
221.61384438741052	0.0
221.62384501215726	0.0
221.63384563690397	0.0
221.6438462616507	0.0
221.65384688639742	0.0
221.66384751114416	0.0
221.67384813589086	0.0
221.6838487606376	0.0
221.6938493853843	0.0
221.70385001013105	0.0
221.71385063487776	0.0
221.7238512596245	0.0
221.73385188437123	0.0
221.74385250911794	0.0
221.75385313386468	0.0
221.7638537586114	0.0
221.77385438335813	0.0
221.78385500810484	0.0
221.79385563285157	0.0
221.80385625759828	0.0
221.81385688234502	0.0
221.82385750709173	0.0
221.83385813183847	0.0
221.84385875658518	0.0
221.85385938133192	0.0
221.86386000607862	0.0
221.87386063082536	0.0
221.88386125557207	245.0
221.8938618803188	250.0
221.90386250506555	253.0
221.91386312981226	256.0
221.923863754559	265.0
221.9338643793057	272.0
221.94386500405244	281.0
221.95386562879915	284.0
221.9638662535459	288.0
221.9738668782926	288.0
221.98386750303933	288.0
221.99386812778604	288.0
222.00386875253278	288.0
222.0138693772795	291.0
222.02387000202623	291.0
222.03387062677294	294.0
222.04387125151968	294.0
222.05387187626638	294.0
222.06387250101312	294.0
222.07387312575986	294.0
222.08387375050657	294.0
222.0938743752533	294.0
222.10387500000002	294.0
222.11387562474675	294.0
222.12387624949346	294.0
222.1338768742402	294.0
222.1438774989869	294.0
222.15387812373365	294.0
222.16387874848036	298.0
222.1738793732271	298.0
222.1838799979738	298.0
222.19388062272054	298.0
222.20388124746725	298.0
222.213881872214	294.0
222.2238824969607	294.0
222.23388312170744	294.0
222.24388374645415	294.0
222.25388437120088	294.0
222.26388499594762	294.0
222.27388562069433	294.0
222.28388624544107	294.0
222.29388687018778	294.0
222.30388749493451	294.0
222.31388811968122	294.0
222.32388874442796	294.0
222.33388936917467	294.0
222.3438899939214	294.0
222.35389061866812	294.0
222.36389124341486	298.0
222.37389186816156	298.0
222.3838924929083	298.0
222.393893117655	298.0
222.40389374240175	298.0
222.41389436714846	298.0
222.4238949918952	298.0
222.43389561664193	298.0
222.44389624138864	294.0
222.45389686613538	294.0
222.4638974908821	291.0
222.47389811562883	288.0
222.48389874037554	288.0
222.49389936512227	284.0
222.50389998986898	284.0
222.51390061461572	284.0
222.52390123936243	284.0
222.53390186410917	288.0
222.54390248885588	291.0
222.55390311360262	294.0
222.56390373834932	298.0
222.57390436309606	298.0
222.58390498784277	298.0
222.5939056125895	298.0
222.60390623733625	294.0
222.61390686208296	288.0
222.6239074868297	284.0
222.6339081115764	281.0
222.64390873632314	284.0
222.65390936106985	288.0
222.6639099858166	294.0
222.6739106105633	319.0
222.68391123531003	338.0
222.69391186005674	358.0
222.70391248480348	375.0
222.7139131095502	380.0
222.72391373429693	380.0
222.73391435904364	375.0
222.74391498379038	367.0
222.75391560853708	346.0
222.76391623328382	323.0
222.77391685803056	301.0
222.78391748277727	291.0
222.793918107524	288.0
222.80391873227072	291.0
222.81391935701745	298.0
222.82391998176416	305.0
222.8339206065109	312.0
222.8439212312576	316.0
222.85392185600435	316.0
222.86392248075106	312.0
222.8739231054978	308.0
222.8839237302445	301.0
222.89392435499124	294.0
222.90392497973795	291.0
222.9139256044847	288.0
222.9239262292314	288.0
222.93392685397814	288.0
222.94392747872487	291.0
222.95392810347158	291.0
222.96392872821832	294.0
222.97392935296503	294.0
222.98392997771177	298.0
222.99393060245848	298.0
223.00393122720521	294.0
223.01393185195192	294.0
223.02393247669866	291.0
223.03393310144537	291.0
223.0439337261921	288.0
223.05393435093882	288.0
223.06393497568556	288.0
223.07393560043226	291.0
223.083936225179	294.0
223.0939368499257	298.0
223.10393747467245	301.0
223.1139380994192	301.0
223.1239387241659	301.0
223.13393934891263	298.0
223.14393997365934	291.0
223.15394059840608	284.0
223.1639412231528	281.0
223.17394184789953	278.0
223.18394247264624	278.0
223.19394309739297	281.0
223.20394372213968	284.0
223.21394434688642	291.0
223.22394497163313	294.0
223.23394559637987	298.0
223.24394622112658	298.0
223.25394684587332	301.0
223.26394747062002	301.0
223.27394809536676	301.0
223.2839487201135	298.0
223.2939493448602	294.0
223.30394996960695	291.0
223.31395059435366	288.0
223.3239512191004	288.0
223.3339518438471	284.0
223.34395246859384	288.0
223.35395309334055	288.0
223.3639537180873	291.0
223.373954342834	294.0
223.38395496758073	298.0
223.39395559232744	305.0
223.40395621707418	308.0
223.4139568418209	312.0
223.42395746656763	316.0
223.43395809131434	316.0
223.44395871606108	312.0
223.4539593408078	305.0
223.46395996555452	298.0
223.47396059030126	294.0
223.48396121504797	291.0
223.4939618397947	291.0
223.50396246454142	294.0
223.51396308928815	305.0
223.52396371403486	319.0
223.5339643387816	338.0
223.5439649635283	350.0
223.55396558827505	367.0
223.56396621302176	375.0
223.5739668377685	375.0
223.5839674625152	371.0
223.59396808726194	354.0
223.60396871200865	334.0
223.6139693367554	323.0
223.62396996150213	308.0
223.63397058624884	298.0
223.64397121099557	298.0
223.65397183574228	298.0
223.66397246048902	301.0
223.67397308523573	316.0
223.68397370998247	323.0
223.69397433472918	327.0
223.70397495947591	327.0
223.71397558422262	319.0
223.72397620896936	312.0
223.73397683371607	291.0
223.7439774584628	288.0
223.75397808320952	284.0
223.76397870795626	284.0
223.77397933270296	288.0
223.7839799574497	294.0
223.79398058219644	294.0
223.80398120694315	298.0
223.8139818316899	298.0
223.8239824564366	301.0
223.83398308118333	298.0
223.84398370593004	298.0
223.85398433067678	294.0
223.8639849554235	291.0
223.87398558017023	291.0
223.88398620491694	288.0
223.89398682966367	284.0
223.90398745441038	281.0
223.91398807915712	281.0
223.92398870390383	281.0
223.93398932865057	284.0
223.94398995339728	294.0
223.95399057814402	301.0
223.96399120289075	305.0
223.97399182763746	308.0
223.9839924523842	308.0
223.9939930771309	305.0
224.00399370187765	298.0
224.01399432662436	294.0
224.0239949513711	291.0
224.0339955761178	288.0
224.04399620086454	288.0
224.05399682561125	288.0
224.063997450358	294.0
224.0739980751047	301.0
224.08399869985143	312.0
224.09399932459814	338.0
224.10399994934488	358.0
224.1140005740916	371.0
224.12400119883833	375.0
224.13400182358504	371.0
224.14400244833178	363.0
224.1540030730785	346.0
224.16400369782522	323.0
224.17400432257196	301.0
224.18400494731867	291.0
224.1940055720654	288.0
224.20400619681212	288.0
224.21400682155885	291.0
224.22400744630556	301.0
224.2340080710523	305.0
224.244008695799	308.0
224.25400932054575	312.0
224.26400994529246	312.0
224.2740105700392	308.0
224.2840111947859	301.0
224.29401181953264	291.0
224.30401244427935	284.0
224.3140130690261	284.0
224.32401369377283	284.0
224.33401431851954	284.0
224.34401494326627	288.0
224.35401556801298	291.0
224.36401619275972	294.0
224.37401681750643	294.0
224.38401744225317	298.0
224.39401806699988	294.0
224.40401869174661	294.0
224.41401931649332	291.0
224.42401994124006	288.0
224.43402056598677	284.0
224.4440211907335	281.0
224.45402181548022	275.0
224.46402244022696	275.0
224.47402306497366	275.0
224.4840236897204	278.0
224.49402431446714	281.0
224.50402493921385	284.0
224.5140255639606	291.0
224.5240261887073	294.0
224.53402681345403	298.0
224.54402743820074	298.0
224.55402806294748	298.0
224.5640286876942	294.0
224.57402931244093	291.0
224.58402993718764	284.0
224.59403056193437	281.0
224.60403118668108	281.0
224.61403181142782	288.0
224.62403243617453	301.0
224.63403306092127	316.0
224.64403368566798	334.0
224.65403431041472	350.0
224.66403493516145	367.0
224.67403555990816	375.0
224.6840361846549	375.0
224.6940368094016	367.0
224.70403743414835	350.0
224.71403805889506	331.0
224.7240386836418	305.0
224.7340393083885	288.0
224.74403993313524	281.0
224.75404055788195	284.0
224.7640411826287	288.0
224.7740418073754	294.0
224.78404243212213	298.0
224.79404305686884	301.0
224.80404368161558	305.0
224.8140443063623	305.0
224.82404493110903	301.0
224.83404555585577	294.0
224.84404618060248	288.0
224.8540468053492	284.0
224.86404743009592	284.0
224.87404805484266	288.0
224.88404867958937	288.0
224.8940493043361	291.0
224.90404992908282	291.0
224.91405055382955	291.0
224.92405117857626	291.0
224.934051803323	291.0
224.9440524280697	291.0
224.95405305281645	288.0
224.96405367756316	284.0
224.9740543023099	281.0
224.9840549270566	281.0
224.99405555180334	278.0
225.00405617655008	278.0
225.0140568012968	278.0
225.02405742604353	284.0
225.03405805079024	288.0
225.04405867553697	291.0
225.05405930028368	291.0
225.06405992503042	291.0
225.07406054977713	291.0
225.08406117452387	288.0
225.09406179927058	284.0
225.10406242401731	281.0
225.11406304876402	278.0
225.12406367351076	275.0
225.13406429825747	275.0
225.1440649230042	281.0
225.15406554775092	288.0
225.16406617249766	298.0
225.1740667972444	308.0
225.1840674219911	323.0
225.19406804673784	338.0
225.20406867148455	346.0
225.2140692962313	346.0
225.224069920978	342.0
225.23407054572473	334.0
225.24407117047144	316.0
225.25407179521818	305.0
225.2640724199649	294.0
225.27407304471163	288.0
225.28407366945834	284.0
225.29407429420507	288.0
225.30407491895178	291.0
225.31407554369852	294.0
225.32407616844523	298.0
225.33407679319197	298.0
225.3440774179387	301.0
225.35407804268542	301.0
225.36407866743215	298.0
225.37407929217886	294.0
225.3840799169256	291.0
225.3940805416723	288.0
225.40408116641905	284.0
225.41408179116576	281.0
225.4240824159125	278.0
225.4340830406592	278.0
225.44408366540594	278.0
225.45408429015265	281.0
225.4640849148994	284.0
225.4740855396461	288.0
225.48408616439283	291.0
225.49408678913954	291.0
225.50408741388628	294.0
225.51408803863302	294.0
225.52408866337973	294.0
225.53408928812647	294.0
225.54408991287318	291.0
225.5540905376199	288.0
225.56409116236662	284.0
225.57409178711336	281.0
225.58409241186007	278.0
225.5940930366068	284.0
225.60409366135352	308.0
225.61409428610025	319.0
225.62409491084696	327.0
225.6340955355937	334.0
225.6440961603404	338.0
225.65409678508715	334.0
225.66409740983386	327.0
225.6740980345806	319.0
225.68409865932733	305.0
225.69409928407404	281.0
225.70409990882078	281.0
225.7141005335675	281.0
225.72410115831423	288.0
225.73410178306094	291.0
225.74410240780767	294.0
225.75410303255438	298.0
225.76410365730112	298.0
225.77410428204783	301.0
225.78410490679457	298.0
225.79410553154128	298.0
225.80410615628801	294.0
225.81410678103472	291.0
225.82410740578146	288.0
225.83410803052817	284.0
225.8441086552749	284.0
225.85410928002165	284.0
225.86410990476836	288.0
225.8741105295151	288.0
225.8841111542618	291.0
225.89411177900854	294.0
225.90411240375525	294.0
225.914113028502	298.0
225.9241136532487	298.0
225.93411427799543	294.0
225.94411490274214	284.0
225.95411552748888	278.0
225.9641161522356	275.0
225.97411677698233	275.0
225.98411740172904	284.0
225.99411802647577	294.0
226.00411865122248	305.0
226.01411927596922	331.0
226.02411990071596	342.0
226.03412052546267	350.0
226.0441211502094	350.0
226.05412177495612	342.0
226.06412239970285	331.0
226.07412302444956	312.0
226.0841236491963	294.0
226.094124273943	284.0
226.10412489868975	281.0
226.11412552343646	281.0
226.1241261481832	284.0
226.1341267729299	291.0
226.14412739767664	294.0
226.15412802242335	298.0
226.1641286471701	298.0
226.1741292719168	298.0
226.18412989666353	298.0
226.19413052141024	294.0
226.20413114615698	291.0
226.21413177090372	288.0
226.22413239565043	288.0
226.23413302039717	291.0
226.24413364514388	298.0
226.2541342698906	305.0
226.26413489463732	308.0
226.27413551938406	308.0
226.28413614413077	298.0
226.2941367688775	291.0
226.30413739362422	278.0
226.31413801837095	248.0
226.32413864311766	226.0
226.3341392678644	218.0
226.3441398926111	218.0
226.35414051735785	220.0
226.36414114210456	228.0
226.3741417668513	236.0
226.38414239159803	242.0
226.39414301634474	248.0
226.40414364109148	248.0
226.4141442658382	245.0
226.42414489058493	239.0
226.43414551533164	231.0
226.44414614007837	220.0
226.45414676482508	213.0
226.46414738957182	208.0
226.47414801431853	208.0
226.48414863906527	210.0
226.49414926381198	215.0
226.50414988855871	218.0
226.51415051330542	220.0
226.52415113805216	220.0
226.53415176279887	220.0
226.5441523875456	218.0
226.55415301229235	215.0
226.56415363703906	210.0
226.5741542617858	208.0
226.5841548865325	208.0
226.59415551127924	210.0
226.60415613602595	213.0
226.6141567607727	215.0
226.6241573855194	215.0
226.63415801026613	213.0
226.64415863501284	208.0
226.65415925975958	201.0
226.6641598845063	192.0
226.67416050925303	179.0
226.68416113399974	167.0
226.69416175874647	161.0
226.70416238349318	159.0
226.71416300823992	159.0
226.72416363298666	159.0
226.73416425773337	161.0
226.7441648824801	163.0
226.75416550722682	165.0
226.76416613197355	167.0
226.77416675672026	167.0
226.784167381467	167.0
226.7941680062137	167.0
226.80416863096045	165.0
226.81416925570716	165.0
226.8241698804539	165.0
226.8341705052006	171.0
226.84417112994734	179.0
226.85417175469405	187.0
226.8641723794408	196.0
226.8741730041875	210.0
226.88417362893424	220.0
226.89417425368097	223.0
226.90417487842768	223.0
226.91417550317442	218.0
226.92417612792113	206.0
226.93417675266787	196.0
226.94417737741458	194.0
226.9541780021613	194.0
226.96417862690802	199.0
226.97417925165476	206.0
226.98417987640147	213.0
226.9941805011482	218.0
227.00418112589492	223.0
227.01418175064165	226.0
227.02418237538836	226.0
227.0341830001351	223.0
227.0441836248818	218.0
227.05418424962855	213.0
227.0641848743753	206.0
227.074185499122	203.0
227.08418612386873	206.0
227.09418674861544	210.0
227.10418737336218	218.0
227.1141879981089	226.0
227.12418862285563	234.0
227.13418924760234	239.0
227.14418987234907	242.0
227.15419049709578	242.0
227.16419112184252	236.0
227.17419174658923	231.0
227.18419237133597	226.0
227.19419299608268	226.0
227.20419362082941	231.0
227.21419424557612	242.0
227.22419487032286	253.0
227.2341954950696	272.0
227.2441961198163	291.0
227.25419674456305	305.0
227.26419736930976	316.0
227.2741979940565	316.0
227.2841986188032	308.0
227.29419924354994	298.0
227.30419986829665	288.0
227.3142004930434	278.0
227.3242011177901	275.0
227.33420174253683	278.0
227.34420236728354	281.0
227.35420299203028	288.0
227.364203616777	294.0
227.37420424152373	298.0
227.38420486627044	305.0
227.39420549101717	305.0
227.4042061157639	301.0
227.41420674051062	294.0
227.42420736525736	291.0
227.43420799000407	284.0
227.4442086147508	284.0
227.45420923949752	284.0
227.46420986424425	291.0
227.47421048899096	298.0
227.4842111137377	305.0
227.4942117384844	312.0
227.50421236323115	319.0
227.51421298797786	323.0
227.5242136127246	319.0
227.5342142374713	312.0
227.54421486221804	305.0
227.55421548696475	298.0
227.5642161117115	294.0
227.57421673645823	298.0
227.58421736120494	301.0
227.59421798595167	312.0
227.60421861069838	319.0
227.61421923544512	327.0
227.62421986019183	334.0
227.63422048493857	342.0
227.64422110968528	342.0
227.654221734432	346.0
227.66422235917872	342.0
227.67422298392546	338.0
227.68422360867217	334.0
227.6942242334189	331.0
227.70422485816562	331.0
227.71422548291235	327.0
227.72422610765906	327.0
227.7342267324058	323.0
227.74422735715254	323.0
227.75422798189925	323.0
227.764228606646	323.0
227.7742292313927	323.0
227.78422985613943	323.0
227.79423048088614	323.0
227.80423110563288	323.0
227.8142317303796	323.0
227.82423235512633	323.0
227.83423297987304	323.0
227.84423360461977	323.0
227.85423422936648	323.0
227.86423485411322	323.0
227.87423547885993	323.0
227.88423610360667	323.0
227.89423672835338	323.0
227.90423735310011	323.0
227.91423797784685	323.0
227.92423860259356	327.0
227.9342392273403	334.0
227.944239852087	342.0
227.95424047683375	354.0
227.96424110158046	367.0
227.9742417263272	375.0
227.9842423510739	384.0
227.99424297582064	384.0
228.00424360056735	371.0
228.0142442253141	354.0
228.0242448500608	346.0
228.03424547480753	331.0
228.04424609955424	316.0
228.05424672430098	305.0
228.0642473490477	298.0
228.07424797379443	294.0
228.08424859854114	291.0
228.09424922328787	245.0
228.1042498480346	248.0
228.11425047278132	253.0
228.12425109752806	262.0
228.13425172227477	265.0
228.1442523470215	272.0
228.15425297176822	284.0
228.16425359651495	288.0
228.17425422126166	316.0
228.1842548460084	308.0
228.1942554707551	294.0
228.20425609550185	284.0
228.21425672024856	281.0
228.2242573449953	278.0
228.234257969742	275.0
228.24425859448874	268.0
228.25425921923545	268.0
228.2642598439822	268.0
228.27426046872893	288.0
228.28426109347564	291.0
228.29426171822237	291.0
228.30426234296908	291.0
228.31426296771582	291.0
228.32426359246253	291.0
228.33426421720927	291.0
228.34426484195598	288.0
228.3542654667027	288.0
228.36426609144942	288.0
228.37426671619616	0.0
228.38426734094287	0.0
228.3942679656896	0.0
228.40426859043632	0.0
228.41426921518305	0.0
228.42426983992976	0.0
228.4342704646765	0.0
228.44427108942324	0.0
228.45427171416995	0.0
228.4642723389167	0.0
228.4742729636634	0.0
228.48427358841013	0.0
228.49427421315684	0.0
228.50427483790358	0.0
228.5142754626503	0.0
228.52427608739703	0.0
228.53427671214374	0.0
228.54427733689047	0.0
228.55427796163718	0.0
228.56427858638392	0.0
228.57427921113063	0.0
228.58427983587737	0.0
228.59428046062408	0.0
228.60428108537081	0.0
228.61428171011755	0.0
228.62428233486426	0.0
228.634282959611	0.0
228.6442835843577	0.0
228.65428420910445	0.0
228.66428483385116	0.0
228.6742854585979	0.0
228.6842860833446	0.0
228.69428670809134	0.0
228.70428733283805	0.0
228.7142879575848	0.0
228.7242885823315	0.0
228.73428920707823	0.0
228.74428983182494	0.0
228.75429045657168	0.0
228.7642910813184	0.0
228.77429170606513	0.0
228.78429233081187	0.0
228.79429295555857	0.0
228.8042935803053	0.0
228.81429420505202	0.0
228.82429482979876	0.0
228.83429545454547	0.0
228.8442960792922	0.0
228.85429670403892	0.0
228.86429732878565	0.0
228.87429795353236	0.0
228.8842985782791	0.0
228.8942992030258	0.0
228.90429982777255	0.0
228.91430045251926	0.0
228.924301077266	0.0
228.9343017020127	0.0
228.94430232675944	0.0
228.95430295150618	0.0
228.9643035762529	0.0
228.97430420099963	0.0
228.98430482574634	0.0
228.99430545049307	0.0
229.00430607523978	0.0
229.01430669998652	0.0
229.02430732473323	0.0
229.03430794947997	0.0
229.04430857422668	0.0
229.0543091989734	0.0
229.06430982372012	0.0
229.07431044846686	0.0
229.08431107321357	0.0
229.0943116979603	0.0
229.10431232270702	0.0
229.11431294745375	0.0
229.1243135722005	0.0
229.1343141969472	262.0
229.14431482169394	268.0
229.15431544644065	272.0
229.1643160711874	281.0
229.1743166959341	284.0
229.18431732068083	291.0
229.19431794542754	291.0
229.20431857017428	291.0
229.214319194921	291.0
229.22431981966773	288.0
229.23432044441444	288.0
229.24432106916117	288.0
229.25432169390788	291.0
229.26432231865462	291.0
229.27432294340133	291.0
229.28432356814807	294.0
229.2943241928948	294.0
229.30432481764151	291.0
229.31432544238825	291.0
229.32432606713496	291.0
229.3343266918817	291.0
229.3443273166284	291.0
229.35432794137515	291.0
229.36432856612186	291.0
229.3743291908686	291.0
229.3843298156153	294.0
229.39433044036204	294.0
229.40433106510875	298.0
229.4143316898555	298.0
229.4243323146022	294.0
229.43433293934893	294.0
229.44433356409564	291.0
229.45433418884238	288.0
229.46433481358912	284.0
229.47433543833583	281.0
229.48433606308257	281.0
229.49433668782927	278.0
229.504337312576	278.0
229.51433793732272	281.0
229.52433856206946	284.0
229.53433918681617	291.0
229.5443398115629	294.0
229.55434043630962	294.0
229.56434106105635	294.0
229.57434168580306	291.0
229.5843423105498	284.0
229.5943429352965	281.0
229.60434356004325	275.0
229.61434418478996	275.0
229.6243448095367	275.0
229.63434543428343	275.0
229.64434605903014	278.0
229.65434668377688	284.0
229.6643473085236	288.0
229.67434793327033	291.0
229.68434855801704	294.0
229.69434918276377	298.0
229.70434980751048	301.0
229.71435043225722	301.0
229.72435105700393	298.0
229.73435168175067	294.0
229.74435230649738	291.0
229.7543529312441	288.0
229.76435355599082	284.0
229.77435418073756	288.0
229.78435480548427	288.0
229.794355430231	291.0
229.80435605497775	298.0
229.81435667972445	301.0
229.8243573044712	308.0
229.8343579292179	312.0
229.84435855396464	316.0
229.85435917871135	312.0
229.8643598034581	308.0
229.8743604282048	301.0
229.88436105295153	294.0
229.89436167769824	288.0
229.90436230244498	284.0
229.9143629271917	281.0
229.92436355193843	284.0
229.93436417668514	284.0
229.94436480143187	288.0
229.95436542617858	288.0
229.96436605092532	291.0
229.97436667567206	294.0
229.98436730041877	294.0
229.9943679251655	294.0
230.00436854991221	294.0
230.01436917465895	291.0
230.02436979940566	291.0
230.0343704241524	288.0
230.0443710488991	288.0
230.05437167364585	284.0
230.06437229839256	284.0
230.0743729231393	284.0
230.084373547886	288.0
230.09437417263274	291.0
230.10437479737945	294.0
230.1143754221262	298.0
230.1243760468729	305.0
230.13437667161963	308.0
230.14437729636634	312.0
230.15437792111308	312.0
230.16437854585982	308.0
230.17437917060653	301.0
230.18437979535327	298.0
230.19438042009998	291.0
230.2043810448467	288.0
230.21438166959342	291.0
230.22438229434016	294.0
230.23438291908687	305.0
230.2443835438336	316.0
230.25438416858032	327.0
230.26438479332705	338.0
230.27438541807376	350.0
230.2843860428205	354.0
230.2943866675672	354.0
230.30438729231395	350.0
230.31438791706066	338.0
230.3243885418074	327.0
230.33438916655413	308.0
230.34438979130084	291.0
230.35439041604758	288.0
230.3643910407943	288.0
230.37439166554103	288.0
230.38439229028774	294.0
230.39439291503447	305.0
230.40439353978118	308.0
230.41439416452792	312.0
230.42439478927463	316.0
230.43439541402137	316.0
230.44439603876808	316.0
230.4543966635148	312.0
230.46439728826152	301.0
230.47439791300826	294.0
230.48439853775497	291.0
230.4943991625017	288.0
230.50439978724845	288.0
230.51440041199515	288.0
230.5244010367419	288.0
230.5344016614886	291.0
230.54440228623534	291.0
230.55440291098205	294.0
230.5644035357288	294.0
230.5744041604755	294.0
230.58440478522223	294.0
230.59440540996894	294.0
230.60440603471568	291.0
230.6144066594624	288.0
230.62440728420913	284.0
230.63440790895584	281.0
230.64440853370257	278.0
230.65440915844928	275.0
230.66440978319602	275.0
230.67441040794276	278.0
230.68441103268947	278.0
230.6944116574362	281.0
230.70441228218291	284.0
230.71441290692965	288.0
230.72441353167636	291.0
230.7344141564231	294.0
230.7444147811698	294.0
230.75441540591655	294.0
230.76441603066326	291.0
230.77441665541	288.0
230.7844172801567	284.0
230.79441790490344	281.0
230.80441852965015	278.0
230.8144191543969	278.0
230.8244197791436	278.0
230.83442040389033	278.0
230.84442102863707	281.0
230.85442165338378	284.0
230.86442227813052	288.0
230.87442290287723	291.0
230.88442352762397	294.0
230.89442415237068	298.0
230.9044247771174	294.0
230.91442540186412	291.0
230.92442602661086	284.0
230.93442665135757	284.0
230.9444272761043	281.0
230.95442790085102	281.0
230.96442852559775	281.0
230.97442915034446	281.0
230.9844297750912	284.0
230.9944303998379	284.0
231.00443102458465	291.0
231.01443164933139	298.0
231.0244322740781	305.0
231.03443289882483	308.0
231.04443352357154	308.0
231.05443414831828	308.0
231.064434773065	305.0
231.07443539781173	301.0
231.08443602255844	294.0
231.09443664730517	291.0
231.10443727205188	291.0
231.11443789679862	288.0
231.12443852154533	291.0
231.13443914629207	291.0
231.14443977103878	298.0
231.1544403957855	305.0
231.16444102053222	312.0
231.17444164527896	331.0
231.1844422700257	342.0
231.1944428947724	354.0
231.20444351951915	354.0
231.21444414426585	354.0
231.2244447690126	346.0
231.2344453937593	334.0
231.24444601850604	319.0
231.25444664325275	298.0
231.2644472679995	291.0
231.2744478927462	288.0
231.28444851749293	288.0
231.29444914223964	288.0
231.30444976698638	291.0
231.3144503917331	298.0
231.32445101647983	301.0
231.33445164122654	308.0
231.34445226597327	308.0
231.35445289072	312.0
231.36445351546672	308.0
231.37445414021346	305.0
231.38445476496017	294.0
231.3944553897069	288.0
231.40445601445361	284.0
231.41445663920035	281.0
231.42445726394706	284.0
231.4344578886938	288.0
231.4444585134405	288.0
231.45445913818725	291.0
231.46445976293396	291.0
231.4744603876807	291.0
231.4844610124274	291.0
231.49446163717414	294.0
231.50446226192085	294.0
231.5144628866676	294.0
231.52446351141433	294.0
231.53446413616103	291.0
231.54446476090777	284.0
231.55446538565448	281.0
231.56446601040122	275.0
231.57446663514793	272.0
231.58446725989467	272.0
231.59446788464138	272.0
231.6044685093881	275.0
231.61446913413482	281.0
231.62446975888156	284.0
231.63447038362827	291.0
231.644471008375	294.0
231.65447163312172	294.0
231.66447225786845	291.0
231.67447288261516	291.0
231.6844735073619	288.0
231.69447413210864	284.0
231.70447475685535	278.0
231.71447538160209	275.0
231.7244760063488	272.0
231.73447663109553	268.0
231.74447725584224	272.0
231.75447788058898	275.0
231.7644785053357	278.0
231.77447913008243	284.0
231.78447975482914	291.0
231.79448037957587	294.0
231.80448100432258	298.0
231.81448162906932	298.0
231.82448225381603	298.0
231.83448287856277	294.0
231.84448350330948	294.0
231.8544841280562	291.0
231.86448475280295	288.0
231.87448537754966	284.0
231.8844860022964	281.0
231.8944866270431	281.0
231.90448725178985	284.0
231.91448787653655	288.0
231.9244885012833	294.0
231.93448912603	301.0
231.94448975077674	308.0
231.95449037552345	312.0
231.9644910002702	312.0
231.9744916250169	312.0
231.98449224976363	308.0
231.99449287451034	305.0
232.00449349925708	298.0
232.0144941240038	294.0
232.02449474875053	288.0
232.03449537349724	284.0
232.04449599824397	284.0
232.0544966229907	288.0
232.06449724773742	294.0
232.07449787248416	308.0
232.08449849723087	327.0
232.0944991219776	342.0
232.10449974672431	354.0
232.11450037147105	358.0
232.12450099621776	363.0
232.1345016209645	358.0
232.1445022457112	346.0
232.15450287045795	331.0
232.16450349520466	316.0
232.1745041199514	294.0
232.1845047446981	284.0
232.19450536944484	281.0
232.20450599419155	281.0
232.2145066189383	284.0
232.22450724368503	291.0
232.23450786843173	294.0
232.24450849317847	301.0
232.25450911792518	305.0
232.26450974267192	308.0
232.27451036741863	308.0
232.28451099216537	305.0
232.29451161691208	301.0
232.3045122416588	294.0
232.31451286640552	288.0
232.32451349115226	284.0
232.33451411589897	281.0
232.3445147406457	284.0
232.35451536539242	284.0
232.36451599013915	288.0
232.37451661488586	291.0
232.3845172396326	291.0
232.39451786437934	291.0
232.40451848912605	294.0
232.41451911387279	294.0
232.4245197386195	294.0
232.43452036336623	294.0
232.44452098811294	294.0
232.45452161285968	288.0
232.4645222376064	284.0
232.47452286235313	281.0
232.48452348709984	278.0
232.49452411184657	275.0
232.50452473659328	275.0
232.51452536134002	275.0
232.52452598608673	278.0
232.53452661083347	284.0
232.54452723558018	288.0
232.5545278603269	291.0
232.56452848507365	294.0
232.57452910982036	298.0
232.5845297345671	298.0
232.5945303593138	298.0
232.60453098406055	294.0
232.61453160880725	291.0
232.624532233554	284.0
232.6345328583007	281.0
232.64453348304744	275.0
232.65453410779415	272.0
232.6645347325409	272.0
232.6745353572876	278.0
232.68453598203433	288.0
232.69453660678104	308.0
232.70453723152778	323.0
232.7145378562745	338.0
232.72453848102123	350.0
232.73453910576796	358.0
232.74453973051467	358.0
232.7545403552614	354.0
232.76454098000812	350.0
232.77454160475486	338.0
232.78454222950157	323.0
232.7945428542483	294.0
232.80454347899501	281.0
232.81454410374175	278.0
232.82454472848846	278.0
232.8345453532352	281.0
232.8445459779819	288.0
232.85454660272865	291.0
232.86454722747536	298.0
232.8745478522221	301.0
232.8845484769688	308.0
232.89454910171554	312.0
232.90454972646228	316.0
232.914550351209	312.0
232.92455097595573	305.0
232.93455160070243	294.0
232.94455222544917	288.0
232.95455285019588	284.0
232.96455347494262	281.0
232.97455409968933	281.0
232.98455472443607	284.0
232.99455534918278	284.0
233.0045559739295	284.0
233.01455659867622	288.0
233.02455722342296	288.0
233.03455784816967	291.0
233.0445584729164	291.0
233.05455909766312	294.0
233.06455972240985	294.0
233.0745603471566	291.0
233.0845609719033	288.0
233.09456159665004	284.0
233.10456222139675	281.0
233.11456284614349	278.0
233.1245634708902	275.0
233.13456409563693	272.0
233.14456472038364	272.0
233.15456534513038	275.0
233.1645659698771	278.0
233.17456659462383	281.0
233.18456721937054	288.0
233.19456784411727	294.0
233.20456846886398	301.0
233.21456909361072	305.0
233.22456971835743	308.0
233.23457034310417	305.0
233.2445709678509	301.0
233.2545715925976	294.0
233.26457221734435	284.0
233.27457284209106	278.0
233.2845734668378	272.0
233.2945740915845	272.0
233.30457471633125	272.0
233.31457534107795	275.0
233.3245759658247	284.0
233.3345765905714	305.0
233.34457721531814	323.0
233.35457784006485	338.0
233.3645784648116	350.0
233.3745790895583	358.0
233.38457971430503	363.0
233.39458033905174	358.0
233.40458096379848	354.0
233.41458158854522	342.0
233.42458221329193	331.0
233.43458283803866	312.0
233.44458346278537	291.0
233.4545840875321	281.0
233.46458471227882	278.0
233.47458533702556	278.0
233.48458596177227	284.0
233.494586586519	288.0
233.50458721126572	294.0
233.51458783601245	301.0
233.52458846075916	308.0
233.5345890855059	316.0
233.5445897102526	319.0
233.55459033499935	319.0
233.56459095974606	316.0
233.5745915844928	308.0
233.58459220923953	298.0
233.59459283398624	291.0
233.60459345873298	288.0
233.6145940834797	284.0
233.62459470822643	284.0
233.63459533297313	284.0
233.64459595771987	284.0
233.65459658246658	284.0
233.66459720721332	288.0
233.67459783196003	288.0
233.68459845670677	291.0
233.69459908145348	291.0
233.7045997062002	291.0
233.71460033094692	288.0
233.72460095569366	284.0
233.73460158044037	281.0
233.7446022051871	278.0
233.75460282993384	275.0
233.76460345468055	272.0
233.7746040794273	268.0
233.784604704174	268.0
233.79460532892074	268.0
233.80460595366745	275.0
233.81460657841419	278.0
233.8246072031609	284.0
233.83460782790763	288.0
233.84460845265434	291.0
233.85460907740108	294.0
233.8646097021478	298.0
233.87461032689453	298.0
233.88461095164124	294.0
233.89461157638797	288.0
233.90461220113468	281.0
233.91461282588142	275.0
233.92461345062816	272.0
233.93461407537487	268.0
233.9446147001216	268.0
233.9546153248683	275.0
233.96461594961505	281.0
233.97461657436176	288.0
233.9846171991085	298.0
233.9946178238552	308.0
234.00461844860195	323.0
234.01461907334865	334.0
234.0246196980954	338.0
234.0346203228421	342.0
234.04462094758884	338.0
234.05462157233555	334.0
234.0646221970823	323.0
234.074622821829	312.0
234.08462344657573	294.0
234.09462407132244	284.0
234.10462469606918	278.0
234.11462532081592	278.0
234.12462594556263	278.0
234.13462657030936	281.0
234.14462719505607	284.0
234.1546278198028	288.0
234.16462844454952	294.0
234.17462906929626	301.0
234.18462969404297	305.0
234.1946303187897	312.0
234.20463094353642	312.0
234.21463156828315	308.0
234.22463219302986	305.0
234.2346328177766	298.0
234.2446334425233	294.0
234.25463406727005	291.0
234.26463469201676	288.0
234.2746353167635	288.0
234.28463594151023	291.0
234.29463656625694	298.0
234.30463719100368	312.0
234.3146378157504	327.0
234.32463844049713	342.0
234.33463906524383	350.0
234.34463968999057	358.0
234.35464031473728	358.0
234.36464093948402	354.0
234.37464156423073	346.0
234.38464218897747	334.0
234.39464281372418	319.0
234.4046434384709	301.0
234.41464406321762	291.0
234.42464468796436	288.0
234.43464531271107	291.0
234.4446459374578	294.0
234.45464656220454	298.0
234.46464718695125	305.0
234.474647811698	312.0
234.4846484364447	316.0
234.49464906119144	319.0
234.50464968593815	323.0
234.51465031068489	319.0
234.5246509354316	312.0
234.53465156017833	301.0
234.54465218492504	294.0
234.55465280967178	291.0
234.5646534344185	288.0
234.57465405916523	288.0
234.58465468391194	288.0
234.59465530865867	291.0
234.60465593340538	291.0
234.61465655815212	291.0
234.62465718289886	291.0
234.63465780764557	291.0
234.6446584323923	291.0
234.654659057139	291.0
234.66465968188575	291.0
234.67466030663246	288.0
234.6846609313792	284.0
234.6946615561259	284.0
234.70466218087265	278.0
234.71466280561935	275.0
234.7246634303661	275.0
234.7346640551128	275.0
234.74466467985954	275.0
234.75466530460625	278.0
234.764665929353	284.0
234.7746665540997	291.0
234.78466717884643	294.0
234.79466780359317	301.0
234.80466842833988	305.0
234.81466905308662	305.0
234.82466967783333	305.0
234.83467030258007	301.0
234.84467092732677	294.0
234.8546715520735	291.0
234.86467217682022	288.0
234.87467280156696	284.0
234.88467342631367	284.0
234.8946740510604	284.0
234.90467467580712	284.0
234.91467530055385	284.0
234.92467592530056	291.0
234.9346765500473	298.0
234.944677174794	308.0
234.95467779954075	316.0
234.96467842428748	316.0
234.9746790490342	316.0
234.98467967378093	308.0
234.99468029852764	301.0
235.00468092327438	294.0
235.0146815480211	288.0
235.02468217276783	284.0
235.03468279751453	284.0
235.04468342226127	284.0
235.05468404700798	284.0
235.06468467175472	288.0
235.07468529650143	288.0
235.08468592124817	291.0
235.09468654599488	291.0
235.1046871707416	291.0
235.11468779548832	291.0
235.12468842023506	291.0
235.1346890449818	291.0
235.1446896697285	291.0
235.15469029447524	288.0
235.16469091922195	288.0
235.1746915439687	284.0
235.1846921687154	288.0
235.19469279346214	291.0
235.20469341820885	298.0
235.21469404295559	308.0
235.2246946677023	316.0
235.23469529244903	323.0
235.24469591719574	327.0
235.25469654194248	323.0
235.2646971666892	319.0
235.27469779143593	312.0
235.28469841618264	298.0
235.29469904092937	284.0
235.3046996656761	281.0
235.31470029042282	278.0
235.32470091516956	278.0
235.33470153991627	281.0
235.344702164663	284.0
235.3547027894097	288.0
235.36470341415645	291.0
235.37470403890316	291.0
235.3847046636499	294.0
235.3947052883966	291.0
235.40470591314335	288.0
235.41470653789005	284.0
235.4247071626368	281.0
235.4347077873835	278.0
235.44470841213024	275.0
235.45470903687695	272.0
235.4647096616237	275.0
235.47471028637042	278.0
235.48471091111713	284.0
235.49471153586387	291.0
235.50471216061058	294.0
235.51471278535732	298.0
235.52471341010403	301.0
235.53471403485077	301.0
235.54471465959747	301.0
235.5547152843442	298.0
235.56471590909092	294.0
235.57471653383766	284.0
235.58471715858437	275.0
235.5947177833311	265.0
235.60471840807782	259.0
235.61471903282455	250.0
235.62471965757126	245.0
235.634720282318	239.0
235.64472090706474	234.0
235.65472153181145	228.0
235.66472215655818	226.0
235.6747227813049	226.0
235.68472340605163	223.0
235.69472403079834	226.0
235.70472465554508	228.0
235.7147252802918	236.0
235.72472590503853	245.0
235.73472652978523	256.0
235.74472715453197	268.0
235.75472777927868	278.0
235.76472840402542	288.0
235.77472902877213	298.0
235.78472965351887	298.0
235.79473027826558	298.0
235.8047309030123	294.0
235.81473152775905	291.0
235.82473215250576	288.0
235.8347327772525	284.0
235.8447334019992	281.0
235.85473402674594	281.0
235.86473465149265	281.0
235.8747352762394	284.0
235.8847359009861	301.0
235.89473652573284	308.0
235.90473715047955	323.0
235.91473777522629	331.0
235.924738399973	334.0
235.93473902471973	334.0
235.94473964946644	331.0
235.95474027421318	319.0
235.9647408989599	308.0
235.97474152370663	294.0
235.98474214845334	284.0
235.99474277320007	281.0
236.0047433979468	281.0
236.01474402269352	284.0
236.02474464744026	288.0
236.03474527218697	291.0
236.0447458969337	294.0
236.0547465216804	294.0
236.06474714642715	298.0
236.07474777117386	294.0
236.0847483959206	291.0
236.0947490206673	284.0
236.10474964541405	278.0
236.11475027016076	275.0
236.1247508949075	272.0
236.1347515196542	272.0
236.14475214440094	275.0
236.15475276914765	284.0
236.1647533938944	291.0
236.17475401864112	294.0
236.18475464338783	298.0
236.19475526813457	301.0
236.20475589288128	301.0
236.21475651762802	301.0
236.22475714237473	294.0
236.23475776712147	288.0
236.24475839186817	281.0
236.2547590166149	272.0
236.26475964136162	262.0
236.27476026610836	253.0
236.28476089085507	245.0
236.2947615156018	234.0
236.30476214034852	228.0
236.31476276509525	226.0
236.32476338984196	223.0
236.3347640145887	223.0
236.34476463933544	223.0
236.35476526408215	226.0
236.36476588882888	234.0
236.3747665135756	239.0
236.38476713832233	250.0
236.39476776306904	262.0
236.40476838781578	278.0
236.4147690125625	288.0
236.42476963730923	294.0
236.43477026205593	301.0
236.44477088680267	301.0
236.45477151154938	298.0
236.46477213629612	291.0
236.47477276104283	281.0
236.48477338578957	278.0
236.49477401053628	278.0
236.504774635283	281.0
236.51477526002975	291.0
236.52477588477646	305.0
236.5347765095232	319.0
236.5447771342699	338.0
236.55477775901664	358.0
236.56477838376335	375.0
236.5747790085101	380.0
236.5847796332568	375.0
236.59478025800354	367.0
236.60478088275025	350.0
236.61478150749699	327.0
236.6247821322437	305.0
236.63478275699043	294.0
236.64478338173714	291.0
236.65478400648388	291.0
236.6647846312306	294.0
236.67478525597733	301.0
236.68478588072406	305.0
236.69478650547077	305.0
236.7047871302175	305.0
236.71478775496422	301.0
236.72478837971096	294.0
236.73478900445767	288.0
236.7447896292044	284.0
236.7547902539511	284.0
236.76479087869785	288.0
236.77479150344456	294.0
236.7847921281913	298.0
236.794792752938	298.0
236.80479337768475	298.0
236.81479400243146	298.0
236.8247946271782	298.0
236.8347952519249	298.0
236.84479587667164	298.0
236.85479650141838	294.0
236.8647971261651	294.0
236.87479775091182	288.0
236.88479837565853	284.0
236.89479900040527	278.0
236.90479962515198	275.0
236.91480024989872	275.0
236.92480087464543	278.0
236.93480149939217	288.0
236.94480212413887	294.0
236.9548027488856	301.0
236.96480337363232	305.0
236.97480399837906	301.0
236.98480462312577	294.0
236.9948052478725	0.0
237.00480587261922	0.0
237.01480649736595	0.0
237.0248071221127	0.0
237.0348077468594	0.0
237.04480837160614	0.0
237.05480899635285	0.0
237.06480962109958	0.0
237.0748102458463	0.0
237.08481087059303	0.0
237.09481149533974	0.0
237.10481212008648	0.0
237.1148127448332	0.0
237.12481336957993	0.0
237.13481399432663	0.0
237.14481461907337	0.0
237.15481524382008	0.0
237.16481586856682	0.0
237.17481649331353	0.0
237.18481711806027	0.0
237.194817742807	0.0
237.2048183675537	0.0
237.21481899230045	0.0
237.22481961704716	278.0
237.2348202417939	288.0
237.2448208665406	294.0
237.25482149128734	298.0
237.26482211603405	301.0
237.2748227407808	301.0
237.2848233655275	301.0
237.29482399027424	298.0
237.30482461502095	294.0
237.31482523976769	288.0
237.3248258645144	281.0
237.33482648926113	272.0
237.34482711400784	262.0
237.35482773875458	253.0
237.36482836350132	245.0
237.37482898824803	236.0
237.38482961299476	231.0
237.39483023774147	228.0
237.4048308624882	228.0
237.41483148723492	228.0
237.42483211198166	228.0
237.43483273672837	231.0
237.4448333614751	234.0
237.45483398622181	239.0
237.46483461096855	248.0
237.47483523571526	256.0
237.484835860462	265.0
237.4948364852087	281.0
237.50483710995545	291.0
237.51483773470216	298.0
237.5248383594489	301.0
237.53483898419563	305.0
237.54483960894234	301.0
237.55484023368908	301.0
237.5648408584358	294.0
237.57484148318252	291.0
237.58484210792923	288.0
237.59484273267597	281.0
237.60484335742268	278.0
237.61484398216942	278.0
237.62484460691613	278.0
237.63484523166287	281.0
237.64484585640957	284.0
237.6548464811563	288.0
237.66484710590302	294.0
237.67484773064976	298.0
237.68484835539647	305.0
237.6948489801432	305.0
237.70484960488994	305.0
237.71485022963665	298.0
237.7248508543834	294.0
237.7348514791301	288.0
237.74485210387684	288.0
237.75485272862355	291.0
237.76485335337028	301.0
237.774853978117	308.0
237.78485460286373	316.0
237.79485522761044	319.0
237.80485585235718	316.0
237.8148564771039	312.0
237.82485710185063	301.0
237.83485772659733	294.0
237.84485835134407	291.0
237.85485897609078	288.0
237.86485960083752	291.0
237.87486022558426	291.0
237.88486085033097	291.0
237.8948614750777	291.0
237.9048620998244	291.0
237.91486272457115	291.0
237.92486334931786	291.0
237.9348639740646	294.0
237.9448645988113	294.0
237.95486522355804	294.0
237.96486584830475	294.0
237.9748664730515	294.0
237.9848670977982	294.0
237.99486772254494	294.0
238.00486834729165	294.0
238.01486897203839	291.0
238.0248695967851	291.0
238.03487022153183	288.0
238.04487084627854	284.0
238.05487147102528	284.0
238.06487209577202	284.0
238.07487272051873	288.0
238.08487334526546	294.0
238.09487397001217	301.0
238.1048745947589	308.0
238.11487521950562	312.0
238.12487584425236	319.0
238.13487646899907	319.0
238.1448770937458	316.0
238.15487771849251	308.0
238.16487834323925	301.0
238.17487896798596	298.0
238.1848795927327	294.0
238.1948802174794	294.0
238.20488084222615	298.0
238.21488146697286	305.0
238.2248820917196	312.0
238.23488271646633	319.0
238.24488334121304	327.0
238.25488396595978	338.0
238.2648845907065	342.0
238.27488521545322	346.0
238.28488584019993	350.0
238.29488646494667	350.0
238.30488708969338	346.0
238.31488771444012	342.0
238.32488833918683	338.0
238.33488896393357	334.0
238.34488958868027	331.0
238.354890213427	331.0
238.36489083817372	327.0
238.37489146292046	327.0
238.38489208766717	323.0
238.3948927124139	323.0
238.40489333716064	323.0
238.41489396190735	323.0
238.4248945866541	323.0
238.4348952114008	323.0
238.44489583614754	327.0
238.45489646089425	327.0
238.46489708564098	334.0
238.4748977103877	338.0
238.48489833513443	350.0
238.49489895988114	363.0
238.50489958462788	371.0
238.5149002093746	375.0
238.52490083412133	375.0
238.53490145886803	371.0
238.54490208361477	363.0
238.55490270836148	350.0
238.56490333310822	331.0
238.57490395785496	298.0
238.58490458260167	284.0
238.5949052073484	278.0
238.6049058320951	278.0
238.61490645684185	284.0
238.62490708158856	288.0
238.6349077063353	294.0
238.644908331082	301.0
238.65490895582874	312.0
238.66490958057545	319.0
238.6749102053222	319.0
238.6849108300689	319.0
238.69491145481564	312.0
238.70491207956235	305.0
238.71491270430909	298.0
238.7249133290558	294.0
238.73491395380253	291.0
238.74491457854927	291.0
238.75491520329598	291.0
238.76491582804272	288.0
238.77491645278943	288.0
238.78491707753616	288.0
238.79491770228287	288.0
238.8049183270296	291.0
238.81491895177632	291.0
238.82491957652306	291.0
238.83492020126977	291.0
238.8449208260165	291.0
238.85492145076321	291.0
238.86492207550995	291.0
238.87492270025666	291.0
238.8849233250034	288.0
238.8949239497501	284.0
238.90492457449685	281.0
238.91492519924358	278.0
238.9249258239903	275.0
238.93492644873703	268.0
238.94492707348374	268.0
238.95492769823048	268.0
238.9649283229772	275.0
238.97492894772392	281.0
238.98492957247063	288.0
238.99493019721737	291.0
239.00493082196408	291.0
239.01493144671082	294.0
239.02493207145753	294.0
239.03493269620427	298.0
239.04493332095097	301.0
239.0549339456977	301.0
239.06493457044442	294.0
239.07493519519116	291.0
239.0849358199379	291.0
239.0949364446846	291.0
239.10493706943134	291.0
239.11493769417805	291.0
239.1249383189248	291.0
239.1349389436715	291.0
239.14493956841824	294.0
239.15494019316495	294.0
239.16494081791168	294.0
239.1749414426584	294.0
239.18494206740513	294.0
239.19494269215184	294.0
239.20494331689858	294.0
239.2149439416453	294.0
239.22494456639203	294.0
239.23494519113873	294.0
239.24494581588547	294.0
239.2549464406322	294.0
239.26494706537892	294.0
239.27494769012566	294.0
239.28494831487237	294.0
239.2949489396191	294.0
239.3049495643658	294.0
239.31495018911255	294.0
239.32495081385926	294.0
239.334951438606	294.0
239.3449520633527	291.0
239.35495268809944	291.0
239.36495331284615	284.0
239.3749539375929	281.0
239.3849545623396	278.0
239.39495518708634	272.0
239.40495581183305	272.0
239.41495643657979	272.0
239.42495706132652	275.0
239.43495768607323	278.0
239.44495831081997	281.0
239.45495893556668	284.0
239.46495956031342	284.0
239.47496018506013	288.0
239.48496080980686	301.0
239.49496143455357	312.0
239.5049620593003	305.0
239.51496268404702	301.0
239.52496330879376	298.0
239.53496393354047	294.0
239.5449645582872	291.0
239.55496518303391	291.0
239.56496580778065	291.0
239.57496643252736	291.0
239.5849670572741	291.0
239.59496768202084	291.0
239.60496830676755	291.0
239.61496893151428	291.0
239.624969556261	291.0
239.63497018100773	288.0
239.64497080575444	288.0
239.65497143050118	288.0
239.6649720552479	291.0
239.67497267999462	291.0
239.68497330474133	298.0
239.69497392948807	305.0
239.70497455423478	312.0
239.71497517898152	323.0
239.72497580372823	334.0
239.73497642847497	346.0
239.74497705322167	354.0
239.7549776779684	358.0
239.76497830271515	358.0
239.77497892746186	358.0
239.7849795522086	358.0
239.7949801769553	354.0
239.80498080170204	350.0
239.81498142644875	346.0
239.8249820511955	342.0
239.8349826759422	342.0
239.84498330068894	338.0
239.85498392543565	334.0
239.86498455018238	334.0
239.8749851749291	334.0
239.88498579967583	334.0
239.89498642442254	334.0
239.90498704916928	334.0
239.914987673916	334.0
239.92498829866273	334.0
239.93498892340943	331.0
239.94498954815617	331.0
239.9549901729029	327.0
239.96499079764962	327.0
239.97499142239636	327.0
239.98499204714307	327.0
239.9949926718898	334.0
240.0049932966365	338.0
240.01499392138325	342.0
240.02499454612996	350.0
240.0349951708767	354.0
240.0449957956234	358.0
240.05499642037014	363.0
240.06499704511685	358.0
240.0749976698636	358.0
240.0849982946103	354.0
240.09499891935704	350.0
240.10499954410375	346.0
240.1150001688505	342.0
240.12500079359722	338.0
240.13500141834393	334.0
240.14500204309067	327.0
240.15500266783738	323.0
240.16500329258412	316.0
240.17500391733083	312.0
240.18500454207756	308.0
240.19500516682427	294.0
240.205005791571	284.0
240.21500641631772	288.0
240.22500704106446	291.0
240.23500766581117	298.0
240.2450082905579	305.0
240.25500891530461	316.0
240.26500954005135	338.0
240.27501016479806	342.0
240.2850107895448	363.0
240.29501141429154	389.0
240.30501203903825	421.0
240.31501266378498	436.0
240.3250132885317	436.0
240.33501391327843	436.0
240.34501453802514	436.0
240.35501516277188	436.0
240.3650157875186	436.0
240.37501641226532	436.0
240.38501703701203	436.0
240.39501766175877	436.0
240.40501828650548	431.0
240.41501891125222	431.0
240.42501953599893	426.0
240.43502016074567	421.0
240.44502078549237	421.0
240.4550214102391	421.0
240.46502203498585	431.0
240.47502265973256	447.0
240.4850232844793	457.0
240.495023909226	462.0
240.50502453397274	468.0
240.51502515871945	462.0
240.5250257834662	447.0
240.5350264082129	436.0
240.54502703295964	412.0
240.55502765770635	398.0
240.56502828245308	384.0
240.5750289071998	367.0
240.58502953194653	342.0
240.59503015669324	338.0
240.60503078143998	334.0
240.6150314061867	331.0
240.62503203093343	331.0
240.63503265568016	331.0
240.64503328042687	331.0
240.6550339051736	327.0
240.66503452992032	327.0
240.67503515466706	327.0
240.68503577941377	327.0
240.6950364041605	331.0
240.7050370289072	331.0
240.71503765365395	334.0
240.72503827840066	334.0
240.7350389031474	334.0
240.7450395278941	334.0
240.75504015264085	331.0
240.76504077738755	327.0
240.7750414021343	323.0
240.785042026881	323.0
240.79504265162774	323.0
240.80504327637448	327.0
240.8150439011212	331.0
240.82504452586792	334.0
240.83504515061463	338.0
240.84504577536137	342.0
240.85504640010808	346.0
240.86504702485482	346.0
240.87504764960153	346.0
240.88504827434826	346.0
240.89504889909497	342.0
240.9050495238417	338.0
240.91505014858842	334.0
240.92505077333516	331.0
240.93505139808187	331.0
240.9450520228286	327.0
240.95505264757531	327.0
240.96505327232205	327.0
240.9750538970688	327.0
240.9850545218155	327.0
240.99505514656224	327.0
241.00505577130895	331.0
241.01505639605568	331.0
241.0250570208024	338.0
241.03505764554913	350.0
241.04505827029584	367.0
241.05505889504258	380.0
241.0650595197893	384.0
241.07506014453602	384.0
241.08506076928273	375.0
241.09506139402947	358.0
241.10506201877618	338.0
241.11506264352292	327.0
241.12506326826963	308.0
241.13506389301637	298.0
241.1450645177631	291.0
241.1550651425098	291.0
241.16506576725655	298.0
241.17506639200326	305.0
241.18506701675	308.0
241.1950676414967	312.0
241.20506826624344	421.0
241.21506889099015	421.0
241.2250695157369	421.0
241.2350701404836	426.0
241.24507076523034	431.0
241.25507138997705	0.0
241.26507201472378	462.0
241.2750726394705	468.0
241.28507326421723	473.0
241.29507388896394	473.0
241.30507451371068	473.0
241.31507513845742	468.0
241.32507576320413	462.0
241.33507638795086	447.0
241.34507701269757	431.0
241.3550776374443	426.0
241.36507826219102	421.0
241.37507888693776	0.0
241.38507951168447	0.0
241.3950801364312	0.0
241.4050807611779	0.0
241.41508138592465	0.0
241.42508201067136	0.0
241.4350826354181	0.0
241.4450832601648	0.0
241.45508388491155	0.0
241.46508450965825	0.0
241.475085134405	0.0
241.48508575915173	0.0
241.49508638389844	0.0
241.50508700864518	0.0
241.5150876333919	0.0
241.52508825813862	0.0
241.53508888288533	0.0
241.54508950763207	0.0
241.55509013237878	0.0
241.56509075712552	0.0
241.57509138187223	0.0
241.58509200661896	0.0
241.59509263136567	0.0
241.6050932561124	0.0
241.61509388085912	0.0
241.62509450560586	0.0
241.63509513035257	0.0
241.6450957550993	0.0
241.65509637984604	0.0
241.66509700459275	0.0
241.6750976293395	0.0
241.6850982540862	0.0
241.69509887883294	0.0
241.70509950357965	0.0
241.71510012832638	0.0
241.7251007530731	0.0
241.73510137781983	0.0
241.74510200256654	0.0
241.75510262731328	0.0
241.76510325206	0.0
241.77510387680672	0.0
241.78510450155343	0.0
241.79510512630017	0.0
241.80510575104688	0.0
241.81510637579362	0.0
241.82510700054036	0.0
241.83510762528707	0.0
241.8451082500338	0.0
241.8551088747805	0.0
241.86510949952725	0.0
241.87511012427396	0.0
241.8851107490207	0.0
241.8951113737674	0.0
241.90511199851414	0.0
241.91511262326085	0.0
241.9251132480076	0.0
241.9351138727543	0.0
241.94511449750104	0.0
241.95511512224775	0.0
241.96511574699448	0.0
241.9751163717412	0.0
241.98511699648793	0.0
241.99511762123464	0.0
242.00511824598138	0.0
242.01511887072812	0.0
242.02511949547483	0.0
242.03512012022156	0.0
242.04512074496827	0.0
242.055121369715	0.0
242.06512199446172	0.0
242.07512261920846	0.0
242.08512324395517	0.0
242.0951238687019	0.0
242.1051244934486	0.0
242.11512511819535	0.0
242.12512574294206	0.0
242.1351263676888	0.0
242.1451269924355	0.0
242.15512761718225	0.0
242.16512824192895	0.0
242.1751288666757	0.0
242.18512949142243	0.0
242.19513011616914	0.0
242.20513074091588	0.0
242.2151313656626	0.0
242.22513199040932	0.0
242.23513261515603	0.0
242.24513323990277	0.0
242.25513386464948	0.0
242.26513448939622	0.0
242.27513511414293	0.0
242.28513573888966	0.0
242.29513636363637	0.0
242.3051369883831	0.0
242.31513761312982	0.0
242.32513823787656	0.0
242.33513886262327	0.0
242.34513948737	0.0
242.35514011211674	0.0
242.36514073686345	0.0
242.3751413616102	0.0
242.3851419863569	0.0
242.39514261110364	0.0
242.40514323585035	0.0
242.41514386059708	0.0
242.4251444853438	0.0
242.43514511009053	0.0
242.44514573483724	0.0
242.45514635958398	0.0
242.4651469843307	0.0
242.47514760907742	0.0
242.48514823382413	0.0
242.49514885857087	0.0
242.50514948331758	0.0
242.51515010806432	0.0
242.52515073281106	0.0
242.53515135755777	0.0
242.5451519823045	0.0
242.5551526070512	0.0
242.56515323179795	0.0
242.57515385654466	0.0
242.5851544812914	0.0
242.5951551060381	0.0
242.60515573078484	0.0
242.61515635553155	0.0
242.6251569802783	0.0
242.635157605025	0.0
242.64515822977174	0.0
242.65515885451845	0.0
242.66515947926518	0.0
242.6751601040119	0.0
242.68516072875863	0.0
242.69516135350537	0.0
242.70516197825208	0.0
242.71516260299882	0.0
242.72516322774553	0.0
242.73516385249226	0.0
242.74516447723897	0.0
242.7551651019857	0.0
242.76516572673242	0.0
242.77516635147916	0.0
242.78516697622587	0.0
242.7951676009726	0.0
242.8051682257193	0.0
242.81516885046605	0.0
242.82516947521276	0.0
242.8351700999595	0.0
242.8451707247062	0.0
242.85517134945295	0.0
242.86517197419968	0.0
242.8751725989464	0.0
242.88517322369313	0.0
242.89517384843984	0.0
242.90517447318658	0.0
242.9151750979333	0.0
242.92517572268002	0.0
242.93517634742673	0.0
242.94517697217347	0.0
242.95517759692018	0.0
242.96517822166692	0.0
242.97517884641363	0.0
242.98517947116036	0.0
242.99518009590707	0.0
243.0051807206538	0.0
243.01518134540052	0.0
243.02518197014726	0.0
243.035182594894	0.0
243.0451832196407	0.0
243.05518384438744	0.0
243.06518446913415	0.0
243.0751850938809	0.0
243.0851857186276	0.0
243.09518634337434	0.0
243.10518696812105	0.0
243.11518759286778	0.0
243.1251882176145	0.0
243.13518884236123	0.0
243.14518946710794	0.0
243.15519009185468	0.0
243.1651907166014	0.0
243.17519134134812	0.0
243.18519196609483	268.0
243.19519259084157	272.0
243.2051932155883	272.0
243.21519384033502	278.0
243.22519446508176	284.0
243.23519508982847	288.0
243.2451957145752	291.0
243.2551963393219	294.0
243.26519696406865	294.0
243.27519758881536	294.0
243.2851982135621	294.0
243.2951988383088	294.0
243.30519946305554	291.0
243.31520008780225	284.0
243.325200712549	281.0
243.3352013372957	281.0
243.34520196204244	284.0
243.35520258678915	288.0
243.36520321153588	291.0
243.37520383628262	291.0
243.38520446102933	291.0
243.39520508577607	294.0
243.40520571052278	294.0
243.41520633526952	294.0
243.42520696001623	294.0
243.43520758476296	294.0
243.44520820950967	291.0
243.4552088342564	291.0
243.46520945900312	284.0
243.47521008374986	281.0
243.48521070849657	278.0
243.4952113332433	275.0
243.50521195799	275.0
243.51521258273675	278.0
243.52521320748346	284.0
243.5352138322302	288.0
243.54521445697694	291.0
243.55521508172365	298.0
243.56521570647038	301.0
243.5752163312171	301.0
243.58521695596383	301.0
243.59521758071054	301.0
243.60521820545728	298.0
243.615218830204	294.0
243.62521945495072	291.0
243.63522007969743	284.0
243.64522070444417	281.0
243.65522132919088	278.0
243.66522195393762	275.0
243.67522257868433	275.0
243.68522320343106	275.0
243.69522382817777	278.0
243.7052244529245	281.0
243.71522507767125	288.0
243.72522570241796	291.0
243.7352263271647	298.0
243.7452269519114	308.0
243.75522757665814	323.0
243.76522820140485	338.0
243.7752288261516	346.0
243.7852294508983	354.0
243.79523007564504	354.0
243.80523070039175	354.0
243.81523132513848	354.0
243.8252319498852	350.0
243.83523257463193	346.0
243.84523319937864	342.0
243.85523382412538	338.0
243.8652344488721	334.0
243.87523507361882	334.0
243.88523569836553	331.0
243.89523632311227	331.0
243.905236947859	331.0
243.91523757260572	331.0
243.92523819735246	331.0
243.93523882209917	331.0
243.9452394468459	327.0
243.9552400715926	327.0
243.96524069633935	327.0
243.97524132108606	327.0
243.9852419458328	331.0
243.9952425705795	331.0
244.00524319532624	331.0
244.01524382007295	331.0
244.0252444448197	331.0
244.0352450695664	331.0
244.04524569431314	331.0
244.05524631905985	331.0
244.06524694380659	334.0
244.07524756855332	338.0
244.08524819330003	342.0
244.09524881804677	346.0
244.10524944279348	346.0
244.11525006754022	350.0
244.12525069228693	350.0
244.13525131703366	350.0
244.14525194178037	350.0
244.1552525665271	350.0
244.16525319127382	346.0
244.17525381602056	342.0
244.18525444076727	338.0
244.195255065514	338.0
244.2052556902607	338.0
244.21525631500745	334.0
244.22525693975416	334.0
244.2352575645009	334.0
244.24525818924764	331.0
244.25525881399435	331.0
244.26525943874108	331.0
244.2752600634878	331.0
244.28526068823453	331.0
244.29526131298124	331.0
244.30526193772798	331.0
244.3152625624747	327.0
244.32526318722142	327.0
244.33526381196813	327.0
244.34526443671487	331.0
244.35526506146158	331.0
244.36526568620832	331.0
244.37526631095503	331.0
244.38526693570176	334.0
244.39526756044847	338.0
244.4052681851952	342.0
244.41526880994195	346.0
244.42526943468866	350.0
244.4352700594354	350.0
244.4452706841821	350.0
244.45527130892884	350.0
244.46527193367555	350.0
244.4752725584223	346.0
244.485273183169	346.0
244.49527380791574	342.0
244.50527443266245	342.0
244.51527505740918	338.0
244.5252756821559	338.0
244.53527630690263	338.0
244.54527693164934	338.0
244.55527755639608	338.0
244.5652781811428	334.0
244.57527880588952	334.0
244.58527943063626	334.0
244.59528005538297	334.0
244.6052806801297	334.0
244.61528130487642	334.0
244.62528192962316	338.0
244.63528255436987	338.0
244.6452831791166	338.0
244.6552838038633	338.0
244.66528442861005	338.0
244.67528505335676	338.0
244.6852856781035	342.0
244.6952863028502	346.0
244.70528692759694	346.0
244.71528755234365	350.0
244.7252881770904	350.0
244.7352888018371	350.0
244.74528942658384	350.0
244.75529005133058	350.0
244.76529067607729	350.0
244.77529130082402	350.0
244.78529192557073	346.0
244.79529255031747	342.0
244.80529317506418	342.0
244.81529379981092	338.0
244.82529442455763	338.0
244.83529504930436	338.0
244.84529567405107	338.0
244.8552962987978	338.0
244.86529692354452	338.0
244.87529754829126	338.0
244.88529817303797	334.0
244.8952987977847	334.0
244.9052994225314	334.0
244.91530004727815	338.0
244.9253006720249	338.0
244.9353012967716	342.0
244.94530192151834	342.0
244.95530254626505	346.0
244.96530317101178	350.0
244.9753037957585	354.0
244.98530442050523	358.0
244.99530504525194	363.0
245.00530566999868	363.0
245.0153062947454	363.0
245.02530691949212	363.0
245.03530754423883	358.0
245.04530816898557	354.0
245.05530879373228	350.0
245.06530941847902	346.0
245.07531004322573	342.0
245.08531066797246	338.0
245.0953112927192	338.0
245.1053119174659	334.0
245.11531254221265	334.0
245.12531316695936	334.0
245.1353137917061	334.0
245.1453144164528	331.0
245.15531504119954	331.0
245.16531566594625	331.0
245.175316290693	331.0
245.1853169154397	334.0
245.19531754018644	338.0
245.20531816493315	342.0
245.21531878967988	346.0
245.2253194144266	346.0
245.23532003917333	346.0
245.24532066392004	350.0
245.25532128866678	350.0
245.26532191341352	354.0
245.27532253816022	354.0
245.28532316290696	354.0
245.29532378765367	350.0
245.3053244124004	350.0
245.31532503714712	346.0
245.32532566189386	342.0
245.33532628664057	334.0
245.3453269113873	334.0
245.355327536134	331.0
245.36532816088075	327.0
245.37532878562746	319.0
245.3853294103742	312.0
245.3953300351209	305.0
245.40533065986764	301.0
245.41533128461435	294.0
245.4253319093611	291.0
245.43533253410783	284.0
245.44533315885454	278.0
245.45533378360128	272.0
245.46533440834799	265.0
245.47533503309472	262.0
245.48533565784143	259.0
245.49533628258817	253.0
245.50533690733488	248.0
245.51533753208162	242.0
245.52533815682833	236.0
245.53533878157506	231.0
245.54533940632177	226.0
245.5553400310685	223.0
245.56534065581522	218.0
245.57534128056196	213.0
245.58534190530867	208.0
245.5953425300554	203.0
245.60534315480214	199.0
245.61534377954885	196.0
245.6253444042956	194.0
245.6353450290423	192.0
245.64534565378904	190.0
245.65534627853575	187.0
245.66534690328248	185.0
245.6753475280292	183.0
245.68534815277593	181.0
245.69534877752264	179.0
245.70534940226938	177.0
245.7153500270161	175.0
245.72535065176282	173.0
245.73535127650953	171.0
245.74535190125627	167.0
245.75535252600298	165.0
245.76535315074972	163.0
245.77535377549646	163.0
245.78535440024316	163.0
245.7953550249899	161.0
245.8053556497366	161.0
245.81535627448335	161.0
245.82535689923006	161.0
245.8353575239768	163.0
245.8453581487235	163.0
245.85535877347024	165.0
245.86535939821695	165.0
245.8753600229637	165.0
245.8853606477104	165.0
245.89536127245714	163.0
245.90536189720385	163.0
245.91536252195058	163.0
245.9253631466973	163.0
245.93536377144403	163.0
245.94536439619074	165.0
245.95536502093748	169.0
245.96536564568422	173.0
245.97536627043092	177.0
245.98536689517766	179.0
245.99536751992437	181.0
246.0053681446711	183.0
246.01536876941782	183.0
246.02536939416456	183.0
246.03537001891127	181.0
246.045370643658	181.0
246.0553712684047	179.0
246.06537189315145	177.0
246.07537251789816	173.0
246.0853731426449	171.0
246.0953737673916	169.0
246.10537439213834	169.0
246.11537501688505	167.0
246.1253756416318	167.0
246.13537626637853	167.0
246.14537689112524	167.0
246.15537751587198	167.0
246.16537814061869	167.0
246.17537876536542	167.0
246.18537939011213	169.0
246.19538001485887	169.0
246.20538063960558	169.0
246.21538126435232	169.0
246.22538188909903	171.0
246.23538251384576	171.0
246.24538313859247	171.0
246.2553837633392	173.0
246.26538438808592	175.0
246.27538501283266	177.0
246.28538563757937	179.0
246.2953862623261	181.0
246.30538688707284	183.0
246.31538751181955	183.0
246.3253881365663	183.0
246.335388761313	181.0
246.34538938605974	181.0
246.35539001080645	179.0
246.36539063555318	179.0
246.3753912602999	177.0
246.38539188504663	175.0
246.39539250979334	175.0
246.40539313454008	173.0
246.4153937592868	171.0
246.42539438403352	169.0
246.43539500878023	169.0
246.44539563352697	167.0
246.45539625827368	167.0
246.46539688302042	165.0
246.47539750776716	165.0
246.48539813251386	165.0
246.4953987572606	165.0
246.5053993820073	165.0
246.51540000675405	167.0
246.52540063150076	169.0
246.5354012562475	171.0
246.5454018809942	173.0
246.55540250574094	175.0
246.56540313048765	177.0
246.5754037552344	179.0
246.5854043799811	181.0
246.59540500472784	181.0
246.60540562947455	181.0
246.61540625422128	181.0
246.625406878968	179.0
246.63540750371473	177.0
246.64540812846147	175.0
246.65540875320818	173.0
246.66540937795492	169.0
246.67541000270162	169.0
246.68541062744836	167.0
246.69541125219507	165.0
246.7054118769418	163.0
246.71541250168852	163.0
246.72541312643526	161.0
246.73541375118197	161.0
246.7454143759287	159.0
246.7554150006754	159.0
246.76541562542215	159.0
246.77541625016886	159.0
246.7854168749156	161.0
246.7954174996623	163.0
246.80541812440904	165.0
246.81541874915578	169.0
246.8254193739025	171.0
246.83541999864923	175.0
246.84542062339594	177.0
246.85542124814268	179.0
246.86542187288939	179.0
246.87542249763612	179.0
246.88542312238283	177.0
246.89542374712957	175.0
246.90542437187628	173.0
246.91542499662302	171.0
246.92542562136973	169.0
246.93542624611646	167.0
246.94542687086317	165.0
246.9554274956099	163.0
246.96542812035662	163.0
246.97542874510336	161.0
246.9854293698501	161.0
246.9954299945968	161.0
247.00543061934354	161.0
247.01543124409025	163.0
247.025431868837	163.0
247.0354324935837	165.0
247.04543311833044	167.0
247.05543374307715	169.0
247.06543436782388	173.0
247.0754349925706	175.0
247.08543561731733	179.0
247.09543624206404	183.0
247.10543686681078	185.0
247.1154374915575	190.0
247.12543811630422	194.0
247.13543874105093	199.0
247.14543936579767	203.0
247.1554399905444	210.0
247.16544061529112	218.0
247.17544124003786	223.0
247.18544186478456	228.0
247.1954424895313	234.0
247.205443114278	245.0
247.21544373902475	253.0
247.22544436377146	259.0
247.2354449885182	268.0
247.2454456132649	278.0
247.25544623801164	288.0
247.26544686275835	294.0
247.2754474875051	301.0
247.2854481122518	305.0
247.29544873699854	312.0
247.30544936174525	319.0
247.31544998649198	323.0
247.32545061123872	327.0
247.33545123598543	331.0
247.34545186073217	334.0
247.35545248547888	338.0
247.36545311022562	342.0
247.37545373497233	342.0
247.38545435971906	346.0
247.39545498446577	346.0
247.4054556092125	346.0
247.41545623395922	346.0
247.42545685870596	342.0
247.43545748345267	342.0
247.4454581081994	338.0
247.4554587329461	338.0
247.46545935769285	338.0
247.47545998243956	338.0
247.4854606071863	342.0
247.49546123193304	342.0
247.50546185667974	342.0
247.51546248142648	342.0
247.5254631061732	338.0
247.53546373091993	338.0
247.54546435566664	338.0
247.55546498041338	338.0
247.56546560516009	338.0
247.57546622990682	338.0
247.58546685465353	338.0
247.59546747940027	338.0
247.60546810414698	338.0
247.61546872889372	334.0
247.62546935364043	334.0
247.63546997838716	334.0
247.64547060313387	334.0
247.6554712278806	334.0
247.66547185262735	334.0
247.67547247737406	334.0
247.6854731021208	334.0
247.6954737268675	334.0
247.70547435161424	334.0
247.71547497636095	334.0
247.7254756011077	334.0
247.7354762258544	334.0
247.74547685060114	334.0
247.75547747534785	334.0
247.76547810009458	334.0
247.7754787248413	334.0
247.78547934958803	334.0
247.79547997433474	334.0
247.80548059908148	334.0
247.8154812238282	334.0
247.82548184857492	334.0
247.83548247332163	334.0
247.84548309806837	334.0
247.8554837228151	334.0
247.86548434756182	334.0
247.87548497230856	334.0
247.88548559705526	0.0
247.895486221802	0.0
247.9054868465487	0.0
247.91548747129545	0.0
247.92548809604216	0.0
247.9354887207889	0.0
247.9454893455356	0.0
247.95548997028234	0.0
247.96549059502905	0.0
247.9754912197758	0.0
247.9854918445225	0.0
247.99549246926924	0.0
248.00549309401595	0.0
248.01549371876268	346.0
248.02549434350942	350.0
248.03549496825613	350.0
248.04549559300287	346.0
248.05549621774958	346.0
248.06549684249632	346.0
248.07549746724303	0.0
248.08549809198976	0.0
248.09549871673647	0.0
248.1054993414832	0.0
248.11549996622992	0.0
248.12550059097666	0.0
248.13550121572337	0.0
248.1455018404701	0.0
248.1555024652168	0.0
248.16550308996355	0.0
248.17550371471026	0.0
248.185504339457	0.0
248.19550496420374	0.0
248.20550558895044	0.0
248.21550621369718	0.0
248.2255068384439	0.0
248.23550746319063	0.0
248.24550808793734	0.0
248.25550871268408	0.0
248.26550933743079	0.0
248.27550996217752	0.0
248.28551058692423	0.0
248.29551121167097	0.0
248.30551183641768	0.0
248.31551246116442	0.0
248.32551308591113	0.0
248.33551371065786	380.0
248.34551433540457	0.0
248.3555149601513	0.0
248.36551558489805	0.0
248.37551620964476	0.0
248.3855168343915	319.0
248.3955174591382	308.0
248.40551808388494	298.0
248.41551870863165	294.0
248.4255193333784	291.0
248.4355199581251	291.0
248.44552058287184	294.0
248.45552120761855	298.0
248.46552183236528	301.0
248.475522457112	305.0
248.48552308185873	308.0
248.49552370660544	312.0
248.50552433135218	312.0
248.5155249560989	312.0
248.52552558084562	308.0
248.53552620559236	301.0
248.54552683033907	298.0
248.5555274550858	294.0
248.56552807983252	291.0
248.57552870457926	291.0
248.58552932932596	291.0
248.5955299540727	291.0
248.6055305788194	291.0
248.61553120356615	291.0
248.62553182831286	294.0
248.6355324530596	294.0
248.6455330778063	294.0
248.65553370255304	294.0
248.66553432729975	294.0
248.6755349520465	298.0
248.6855355767932	298.0
248.69553620153994	298.0
248.70553682628668	298.0
248.71553745103338	298.0
248.72553807578012	298.0
248.73553870052683	298.0
248.74553932527357	294.0
248.75553995002028	294.0
248.76554057476702	294.0
248.77554119951373	291.0
248.78554182426046	291.0
248.79554244900717	294.0
248.8055430737539	294.0
248.81554369850062	294.0
248.82554432324736	298.0
248.83554494799407	305.0
248.8455455727408	308.0
248.8555461974875	316.0
248.86554682223425	319.0
248.875547446981	323.0
248.8855480717277	327.0
248.89554869647444	327.0
248.90554932122114	327.0
248.91554994596788	319.0
248.9255505707146	316.0
248.93555119546133	308.0
248.94555182020804	308.0
248.95555244495478	305.0
248.96555306970149	308.0
248.97555369444822	312.0
248.98555431919493	319.0
248.99555494394167	331.0
249.00555556868838	334.0
249.01555619343512	342.0
249.02555681818183	350.0
249.03555744292856	350.0
249.0455580676753	354.0
249.055558692422	354.0
249.06555931716875	350.0
249.07555994191546	346.0
249.0855605666622	338.0
249.0955611914089	334.0
249.10556181615564	331.0
249.11556244090235	323.0
249.1255630656491	319.0
249.1355636903958	319.0
249.14556431514254	319.0
249.15556493988925	319.0
249.16556556463598	319.0
249.1755661893827	319.0
249.18556681412943	319.0
249.19556743887614	319.0
249.20556806362288	319.0
249.21556868836961	323.0
249.22556931311632	323.0
249.23556993786306	323.0
249.24557056260977	323.0
249.2555711873565	323.0
249.26557181210322	323.0
249.27557243684996	323.0
249.28557306159666	323.0
249.2955736863434	323.0
249.3055743110901	323.0
249.31557493583685	323.0
249.32557556058356	327.0
249.3355761853303	334.0
249.345576810077	342.0
249.35557743482374	358.0
249.36557805957045	375.0
249.3755786843172	393.0
249.38557930906393	407.0
249.39557993381064	412.0
249.40558055855738	407.0
249.41558118330408	398.0
249.42558180805082	380.0
249.43558243279753	350.0
249.44558305754427	331.0
249.45558368229098	316.0
249.46558430703772	305.0
249.47558493178443	301.0
249.48558555653116	305.0
249.49558618127787	305.0
249.5055868060246	312.0
249.51558743077132	312.0
249.52558805551806	316.0
249.53558868026477	319.0
249.5455893050115	316.0
249.55558992975824	316.0
249.56559055450495	308.0
249.5755911792517	298.0
249.5855918039984	291.0
249.59559242874514	0.0
249.60559305349184	0.0
249.61559367823858	298.0
249.6255943029853	298.0
249.63559492773203	298.0
249.64559555247874	298.0
249.65559617722548	298.0
249.66559680197219	298.0
249.67559742671892	301.0
249.68559805146563	308.0
249.69559867621237	312.0
249.70559930095908	312.0
249.71559992570582	312.0
249.72560055045253	312.0
249.73560117519926	0.0
249.745601799946	0.0
249.7556024246927	0.0
249.76560304943945	308.0
249.77560367418616	312.0
249.7856042989329	319.0
249.7956049236796	323.0
249.80560554842634	0.0
249.81560617317305	0.0
249.8256067979198	0.0
249.8356074226665	0.0
249.84560804741324	0.0
249.85560867215995	0.0
249.86560929690668	0.0
249.8756099216534	0.0
249.88561054640013	0.0
249.89561117114684	0.0
249.90561179589358	0.0
249.91561242064031	0.0
249.92561304538702	0.0
249.93561367013376	0.0
249.94561429488047	0.0
249.9556149196272	0.0
249.96561554437392	0.0
249.97561616912066	0.0
249.98561679386737	0.0
249.9956174186141	0.0
250.0056180433608	0.0
250.01561866810755	0.0
250.02561929285426	0.0
250.035619917601	0.0
250.0456205423477	0.0
250.05562116709444	0.0
250.06562179184115	0.0
250.0756224165879	0.0
250.08562304133463	0.0
250.09562366608134	0.0
250.10562429082808	0.0
250.11562491557478	0.0
250.12562554032152	0.0
250.13562616506823	0.0
250.14562678981497	0.0
250.15562741456168	0.0
250.16562803930842	0.0
250.17562866405513	0.0
250.18562928880186	0.0
250.19562991354857	0.0
250.2056305382953	0.0
250.21563116304202	0.0
250.22563178778876	0.0
250.23563241253547	0.0
250.2456330372822	0.0
250.25563366202894	0.0
250.26563428677565	0.0
250.2756349115224	0.0
250.2856355362691	0.0
250.29563616101584	0.0
250.30563678576254	0.0
250.31563741050928	0.0
250.325638035256	0.0
250.33563866000273	0.0
250.34563928474944	0.0
250.35563990949618	0.0
250.36564053424289	0.0
250.37564115898962	0.0
250.38564178373633	0.0
250.39564240848307	0.0
250.40564303322978	0.0
250.41564365797652	0.0
250.42564428272325	0.0
250.43564490746996	0.0
250.4456455322167	0.0
250.4556461569634	0.0
250.46564678171015	0.0
250.47564740645686	0.0
250.4856480312036	0.0
250.4956486559503	0.0
250.50564928069704	0.0
250.51564990544375	0.0
250.5256505301905	0.0
250.5356511549372	0.0
250.54565177968394	0.0
250.55565240443065	0.0
250.56565302917738	0.0
250.5756536539241	0.0
250.58565427867083	0.0
250.59565490341757	0.0
250.60565552816428	0.0
250.61565615291101	0.0
250.62565677765772	0.0
250.63565740240446	0.0
250.64565802715117	0.0
250.6556586518979	0.0
250.66565927664462	0.0
250.67565990139136	0.0
250.68566052613807	0.0
250.6956611508848	0.0
250.7056617756315	0.0
250.71566240037825	0.0
250.72566302512496	0.0
250.7356636498717	0.0
250.7456642746184	0.0
250.75566489936514	0.0
250.76566552411188	0.0
250.7756661488586	0.0
250.78566677360533	0.0
250.79566739835204	0.0
250.80566802309878	0.0
250.81566864784548	0.0
250.82566927259222	0.0
250.83566989733893	0.0
250.84567052208567	0.0
250.85567114683238	0.0
250.86567177157912	0.0
250.87567239632583	0.0
250.88567302107256	0.0
250.89567364581927	0.0
250.905674270566	0.0
250.91567489531272	0.0
250.92567552005946	0.0
250.9356761448062	0.0
250.9456767695529	0.0
250.95567739429964	0.0
250.96567801904635	0.0
250.9756786437931	0.0
250.9856792685398	0.0
250.99567989328654	0.0
251.00568051803324	0.0
251.01568114277998	0.0
251.0256817675267	0.0
251.03568239227343	0.0
251.04568301702014	0.0
251.05568364176688	0.0
251.06568426651359	0.0
251.07568489126032	0.0
251.08568551600703	0.0
251.09568614075377	0.0
251.1056867655005	0.0
251.11568739024722	0.0
251.12568801499395	0.0
251.13568863974066	0.0
251.1456892644874	0.0
251.1556898892341	0.0
251.16569051398085	0.0
251.17569113872756	0.0
251.1856917634743	0.0
251.195692388221	0.0
251.20569301296774	0.0
251.21569363771445	0.0
251.2256942624612	0.0
251.2356948872079	0.0
251.24569551195464	0.0
251.25569613670135	0.0
251.26569676144808	268.0
251.27569738619482	272.0
251.28569801094153	278.0
251.29569863568827	284.0
251.30569926043498	288.0
251.31569988518171	291.0
251.32570050992842	291.0
251.33570113467516	291.0
251.34570175942187	294.0
251.3557023841686	294.0
251.36570300891532	291.0
251.37570363366206	291.0
251.38570425840877	291.0
251.3957048831555	288.0
251.4057055079022	284.0
251.41570613264895	281.0
251.42570675739566	281.0
251.4357073821424	281.0
251.44570800688913	284.0
251.45570863163584	288.0
251.46570925638258	291.0
251.4757098811293	291.0
251.48571050587603	294.0
251.49571113062274	294.0
251.50571175536948	294.0
251.51571238011618	294.0
251.52571300486292	298.0
251.53571362960963	298.0
251.54571425435637	298.0
251.55571487910308	298.0
251.56571550384982	298.0
251.57571612859653	298.0
251.58571675334326	294.0
251.59571737808997	291.0
251.6057180028367	288.0
251.61571862758345	284.0
251.62571925233016	281.0
251.6357198770769	275.0
251.6457205018236	275.0
251.65572112657034	275.0
251.66572175131705	278.0
251.6757223760638	284.0
251.6857230008105	291.0
251.69572362555724	298.0
251.70572425030394	301.0
251.71572487505068	308.0
251.7257254997974	316.0
251.73572612454413	323.0
251.74572674929084	319.0
251.75572737403758	312.0
251.76572799878429	305.0
251.77572862353102	298.0
251.78572924827773	294.0
251.79572987302447	288.0
251.8057304977712	284.0
251.81573112251792	284.0
251.82573174726465	281.0
251.83573237201136	281.0
251.8457329967581	281.0
251.8557336215048	284.0
251.86573424625155	288.0
251.87573487099826	291.0
251.885735495745	294.0
251.8957361204917	301.0
251.90573674523844	308.0
251.91573736998515	316.0
251.9257379947319	327.0
251.9357386194786	334.0
251.94573924422534	342.0
251.95573986897205	346.0
251.96574049371878	350.0
251.97574111846552	346.0
251.98574174321223	342.0
251.99574236795897	338.0
252.00574299270568	334.0
252.01574361745242	331.0
252.02574424219912	331.0
252.03574486694586	327.0
252.04574549169257	327.0
252.0557461164393	323.0
252.06574674118602	323.0
252.07574736593276	323.0
252.08574799067947	323.0
252.0957486154262	323.0
252.1057492401729	327.0
252.11574986491965	327.0
252.12575048966636	327.0
252.1357511144131	327.0
252.14575173915983	327.0
252.15575236390654	327.0
252.16575298865328	327.0
252.1757536134	327.0
252.18575423814673	327.0
252.19575486289344	331.0
252.20575548764018	331.0
252.21575611238688	331.0
252.22575673713362	331.0
252.23575736188033	334.0
252.24575798662707	338.0
252.25575861137378	342.0
252.26575923612052	346.0
252.27575986086723	350.0
252.28576048561396	354.0
252.29576111036067	354.0
252.3057617351074	350.0
252.31576235985415	350.0
252.32576298460086	346.0
252.3357636093476	342.0
252.3457642340943	338.0
252.35576485884104	338.0
252.36576548358775	334.0
252.3757661083345	331.0
252.3857667330812	331.0
252.39576735782794	331.0
252.40576798257464	327.0
252.41576860732138	327.0
252.4257692320681	327.0
252.43576985681483	327.0
252.44577048156154	327.0
252.45577110630828	331.0
252.46577173105499	334.0
252.47577235580172	338.0
252.48577298054846	342.0
252.49577360529517	0.0
252.5057742300419	375.0
252.51577485478862	375.0
252.52577547953535	375.0
252.53577610428206	371.0
252.5457767290288	367.0
252.5557773537755	367.0
252.56577797852225	363.0
252.57577860326896	354.0
252.5857792280157	350.0
252.5957798527624	346.0
252.60578047750914	338.0
252.61578110225585	338.0
252.6257817270026	334.0
252.6357823517493	334.0
252.64578297649604	334.0
252.65578360124277	334.0
252.66578422598948	334.0
252.67578485073622	334.0
252.68578547548293	334.0
252.69578610022967	338.0
252.70578672497638	342.0
252.71578734972312	346.0
252.72578797446982	350.0
252.73578859921656	358.0
252.74578922396327	367.0
252.75578984871	0.0
252.76579047345672	0.0
252.77579109820346	0.0
252.78579172295017	0.0
252.7957923476969	417.0
252.8057929724436	421.0
252.81579359719035	426.0
252.8257942219371	426.0
252.8357948466838	426.0
252.84579547143053	426.0
252.85579609617724	426.0
252.86579672092398	426.0
252.8757973456707	426.0
252.88579797041743	426.0
252.89579859516414	426.0
252.90579921991088	426.0
252.91579984465758	426.0
252.92580046940432	431.0
252.93580109415103	431.0
252.94580171889777	431.0
252.95580234364448	436.0
252.96580296839122	436.0
252.97580359313793	436.0
252.98580421788466	436.0
252.9958048426314	436.0
253.0058054673781	436.0
253.01580609212485	436.0
253.02580671687156	0.0
253.0358073416183	0.0
253.045807966365	0.0
253.05580859111174	0.0
253.06580921585845	0.0
253.0758098406052	0.0
253.0858104653519	0.0
253.09581109009864	0.0
253.10581171484534	0.0
253.11581233959208	0.0
253.1258129643388	0.0
253.13581358908553	0.0
253.14581421383224	0.0
253.15581483857898	0.0
253.1658154633257	436.0
253.17581608807242	436.0
253.18581671281916	436.0
253.19581733756587	436.0
253.2058179623126	436.0
253.21581858705932	0.0
253.22581921180605	436.0
253.23581983655276	436.0
253.2458204612995	436.0
253.2558210860462	436.0
253.26582171079295	436.0
253.27582233553966	441.0
253.2858229602864	441.0
253.2958235850331	441.0
253.30582420977984	441.0
253.31582483452655	0.0
253.3258254592733	0.0
253.33582608402003	431.0
253.34582670876674	426.0
253.35582733351347	426.0
253.36582795826018	0.0
253.37582858300692	0.0
253.38582920775363	0.0
253.39582983250037	0.0
253.40583045724708	0.0
253.41583108199382	0.0
253.42583170674052	0.0
253.43583233148726	0.0
253.44583295623397	0.0
253.4558335809807	426.0
253.46583420572742	431.0
253.47583483047416	431.0
253.48583545522087	431.0
253.4958360799676	436.0
253.50583670471434	436.0
253.51583732946105	436.0
253.5258379542078	436.0
253.5358385789545	431.0
253.54583920370123	431.0
253.55583982844794	431.0
253.56584045319468	426.0
253.5758410779414	421.0
253.58584170268813	417.0
253.59584232743484	407.0
253.60584295218158	407.0
253.61584357692828	402.0
253.62584420167502	402.0
253.63584482642173	402.0
253.64584545116847	402.0
253.65584607591518	402.0
253.66584670066192	407.0
253.67584732540863	426.0
253.68584795015536	431.0
253.6958485749021	431.0
253.7058491996488	431.0
253.71584982439555	431.0
253.72585044914226	431.0
253.735851073889	431.0
253.7458516986357	431.0
253.75585232338244	431.0
253.76585294812915	431.0
253.7758535728759	431.0
253.7858541976226	431.0
253.79585482236934	431.0
253.80585544711604	431.0
253.81585607186278	431.0
253.8258566966095	431.0
253.83585732135623	431.0
253.84585794610294	431.0
253.85585857084968	431.0
253.8658591955964	431.0
253.87585982034312	436.0
253.88586044508986	436.0
253.89586106983657	436.0
253.9058616945833	436.0
253.91586231933002	436.0
253.92586294407675	436.0
253.93586356882346	441.0
253.9458641935702	441.0
253.9558648183169	436.0
253.96586544306365	436.0
253.97586606781036	436.0
253.9858666925571	436.0
253.9958673173038	436.0
254.00586794205054	436.0
254.01586856679725	436.0
254.025869191544	436.0
254.03586981629073	436.0
254.04587044103744	436.0
254.05587106578417	436.0
254.06587169053088	436.0
254.07587231527762	436.0
254.08587294002433	436.0
254.09587356477107	436.0
254.10587418951778	436.0
254.11587481426452	436.0
254.12587543901122	431.0
254.13587606375796	431.0
254.14587668850467	426.0
254.1558773132514	426.0
254.16587793799812	431.0
254.17587856274486	436.0
254.18587918749157	436.0
254.1958798122383	436.0
254.20588043698504	436.0
254.21588106173175	431.0
254.2258816864785	426.0
254.2358823112252	421.0
254.24588293597193	421.0
254.25588356071864	421.0
254.26588418546538	421.0
254.2758848102121	431.0
254.28588543495883	436.0
254.29588605970554	441.0
254.30588668445228	452.0
254.31588730919898	452.0
254.32588793394572	452.0
254.33588855869243	447.0
254.34588918343917	441.0
254.35588980818588	398.0
254.36589043293262	389.0
254.37589105767935	375.0
254.38589168242606	363.0
254.3958923071728	350.0
254.4058929319195	350.0
254.41589355666625	0.0
254.42589418141296	0.0
254.4358948061597	0.0
254.4458954309064	334.0
254.45589605565314	331.0
254.46589668039985	331.0
254.4758973051466	331.0
254.4858979298933	327.0
254.49589855464004	327.0
254.50589917938674	327.0
254.51589980413348	327.0
254.5259004288802	327.0
254.53590105362693	327.0
254.54590167837367	327.0
254.55590230312038	331.0
254.5659029278671	331.0
254.57590355261382	331.0
254.58590417736056	331.0
254.59590480210727	331.0
254.605905426854	331.0
254.61590605160072	331.0
254.62590667634746	331.0
254.63590730109416	331.0
254.6459079258409	331.0
254.6559085505876	331.0
254.66590917533435	327.0
254.67590980008106	327.0
254.6859104248278	331.0
254.6959110495745	331.0
254.70591167432124	331.0
254.71591229906798	338.0
254.7259129238147	342.0
254.73591354856143	342.0
254.74591417330814	346.0
254.75591479805487	350.0
254.76591542280158	350.0
254.77591604754832	350.0
254.78591667229503	350.0
254.79591729704177	346.0
254.80591792178848	342.0
254.81591854653522	338.0
254.82591917128192	334.0
254.83591979602866	334.0
254.84592042077537	331.0
254.8559210455221	331.0
254.86592167026882	331.0
254.87592229501556	331.0
254.8859229197623	331.0
254.895923544509	331.0
254.90592416925574	331.0
254.91592479400245	334.0
254.9259254187492	338.0
254.9359260434959	342.0
254.94592666824263	350.0
254.95592729298934	358.0
254.96592791773608	367.0
254.9759285424828	375.0
254.98592916722953	380.0
254.99592979197624	380.0
255.00593041672298	371.0
255.01593104146968	363.0
255.02593166621642	350.0
255.03593229096313	323.0
255.04593291570987	312.0
255.0559335404566	305.0
255.06593416520332	298.0
255.07593478995005	298.0
255.08593541469676	294.0
255.0959360394435	294.0
255.1059366641902	298.0
255.11593728893695	301.0
255.12593791368366	305.0
255.1359385384304	308.0
255.1459391631771	312.0
255.15593978792384	312.0
255.16594041267055	312.0
255.1759410374173	312.0
255.185941662164	308.0
255.19594228691074	305.0
255.20594291165744	298.0
255.21594353640418	294.0
255.22594416115092	291.0
255.23594478589763	288.0
255.24594541064437	288.0
255.25594603539108	288.0
255.2659466601378	288.0
255.27594728488452	288.0
255.28594790963126	291.0
255.29594853437797	291.0
255.3059491591247	291.0
255.31594978387142	291.0
255.32595040861816	291.0
255.33595103336486	291.0
255.3459516581116	291.0
255.3559522828583	291.0
255.36595290760505	291.0
255.37595353235176	291.0
255.3859541570985	291.0
255.39595478184523	288.0
255.40595540659194	0.0
255.41595603133868	0.0
255.4259566560854	0.0
255.43595728083213	0.0
255.44595790557884	0.0
255.45595853032557	0.0
255.46595915507228	0.0
255.47595977981902	0.0
255.48596040456573	0.0
255.49596102931247	0.0
255.50596165405918	0.0
255.51596227880592	0.0
255.52596290355262	0.0
255.53596352829936	0.0
255.54596415304607	0.0
255.5559647777928	0.0
255.56596540253955	0.0
255.57596602728626	0.0
255.585966652033	0.0
255.5959672767797	0.0
255.60596790152644	0.0
255.61596852627315	0.0
255.6259691510199	0.0
255.6359697757666	0.0
255.64597040051333	0.0
255.65597102526004	0.0
255.66597165000678	0.0
255.6759722747535	0.0
255.68597289950023	0.0
255.69597352424694	0.0
255.70597414899368	0.0
255.71597477374038	0.0
255.72597539848712	0.0
255.73597602323383	0.0
255.74597664798057	0.0
255.7559772727273	0.0
255.76597789747402	0.0
255.77597852222075	0.0
255.78597914696746	0.0
255.7959797717142	0.0
255.8059803964609	0.0
255.81598102120765	0.0
255.82598164595436	0.0
255.8359822707011	0.0
255.8459828954478	0.0
255.85598352019454	0.0
255.86598414494125	0.0
255.875984769688	0.0
255.8859853944347	0.0
255.89598601918144	0.0
255.90598664392814	0.0
255.91598726867488	0.0
255.92598789342162	0.0
255.93598851816833	0.0
255.94598914291507	0.0
255.95598976766178	0.0
255.96599039240851	0.0
255.97599101715522	0.0
255.98599164190196	0.0
255.99599226664867	0.0
256.0059928913954	0.0
256.01599351614215	0.0
256.0259941408888	0.0
256.03599476563556	0.0
256.0459953903823	0.0
256.05599601512904	0.0
256.0659966398757	0.0
256.07599726462246	0.0
256.0859978893692	0.0
256.09599851411593	0.0
256.10599913886267	0.0
256.11599976360935	0.0
256.1260003883561	0.0
256.1360010131028	0.0
256.14600163784957	0.0
256.15600226259625	0.0
256.166002887343	0.0
256.1760035120897	0.0
256.18600413683646	0.0
256.19600476158314	0.0
256.2060053863299	0.0
256.2160060110766	0.0
256.22600663582335	0.0
256.23600726057003	0.0
256.24600788531677	0.0
256.2560085100635	0.0
256.26600913481025	0.0
256.276009759557	0.0
256.28601038430367	0.0
256.2960110090504	0.0
256.30601163379714	0.0
256.3160122585439	0.0
256.32601288329056	0.0
256.3360135080373	0.0
256.34601413278403	0.0
256.3560147575308	0.0
256.36601538227745	0.0
256.3760160070242	0.0
256.38601663177093	0.0
256.39601725651767	0.0
256.40601788126435	0.0
256.4160185060111	0.0
256.4260191307578	0.0
256.43601975550456	0.0
256.4460203802513	0.0
256.456021004998	0.0
256.4660216297447	0.0
256.47602225449145	0.0
256.4860228792382	0.0
256.4960235039849	0.0
256.5060241287316	0.0
256.51602475347835	0.0
256.5260253782251	0.0
256.53602600297177	0.0
256.5460266277185	0.0
256.55602725246524	0.0
256.566027877212	0.0
256.57602850195866	0.0
256.5860291267054	213.0
256.59602975145214	213.0
256.6060303761989	220.0
256.6160310009456	228.0
256.6260316256923	234.0
256.63603225043903	239.0
256.64603287518577	245.0
256.6560334999325	248.0
256.6660341246792	250.0
256.6760347494259	250.0
256.68603537417266	253.0
256.6960359989194	256.0
256.7060366236661	259.0
256.7160372484128	265.0
256.72603787315956	272.0
256.7360384979063	281.0
256.746039122653	288.0
256.7560397473997	298.0
256.76604037214645	305.0
256.7760409968932	312.0
256.7860416216399	323.0
256.7960422463866	334.0
256.80604287113334	342.0
256.8160434958801	350.0
256.8260441206268	350.0
256.8360447453735	354.0
256.84604537012024	354.0
256.856045994867	350.0
256.8660466196137	350.0
256.8760472443604	346.0
256.88604786910713	342.0
256.89604849385387	338.0
256.9060491186006	338.0
256.9160497433473	334.0
256.926050368094	334.0
256.93605099284076	331.0
256.9460516175875	327.0
256.95605224233424	327.0
256.9660528670809	327.0
256.97605349182766	327.0
256.9860541165744	327.0
256.99605474132113	327.0
257.0060553660678	331.0
257.01605599081455	331.0
257.0260566155613	338.0
257.036057240308	342.0
257.0460578650547	350.0
257.05605848980144	354.0
257.0660591145482	363.0
257.0760597392949	367.0
257.0860603640416	367.0
257.09606098878834	367.0
257.1060616135351	367.0
257.1160622382818	363.0
257.12606286302855	358.0
257.13606348777523	354.0
257.14606411252197	350.0
257.1560647372687	342.0
257.16606536201544	338.0
257.1760659867621	334.0
257.18606661150886	334.0
257.1960672362556	331.0
257.20606786100234	331.0
257.216068485749	331.0
257.22606911049576	331.0
257.2360697352425	331.0
257.24607035998923	331.0
257.2560709847359	334.0
257.26607160948265	338.0
257.2760722342294	346.0
257.2860728589761	350.0
257.29607348372286	350.0
257.30607410846955	358.0
257.3160747332163	363.0
257.326075357963	367.0
257.33607598270976	367.0
257.34607660745644	371.0
257.3560772322032	367.0
257.3660778569499	367.0
257.37607848169665	363.0
257.38607910644333	358.0
257.39607973119007	354.0
257.4060803559368	346.0
257.41608098068355	342.0
257.4260816054302	338.0
257.43608223017696	334.0
257.4460828549237	334.0
257.45608347967044	331.0
257.4660841044172	331.0
257.47608472916386	331.0
257.4860853539106	331.0
257.49608597865733	331.0
257.50608660340407	334.0
257.51608722815075	342.0
257.5260878528975	350.0
257.5360884776442	354.0
257.54608910239097	367.0
257.55608972713765	380.0
257.5660903518844	389.0
257.5760909766311	398.0
257.58609160137786	407.0
257.59609222612454	412.0
257.6060928508713	417.0
257.616093475618	421.0
257.62609410036475	426.0
257.6360947251115	426.0
257.6460953498582	426.0
257.6560959746049	426.0
257.66609659935165	431.0
257.6760972240984	431.0
257.68609784884507	431.0
257.6960984735918	431.0
257.70609909833854	431.0
257.7160997230853	431.0
257.72610034783196	431.0
257.7361009725787	431.0
257.74610159732543	431.0
257.7561022220722	431.0
257.76610284681885	431.0
257.7761034715656	431.0
257.78610409631233	431.0
257.79610472105907	431.0
257.8061053458058	431.0
257.8161059705525	431.0
257.8261065952992	431.0
257.83610722004596	431.0
257.8461078447927	431.0
257.8561084695394	417.0
257.8661090942861	407.0
257.87610971903285	402.0
257.8861103437796	402.0
257.8961109685263	402.0
257.906111593273	407.0
257.91611221801975	417.0
257.9261128427665	421.0
257.93611346751317	426.0
257.9461140922599	436.0
257.95611471700664	436.0
257.9661153417534	436.0
257.9761159665001	436.0
257.9861165912468	436.0
257.99611721599354	431.0
258.0061178407403	431.0
258.016118465487	431.0
258.0261190902337	431.0
258.03611971498043	431.0
258.04612033972717	431.0
258.0561209644739	431.0
258.0661215892206	431.0
258.0761222139673	431.0
258.08612283871406	431.0
258.0961234634608	431.0
258.1061240882075	0.0
258.1161247129542	431.0
258.12612533770096	431.0
258.1361259624477	431.0
258.14612658719443	431.0
258.1561272119411	426.0
258.16612783668785	421.0
258.1761284614346	417.0
258.1861290861813	412.0
258.196129710928	412.0
258.20613033567474	0.0
258.2161309604215	0.0
258.2261315851682	412.0
258.2361322099149	412.0
258.24613283466164	0.0
258.2561334594084	417.0
258.2661340841551	417.0
258.2761347089018	421.0
258.28613533364853	426.0
258.29613595839527	431.0
258.306136583142	436.0
258.31613720788874	436.0
258.3261378326354	436.0
258.33613845738216	436.0
258.3461390821289	436.0
258.35613970687564	436.0
258.3661403316223	436.0
258.37614095636906	436.0
258.3861415811158	436.0
258.39614220586253	436.0
258.4061428306092	436.0
258.41614345535595	436.0
258.4261440801027	0.0
258.4361447048494	0.0
258.4461453295961	431.0
258.45614595434284	431.0
258.4661465790896	426.0
258.4761472038363	417.0
258.48614782858306	417.0
258.49614845332974	412.0
258.5061490780765	412.0
258.5161497028232	412.0
258.52615032756995	412.0
258.53615095231663	412.0
258.54615157706337	412.0
258.5561522018101	412.0
258.56615282655684	417.0
258.5761534513035	421.0
258.58615407605026	421.0
258.596154700797	426.0
258.60615532554374	426.0
258.6161559502904	426.0
258.62615657503716	431.0
258.6361571997839	431.0
258.64615782453063	431.0
258.6561584492773	431.0
258.66615907402405	431.0
258.6761596987708	431.0
258.6861603235175	431.0
258.69616094826426	431.0
258.70616157301095	426.0
258.7161621977577	426.0
258.7261628225044	421.0
258.73616344725116	417.0
258.74616407199784	412.0
258.7561646967446	412.0
258.7661653214913	412.0
258.77616594623805	412.0
258.78616657098473	412.0
258.79616719573147	412.0
258.8061678204782	412.0
258.81616844522495	412.0
258.8261690699716	412.0
258.83616969471836	412.0
258.8461703194651	426.0
258.85617094421184	431.0
258.8661715689586	441.0
258.87617219370526	441.0
258.886172818452	441.0
258.89617344319873	436.0
258.90617406794547	436.0
258.91617469269215	431.0
258.9261753174389	431.0
258.9361759421856	431.0
258.94617656693237	431.0
258.95617719167905	431.0
258.9661778164258	431.0
258.9761784411725	426.0
258.98617906591926	426.0
258.99617969066594	421.0
259.0061803154127	421.0
259.0161809401594	417.0
259.02618156490615	417.0
259.0361821896529	412.0
259.0461828143996	412.0
259.0561834391463	412.0
259.06618406389305	417.0
259.0761846886398	417.0
259.08618531338647	417.0
259.0961859381332	421.0
259.10618656287994	426.0
259.1161871876267	431.0
259.12618781237336	441.0
259.1361884371201	447.0
259.14618906186683	447.0
259.1561896866136	447.0
259.16619031136025	452.0
259.176190936107	452.0
259.18619156085373	452.0
259.19619218560047	452.0
259.2061928103472	447.0
259.2161934350939	441.0
259.2261940598406	441.0
259.23619468458736	436.0
259.2461953093341	431.0
259.2561959340808	431.0
259.2661965588275	426.0
259.27619718357425	426.0
259.286197808321	426.0
259.2961984330677	431.0
259.3061990578144	436.0
259.31619968256115	447.0
259.3262003073079	457.0
259.33620093205457	473.0
259.3462015568013	484.0
259.35620218154804	496.0
259.3662028062948	501.0
259.3762034310415	501.0
259.3862040557882	496.0
259.39620468053494	484.0
259.4062053052817	462.0
259.4162059300284	452.0
259.4262065547751	436.0
259.43620717952183	426.0
259.44620780426857	421.0
259.4562084290153	421.0
259.466209053762	421.0
259.4762096785087	426.0
259.48621030325546	431.0
259.4962109280022	431.0
259.5062115527489	436.0
259.5162121774956	436.0
259.52621280224236	436.0
259.5362134269891	436.0
259.54621405173583	436.0
259.5562146764825	436.0
259.56621530122925	431.0
259.576215925976	426.0
259.5862165507227	421.0
259.5962171754694	417.0
259.60621780021614	417.0
259.6162184249629	421.0
259.6262190497096	426.0
259.6362196744563	436.0
259.64622029920304	447.0
259.6562209239498	452.0
259.6662215486965	457.0
259.6762221734432	452.0
259.68622279818993	441.0
259.69622342293667	426.0
259.7062240476834	398.0
259.71622467243014	389.0
259.7262252971768	384.0
259.73622592192356	354.0
259.7462265466703	338.0
259.75622717141704	334.0
259.7662277961637	334.0
259.77622842091046	331.0
259.7862290456572	331.0
259.79622967040393	331.0
259.8062302951506	327.0
259.81623091989735	327.0
259.8262315446441	327.0
259.8362321693908	327.0
259.8462327941375	327.0
259.85623341888424	327.0
259.866234043631	327.0
259.8762346683777	331.0
259.88623529312446	331.0
259.89623591787114	331.0
259.9062365426179	331.0
259.9162371673646	331.0
259.92623779211135	331.0
259.93623841685803	331.0
259.94623904160477	327.0
259.9562396663515	327.0
259.96624029109825	327.0
259.9762409158449	327.0
259.98624154059166	331.0
259.9962421653384	334.0
260.00624279008514	338.0
260.0162434148318	342.0
260.02624403957856	346.0
260.0362446643253	350.0
260.04624528907203	354.0
260.05624591381877	354.0
260.06624653856545	350.0
260.0762471633122	350.0
260.0862477880589	346.0
260.09624841280566	342.0
260.10624903755235	338.0
260.1162496622991	334.0
260.1262502870458	331.0
260.13625091179256	331.0
260.14625153653924	327.0
260.156252161286	327.0
260.1662527860327	331.0
260.17625341077945	338.0
260.18625403552613	342.0
260.19625466027287	350.0
260.2062552850196	363.0
260.21625590976635	371.0
260.2262565345131	375.0
260.23625715925976	380.0
260.2462577840065	375.0
260.25625840875324	367.0
260.2662590335	354.0
260.27625965824666	331.0
260.2862602829934	316.0
260.29626090774013	305.0
260.3062615324869	294.0
260.31626215723355	288.0
260.3262627819803	288.0
260.336263406727	288.0
260.34626403147377	294.0
260.35626465622045	298.0
260.3662652809672	305.0
260.3762659057139	312.0
260.38626653046066	316.0
260.3962671552074	319.0
260.4062677799541	316.0
260.4162684047008	316.0
260.42626902944755	312.0
260.4362696541943	308.0
260.446270278941	305.0
260.4562709036877	298.0
260.46627152843445	294.0
260.4762721531812	291.0
260.48627277792787	291.0
260.4962734026746	294.0
260.50627402742134	294.0
260.5162746521681	298.0
260.52627527691476	298.0
260.5362759016615	298.0
260.54627652640823	294.0
260.556277151155	294.0
260.5662777759017	291.0
260.5762784006484	288.0
260.58627902539513	284.0
260.59627965014187	281.0
260.6062802748886	278.0
260.6162808996353	275.0
260.626281524382	275.0
260.63628214912876	275.0
260.6462827738755	278.0
260.6562833986222	281.0
260.6662840233689	323.0
260.67628464811565	327.0
260.6862852728624	334.0
260.6962858976091	342.0
260.7062865223558	350.0
260.71628714710255	358.0
260.7262877718493	363.0
260.736288396596	363.0
260.7462890213427	363.0
260.75628964608944	358.0
260.7662902708362	358.0
260.7762908955829	354.0
260.7862915203296	350.0
260.79629214507634	346.0
260.8062927698231	342.0
260.8162933945698	338.0
260.8262940193165	334.0
260.83629464406323	331.0
260.84629526880997	327.0
260.8562958935567	323.0
260.8662965183034	0.0
260.8762971430501	0.0
260.88629776779686	0.0
260.8962983925436	323.0
260.90629901729034	323.0
260.916299642037	0.0
260.92630026678376	0.0
260.9363008915305	0.0
260.94630151627723	0.0
260.9563021410239	0.0
260.96630276577065	0.0
260.9763033905174	0.0
260.9863040152641	0.0
260.9963046400108	0.0
261.00630526475754	0.0
261.0163058895043	0.0
261.026306514251	0.0
261.0363071389977	0.0
261.04630776374444	0.0
261.0563083884912	0.0
261.0663090132379	0.0
261.07630963798465	0.0
261.08631026273133	0.0
261.09631088747807	0.0
261.1063115122248	0.0
261.11631213697154	0.0
261.1263127617182	0.0
261.13631338646496	0.0
261.1463140112117	0.0
261.15631463595844	0.0
261.1663152607051	0.0
261.17631588545186	0.0
261.1863165101986	0.0
261.19631713494533	0.0
261.206317759692	0.0
261.21631838443875	0.0
261.2263190091855	0.0
261.2363196339322	0.0
261.24632025867896	0.0
261.25632088342564	0.0
261.2663215081724	0.0
261.2763221329191	0.0
261.28632275766586	0.0
261.29632338241254	0.0
261.3063240071593	0.0
261.316324631906	0.0
261.32632525665275	0.0
261.33632588139943	0.0
261.34632650614617	0.0
261.3563271308929	0.0
261.36632775563965	0.0
261.3763283803863	0.0
261.38632900513306	0.0
261.3963296298798	0.0
261.40633025462654	0.0
261.4163308793733	0.0
261.42633150411996	0.0
261.4363321288667	0.0
261.44633275361343	0.0
261.45633337836017	0.0
261.46633400310685	0.0
261.4763346278536	0.0
261.4863352526003	0.0
261.49633587734706	0.0
261.50633650209375	0.0
261.5163371268405	0.0
261.5263377515872	0.0
261.53633837633396	0.0
261.54633900108064	0.0
261.5563396258274	0.0
261.5663402505741	0.0
261.57634087532085	0.0
261.5863415000676	0.0
261.59634212481427	0.0
261.606342749561	0.0
261.61634337430775	0.0
261.6263439990545	0.0
261.63634462380116	0.0
261.6463452485479	265.0
261.65634587329464	272.0
261.6663464980414	278.0
261.67634712278806	291.0
261.6863477475348	312.0
261.69634837228153	334.0
261.7063489970283	342.0
261.71634962177495	346.0
261.7263502465217	346.0
261.7363508712684	342.0
261.74635149601517	342.0
261.7563521207619	338.0
261.7663527455086	334.0
261.7763533702553	331.0
261.78635399500206	323.0
261.7963546197488	323.0
261.8063552444955	319.0
261.8163558692422	316.0
261.82635649398895	316.0
261.8363571187357	316.0
261.8463577434824	316.0
261.8563583682291	316.0
261.86635899297585	319.0
261.8763596177226	323.0
261.88636024246927	327.0
261.896360867216	334.0
261.90636149196274	338.0
261.9163621167095	342.0
261.9263627414562	346.0
261.9363633662029	350.0
261.94636399094964	354.0
261.9563646156964	358.0
261.9663652404431	358.0
261.9763658651898	358.0
261.98636648993653	354.0
261.99636711468327	354.0
262.00636773943	350.0
262.0163683641767	346.0
262.0263689889234	346.0
262.03636961367016	342.0
262.0463702384169	338.0
262.0563708631636	334.0
262.0663714879103	334.0
262.07637211265705	331.0
262.0863727374038	331.0
262.09637336215053	331.0
262.1063739868972	327.0
262.11637461164395	323.0
262.1263752363907	319.0
262.1363758611374	316.0
262.1463764858841	312.0
262.15637711063084	316.0
262.1663777353776	319.0
262.1763783601243	323.0
262.186378984871	327.0
262.19637960961774	334.0
262.2063802343645	342.0
262.2163808591112	358.0
262.2263814838579	367.0
262.23638210860463	367.0
262.24638273335137	367.0
262.2563833580981	367.0
262.26638398284484	363.0
262.2763846075915	358.0
262.28638523233826	350.0
262.296385857085	346.0
262.30638648183174	338.0
262.3163871065784	334.0
262.32638773132516	327.0
262.3363883560719	323.0
262.34638898081863	323.0
262.3563896055653	323.0
262.36639023031205	331.0
262.3763908550588	334.0
262.3863914798055	342.0
262.3963921045522	350.0
262.40639272929894	354.0
262.4163933540457	358.0
262.4263939787924	363.0
262.43639460353916	363.0
262.44639522828584	363.0
262.4563958530326	358.0
262.4663964777793	350.0
262.47639710252605	342.0
262.48639772727273	338.0
262.49639835201947	334.0
262.5063989767662	327.0
262.51639960151294	327.0
262.5264002262596	323.0
262.53640085100636	327.0
262.5464014757531	334.0
262.55640210049984	350.0
262.5664027252465	363.0
262.57640334999326	380.0
262.58640397474	398.0
262.59640459948673	412.0
262.6064052242334	421.0
262.61640584898015	426.0
262.6264064737269	431.0
262.6364070984736	431.0
262.64640772322036	426.0
262.65640834796704	417.0
262.6664089727138	407.0
262.6764095974605	402.0
262.68641022220726	398.0
262.69641084695394	398.0
262.7064114717007	393.0
262.7164120964474	398.0
262.72641272119415	402.0
262.73641334594083	407.0
262.74641397068757	417.0
262.7564145954343	426.0
262.76641522018105	431.0
262.7764158449277	436.0
262.78641646967446	441.0
262.7964170944212	441.0
262.80641771916794	441.0
262.8164183439147	436.0
262.82641896866136	431.0
262.8364195934081	426.0
262.84642021815483	421.0
262.85642084290157	421.0
262.86642146764825	421.0
262.876422092395	421.0
262.8864227171417	421.0
262.89642334188846	426.0
262.90642396663515	431.0
262.9164245913819	441.0
262.9264252161286	447.0
262.93642584087536	452.0
262.94642646562204	457.0
262.9564270903688	457.0
262.9664277151155	452.0
262.97642833986225	447.0
262.986428964609	436.0
262.99642958935567	426.0
263.0064302141024	421.0
263.01643083884915	421.0
263.0264314635959	421.0
263.03643208834256	426.0
263.0464327130893	436.0
263.05643333783604	452.0
263.0664339625828	473.0
263.07643458732946	490.0
263.0864352120762	507.0
263.09643583682293	513.0
263.1064364615697	513.0
263.11643708631635	507.0
263.1264377110631	490.0
263.1364383358098	479.0
263.14643896055657	452.0
263.1564395853033	436.0
263.16644021005	426.0
263.1764408347967	421.0
263.18644145954346	421.0
263.1964420842902	426.0
263.2064427090369	431.0
263.2164433337836	436.0
263.22644395853035	441.0
263.2364445832771	441.0
263.2464452080238	441.0
263.2564458327705	441.0
263.26644645751725	436.0
263.276447082264	426.0
263.28644770701067	417.0
263.2964483317574	412.0
263.30644895650414	412.0
263.3164495812509	421.0
263.3264502059976	431.0
263.3364508307443	441.0
263.34645145549104	457.0
263.3564520802378	462.0
263.3664527049845	462.0
263.3764533297312	452.0
263.38645395447793	441.0
263.39645457922467	421.0
263.4064552039714	371.0
263.4164558287181	367.0
263.4264564534648	363.0
263.43645707821156	342.0
263.4464577029583	331.0
263.456458327705	327.0
263.4664589524517	327.0
263.47645957719845	327.0
263.4864602019452	327.0
263.49646082669193	327.0
263.5064614514386	327.0
263.51646207618535	327.0
263.5264627009321	327.0
263.5364633256788	331.0
263.5464639504255	331.0
263.55646457517224	334.0
263.566465199919	334.0
263.5764658246657	334.0
263.5864664494124	331.0
263.59646707415914	331.0
263.6064676989059	331.0
263.6164683236526	331.0
263.6264689483993	331.0
263.63646957314603	331.0
263.64647019789277	331.0
263.6564708226395	334.0
263.66647144738624	338.0
263.6764720721329	342.0
263.68647269687966	346.0
263.6964733216264	346.0
263.70647394637314	350.0
263.7164745711198	354.0
263.72647519586656	354.0
263.7364758206133	354.0
263.74647644536003	350.0
263.7564770701067	342.0
263.76647769485345	338.0
263.7764783196002	334.0
263.7864789443469	334.0
263.7964795690936	334.0
263.80648019384034	334.0
263.8164808185871	334.0
263.8264814433338	338.0
263.83648206808056	346.0
263.84648269282724	358.0
263.856483317574	371.0
263.8664839423207	384.0
263.87648456706745	393.0
263.88648519181413	393.0
263.89648581656087	389.0
263.9064864413076	380.0
263.91648706605434	358.0
263.926487690801	342.0
263.93648831554776	334.0
263.9464889402945	323.0
263.95648956504124	312.0
263.9664901897879	305.0
263.97649081453466	298.0
263.9864914392814	294.0
263.99649206402813	298.0
264.00649268877487	305.0
264.01649331352155	308.0
264.0264939382683	316.0
264.036494563015	323.0
264.04649518776176	327.0
264.05649581250844	323.0
264.0664964372552	319.0
264.0764970620019	308.0
264.08649768674866	301.0
264.09649831149534	294.0
264.1064989362421	288.0
264.1164995609888	288.0
264.12650018573555	288.0
264.13650081048223	291.0
264.14650143522897	294.0
264.1565020599757	298.0
264.16650268472245	301.0
264.1765033094692	305.0
264.18650393421586	308.0
264.1965045589626	305.0
264.20650518370934	0.0
264.2165058084561	0.0
264.22650643320276	0.0
264.2365070579495	436.0
264.24650768269623	0.0
264.25650830744297	0.0
264.26650893218965	0.0
264.2765095569364	0.0
264.2865101816831	479.0
264.29651080642986	479.0
264.30651143117655	473.0
264.3165120559233	468.0
264.32651268067	0.0
264.33651330541676	0.0
264.3465139301635	0.0
264.3565145549102	0.0
264.3665151796569	0.0
264.37651580440365	0.0
264.3865164291504	0.0
264.39651705389707	0.0
264.4065176786438	0.0
264.41651830339055	0.0
264.4265189281373	0.0
264.43651955288396	0.0
264.4465201776307	0.0
264.45652080237744	0.0
264.4665214271242	0.0
264.47652205187086	0.0
264.4865226766176	0.0
264.49652330136433	421.0
264.5065239261111	0.0
264.5165245508578	0.0
264.5265251756045	0.0
264.5365258003512	0.0
264.54652642509797	0.0
264.5565270498447	0.0
264.5665276745914	0.0
264.5765282993381	0.0
264.58652892408486	0.0
264.5965295488316	0.0
264.6065301735783	0.0
264.616530798325	0.0
264.62653142307175	0.0
264.6365320478185	0.0
264.6465326725652	0.0
264.6565332973119	0.0
264.66653392205865	0.0
264.6765345468054	0.0
264.6865351715521	0.0
264.6965357962988	0.0
264.70653642104554	0.0
264.7165370457923	0.0
264.726537670539	0.0
264.7365382952857	0.0
264.74653892003244	0.0
264.7565395447792	0.0
264.7665401695259	0.0
264.7765407942726	0.0
264.78654141901933	0.0
264.79654204376607	0.0
264.8065426685128	0.0
264.8165432932595	0.0
264.8265439180062	0.0
264.83654454275296	0.0
264.8465451674997	0.0
264.85654579224644	0.0
264.8665464169931	0.0
264.87654704173985	0.0
264.8865476664866	0.0
264.89654829123333	0.0
264.90654891598	0.0
264.91654954072675	0.0
264.9265501654735	0.0
264.9365507902202	0.0
264.9465514149669	265.0
264.95655203971364	268.0
264.9665526644604	272.0
264.9765532892071	284.0
264.9865539139538	298.0
264.99655453870054	312.0
265.0065551634473	331.0
265.016555788194	342.0
265.02655641294075	342.0
265.03655703768743	342.0
265.04655766243417	342.0
265.0565582871809	338.0
265.06655891192764	338.0
265.0765595366743	331.0
265.08656016142106	327.0
265.0965607861678	323.0
265.10656141091454	319.0
265.1165620356612	319.0
265.12656266040796	323.0
265.1365632851547	327.0
265.14656390990143	334.0
265.1565645346481	342.0
265.16656515939485	354.0
265.1765657841416	367.0
265.1865664088883	371.0
265.19656703363506	375.0
265.20656765838174	375.0
265.2165682831285	371.0
265.2265689078752	363.0
265.23656953262196	350.0
265.24657015736864	342.0
265.2565707821154	338.0
265.2665714068621	334.0
265.27657203160885	334.0
265.28657265635553	334.0
265.29657328110227	334.0
265.306573905849	338.0
265.31657453059574	342.0
265.3265751553424	354.0
265.33657578008916	375.0
265.3465764048359	393.0
265.35657702958264	407.0
265.3665776543294	417.0
265.37657827907606	426.0
265.3865789038228	431.0
265.39657952856953	431.0
265.40658015331627	426.0
265.41658077806295	417.0
265.4265814028097	407.0
265.4365820275564	402.0
265.44658265230316	398.0
265.45658327704984	398.0
265.4665839017966	398.0
265.4765845265433	402.0
265.48658515129006	407.0
265.49658577603674	412.0
265.5065864007835	417.0
265.5165870255302	431.0
265.52658765027695	436.0
265.5365882750237	447.0
265.54658889977037	447.0
265.5565895245171	447.0
265.56659014926385	447.0
265.5765907740106	441.0
265.58659139875726	436.0
265.596592023504	431.0
265.60659264825074	426.0
265.6165932729975	426.0
265.62659389774416	426.0
265.6365945224909	431.0
265.64659514723763	436.0
265.65659577198437	441.0
265.66659639673105	452.0
265.6765970214778	457.0
265.6865976462245	462.0
265.69659827097126	468.0
265.706598895718	473.0
265.7165995204647	468.0
265.7266001452114	462.0
265.73660076995816	457.0
265.7466013947049	447.0
265.7566020194516	441.0
265.7666026441983	436.0
265.77660326894505	436.0
265.7866038936918	436.0
265.79660451843847	447.0
265.8066051431852	457.0
265.81660576793195	473.0
265.8266063926787	490.0
265.83660701742537	501.0
265.8466076421721	513.0
265.85660826691884	513.0
265.8666088916656	507.0
265.8766095164123	496.0
265.886610141159	479.0
265.89661076590573	462.0
265.9066113906525	436.0
265.9166120153992	426.0
265.9266126401459	421.0
265.9366132648926	421.0
265.94661388963937	426.0
265.9566145143861	431.0
265.9666151391328	431.0
265.9766157638795	436.0
265.98661638862626	436.0
265.996617013373	436.0
266.0066176381197	436.0
266.0166182628664	431.0
266.02661888761315	426.0
266.0366195123599	417.0
266.04662013710663	417.0
266.0566207618533	417.0
266.06662138660005	426.0
266.0766220113468	436.0
266.0866226360935	447.0
266.0966232608402	452.0
266.10662388558694	452.0
266.1166245103337	447.0
266.1266251350804	441.0
266.1366257598271	431.0
266.14662638457384	407.0
266.1566270093206	389.0
266.1666276340673	371.0
266.176628258814	358.0
266.18662888356073	342.0
266.19662950830747	338.0
266.2066301330542	334.0
266.21663075780094	331.0
266.2266313825476	327.0
266.23663200729436	327.0
266.2466326320411	327.0
266.25663325678784	327.0
266.2666338815345	327.0
266.27663450628125	327.0
266.286635131028	327.0
266.29663575577473	327.0
266.3066363805214	327.0
266.31663700526815	331.0
266.3266376300149	331.0
266.3366382547616	331.0
266.3466388795083	331.0
266.35663950425504	331.0
266.3666401290018	331.0
266.3766407537485	331.0
266.38664137849526	331.0
266.39664200324194	327.0
266.4066426279887	327.0
266.4166432527354	327.0
266.42664387748215	331.0
266.43664450222883	334.0
266.44664512697557	338.0
266.4566457517223	346.0
266.46664637646904	350.0
266.4766470012157	358.0
266.48664762596246	363.0
266.4966482507092	363.0
266.50664887545594	363.0
266.5166495002026	363.0
266.52665012494936	363.0
266.5366507496961	358.0
266.54665137444283	354.0
266.5566519991895	346.0
266.56665262393625	342.0
266.576653248683	338.0
266.5866538734297	334.0
266.59665449817646	334.0
266.60665512292314	331.0
266.6166557476699	331.0
266.6266563724166	327.0
266.63665699716336	342.0
266.64665762191004	380.0
266.6566582466568	398.0
266.6666588714035	431.0
266.67665949615025	462.0
266.68666012089693	479.0
266.69666074564367	537.0
266.7066613703904	531.0
266.71666199513714	525.0
266.7266626198838	519.0
266.73666324463056	496.0
266.7466638693773	473.0
266.75666449412404	457.0
266.7666651188708	436.0
266.77666574361746	431.0
266.7866663683642	426.0
266.79666699311093	431.0
266.80666761785767	436.0
266.81666824260435	441.0
266.8266688673511	447.0
266.8366694920978	452.0
266.84667011684456	452.0
266.85667074159124	447.0
266.866671366338	441.0
266.8766719910847	436.0
266.88667261583146	431.0
266.89667324057814	431.0
266.9066738653249	441.0
266.9166744900716	452.0
266.92667511481835	462.0
266.9366757395651	473.0
266.94667636431177	473.0
266.9566769890585	468.0
266.96667761380525	462.0
266.976678238552	447.0
266.98667886329866	421.0
266.9966794880454	389.0
267.00668011279214	371.0
267.0166807375389	358.0
267.02668136228556	350.0
267.0366819870323	342.0
267.04668261177903	342.0
267.05668323652577	338.0
267.06668386127245	338.0
267.0766844860192	338.0
267.0866851107659	338.0
267.09668573551266	338.0
267.1066863602594	338.0
267.1166869850061	338.0
267.1266876097528	338.0
267.13668823449956	338.0
267.1466888592463	338.0
267.156689483993	338.0
267.1666901087397	338.0
267.17669073348645	338.0
267.1866913582332	338.0
267.19669198297987	338.0
267.2066926077266	338.0
267.21669323247335	338.0
267.2266938572201	338.0
267.23669448196677	338.0
267.2466951067135	338.0
267.25669573146024	342.0
267.266696356207	350.0
267.2766969809537	354.0
267.2866976057004	358.0
267.29669823044713	363.0
267.3066988551939	363.0
267.3166994799406	358.0
267.3267001046873	354.0
267.336700729434	350.0
267.34670135418077	346.0
267.3567019789275	338.0
267.3667026036742	334.0
267.3767032284209	334.0
267.38670385316766	334.0
267.3967044779144	334.0
267.4067051026611	334.0
267.4167057274078	338.0
267.42670635215455	342.0
267.4367069769013	354.0
267.44670760164803	367.0
267.4567082263947	371.0
267.46670885114145	375.0
267.4767094758882	380.0
267.4867101006349	375.0
267.4967107253816	367.0
267.50671135012834	346.0
267.5167119748751	323.0
267.5267125996218	312.0
267.5367132243685	319.0
267.54671384911524	312.0
267.556714473862	291.0
267.5667150986087	291.0
267.5767157233554	294.0
267.58671634810213	305.0
267.59671697284887	308.0
267.6067175975956	316.0
267.61671822234234	319.0
267.626718847089	316.0
267.63671947183576	308.0
267.6467200965825	301.0
267.65672072132924	298.0
267.6667213460759	291.0
267.67672197082265	288.0
267.6867225955694	288.0
267.69672322031613	291.0
267.7067238450628	294.0
267.71672446980955	298.0
267.7267250945563	301.0
267.736725719303	301.0
267.7467263440497	298.0
267.75672696879644	294.0
267.7667275935432	291.0
267.7767282182899	284.0
267.78672884303666	281.0
267.79672946778334	281.0
267.8067300925301	281.0
267.8167307172768	284.0
267.82673134202355	288.0
267.83673196677023	294.0
267.84673259151697	305.0
267.8567332162637	312.0
267.86673384101044	312.0
267.8767344657571	316.0
267.88673509050386	319.0
267.8967357152506	323.0
267.90673633999734	327.0
267.916736964744	334.0
267.92673758949076	342.0
267.9367382142375	354.0
267.94673883898423	363.0
267.95673946373097	367.0
267.96674008847765	363.0
267.9767407132244	358.0
267.9867413379711	354.0
267.99674196271786	350.0
268.00674258746454	346.0
268.0167432122113	342.0
268.026743836958	334.0
268.03674446170476	331.0
268.04674508645144	323.0
268.0567457111982	319.0
268.0667463359449	319.0
268.07674696069165	316.0
268.08674758543833	319.0
268.09674821018507	319.0
268.1067488349318	0.0
268.11674945967854	0.0
268.1267500844253	0.0
268.13675070917196	0.0
268.1467513339187	389.0
268.15675195866544	393.0
268.1667525834122	393.0
268.17675320815886	393.0
268.1867538329056	0.0
268.19675445765233	0.0
268.20675508239907	0.0
268.21675570714575	0.0
268.2267563318925	0.0
268.2367569566392	0.0
268.24675758138596	0.0
268.25675820613264	0.0
268.2667588308794	0.0
268.2767594556261	0.0
268.28676008037286	0.0
268.2967607051196	0.0
268.3067613298663	0.0
268.316761954613	0.0
268.32676257935975	0.0
268.3367632041065	0.0
268.34676382885317	0.0
268.3567644535999	0.0
268.36676507834665	0.0
268.3767657030934	0.0
268.38676632784006	0.0
268.3967669525868	253.0
268.40676757733354	265.0
268.4167682020803	272.0
268.42676882682696	281.0
268.4367694515737	291.0
268.44677007632043	294.0
268.45677070106717	294.0
268.4667713258139	298.0
268.4767719505606	298.0
268.4867725753073	298.0
268.49677320005407	294.0
268.5067738248008	291.0
268.5167744495475	291.0
268.5267750742942	288.0
268.53677569904096	284.0
268.5467763237877	284.0
268.5567769485344	288.0
268.5667775732811	294.0
268.57677819802785	294.0
268.5867788227746	294.0
268.59677944752127	294.0
268.606780072268	294.0
268.61678069701475	294.0
268.6267813217615	291.0
268.6367819465082	288.0
268.6467825712549	281.0
268.65678319600164	281.0
268.6667838207484	278.0
268.6767844454951	278.0
268.6867850702418	278.0
268.69678569498853	278.0
268.7067863197353	281.0
268.716786944482	284.0
268.7267875692287	291.0
268.7367881939754	298.0
268.74678881872217	301.0
268.7567894434689	301.0
268.7667900682156	298.0
268.7767906929623	288.0
268.78679131770906	278.0
268.7967919424558	265.0
268.80679256720254	256.0
268.8167931919492	262.0
268.82679381669595	248.0
268.8367944414427	239.0
268.84679506618943	231.0
268.8567956909361	231.0
268.86679631568285	234.0
268.8767969404296	239.0
268.8867975651763	253.0
268.896798189923	278.0
268.90679881466974	294.0
268.9167994394165	342.0
268.9268000641632	367.0
268.9368006889099	389.0
268.94680131365664	441.0
268.9568019384034	447.0
268.9668025631501	452.0
268.97680318789685	452.0
268.98680381264353	452.0
268.99680443739027	452.0
269.006805062137	452.0
269.01680568688374	452.0
269.0268063116304	452.0
269.03680693637716	452.0
269.0468075611239	452.0
269.05680818587064	452.0
269.0668088106173	447.0
269.07680943536405	447.0
269.0868100601108	447.0
269.09681068485753	447.0
269.1068113096042	447.0
269.11681193435095	441.0
269.1268125590977	441.0
269.1368131838444	441.0
269.14681380859116	436.0
269.15681443333784	431.0
269.1668150580846	421.0
269.1768156828313	421.0
269.18681630757806	421.0
269.19681693232474	431.0
269.2068175570715	436.0
269.2168181818182	447.0
269.22681880656495	452.0
269.23681943131163	452.0
269.24682005605837	452.0
269.2568206808051	447.0
269.26682130555184	441.0
269.2768219302985	436.0
269.28682255504526	431.0
269.296823179792	426.0
269.30682380453874	421.0
269.3168244292855	417.0
269.32682505403216	412.0
269.3368256787789	402.0
269.34682630352563	398.0
269.35682692827237	389.0
269.36682755301905	384.0
269.3768281777658	380.0
269.3868288025125	371.0
269.39682942725926	367.0
269.40683005200594	358.0
269.4168306767527	354.0
269.4268313014994	350.0
269.43683192624616	346.0
269.44683255099284	342.0
269.4568331757396	338.0
269.4668338004863	338.0
269.47683442523305	338.0
269.4868350499798	334.0
269.49683567472647	334.0
269.5068362994732	334.0
269.51683692421994	334.0
269.5268375489667	334.0
269.53683817371336	338.0
269.5468387984601	338.0
269.55683942320684	338.0
269.5668400479536	338.0
269.57684067270026	338.0
269.586841297447	334.0
269.59684192219373	334.0
269.60684254694047	334.0
269.61684317168715	338.0
269.6268437964339	342.0
269.6368444211806	350.0
269.64684504592736	363.0
269.6568456706741	375.0
269.6668462954208	380.0
269.6768469201675	380.0
269.68684754491426	371.0
269.696848169661	358.0
269.7068487944077	342.0
269.7168494191544	308.0
269.72685004390115	288.0
269.7368506686479	284.0
269.74685129339457	281.0
269.7568519181413	281.0
269.76685254288805	288.0
269.7768531676348	291.0
269.78685379238146	294.0
269.7968544171282	301.0
269.80685504187494	305.0
269.8168556666217	305.0
269.8268562913684	308.0
269.8368569161151	305.0
269.84685754086183	301.0
269.85685816560857	298.0
269.8668587903553	294.0
269.876859415102	288.0
269.8868600398487	288.0
269.89686066459547	284.0
269.9068612893422	284.0
269.9168619140889	284.0
269.9268625388356	284.0
269.93686316358236	284.0
269.9468637883291	284.0
269.9568644130758	284.0
269.9668650378225	284.0
269.97686566256925	281.0
269.986866287316	281.0
269.9968669120627	281.0
270.0068675368094	278.0
270.01686816155615	278.0
270.0268687863029	275.0
270.0368694110496	275.0
270.0468700357963	281.0
270.05687066054304	288.0
270.0668712852898	294.0
270.0768719100365	294.0
270.0868725347832	298.0
270.09687315952993	288.0
270.1068737842767	0.0
270.1168744090234	0.0
270.1268750337701	0.0
270.13687565851683	0.0
270.14687628326357	0.0
270.1568769080103	0.0
270.16687753275704	0.0
270.1768781575037	0.0
270.18687878225046	0.0
270.1968794069972	0.0
270.20688003174394	0.0
270.2168806564906	0.0
270.22688128123735	0.0
270.2368819059841	0.0
270.24688253073083	0.0
270.2568831554775	0.0
270.26688378022425	0.0
270.276884404971	0.0
270.2868850297177	342.0
270.2968856544644	0.0
270.30688627921114	0.0
270.3168869039579	0.0
270.3268875287046	0.0
270.33688815345135	0.0
270.34688877819804	0.0
270.3568894029448	0.0
270.3668900276915	0.0
270.37689065243825	0.0
270.38689127718493	0.0
270.39689190193167	0.0
270.4068925266784	0.0
270.41689315142514	0.0
270.4268937761718	0.0
270.43689440091856	0.0
270.4468950256653	0.0
270.45689565041204	0.0
270.4668962751587	0.0
270.47689689990546	0.0
270.4868975246522	0.0
270.49689814939893	0.0
270.5068987741456	0.0
270.51689939889235	0.0
270.5269000236391	0.0
270.5369006483858	0.0
270.54690127313256	0.0
270.55690189787924	0.0
270.566902522626	0.0
270.5769031473727	0.0
270.58690377211946	0.0
270.59690439686614	0.0
270.6069050216129	0.0
270.6169056463596	0.0
270.62690627110635	0.0
270.63690689585303	0.0
270.64690752059977	0.0
270.6569081453465	0.0
270.66690877009324	0.0
270.6769093948399	0.0
270.68691001958666	0.0
270.6969106443334	0.0
270.70691126908014	0.0
270.7169118938269	0.0
270.72691251857356	0.0
270.7369131433203	0.0
270.74691376806703	0.0
270.75691439281377	0.0
270.76691501756045	259.0
270.7769156423072	265.0
270.7869162670539	272.0
270.79691689180066	281.0
270.80691751654734	288.0
270.8169181412941	291.0
270.8269187660408	294.0
270.83691939078756	298.0
270.84692001553424	301.0
270.856920640281	301.0
270.8669212650277	301.0
270.87692188977445	301.0
270.8869225145212	301.0
270.89692313926787	301.0
270.9069237640146	298.0
270.91692438876134	298.0
270.9269250135081	294.0
270.93692563825476	294.0
270.9469262630015	294.0
270.95692688774824	294.0
270.966927512495	294.0
270.97692813724166	294.0
270.9869287619884	294.0
270.99692938673513	294.0
271.00693001148187	294.0
271.01693063622855	294.0
271.0269312609753	294.0
271.036931885722	294.0
271.04693251046876	298.0
271.0569331352155	298.0
271.0669337599622	298.0
271.0769343847089	298.0
271.08693500945566	298.0
271.0969356342024	298.0
271.1069362589491	298.0
271.1169368836958	294.0
271.12693750844255	294.0
271.1369381331893	294.0
271.14693875793597	294.0
271.1569393826827	291.0
271.16694000742945	288.0
271.1769406321762	288.0
271.18694125692286	284.0
271.1969418816696	284.0
271.20694250641634	284.0
271.2169431311631	284.0
271.2269437559098	284.0
271.2369443806565	284.0
271.24694500540323	288.0
271.25694563014997	291.0
271.2669462548967	294.0
271.2769468796434	298.0
271.2869475043901	298.0
271.29694812913687	298.0
271.3069487538836	294.0
271.3169493786303	291.0
271.326950003377	281.0
271.33695062812376	278.0
271.3469512528705	278.0
271.3569518776172	278.0
271.3669525023639	278.0
271.37695312711065	278.0
271.3869537518574	281.0
271.3969543766041	284.0
271.4069550013508	291.0
271.41695562609755	298.0
271.4269562508443	301.0
271.436956875591	305.0
271.4469575003377	305.0
271.45695812508444	301.0
271.4669587498312	294.0
271.4769593745779	284.0
271.4869599993246	284.0
271.49696062407133	288.0
271.5069612488181	294.0
271.5169618735648	308.0
271.5269624983115	316.0
271.53696312305823	323.0
271.54696374780497	323.0
271.5569643725517	323.0
271.56696499729844	319.0
271.5769656220451	312.0
271.58696624679186	301.0
271.5969668715386	294.0
271.60696749628534	291.0
271.616968121032	288.0
271.62696874577875	288.0
271.6369693705255	291.0
271.64696999527223	294.0
271.6569706200189	298.0
271.66697124476565	301.0
271.6769718695124	301.0
271.6869724942591	301.0
271.6969731190058	298.0
271.70697374375254	291.0
271.7169743684993	284.0
271.726974993246	281.0
271.73697561799275	281.0
271.74697624273944	284.0
271.7569768674862	291.0
271.7669774922329	298.0
271.77697811697965	305.0
271.78697874172633	312.0
271.79697936647307	316.0
271.8069799912198	316.0
271.81698061596654	312.0
271.8269812407132	305.0
271.83698186545996	294.0
271.8469824902067	288.0
271.85698311495344	288.0
271.8669837397001	294.0
271.87698436444686	308.0
271.8869849891936	323.0
271.89698561394033	338.0
271.90698623868707	350.0
271.91698686343375	363.0
271.9269874881805	363.0
271.9369881129272	363.0
271.94698873767396	358.0
271.95698936242064	350.0
271.9669899871674	342.0
271.9769906119141	334.0
271.98699123666086	327.0
271.99699186140754	323.0
272.0069924861543	319.0
272.016993110901	319.0
272.02699373564775	316.0
272.03699436039443	316.0
272.04699498514117	316.0
272.0569956098879	316.0
272.06699623463464	316.0
272.0769968593814	319.0
272.08699748412806	319.0
272.0969981088748	319.0
272.10699873362154	323.0
272.1169993583683	323.0
272.12699998311496	323.0
272.1370006078617	323.0
272.14700123260843	319.0
272.15700185735517	319.0
272.16700248210185	319.0
272.1770031068486	323.0
272.1870037315953	323.0
272.19700435634206	331.0
272.20700498108874	338.0
272.2170056058355	350.0
272.2270062305822	367.0
272.23700685532896	384.0
272.2470074800757	398.0
272.2570081048224	402.0
272.2670087295691	398.0
272.27700935431585	389.0
272.2870099790626	363.0
272.29701060380927	342.0
272.307011228556	331.0
272.31701185330274	316.0
272.3270124780495	301.0
272.33701310279616	298.0
272.3470137275429	305.0
272.35701435228964	319.0
272.3670149770364	327.0
272.37701560178306	331.0
272.3870162265298	331.0
272.39701685127653	323.0
272.40701747602327	312.0
272.41701810077	301.0
272.4270187255167	291.0
272.4370193502634	278.0
272.44701997501016	281.0
272.4570205997569	288.0
272.4670212245036	288.0
272.4770218492503	291.0
272.48702247399706	294.0
272.4970230987438	294.0
272.5070237234905	291.0
272.5170243482372	288.0
272.52702497298395	281.0
272.5370255977307	278.0
272.54702622247737	278.0
272.5570268472241	278.0
272.56702747197085	281.0
272.5770280967176	284.0
272.5870287214643	288.0
272.597029346211	291.0
272.60702997095774	294.0
272.6170305957045	298.0
272.6270312204512	298.0
272.6370318451979	294.0
272.64703246994463	294.0
272.65703309469137	294.0
272.6670337194381	294.0
272.6770343441848	294.0
272.6870349689315	291.0
272.69703559367827	298.0
272.707036218425	308.0
272.7170368431717	312.0
272.7270374679184	312.0
272.73703809266516	308.0
272.7470387174119	308.0
272.75703934215863	301.0
272.7670399669053	298.0
272.77704059165205	294.0
272.7870412163988	291.0
272.79704184114553	291.0
272.8070424658922	294.0
272.81704309063895	294.0
272.8270437153857	301.0
272.8370443401324	308.0
272.8470449648791	316.0
272.85704558962584	319.0
272.8670462143726	319.0
272.8770468391193	316.0
272.887047463866	312.0
272.89704808861273	0.0
272.9070487133595	0.0
272.9170493381062	0.0
272.92704996285295	0.0
272.93705058759963	312.0
272.94705121234637	316.0
272.9570518370931	0.0
272.96705246183984	0.0
272.9770530865865	0.0
272.98705371133326	0.0
272.99705433608	0.0
273.00705496082674	342.0
273.0170555855734	346.0
273.02705621032015	346.0
273.0370568350669	346.0
273.04705745981363	346.0
273.0570580845603	0.0
273.06705870930705	0.0
273.0770593340538	0.0
273.0870599588005	0.0
273.09706058354726	0.0
273.10706120829394	0.0
273.1170618330407	0.0
273.1270624577874	0.0
273.13706308253416	0.0
273.14706370728084	0.0
273.1570643320276	0.0
273.1670649567743	0.0
273.17706558152105	0.0
273.18706620626773	0.0
273.19706683101447	0.0
273.2070674557612	0.0
273.21706808050794	0.0
273.2270687052546	0.0
273.23706933000136	0.0
273.2470699547481	0.0
273.25707057949484	0.0
273.2670712042416	0.0
273.27707182898826	0.0
273.287072453735	0.0
273.29707307848173	0.0
273.30707370322847	0.0
273.31707432797515	0.0
273.3270749527219	0.0
273.3370755774686	0.0
273.34707620221536	0.0
273.35707682696204	0.0
273.3670774517088	0.0
273.3770780764555	0.0
273.38707870120226	0.0
273.39707932594894	231.0
273.4070799506957	236.0
273.4170805754424	245.0
273.42708120018915	253.0
273.4370818249359	265.0
273.44708244968257	275.0
273.4570830744293	278.0
273.46708369917604	281.0
273.4770843239228	284.0
273.48708494866946	288.0
273.4970855734162	291.0
273.50708619816294	294.0
273.5170868229097	294.0
273.52708744765636	294.0
273.5370880724031	294.0
273.54708869714983	294.0
273.55708932189657	291.0
273.56708994664325	291.0
273.57709057139	288.0
273.5870911961367	288.0
273.59709182088346	284.0
273.6070924456302	288.0
273.6170930703769	291.0
273.6270936951236	291.0
273.63709431987036	294.0
273.6470949446171	294.0
273.6570955693638	298.0
273.6670961941105	294.0
273.67709681885725	294.0
273.687097443604	288.0
273.69709806835067	284.0
273.7070986930974	281.0
273.71709931784414	278.0
273.7270999425909	278.0
273.73710056733756	278.0
273.7471011920843	278.0
273.75710181683104	284.0
273.7671024415778	291.0
273.7771030663245	298.0
273.7871036910712	298.0
273.79710431581793	294.0
273.80710494056467	291.0
273.8171055653114	284.0
273.8271061900581	275.0
273.8371068148048	268.0
273.84710743955156	262.0
273.8571080642983	262.0
273.867108689045	268.0
273.8771093137917	275.0
273.88710993853846	281.0
273.8971105632852	288.0
273.9071111880319	291.0
273.9171118127786	294.0
273.92711243752535	294.0
273.9371130622721	291.0
273.9471136870188	288.0
273.9571143117655	288.0
273.96711493651225	288.0
273.977115561259	288.0
273.9871161860057	294.0
273.9971168107524	301.0
274.00711743549914	312.0
274.0171180602459	319.0
274.0271186849926	323.0
274.0371193097393	319.0
274.04711993448603	312.0
274.05712055923277	305.0
274.0671211839795	294.0
274.0771218087262	288.0
274.0871224334729	284.0
274.09712305821967	284.0
274.1071236829664	284.0
274.11712430771314	288.0
274.1271249324598	291.0
274.13712555720656	294.0
274.1471261819533	298.0
274.15712680670003	298.0
274.1671274314467	298.0
274.17712805619345	291.0
274.1871286809402	288.0
274.19712930568693	284.0
274.2071299304336	281.0
274.21713055518035	278.0
274.2271311799271	281.0
274.2371318046738	284.0
274.2471324294205	291.0
274.25713305416724	298.0
274.267133678914	301.0
274.2771343036607	305.0
274.28713492840745	308.0
274.29713555315413	308.0
274.3071361779009	305.0
274.3171368026476	294.0
274.32713742739435	288.0
274.33713805214103	284.0
274.34713867688777	281.0
274.3571393016345	284.0
274.36713992638124	288.0
274.3771405511279	294.0
274.38714117587466	301.0
274.3971418006214	312.0
274.40714242536814	327.0
274.4171430501148	338.0
274.42714367486155	350.0
274.4371442996083	354.0
274.44714492435503	358.0
274.4571455491017	358.0
274.46714617384845	358.0
274.4771467985952	354.0
274.4871474233419	350.0
274.49714804808866	346.0
274.50714867283534	338.0
274.5171492975821	334.0
274.5271499223288	334.0
274.53715054707556	331.0
274.54715117182224	331.0
274.557151796569	331.0
274.5671524213157	331.0
274.57715304606245	331.0
274.58715367080913	327.0
274.59715429555587	327.0
274.6071549203026	327.0
274.61715554504934	323.0
274.627156169796	327.0
274.63715679454276	327.0
274.6471574192895	327.0
274.65715804403624	331.0
274.667158668783	331.0
274.67715929352966	334.0
274.6871599182764	338.0
274.69716054302313	346.0
274.70716116776987	350.0
274.71716179251655	354.0
274.7271624172633	354.0
274.73716304201	354.0
274.74716366675676	350.0
274.75716429150344	346.0
274.7671649162502	334.0
274.7771655409969	323.0
274.78716616574366	312.0
274.79716679049034	301.0
274.8071674152371	294.0
274.8171680399838	288.0
274.82716866473055	284.0
274.8371692894773	278.0
274.84716991422397	272.0
274.8571705389707	265.0
274.86717116371744	262.0
274.8771717884642	256.0
274.88717241321086	253.0
274.8971730379576	250.0
274.90717366270434	248.0
274.9171742874511	242.0
274.92717491219776	239.0
274.9371755369445	236.0
274.94717616169123	234.0
274.95717678643797	231.0
274.96717741118465	228.0
274.9771780359314	223.0
274.9871786606781	220.0
274.99717928542486	218.0
275.0071799101716	215.0
275.0171805349183	215.0
275.027181159665	215.0
275.03718178441176	215.0
275.0471824091585	218.0
275.0571830339052	223.0
275.0671836586519	226.0
275.07718428339865	231.0
275.0871849081454	234.0
275.09718553289207	239.0
275.1071861576388	242.0
275.11718678238555	245.0
275.1271874071323	248.0
275.13718803187896	245.0
275.1471886566257	242.0
275.15718928137244	234.0
275.1671899061192	223.0
275.1771905308659	213.0
275.1871911556126	213.0
275.19719178035933	218.0
275.20719240510607	223.0
275.2171930298528	223.0
275.2271936545995	228.0
275.2371942793462	236.0
275.24719490409296	245.0
275.2571955288397	259.0
275.2671961535864	268.0
275.2771967783331	288.0
275.28719740307986	312.0
275.2971980278266	331.0
275.3071986525733	354.0
275.31719927732	371.0
275.32719990206675	371.0
275.3372005268135	363.0
275.3472011515602	354.0
275.3572017763069	350.0
275.36720240105365	346.0
275.3772030258004	338.0
275.3872036505471	334.0
275.3972042752938	331.0
275.40720490004054	327.0
275.4172055247873	323.0
275.427206149534	319.0
275.4372067742807	316.0
275.44720739902743	316.0
275.4572080237742	316.0
275.4672086485209	316.0
275.4772092732676	316.0
275.4872098980143	319.0
275.49721052276107	323.0
275.5072111475078	327.0
275.51721177225454	334.0
275.5272123970012	342.0
275.53721302174796	358.0
275.5472136464947	371.0
275.55721427124143	384.0
275.5672148959881	389.0
275.57721552073485	389.0
275.5872161454816	384.0
275.59721677022833	371.0
275.607217394975	354.0
275.61721801972175	334.0
275.6272186444685	308.0
275.6372192692152	294.0
275.6472198939619	288.0
275.65722051870864	288.0
275.6672211434554	291.0
275.6772217682021	298.0
275.68722239294885	305.0
275.69722301769553	308.0
275.7072236424423	316.0
275.717224267189	316.0
275.72722489193575	316.0
275.73722551668243	312.0
275.74722614142917	305.0
275.7572267661759	294.0
275.76722739092264	288.0
275.7772280156693	284.0
275.78722864041606	284.0
275.7972292651628	284.0
275.80722988990954	288.0
275.8172305146562	288.0
275.82723113940295	288.0
275.8372317641497	291.0
275.84723238889643	291.0
275.85723301364317	291.0
275.86723363838985	291.0
275.8772342631366	288.0
275.8872348878833	288.0
275.89723551263006	284.0
275.90723613737674	281.0
275.9172367621235	278.0
275.9272373868702	278.0
275.93723801161696	281.0
275.94723863636364	284.0
275.9572392611104	291.0
275.9672398858571	298.0
275.97724051060385	305.0
275.98724113535053	312.0
275.99724176009727	331.0
276.007242384844	334.0
276.01724300959074	331.0
276.0272436343375	327.0
276.03724425908416	327.0
276.0472448838309	323.0
276.05724550857764	0.0
276.0672461333244	0.0
276.07724675807106	0.0
276.0872473828178	0.0
276.09724800756453	0.0
276.10724863231127	0.0
276.11724925705795	0.0
276.1272498818047	0.0
276.1372505065514	0.0
276.14725113129816	0.0
276.15725175604484	0.0
276.1672523807916	0.0
276.1772530055383	0.0
276.18725363028506	0.0
276.1972542550318	0.0
276.2072548797785	0.0
276.2172555045252	0.0
276.22725612927195	0.0
276.2372567540187	0.0
276.24725737876537	0.0
276.2572580035121	0.0
276.26725862825884	0.0
276.2772592530056	0.0
276.28725987775226	0.0
276.297260502499	0.0
276.30726112724574	0.0
276.3172617519925	0.0
276.32726237673916	0.0
276.3372630014859	0.0
276.34726362623263	0.0
276.35726425097937	0.0
276.3672648757261	0.0
276.3772655004728	0.0
276.3872661252195	0.0
276.39726674996626	0.0
276.407267374713	0.0
276.4172679994597	0.0
276.4272686242064	0.0
276.43726924895316	0.0
276.4472698736999	0.0
276.4572704984466	0.0
276.4672711231933	0.0
276.47727174794005	0.0
276.4872723726868	0.0
276.49727299743347	0.0
276.5072736221802	0.0
276.51727424692695	0.0
276.5272748716737	0.0
276.5372754964204	0.0
276.5472761211671	0.0
276.55727674591384	0.0
276.5672773706606	0.0
276.5772779954073	0.0
276.587278620154	0.0
276.59727924490073	0.0
276.60727986964747	0.0
276.6172804943942	0.0
276.6272811191409	0.0
276.6372817438876	0.0
276.64728236863436	0.0
276.6572829933811	0.0
276.6672836181278	0.0
276.6772842428745	0.0
276.68728486762126	291.0
276.697285492368	291.0
276.70728611711473	294.0
276.7172867418614	294.0
276.72728736660815	294.0
276.7372879913549	298.0
276.7472886161016	298.0
276.7572892408483	298.0
276.76728986559505	294.0
276.7772904903418	294.0
276.7872911150885	291.0
276.7972917398352	288.0
276.80729236458194	288.0
276.8172929893287	284.0
276.8272936140754	281.0
276.8372942388221	278.0
276.84729486356883	272.0
276.8572954883156	265.0
276.8672961130623	259.0
276.87729673780905	253.0
276.8872973625557	248.0
276.89729798730247	239.0
276.9072986120492	236.0
276.91729923679594	231.0
276.9272998615426	228.0
276.93730048628936	228.0
276.9473011110361	226.0
276.95730173578283	226.0
276.9673023605295	226.0
276.97730298527625	228.0
276.987303610023	231.0
276.99730423476973	236.0
277.0073048595164	242.0
277.01730548426315	248.0
277.0273061090099	250.0
277.0373067337566	256.0
277.04730735850336	265.0
277.05730798325004	0.0
277.0673086079968	301.0
277.0773092327435	308.0
277.08730985749025	312.0
277.09731048223694	312.0
277.1073111069837	312.0
277.1173117317304	312.0
277.12731235647715	308.0
277.13731298122383	308.0
277.14731360597057	305.0
277.1573142307173	305.0
277.16731485546404	301.0
277.1773154802107	301.0
277.18731610495746	298.0
277.1973167297042	294.0
277.20731735445094	294.0
277.2173179791977	291.0
277.22731860394435	291.0
277.2373192286911	291.0
277.24731985343783	291.0
277.25732047818457	291.0
277.26732110293125	291.0
277.277321727678	291.0
277.2873223524247	291.0
277.29732297717146	288.0
277.30732360191814	288.0
277.3173242266649	288.0
277.3273248514116	284.0
277.33732547615836	284.0
277.34732610090504	284.0
277.3573267256518	284.0
277.3673273503985	284.0
277.37732797514525	284.0
277.387328599892	288.0
277.39732922463867	288.0
277.4073298493854	291.0
277.41733047413214	294.0
277.4273310988789	294.0
277.43733172362556	298.0
277.4473323483723	301.0
277.45733297311904	308.0
277.4673335978658	308.0
277.47733422261246	312.0
277.4873348473592	312.0
277.49733547210593	316.0
277.50733609685267	316.0
277.51733672159935	312.0
277.5273373463461	308.0
277.5373379710928	291.0
277.54733859583956	291.0
277.5573392205863	291.0
277.567339845333	291.0
277.5773404700797	294.0
277.58734109482646	294.0
277.5973417195732	291.0
277.6073423443199	291.0
277.6173429690666	288.0
277.62734359381335	288.0
277.6373442185601	288.0
277.64734484330677	288.0
277.6573454680535	291.0
277.66734609280024	291.0
277.677346717547	291.0
277.68734734229366	291.0
277.6973479670404	291.0
277.70734859178714	291.0
277.7173492165339	291.0
277.7273498412806	291.0
277.7373504660273	291.0
277.74735109077403	291.0
277.75735171552077	291.0
277.7673523402675	291.0
277.7773529650142	291.0
277.7873535897609	291.0
277.79735421450766	291.0
277.8073548392544	291.0
277.8173554640011	291.0
277.8273560887478	291.0
277.83735671349456	291.0
277.8473573382413	288.0
277.857357962988	288.0
277.8673585877347	284.0
277.87735921248145	281.0
277.8873598372282	278.0
277.8973604619749	278.0
277.9073610867216	278.0
277.91736171146835	278.0
277.9273623362151	278.0
277.9373629609618	278.0
277.9473635857085	284.0
277.95736421045524	288.0
277.967364835202	291.0
277.9773654599487	291.0
277.9873660846954	291.0
277.99736670944213	291.0
278.00736733418887	291.0
278.0173679589356	288.0
278.0273685836823	288.0
278.037369208429	284.0
278.04736983317576	294.0
278.0573704579225	294.0
278.06737108266924	294.0
278.0773717074159	294.0
278.08737233216266	294.0
278.0973729569094	291.0
278.10737358165613	291.0
278.1173742064028	291.0
278.12737483114955	291.0
278.1373754558963	291.0
278.147376080643	288.0
278.1573767053897	281.0
278.16737733013645	278.0
278.1773779548832	275.0
278.1873785796299	272.0
278.1973792043766	265.0
278.20737982912334	256.0
278.2173804538701	250.0
278.2273810786168	245.0
278.23738170336355	239.0
278.24738232811023	234.0
278.257382952857	231.0
278.2673835776037	228.0
278.27738420235045	228.0
278.2873848270971	226.0
278.29738545184387	226.0
278.3073860765906	223.0
278.31738670133734	223.0
278.327387326084	220.0
278.33738795083076	220.0
278.3473885755775	220.0
278.35738920032423	220.0
278.3673898250709	223.0
278.37739044981765	226.0
278.3873910745644	231.0
278.39739169931113	239.0
278.4073923240578	250.0
278.41739294880455	259.0
278.4273935735513	272.0
278.437394198298	288.0
278.44739482304476	298.0
278.45739544779144	305.0
278.4673960725382	305.0
278.4773966972849	305.0
278.48739732203165	294.0
278.49739794677834	288.0
278.5073985715251	278.0
278.5173991962718	268.0
278.52739982101855	262.0
278.53740044576523	256.0
278.54740107051197	250.0
278.5574016952587	248.0
278.56740232000544	242.0
278.5774029447521	239.0
278.58740356949886	234.0
278.5974041942456	231.0
278.60740481899234	226.0
278.6174054437391	223.0
278.62740606848575	220.0
278.6374066932325	218.0
278.64740731797923	215.0
278.65740794272597	215.0
278.66740856747265	213.0
278.6774091922194	213.0
278.6874098169661	210.0
278.69741044171286	210.0
278.70741106645954	210.0
278.7174116912063	210.0
278.727412315953	210.0
278.73741294069976	210.0
278.74741356544644	210.0
278.7574141901932	210.0
278.7674148149399	210.0
278.77741543968665	210.0
278.7874160644334	210.0
278.79741668918007	208.0
278.8074173139268	208.0
278.81741793867354	210.0
278.8274185634203	210.0
278.83741918816696	213.0
278.8474198129137	215.0
278.85742043766044	215.0
278.8674210624072	218.0
278.87742168715386	220.0
278.8874223119006	223.0
278.89742293664733	223.0
278.90742356139407	226.0
278.91742418614075	228.0
278.9274248108875	231.0
278.9374254356342	234.0
278.94742606038096	236.0
278.9574266851277	239.0
278.9674273098744	239.0
278.9774279346211	236.0
278.98742855936786	234.0
278.9974291841146	228.0
279.0074298088613	226.0
279.017430433608	226.0
279.02743105835475	226.0
279.0374316831015	231.0
279.04743230784817	239.0
279.0574329325949	253.0
279.06743355734164	262.0
279.0774341820884	268.0
279.08743480683506	278.0
279.0974354315818	288.0
279.10743605632854	294.0
279.1174366810753	298.0
279.127437305822	298.0
279.1374379305687	298.0
279.14743855531543	294.0
279.15743918006217	294.0
279.1674398048089	294.0
279.1774404295556	294.0
279.1874410543023	291.0
279.19744167904906	291.0
279.2074423037958	291.0
279.2174429285425	291.0
279.2274435532892	291.0
279.23744417803596	291.0
279.2474448027827	291.0
279.2574454275294	288.0
279.2674460522761	284.0
279.27744667702285	284.0
279.2874473017696	281.0
279.2974479265163	281.0
279.307448551263	281.0
279.31744917600975	288.0
279.3274498007565	291.0
279.3374504255032	298.0
279.3474510502499	305.0
279.35745167499664	308.0
279.3674522997434	312.0
279.3774529244901	312.0
279.3874535492368	312.0
279.39745417398353	312.0
279.40745479873027	312.0
279.417455423477	312.0
279.4274560482237	312.0
279.4374566729704	312.0
279.44745729771716	312.0
279.4574579224639	312.0
279.46745854721064	312.0
279.4774591719573	316.0
279.48745979670406	316.0
279.4974604214508	316.0
279.50746104619753	312.0
279.5174616709442	308.0
279.52746229569095	305.0
279.5374629204377	301.0
279.5474635451844	301.0
279.5574641699311	301.0
279.56746479467785	305.0
279.5774654194246	312.0
279.5874660441713	323.0
279.597466668918	331.0
279.60746729366474	338.0
279.6174679184115	342.0
279.6274685431582	338.0
279.63746916790495	334.0
279.64746979265163	323.0
279.6574704173984	305.0
279.6674710421451	291.0
279.67747166689185	281.0
279.6874722916385	278.0
279.69747291638527	281.0
279.707473541132	284.0
279.71747416587874	291.0
279.7274747906254	294.0
279.73747541537216	298.0
279.7474760401189	301.0
279.75747666486564	305.0
279.7674772896123	301.0
279.77747791435905	298.0
279.7874785391058	294.0
279.79747916385253	294.0
279.80747978859927	294.0
279.81748041334595	298.0
279.8274810380927	305.0
279.8374816628394	312.0
279.84748228758616	316.0
279.85748291233284	312.0
279.8674835370796	305.0
279.8774841618263	294.0
279.88748478657305	278.0
279.89748541131974	236.0
279.9074860360665	226.0
279.9174866608132	215.0
279.92748728555995	218.0
279.93748791030663	220.0
279.94748853505337	228.0
279.9574891598001	236.0
279.96748978454684	242.0
279.9774904092936	245.0
279.98749103404026	245.0
279.997491658787	242.0
280.00749228353374	236.0
280.0174929082805	226.0
280.02749353302715	218.0
280.0374941577739	213.0
280.04749478252063	210.0
280.05749540726737	213.0
280.06749603201405	215.0
280.0774966567608	220.0
280.0874972815075	223.0
280.09749790625426	223.0
280.10749853100094	223.0
280.1174991557477	218.0
280.1274997804944	215.0
280.13750040524116	210.0
280.1475010299879	208.0
280.1575016547346	208.0
280.1675022794813	210.0
280.17750290422805	215.0
280.1875035289748	223.0
280.19750415372147	228.0
280.2075047784682	231.0
280.21750540321494	231.0
280.2275060279617	228.0
280.23750665270836	215.0
280.2475072774551	208.0
280.25750790220184	199.0
280.2675085269486	185.0
280.27750915169526	171.0
280.287509776442	161.0
280.29751040118873	158.0
280.30751102593547	156.0
280.3175116506822	156.0
280.3275122754289	156.0
280.3375129001756	156.0
280.34751352492236	156.0
280.3575141496691	158.0
280.3675147744158	158.0
280.3775153991625	159.0
280.38751602390926	159.0
280.397516648656	161.0
280.4075172734027	161.0
280.4175178981494	161.0
280.42751852289615	161.0
280.4375191476429	161.0
280.44751977238957	161.0
280.4575203971363	159.0
280.46752102188304	159.0
280.4775216466298	159.0
280.4875222713765	159.0
280.4975228961232	158.0
280.50752352086994	158.0
280.5175241456167	159.0
280.5275247703634	159.0
280.5375253951101	161.0
280.54752601985683	163.0
280.55752664460357	165.0
280.5675272693503	165.0
280.577527894097	167.0
280.5875285188437	169.0
280.59752914359046	171.0
280.6075297683372	173.0
280.6175303930839	173.0
280.6275310178306	173.0
280.63753164257736	171.0
280.6475322673241	169.0
280.65753289207083	167.0
280.6675335168175	165.0
280.67753414156425	163.0
280.687534766311	163.0
280.6975353910577	163.0
280.7075360158044	165.0
280.71753664055115	165.0
280.7275372652979	223.0
280.7375378900446	223.0
280.7475385147913	223.0
280.75753913953804	220.0
280.7675397642848	218.0
280.7775403890315	213.0
280.7875410137782	208.0
280.79754163852493	206.0
280.80754226327167	206.0
280.8175428880184	206.0
280.82754351276515	206.0
280.8375441375118	208.0
280.84754476225856	210.0
280.8575453870053	213.0
280.86754601175204	218.0
280.8775466364987	220.0
280.88754726124546	223.0
280.8975478859922	223.0
280.90754851073893	220.0
280.9175491354856	215.0
280.92754976023235	208.0
280.9375503849791	196.0
280.9475510097258	190.0
280.9575516344725	185.0
280.96755225921925	181.0
280.977552883966	177.0
280.9875535087127	175.0
280.99755413345946	171.0
281.00755475820614	167.0
281.0175553829529	165.0
281.0275560076996	163.0
281.03755663244635	163.0
281.04755725719303	163.0
281.0575578819398	163.0
281.0675585066865	163.0
281.07755913143325	163.0
281.0875597561799	163.0
281.09756038092667	163.0
281.1075610056734	163.0
281.11756163042014	163.0
281.1275622551668	165.0
281.13756287991356	167.0
281.1475635046603	169.0
281.15756412940704	171.0
281.1675647541538	173.0
281.17756537890045	173.0
281.1875660036472	175.0
281.19756662839393	173.0
281.20756725314067	173.0
281.21756787788735	173.0
281.2275685026341	171.0
281.2375691273808	171.0
281.24756975212756	169.0
281.25757037687424	169.0
281.267571001621	167.0
281.2775716263677	167.0
281.28757225111445	167.0
281.29757287586114	167.0
281.3075735006079	167.0
281.3175741253546	167.0
281.32757475010135	167.0
281.3375753748481	167.0
281.34757599959477	167.0
281.3575766243415	167.0
281.36757724908824	167.0
281.377577873835	167.0
281.38757849858166	167.0
281.3975791233284	167.0
281.40757974807514	167.0
281.4175803728219	167.0
281.42758099756855	167.0
281.4375816223153	167.0
281.44758224706203	167.0
281.45758287180877	167.0
281.46758349655545	167.0
281.4775841213022	169.0
281.4875847460489	169.0
281.49758537079566	169.0
281.5075859955424	171.0
281.5175866202891	173.0
281.5275872450358	173.0
281.53758786978256	173.0
281.5475884945293	175.0
281.557589119276	175.0
281.5675897440227	173.0
281.57759036876945	173.0
281.5875909935162	171.0
281.59759161826287	171.0
281.6075922430096	169.0
281.61759286775634	165.0
281.6275934925031	165.0
281.63759411724976	165.0
281.6475947419965	165.0
281.65759536674324	165.0
281.66759599149	165.0
281.6775966162367	165.0
281.6875972409834	165.0
281.69759786573013	167.0
281.70759849047687	167.0
281.7175991152236	169.0
281.7275997399703	171.0
281.737600364717	171.0
281.74760098946376	171.0
281.7576016142105	169.0
281.7676022389572	167.0
281.7776028637039	0.0
281.78760348845066	0.0
281.7976041131974	0.0
281.8076047379441	0.0
281.8176053626908	0.0
281.82760598743755	0.0
281.8376066121843	0.0
281.847607236931	0.0
281.8576078616777	0.0
281.86760848642444	171.0
281.8776091111712	169.0
281.8876097359179	171.0
281.8976103606646	173.0
281.90761098541134	177.0
281.9176116101581	181.0
281.9276122349048	183.0
281.9376128596515	187.0
281.94761348439823	187.0
281.95761410914497	187.0
281.9676147338917	185.0
281.9776153586384	183.0
281.9876159833851	179.0
281.99761660813186	177.0
282.0076172328786	173.0
282.01761785762534	171.0
282.027618482372	169.0
282.03761910711876	167.0
282.0476197318655	165.0
282.05762035661223	165.0
282.0676209813589	165.0
282.07762160610565	163.0
282.0876222308524	163.0
282.0976228555991	165.0
282.1076234803458	165.0
282.11762410509255	167.0
282.1276247298393	169.0
282.137625354586	171.0
282.1476259793327	173.0
282.15762660407944	175.0
282.1676272288262	177.0
282.1776278535729	177.0
282.18762847831965	177.0
282.19762910306633	177.0
282.20762972781307	175.0
282.2176303525598	171.0
282.22763097730655	167.0
282.2376316020532	165.0
282.24763222679996	161.0
282.2576328515467	159.0
282.26763347629344	159.0
282.2776341010401	161.0
282.28763472578686	163.0
282.2976353505336	169.0
282.30763597528033	177.0
282.317636600027	185.0
282.32763722477375	192.0
282.3376378495205	201.0
282.3476384742672	208.0
282.3576390990139	215.0
282.36763972376065	220.0
282.3776403485074	223.0
282.3876409732541	223.0
282.39764159800086	220.0
282.40764222274754	218.0
282.4176428474943	215.0
282.427643472241	210.0
282.43764409698775	208.0
282.44764472173443	206.0
282.4576453464812	203.0
282.4676459712279	203.0
282.47764659597465	203.0
282.4876472207213	203.0
282.49764784546807	206.0
282.5076484702148	210.0
282.51764909496154	215.0
282.5276497197082	218.0
282.53765034445496	223.0
282.5476509692017	228.0
282.55765159394844	231.0
282.5676522186952	234.0
282.57765284344185	234.0
282.5876534681886	234.0
282.59765409293533	231.0
282.60765471768207	226.0
282.61765534242875	220.0
282.6276559671755	218.0
282.6376565919222	215.0
282.64765721666896	215.0
282.65765784141564	215.0
282.6676584661624	215.0
282.6776590909091	218.0
282.68765971565585	220.0
282.69766034040254	223.0
282.7076609651493	226.0
282.717661589896	231.0
282.72766221464275	236.0
282.7376628393895	242.0
282.74766346413617	245.0
282.7576640888829	245.0
282.76766471362964	242.0
282.7776653383764	236.0
282.78766596312306	231.0
282.7976665878698	228.0
282.80766721261654	226.0
282.8176678373633	223.0
282.82766846210995	226.0
282.8376690868567	226.0
282.84766971160343	231.0
282.85767033635017	236.0
282.86767096109685	248.0
282.8776715858436	256.0
282.8876722105903	262.0
282.89767283533706	278.0
282.9076734600838	284.0
282.9176740848305	288.0
282.9276747095772	294.0
282.93767533432396	294.0
282.9476759590707	291.0
282.9576765838174	288.0
282.9676772085641	284.0
282.97767783331085	278.0
282.9876784580576	272.0
282.99767908280427	265.0
283.007679707551	262.0
283.01768033229774	256.0
283.0276809570445	253.0
283.03768158179116	250.0
283.0476822065379	245.0
283.05768283128464	239.0
283.0676834560314	234.0
283.0776840807781	231.0
283.0876847055248	228.0
283.09768533027153	226.0
283.10768595501827	226.0
283.117686579765	223.0
283.1276872045117	223.0
283.1376878292584	220.0
283.14768845400516	220.0
283.1576890787519	220.0
283.1676897034986	223.0
283.1776903282453	223.0
283.18769095299206	226.0
283.1976915777388	228.0
283.2076922024855	231.0
283.2176928272322	234.0
283.22769345197895	236.0
283.2376940767257	242.0
283.2476947014724	245.0
283.2576953262191	245.0
283.26769595096584	245.0
283.2776965757126	242.0
283.2876972004593	236.0
283.297697825206	231.0
283.30769844995274	228.0
283.3176990746995	226.0
283.3276996994462	223.0
283.3377003241929	220.0
283.34770094893963	220.0
283.35770157368637	220.0
283.3677021984331	220.0
283.3777028231798	226.0
283.3877034479265	231.0
283.39770407267326	239.0
283.40770469742	250.0
283.41770532216674	262.0
283.4277059469134	275.0
283.43770657166016	284.0
283.4477071964069	288.0
283.45770782115363	291.0
283.4677084459003	291.0
283.47770907064705	288.0
283.4877096953938	288.0
283.4977103201405	284.0
283.5077109448872	284.0
283.51771156963395	281.0
283.5277121943807	281.0
283.5377128191274	278.0
283.5477134438741	275.0
283.55771406862084	275.0
283.5677146933676	275.0
283.5777153181143	275.0
283.58771594286105	278.0
283.59771656760773	284.0
283.60771719235447	288.0
283.6177178171012	294.0
283.62771844184795	301.0
283.6377190665946	305.0
283.64771969134136	301.0
283.6577203160881	298.0
283.66772094083484	291.0
283.6777215655815	284.0
283.68772219032826	281.0
283.697722815075	275.0
283.70772343982173	268.0
283.7177240645684	259.0
283.72772468931515	250.0
283.7377253140619	245.0
283.7477259388086	239.0
283.75772656355537	234.0
283.76772718830205	228.0
283.7777278130488	226.0
283.7877284377955	223.0
283.79772906254226	220.0
283.80772968728894	215.0
283.8177303120357	213.0
283.8277309367824	208.0
283.83773156152915	206.0
283.84773218627583	201.0
283.8577328110226	199.0
283.8677334357693	194.0
283.87773406051605	192.0
283.8877346852627	187.0
283.89773531000947	183.0
283.9077359347562	181.0
283.91773655950294	177.0
283.9277371842497	173.0
283.93773780899636	171.0
283.9477384337431	167.0
283.95773905848984	165.0
283.9677396832366	163.0
283.97774030798325	159.0
283.98774093273	158.0
283.99774155747673	152.0
284.00774218222347	150.0
284.01774280697015	150.0
284.0277434317169	152.0
284.0377440564636	0.0
284.04774468121036	0.0
284.05774530595704	0.0
284.0677459307038	0.0
284.0777465554505	0.0
284.08774718019725	0.0
284.097747804944	0.0
284.1077484296907	0.0
284.1177490544374	0.0
284.12774967918415	0.0
284.1377503039309	0.0
284.14775092867757	0.0
284.1577515534243	0.0
284.16775217817104	0.0
284.1777528029178	0.0
284.18775342766446	0.0
284.1977540524112	0.0
284.20775467715794	0.0
284.2177553019047	0.0
284.22775592665135	0.0
284.2377565513981	0.0
284.24775717614483	0.0
284.25775780089157	0.0
284.2677584256383	0.0
284.277759050385	0.0
284.2877596751317	0.0
284.29776029987846	0.0
284.3077609246252	0.0
284.3177615493719	0.0
284.3277621741186	0.0
284.33776279886536	0.0
284.3477634236121	0.0
284.3577640483588	0.0
284.3677646731055	0.0
284.37776529785225	0.0
284.387765922599	0.0
284.39776654734567	0.0
284.4077671720924	0.0
284.41776779683914	0.0
284.4277684215859	0.0
284.4377690463326	0.0
284.4477696710793	0.0
284.45777029582604	0.0
284.4677709205728	0.0
284.4777715453195	0.0
284.4877721700662	0.0
284.49777279481293	0.0
284.50777341955967	0.0
284.5177740443064	0.0
284.5277746690531	0.0
284.5377752937998	0.0
284.54777591854656	0.0
284.5577765432933	0.0
284.56777716804	0.0
284.5777777927867	0.0
284.58777841753346	0.0
284.5977790422802	0.0
284.60777966702693	0.0
284.6177802917736	0.0
284.62778091652035	0.0
284.6377815412671	0.0
284.6477821660138	0.0
284.6577827907605	0.0
284.66778341550724	0.0
284.677784040254	0.0
284.6877846650007	0.0
284.6977852897474	0.0
284.70778591449414	0.0
284.7177865392409	0.0
284.7277871639876	0.0
284.7377877887343	0.0
284.74778841348103	181.0
284.75778903822777	181.0
284.7677896629745	183.0
284.77779028772125	185.0
284.7877909124679	187.0
284.79779153721466	190.0
284.8077921619614	192.0
284.81779278670814	192.0
284.8277934114548	192.0
284.83779403620156	190.0
284.8477946609483	185.0
284.85779528569503	183.0
284.8677959104417	179.0
284.87779653518845	175.0
284.8877971599352	173.0
284.8977977846819	169.0
284.9077984094286	167.0
284.91779903417535	165.0
284.9277996589221	163.0
284.9378002836688	161.0
284.94780090841556	158.0
284.95780153316224	156.0
284.967802157909	154.0
284.9778027826557	154.0
284.98780340740245	154.0
284.99780403214913	156.0
285.00780465689587	159.0
285.0178052816426	163.0
285.02780590638935	171.0
285.037806531136	177.0
285.04780715588277	183.0
285.0578077806295	190.0
285.06780840537624	192.0
285.0778090301229	192.0
285.08780965486966	187.0
285.0978102796164	181.0
285.10781090436313	175.0
285.1178115291099	169.0
285.12781215385655	165.0
285.1378127786033	161.0
285.14781340335	159.0
285.15781402809677	158.0
285.16781465284345	158.0
285.1778152775902	158.0
285.1878159023369	159.0
285.19781652708366	161.0
285.20781715183034	165.0
285.2178177765771	169.0
285.2278184013238	173.0
285.23781902607055	179.0
285.24781965081723	187.0
285.257820275564	196.0
285.2678209003107	203.0
285.27782152505745	213.0
285.2878221498042	218.0
285.29782277455087	223.0
285.3078233992976	223.0
285.31782402404434	220.0
285.3278246487911	215.0
285.33782527353776	210.0
285.3478258982845	208.0
285.35782652303124	203.0
285.367827147778	203.0
285.37782777252465	201.0
285.3878283972714	201.0
285.39782902201813	201.0
285.40782964676487	203.0
285.41783027151155	203.0
285.4278308962583	206.0
285.437831521005	208.0
285.44783214575176	213.0
285.4578327704985	213.0
285.4678333952452	215.0
285.4778340199919	220.0
285.48783464473865	226.0
285.4978352694854	228.0
285.5078358942321	231.0
285.5178365189788	228.0
285.52783714372555	228.0
285.5378377684723	223.0
285.54783839321897	218.0
285.5578390179657	213.0
285.56783964271244	208.0
285.5778402674592	206.0
285.58784089220586	203.0
285.5978415169526	206.0
285.60784214169934	210.0
285.6178427664461	215.0
285.6278433911928	220.0
285.6378440159395	226.0
285.64784464068623	228.0
285.65784526543297	234.0
285.6678458901797	239.0
285.6778465149264	242.0
285.6878471396731	242.0
285.69784776441986	239.0
285.7078483891666	236.0
285.7178490139133	231.0
285.72784963866	228.0
285.73785026340676	223.0
285.7478508881535	220.0
285.7578515129002	218.0
285.7678521376469	218.0
285.77785276239365	218.0
285.7878533871404	223.0
285.7978540118871	228.0
285.8078546366338	239.0
285.81785526138054	250.0
285.8278558861273	265.0
285.837856510874	278.0
285.8478571356207	288.0
285.85785776036744	294.0
285.8678583851142	294.0
285.8778590098609	294.0
285.8878596346076	291.0
285.89786025935433	284.0
285.90786088410107	275.0
285.9178615088478	268.0
285.9278621335945	259.0
285.9378627583412	250.0
285.94786338308796	245.0
285.9578640078347	236.0
285.96786463258144	231.0
285.9778652573281	228.0
285.98786588207486	223.0
285.9978665068216	220.0
286.00786713156833	218.0
286.017867756315	218.0
286.02786838106175	218.0
286.0378690058085	218.0
286.0478696305552	220.0
286.0578702553019	226.0
286.06787088004864	228.0
286.0778715047954	234.0
286.0878721295421	239.0
286.0978727542888	242.0
286.10787337903554	245.0
286.1178740037823	245.0
286.127874628529	242.0
286.13787525327575	236.0
286.14787587802243	231.0
286.15787650276917	226.0
286.1678771275159	223.0
286.17787775226265	220.0
286.1878783770093	220.0
286.19787900175606	223.0
286.2078796265028	226.0
286.21788025124954	234.0
286.2278808759962	242.0
286.23788150074296	253.0
286.2478821254897	268.0
286.25788275023643	278.0
286.2678833749831	284.0
286.27788399972985	288.0
286.2878846244766	288.0
286.2978852492233	284.0
286.30788587397	281.0
286.31788649871675	275.0
286.3278871234635	272.0
286.3378877482102	268.0
286.34788837295696	265.0
286.35788899770364	262.0
286.3678896224504	265.0
286.3778902471971	272.0
286.38789087194385	275.0
286.39789149669053	284.0
286.40789212143727	291.0
286.417892746184	298.0
286.42789337093075	305.0
286.4378939956774	305.0
286.44789462042417	298.0
286.4578952451709	291.0
286.46789586991764	281.0
286.4778964946643	268.0
286.48789711941106	262.0
286.4978977441578	253.0
286.50789836890453	242.0
286.5178989936513	231.0
286.52789961839795	220.0
286.5379002431447	213.0
286.5479008678914	208.0
286.55790149263817	203.0
286.56790211738485	199.0
286.5779027421316	194.0
286.5879033668783	192.0
286.59790399162506	187.0
286.60790461637174	183.0
286.6179052411185	181.0
286.6279058658652	179.0
286.63790649061195	175.0
286.64790711535863	173.0
286.6579077401054	171.0
286.6679083648521	169.0
286.67790898959885	167.0
286.6879096143456	165.0
286.69791023909227	163.0
286.707910863839	161.0
286.71791148858574	161.0
286.7279121133325	161.0
286.73791273807916	161.0
286.7479133628259	161.0
286.75791398757264	161.0
286.7679146123194	161.0
286.77791523706605	161.0
286.7879158618128	163.0
286.79791648655953	165.0
286.80791711130627	167.0
286.81791773605295	171.0
286.8279183607997	173.0
286.8379189855464	177.0
286.84791961029316	179.0
286.8579202350399	181.0
286.8679208597866	181.0
286.8779214845333	181.0
286.88792210928005	179.0
286.8979227340268	177.0
286.9079233587735	173.0
286.9179239835202	169.0
286.92792460826695	165.0
286.9379252330137	161.0
286.94792585776037	159.0
286.9579264825071	158.0
286.96792710725384	158.0
286.9779277320006	158.0
286.98792835674726	159.0
286.997928981494	161.0
287.00792960624074	165.0
287.0179302309875	169.0
287.0279308557342	175.0
287.0379314804809	179.0
287.04793210522763	183.0
287.05793272997437	187.0
287.0679333547211	190.0
287.0779339794678	190.0
287.0879346042145	187.0
287.09793522896126	183.0
287.107935853708	177.0
287.1179364784547	173.0
287.1279371032014	167.0
287.13793772794816	163.0
287.1479383526949	161.0
287.1579389774416	159.0
287.1679396021883	159.0
287.17794022693505	163.0
287.1879408516818	167.0
287.1979414764285	175.0
287.2079421011752	181.0
287.21794272592194	190.0
287.2279433506687	201.0
287.2379439754154	210.0
287.2479446001621	215.0
287.25794522490884	218.0
287.2679458496556	220.0
287.2779464744023	220.0
287.287947099149	218.0
287.29794772389573	215.0
287.30794834864247	210.0
287.3179489733892	206.0
287.3279495981359	203.0
287.3379502228826	201.0
287.34795084762936	201.0
287.3579514723761	201.0
287.36795209712284	201.0
287.3779527218695	203.0
287.38795334661626	206.0
287.397953971363	208.0
287.40795459610973	210.0
287.4179552208564	215.0
287.42795584560315	220.0
287.4379564703499	228.0
287.4479570950966	234.0
287.4579577198433	242.0
287.46795834459004	245.0
287.4779589693368	248.0
287.4879595940835	245.0
287.4979602188302	242.0
287.50796084357694	236.0
287.5179614683237	228.0
287.5279620930704	223.0
287.53796271781715	218.0
287.54796334256383	215.0
287.55796396731057	210.0
287.5679645920573	208.0
287.57796521680405	208.0
287.5879658415507	208.0
287.59796646629746	210.0
287.6079670910442	213.0
287.61796771579094	218.0
287.6279683405376	223.0
287.63796896528436	228.0
287.6479695900311	234.0
287.65797021477783	236.0
287.6679708395245	242.0
287.67797146427125	245.0
287.687972089018	245.0
287.6979727137647	242.0
287.70797333851147	236.0
287.71797396325815	231.0
287.7279745880049	226.0
287.7379752127516	220.0
287.74797583749836	218.0
287.75797646224504	218.0
287.7679770869918	218.0
287.7779777117385	220.0
287.78797833648525	226.0
287.79797896123193	236.0
287.80797958597867	248.0
287.8179802107254	265.0
287.82798083547215	278.0
287.8379814602188	288.0
287.84798208496557	294.0
287.8579827097123	294.0
287.86798333445904	294.0
287.8779839592058	294.0
287.88798458395246	288.0
287.8979852086992	281.0
287.90798583344593	278.0
287.9179864581927	275.0
287.92798708293935	272.0
287.9379877076861	272.0
287.94798833243283	272.0
287.95798895717957	275.0
287.96798958192625	278.0
287.977990206673	284.0
287.9879908314197	291.0
287.99799145616646	294.0
288.00799208091314	301.0
288.0179927056599	305.0
288.0279933304066	305.0
288.03799395515335	305.0
288.0479945799001	301.0
288.0579952046468	298.0
288.0679958293935	288.0
288.07799645414025	275.0
288.087997078887	265.0
288.09799770363367	256.0
288.1079983283804	248.0
288.11799895312714	236.0
288.1279995778739	228.0
288.13800020262056	220.0
288.1480008273673	218.0
288.15800145211404	215.0
288.1680020768608	213.0
288.17800270160745	213.0
288.1880033263542	215.0
288.19800395110093	218.0
288.20800457584767	220.0
288.2180052005944	226.0
288.2280058253411	231.0
288.2380064500878	236.0
288.24800707483456	242.0
288.2580076995813	245.0
288.268008324328	250.0
288.2780089490747	250.0
288.28800957382145	248.0
288.2980101985682	245.0
288.3080108233149	236.0
288.3180114480616	231.0
288.32801207280835	226.0
288.3380126975551	223.0
288.34801332230177	223.0
288.3580139470485	223.0
288.36801457179524	226.0
288.378015196542	231.0
288.3880158212887	239.0
288.3980164460354	250.0
288.40801707078214	259.0
288.4180176955289	275.0
288.4280183202756	288.0
288.4380189450223	294.0
288.44801956976903	298.0
288.45802019451577	298.0
288.4680208192625	298.0
288.4780214440092	294.0
288.4880220687559	291.0
288.49802269350266	284.0
288.5080233182494	281.0
288.5180239429961	278.0
288.5280245677428	278.0
288.53802519248956	278.0
288.5480258172363	278.0
288.55802644198303	278.0
288.5680270667297	281.0
288.57802769147645	284.0
288.5880283162232	291.0
288.5980289409699	298.0
288.6080295657166	301.0
288.61803019046334	301.0
288.6280308152101	301.0
288.6380314399568	301.0
288.6480320647035	298.0
288.65803268945024	294.0
288.668033314197	291.0
288.6780339389437	288.0
288.6880345636904	288.0
288.69803518843713	288.0
288.70803581318387	288.0
288.7180364379306	291.0
288.72803706267734	294.0
288.738037687424	301.0
288.74803831217076	308.0
288.7580389369175	316.0
288.76803956166424	323.0
288.7780401864109	331.0
288.78804081115766	331.0
288.7980414359044	327.0
288.80804206065113	323.0
288.8180426853978	316.0
288.82804331014455	308.0
288.8380439348913	301.0
288.848044559638	294.0
288.8580451843847	291.0
288.86804580913144	291.0
288.8780464338782	291.0
288.8880470586249	294.0
288.89804768337166	298.0
288.90804830811834	305.0
288.9180489328651	308.0
288.9280495576118	312.0
288.93805018235855	316.0
288.94805080710523	316.0
288.95805143185197	316.0
288.9680520565987	312.0
288.97805268134545	308.0
288.9880533060921	301.0
288.99805393083886	294.0
289.0080545555856	291.0
289.01805518033234	284.0
289.028055805079	278.0
289.03805642982576	275.0
289.0480570545725	272.0
289.05805767931923	268.0
289.06805830406597	262.0
289.07805892881265	256.0
289.0880595535594	253.0
289.0980601783061	248.0
289.10806080305287	242.0
289.11806142779955	236.0
289.1280620525463	234.0
289.138062677293	231.0
289.14806330203976	226.0
289.15806392678644	223.0
289.1680645515332	220.0
289.1780651762799	218.0
289.18806580102665	215.0
289.19806642577333	210.0
289.20806705052007	208.0
289.2180676752668	206.0
289.22806830001355	206.0
289.2380689247603	203.0
289.24806954950697	203.0
289.2580701742537	203.0
289.26807079900044	201.0
289.2780714237472	199.0
289.28807204849386	199.0
289.2980726732406	199.0
289.30807329798733	196.0
289.3180739227341	196.0
289.32807454748075	194.0
289.3380751722275	192.0
289.34807579697423	190.0
289.35807642172097	190.0
289.36807704646765	187.0
289.3780776712144	185.0
289.3880782959611	185.0
289.39807892070786	185.0
289.4080795454546	185.0
289.4180801702013	185.0
289.428080794948	185.0
289.43808141969475	185.0
289.4480820444415	183.0
289.4580826691882	183.0
289.4680832939349	181.0
289.47808391868165	179.0
289.4880845434284	177.0
289.49808516817507	175.0
289.5080857929218	173.0
289.51808641766854	171.0
289.5280870424153	169.0
289.53808766716196	169.0
289.5480882919087	167.0
289.55808891665544	165.0
289.5680895414022	163.0
289.5780901661489	163.0
289.5880907908956	161.0
289.59809141564233	163.0
289.60809204038907	165.0
289.6180926651358	167.0
289.6280932898825	169.0
289.6380939146292	171.0
289.64809453937596	171.0
289.6580951641227	171.0
289.6680957888694	171.0
289.6780964136161	171.0
289.68809703836286	169.0
289.6980976631096	169.0
289.7080982878563	169.0
289.718098912603	167.0
289.72809953734975	167.0
289.7381001620965	165.0
289.7481007868432	167.0
289.7581014115899	169.0
289.76810203633664	171.0
289.7781026610834	175.0
289.7881032858301	177.0
289.7981039105768	181.0
289.80810453532354	183.0
289.8181051600703	185.0
289.828105784817	185.0
289.8381064095637	183.0
289.84810703431043	179.0
289.85810765905717	177.0
289.8681082838039	175.0
289.8781089085506	171.0
289.8881095332973	167.0
289.89811015804406	163.0
289.9081107827908	159.0
289.91811140753754	159.0
289.9281120322842	158.0
289.93811265703096	158.0
289.9481132817777	159.0
289.95811390652443	163.0
289.9681145312711	167.0
289.97811515601785	173.0
289.9881157807646	179.0
289.9981164055113	183.0
290.008117030258	187.0
290.01811765500474	190.0
290.0281182797515	192.0
290.0381189044982	192.0
290.0481195292449	190.0
290.05812015399164	185.0
290.0681207787384	181.0
290.0781214034851	177.0
290.08812202823185	171.0
290.09812265297853	167.0
290.10812327772527	165.0
290.118123902472	163.0
290.12812452721874	163.0
290.1381251519654	165.0
290.14812577671216	167.0
290.1581264014589	173.0
290.16812702620564	177.0
290.1781276509523	185.0
290.18812827569906	190.0
290.1981289004458	199.0
290.20812952519253	206.0
290.2181301499392	213.0
290.22813077468595	218.0
290.2381313994327	220.0
290.2481320241794	223.0
290.2581326489261	220.0
290.26813327367285	220.0
290.2781338984196	215.0
290.2881345231663	213.0
290.29813514791306	210.0
290.30813577265974	208.0
290.3181363974065	206.0
290.3281370221532	203.0
290.33813764689995	203.0
290.34813827164663	203.0
290.35813889639337	206.0
290.3681395211401	206.0
290.37814014588685	208.0
290.3881407706335	213.0
290.39814139538026	218.0
290.408142020127	223.0
290.41814264487374	228.0
290.4281432696204	236.0
290.43814389436716	242.0
290.4481445191139	250.0
290.45814514386063	253.0
290.46814576860737	250.0
290.47814639335405	245.0
290.4881470181008	239.0
290.4981476428475	231.0
290.50814826759427	226.0
290.51814889234095	223.0
290.5281495170877	220.0
290.5381501418344	218.0
290.54815076658116	218.0
290.55815139132784	218.0
290.5681520160746	218.0
290.5781526408213	218.0
290.58815326556805	223.0
290.59815389031473	226.0
290.60815451506147	231.0
290.6181551398082	236.0
290.62815576455495	239.0
290.6381563893017	245.0
290.64815701404837	248.0
290.6581576387951	250.0
290.66815826354184	250.0
290.6781588882886	250.0
290.68815951303526	248.0
290.698160137782	245.0
290.70816076252873	239.0
290.7181613872755	236.0
290.72816201202215	231.0
290.7381626367689	228.0
290.74816326151563	226.0
290.75816388626237	226.0
290.76816451100905	223.0
290.7781651357558	223.0
290.7881657605025	226.0
290.79816638524926	228.0
290.808167009996	234.0
290.8181676347427	239.0
290.8281682594894	248.0
290.83816888423615	256.0
290.8481695089829	262.0
290.8581701337296	265.0
290.8681707584763	265.0
290.87817138322305	262.0
290.8881720079698	259.0
290.89817263271647	250.0
290.9081732574632	245.0
290.91817388220994	239.0
290.9281745069567	234.0
290.93817513170336	231.0
290.9481757564501	228.0
290.95817638119684	226.0
290.9681770059436	226.0
290.9781776306903	223.0
290.988178255437	223.0
290.99817888018373	223.0
291.00817950493047	226.0
291.0181801296772	231.0
291.0281807544239	239.0
291.0381813791706	250.0
291.04818200391736	259.0
291.0581826286641	272.0
291.0681832534108	281.0
291.0781838781575	291.0
291.08818450290426	298.0
291.098185127651	301.0
291.1081857523977	305.0
291.1181863771444	305.0
291.12818700189115	301.0
291.1381876266379	298.0
291.1481882513846	294.0
291.1581888761313	294.0
291.16818950087804	294.0
291.1781901256248	298.0
291.1881907503715	0.0
291.1981913751182	0.0
291.20819199986494	0.0
291.2181926246117	0.0
291.2281932493584	0.0
291.2381938741051	0.0
291.24819449885183	0.0
291.25819512359857	0.0
291.2681957483453	0.0
291.278196373092	0.0
291.2881969978387	0.0
291.29819762258546	0.0
291.3081982473322	281.0
291.31819887207894	278.0
291.3281994968256	278.0
291.33820012157236	278.0
291.3482007463191	281.0
291.35820137106583	284.0
291.3682019958125	291.0
291.37820262055925	294.0
291.388203245306	301.0
291.3982038700527	305.0
291.4082044947994	305.0
291.41820511954614	305.0
291.4282057442929	298.0
291.4382063690396	294.0
291.4482069937863	291.0
291.45820761853304	0.0
291.4682082432798	284.0
291.4782088680265	284.0
291.48820949277325	284.0
291.49821011751993	284.0
291.50821074226667	0.0
291.5182113670134	0.0
291.52821199176014	0.0
291.5382126165068	281.0
291.54821324125356	281.0
291.5582138660003	278.0
291.56821449074704	281.0
291.5782151154937	281.0
291.58821574024046	284.0
291.5982163649872	284.0
291.60821698973393	288.0
291.6182176144806	288.0
291.62821823922735	291.0
291.6382188639741	291.0
291.6482194887208	294.0
291.65822011346756	298.0
291.66822073821425	308.0
291.678221362961	316.0
291.6882219877077	323.0
291.69822261245446	327.0
291.70822323720114	334.0
291.7182238619479	338.0
291.7282244866946	342.0
291.73822511144135	342.0
291.74822573618803	346.0
291.75822636093477	346.0
291.7682269856815	346.0
291.77822761042825	346.0
291.7882282351749	346.0
291.79822885992166	342.0
291.8082294846684	342.0
291.81823010941514	342.0
291.8282307341619	338.0
291.83823135890856	338.0
291.8482319836553	334.0
291.85823260840203	331.0
291.86823323314877	327.0
291.87823385789545	327.0
291.8882344826422	327.0
291.8982351073889	327.0
291.90823573213567	323.0
291.91823635688235	327.0
291.9282369816291	327.0
291.9382376063758	331.0
291.94823823112256	331.0
291.95823885586924	331.0
291.968239480616	331.0
291.9782401053627	323.0
291.98824073010945	319.0
291.9982413548562	316.0
292.0082419796029	319.0
292.0182426043496	323.0
292.02824322909635	327.0
292.0382438538431	331.0
292.04824447858977	331.0
292.0582451033365	331.0
292.06824572808324	331.0
292.07824635283	331.0
292.08824697757666	331.0
292.0982476023234	331.0
292.10824822707013	331.0
292.1182488518169	334.0
292.12824947656355	334.0
292.1382501013103	334.0
292.14825072605703	331.0
292.15825135080377	331.0
292.1682519755505	331.0
292.1782526002972	331.0
292.1882532250439	331.0
292.19825384979066	331.0
292.2082544745374	331.0
292.2182550992841	331.0
292.2282557240308	331.0
292.23825634877755	331.0
292.2482569735243	334.0
292.258257598271	334.0
292.2682582230177	334.0
292.27825884776445	334.0
292.2882594725112	331.0
292.29826009725787	331.0
292.3082607220046	331.0
292.31826134675134	331.0
292.3282619714981	331.0
292.3382625962448	331.0
292.3482632209915	331.0
292.35826384573824	334.0
292.368264470485	334.0
292.3782650952317	334.0
292.3882657199784	338.0
292.39826634472513	338.0
292.40826696947187	338.0
292.4182675942186	338.0
292.4282682189653	342.0
292.438268843712	342.0
292.44826946845876	342.0
292.4582700932055	342.0
292.4682707179522	342.0
292.4782713426989	342.0
292.48827196744566	338.0
292.4982725921924	334.0
292.50827321693913	334.0
292.5182738416858	331.0
292.52827446643255	272.0
292.5382750911793	275.0
292.548275715926	278.0
292.5582763406727	284.0
292.56827696541944	288.0
292.5782775901662	294.0
292.5882782149129	301.0
292.5982788396596	316.0
292.60827946440634	331.0
292.6182800891531	334.0
292.6282807138998	334.0
292.6382813386465	334.0
292.64828196339323	334.0
292.65828258813997	331.0
292.6682832128867	327.0
292.67828383763344	327.0
292.6882844623801	323.0
292.69828508712686	323.0
292.7082857118736	327.0
292.71828633662034	331.0
292.728286961367	331.0
292.73828758611376	331.0
292.7482882108605	331.0
292.75828883560723	331.0
292.7682894603539	331.0
292.77829008510065	331.0
292.7882907098474	331.0
292.7982913345941	0.0
292.8082919593408	0.0
292.81829258408754	0.0
292.8282932088343	0.0
292.838293833581	0.0
292.84829445832776	0.0
292.85829508307444	0.0
292.8682957078212	0.0
292.8782963325679	0.0
292.88829695731465	0.0
292.89829758206133	0.0
292.90829820680807	0.0
292.9182988315548	0.0
292.92829945630154	0.0
292.9383000810482	0.0
292.94830070579496	0.0
292.9583013305417	0.0
292.96830195528844	0.0
292.9783025800351	0.0
292.98830320478186	0.0
292.9983038295286	0.0
293.00830445427533	346.0
293.01830507902207	346.0
293.02830570376875	346.0
293.0383063285155	346.0
293.0483069532622	346.0
293.05830757800896	346.0
293.06830820275565	342.0
293.0783088275024	338.0
293.0883094522491	334.0
293.09831007699586	334.0
293.10831070174254	331.0
293.1183113264893	334.0
293.128311951236	334.0
293.13831257598275	334.0
293.14831320072943	334.0
293.15831382547617	338.0
293.1683144502229	338.0
293.17831507496965	338.0
293.1883156997164	338.0
293.19831632446306	338.0
293.2083169492098	338.0
293.21831757395654	338.0
293.2283181987033	338.0
293.23831882344996	338.0
293.2483194481967	334.0
293.25832007294343	334.0
293.26832069769017	334.0
293.27832132243685	338.0
293.2883219471836	346.0
293.2983225719303	350.0
293.30832319667707	354.0
293.31832382142375	354.0
293.3283244461705	358.0
293.3383250709172	354.0
293.34832569566396	346.0
293.3583263204107	334.0
293.3683269451574	331.0
293.3783275699041	331.0
293.38832819465085	331.0
293.3983288193976	331.0
293.4083294441443	0.0
293.418330068891	0.0
293.42833069363775	0.0
293.4383313183845	0.0
293.44833194313117	0.0
293.4583325678779	0.0
293.46833319262464	0.0
293.4783338173714	0.0
293.48833444211806	0.0
293.4983350668648	0.0
293.50833569161153	0.0
293.5183363163583	0.0
293.528336941105	0.0
293.5383375658517	0.0
293.54833819059843	0.0
293.55833881534517	0.0
293.5683394400919	0.0
293.5783400648386	0.0
293.5883406895853	0.0
293.59834131433206	0.0
293.6083419390788	0.0
293.6183425638255	0.0
293.6283431885722	0.0
293.63834381331895	0.0
293.6483444380657	0.0
293.6583450628124	0.0
293.6683456875591	0.0
293.67834631230585	0.0
293.6883469370526	0.0
293.6983475617993	0.0
293.708348186546	0.0
293.71834881129274	0.0
293.7283494360395	0.0
293.7383500607862	0.0
293.7483506855329	0.0
293.75835131027964	0.0
293.7683519350264	0.0
293.7783525597731	0.0
293.7883531845198	0.0
293.79835380926653	0.0
293.80835443401327	0.0
293.81835505876	0.0
293.8283556835067	0.0
293.8383563082534	0.0
293.84835693300016	0.0
293.8583575577469	0.0
293.86835818249364	0.0
293.8783588072403	0.0
293.88835943198706	0.0
293.8983600567338	0.0
293.90836068148053	0.0
293.9183613062272	0.0
293.92836193097395	0.0
293.9383625557207	0.0
293.9483631804674	0.0
293.9583638052141	0.0
293.96836442996084	0.0
293.9783650547076	0.0
293.9883656794543	0.0
293.998366304201	0.0
294.00836692894774	0.0
294.0183675536945	0.0
294.0283681784412	0.0
294.03836880318795	0.0
294.04836942793463	0.0
294.05837005268137	0.0
294.0683706774281	0.0
294.07837130217484	0.0
294.0883719269215	0.0
294.09837255166826	0.0
294.108373176415	0.0
294.11837380116174	0.0
294.1283744259084	0.0
294.13837505065516	0.0
294.1483756754019	0.0
294.15837630014863	0.0
294.1683769248953	0.0
294.17837754964205	0.0
294.1883781743888	0.0
294.1983787991355	0.0
294.2083794238822	259.0
294.21838004862894	259.0
294.2283806733757	259.0
294.2383812981224	262.0
294.24838192286916	268.0
294.25838254761584	298.0
294.2683831723626	308.0
294.2783837971093	323.0
294.28838442185605	367.0
294.29838504660273	375.0
294.30838567134947	380.0
294.3183862960962	380.0
294.32838692084295	384.0
294.3383875455896	380.0
294.34838817033636	375.0
294.3583887950831	367.0
294.36838941982984	363.0
294.3783900445765	358.0
294.38839066932326	354.0
294.39839129407	350.0
294.40839191881673	346.0
294.41839254356347	342.0
294.42839316831015	334.0
294.4383937930569	331.0
294.4483944178036	331.0
294.45839504255036	327.0
294.46839566729705	327.0
294.4783962920438	331.0
294.4883969167905	331.0
294.49839754153726	334.0
294.50839816628394	334.0
294.5183987910307	334.0
294.5283994157774	334.0
294.53840004052415	334.0
294.54840066527083	334.0
294.55840129001757	334.0
294.5684019147643	331.0
294.57840253951105	331.0
294.5884031642578	331.0
294.59840378900446	331.0
294.6084044137512	327.0
294.61840503849794	327.0
294.6284056632447	331.0
294.63840628799136	334.0
294.6484069127381	342.0
294.65840753748483	346.0
294.6684081622316	358.0
294.67840878697825	367.0
294.688409411725	375.0
294.6984100364717	384.0
294.70841066121847	384.0
294.71841128596515	380.0
294.7284119107119	375.0
294.7384125354586	363.0
294.74841316020536	350.0
294.7584137849521	331.0
294.7684144096988	316.0
294.7784150344455	301.0
294.78841565919225	294.0
294.798416283939	294.0
294.8084169086857	294.0
294.8184175334324	298.0
294.82841815817915	301.0
294.8384187829259	305.0
294.84841940767257	308.0
294.8584200324193	308.0
294.86842065716604	308.0
294.8784212819128	312.0
294.88842190665946	312.0
294.8984225314062	312.0
294.90842315615294	312.0
294.9184237808997	312.0
294.9284244056464	312.0
294.9384250303931	316.0
294.94842565513983	319.0
294.95842627988657	319.0
294.9684269046333	323.0
294.97842752938	323.0
294.9884281541267	316.0
294.99842877887346	308.0
295.0084294036202	305.0
295.0184300283669	301.0
295.0284306531136	294.0
295.03843127786035	291.0
295.0484319026071	291.0
295.0584325273538	291.0
295.0684331521005	291.0
295.07843377684725	294.0
295.088434401594	298.0
295.0984350263407	301.0
295.1084356510874	305.0
295.11843627583414	308.0
295.1284369005809	308.0
295.1384375253276	308.0
295.1484381500743	312.0
295.15843877482104	312.0
295.1684393995678	312.0
295.1784400243145	312.0
295.1884406490612	316.0
295.19844127380793	316.0
295.20844189855467	316.0
295.2184425233014	316.0
295.2284431480481	316.0
295.2384437727948	316.0
295.24844439754156	316.0
295.2584450222883	316.0
295.26844564703504	316.0
295.2784462717817	316.0
295.28844689652846	316.0
295.2984475212752	316.0
295.30844814602193	316.0
295.3184487707686	316.0
295.32844939551535	316.0
295.3384500202621	316.0
295.3484506450088	316.0
295.3584512697555	316.0
295.36845189450224	316.0
295.378452519249	316.0
295.3884531439957	316.0
295.3984537687424	316.0
295.40845439348914	316.0
295.4184550182359	316.0
295.4284556429826	316.0
295.43845626772935	316.0
295.44845689247603	316.0
295.45845751722277	316.0
295.4684581419695	312.0
295.47845876671624	312.0
295.4884593914629	0.0
295.49846001620966	0.0
295.5084606409564	0.0
295.51846126570314	0.0
295.5284618904498	0.0
295.53846251519656	0.0
295.5484631399433	0.0
295.55846376469003	0.0
295.5684643894367	0.0
295.57846501418345	0.0
295.5884656389302	0.0
295.5984662636769	0.0
295.60846688842366	0.0
295.61846751317034	0.0
295.6284681379171	0.0
295.6384687626638	0.0
295.64846938741056	0.0
295.65847001215724	0.0
295.668470636904	0.0
295.6784712616507	0.0
295.68847188639745	0.0
295.69847251114413	0.0
295.70847313589087	0.0
295.7184737606376	0.0
295.72847438538435	0.0
295.738475010131	0.0
295.74847563487776	0.0
295.7584762596245	0.0
295.76847688437124	0.0
295.778477509118	0.0
295.78847813386466	0.0
295.7984787586114	0.0
295.80847938335813	0.0
295.81848000810487	0.0
295.82848063285155	0.0
295.8384812575983	0.0
295.848481882345	0.0
295.85848250709176	0.0
295.86848313183845	0.0
295.8784837565852	0.0
295.8884843813319	0.0
295.89848500607866	0.0
295.90848563082534	0.0
295.9184862555721	0.0
295.9284868803188	0.0
295.93848750506555	0.0
295.9484881298123	0.0
295.95848875455897	0.0
295.9684893793057	0.0
295.97849000405245	0.0
295.9884906287992	0.0
295.99849125354586	0.0
296.0084918782926	0.0
296.01849250303934	0.0
296.0284931277861	294.0
296.03849375253276	294.0
296.0484943772795	294.0
296.05849500202623	294.0
296.068495626773	294.0
296.07849625151965	294.0
296.0884968762664	294.0
296.0984975010131	294.0
296.10849812575987	298.0
296.1184987505066	301.0
296.1284993752533	305.0
296.1385	308.0
296.14850062474676	312.0
296.1585012494935	312.0
296.1685018742402	0.0
296.1785024989869	0.0
296.18850312373365	0.0
296.1985037484804	0.0
296.2085043732271	0.0
296.2185049979738	0.0
296.22850562272055	0.0
296.2385062474673	0.0
296.24850687221397	0.0
296.2585074969607	0.0
296.26850812170744	0.0
296.2785087464542	0.0
296.2885093712009	0.0
296.2985099959476	0.0
296.30851062069434	0.0
296.3185112454411	0.0
296.3285118701878	0.0
296.3385124949345	0.0
296.34851311968123	0.0
296.35851374442797	0.0
296.3685143691747	0.0
296.3785149939214	0.0
296.3885156186681	0.0
296.39851624341486	0.0
296.4085168681616	0.0
296.4185174929083	0.0
296.428518117655	0.0
296.43851874240175	0.0
296.4485193671485	0.0
296.45851999189523	0.0
296.4685206166419	0.0
296.47852124138865	0.0
296.4885218661354	0.0
296.4985224908821	0.0
296.5085231156288	0.0
296.51852374037554	0.0
296.5285243651223	0.0
296.538524989869	0.0
296.5485256146157	0.0
296.55852623936244	0.0
296.5685268641092	0.0
296.5785274888559	0.0
296.5885281136026	0.0
296.59852873834933	0.0
296.60852936309607	0.0
296.6185299878428	0.0
296.62853061258954	0.0
296.6385312373362	0.0
296.64853186208296	0.0
296.6585324868297	0.0
296.66853311157644	288.0
296.6785337363231	291.0
296.68853436106986	294.0
296.6985349858166	298.0
296.70853561056333	301.0
296.71853623531	305.0
296.72853686005675	305.0
296.7385374848035	308.0
296.7485381095502	308.0
296.7585387342969	308.0
296.76853935904364	305.0
296.7785399837904	305.0
296.7885406085371	305.0
296.79854123328386	305.0
296.80854185803054	305.0
296.8185424827773	305.0
296.828543107524	305.0
296.83854373227075	305.0
296.84854435701743	301.0
296.85854498176417	301.0
296.8685456065109	301.0
296.87854623125764	301.0
296.8885468560043	301.0
296.89854748075106	301.0
296.9085481054978	301.0
296.91854873024454	301.0
296.9285493549912	301.0
296.93854997973796	301.0
296.9485506044847	301.0
296.95855122923143	301.0
296.96855185397817	301.0
296.97855247872485	298.0
296.9885531034716	298.0
296.9985537282183	298.0
297.00855435296506	301.0
297.01855497771174	301.0
297.0285556024585	301.0
297.0385562272052	301.0
297.04855685195196	298.0
297.05855747669864	298.0
297.0685581014454	298.0
297.0785587261921	298.0
297.08855935093885	298.0
297.09855997568553	298.0
297.10856060043227	298.0
297.118561225179	298.0
297.12856184992575	298.0
297.1385624746725	298.0
297.14856309941916	298.0
297.1585637241659	298.0
297.16856434891264	298.0
297.1785649736594	298.0
297.18856559840606	298.0
297.1985662231528	298.0
297.20856684789953	298.0
297.21856747264627	298.0
297.22856809739295	298.0
297.2385687221397	298.0
297.2485693468864	298.0
297.25856997163316	298.0
297.26857059637985	298.0
297.2785712211266	298.0
297.2885718458733	298.0
297.29857247062006	298.0
297.3085730953668	298.0
297.3185737201135	294.0
297.3285743448602	294.0
297.33857496960695	294.0
297.3485755943537	294.0
297.35857621910037	294.0
297.3685768438471	294.0
297.37857746859385	294.0
297.3885780933406	294.0
297.39857871808726	294.0
297.408579342834	294.0
297.41857996758074	294.0
297.4285805923275	294.0
297.43858121707416	298.0
297.4485818418209	298.0
297.45858246656763	298.0
297.4685830913144	298.0
297.4785837160611	298.0
297.4885843408078	298.0
297.4985849655545	294.0
297.50858559030127	294.0
297.518586215048	294.0
297.5285868397947	294.0
297.5385874645414	294.0
297.54858808928816	294.0
297.5585887140349	294.0
297.5685893387816	294.0
297.5785899635283	294.0
297.58859058827505	294.0
297.5985912130218	294.0
297.6085918377685	294.0
297.6185924625152	294.0
297.62859308726195	298.0
297.6385937120087	298.0
297.6485943367554	298.0
297.6585949615021	298.0
297.66859558624884	298.0
297.6785962109956	298.0
297.6885968357423	298.0
297.698597460489	298.0
297.70859808523574	298.0
297.7185987099825	298.0
297.7285993347292	298.0
297.7385999594759	294.0
297.74860058422263	294.0
297.75860120896937	294.0
297.7686018337161	294.0
297.7786024584628	294.0
297.7886030832095	294.0
297.79860370795626	294.0
297.808604332703	294.0
297.81860495744974	294.0
297.8286055821964	294.0
297.83860620694315	294.0
297.8486068316899	294.0
297.85860745643663	294.0
297.8686080811833	294.0
297.87860870593005	294.0
297.8886093306768	294.0
297.8986099554235	294.0
297.9086105801702	294.0
297.91861120491694	294.0
297.9286118296637	294.0
297.9386124544104	294.0
297.9486130791571	294.0
297.95861370390384	294.0
297.9686143286506	294.0
297.9786149533973	294.0
297.98861557814405	294.0
297.99861620289073	294.0
298.00861682763747	294.0
298.0186174523842	294.0
298.02861807713094	294.0
298.0386187018776	294.0
298.04861932662436	294.0
298.0586199513711	294.0
298.06862057611784	294.0
298.0786212008645	294.0
298.08862182561126	294.0
298.098622450358	294.0
298.10862307510473	294.0
298.1186236998514	294.0
298.12862432459815	294.0
298.1386249493449	294.0
298.1486255740916	294.0
298.1586261988383	294.0
298.16862682358504	294.0
298.1786274483318	294.0
298.1886280730785	291.0
298.19862869782526	291.0
298.20862932257194	291.0
298.2186299473187	288.0
298.2286305720654	291.0
298.23863119681215	291.0
298.24863182155883	294.0
298.25863244630557	0.0
298.2686330710523	0.0
298.27863369579904	305.0
298.2886343205457	305.0
298.29863494529246	308.0
298.3086355700392	308.0
298.31863619478594	312.0
298.3286368195326	312.0
298.33863744427936	316.0
298.3486380690261	316.0
298.35863869377283	312.0
298.36863931851957	312.0
298.37863994326625	312.0
298.388640568013	312.0
298.3986411927597	308.0
298.40864181750646	308.0
298.41864244225314	305.0
298.4286430669999	301.0
298.4386436917466	301.0
298.44864431649336	301.0
298.45864494124004	298.0
298.4686455659868	298.0
298.4786461907335	301.0
298.48864681548025	308.0
298.49864744022693	316.0
298.50864806497367	327.0
298.5186486897204	342.0
298.52864931446715	358.0
298.5386499392139	375.0
298.54865056396056	384.0
298.5586511887073	389.0
298.56865181345404	389.0
298.5786524382008	380.0
298.58865306294746	371.0
298.5986536876942	358.0
298.60865431244093	334.0
298.61865493718767	301.0
298.62865556193435	288.0
298.6386561866811	281.0
298.6486568114278	281.0
298.65865743617456	284.0
298.66865806092125	288.0
298.678658685668	291.0
298.6886593104147	294.0
298.69865993516146	294.0
298.7086605599082	298.0
298.7186611846549	298.0
298.7286618094016	301.0
298.73866243414835	301.0
298.7486630588951	301.0
298.75866368364177	301.0
298.7686643083885	301.0
298.77866493313525	301.0
298.788665557882	301.0
298.79866618262866	301.0
298.8086668073754	301.0
298.81866743212214	301.0
298.8286680568689	301.0
298.83866868161556	305.0
298.8486693063623	305.0
298.85866993110903	305.0
298.8686705558558	301.0
298.8786711806025	301.0
298.8886718053492	298.0
298.8986724300959	294.0
298.90867305484267	294.0
298.9186736795894	291.0
298.9286743043361	291.0
298.9386749290828	294.0
298.94867555382956	294.0
298.9586761785763	298.0
298.968676803323	301.0
298.9786774280697	301.0
298.98867805281645	305.0
298.9986786775632	305.0
299.0086793023099	305.0
299.0186799270566	305.0
299.02868055180335	308.0
299.0386811765501	308.0
299.0486818012968	308.0
299.0586824260435	308.0
299.06868305079024	308.0
299.078683675537	308.0
299.0886843002837	308.0
299.0986849250304	312.0
299.10868554977714	312.0
299.1186861745239	312.0
299.1286867992706	312.0
299.1386874240173	308.0
299.14868804876403	308.0
299.15868867351077	308.0
299.1686892982575	308.0
299.1786899230042	312.0
299.1886905477509	312.0
299.19869117249766	312.0
299.2086917972444	312.0
299.21869242199114	312.0
299.2286930467378	312.0
299.23869367148455	312.0
299.2486942962313	312.0
299.25869492097803	312.0
299.2686955457247	312.0
299.27869617047145	308.0
299.2886967952182	305.0
299.2986974199649	305.0
299.3086980447116	301.0
299.31869866945834	301.0
299.3286992942051	298.0
299.3386999189518	298.0
299.3487005436985	294.0
299.35870116844524	294.0
299.368701793192	294.0
299.3787024179387	294.0
299.38870304268545	294.0
299.39870366743213	294.0
299.40870429217887	294.0
299.4187049169256	294.0
299.42870554167234	294.0
299.438706166419	298.0
299.44870679116576	301.0
299.4587074159125	312.0
299.46870804065924	312.0
299.4787086654059	312.0
299.48870929015266	312.0
299.4987099148994	308.0
299.50871053964613	0.0
299.5187111643928	0.0
299.52871178913955	0.0
299.5387124138863	305.0
299.548713038633	308.0
299.55871366337976	0.0
299.56871428812644	0.0
299.5787149128732	0.0
299.5887155376199	0.0
299.59871616236666	0.0
299.60871678711334	0.0
299.6187174118601	0.0
299.6287180366068	0.0
299.63871866135355	0.0
299.64871928610023	0.0
299.65871991084697	0.0
299.6687205355937	0.0
299.67872116034044	0.0
299.6887217850871	0.0
299.69872240983386	0.0
299.7087230345806	0.0
299.71872365932734	0.0
299.7287242840741	0.0
299.73872490882076	0.0
299.7487255335675	0.0
299.75872615831423	0.0
299.76872678306097	259.0
299.77872740780765	265.0
299.7887280325544	272.0
299.7987286573011	278.0
299.80872928204786	284.0
299.81872990679454	288.0
299.8287305315413	291.0
299.838731156288	294.0
299.84873178103476	294.0
299.85873240578144	298.0
299.8687330305282	298.0
299.8787336552749	298.0
299.88873428002165	298.0
299.8987349047684	301.0
299.90873552951507	301.0
299.9187361542618	301.0
299.92873677900855	301.0
299.9387374037553	301.0
299.94873802850196	301.0
299.9587386532487	301.0
299.96873927799544	301.0
299.9787399027422	301.0
299.98874052748886	0.0
299.9987411522356	0.0
300.00874177698233	298.0
300.01874240172907	298.0
300.02874302647575	298.0
300.0387436512225	298.0
300.0487442759692	298.0
300.05874490071596	294.0
300.0687455254627	294.0
300.0787461502094	294.0
300.0887467749561	294.0
300.09874739970286	294.0
300.1087480244496	294.0
300.1187486491963	291.0
300.128749273943	291.0
300.13874989868975	291.0
300.1487505234365	291.0
300.15875114818317	291.0
300.1687517729299	291.0
300.17875239767665	294.0
300.1887530224234	294.0
300.19875364717007	294.0
300.2087542719168	294.0
300.21875489666354	291.0
300.2287555214103	291.0
300.238756146157	291.0
300.2487567709037	291.0
300.25875739565043	291.0
300.2687580203972	294.0
300.2787586451439	294.0
300.2887592698906	294.0
300.2987598946373	294.0
300.30876051938407	294.0
300.3187611441308	294.0
300.3287617688775	0.0
300.3387623936242	0.0
300.34876301837096	0.0
300.3587636431177	0.0
300.3687642678644	0.0
300.3787648926111	0.0
300.38876551735785	0.0
300.3987661421046	0.0
300.40876676685133	0.0
300.418767391598	291.0
300.42876801634475	291.0
300.4387686410915	288.0
300.4487692658382	288.0
300.4587698905849	284.0
300.46877051533164	284.0
300.4787711400784	284.0
300.4887717648251	284.0
300.4987723895718	284.0
300.50877301431854	284.0
300.5187736390653	284.0
300.528774263812	284.0
300.5387748885587	288.0
300.54877551330543	288.0
300.55877613805217	291.0
300.5687767627989	291.0
300.57877738754564	291.0
300.5887780122923	294.0
300.59877863703906	294.0
300.6087792617858	294.0
300.61877988653254	294.0
300.6287805112792	294.0
300.63878113602595	294.0
300.6487817607727	294.0
300.65878238551943	294.0
300.6687830102661	294.0
300.67878363501285	294.0
300.6887842597596	291.0
300.6987848845063	291.0
300.708785509253	291.0
300.71878613399974	291.0
300.7287867587465	291.0
300.7387873834932	291.0
300.74878800823996	288.0
300.75878863298664	288.0
300.7687892577334	288.0
300.7787898824801	291.0
300.78879050722685	291.0
300.79879113197353	294.0
300.80879175672027	294.0
300.818792381467	298.0
300.82879300621374	301.0
300.8387936309604	305.0
300.84879425570716	308.0
300.8587948804539	308.0
300.86879550520064	308.0
300.8787961299473	308.0
300.88879675469406	308.0
300.8987973794408	308.0
300.90879800418753	308.0
300.91879862893427	305.0
300.92879925368095	301.0
300.9387998784277	298.0
300.9488005031744	298.0
300.95880112792116	294.0
300.96880175266784	294.0
300.9788023774146	291.0
300.9888030021613	291.0
300.99880362690806	294.0
301.00880425165474	294.0
301.0188048764015	294.0
301.0288055011482	294.0
301.03880612589495	294.0
301.04880675064163	294.0
301.05880737538837	294.0
301.0688080001351	294.0
301.07880862488184	294.0
301.0888092496286	294.0
301.09880987437526	294.0
301.108810499122	294.0
301.11881112386874	294.0
301.1288117486155	294.0
301.13881237336216	291.0
301.1488129981089	291.0
301.15881362285563	294.0
301.16881424760237	294.0
301.17881487234905	294.0
301.1888154970958	294.0
301.1988161218425	294.0
301.20881674658926	294.0
301.21881737133594	294.0
301.2288179960827	294.0
301.2388186208294	294.0
301.24881924557616	294.0
301.2588198703229	294.0
301.2688204950696	294.0
301.2788211198163	294.0
301.28882174456305	0.0
301.2988223693098	0.0
301.30882299405647	0.0
301.3188236188032	288.0
301.32882424354995	288.0
301.3388248682967	284.0
301.34882549304336	281.0
301.3588261177901	281.0
301.36882674253684	281.0
301.3788273672836	281.0
301.38882799203026	284.0
301.398828616777	288.0
301.40882924152373	288.0
301.41882986627047	291.0
301.4288304910172	294.0
301.4388311157639	294.0
301.4488317405106	294.0
301.45883236525736	294.0
301.4688329900041	294.0
301.4788336147508	294.0
301.4888342394975	294.0
301.49883486424426	294.0
301.508835488991	294.0
301.5188361137377	294.0
301.5288367384844	294.0
301.53883736323115	294.0
301.5488379879779	294.0
301.55883861272457	294.0
301.5688392374713	294.0
301.57883986221805	294.0
301.5888404869648	294.0
301.5988411117115	294.0
301.6088417364582	294.0
301.61884236120494	0.0
301.6288429859517	0.0
301.6388436106984	0.0
301.6488442354451	294.0
301.65884486019183	294.0
301.6688454849386	294.0
301.6788461096853	294.0
301.688846734432	294.0
301.6988473591787	0.0
301.70884798392547	0.0
301.7188486086722	0.0
301.7288492334189	0.0
301.7388498581656	0.0
301.74885048291236	0.0
301.7588511076591	0.0
301.76885173240584	0.0
301.7788523571525	0.0
301.78885298189925	0.0
301.798853606646	0.0
301.80885423139273	0.0
301.8188548561394	291.0
301.82885548088615	288.0
301.8388561056329	284.0
301.8488567303796	281.0
301.8588573551263	278.0
301.86885797987304	278.0
301.8788586046198	278.0
301.8888592293665	281.0
301.8988598541132	284.0
301.90886047885994	291.0
301.9188611036067	294.0
301.9288617283534	298.0
301.93886235310015	298.0
301.94886297784683	294.0
301.95886360259357	294.0
301.9688642273403	294.0
301.97886485208704	291.0
301.9888654768337	294.0
301.99886610158046	294.0
302.0088667263272	0.0
302.01886735107394	0.0
302.0288679758206	0.0
302.03886860056735	0.0
302.0488692253141	0.0
302.05886985006083	0.0
302.0688704748075	0.0
302.07887109955425	0.0
302.088871724301	0.0
302.0988723490477	0.0
302.1088729737944	0.0
302.11887359854114	0.0
302.1288742232879	0.0
302.1388748480346	0.0
302.14887547278136	0.0
302.15887609752804	0.0
302.1688767222748	0.0
302.1788773470215	0.0
302.18887797176825	0.0
302.19887859651493	0.0
302.20887922126167	0.0
302.2188798460084	0.0
302.22888047075514	0.0
302.2388810955018	0.0
302.24888172024856	0.0
302.2588823449953	0.0
302.26888296974204	0.0
302.2788835944887	0.0
302.28888421923546	0.0
302.2988848439822	0.0
302.30888546872893	0.0
302.31888609347567	0.0
302.32888671822235	228.0
302.3388873429691	228.0
302.3488879677158	231.0
302.35888859246256	231.0
302.36888921720924	234.0
302.378889841956	236.0
302.3888904667027	239.0
302.39889109144946	239.0
302.40889171619614	239.0
302.4188923409429	236.0
302.4288929656896	234.0
302.43889359043635	231.0
302.44889421518303	228.0
302.45889483992977	226.0
302.4688954646765	223.0
302.47889608942324	223.0
302.48889671417	220.0
302.49889733891666	220.0
302.5088979636634	220.0
302.51889858841014	218.0
302.5288992131569	218.0
302.53889983790356	220.0
302.5489004626503	220.0
302.55890108739703	223.0
302.56890171214377	226.0
302.57890233689045	228.0
302.5889029616372	231.0
302.5989035863839	234.0
302.60890421113066	236.0
302.61890483587734	236.0
302.6289054606241	239.0
302.6389060853708	236.0
302.64890671011756	236.0
302.6589073348643	236.0
302.668907959611	234.0
302.6789085843577	234.0
302.68890920910445	234.0
302.6989098338512	234.0
302.70891045859787	231.0
302.7189110833446	231.0
302.72891170809135	231.0
302.7389123328381	228.0
302.74891295758476	228.0
302.7589135823315	226.0
302.76891420707824	223.0
302.778914831825	223.0
302.78891545657166	220.0
302.7989160813184	220.0
302.80891670606513	220.0
302.81891733081187	223.0
302.8289179555586	223.0
302.8389185803053	223.0
302.848919205052	226.0
302.85891982979877	228.0
302.8689204545455	231.0
302.8789210792922	236.0
302.8889217040389	242.0
302.89892232878566	245.0
302.9089229535324	248.0
302.9189235782791	248.0
302.9289242030258	248.0
302.93892482777255	245.0
302.9489254525193	245.0
302.95892607726597	242.0
302.9689267020127	239.0
302.97892732675945	236.0
302.9889279515062	234.0
302.9989285762529	231.0
303.0089292009996	228.0
303.01892982574634	228.0
303.0289304504931	226.0
303.0389310752398	223.0
303.0489316999865	223.0
303.05893232473323	223.0
303.06893294948	223.0
303.0789335742267	226.0
303.0889341989734	228.0
303.0989348237201	234.0
303.10893544846687	242.0
303.1189360732136	248.0
303.1289366979603	256.0
303.138937322707	265.0
303.14893794745376	272.0
303.1589385722005	278.0
303.16893919694724	284.0
303.1789398216939	288.0
303.18894044644065	291.0
303.1989410711874	294.0
303.20894169593413	294.0
303.2189423206808	294.0
303.22894294542755	294.0
303.2389435701743	294.0
303.248944194921	294.0
303.2589448196677	294.0
303.26894544441444	294.0
303.2789460691612	294.0
303.2889466939079	294.0
303.2989473186546	294.0
303.30894794340134	294.0
303.3189485681481	294.0
303.3289491928948	294.0
303.33894981764155	294.0
303.34895044238823	291.0
303.35895106713497	288.0
303.3689516918817	284.0
303.37895231662844	278.0
303.3889529413751	278.0
303.39895356612186	275.0
303.4089541908686	275.0
303.41895481561534	278.0
303.428955440362	281.0
303.43895606510875	281.0
303.4489566898555	284.0
303.45895731460223	288.0
303.4689579393489	288.0
303.47895856409565	288.0
303.4889591888424	288.0
303.4989598135891	284.0
303.50896043833586	281.0
303.51896106308254	275.0
303.5289616878293	268.0
303.538962312576	262.0
303.54896293732276	256.0
303.55896356206944	250.0
303.5689641868162	248.0
303.5789648115629	242.0
303.58896543630965	236.0
303.59896606105633	234.0
303.60896668580307	231.0
303.6189673105498	228.0
303.62896793529654	228.0
303.6389685600432	228.0
303.64896918478996	228.0
303.6589698095367	226.0
303.66897043428344	226.0
303.6789710590302	223.0
303.68897168377686	220.0
303.6989723085236	218.0
303.70897293327033	218.0
303.71897355801707	218.0
303.72897418276375	220.0
303.7389748075105	226.0
303.7489754322572	231.0
303.75897605700396	234.0
303.76897668175064	239.0
303.7789773064974	242.0
303.7889779312441	245.0
303.79897855599086	248.0
303.80897918073754	248.0
303.8189798054843	248.0
303.828980430231	248.0
303.83898105497775	245.0
303.8489816797245	245.0
303.85898230447117	242.0
303.8689829292179	239.0
303.87898355396464	239.0
303.8889841787114	236.0
303.89898480345806	236.0
303.9089854282048	236.0
303.91898605295154	234.0
303.9289866776983	234.0
303.93898730244496	231.0
303.9489879271917	228.0
303.95898855193843	228.0
303.96898917668517	228.0
303.97898980143185	228.0
303.9889904261786	228.0
303.9989910509253	231.0
304.00899167567206	234.0
304.0189923004188	239.0
304.0289929251655	245.0
304.0389935499122	250.0
304.04899417465896	259.0
304.0589947994057	268.0
304.0689954241524	275.0
304.0789960488991	281.0
304.08899667364585	288.0
304.0989972983926	294.0
304.10899792313927	298.0
304.118998547886	301.0
304.12899917263275	301.0
304.1389997973795	298.0
304.14900042212616	294.0
304.1590010468729	288.0
304.16900167161964	0.0
304.1790022963664	0.0
304.1890029211131	0.0
304.1990035458598	0.0
304.20900417060653	0.0
304.21900479535327	0.0
304.2290054201	0.0
304.2390060448467	298.0
304.2490066695934	298.0
304.25900729434017	298.0
304.2690079190869	298.0
304.2790085438336	298.0
304.2890091685803	298.0
304.29900979332706	298.0
304.3090104180738	298.0
304.3190110428205	0.0
304.3290116675672	0.0
304.33901229231395	0.0
304.3490129170607	0.0
304.3590135418074	0.0
304.3690141665541	0.0
304.37901479130085	0.0
304.3890154160476	0.0
304.3990160407943	294.0
304.409016665541	294.0
304.41901729028774	0.0
304.4290179150345	0.0
304.4390185397812	0.0
304.4490191645279	0.0
304.45901978927463	0.0
304.4690204140214	0.0
304.4790210387681	0.0
304.4890216635148	0.0
304.49902228826153	0.0
304.50902291300827	0.0
304.519023537755	0.0
304.52902416250174	0.0
304.5390247872484	0.0
304.54902541199516	0.0
304.5590260367419	0.0
304.56902666148864	0.0
304.5790272862353	0.0
304.58902791098205	0.0
304.5990285357288	0.0
304.60902916047553	0.0
304.6190297852222	0.0
304.62903040996895	0.0
304.6390310347157	0.0
304.6490316594624	0.0
304.6590322842091	0.0
304.66903290895584	0.0
304.6790335337026	0.0
304.6890341584493	0.0
304.69903478319605	288.0
304.70903540794274	288.0
304.7190360326895	284.0
304.7290366574362	284.0
304.73903728218295	281.0
304.74903790692963	281.0
304.75903853167637	281.0
304.7690391564231	281.0
304.77903978116984	284.0
304.7890404059165	288.0
304.79904103066326	288.0
304.80904165541	291.0
304.81904228015674	291.0
304.8290429049034	291.0
304.83904352965016	294.0
304.8490441543969	294.0
304.85904477914363	294.0
304.86904540389037	294.0
304.87904602863705	294.0
304.8890466533838	294.0
304.8990472781305	291.0
304.90904790287726	291.0
304.91904852762394	291.0
304.9290491523707	291.0
304.9390497771174	294.0
304.94905040186416	294.0
304.95905102661084	294.0
304.9690516513576	294.0
304.9790522761043	294.0
304.98905290085105	0.0
304.99905352559773	0.0
305.00905415034447	0.0
305.0190547750912	0.0
305.02905539983794	0.0
305.0390560245847	0.0
305.04905664933136	0.0
305.0590572740781	0.0
305.06905789882484	0.0
305.0790585235716	0.0
305.08905914831826	0.0
305.099059773065	0.0
305.10906039781173	0.0
305.11906102255847	0.0
305.12906164730515	0.0
305.1390622720519	0.0
305.1490628967986	0.0
305.15906352154536	0.0
305.16906414629204	0.0
305.1790647710388	0.0
305.1890653957855	0.0
305.19906602053226	0.0
305.209066645279	0.0
305.2190672700257	0.0
305.2290678947724	0.0
305.23906851951915	0.0
305.2490691442659	0.0
305.25906976901257	0.0
305.2690703937593	0.0
305.27907101850604	0.0
305.2890716432528	0.0
305.29907226799946	0.0
305.3090728927462	0.0
305.31907351749294	0.0
305.3290741422397	0.0
305.33907476698636	0.0
305.3490753917331	0.0
305.35907601647983	0.0
305.36907664122657	0.0
305.3790772659733	0.0
305.38907789072	0.0
305.3990785154667	0.0
305.40907914021346	0.0
305.4190797649602	0.0
305.4290803897069	0.0
305.4390810144536	0.0
305.44908163920036	0.0
305.4590822639471	0.0
305.4690828886938	0.0
305.4790835134405	0.0
305.48908413818725	0.0
305.499084762934	0.0
305.50908538768067	0.0
305.5190860124274	0.0
305.52908663717415	0.0
305.5390872619209	0.0
305.5490878866676	0.0
305.5590885114143	0.0
305.56908913616104	0.0
305.5790897609078	0.0
305.5890903856545	0.0
305.5990910104012	0.0
305.60909163514793	0.0
305.61909225989467	0.0
305.6290928846414	0.0
305.6390935093881	0.0
305.6490941341348	0.0
305.65909475888157	0.0
305.6690953836283	0.0
305.679096008375	0.0
305.6890966331217	0.0
305.69909725786846	0.0
305.7090978826152	0.0
305.71909850736193	0.0
305.7290991321086	0.0
305.73909975685535	0.0
305.7491003816021	0.0
305.7591010063488	0.0
305.7691016310955	0.0
305.77910225584225	0.0
305.789102880589	0.0
305.7991035053357	0.0
305.8091041300824	0.0
305.81910475482914	0.0
305.8291053795759	0.0
305.8391060043226	0.0
305.8491066290693	0.0
305.85910725381603	0.0
305.8691078785628	0.0
305.8791085033095	0.0
305.88910912805625	0.0
305.89910975280293	0.0
305.90911037754967	0.0
305.9191110022964	0.0
305.92911162704314	0.0
305.9391122517898	0.0
305.94911287653656	0.0
305.9591135012833	0.0
305.96911412603004	0.0
305.9791147507767	0.0
305.98911537552345	0.0
305.9991160002702	0.0
306.00911662501693	0.0
306.0191172497636	0.0
306.02911787451035	0.0
306.0391184992571	0.0
306.0491191240038	0.0
306.0591197487505	0.0
306.06912037349724	0.0
306.079120998244	0.0
306.0891216229907	0.0
306.09912224773745	0.0
306.10912287248414	0.0
306.1191234972309	0.0
306.1291241219776	0.0
306.13912474672435	0.0
306.14912537147103	0.0
306.15912599621777	0.0
306.1691266209645	0.0
306.17912724571124	0.0
306.1891278704579	0.0
306.19912849520466	0.0
306.2091291199514	0.0
306.21912974469814	0.0
306.2291303694448	0.0
306.23913099419156	0.0
306.2491316189383	0.0
306.25913224368503	0.0
306.26913286843177	0.0
306.27913349317845	0.0
306.2891341179252	0.0
306.2991347426719	0.0
306.30913536741866	0.0
306.31913599216534	0.0
306.3291366169121	0.0
306.3391372416588	0.0
306.34913786640556	0.0
306.35913849115224	0.0
306.369139115899	0.0
306.3791397406457	0.0
306.38914036539245	0.0
306.39914099013913	0.0
306.40914161488587	0.0
306.4191422396326	0.0
306.42914286437934	0.0
306.4391434891261	0.0
306.44914411387276	0.0
306.4591447386195	0.0
306.46914536336624	0.0
306.479145988113	0.0
306.48914661285966	0.0
306.4991472376064	0.0
306.50914786235313	0.0
306.51914848709987	0.0
306.52914911184655	0.0
306.5391497365933	0.0
306.54915036134	0.0
306.55915098608676	0.0
306.56915161083344	0.0
306.5791522355802	0.0
306.5891528603269	0.0
306.59915348507366	0.0
306.6091541098204	0.0
306.6191547345671	0.0
306.6291553593138	0.0
306.63915598406055	0.0
306.6491566088073	0.0
306.65915723355397	0.0
306.6691578583007	0.0
306.67915848304744	0.0
306.6891591077942	0.0
306.69915973254086	0.0
306.7091603572876	0.0
306.71916098203434	0.0
306.7291616067811	0.0
306.73916223152776	0.0
306.7491628562745	0.0
306.75916348102123	0.0
306.76916410576797	0.0
306.7791647305147	0.0
306.7891653552614	0.0
306.7991659800081	0.0
306.80916660475486	0.0
306.8191672295016	0.0
306.8291678542483	0.0
306.839168478995	0.0
306.84916910374176	0.0
306.8591697284885	0.0
306.8691703532352	0.0
306.8791709779819	0.0
306.88917160272865	0.0
306.8991722274754	0.0
306.90917285222207	0.0
306.9191734769688	0.0
306.92917410171555	0.0
306.9391747264623	0.0
306.949175351209	0.0
306.9591759759557	0.0
306.96917660070244	0.0
306.9791772254492	0.0
306.9891778501959	0.0
306.9991784749426	0.0
307.00917909968933	0.0
307.01917972443607	0.0
307.0291803491828	0.0
307.0391809739295	0.0
307.0491815986762	0.0
307.05918222342297	0.0
307.0691828481697	0.0
307.0791834729164	0.0
307.0891840976631	0.0
307.09918472240986	0.0
307.1091853471566	0.0
307.11918597190333	0.0
307.12918659665	0.0
307.13918722139675	0.0
307.1491878461435	0.0
307.15918847089023	0.0
307.1691890956369	0.0
307.17918972038365	0.0
307.1891903451304	0.0
307.1991909698771	0.0
307.2091915946238	0.0
307.21919221937054	0.0
307.2291928441173	0.0
307.239193468864	0.0
307.2491940936107	0.0
307.25919471835743	0.0
307.2691953431042	0.0
307.2791959678509	0.0
307.28919659259765	0.0
307.29919721734433	0.0
307.30919784209107	0.0
307.3191984668378	0.0
307.32919909158454	0.0
307.3391997163312	0.0
307.34920034107796	0.0
307.3592009658247	0.0
307.36920159057144	0.0
307.3792022153181	0.0
307.38920284006485	0.0
307.3992034648116	245.0
307.40920408955833	234.0
307.419204714305	226.0
307.42920533905175	220.0
307.4392059637985	218.0
307.4492065885452	218.0
307.45920721329196	215.0
307.46920783803864	218.0
307.4792084627854	218.0
307.4892090875321	218.0
307.49920971227886	220.0
307.50921033702554	223.0
307.5192109617723	228.0
307.529211586519	231.0
307.53921221126575	234.0
307.54921283601243	236.0
307.55921346075917	239.0
307.5692140855059	239.0
307.57921471025264	239.0
307.5892153349993	236.0
307.59921595974606	231.0
307.6092165844928	228.0
307.61921720923954	223.0
307.6292178339863	220.0
307.63921845873296	218.0
307.6492190834797	218.0
307.65921970822643	218.0
307.66922033297317	218.0
307.67922095771985	223.0
307.6892215824666	218.0
307.6992222072133	218.0
307.70922283196006	218.0
307.71922345670674	220.0
307.7292240814535	220.0
307.7392247062002	220.0
307.74922533094696	223.0
307.75922595569364	223.0
307.7692265804404	223.0
307.7792272051871	223.0
307.78922782993385	223.0
307.7992284546806	223.0
307.80922907942727	223.0
307.819229704174	223.0
307.82923032892074	223.0
307.8392309536675	220.0
307.84923157841416	220.0
307.8592322031609	220.0
307.86923282790764	218.0
307.8792334526544	215.0
307.88923407740106	213.0
307.8992347021478	210.0
307.90923532689453	208.0
307.91923595164127	206.0
307.92923657638795	206.0
307.9392372011347	206.0
307.9492378258814	210.0
307.95923845062816	213.0
307.9692390753749	218.0
307.9792397001216	223.0
307.9892403248683	226.0
307.99924094961506	228.0
308.0092415743618	231.0
308.0192421991085	231.0
308.0292428238552	228.0
308.03924344860195	223.0
308.0492440733487	220.0
308.05924469809537	210.0
308.0692453228421	199.0
308.07924594758884	192.0
308.0892465723356	185.0
308.09924719708226	179.0
308.109247821829	175.0
308.11924844657574	171.0
308.1292490713225	169.0
308.1392496960692	169.0
308.1492503208159	169.0
308.15925094556263	169.0
308.16925157030937	169.0
308.1792521950561	169.0
308.1892528198028	169.0
308.1992534445495	169.0
308.20925406929626	169.0
308.219254694043	169.0
308.2292553187897	169.0
308.2392559435364	169.0
308.24925656828316	167.0
308.2592571930299	167.0
308.2692578177766	165.0
308.2792584425233	163.0
308.28925906727005	163.0
308.2992596920168	161.0
308.3092603167635	161.0
308.3192609415102	161.0
308.32926156625695	161.0
308.3392621910037	161.0
308.3492628157504	161.0
308.3592634404971	161.0
308.36926406524384	161.0
308.3792646899906	161.0
308.3892653147373	161.0
308.399265939484	161.0
308.40926656423073	161.0
308.41926718897747	161.0
308.4292678137242	161.0
308.4392684384709	161.0
308.4492690632176	161.0
308.45926968796437	159.0
308.4692703127111	159.0
308.47927093745784	159.0
308.4892715622045	159.0
308.49927218695126	159.0
308.509272811698	159.0
308.51927343644473	161.0
308.5292740611914	163.0
308.53927468593815	165.0
308.5492753106849	169.0
308.55927593543163	171.0
308.5692765601783	175.0
308.57927718492505	177.0
308.5892778096718	177.0
308.5992784344185	177.0
308.6092790591652	177.0
308.61927968391194	175.0
308.6292803086587	171.0
308.6392809334054	169.0
308.64928155815215	165.0
308.65928218289883	163.0
308.6692828076456	161.0
308.6792834323923	159.0
308.68928405713905	159.0
308.69928468188573	159.0
308.70928530663247	158.0
308.7192859313792	159.0
308.72928655612594	159.0
308.7392871808726	161.0
308.74928780561936	161.0
308.7592884303661	163.0
308.76928905511284	167.0
308.7792896798595	169.0
308.78929030460625	171.0
308.799290929353	175.0
308.80929155409973	179.0
308.81929217884647	181.0
308.82929280359315	185.0
308.8392934283399	190.0
308.8492940530866	190.0
308.85929467783336	190.0
308.86929530258004	185.0
308.8792959273268	179.0
308.8892965520735	171.0
308.89929717682026	161.0
308.90929780156694	154.0
308.9192984263137	150.0
308.9292990510604	147.0
308.93929967580715	145.0
308.94930030055383	145.0
308.95930092530057	145.0
308.9693015500473	147.0
308.97930217479404	147.0
308.9893027995408	149.0
308.99930342428746	149.0
309.0093040490342	150.0
309.01930467378094	152.0
309.0293052985277	152.0
309.03930592327436	154.0
309.0493065480211	154.0
309.05930717276783	154.0
309.06930779751457	156.0
309.07930842226125	156.0
309.089309047008	154.0
309.0993096717547	154.0
309.10931029650146	152.0
309.11931092124814	150.0
309.1293115459949	147.0
309.1393121707416	145.0
309.14931279548836	145.0
309.1593134202351	144.0
309.1693140449818	144.0
309.1793146697285	145.0
309.18931529447525	145.0
309.199315919222	145.0
309.20931654396867	145.0
309.2193171687154	145.0
309.22931779346214	145.0
309.2393184182089	145.0
309.24931904295556	145.0
309.2593196677023	145.0
309.26932029244904	145.0
309.2793209171958	145.0
309.28932154194246	145.0
309.2993221666892	145.0
309.30932279143593	145.0
309.31932341618267	145.0
309.3293240409294	144.0
309.3393246656761	144.0
309.3493252904228	142.0
309.35932591516956	142.0
309.3693265399163	140.0
309.379327164663	139.0
309.3893277894097	139.0
309.39932841415646	137.0
309.4093290389032	137.0
309.4193296636499	137.0
309.4293302883966	137.0
309.43933091314335	137.0
309.4493315378901	139.0
309.45933216263677	140.0
309.4693327873835	144.0
309.47933341213025	145.0
309.489334036877	145.0
309.4993346616237	147.0
309.5093352863704	145.0
309.51933591111714	145.0
309.5293365358639	145.0
309.5393371606106	145.0
309.5493377853573	145.0
309.55933841010403	145.0
309.56933903485077	145.0
309.5793396595975	145.0
309.5893402843442	144.0
309.5993409090909	144.0
309.60934153383766	142.0
309.6193421585844	140.0
309.6293427833311	140.0
309.6393434080778	139.0
309.64934403282456	136.0
309.6593446575713	132.0
309.66934528231803	131.0
309.6793459070647	131.0
309.68934653181145	132.0
309.6993471565582	136.0
309.7093477813049	137.0
309.7193484060516	140.0
309.72934903079835	144.0
309.7393496555451	144.0
309.7493502802918	144.0
309.7593509050385	145.0
309.76935152978524	145.0
309.779352154532	145.0
309.7893527792787	144.0
309.7993534040254	144.0
309.80935402877213	144.0
309.8193546535189	144.0
309.8293552782656	144.0
309.83935590301235	144.0
309.849356527759	145.0
309.85935715250577	145.0
309.8693577772525	145.0
309.87935840199924	145.0
309.8893590267459	144.0
309.89935965149266	144.0
309.9093602762394	142.0
309.91936090098613	140.0
309.9293615257328	139.0
309.93936215047955	137.0
309.9493627752263	137.0
309.95936339997303	139.0
309.9693640247197	139.0
309.97936464946645	0.0
309.9893652742132	0.0
309.9993658989599	0.0
310.0093665237066	0.0
310.01936714845334	0.0
310.0293677732001	0.0
310.0393683979468	0.0
310.04936902269355	0.0
310.05936964744023	0.0
310.069370272187	0.0
310.0793708969337	0.0
310.08937152168045	0.0
310.09937214642713	0.0
310.10937277117387	228.0
310.1193733959206	226.0
310.12937402066734	226.0
310.139374645414	226.0
310.14937527016076	226.0
310.1593758949075	226.0
310.16937651965424	226.0
310.1793771444009	228.0
310.18937776914765	228.0
310.1993783938944	228.0
310.20937901864113	228.0
310.21937964338787	228.0
310.22938026813455	228.0
310.2393808928813	228.0
310.249381517628	228.0
310.25938214237476	228.0
310.26938276712144	226.0
310.2793833918682	226.0
310.2893840166149	226.0
310.29938464136166	226.0
310.30938526610834	226.0
310.3193858908551	226.0
310.3293865156018	226.0
310.33938714034855	226.0
310.34938776509523	226.0
310.35938838984197	226.0
310.3693890145887	226.0
310.37938963933544	223.0
310.3893902640822	223.0
310.39939088882886	223.0
310.4093915135756	223.0
310.41939213832234	223.0
310.4293927630691	223.0
310.43939338781576	220.0
310.4493940125625	218.0
310.45939463730923	213.0
310.46939526205597	210.0
310.47939588680265	206.0
310.4893965115494	203.0
310.4993971362961	203.0
310.50939776104286	203.0
310.51939838578954	206.0
310.5293990105363	208.0
310.539399635283	213.0
310.54940026002976	215.0
310.5594008847765	218.0
310.5694015095232	220.0
310.5794021342699	220.0
310.58940275901665	218.0
310.5994033837634	215.0
310.60940400851007	213.0
310.6194046332568	210.0
310.62940525800354	208.0
310.6394058827503	203.0
310.64940650749696	199.0
310.6594071322437	196.0
310.66940775699044	194.0
310.6794083817372	190.0
310.68940900648386	187.0
310.6994096312306	183.0
310.70941025597733	179.0
310.71941088072407	175.0
310.7294115054708	173.0
310.7394121302175	169.0
310.7494127549642	167.0
310.75941337971096	163.0
310.7694140044577	161.0
310.7794146292044	159.0
310.7894152539511	159.0
310.79941587869786	158.0
310.8094165034446	158.0
310.8194171281913	158.0
310.829417752938	158.0
310.83941837768475	159.0
310.8494190024315	159.0
310.85941962717817	161.0
310.8694202519249	161.0
310.87942087667165	161.0
310.8894215014184	163.0
310.8994221261651	163.0
310.9094227509118	163.0
310.91942337565854	163.0
310.9294240004053	163.0
310.939424625152	163.0
310.9494252498987	163.0
310.95942587464543	163.0
310.96942649939217	161.0
310.9794271241389	161.0
310.9894277488856	161.0
310.9994283736323	163.0
311.00942899837906	163.0
311.0194296231258	163.0
311.0294302478725	163.0
311.0394308726192	163.0
311.04943149736596	163.0
311.0594321221127	163.0
311.06943274685943	163.0
311.0794333716061	163.0
311.08943399635285	163.0
311.0994346210996	163.0
311.1094352458463	163.0
311.119435870593	163.0
311.12943649533975	163.0
311.1394371200865	161.0
311.1494377448332	161.0
311.1594383695799	161.0
311.16943899432664	161.0
311.1794396190734	161.0
311.1894402438201	159.0
311.1994408685668	161.0
311.20944149331353	161.0
311.2194421180603	163.0
311.229442742807	165.0
311.23944336755375	167.0
311.2494439923004	169.0
311.25944461704717	171.0
311.2694452417939	173.0
311.27944586654064	173.0
311.2894464912873	173.0
311.29944711603406	173.0
311.3094477407808	171.0
311.31944836552753	171.0
311.3294489902742	169.0
311.33944961502095	167.0
311.3494502397677	165.0
311.35945086451443	165.0
311.3694514892611	163.0
311.37945211400785	163.0
311.3894527387546	163.0
311.3994533635013	163.0
311.40945398824806	163.0
311.41945461299474	165.0
311.4294552377415	167.0
311.4394558624882	169.0
311.44945648723495	169.0
311.45945711198164	171.0
311.4694577367284	171.0
311.4794583614751	0.0
311.48945898622185	0.0
311.49945961096853	0.0
311.50946023571527	0.0
311.519460860462	0.0
311.52946148520874	0.0
311.5394621099554	0.0
311.54946273470216	0.0
311.5594633594489	0.0
311.56946398419564	0.0
311.5794646089424	0.0
311.58946523368905	0.0
311.5994658584358	0.0
311.60946648318253	0.0
311.61946710792927	0.0
311.62946773267595	0.0
311.6394683574227	0.0
311.6494689821694	0.0
311.65946960691616	0.0
311.66947023166284	0.0
311.6794708564096	0.0
311.6894714811563	0.0
311.69947210590306	0.0
311.70947273064974	0.0
311.7194733553965	0.0
311.7294739801432	0.0
311.73947460488995	0.0
311.7494752296367	0.0
311.75947585438337	0.0
311.7694764791301	0.0
311.77947710387684	0.0
311.7894777286236	0.0
311.79947835337026	0.0
311.809478978117	0.0
311.81947960286374	0.0
311.8294802276105	0.0
311.83948085235716	0.0
311.8494814771039	0.0
311.85948210185063	0.0
311.86948272659737	0.0
311.87948335134405	0.0
311.8894839760908	0.0
311.8994846008375	0.0
311.90948522558426	0.0
311.919485850331	0.0
311.9294864750777	0.0
311.9394870998244	0.0
311.94948772457116	0.0
311.9594883493179	0.0
311.9694889740646	0.0
311.9794895988113	0.0
311.98949022355805	0.0
311.9994908483048	0.0
312.00949147305147	0.0
312.0194920977982	0.0
312.02949272254494	0.0
312.0394933472917	0.0
312.04949397203836	0.0
312.0594945967851	0.0
312.06949522153184	0.0
312.0794958462786	0.0
312.0894964710253	0.0
312.099497095772	0.0
312.10949772051873	0.0
312.11949834526547	0.0
312.1294989700122	0.0
312.1394995947589	0.0
312.1495002195056	0.0
312.15950084425236	0.0
312.1695014689991	0.0
312.1795020937458	0.0
312.1895027184925	0.0
312.19950334323926	0.0
312.209503967986	0.0
312.2195045927327	0.0
312.2295052174794	0.0
312.23950584222615	0.0
312.2495064669729	0.0
312.2595070917196	0.0
312.2695077164663	0.0
312.27950834121305	0.0
312.2895089659598	0.0
312.2995095907065	0.0
312.3095102154532	0.0
312.31951084019994	0.0
312.3295114649467	0.0
312.3395120896934	0.0
312.3495127144401	0.0
312.35951333918683	0.0
312.36951396393357	0.0
312.3795145886803	0.0
312.389515213427	0.0
312.3995158381737	0.0
312.40951646292046	0.0
312.4195170876672	0.0
312.42951771241394	0.0
312.4395183371606	0.0
312.44951896190736	0.0
312.4595195866541	0.0
312.46952021140083	0.0
312.4795208361475	0.0
312.48952146089425	0.0
312.499522085641	0.0
312.5095227103877	0.0
312.5195233351344	0.0
312.52952395988115	0.0
312.5395245846279	0.0
312.5495252093746	0.0
312.5595258341213	0.0
312.56952645886804	0.0
312.5795270836148	0.0
312.5895277083615	0.0
312.59952833310825	0.0
312.60952895785493	0.0
312.6195295826017	0.0
312.6295302073484	0.0
312.63953083209515	0.0
312.6495314568418	0.0
312.65953208158857	0.0
312.6695327063353	0.0
312.67953333108204	0.0
312.6895339558287	0.0
312.69953458057546	0.0
312.7095352053222	0.0
312.71953583006893	0.0
312.7295364548156	0.0
312.73953707956235	0.0
312.7495377043091	0.0
312.75953832905583	0.0
312.76953895380257	0.0
312.77953957854925	0.0
312.789540203296	0.0
312.7995408280427	0.0
312.80954145278946	0.0
312.81954207753614	0.0
312.8295427022829	0.0
312.8395433270296	0.0
312.84954395177635	0.0
312.85954457652304	0.0
312.8695452012698	0.0
312.8795458260165	0.0
312.88954645076325	0.0
312.89954707550993	0.0
312.90954770025667	0.0
312.9195483250034	0.0
312.92954894975014	0.0
312.9395495744969	0.0
312.94955019924356	0.0
312.9595508239903	0.0
312.96955144873704	0.0
312.9795520734838	0.0
312.98955269823045	0.0
312.9995533229772	0.0
313.00955394772393	0.0
313.01955457247067	0.0
313.02955519721735	0.0
313.0395558219641	0.0
313.0495564467108	0.0
313.05955707145756	0.0
313.06955769620424	129.0
313.079558320951	126.0
313.0895589456977	125.0
313.09955957044446	125.0
313.1095601951912	125.0
313.1195608199379	125.0
313.1295614446846	126.0
313.13956206943135	126.0
313.1495626941781	128.0
313.15956331892477	128.0
313.1695639436715	129.0
313.17956456841824	129.0
313.189565193165	131.0
313.19956581791166	132.0
313.2095664426584	134.0
313.21956706740514	136.0
313.2295676921519	137.0
313.23956831689856	140.0
313.2495689416453	142.0
313.25956956639203	145.0
313.26957019113877	147.0
313.2795708158855	150.0
313.2895714406322	152.0
313.2995720653789	156.0
313.30957269012566	159.0
313.3195733148724	161.0
313.3295739396191	165.0
313.3395745643658	169.0
313.34957518911256	171.0
313.3595758138593	175.0
313.369576438606	177.0
313.3795770633527	179.0
313.38957768809945	183.0
313.3995783128462	185.0
313.40957893759287	187.0
313.4195795623396	187.0
313.42958018708634	185.0
313.4395808118331	183.0
313.4495814365798	181.0
313.4595820613265	179.0
313.46958268607324	177.0
313.47958331082	173.0
313.4895839355667	171.0
313.4995845603134	169.0
313.50958518506013	167.0
313.51958580980687	167.0
313.5295864345536	167.0
313.5395870593003	167.0
313.549587684047	167.0
313.55958830879376	169.0
313.5695889335405	169.0
313.5795895582872	169.0
313.5895901830339	167.0
313.59959080778066	167.0
313.6095914325274	167.0
313.61959205727413	165.0
313.6295926820208	165.0
313.63959330676755	165.0
313.6495939315143	163.0
313.659594556261	163.0
313.6695951810077	163.0
313.67959580575445	163.0
313.6895964305012	163.0
313.6995970552479	163.0
313.7095976799946	163.0
313.71959830474134	163.0
313.7295989294881	163.0
313.7395995542348	163.0
313.7496001789815	163.0
313.75960080372823	163.0
313.76960142847497	163.0
313.7796020532217	163.0
313.78960267796845	163.0
313.7996033027151	163.0
313.80960392746186	163.0
313.8196045522086	163.0
313.82960517695534	163.0
313.839605801702	163.0
313.84960642644876	163.0
313.8596070511955	163.0
313.86960767594223	163.0
313.8796083006889	163.0
313.88960892543565	163.0
313.8996095501824	165.0
313.9096101749291	165.0
313.9196107996758	167.0
313.92961142442255	167.0
313.9396120491693	169.0
313.949612673916	171.0
313.9596132986627	173.0
313.96961392340944	175.0
313.9796145481562	175.0
313.9896151729029	177.0
313.99961579764965	177.0
314.00961642239633	177.0
314.0196170471431	177.0
314.0296176718898	175.0
314.03961829663655	175.0
314.0496189213832	173.0
314.05961954612997	171.0
314.0696201708767	169.0
314.07962079562344	169.0
314.0896214203701	167.0
314.09962204511686	167.0
314.1096226698636	167.0
314.11962329461034	167.0
314.129623919357	165.0
314.13962454410375	165.0
314.1496251688505	165.0
314.15962579359723	163.0
314.16962641834397	163.0
314.17962704309065	163.0
314.1896276678374	163.0
314.1996282925841	163.0
314.20962891733086	163.0
314.21962954207754	165.0
314.2296301668243	167.0
314.239630791571	169.0
314.24963141631775	171.0
314.25963204106444	173.0
314.2696326658112	175.0
314.2796332905579	177.0
314.28963391530465	179.0
314.29963454005133	181.0
314.30963516479807	181.0
314.3196357895448	183.0
314.32963641429154	181.0
314.3396370390383	181.0
314.34963766378496	179.0
314.3596382885317	177.0
314.36963891327844	175.0
314.3796395380252	175.0
314.38964016277185	173.0
314.3996407875186	171.0
314.40964141226533	171.0
314.41964203701207	169.0
314.42964266175875	169.0
314.4396432865055	167.0
314.4496439112522	165.0
314.45964453599896	165.0
314.46964516074564	163.0
314.4796457854924	163.0
314.4896464102391	163.0
314.49964703498586	163.0
314.5096476597326	163.0
314.5196482844793	163.0
314.529648909226	165.0
314.53964953397275	165.0
314.5496501587195	165.0
314.55965078346617	167.0
314.5696514082129	167.0
314.57965203295964	169.0
314.5896526577064	171.0
314.59965328245306	173.0
314.6096539071998	175.0
314.61965453194654	177.0
314.6296551566933	179.0
314.63965578143996	181.0
314.6496564061867	181.0
314.65965703093343	181.0
314.66965765568017	179.0
314.6796582804269	177.0
314.6896589051736	175.0
314.6996595299203	173.0
314.70966015466706	173.0
314.7196607794138	171.0
314.7296614041605	169.0
314.7396620289072	169.0
314.74966265365396	167.0
314.7596632784007	167.0
314.7696639031474	167.0
314.7796645278941	167.0
314.78966515264085	167.0
314.7996657773876	169.0
314.80966640213427	171.0
314.819667026881	175.0
314.82966765162774	179.0
314.8396682763745	185.0
314.8496689011212	190.0
314.8596695258679	196.0
314.86967015061464	203.0
314.8796707753614	210.0
314.8896714001081	215.0
314.8996720248548	220.0
314.90967264960153	220.0
314.91967327434827	220.0
314.929673899095	220.0
314.9396745238417	218.0
314.9496751485884	215.0
314.95967577333516	215.0
314.9696763980819	215.0
314.9796770228286	218.0
314.9896776475753	218.0
314.99967827232206	218.0
315.0096788970688	220.0
315.01967952181553	220.0
315.0296801465622	220.0
315.03968077130895	220.0
315.0496813960557	218.0
315.0596820208024	215.0
315.0696826455491	213.0
315.07968327029585	213.0
315.0896838950426	210.0
315.0996845197893	210.0
315.109685144536	210.0
315.11968576928274	210.0
315.1296863940295	213.0
315.1396870187762	213.0
315.1496876435229	215.0
315.15968826826963	218.0
315.16968889301637	218.0
315.1796895177631	220.0
315.18969014250985	220.0
315.1996907672565	223.0
315.20969139200326	223.0
315.21969201675	223.0
315.22969264149674	226.0
315.2396932662434	226.0
315.24969389099016	226.0
315.2596945157369	223.0
315.26969514048363	223.0
315.2796957652303	223.0
315.28969638997705	223.0
315.2996970147238	220.0
315.3096976394705	220.0
315.3196982642172	220.0
315.32969888896395	218.0
315.3396995137107	215.0
315.3497001384574	215.0
315.35970076320416	213.0
315.36970138795084	213.0
315.3797020126976	213.0
315.3897026374443	213.0
315.39970326219105	213.0
315.40970388693773	213.0
315.4197045116845	215.0
315.4297051364312	218.0
315.43970576117795	218.0
315.4497063859246	220.0
315.45970701067137	223.0
315.4697076354181	226.0
315.47970826016484	228.0
315.4897088849115	228.0
315.49970950965826	228.0
315.509710134405	226.0
315.51971075915174	223.0
315.5297113838985	223.0
315.53971200864515	220.0
315.5497126333919	220.0
315.55971325813863	218.0
315.56971388288537	218.0
315.57971450763205	215.0
315.5897151323788	215.0
315.5997157571255	215.0
315.60971638187226	213.0
315.61971700661894	213.0
315.6297176313657	215.0
315.6397182561124	215.0
315.64971888085915	215.0
315.65971950560584	215.0
315.6697201303526	218.0
315.6797207550993	220.0
315.68972137984605	223.0
315.6997220045928	226.0
315.70972262933947	231.0
315.7197232540862	234.0
315.72972387883294	236.0
315.7397245035797	236.0
315.74972512832636	236.0
315.7597257530731	234.0
315.76972637781984	231.0
315.7797270025666	228.0
315.78972762731325	226.0
315.79972825206	223.0
315.80972887680673	223.0
315.81972950155347	223.0
315.82973012630015	220.0
315.8397307510469	220.0
315.8497313757936	220.0
315.85973200054036	220.0
315.8697326252871	220.0
315.8797332500338	220.0
315.8897338747805	220.0
315.89973449952726	220.0
315.909735124274	220.0
315.9197357490207	220.0
315.9297363737674	218.0
315.93973699851415	218.0
315.9497376232609	218.0
315.95973824800757	218.0
315.9697388727543	218.0
315.97973949750104	218.0
315.9897401222478	218.0
315.99974074699446	218.0
316.0097413717412	220.0
316.01974199648794	220.0
316.0297426212347	220.0
316.0397432459814	220.0
316.0497438707281	220.0
316.05974449547483	218.0
316.06974512022157	218.0
316.0797457449683	218.0
316.089746369715	215.0
316.0997469944617	213.0
316.10974761920846	213.0
316.1197482439552	210.0
316.1297488687019	210.0
316.1397494934486	210.0
316.14975011819536	213.0
316.1597507429421	215.0
316.1697513676888	218.0
316.1797519924355	220.0
316.18975261718225	223.0
316.199753241929	223.0
316.2097538666757	220.0
316.2197544914224	218.0
316.22975511616914	215.0
316.2397557409159	208.0
316.2497563656626	201.0
316.2597569904093	194.0
316.26975761515604	185.0
316.2797582399028	177.0
316.2897588646495	173.0
316.2997594893962	171.0
316.30976011414293	169.0
316.31976073888967	169.0
316.3297613636364	169.0
316.3397619883831	169.0
316.3497626131298	169.0
316.35976323787656	169.0
316.3697638626233	169.0
316.37976448737004	169.0
316.3897651121167	167.0
316.39976573686346	167.0
316.4097663616102	167.0
316.41976698635693	167.0
316.4297676111036	165.0
316.43976823585035	165.0
316.4497688605971	167.0
316.4597694853438	167.0
316.4697701100905	167.0
316.47977073483725	167.0
316.489771359584	167.0
316.4997719843307	167.0
316.5097726090774	165.0
316.51977323382414	165.0
316.5297738585709	165.0
316.5397744833176	165.0
316.54977510806435	165.0
316.55977573281103	165.0
316.56977635755777	165.0
316.5797769823045	165.0
316.58977760705125	165.0
316.5997782317979	163.0
316.60977885654466	163.0
316.6197794812914	165.0
316.62978010603814	165.0
316.6397807307848	165.0
316.64978135553156	167.0
316.6597819802783	167.0
316.66978260502503	169.0
316.6797832297717	171.0
316.68978385451845	171.0
316.6997844792652	173.0
316.7097851040119	173.0
316.71978572875867	175.0
316.72978635350535	173.0
316.7397869782521	173.0
316.7497876029988	171.0
316.75978822774556	171.0
316.76978885249224	169.0
316.779789477239	167.0
316.7897901019857	167.0
316.79979072673245	165.0
316.80979135147913	165.0
316.8197919762259	165.0
316.8297926009726	165.0
316.83979322571935	165.0
316.849793850466	165.0
316.85979447521277	165.0
316.8697950999595	165.0
316.87979572470624	165.0
316.889796349453	167.0
316.89979697419966	169.0
316.9097975989464	171.0
316.91979822369314	175.0
316.9297988484399	179.0
316.93979947318655	185.0
316.9498000979333	190.0
316.95980072268003	194.0
316.96980134742677	199.0
316.97980197217345	199.0
316.9898025969202	196.0
316.9998032216669	192.0
317.00980384641366	183.0
317.01980447116034	171.0
317.0298050959071	159.0
317.0398057206538	152.0
317.04980634540055	149.0
317.0598069701473	147.0
317.069807594894	147.0
317.0798082196407	147.0
317.08980884438745	149.0
317.0998094691342	150.0
317.10981009388087	152.0
317.1198107186276	152.0
317.12981134337434	154.0
317.1398119681211	154.0
317.14981259286776	156.0
317.1598132176145	156.0
317.16981384236124	156.0
317.179814467108	156.0
317.18981509185465	156.0
317.1998157166014	156.0
317.20981634134813	156.0
317.21981696609487	156.0
317.2298175908416	156.0
317.2398182155883	156.0
317.249818840335	154.0
317.25981946508176	154.0
317.2698200898285	152.0
317.2798207145752	152.0
317.2898213393219	152.0
317.29982196406866	150.0
317.3098225888154	150.0
317.3198232135621	150.0
317.3298238383088	150.0
317.33982446305555	150.0
317.3498250878023	150.0
317.35982571254897	150.0
317.3698263372957	152.0
317.37982696204244	152.0
317.3898275867892	154.0
317.3998282115359	154.0
317.4098288362826	156.0
317.41982946102934	156.0
317.4298300857761	156.0
317.4398307105228	156.0
317.4498313352695	156.0
317.45983196001623	154.0
317.46983258476297	154.0
317.4798332095097	154.0
317.4898338342564	154.0
317.4998344590031	154.0
317.50983508374986	154.0
317.5198357084966	154.0
317.5298363332433	154.0
317.53983695799	154.0
317.54983758273676	154.0
317.5598382074835	154.0
317.56983883223023	154.0
317.5798394569769	154.0
317.58984008172365	154.0
317.5998407064704	154.0
317.6098413312171	154.0
317.6198419559638	154.0
317.62984258071054	154.0
317.6398432054573	154.0
317.649843830204	154.0
317.6598444549507	152.0
317.66984507969744	152.0
317.6798457044442	150.0
317.6898463291909	150.0
317.6998469539376	150.0
317.70984757868433	149.0
317.71984820343107	149.0
317.7298488281778	149.0
317.73984945292455	149.0
317.7498500776712	149.0
317.75985070241796	149.0
317.7698513271647	149.0
317.77985195191144	150.0
317.7898525766581	150.0
317.79985320140486	150.0
317.8098538261516	150.0
317.81985445089833	149.0
317.829855075645	147.0
317.83985570039175	145.0
317.8498563251385	142.0
317.8598569498852	137.0
317.8698575746319	132.0
317.87985819937865	128.0
317.8898588241254	125.0
317.8998594488721	0.0
317.9098600736188	0.0
317.91986069836554	0.0
317.9298613231123	0.0
317.939861947859	0.0
317.94986257260575	147.0
317.95986319735243	0.0
317.96986382209917	0.0
317.9798644468459	0.0
317.98986507159265	0.0
317.9998656963393	0.0
318.00986632108606	0.0
318.0198669458328	0.0
318.02986757057954	0.0
318.0398681953262	0.0
318.04986882007296	0.0
318.0598694448197	0.0
318.06987006956643	0.0
318.0798706943131	0.0
318.08987131905985	0.0
318.0998719438066	0.0
318.1098725685533	0.0
318.11987319330007	0.0
318.12987381804675	0.0
318.1398744427935	0.0
318.1498750675402	0.0
318.15987569228696	0.0
318.16987631703364	0.0
318.1798769417804	0.0
318.1898775665271	0.0
318.19987819127385	0.0
318.20987881602053	0.0
318.2198794407673	0.0
318.229880065514	0.0
318.23988069026075	0.0
318.2498813150074	0.0
318.25988193975417	0.0
318.2698825645009	0.0
318.27988318924764	0.0
318.2898838139944	0.0
318.29988443874106	0.0
318.3098850634878	0.0
318.31988568823454	0.0
318.3298863129813	0.0
318.33988693772795	0.0
318.3498875624747	0.0
318.35988818722143	0.0
318.36988881196817	0.0
318.37988943671485	0.0
318.3898900614616	0.0
318.3998906862083	0.0
318.40989131095506	0.0
318.41989193570174	0.0
318.4298925604485	0.0
318.4398931851952	0.0
318.44989380994195	0.0
318.4598944346887	0.0
318.4698950594354	0.0
318.4798956841821	0.0
318.48989630892885	0.0
318.4998969336756	0.0
318.50989755842227	0.0
318.519898183169	0.0
318.52989880791574	0.0
318.5398994326625	0.0
318.54990005740916	0.0
318.5599006821559	0.0
318.56990130690264	0.0
318.5799019316494	0.0
318.58990255639605	0.0
318.5999031811428	0.0
318.60990380588953	0.0
318.61990443063627	0.0
318.629905055383	0.0
318.6399056801297	0.0
318.6499063048764	0.0
318.65990692962316	0.0
318.6699075543699	0.0
318.6799081791166	0.0
318.6899088038633	0.0
318.69990942861006	0.0
318.7099100533568	0.0
318.7199106781035	0.0
318.7299113028502	0.0
318.73991192759695	0.0
318.7499125523437	0.0
318.75991317709037	0.0
318.7699138018371	0.0
318.77991442658384	0.0
318.7899150513306	0.0
318.7999156760773	0.0
318.809916300824	0.0
318.81991692557074	0.0
318.8299175503175	0.0
318.8399181750642	0.0
318.8499187998109	0.0
318.85991942455763	0.0
318.86992004930437	0.0
318.8799206740511	0.0
318.8899212987978	0.0
318.8999219235445	0.0
318.90992254829126	0.0
318.919923173038	0.0
318.9299237977847	0.0
318.9399244225314	0.0
318.94992504727816	0.0
318.9599256720249	0.0
318.96992629677163	0.0
318.9799269215183	0.0
318.98992754626505	0.0
318.9999281710118	0.0
319.0099287957585	0.0
319.0199294205052	0.0
319.02993004525194	0.0
319.0399306699987	0.0
319.0499312947454	0.0
319.0599319194921	0.0
319.06993254423884	0.0
319.0799331689856	0.0
319.0899337937323	0.0
319.099934418479	0.0
319.10993504322573	0.0
319.11993566797247	0.0
319.1299362927192	0.0
319.13993691746595	0.0
319.1499375422126	0.0
319.15993816695936	0.0
319.1699387917061	144.0
319.17993941645284	144.0
319.1899400411995	144.0
319.19994066594626	145.0
319.209941290693	144.0
319.21994191543973	145.0
319.2299425401864	147.0
319.23994316493315	149.0
319.2499437896799	149.0
319.2599444144266	150.0
319.2699450391733	150.0
319.27994566392005	150.0
319.2899462886668	150.0
319.2999469134135	150.0
319.30994753816026	149.0
319.31994816290694	149.0
319.3299487876537	149.0
319.3399494124004	149.0
319.34995003714715	149.0
319.35995066189383	149.0
319.36995128664057	147.0
319.3799519113873	147.0
319.38995253613405	145.0
319.3999531608807	145.0
319.40995378562747	145.0
319.4199544103742	144.0
319.42995503512094	144.0
319.4399556598676	144.0
319.44995628461436	144.0
319.4599569093611	144.0
319.46995753410783	144.0
319.4799581588546	144.0
319.48995878360125	144.0
319.499959408348	144.0
319.5099600330947	144.0
319.51996065784147	145.0
319.52996128258815	145.0
319.5399619073349	145.0
319.5499625320816	145.0
319.55996315682836	145.0
319.56996378157504	145.0
319.5799644063218	145.0
319.5899650310685	145.0
319.59996565581525	145.0
319.60996628056193	144.0
319.6199669053087	144.0
319.6299675300554	144.0
319.63996815480215	142.0
319.6499687795489	142.0
319.65996940429557	140.0
319.6699700290423	140.0
319.67997065378904	139.0
319.6899712785358	139.0
319.69997190328246	139.0
319.7099725280292	139.0
319.71997315277594	139.0
319.7299737775227	139.0
319.73997440226935	139.0
319.7499750270161	140.0
319.75997565176283	142.0
319.76997627650957	144.0
319.77997690125625	145.0
319.789977526003	145.0
319.7999781507497	147.0
319.80997877549646	147.0
319.8199794002432	147.0
319.8299800249899	147.0
319.8399806497366	147.0
319.84998127448335	147.0
319.8599818992301	147.0
319.8699825239768	147.0
319.8799831487235	145.0
319.88998377347025	145.0
319.899984398217	145.0
319.90998502296367	145.0
319.9199856477104	144.0
319.92998627245714	144.0
319.9399868972039	142.0
319.94998752195056	142.0
319.9599881466973	140.0
319.96998877144404	140.0
319.9799893961908	139.0
319.9899900209375	137.0
319.9999906456842	137.0
320.00999127043093	137.0
320.01999189517767	137.0
320.0299925199244	137.0
320.0399931446711	139.0
320.0499937694178	140.0
320.05999439416456	142.0
320.0699950189113	144.0
320.079995643658	145.0
320.0899962684047	147.0
320.09999689315146	149.0
320.1099975178982	149.0
320.1199981426449	149.0
320.1299987673916	147.0
320.13999939213835	147.0
320.1500000168851	145.0
320.1600006416318	145.0
320.1700012663785	145.0
320.18000189112524	145.0
320.190002515872	145.0
320.2000031406187	145.0
320.2100037653654	145.0
320.22000439011214	145.0
320.2300050148589	147.0
320.2400056396056	147.0
320.2500062643523	147.0
320.26000688909903	147.0
320.27000751384577	147.0
320.2800081385925	145.0
320.2900087633392	144.0
320.3000093880859	144.0
320.31001001283266	142.0
320.3200106375794	142.0
320.33001126232614	142.0
320.3400118870728	142.0
320.35001251181956	142.0
320.3600131365663	144.0
320.37001376131303	144.0
320.3800143860597	144.0
320.39001501080645	145.0
320.4000156355532	145.0
320.4100162602999	147.0
320.4200168850466	147.0
320.43001750979334	147.0
320.4400181345401	149.0
320.4500187592868	149.0
320.4600193840335	149.0
320.47002000878024	149.0
320.480020633527	149.0
320.4900212582737	147.0
320.50002188302045	147.0
320.51002250776713	147.0
320.52002313251387	147.0
320.5300237572606	147.0
320.54002438200735	147.0
320.550025006754	147.0
320.56002563150076	149.0
320.5700262562475	149.0
320.58002688099424	149.0
320.5900275057409	147.0
320.60002813048766	147.0
320.6100287552344	147.0
320.62002937998113	145.0
320.6300300047278	145.0
320.64003062947455	145.0
320.6500312542213	145.0
320.660031878968	145.0
320.67003250371476	144.0
320.68003312846145	144.0
320.6900337532082	144.0
320.7000343779549	145.0
320.71003500270166	145.0
320.72003562744834	145.0
320.7300362521951	147.0
320.7400368769418	150.0
320.75003750168855	152.0
320.76003812643523	156.0
320.77003875118197	158.0
320.7800393759287	158.0
320.79004000067545	158.0
320.8000406254221	158.0
320.81004125016887	156.0
320.8200418749156	154.0
320.83004249966234	152.0
320.8400431244091	150.0
320.85004374915576	150.0
320.8600443739025	150.0
320.87004499864923	150.0
320.880045623396	150.0
320.89004624814265	150.0
320.9000468728894	149.0
320.9100474976361	149.0
320.92004812238287	147.0
320.93004874712955	147.0
320.9400493718763	145.0
320.950049996623	145.0
320.96005062136976	147.0
320.97005124611644	147.0
320.9800518708632	147.0
320.9900524956099	147.0
321.00005312035665	147.0
321.0100537451034	147.0
321.0200543698501	149.0
321.0300549945968	149.0
321.04005561934355	149.0
321.0500562440903	149.0
321.06005686883697	149.0
321.0700574935837	149.0
321.08005811833044	147.0
321.0900587430772	147.0
321.10005936782386	147.0
321.1100599925706	147.0
321.12006061731734	147.0
321.1300612420641	149.0
321.14006186681075	149.0
321.1500624915575	150.0
321.16006311630423	150.0
321.17006374105097	149.0
321.1800643657977	149.0
321.1900649905444	149.0
321.2000656152911	149.0
321.21006624003786	149.0
321.2200668647846	150.0
321.2300674895313	150.0
321.240068114278	152.0
321.25006873902475	154.0
321.2600693637715	156.0
321.2700699885182	156.0
321.2800706132649	154.0
321.29007123801165	154.0
321.3000718627584	152.0
321.31007248750507	152.0
321.3200731122518	150.0
321.33007373699854	150.0
321.3400743617453	149.0
321.350074986492	149.0
321.3600756112387	149.0
321.37007623598544	149.0
321.3800768607322	149.0
321.3900774854789	149.0
321.4000781102256	150.0
321.41007873497233	152.0
321.42007935971907	156.0
321.4300799844658	159.0
321.4400806092125	163.0
321.4500812339592	169.0
321.46008185870596	173.0
321.4700824834527	177.0
321.4800831081994	179.0
321.4900837329461	179.0
321.50008435769286	177.0
321.5100849824396	169.0
321.52008560718633	165.0
321.530086231933	159.0
321.54008685667975	156.0
321.5500874814265	152.0
321.5600881061732	152.0
321.5700887309199	150.0
321.58008935566664	150.0
321.5900899804134	150.0
321.6000906051601	152.0
321.6100912299068	152.0
321.62009185465354	152.0
321.6300924794003	152.0
321.640093104147	152.0
321.6500937288937	154.0
321.66009435364043	154.0
321.67009497838717	154.0
321.6800956031339	156.0
321.69009622788064	156.0
321.7000968526273	156.0
321.71009747737406	154.0
321.7200981021208	154.0
321.73009872686754	152.0
321.7400993516142	152.0
321.75009997636096	150.0
321.7601006011077	149.0
321.77010122585443	149.0
321.7801018506011	149.0
321.79010247534785	149.0
321.8001031000946	149.0
321.8101037248413	149.0
321.820104349588	149.0
321.83010497433474	149.0
321.8401055990815	149.0
321.8501062238282	149.0
321.8601068485749	149.0
321.87010747332164	149.0
321.8801080980684	149.0
321.8901087228151	149.0
321.90010934756185	149.0
321.91010997230853	149.0
321.92011059705527	147.0
321.930111221802	147.0
321.94011184654875	147.0
321.9501124712954	147.0
321.96011309604216	145.0
321.9701137207889	145.0
321.98011434553564	144.0
321.9901149702823	142.0
322.00011559502906	140.0
322.0101162197758	140.0
322.02011684452253	140.0
322.0301174692692	140.0
322.04011809401595	142.0
322.0501187187627	142.0
322.0601193435094	144.0
322.07011996825617	145.0
322.08012059300285	145.0
322.0901212177496	147.0
322.1001218424963	147.0
322.11012246724306	147.0
322.12012309198974	147.0
322.1301237167365	147.0
322.1401243414832	147.0
322.15012496622995	147.0
322.16012559097663	147.0
322.17012621572337	147.0
322.1801268404701	147.0
322.19012746521685	147.0
322.2001280899635	147.0
322.21012871471027	147.0
322.220129339457	145.0
322.23012996420374	145.0
322.2401305889505	145.0
322.25013121369716	144.0
322.2601318384439	142.0
322.27013246319063	142.0
322.2801330879374	140.0
322.29013371268405	140.0
322.3001343374308	140.0
322.31013496217753	140.0
322.32013558692427	142.0
322.33013621167095	142.0
322.3401368364177	144.0
322.3501374611644	144.0
322.36013808591116	145.0
322.37013871065784	145.0
322.3801393354046	147.0
322.3901399601513	147.0
322.40014058489805	149.0
322.4101412096448	149.0
322.4201418343915	149.0
322.4301424591382	149.0
322.44014308388495	147.0
322.4501437086317	147.0
322.46014433337837	147.0
322.4701449581251	145.0
322.48014558287184	145.0
322.4901462076186	144.0
322.50014683236526	144.0
322.510147457112	142.0
322.52014808185874	142.0
322.5301487066055	142.0
322.54014933135215	142.0
322.5501499560989	142.0
322.56015058084563	142.0
322.57015120559237	142.0
322.5801518303391	142.0
322.5901524550858	142.0
322.6001530798325	144.0
322.61015370457926	144.0
322.620154329326	145.0
322.6301549540727	147.0
322.6401555788194	149.0
322.65015620356615	149.0
322.6601568283129	150.0
322.6701574530596	150.0
322.6801580778063	152.0
322.69015870255305	152.0
322.7001593272998	152.0
322.71015995204647	152.0
322.7201605767932	152.0
322.73016120153994	150.0
322.7401618262867	150.0
322.7501624510334	150.0
322.7601630757801	149.0
322.77016370052684	149.0
322.7801643252736	149.0
322.7901649500203	147.0
322.800165574767	147.0
322.81016619951373	147.0
322.82016682426047	149.0
322.8301674490072	149.0
322.8401680737539	150.0
322.8501686985006	152.0
322.86016932324736	152.0
322.8701699479941	150.0
322.8801705727408	149.0
322.8901711974875	147.0
322.90017182223426	147.0
322.910172446981	147.0
322.92017307172773	147.0
322.9301736964744	147.0
322.94017432122115	149.0
322.9501749459679	149.0
322.9601755707146	150.0
322.9701761954613	150.0
322.98017682020804	152.0
322.9901774449548	152.0
323.0001780697015	152.0
323.0101786944482	152.0
323.02017931919494	152.0
323.0301799439417	152.0
323.0401805686884	150.0
323.0501811934351	150.0
323.06018181818183	150.0
323.07018244292857	149.0
323.0801830676753	149.0
323.09018369242204	149.0
323.1001843171687	150.0
323.11018494191546	150.0
323.1201855666622	150.0
323.13018619140894	150.0
323.1401868161556	150.0
323.15018744090236	152.0
323.1601880656491	150.0
323.17018869039583	150.0
323.1801893151425	150.0
323.19018993988925	150.0
323.200190564636	150.0
323.2101911893827	150.0
323.2201918141294	150.0
323.23019243887614	150.0
323.2401930636229	150.0
323.2501936883696	149.0
323.26019431311636	149.0
323.27019493786304	149.0
323.2801955626098	149.0
323.2901961873565	150.0
323.30019681210325	152.0
323.31019743684993	154.0
323.32019806159667	156.0
323.3301986863434	161.0
323.34019931109015	163.0
323.3501999358368	165.0
323.36020056058356	165.0
323.3702011853303	163.0
323.38020181007704	159.0
323.3902024348237	154.0
323.40020305957046	149.0
323.4102036843172	145.0
323.42020430906393	144.0
323.43020493381067	144.0
323.44020555855735	145.0
323.4502061833041	145.0
323.4602068080508	145.0
323.47020743279757	147.0
323.48020805754425	147.0
323.490208682291	147.0
323.5002093070377	149.0
323.51020993178446	149.0
323.52021055653114	149.0
323.5302111812779	149.0
323.5402118060246	147.0
323.55021243077135	147.0
323.56021305551803	147.0
323.57021368026477	147.0
323.5802143050115	149.0
323.59021492975825	149.0
323.600215554505	149.0
323.61021617925167	147.0
323.6202168039984	147.0
323.63021742874514	145.0
323.6402180534919	144.0
323.65021867823856	142.0
323.6602193029853	142.0
323.67021992773203	142.0
323.6802205524788	140.0
323.69022117722545	140.0
323.7002218019722	140.0
323.71022242671893	142.0
323.72022305146567	144.0
323.73022367621235	145.0
323.7402243009591	147.0
323.7502249257058	147.0
323.76022555045256	147.0
323.7702261751993	147.0
323.780226799946	147.0
323.7902274246927	147.0
323.80022804943945	145.0
323.8102286741862	145.0
323.8202292989329	145.0
323.8302299236796	145.0
323.84023054842635	145.0
323.8502311731731	145.0
323.86023179791977	147.0
323.8702324226665	147.0
323.88023304741324	149.0
323.89023367216	149.0
323.90023429690666	149.0
323.9102349216534	147.0
323.92023554640014	147.0
323.9302361711469	145.0
323.9402367958936	144.0
323.9502374206403	140.0
323.96023804538703	139.0
323.97023867013377	139.0
323.9802392948805	137.0
323.9902399196272	139.0
324.0002405443739	139.0
324.01024116912066	140.0
324.0202417938674	142.0
324.0302424186141	144.0
324.0402430433608	145.0
324.05024366810756	147.0
324.0602442928543	149.0
324.070244917601	149.0
324.0802455423477	149.0
324.09024616709445	149.0
324.1002467918412	145.0
324.1102474165879	144.0
324.1202480413346	142.0
324.13024866608134	140.0
324.1402492908281	139.0
324.1502499155748	137.0
324.1602505403215	137.0
324.17025116506824	136.0
324.180251789815	134.0
324.1902524145617	131.0
324.2002530393084	129.0
324.21025366405513	128.0
324.22025428880187	126.0
324.2302549135486	125.0
324.2402555382953	124.0
324.250256163042	122.0
324.26025678778876	121.0
324.2702574125355	119.0
324.28025803728224	118.0
324.2902586620289	118.0
324.30025928677566	117.0
324.3102599115224	115.0
324.32026053626913	115.0
324.3302611610158	115.0
324.34026178576255	114.0
324.3502624105093	113.0
324.360263035256	111.0
324.3702636600027	110.0
324.38026428474944	110.0
324.3902649094962	109.0
324.4002655342429	109.0
324.4102661589896	109.0
324.42026678373634	109.0
324.4302674084831	109.0
324.4402680332298	109.0
324.45026865797655	109.0
324.46026928272323	109.0
324.47026990746997	109.0
324.4802705322167	109.0
324.49027115696344	110.0
324.5002717817101	110.0
324.51027240645686	111.0
324.5202730312036	113.0
324.53027365595034	115.0
324.540274280697	117.0
324.55027490544376	117.0
324.5602755301905	118.0
324.57027615493723	119.0
324.5802767796839	119.0
324.59027740443065	118.0
324.6002780291774	117.0
324.6102786539241	115.0
324.62027927867086	114.0
324.63027990341755	114.0
324.6402805281643	113.0
324.650281152911	111.0
324.66028177765776	111.0
324.67028240240444	110.0
324.6802830271512	110.0
324.6902836518979	110.0
324.70028427664465	111.0
324.71028490139133	114.0
324.72028552613807	115.0
324.7302861508848	118.0
324.74028677563155	119.0
324.7502874003782	118.0
324.76028802512496	0.0
324.7702886498717	0.0
324.78028927461844	0.0
324.7902898993652	0.0
324.80029052411186	0.0
324.8102911488586	0.0
324.82029177360533	0.0
324.83029239835207	0.0
324.84029302309875	0.0
324.8502936478455	0.0
324.8602942725922	0.0
324.87029489733897	0.0
324.88029552208565	0.0
324.8902961468324	0.0
324.9002967715791	0.0
324.91029739632586	0.0
324.92029802107254	0.0
324.9302986458193	0.0
324.940299270566	0.0
324.95029989531275	0.0
324.9603005200595	0.0
324.97030114480617	0.0
324.9803017695529	0.0
324.99030239429965	0.0
325.0003030190464	0.0
325.01030364379307	0.0
325.0203042685398	0.0
325.03030489328654	0.0
325.0403055180333	0.0
325.05030614277996	0.0
325.0603067675267	0.0
325.07030739227343	0.0
325.0803080170202	0.0
325.09030864176685	0.0
325.1003092665136	0.0
325.11030989126033	0.0
325.12031051600707	0.0
325.1303111407538	0.0
325.1403117655005	0.0
325.1503123902472	0.0
325.16031301499396	0.0
325.1703136397407	0.0
325.1803142644874	0.0
325.1903148892341	0.0
325.20031551398085	0.0
325.2103161387276	0.0
325.2203167634743	0.0
325.230317388221	0.0
325.24031801296775	0.0
325.2503186377145	0.0
325.26031926246117	0.0
325.2703198872079	0.0
325.28032051195464	0.0
325.2903211367014	0.0
325.3003217614481	0.0
325.3103223861948	0.0
325.32032301094154	0.0
325.3303236356883	0.0
325.340324260435	0.0
325.3503248851817	0.0
325.36032550992843	0.0
325.37032613467517	0.0
325.3803267594219	0.0
325.3903273841686	0.0
325.4003280089153	0.0
325.41032863366206	0.0
325.4203292584088	0.0
325.4303298831555	0.0
325.4403305079022	0.0
325.45033113264896	0.0
325.4603317573957	0.0
325.47033238214243	0.0
325.4803330068891	0.0
325.49033363163585	0.0
325.5003342563826	0.0
325.5103348811293	0.0
325.520335505876	0.0
325.53033613062274	0.0
325.5403367553695	0.0
325.5503373801162	0.0
325.5603380048629	0.0
325.57033862960964	0.0
325.5803392543564	0.0
325.5903398791031	0.0
325.6003405038498	0.0
325.61034112859653	0.0
325.62034175334327	0.0
325.63034237809	0.0
325.64034300283674	0.0
325.6503436275834	0.0
325.66034425233016	0.0
325.6703448770769	0.0
325.68034550182364	0.0
325.6903461265703	0.0
325.70034675131706	0.0
325.7103473760638	0.0
325.72034800081053	0.0
325.7303486255572	0.0
325.74034925030395	0.0
325.7503498750507	0.0
325.7603504997974	0.0
325.7703511245441	0.0
325.78035174929084	0.0
325.7903523740376	0.0
325.8003529987843	0.0
325.810353623531	0.0
325.82035424827774	128.0
325.8303548730245	125.0
325.8403554977712	124.0
325.85035612251795	122.0
325.86035674726463	121.0
325.87035737201137	121.0
325.8803579967581	119.0
325.89035862150484	119.0
325.9003592462515	118.0
325.91035987099826	118.0
325.920360495745	117.0
325.93036112049174	115.0
325.9403617452384	115.0
325.95036236998516	114.0
325.9603629947319	113.0
325.97036361947863	111.0
325.9803642442253	111.0
325.99036486897205	110.0
326.0003654937188	110.0
326.0103661184655	110.0
326.02036674321226	109.0
326.03036736795895	109.0
326.0403679927057	109.0
326.0503686174524	110.0
326.06036924219916	111.0
326.07036986694584	111.0
326.0803704916926	114.0
326.0903711164393	115.0
326.10037174118605	117.0
326.11037236593273	118.0
326.12037299067947	118.0
326.1303736154262	119.0
326.14037424017295	119.0
326.1503748649196	118.0
326.16037548966636	117.0
326.1703761144131	117.0
326.18037673915984	115.0
326.1903773639066	114.0
326.20037798865326	113.0
326.2103786134	111.0
326.22037923814673	111.0
326.23037986289347	111.0
326.24038048764015	111.0
326.2503811123869	111.0
326.2603817371336	111.0
326.27038236188037	113.0
326.28038298662705	114.0
326.2903836113738	118.0
326.3003842361205	122.0
326.31038486086726	126.0
326.32038548561394	131.0
326.3303861103607	136.0
326.3403867351074	139.0
326.35038735985415	144.0
326.3603879846009	145.0
326.3703886093476	147.0
326.3803892340943	149.0
326.39038985884105	149.0
326.4003904835878	149.0
326.41039110833447	147.0
326.4203917330812	144.0
326.43039235782794	142.0
326.4403929825747	140.0
326.45039360732136	137.0
326.4603942320681	137.0
326.47039485681483	136.0
326.4803954815616	136.0
326.49039610630825	136.0
326.500396731055	136.0
326.51039735580173	136.0
326.52039798054847	137.0
326.5303986052952	139.0
326.5403992300419	142.0
326.5503998547886	144.0
326.56040047953536	147.0
326.5704011042821	149.0
326.5804017290288	149.0
326.5904023537755	150.0
326.60040297852225	149.0
326.610403603269	147.0
326.6204042280157	145.0
326.6304048527624	142.0
326.64040547750915	140.0
326.6504061022559	139.0
326.66040672700257	139.0
326.6704073517493	139.0
326.68040797649604	140.0
326.6904086012428	140.0
326.7004092259895	142.0
326.7104098507362	142.0
326.72041047548294	144.0
326.7304111002297	144.0
326.7404117249764	144.0
326.7504123497231	142.0
326.76041297446983	140.0
326.77041359921657	139.0
326.7804142239633	134.0
326.79041484871	129.0
326.8004154734567	124.0
326.81041609820346	119.0
326.8204167229502	115.0
326.8304173476969	113.0
326.8404179724436	111.0
326.85041859719036	110.0
326.8604192219371	110.0
326.87041984668383	110.0
326.8804204714305	111.0
326.89042109617725	111.0
326.900421720924	111.0
326.9104223456707	111.0
326.9204229704174	113.0
326.93042359516414	114.0
326.9404242199109	115.0
326.9504248446576	115.0
326.9604254694043	117.0
326.97042609415104	117.0
326.9804267188978	115.0
326.9904273436445	115.0
327.0004279683912	114.0
327.01042859313793	113.0
327.02042921788467	111.0
327.0304298426314	111.0
327.04043046737814	111.0
327.0504310921248	111.0
327.06043171687156	111.0
327.0704323416183	111.0
327.08043296636504	111.0
327.0904335911117	110.0
327.10043421585846	110.0
327.1104348406052	109.0
327.12043546535193	109.0
327.1304360900986	109.0
327.14043671484535	109.0
327.1504373395921	110.0
327.1604379643388	110.0
327.1704385890855	110.0
327.18043921383224	110.0
327.190439838579	109.0
327.2004404633257	107.0
327.21044108807246	106.0
327.22044171281914	105.0
327.2304423375659	105.0
327.2404429623126	105.0
327.25044358705935	105.0
327.26044421180603	106.0
327.27044483655277	106.0
327.2804454612995	106.0
327.29044608604625	106.0
327.3004467107929	105.0
327.31044733553966	105.0
327.3204479602864	104.0
327.33044858503314	104.0
327.3404492097798	104.0
327.35044983452656	105.0
327.3604504592733	107.0
327.37045108402003	109.0
327.38045170876677	110.0
327.39045233351345	110.0
327.4004529582602	109.0
327.4104535830069	0.0
327.42045420775366	0.0
327.43045483250035	0.0
327.4404554572471	0.0
327.4504560819938	0.0
327.46045670674056	0.0
327.47045733148724	0.0
327.480457956234	0.0
327.4904585809807	0.0
327.50045920572745	0.0
327.51045983047413	0.0
327.52046045522087	0.0
327.5304610799676	0.0
327.54046170471435	0.0
327.5504623294611	0.0
327.56046295420776	0.0
327.5704635789545	0.0
327.58046420370124	0.0
327.590464828448	0.0
327.60046545319466	0.0
327.6104660779414	0.0
327.62046670268813	0.0
327.63046732743487	0.0
327.64046795218155	0.0
327.6504685769283	0.0
327.660469201675	0.0
327.67046982642177	0.0
327.68047045116845	0.0
327.6904710759152	0.0
327.7004717006619	0.0
327.71047232540866	0.0
327.7204729501554	0.0
327.7304735749021	0.0
327.7404741996488	0.0
327.75047482439555	0.0
327.7604754491423	0.0
327.770476073889	0.0
327.7804766986357	0.0
327.79047732338245	0.0
327.8004779481292	0.0
327.81047857287587	0.0
327.8204791976226	0.0
327.83047982236934	0.0
327.8404804471161	0.0
327.85048107186276	0.0
327.8604816966095	0.0
327.87048232135623	0.0
327.880482946103	0.0
327.8904835708497	0.0
327.9004841955964	0.0
327.91048482034313	0.0
327.92048544508987	0.0
327.9304860698366	0.0
327.9404866945833	0.0
327.95048731933	0.0
327.96048794407676	0.0
327.9704885688235	0.0
327.9804891935702	0.0
327.9904898183169	0.0
328.00049044306365	0.0
328.0104910678104	0.0
328.0204916925571	0.0
328.0304923173038	0.0
328.04049294205055	0.0
328.0504935667973	0.0
328.060494191544	0.0
328.0704948162907	0.0
328.08049544103744	0.0
328.0904960657842	0.0
328.1004966905309	0.0
328.1104973152776	0.0
328.12049794002434	0.0
328.1304985647711	0.0
328.1404991895178	0.0
328.1504998142645	0.0
328.16050043901123	0.0
328.17050106375797	0.0
328.1805016885047	0.0
328.1905023132514	0.0
328.2005029379981	0.0
328.21050356274486	0.0
328.2205041874916	0.0
328.23050481223834	0.0
328.240505436985	0.0
328.25050606173176	0.0
328.2605066864785	0.0
328.27050731122523	0.0
328.2805079359719	0.0
328.29050856071865	0.0
328.3005091854654	0.0
328.3105098102121	0.0
328.3205104349588	0.0
328.33051105970554	0.0
328.3405116844523	0.0
328.350512309199	0.0
328.3605129339457	118.0
328.37051355869244	117.0
328.3805141834392	114.0
328.3905148081859	114.0
328.40051543293265	113.0
328.41051605767933	113.0
328.42051668242607	113.0
328.4305173071728	111.0
328.44051793191954	111.0
328.4505185566662	111.0
328.46051918141296	111.0
328.4705198061597	111.0
328.48052043090644	111.0
328.4905210556531	111.0
328.50052168039986	111.0
328.5105223051466	111.0
328.52052292989333	111.0
328.53052355464	111.0
328.54052417938675	111.0
328.5505248041335	111.0
328.5605254288802	111.0
328.57052605362696	111.0
328.58052667837364	113.0
328.5905273031204	113.0
328.6005279278671	113.0
328.61052855261386	113.0
328.62052917736054	111.0
328.6305298021073	111.0
328.640530426854	111.0
328.65053105160075	111.0
328.66053167634743	111.0
328.67053230109417	111.0
328.6805329258409	111.0
328.69053355058765	111.0
328.7005341753343	110.0
328.71053480008106	110.0
328.7205354248278	110.0
328.73053604957454	110.0
328.7405366743213	110.0
328.75053729906796	111.0
328.7605379238147	111.0
328.77053854856143	111.0
328.78053917330817	113.0
328.79053979805485	113.0
328.8005404228016	111.0
328.8105410475483	111.0
328.82054167229506	111.0
328.83054229704175	111.0
328.8405429217885	111.0
328.8505435465352	113.0
328.86054417128196	113.0
328.87054479602864	113.0
328.8805454207754	113.0
328.8905460455221	113.0
328.90054667026885	111.0
328.9105472950156	111.0
328.92054791976227	110.0
328.930548544509	110.0
328.94054916925575	110.0
328.9505497940025	110.0
328.96055041874916	110.0
328.9705510434959	110.0
328.98055166824264	110.0
328.9905522929894	110.0
329.00055291773606	110.0
329.0105535424828	109.0
329.02055416722953	109.0
329.0305547919763	109.0
329.04055541672295	109.0
329.0505560414697	109.0
329.0605566662164	109.0
329.07055729096317	109.0
329.0805579157099	110.0
329.0905585404566	110.0
329.1005591652033	111.0
329.11055978995006	111.0
329.1205604146968	113.0
329.1305610394435	113.0
329.1405616641902	111.0
329.15056228893695	111.0
329.1605629136837	110.0
329.1705635384304	110.0
329.1805641631771	109.0
329.19056478792385	109.0
329.2005654126706	109.0
329.21056603741727	110.0
329.220566662164	110.0
329.23056728691074	110.0
329.2405679116575	111.0
329.2505685364042	111.0
329.2605691611509	111.0
329.27056978589764	111.0
329.2805704106444	111.0
329.2905710353911	113.0
329.3005716601378	113.0
329.31057228488453	113.0
329.32057290963127	113.0
329.330573534378	113.0
329.3405741591247	113.0
329.3505747838714	113.0
329.36057540861816	111.0
329.3705760333649	111.0
329.3805766581116	111.0
329.3905772828583	111.0
329.40057790760505	110.0
329.4105785323518	110.0
329.42057915709853	110.0
329.4305797818452	110.0
329.44058040659195	110.0
329.4505810313387	111.0
329.4605816560854	111.0
329.4705822808321	111.0
329.48058290557884	111.0
329.4905835303256	111.0
329.5005841550723	111.0
329.510584779819	111.0
329.52058540456574	111.0
329.5305860293125	111.0
329.5405866540592	111.0
329.5505872788059	111.0
329.56058790355263	113.0
329.57058852829937	113.0
329.5805891530461	113.0
329.59058977779284	113.0
329.6005904025395	113.0
329.61059102728626	111.0
329.620591652033	111.0
329.63059227677974	110.0
329.6405929015264	110.0
329.65059352627316	110.0
329.6605941510199	110.0
329.67059477576663	110.0
329.6805954005133	111.0
329.69059602526005	111.0
329.7005966500068	113.0
329.7105972747535	113.0
329.7205978995002	113.0
329.73059852424694	113.0
329.7405991489937	113.0
329.7505997737404	113.0
329.7606003984871	111.0
329.77060102323384	111.0
329.7806016479806	111.0
329.7906022727273	111.0
329.80060289747405	113.0
329.81060352222073	113.0
329.82060414696747	113.0
329.8306047717142	113.0
329.84060539646094	113.0
329.8506060212076	111.0
329.86060664595436	111.0
329.8706072707011	111.0
329.88060789544784	110.0
329.8906085201945	110.0
329.90060914494126	110.0
329.910609769688	109.0
329.92061039443473	109.0
329.9306110191814	110.0
329.94061164392815	110.0
329.9506122686749	111.0
329.9606128934216	111.0
329.97061351816836	111.0
329.98061414291504	111.0
329.9906147676618	111.0
330.0006153924085	111.0
330.01061601715526	111.0
330.02061664190194	111.0
330.0306172666487	110.0
330.0406178913954	110.0
330.05061851614215	110.0
330.06061914088883	110.0
330.07061976563557	110.0
330.0806203903823	110.0
330.09062101512905	110.0
330.1006216398757	110.0
330.11062226462246	110.0
330.1206228893692	111.0
330.13062351411594	111.0
330.1406241388627	111.0
330.15062476360936	111.0
330.1606253883561	110.0
330.17062601310283	110.0
330.18062663784957	110.0
330.19062726259625	110.0
330.200627887343	110.0
330.2106285120897	110.0
330.22062913683646	110.0
330.23062976158315	110.0
330.2406303863299	110.0
330.2506310110766	110.0
330.26063163582336	110.0
330.27063226057004	110.0
330.2806328853168	110.0
330.2906335100635	110.0
330.30063413481025	110.0
330.310634759557	110.0
330.32063538430367	110.0
330.3306360090504	111.0
330.34063663379715	111.0
330.3506372585439	111.0
330.36063788329056	111.0
330.3706385080373	111.0
330.38063913278404	111.0
330.3906397575308	111.0
330.40064038227746	111.0
330.4106410070242	111.0
330.42064163177093	111.0
330.4306422565177	111.0
330.44064288126435	111.0
330.4506435060111	111.0
330.4606441307578	110.0
330.47064475550457	110.0
330.4806453802513	110.0
330.490646004998	110.0
330.5006466297447	110.0
330.51064725449146	110.0
330.5206478792382	110.0
330.5306485039849	110.0
330.5406491287316	110.0
330.55064975347835	110.0
330.5606503782251	110.0
330.5706510029718	110.0
330.5806516277185	109.0
330.59065225246525	109.0
330.600652877212	107.0
330.61065350195867	107.0
330.6206541267054	106.0
330.63065475145214	106.0
330.6406553761989	105.0
330.6506560009456	105.0
330.6606566256923	105.0
330.67065725043904	106.0
330.6806578751858	106.0
330.6906584999325	107.0
330.7006591246792	107.0
330.71065974942593	109.0
330.72066037417267	110.0
330.7306609989194	111.0
330.7406616236661	111.0
330.7506622484128	113.0
330.76066287315956	113.0
330.7706634979063	113.0
330.780664122653	113.0
330.7906647473997	111.0
330.80066537214645	111.0
330.8106659968932	110.0
330.82066662163993	110.0
330.8306672463866	110.0
330.84066787113335	110.0
330.8506684958801	110.0
330.8606691206268	109.0
330.8706697453735	109.0
330.88067037012024	107.0
330.890670994867	107.0
330.9006716196137	107.0
330.9106722443604	107.0
330.92067286910714	107.0
330.9306734938539	107.0
330.9406741186006	107.0
330.9506747433473	107.0
330.96067536809403	109.0
330.97067599284077	110.0
330.9806766175875	111.0
330.99067724233424	111.0
331.0006778670809	113.0
331.01067849182766	113.0
331.0206791165744	113.0
331.03067974132114	113.0
331.0406803660678	113.0
331.05068099081456	113.0
331.0606816155613	113.0
331.07068224030803	113.0
331.0806828650547	113.0
331.09068348980145	113.0
331.1006841145482	113.0
331.1106847392949	113.0
331.1206853640416	113.0
331.13068598878834	113.0
331.1406866135351	113.0
331.1506872382818	113.0
331.16068786302856	113.0
331.17068848777524	113.0
331.180689112522	111.0
331.1906897372687	111.0
331.20069036201545	110.0
331.21069098676213	110.0
331.22069161150887	110.0
331.2306922362556	110.0
331.24069286100234	111.0
331.250693485749	114.0
331.26069411049576	117.0
331.2706947352425	119.0
331.28069535998924	121.0
331.2906959847359	122.0
331.30069660948266	121.0
331.3106972342294	119.0
331.32069785897613	118.0
331.33069848372287	115.0
331.34069910846955	114.0
331.3506997332163	113.0
331.360700357963	111.0
331.37070098270976	111.0
331.38070160745644	111.0
331.3907022322032	111.0
331.4007028569499	111.0
331.41070348169666	111.0
331.42070410644334	113.0
331.4307047311901	113.0
331.4407053559368	113.0
331.45070598068355	113.0
331.46070660543023	113.0
331.47070723017697	113.0
331.4807078549237	113.0
331.49070847967045	113.0
331.5007091044172	113.0
331.51070972916386	113.0
331.5207103539106	113.0
331.53071097865734	113.0
331.5407116034041	111.0
331.55071222815076	111.0
331.5607128528975	111.0
331.57071347764423	110.0
331.58071410239097	109.0
331.59071472713765	109.0
331.6007153518844	109.0
331.6107159766311	109.0
331.62071660137786	110.0
331.63071722612455	111.0
331.6407178508713	113.0
331.650718475618	114.0
331.66071910036476	115.0
331.6707197251115	115.0
331.6807203498582	117.0
331.6907209746049	117.0
331.70072159935165	117.0
331.7107222240984	117.0
331.72072284884507	115.0
331.7307234735918	114.0
331.74072409833855	114.0
331.7507247230853	113.0
331.76072534783196	113.0
331.7707259725787	111.0
331.78072659732544	111.0
331.7907272220722	111.0
331.80072784681886	111.0
331.8107284715656	111.0
331.82072909631233	111.0
331.8307297210591	113.0
331.8407303458058	115.0
331.8507309705525	118.0
331.8607315952992	122.0
331.87073222004597	131.0
331.8807328447927	137.0
331.8907334695394	142.0
331.9007340942861	145.0
331.91073471903286	149.0
331.9207353437796	149.0
331.9307359685263	149.0
331.940736593273	147.0
331.95073721801975	144.0
331.9607378427665	140.0
331.9707384675132	137.0
331.9807390922599	134.0
331.99073971700665	131.0
332.0007403417534	128.0
332.0107409665001	126.0
332.0207415912468	124.0
332.03074221599354	122.0
332.0407428407403	119.0
332.050743465487	118.0
332.0607440902337	117.0
332.07074471498044	115.0
332.0807453397272	115.0
332.0907459644739	114.0
332.1007465892206	114.0
332.11074721396733	113.0
332.12074783871407	113.0
332.1307484634608	111.0
332.1407490882075	111.0
332.1507497129542	110.0
332.16075033770096	110.0
332.1707509624477	110.0
332.18075158719444	110.0
332.1907522119411	110.0
332.20075283668785	110.0
332.2107534614346	110.0
332.22075408618133	110.0
332.230754710928	111.0
332.24075533567475	113.0
332.2507559604215	115.0
332.2607565851682	118.0
332.2707572099149	119.0
332.28075783466164	121.0
332.2907584594084	121.0
332.3007590841551	121.0
332.3107597089018	121.0
332.32076033364854	119.0
332.3307609583953	118.0
332.340761583142	115.0
332.35076220788875	114.0
332.36076283263543	113.0
332.37076345738217	111.0
332.3807640821289	111.0
332.39076470687564	111.0
332.4007653316223	111.0
332.41076595636906	113.0
332.4207665811158	115.0
332.43076720586254	118.0
332.4407678306092	125.0
332.45076845535596	134.0
332.4607690801027	137.0
332.47076970484943	142.0
332.4807703295961	145.0
332.49077095434285	150.0
332.5007715790896	152.0
332.5107722038363	154.0
332.52077282858306	152.0
332.53077345332974	152.0
332.5407740780765	150.0
332.5507747028232	147.0
332.56077532756996	145.0
332.57077595231664	142.0
332.5807765770634	140.0
332.5907772018101	139.0
332.60077782655685	139.0
332.61077845130353	137.0
332.62077907605027	139.0
332.630779700797	139.0
332.64078032554374	140.0
332.6507809502904	144.0
332.66078157503716	145.0
332.6707821997839	147.0
332.68078282453064	149.0
332.6907834492774	150.0
332.70078407402406	150.0
332.7107846987708	149.0
332.72078532351753	149.0
332.73078594826427	145.0
332.74078657301095	144.0
332.7507871977577	142.0
332.7607878225044	140.0
332.77078844725116	139.0
332.78078907199784	137.0
332.7907896967446	137.0
332.8007903214913	139.0
332.81079094623806	140.0
332.82079157098474	142.0
332.8307921957315	144.0
332.8407928204782	145.0
332.85079344522495	147.0
332.8607940699717	147.0
332.87079469471837	147.0
332.8807953194651	145.0
332.89079594421185	140.0
332.9007965689586	136.0
332.91079719370526	129.0
332.920797818452	124.0
332.93079844319874	118.0
332.9407990679455	114.0
332.95079969269216	113.0
332.9608003174389	111.0
332.97080094218563	111.0
332.98080156693237	110.0
332.99080219167905	111.0
333.0008028164258	111.0
333.0108034411725	113.0
333.02080406591926	114.0
333.030804690666	115.0
333.0408053154127	115.0
333.0508059401594	117.0
333.06080656490616	117.0
333.0708071896529	117.0
333.0808078143996	115.0
333.0908084391463	115.0
333.10080906389305	114.0
333.1108096886398	113.0
333.12081031338647	113.0
333.1308109381332	111.0
333.14081156287995	111.0
333.1508121876267	111.0
333.16081281237336	111.0
333.1708134371201	111.0
333.18081406186684	111.0
333.1908146866136	111.0
333.2008153113603	111.0
333.210815936107	111.0
333.22081656085373	111.0
333.2308171856005	111.0
333.2408178103472	111.0
333.2508184350939	110.0
333.2608190598406	110.0
333.27081968458737	109.0
333.2808203093341	107.0
333.2908209340808	105.0
333.3008215588275	104.0
333.31082218357426	104.0
333.320822808321	104.0
333.3308234330677	104.0
333.3408240578144	104.0
333.35082468256115	105.0
333.3608253073079	106.0
333.37082593205463	107.0
333.3808265568013	109.0
333.39082718154805	111.0
333.4008278062948	113.0
333.4108284310415	0.0
333.4208290557882	0.0
333.43082968053494	0.0
333.4408303052817	0.0
333.4508309300284	0.0
333.4608315547751	0.0
333.47083217952184	0.0
333.4808328042686	0.0
333.4908334290153	0.0
333.500834053762	0.0
333.51083467850873	0.0
333.52083530325547	0.0
333.5308359280022	0.0
333.54083655274894	0.0
333.5508371774956	0.0
333.56083780224236	0.0
333.5708384269891	0.0
333.58083905173584	0.0
333.5908396764825	0.0
333.60084030122925	0.0
333.610840925976	0.0
333.62084155072273	0.0
333.6308421754694	0.0
333.64084280021615	0.0
333.6508434249629	0.0
333.6608440497096	0.0
333.6708446744563	0.0
333.68084529920304	0.0
333.6908459239498	0.0
333.7008465486965	0.0
333.7108471734432	0.0
333.72084779818994	0.0
333.7308484229367	0.0
333.7408490476834	0.0
333.75084967243015	0.0
333.76085029717683	0.0
333.77085092192357	0.0
333.7808515466703	0.0
333.79085217141704	0.0
333.8008527961637	0.0
333.81085342091046	0.0
333.8208540456572	0.0
333.83085467040394	0.0
333.8408552951506	0.0
333.85085591989736	0.0
333.8608565446441	0.0
333.87085716939083	0.0
333.8808577941375	0.0
333.89085841888425	0.0
333.900859043631	0.0
333.9108596683777	0.0
333.92086029312446	0.0
333.93086091787114	0.0
333.9408615426179	0.0
333.9508621673646	0.0
333.96086279211136	0.0
333.97086341685804	0.0
333.9808640416048	0.0
333.9908646663515	0.0
334.00086529109825	0.0
334.01086591584493	0.0
334.02086654059167	0.0
334.0308671653384	0.0
334.04086779008514	0.0
334.0508684148318	0.0
334.06086903957856	0.0
334.0708696643253	0.0
334.08087028907204	0.0
334.0908709138188	0.0
334.10087153856546	0.0
334.1108721633122	0.0
334.12087278805893	0.0
334.13087341280567	0.0
334.14087403755235	0.0
334.1508746622991	0.0
334.1608752870458	0.0
334.17087591179256	0.0
334.18087653653924	0.0
334.190877161286	0.0
334.2008777860327	0.0
334.21087841077946	0.0
334.22087903552614	0.0
334.2308796602729	0.0
334.2408802850196	0.0
334.25088090976635	0.0
334.2608815345131	0.0
334.27088215925977	0.0
334.2808827840065	0.0
334.29088340875325	0.0
334.3008840335	0.0
334.31088465824666	0.0
334.3208852829934	117.0
334.33088590774014	117.0
334.3408865324869	115.0
334.35088715723356	114.0
334.3608877819803	114.0
334.37088840672703	114.0
334.38088903147377	114.0
334.39088965622045	114.0
334.4008902809672	114.0
334.4108909057139	114.0
334.42089153046066	115.0
334.4308921552074	115.0
334.4408927799541	114.0
334.4508934047008	114.0
334.46089402944756	114.0
334.4708946541943	113.0
334.480895278941	113.0
334.4908959036877	113.0
334.50089652843445	113.0
334.5108971531812	113.0
334.52089777792787	111.0
334.5308984026746	110.0
334.54089902742135	109.0
334.5508996521681	109.0
334.56090027691477	109.0
334.5709009016615	106.0
334.58090152640824	106.0
334.590902151155	106.0
334.6009027759017	106.0
334.6109034006484	106.0
334.62090402539513	106.0
334.6309046501419	107.0
334.6409052748886	109.0
334.6509058996353	110.0
334.660906524382	111.0
334.67090714912877	111.0
334.6809077738755	113.0
334.6909083986222	113.0
334.7009090233689	113.0
334.71090964811566	113.0
334.7209102728624	111.0
334.7309108976091	111.0
334.7409115223558	110.0
334.75091214710255	110.0
334.7609127718493	110.0
334.77091339659603	109.0
334.7809140213427	109.0
334.79091464608945	107.0
334.8009152708362	107.0
334.8109158955829	106.0
334.8209165203296	106.0
334.83091714507634	106.0
334.8409177698231	106.0
334.8509183945698	106.0
334.8609190193165	106.0
334.87091964406324	107.0
334.88092026881	109.0
334.8909208935567	109.0
334.9009215183034	110.0
334.91092214305013	110.0
334.92092276779687	110.0
334.9309233925436	110.0
334.94092401729034	110.0
334.950924642037	111.0
334.96092526678376	111.0
334.9709258915305	113.0
334.98092651627724	113.0
334.9909271410239	113.0
335.00092776577065	113.0
335.0109283905174	113.0
335.02092901526413	111.0
335.0309296400108	111.0
335.04093026475755	111.0
335.0509308895043	111.0
335.060931514251	111.0
335.0709321389977	110.0
335.08093276374444	110.0
335.0909333884912	109.0
335.1009340132379	109.0
335.11093463798466	109.0
335.12093526273134	109.0
335.1309358874781	110.0
335.1409365122248	111.0
335.15093713697155	111.0
335.16093776171823	113.0
335.17093838646497	114.0
335.1809390112117	117.0
335.19093963595844	117.0
335.2009402607051	118.0
335.21094088545186	118.0
335.2209415101986	117.0
335.23094213494534	117.0
335.240942759692	115.0
335.25094338443876	114.0
335.2609440091855	113.0
335.27094463393223	113.0
335.28094525867897	111.0
335.29094588342565	111.0
335.3009465081724	111.0
335.3109471329191	111.0
335.32094775766586	111.0
335.33094838241254	111.0
335.3409490071593	111.0
335.350949631906	111.0
335.36095025665276	111.0
335.37095088139944	111.0
335.3809515061462	111.0
335.3909521308929	111.0
335.40095275563965	111.0
335.41095338038633	111.0
335.42095400513307	111.0
335.4309546298798	111.0
335.44095525462654	111.0
335.4509558793733	111.0
335.46095650411996	113.0
335.4709571288667	113.0
335.48095775361344	113.0
335.4909583783602	113.0
335.50095900310686	113.0
335.5109596278536	111.0
335.52096025260033	111.0
335.53096087734707	111.0
335.54096150209375	110.0
335.5509621268405	110.0
335.5609627515872	109.0
335.57096337633396	109.0
335.58096400108064	109.0
335.5909646258274	110.0
335.6009652505741	110.0
335.61096587532086	111.0
335.6209665000676	113.0
335.6309671248143	114.0
335.640967749561	115.0
335.65096837430775	117.0
335.6609689990545	117.0
335.67096962380117	118.0
335.6809702485479	118.0
335.69097087329465	118.0
335.7009714980414	115.0
335.71097212278806	114.0
335.7209727475348	113.0
335.73097337228154	111.0
335.7409739970283	111.0
335.75097462177496	111.0
335.7609752465217	113.0
335.77097587126843	115.0
335.78097649601517	119.0
335.7909771207619	125.0
335.8009777455086	132.0
335.8109783702553	137.0
335.82097899500206	142.0
335.8309796197488	145.0
335.8409802444955	147.0
335.8509808692422	149.0
335.86098149398896	149.0
335.8709821187357	145.0
335.8809827434824	142.0
335.8909833682291	139.0
335.90098399297585	132.0
335.9109846177226	128.0
335.92098524246927	124.0
335.930985867216	121.0
335.94098649196275	119.0
335.9509871167095	118.0
335.9609877414562	117.0
335.9709883662029	115.0
335.98098899094964	114.0
335.9909896156964	113.0
336.0009902404431	113.0
336.0109908651898	113.0
336.02099148993653	113.0
336.0309921146833	113.0
336.04099273943	113.0
336.0509933641767	113.0
336.0609939889234	113.0
336.07099461367017	113.0
336.0809952384169	113.0
336.0909958631636	113.0
336.1009964879103	113.0
336.11099711265706	113.0
336.1209977374038	114.0
336.13099836215054	114.0
336.1409989868972	115.0
336.15099961164395	117.0
336.1610002363907	117.0
336.17100086113743	118.0
336.1810014858841	117.0
336.19100211063085	117.0
336.2010027353776	117.0
336.2110033601243	115.0
336.221003984871	114.0
336.23100460961774	114.0
336.2410052343645	113.0
336.2510058591112	113.0
336.2610064838579	111.0
336.27100710860464	111.0
336.2810077333514	111.0
336.2910083580981	111.0
336.30100898284485	111.0
336.31100960759153	113.0
336.32101023233827	114.0
336.331010857085	117.0
336.34101148183174	122.0
336.3510121065784	128.0
336.36101273132516	134.0
336.3710133560719	139.0
336.38101398081864	142.0
336.3910146055653	145.0
336.40101523031205	147.0
336.4110158550588	147.0
336.42101647980553	147.0
336.4310171045522	144.0
336.44101772929895	142.0
336.4510183540457	137.0
336.4610189787924	134.0
336.47101960353916	129.0
336.48102022828584	126.0
336.4910208530326	124.0
336.5010214777793	121.0
336.51102210252606	119.0
336.52102272727274	117.0
336.5310233520195	115.0
336.5410239767662	114.0
336.55102460151295	113.0
336.56102522625963	110.0
336.57102585100637	110.0
336.5810264757531	109.0
336.59102710049984	109.0
336.6010277252465	109.0
336.61102834999326	107.0
336.62102897474	107.0
336.63102959948674	107.0
336.6410302242335	106.0
336.65103084898016	106.0
336.6610314737269	106.0
336.67103209847363	106.0
336.68103272322037	106.0
336.69103334796705	106.0
336.7010339727138	106.0
336.7110345974605	107.0
336.72103522220726	107.0
336.73103584695394	107.0
336.7410364717007	109.0
336.7510370964474	109.0
336.76103772119416	110.0
336.77103834594084	110.0
336.7810389706876	111.0
336.7910395954343	111.0
336.80104022018105	111.0
336.8110408449278	111.0
336.82104146967447	110.0
336.8310420944212	110.0
336.84104271916794	109.0
336.8510433439147	107.0
336.86104396866136	106.0
336.8710445934081	106.0
336.88104521815484	105.0
336.8910458429016	104.0
336.90104646764826	104.0
336.911047092395	105.0
336.92104771714173	106.0
336.93104834188847	107.0
336.94104896663515	110.0
336.9510495913819	113.0
336.9610502161286	118.0
336.97105084087536	125.0
336.9810514656221	131.0
336.9910520903688	134.0
337.0010527151155	139.0
337.01105333986226	144.0
337.021053964609	145.0
337.0310545893557	147.0
337.0410552141024	149.0
337.05105583884915	147.0
337.0610564635959	144.0
337.07105708834257	140.0
337.0810577130893	137.0
337.09105833783605	134.0
337.1010589625828	129.0
337.11105958732946	126.0
337.1210602120762	124.0
337.13106083682294	119.0
337.1410614615697	118.0
337.1510620863164	115.0
337.1610627110631	114.0
337.17106333580983	113.0
337.18106396055657	111.0
337.1910645853033	110.0
337.20106521005	110.0
337.2110658347967	109.0
337.22106645954347	109.0
337.2310670842902	109.0
337.2410677090369	110.0
337.2510683337836	110.0
337.26106895853036	110.0
337.2710695832771	110.0
337.2810702080238	110.0
337.2910708327705	110.0
337.30107145751725	110.0
337.311072082264	111.0
337.3210727070107	113.0
337.3310733317574	114.0
337.34107395650415	117.0
337.3510745812509	119.0
337.3610752059976	122.0
337.3710758307443	122.0
337.38107645549104	122.0
337.3910770802378	122.0
337.4010777049845	121.0
337.4110783297312	119.0
337.42107895447793	117.0
337.4310795792247	114.0
337.4410802039714	113.0
337.4510808287181	111.0
337.46108145346483	110.0
337.47108207821157	110.0
337.4810827029583	109.0
337.49108332770504	110.0
337.5010839524517	110.0
337.51108457719846	111.0
337.5210852019452	113.0
337.53108582669194	115.0
337.5410864514386	119.0
337.55108707618535	125.0
337.5610877009321	131.0
337.57108832567883	137.0
337.5810889504255	140.0
337.59108957517225	145.0
337.601090199919	149.0
337.6110908246657	150.0
337.6210914494124	150.0
337.63109207415914	150.0
337.6410926989059	149.0
337.6510933236526	147.0
337.6610939483993	144.0
337.67109457314604	140.0
337.6810951978928	139.0
337.6910958226395	136.0
337.70109644738625	136.0
337.71109707213293	136.0
337.72109769687967	137.0
337.7310983216264	140.0
337.74109894637314	142.0
337.7510995711198	145.0
337.76110019586656	147.0
337.7711008206133	149.0
337.78110144536004	150.0
337.7911020701067	149.0
337.80110269485345	147.0
337.8111033196002	142.0
337.82110394434693	137.0
337.8311045690936	132.0
337.84110519384035	124.0
337.8511058185871	118.0
337.8611064433338	114.0
337.87110706808056	111.0
337.88110769282724	110.0
337.891108317574	109.0
337.9011089423207	107.0
337.91110956706746	107.0
337.92111019181414	106.0
337.9311108165609	104.0
337.9411114413076	103.0
337.95111206605435	101.0
337.96111269080103	100.0
337.97111331554777	99.0
337.9811139402945	98.0
337.99111456504124	97.0
338.0011151897879	96.0
338.01111581453466	96.0
338.0211164392814	96.0
338.03111706402814	96.0
338.0411176887749	96.0
338.05111831352156	96.0
338.0611189382683	95.0
338.07111956301503	95.0
338.08112018776177	95.0
338.09112081250845	95.0
338.1011214372552	95.0
338.1111220620019	93.0
338.12112268674866	92.0
338.13112331149534	91.0
338.1411239362421	90.0
338.1511245609888	88.0
338.16112518573556	86.0
338.17112581048224	84.0
338.181126435229	83.0
338.1911270599757	83.0
338.20112768472245	82.0
338.2111283094692	0.0
338.22112893421587	0.0
338.2311295589626	0.0
338.24113018370934	0.0
338.2511308084561	0.0
338.26113143320276	0.0
338.2711320579495	0.0
338.28113268269624	0.0
338.291133307443	0.0
338.30113393218966	0.0
338.3111345569364	0.0
338.32113518168313	0.0
338.33113580642987	0.0
338.34113643117655	0.0
338.3511370559233	0.0
338.36113768067	0.0
338.37113830541676	0.0
338.3811389301635	0.0
338.3911395549102	0.0
338.4011401796569	0.0
338.41114080440366	0.0
338.4211414291504	0.0
338.4311420538971	0.0
338.4411426786438	0.0
338.45114330339055	0.0
338.4611439281373	0.0
338.47114455288397	0.0
338.4811451776307	0.0
338.49114580237745	0.0
338.5011464271242	0.0
338.51114705187086	0.0
338.5211476766176	0.0
338.53114830136434	0.0
338.5411489261111	0.0
338.5511495508578	0.0
338.5611501756045	0.0
338.57115080035123	0.0
338.58115142509797	0.0
338.5911520498447	0.0
338.6011526745914	0.0
338.6111532993381	0.0
338.62115392408487	0.0
338.6311545488316	0.0
338.6411551735783	0.0
338.651155798325	0.0
338.66115642307176	0.0
338.6711570478185	0.0
338.6811576725652	0.0
338.6911582973119	0.0
338.70115892205865	0.0
338.7111595468054	0.0
338.7211601715521	0.0
338.7311607962988	0.0
338.74116142104555	0.0
338.7511620457923	0.0
338.761162670539	0.0
338.7711632952857	0.0
338.78116392003244	0.0
338.7911645447792	0.0
338.8011651695259	0.0
338.8111657942726	0.0
338.82116641901933	0.0
338.8311670437661	0.0
338.8411676685128	0.0
338.8511682932595	0.0
338.86116891800623	0.0
338.87116954275297	0.0
338.8811701674997	0.0
338.89117079224644	0.0
338.9011714169931	0.0
338.91117204173986	0.0
338.9211726664866	0.0
338.93117329123334	0.0
338.94117391598	0.0
338.95117454072675	0.0
338.9611751654735	0.0
338.97117579022023	0.0
338.9811764149669	0.0
338.99117703971365	0.0
339.0011776644604	0.0
339.0111782892071	0.0
339.0211789139538	0.0
339.03117953870054	0.0
339.0411801634473	0.0
339.051180788194	0.0
339.06118141294075	0.0
339.07118203768744	0.0
339.0811826624342	0.0
339.0911832871809	0.0
339.10118391192765	0.0
339.11118453667433	0.0
339.12118516142107	0.0
339.1311857861678	0.0
339.14118641091454	0.0
339.1511870356612	0.0
339.16118766040796	0.0
339.1711882851547	0.0
339.18118890990144	0.0
339.1911895346481	0.0
339.20119015939486	0.0
339.2111907841416	0.0
339.22119140888833	0.0
339.23119203363507	0.0
339.24119265838175	0.0
339.2511932831285	0.0
339.2611939078752	0.0
339.27119453262196	0.0
339.28119515736864	0.0
339.2911957821154	0.0
339.3011964068621	0.0
339.31119703160886	0.0
339.32119765635554	0.0
339.3311982811023	0.0
339.341198905849	0.0
339.35119953059575	0.0
339.36120015534243	0.0
339.37120078008917	0.0
339.3812014048359	0.0
339.39120202958264	0.0
339.4012026543294	0.0
339.41120327907606	0.0
339.4212039038228	0.0
339.43120452856954	0.0
339.4412051533163	0.0
339.45120577806296	0.0
339.4612064028097	0.0
339.47120702755643	0.0
339.48120765230317	0.0
339.49120827704985	0.0
339.5012089017966	0.0
339.5112095265433	0.0
339.52121015129006	0.0
339.53121077603674	0.0
339.5412114007835	0.0
339.5512120255302	0.0
339.56121265027696	0.0
339.5712132750237	0.0
339.5812138997704	0.0
339.5912145245171	0.0
339.60121514926385	0.0
339.6112157740106	0.0
339.62121639875727	0.0
339.631217023504	0.0
339.64121764825074	0.0
339.6512182729975	0.0
339.66121889774416	0.0
339.6712195224909	0.0
339.68122014723764	0.0
339.6912207719844	0.0
339.70122139673106	0.0
339.7112220214778	0.0
339.72122264622453	0.0
339.73122327097127	0.0
339.741223895718	0.0
339.7512245204647	0.0
339.7612251452114	0.0
339.77122576995816	0.0
339.7812263947049	0.0
339.7912270194516	0.0
339.8012276441983	0.0
339.81122826894506	0.0
339.8212288936918	0.0
339.8312295184385	0.0
339.8412301431852	0.0
339.85123076793195	0.0
339.8612313926787	0.0
339.87123201742537	0.0
339.8812326421721	0.0
339.89123326691885	0.0
339.9012338916656	0.0
339.9112345164123	0.0
339.921235141159	0.0
339.93123576590574	0.0
339.9412363906525	0.0
339.9512370153992	0.0
339.9612376401459	0.0
339.97123826489263	0.0
339.98123888963937	0.0
339.9912395143861	0.0
340.0012401391328	0.0
340.0112407638795	0.0
340.02124138862627	0.0
340.031242013373	0.0
340.0412426381197	0.0
340.0512432628664	0.0
340.06124388761316	0.0
340.0712445123599	126.0
340.08124513710663	129.0
340.0912457618533	132.0
340.10124638660005	137.0
340.1112470113468	142.0
340.1212476360935	145.0
340.1312482608402	147.0
340.14124888558695	149.0
340.1512495103337	150.0
340.1612501350804	150.0
340.1712507598271	149.0
340.18125138457384	147.0
340.1912520093206	144.0
340.2012526340673	140.0
340.211253258814	137.0
340.22125388356073	136.0
340.2312545083075	132.0
340.2412551330542	129.0
340.25125575780095	126.0
340.26125638254763	124.0
340.27125700729437	122.0
340.2812576320411	121.0
340.29125825678784	118.0
340.3012588815345	117.0
340.31125950628126	115.0
340.321260131028	114.0
340.33126075577474	113.0
340.3412613805214	111.0
340.35126200526815	111.0
340.3612626300149	110.0
340.37126325476163	110.0
340.3812638795083	109.0
340.39126450425505	109.0
340.4012651290018	109.0
340.4112657537485	110.0
340.42126637849526	110.0
340.43126700324194	111.0
340.4412676279887	111.0
340.4512682527354	113.0
340.46126887748215	113.0
340.47126950222884	114.0
340.4812701269756	115.0
340.4912707517223	117.0
340.50127137646905	118.0
340.51127200121573	118.0
340.52127262596247	119.0
340.5312732507092	119.0
340.54127387545594	118.0
340.5512745002026	117.0
340.56127512494936	115.0
340.5712757496961	114.0
340.58127637444284	113.0
340.5912769991896	113.0
340.60127762393626	111.0
340.611278248683	111.0
340.62127887342973	111.0
340.63127949817647	111.0
340.64128012292315	111.0
340.6512807476699	111.0
340.6612813724166	113.0
340.67128199716336	114.0
340.68128262191004	115.0
340.6912832466568	119.0
340.7012838714035	125.0
340.71128449615026	131.0
340.72128512089694	137.0
340.7312857456437	142.0
340.7412863703904	149.0
340.75128699513715	154.0
340.7612876198839	158.0
340.77128824463057	159.0
340.7812888693773	161.0
340.79128949412404	159.0
340.8012901188708	156.0
340.81129074361746	150.0
340.8212913683642	147.0
340.83129199311094	144.0
340.8412926178577	140.0
340.85129324260436	139.0
340.8612938673511	139.0
340.87129449209783	140.0
340.88129511684457	142.0
340.89129574159125	145.0
340.901296366338	147.0
340.9112969910847	150.0
340.92129761583146	154.0
340.9312982405782	156.0
340.9412988653249	158.0
340.9512994900716	158.0
340.96130011481836	154.0
340.9713007395651	152.0
340.9813013643118	147.0
340.9913019890585	145.0
341.00130261380525	145.0
341.011303238552	145.0
341.02130386329867	149.0
341.0313044880454	152.0
341.04130511279214	154.0
341.0513057375389	158.0
341.06130636228556	159.0
341.0713069870323	159.0
341.08130761177904	158.0
341.0913082365258	152.0
341.1013088612725	149.0
341.1113094860192	142.0
341.12131011076593	136.0
341.13131073551267	118.0
341.1413113602594	114.0
341.1513119850061	113.0
341.1613126097528	111.0
341.17131323449956	111.0
341.1813138592463	113.0
341.191314483993	114.0
341.2013151087397	115.0
341.21131573348646	117.0
341.2213163582332	118.0
341.2313169829799	118.0
341.2413176077266	119.0
341.25131823247335	119.0
341.2613188572201	118.0
341.2713194819668	118.0
341.2813201067135	117.0
341.29132073146025	115.0
341.301321356207	114.0
341.3113219809537	113.0
341.3213226057004	113.0
341.33132323044714	111.0
341.3413238551939	111.0
341.3513244799406	111.0
341.3613251046873	110.0
341.37132572943403	110.0
341.38132635418077	110.0
341.3913269789275	110.0
341.4013276036742	110.0
341.4113282284209	110.0
341.42132885316767	111.0
341.4313294779144	111.0
341.44133010266114	110.0
341.4513307274078	110.0
341.46133135215456	109.0
341.4713319769013	107.0
341.48133260164803	106.0
341.4913332263947	105.0
341.50133385114145	104.0
341.5113344758882	103.0
341.52133510063493	103.0
341.5313357253816	103.0
341.54133635012835	104.0
341.5513369748751	106.0
341.5613375996218	106.0
341.5713382243685	106.0
341.58133884911524	106.0
341.591339473862	0.0
341.6013400986087	0.0
341.6113407233554	0.0
341.62134134810213	0.0
341.6313419728489	0.0
341.6413425975956	0.0
341.65134322234235	0.0
341.66134384708903	0.0
341.67134447183577	0.0
341.6813450965825	0.0
341.69134572132924	0.0
341.7013463460759	0.0
341.71134697082266	0.0
341.7213475955694	0.0
341.73134822031614	0.0
341.7413488450628	0.0
341.75134946980955	0.0
341.7613500945563	0.0
341.77135071930303	0.0
341.7813513440497	0.0
341.79135196879645	0.0
341.8013525935432	0.0
341.8113532182899	0.0
341.82135384303666	0.0
341.83135446778334	0.0
341.8413550925301	0.0
341.8513557172768	0.0
341.86135634202356	0.0
341.87135696677024	0.0
341.881357591517	0.0
341.8913582162637	0.0
341.90135884101045	0.0
341.91135946575713	0.0
341.92136009050387	0.0
341.9313607152506	0.0
341.94136133999734	0.0
341.951361964744	0.0
341.96136258949076	0.0
341.9713632142375	0.0
341.98136383898424	0.0
341.991364463731	0.0
342.00136508847766	0.0
342.0113657132244	0.0
342.02136633797113	0.0
342.03136696271787	0.0
342.04136758746455	0.0
342.0513682122113	0.0
342.061368836958	0.0
342.07136946170476	0.0
342.08137008645144	0.0
342.0913707111982	0.0
342.1013713359449	0.0
342.11137196069166	0.0
342.12137258543834	0.0
342.1313732101851	0.0
342.1413738349318	0.0
342.15137445967855	0.0
342.1613750844253	0.0
342.17137570917197	0.0
342.1813763339187	0.0
342.19137695866544	0.0
342.2013775834122	0.0
342.21137820815886	0.0
342.2213788329056	0.0
342.23137945765234	0.0
342.2413800823991	0.0
342.25138070714576	0.0
342.2613813318925	140.0
342.27138195663923	140.0
342.28138258138597	140.0
342.29138320613265	139.0
342.3013838308794	137.0
342.3113844556261	134.0
342.32138508037286	131.0
342.3313857051196	126.0
342.3413863298663	124.0
342.351386954613	121.0
342.36138757935976	118.0
342.3713882041065	115.0
342.3813888288532	115.0
342.3913894535999	114.0
342.40139007834665	114.0
342.4113907030934	114.0
342.42139132784007	114.0
342.4313919525868	114.0
342.44139257733354	115.0
342.4513932020803	115.0
342.46139382682696	117.0
342.4713944515737	118.0
342.48139507632044	118.0
342.4913957010672	119.0
342.5013963258139	119.0
342.5113969505606	119.0
342.52139757530733	119.0
342.53139820005407	118.0
342.5413988248008	118.0
342.5513994495475	118.0
342.5614000742942	117.0
342.57140069904096	115.0
342.5814013237877	114.0
342.5914019485344	113.0
342.6014025732811	113.0
342.61140319802786	111.0
342.6214038227746	111.0
342.6314044475213	113.0
342.641405072268	114.0
342.65140569701475	118.0
342.6614063217615	124.0
342.6714069465082	128.0
342.6814075712549	132.0
342.69140819600165	137.0
342.7014088207484	142.0
342.7114094454951	145.0
342.7214100702418	147.0
342.73141069498854	149.0
342.7414113197353	149.0
342.751411944482	147.0
342.7614125692287	145.0
342.77141319397543	142.0
342.78141381872217	140.0
342.7914144434689	139.0
342.8014150682156	139.0
342.8114156929623	137.0
342.82141631770907	139.0
342.8314169424558	140.0
342.84141756720254	142.0
342.8514181919492	144.0
342.86141881669596	145.0
342.8714194414427	147.0
342.88142006618943	149.0
342.8914206909361	150.0
342.90142131568285	150.0
342.9114219404296	149.0
342.92142256517633	147.0
342.931423189923	145.0
342.94142381466975	144.0
342.9514244394165	142.0
342.9614250641632	140.0
342.9714256889099	140.0
342.98142631365664	142.0
342.9914269384034	144.0
343.0014275631501	147.0
343.01142818789685	149.0
343.02142881264353	150.0
343.0314294373903	150.0
343.041430062137	150.0
343.05143068688375	147.0
343.06143131163043	142.0
343.07143193637717	136.0
343.0814325611239	129.0
343.09143318587064	124.0
343.1014338106173	119.0
343.11143443536406	117.0
343.1214350601108	114.0
343.13143568485754	114.0
343.1414363096042	114.0
343.15143693435095	114.0
343.1614375590977	115.0
343.17143818384443	115.0
343.18143880859117	117.0
343.19143943333785	117.0
343.2014400580846	118.0
343.2114406828313	118.0
343.22144130757806	117.0
343.23144193232474	115.0
343.2414425570715	114.0
343.2514431818182	113.0
343.26144380656496	111.0
343.27144443131164	110.0
343.2814450560584	110.0
343.2914456808051	109.0
343.30144630555185	109.0
343.31144693029853	109.0
343.32144755504527	109.0
343.331448179792	109.0
343.34144880453874	109.0
343.3514494292855	109.0
343.36145005403216	109.0
343.3714506787789	109.0
343.38145130352564	107.0
343.3914519282724	107.0
343.40145255301906	107.0
343.4114531777658	107.0
343.42145380251253	106.0
343.43145442725927	106.0
343.44145505200595	105.0
343.4514556767527	104.0
343.4614563014994	104.0
343.47145692624616	104.0
343.48145755099284	104.0
343.4914581757396	105.0
343.5014588004863	106.0
343.51145942523306	107.0
343.5214600499798	109.0
343.5314606747265	109.0
343.5414612994732	0.0
343.55146192421995	0.0
343.5614625489667	0.0
343.57146317371337	0.0
343.5814637984601	0.0
343.59146442320684	0.0
343.6014650479536	0.0
343.61146567270026	0.0
343.621466297447	0.0
343.63146692219374	0.0
343.6414675469405	0.0
343.65146817168716	0.0
343.6614687964339	0.0
343.67146942118063	0.0
343.68147004592737	0.0
343.6914706706741	0.0
343.7014712954208	0.0
343.7114719201675	0.0
343.72147254491426	0.0
343.731473169661	0.0
343.7414737944077	0.0
343.7514744191544	0.0
343.76147504390116	0.0
343.7714756686479	0.0
343.7814762933946	0.0
343.7914769181413	0.0
343.80147754288805	0.0
343.8114781676348	0.0
343.82147879238147	0.0
343.8314794171282	0.0
343.84148004187495	0.0
343.8514806666217	0.0
343.8614812913684	0.0
343.8714819161151	0.0
343.88148254086184	0.0
343.8914831656086	0.0
343.9014837903553	0.0
343.911484415102	0.0
343.92148503984873	0.0
343.93148566459547	0.0
343.9414862893422	129.0
343.9514869140889	126.0
343.9614875388356	122.0
343.97148816358236	119.0
343.9814887883291	118.0
343.9914894130758	115.0
344.0014900378225	114.0
344.01149066256926	113.0
344.021491287316	111.0
344.03149191206273	110.0
344.0414925368094	110.0
344.05149316155615	110.0
344.0614937863029	110.0
344.0714944110496	110.0
344.0814950357963	111.0
344.09149566054305	113.0
344.1014962852898	114.0
344.1114969100365	117.0
344.1214975347832	118.0
344.13149815952994	119.0
344.1414987842767	121.0
344.1514994090234	121.0
344.1615000337701	121.0
344.17150065851683	119.0
344.1815012832636	118.0
344.1915019080103	117.0
344.20150253275705	114.0
344.2115031575037	113.0
344.22150378225047	111.0
344.2315044069972	111.0
344.24150503174394	111.0
344.2515056564906	111.0
344.26150628123736	111.0
344.2715069059841	113.0
344.28150753073083	117.0
344.2915081554775	119.0
344.30150878022425	124.0
344.311509404971	128.0
344.32151002971773	131.0
344.3315106544644	136.0
344.34151127921115	139.0
344.3515119039579	142.0
344.3615125287046	144.0
344.37151315345136	144.0
344.38151377819804	144.0
344.3915144029448	142.0
344.4015150276915	140.0
344.41151565243825	137.0
344.42151627718494	136.0
344.4315169019317	134.0
344.4415175266784	134.0
344.45151815142515	134.0
344.46151877617183	136.0
344.47151940091857	137.0
344.4815200256653	139.0
344.49152065041204	142.0
344.5015212751587	145.0
344.51152189990546	147.0
344.5215225246522	149.0
344.53152314939894	149.0
344.5415237741457	149.0
344.55152439889235	147.0
344.5615250236391	144.0
344.57152564838583	140.0
344.58152627313257	139.0
344.59152689787925	137.0
344.601527522626	137.0
344.6115281473727	140.0
344.62152877211946	142.0
344.63152939686614	145.0
344.6415300216129	147.0
344.6515306463596	149.0
344.66153127110636	149.0
344.67153189585304	147.0
344.6815325205998	142.0
344.6915331453465	137.0
344.70153377009325	131.0
344.71153439484	124.0
344.72153501958667	118.0
344.7315356443334	114.0
344.74153626908014	113.0
344.7515368938269	113.0
344.76153751857356	113.0
344.7715381433203	114.0
344.78153876806704	114.0
344.7915393928138	114.0
344.80154001756046	115.0
344.8115406423072	115.0
344.82154126705393	117.0
344.83154189180067	117.0
344.84154251654735	117.0
344.8515431412941	115.0
344.8615437660408	114.0
344.87154439078756	113.0
344.8815450155343	111.0
344.891545640281	110.0
344.9015462650277	110.0
344.91154688977446	109.0
344.9215475145212	109.0
344.9315481392679	109.0
344.9415487640146	109.0
344.95154938876135	110.0
344.9615500135081	110.0
344.97155063825477	110.0
344.9815512630015	109.0
344.99155188774824	109.0
345.001552512495	107.0
345.01155313724166	106.0
345.0215537619884	105.0
345.03155438673514	104.0
345.0415550114819	104.0
345.0515556362286	104.0
345.0615562609753	104.0
345.07155688572203	104.0
345.08155751046877	104.0
345.0915581352155	105.0
345.1015587599622	106.0
345.1115593847089	107.0
345.12156000945566	109.0
345.1315606342024	110.0
345.1415612589491	111.0
345.1515618836958	111.0
345.16156250844256	111.0
345.1715631331893	111.0
345.181563757936	110.0
345.1915643826827	109.0
345.20156500742945	107.0
345.2115656321762	106.0
345.2215662569229	104.0
345.2315668816696	101.0
345.24156750641635	99.0
345.2515681311631	96.0
345.2615687559098	93.0
345.2715693806565	91.0
345.28157000540324	90.0
345.29157063015	89.0
345.3015712548967	88.0
345.3115718796434	88.0
345.32157250439013	87.0
345.33157312913687	86.0
345.3415737538836	85.0
345.3515743786303	85.0
345.361575003377	84.0
345.37157562812376	84.0
345.3815762528705	83.0
345.39157687761724	83.0
345.4015775023639	83.0
345.41157812711066	0.0
345.4215787518574	0.0
345.43157937660413	0.0
345.4415800013508	0.0
345.45158062609755	0.0
345.4615812508443	0.0
345.471581875591	81.0
345.4815825003377	81.0
345.49158312508445	81.0
345.5015837498312	80.0
345.5115843745779	80.0
345.5215849993246	0.0
345.53158562407134	0.0
345.5415862488181	0.0
345.5515868735648	0.0
345.5615874983115	0.0
345.57158812305823	0.0
345.581588747805	0.0
345.5915893725517	0.0
345.60158999729845	0.0
345.6115906220451	0.0
345.62159124679187	0.0
345.6315918715386	0.0
345.64159249628534	0.0
345.651593121032	0.0
345.66159374577876	0.0
345.6715943705255	0.0
345.68159499527223	0.0
345.6915956200189	0.0
345.70159624476565	0.0
345.7115968695124	0.0
345.72159749425913	0.0
345.7315981190058	0.0
345.74159874375255	0.0
345.7515993684993	0.0
345.761599993246	0.0
345.77160061799276	0.0
345.78160124273944	0.0
345.7916018674862	0.0
345.8016024922329	0.0
345.81160311697965	0.0
345.82160374172634	0.0
345.8316043664731	0.0
345.8416049912198	0.0
345.85160561596655	0.0
345.86160624071323	0.0
345.87160686545997	0.0
345.8816074902067	0.0
345.89160811495344	0.0
345.9016087397001	0.0
345.91160936444686	0.0
345.9216099891936	0.0
345.93161061394034	0.0
345.9416112386871	0.0
345.95161186343375	0.0
345.9616124881805	0.0
345.97161311292723	0.0
345.98161373767397	0.0
345.99161436242065	0.0
346.0016149871674	0.0
346.0116156119141	0.0
346.02161623666086	0.0
346.03161686140754	0.0
346.0416174861543	0.0
346.051618110901	0.0
346.06161873564776	0.0
346.07161936039444	0.0
346.0816199851412	0.0
346.0916206098879	91.0
346.10162123463465	91.0
346.1116218593814	93.0
346.12162248412807	96.0
346.1316231088748	105.0
346.14162373362154	110.0
346.1516243583683	114.0
346.16162498311496	118.0
346.1716256078617	125.0
346.18162623260844	131.0
346.1916268573552	136.0
346.20162748210186	140.0
346.2116281068486	144.0
346.22162873159533	145.0
346.23162935634207	147.0
346.24162998108875	147.0
346.2516306058355	147.0
346.2616312305822	145.0
346.27163185532896	142.0
346.2816324800757	140.0
346.2916331048224	137.0
346.3016337295691	134.0
346.31163435431586	132.0
346.3216349790626	129.0
346.3316356038093	126.0
346.341636228556	125.0
346.35163685330275	122.0
346.3616374780495	121.0
346.37163810279617	119.0
346.3816387275429	117.0
346.39163935228964	115.0
346.4016399770364	114.0
346.41164060178306	113.0
346.4216412265298	111.0
346.43164185127654	111.0
346.4416424760233	110.0
346.45164310077	109.0
346.4616437255167	109.0
346.47164435026343	107.0
346.48164497501017	107.0
346.4916455997569	106.0
346.5016462245036	106.0
346.5116468492503	105.0
346.52164747399706	105.0
346.5316480987438	105.0
346.5416487234905	105.0
346.5516493482372	105.0
346.56164997298396	105.0
346.5716505977307	105.0
346.5816512224774	106.0
346.5916518472241	106.0
346.60165247197085	106.0
346.6116530967176	106.0
346.6216537214643	107.0
346.631654346211	107.0
346.64165497095775	106.0
346.6516555957045	107.0
346.6616562204512	107.0
346.6716568451979	107.0
346.68165746994464	110.0
346.6916580946914	111.0
346.7016587194381	114.0
346.7116593441848	117.0
346.72165996893153	119.0
346.73166059367827	121.0
346.741661218425	122.0
346.7516618431717	122.0
346.7616624679184	124.0
346.77166309266516	124.0
346.7816637174119	122.0
346.79166434215864	122.0
346.8016649669053	119.0
346.81166559165206	118.0
346.8216662163988	115.0
346.83166684114553	114.0
346.8416674658922	113.0
346.85166809063895	111.0
346.8616687153857	111.0
346.8716693401324	110.0
346.8816699648791	110.0
346.89167058962585	110.0
346.9016712143726	110.0
346.9116718391193	110.0
346.921672463866	110.0
346.93167308861274	111.0
346.9416737133595	111.0
346.9516743381062	113.0
346.96167496285295	115.0
346.97167558759963	117.0
346.9816762123464	121.0
346.9916768370931	124.0
347.00167746183985	125.0
347.0116780865865	126.0
347.02167871133327	126.0
347.03167933608	125.0
347.04167996082674	122.0
347.0516805855734	119.0
347.06168121032016	117.0
347.0716818350669	113.0
347.08168245981363	110.0
347.0916830845603	110.0
347.10168370930705	109.0
347.1116843340538	110.0
347.12168495880053	111.0
347.13168558354727	114.0
347.14168620829395	117.0
347.1516868330407	121.0
347.1616874577874	124.0
347.17168808253416	129.0
347.18168870728084	134.0
347.1916893320276	139.0
347.2016899567743	142.0
347.21169058152105	145.0
347.22169120626774	147.0
347.2316918310145	147.0
347.2416924557612	145.0
347.25169308050795	144.0
347.26169370525463	142.0
347.27169433000137	139.0
347.2816949547481	136.0
347.29169557949484	132.0
347.3016962042416	129.0
347.31169682898826	126.0
347.321697453735	124.0
347.33169807848174	121.0
347.3416987032285	118.0
347.35169932797515	117.0
347.3616999527219	115.0
347.37170057746863	117.0
347.38170120221537	115.0
347.39170182696205	114.0
347.4017024517088	113.0
347.4117030764555	113.0
347.42170370120226	111.0
347.43170432594894	111.0
347.4417049506957	110.0
347.4517055754424	109.0
347.46170620018916	109.0
347.4717068249359	107.0
347.4817074496826	107.0
347.4917080744293	107.0
347.50170869917605	106.0
347.5117093239228	106.0
347.52170994866947	106.0
347.5317105734162	106.0
347.54171119816294	105.0
347.5517118229097	105.0
347.56171244765636	104.0
347.5717130724031	104.0
347.58171369714984	103.0
347.5917143218966	103.0
347.60171494664326	104.0
347.61171557139	104.0
347.62171619613673	105.0
347.63171682088347	106.0
347.6417174456302	106.0
347.6517180703769	107.0
347.6617186951236	109.0
347.67171931987036	110.0
347.6817199446171	110.0
347.6917205693638	111.0
347.7017211941105	111.0
347.71172181885726	111.0
347.721722443604	111.0
347.7317230683507	111.0
347.7417236930974	110.0
347.75172431784415	109.0
347.7617249425909	109.0
347.77172556733757	107.0
347.7817261920843	106.0
347.79172681683104	104.0
347.8017274415778	104.0
347.8117280663245	103.0
347.8217286910712	103.0
347.83172931581794	103.0
347.8417299405647	104.0
347.8517305653114	105.0
347.8617311900581	106.0
347.87173181480483	109.0
347.88173243955157	110.0
347.8917330642983	111.0
347.901733689045	113.0
347.9117343137917	114.0
347.92173493853846	114.0
347.9317355632852	114.0
347.9417361880319	114.0
347.9517368127786	113.0
347.96173743752536	113.0
347.9717380622721	111.0
347.98173868701883	110.0
347.9917393117655	109.0
348.00173993651225	107.0
348.011740561259	106.0
348.0217411860057	104.0
348.0317418107524	103.0
348.04174243549915	101.0
348.0517430602459	100.0
348.0617436849926	98.0
348.0717443097393	97.0
348.08174493448604	95.0
348.0917455592328	95.0
348.1017461839795	93.0
348.1117468087262	92.0
348.12174743347293	91.0
348.13174805821967	90.0
348.1417486829664	88.0
348.15174930771315	87.0
348.1617499324598	86.0
348.17175055720656	85.0
348.1817511819533	84.0
348.19175180670004	83.0
348.2017524314467	83.0
348.21175305619346	82.0
348.2217536809402	82.0
348.23175430568693	82.0
348.2417549304336	82.0
348.25175555518035	81.0
348.2617561799271	81.0
348.2717568046738	81.0
348.2817574294205	0.0
348.29175805416725	0.0
348.301758678914	0.0
348.3117593036607	0.0
348.32175992840746	0.0
348.33176055315414	0.0
348.3417611779009	0.0
348.3517618026476	0.0
348.36176242739435	0.0
348.37176305214103	0.0
348.3817636768878	0.0
348.3917643016345	0.0
348.40176492638125	0.0
348.4117655511279	0.0
348.42176617587467	0.0
348.4317668006214	0.0
348.44176742536814	0.0
348.4517680501148	0.0
348.46176867486156	0.0
348.4717692996083	0.0
348.48176992435504	0.0
348.4917705491018	0.0
348.50177117384845	0.0
348.5117717985952	0.0
348.52177242334193	0.0
348.53177304808867	0.0
348.54177367283535	0.0
348.5517742975821	0.0
348.5617749223288	0.0
348.57177554707556	0.0
348.58177617182224	0.0
348.591776796569	0.0
348.6017774213157	0.0
348.61177804606245	0.0
348.62177867080914	0.0
348.6317792955559	0.0
348.6417799203026	0.0
348.65178054504935	0.0
348.6617811697961	0.0
348.67178179454277	0.0
348.6817824192895	0.0
348.69178304403624	0.0
348.701783668783	0.0
348.71178429352966	0.0
348.7217849182764	0.0
348.73178554302314	0.0
348.7417861677699	0.0
348.75178679251655	0.0
348.7617874172633	0.0
348.77178804201003	0.0
348.78178866675677	0.0
348.79178929150345	0.0
348.8017899162502	0.0
348.8117905409969	0.0
348.82179116574366	0.0
348.8317917904904	0.0
348.8417924152371	0.0
348.8517930399838	0.0
348.86179366473056	0.0
348.8717942894773	0.0
348.881794914224	0.0
348.8917955389707	0.0
348.90179616371745	0.0
348.9117967884642	0.0
348.92179741321087	0.0
348.9317980379576	0.0
348.94179866270434	0.0
348.9517992874511	0.0
348.96179991219776	0.0
348.9718005369445	0.0
348.98180116169124	0.0
348.991801786438	0.0
349.0018024111847	0.0
349.0118030359314	0.0
349.02180366067813	0.0
349.03180428542487	0.0
349.0418049101716	0.0
349.0518055349183	0.0
349.061806159665	0.0
349.07180678441176	0.0
349.0818074091585	0.0
349.0918080339052	0.0
349.1018086586519	0.0
349.11180928339866	0.0
349.1218099081454	0.0
349.1318105328921	0.0
349.1418111576388	0.0
349.15181178238555	0.0
349.1618124071323	0.0
349.171813031879	0.0
349.1818136566257	0.0
349.19181428137244	0.0
349.2018149061192	0.0
349.2118155308659	0.0
349.2218161556126	0.0
349.23181678035934	0.0
349.2418174051061	0.0
349.2518180298528	0.0
349.2618186545995	0.0
349.27181927934623	0.0
349.28181990409297	0.0
349.2918205288397	0.0
349.3018211535864	0.0
349.3118217783331	0.0
349.32182240307986	0.0
349.3318230278266	0.0
349.34182365257334	0.0
349.35182427732	0.0
349.36182490206676	0.0
349.3718255268135	0.0
349.38182615156023	0.0
349.3918267763069	0.0
349.40182740105365	0.0
349.4118280258004	0.0
349.4218286505471	0.0
349.4318292752938	0.0
349.44182990004055	0.0
349.4518305247873	0.0
349.461831149534	0.0
349.4718317742807	0.0
349.48183239902744	0.0
349.4918330237742	0.0
349.5018336485209	0.0
349.5118342732676	0.0
349.52183489801433	0.0
349.53183552276107	0.0
349.5418361475078	0.0
349.55183677225455	0.0
349.5618373970012	0.0
349.57183802174796	0.0
349.5818386464947	0.0
349.59183927124144	0.0
349.6018398959881	0.0
349.61184052073486	0.0
349.6218411454816	0.0
349.63184177022833	0.0
349.641842394975	0.0
349.65184301972175	0.0
349.6618436444685	0.0
349.6718442692152	0.0
349.6818448939619	0.0
349.69184551870865	0.0
349.7018461434554	0.0
349.7118467682021	0.0
349.72184739294886	0.0
349.73184801769554	0.0
349.7418486424423	0.0
349.751849267189	0.0
349.76184989193575	0.0
349.77185051668243	0.0
349.7818511414292	0.0
349.7918517661759	0.0
349.80185239092265	0.0
349.8118530156693	0.0
349.82185364041607	0.0
349.8318542651628	0.0
349.84185488990954	0.0
349.8518555146562	0.0
349.86185613940296	0.0
349.8718567641497	0.0
349.88185738889644	0.0
349.8918580136432	0.0
349.90185863838985	0.0
349.9118592631366	0.0
349.92185988788333	0.0
349.93186051263007	1166.0
349.94186113737675	1166.0
349.9518617621235	1179.0
349.9618623868702	1179.0
349.97186301161696	0.0
349.98186363636364	0.0
349.9918642611104	0.0
350.0018648858571	0.0
350.01186551060385	0.0
350.02186613535054	0.0
350.0318667600973	0.0
350.041867384844	0.0
350.05186800959075	0.0
350.0618686343375	0.0
350.07186925908417	0.0
350.0818698838309	0.0
350.09187050857764	0.0
350.1018711333244	0.0
350.11187175807106	0.0
350.1218723828178	0.0
350.13187300756454	0.0
350.1418736323113	0.0
350.15187425705795	0.0
350.1618748818047	0.0
350.17187550655143	0.0
350.18187613129817	0.0
350.19187675604485	0.0
350.2018773807916	0.0
350.2118780055383	0.0
350.22187863028506	0.0
350.2318792550318	0.0
350.2418798797785	0.0
350.2518805045252	0.0
350.26188112927196	0.0
350.2718817540187	0.0
350.2818823787654	0.0
350.2918830035121	0.0
350.30188362825885	0.0
350.3118842530056	0.0
350.32188487775227	0.0
350.331885502499	0.0
350.34188612724574	0.0
350.3518867519925	0.0
350.36188737673916	0.0
350.3718880014859	0.0
350.38188862623264	0.0
350.3918892509794	0.0
350.4018898757261	0.0
350.4118905004728	0.0
350.42189112521953	0.0
350.43189174996627	0.0
350.441892374713	0.0
350.4518929994597	0.0
350.4618936242064	0.0
350.47189424895316	0.0
350.4818948736999	0.0
350.4918954984466	0.0
350.5018961231933	0.0
350.51189674794006	0.0
350.5218973726868	0.0
350.5318979974335	0.0
350.5418986221802	0.0
350.55189924692695	0.0
350.5618998716737	0.0
350.5719004964204	0.0
350.5819011211671	0.0
350.59190174591384	0.0
350.6019023706606	0.0
350.6119029954073	0.0
350.621903620154	0.0
350.63190424490074	0.0
350.6419048696475	0.0
350.6519054943942	0.0
350.6619061191409	0.0
350.67190674388763	0.0
350.68190736863437	0.0
350.6919079933811	0.0
350.7019086181278	0.0
350.7119092428745	0.0
350.72190986762126	0.0
350.731910492368	0.0
350.74191111711474	0.0
350.7519117418614	0.0
350.76191236660816	0.0
350.7719129913549	0.0
350.78191361610163	0.0
350.7919142408483	0.0
350.80191486559505	0.0
350.8119154903418	0.0
350.8219161150885	0.0
350.8319167398352	0.0
350.84191736458195	0.0
350.8519179893287	0.0
350.8619186140754	0.0
350.8719192388221	0.0
350.88191986356884	0.0
350.8919204883156	0.0
350.9019211130623	0.0
350.91192173780905	0.0
350.92192236255573	0.0
350.93192298730247	0.0
350.9419236120492	0.0
350.95192423679595	0.0
350.9619248615426	0.0
350.97192548628936	0.0
350.9819261110361	0.0
350.99192673578284	0.0
351.0019273605295	0.0
351.01192798527626	0.0
351.021928610023	0.0
351.03192923476973	0.0
351.0419298595164	0.0
351.05193048426315	0.0
351.0619311090099	0.0
351.0719317337566	0.0
351.08193235850337	0.0
351.09193298325005	0.0
351.1019336079968	0.0
351.1119342327435	0.0
351.12193485749026	0.0
351.13193548223694	0.0
351.1419361069837	0.0
351.1519367317304	0.0
351.16193735647715	0.0
351.17193798122383	0.0
351.1819386059706	0.0
351.1919392307173	0.0
351.20193985546405	0.0
351.2119404802107	0.0
351.22194110495747	0.0
351.2319417297042	0.0
351.24194235445094	0.0
351.2519429791977	0.0
351.26194360394436	0.0
351.2719442286911	0.0
351.28194485343784	0.0
351.2919454781846	0.0
351.30194610293125	0.0
351.311946727678	0.0
351.32194735242473	0.0
351.33194797717147	0.0
351.34194860191815	0.0
351.3519492266649	0.0
351.3619498514116	1139.0
351.37195047615836	0.0
351.38195110090504	0.0
351.3919517256518	0.0
351.4019523503985	0.0
351.41195297514525	0.0
351.421953599892	0.0
351.4319542246387	0.0
351.4419548493854	0.0
351.45195547413215	0.0
351.4619560988789	0.0
351.47195672362557	1139.0
351.4819573483723	0.0
351.49195797311904	0.0
351.5019585978658	0.0
351.51195922261246	0.0
351.5219598473592	0.0
351.53196047210594	0.0
351.5419610968527	0.0
351.55196172159935	0.0
351.5619623463461	0.0
351.57196297109283	0.0
351.58196359583957	0.0
351.5919642205863	0.0
351.601964845333	0.0
351.6119654700797	0.0
351.62196609482646	0.0
351.6319667195732	0.0
351.6419673443199	0.0
351.6519679690666	0.0
351.66196859381336	0.0
351.6719692185601	0.0
351.6819698433068	0.0
351.6919704680535	0.0
351.70197109280025	0.0
351.711971717547	0.0
351.72197234229367	0.0
351.7319729670404	0.0
351.74197359178714	0.0
351.7519742165339	0.0
351.7619748412806	0.0
351.7719754660273	0.0
351.78197609077404	0.0
351.7919767155208	0.0
351.8019773402675	0.0
351.8119779650142	0.0
351.82197858976093	0.0
351.83197921450767	0.0
351.8419798392544	0.0
351.8519804640011	0.0
351.8619810887478	0.0
351.87198171349456	0.0
351.8819823382413	0.0
351.891982962988	0.0
351.9019835877347	0.0
351.91198421248146	0.0
351.9219848372282	0.0
351.93198546197493	0.0
351.9419860867216	0.0
351.95198671146835	0.0
351.9619873362151	0.0
351.9719879609618	0.0
351.9819885857085	0.0
351.99198921045524	0.0
352.001989835202	0.0
352.0119904599487	0.0
352.0219910846954	0.0
352.03199170944214	0.0
352.0419923341889	0.0
352.0519929589356	0.0
352.0619935836823	0.0
352.07199420842903	0.0
352.08199483317577	0.0
352.0919954579225	0.0
352.10199608266925	0.0
352.1119967074159	0.0
352.12199733216266	0.0
352.1319979569094	0.0
352.14199858165614	0.0
352.1519992064028	0.0
352.16199983114956	0.0
352.1720004558963	0.0
352.18200108064303	0.0
352.1920017053897	0.0
352.20200233013645	0.0
352.2120029548832	0.0
352.2220035796299	0.0
352.2320042043766	0.0
352.24200482912335	0.0
352.2520054538701	0.0
352.2620060786168	0.0
352.27200670336356	0.0
352.28200732811024	0.0
352.292007952857	0.0
352.3020085776037	0.0
352.31200920235045	0.0
352.32200982709713	0.0
352.33201045184387	0.0
352.3420110765906	0.0
352.35201170133735	0.0
352.362012326084	0.0
352.37201295083077	0.0
352.3820135755775	0.0
352.39201420032424	0.0
352.4020148250709	0.0
352.41201544981766	0.0
352.4220160745644	0.0
352.43201669931113	0.0
352.4420173240579	0.0
352.45201794880455	0.0
352.4620185735513	0.0
352.472019198298	0.0
352.48201982304477	0.0
352.49202044779145	0.0
352.5020210725382	1166.0
352.5120216972849	0.0
352.52202232203166	0.0
352.53202294677834	0.0
352.5420235715251	0.0
352.5520241962718	0.0
352.56202482101855	0.0
352.57202544576523	0.0
352.582026070512	0.0
352.5920266952587	0.0
352.60202732000545	0.0
352.6120279447522	0.0
352.62202856949887	0.0
352.6320291942456	0.0
352.64202981899234	0.0
352.6520304437391	0.0
352.66203106848576	0.0
352.6720316932325	0.0
352.68203231797924	0.0
352.692032942726	0.0
352.70203356747265	0.0
352.7120341922194	0.0
352.72203481696613	0.0
352.73203544171287	0.0
352.74203606645955	0.0
352.7520366912063	0.0
352.762037315953	0.0
352.77203794069976	0.0
352.7820385654465	0.0
352.7920391901932	0.0
352.8020398149399	0.0
352.81204043968665	0.0
352.8220410644334	0.0
352.8320416891801	0.0
352.8420423139268	0.0
352.85204293867355	0.0
352.8620435634203	0.0
352.87204418816697	0.0
352.8820448129137	0.0
352.89204543766044	0.0
352.9020460624072	0.0
352.91204668715386	0.0
352.9220473119006	0.0
352.93204793664734	0.0
352.9420485613941	0.0
352.9520491861408	0.0
352.9620498108875	0.0
352.97205043563423	0.0
352.98205106038097	0.0
352.9920516851277	0.0
353.0020523098744	0.0
353.0120529346211	0.0
353.02205355936786	0.0
353.0320541841146	0.0
353.0420548088613	0.0
353.052055433608	0.0
353.06205605835476	0.0
353.0720566831015	0.0
353.0820573078482	0.0
353.0920579325949	0.0
353.10205855734165	0.0
353.1120591820884	0.0
353.1220598068351	0.0
353.1320604315818	0.0
353.14206105632854	0.0
353.1520616810753	0.0
353.162062305822	0.0
353.1720629305687	0.0
353.18206355531544	0.0
353.1920641800622	0.0
353.2020648048089	0.0
353.2120654295556	0.0
353.22206605430233	0.0
353.23206667904907	0.0
353.2420673037958	0.0
353.2520679285425	0.0
353.2620685532892	0.0
353.27206917803596	0.0
353.2820698027827	0.0
353.29207042752944	0.0
353.3020710522761	0.0
353.31207167702286	0.0
353.3220723017696	0.0
353.33207292651633	0.0
353.342073551263	0.0
353.35207417600975	0.0
353.3620748007565	0.0
353.3720754255032	0.0
353.3820760502499	0.0
353.39207667499664	0.0
353.4020772997434	0.0
353.4120779244901	0.0
353.4220785492368	0.0
353.43207917398354	0.0
353.4420797987303	0.0
353.452080423477	0.0
353.4620810482237	0.0
353.47208167297043	0.0
353.48208229771717	0.0
353.4920829224639	0.0
353.50208354721065	0.0
353.5120841719573	0.0
353.52208479670406	0.0
353.5320854214508	0.0
353.54208604619754	0.0
353.5520866709442	0.0
353.56208729569096	0.0
353.5720879204377	0.0
353.58208854518443	0.0
353.5920891699311	0.0
353.60208979467785	0.0
353.6120904194246	0.0
353.6220910441713	0.0
353.632091668918	0.0
353.64209229366475	0.0
353.6520929184115	0.0
353.6620935431582	0.0
353.67209416790496	0.0
353.68209479265164	0.0
353.6920954173984	0.0
353.7020960421451	0.0
353.71209666689185	0.0
353.72209729163853	0.0
353.73209791638527	0.0
353.742098541132	0.0
353.75209916587875	0.0
353.7620997906254	0.0
353.77210041537217	110.0
353.7821010401189	110.0
353.79210166486564	110.0
353.8021022896123	110.0
353.81210291435906	109.0
353.8221035391058	109.0
353.83210416385253	109.0
353.8421047885993	109.0
353.85210541334595	109.0
353.8621060380927	0.0
353.8721066628394	0.0
353.88210728758617	0.0
353.89210791233285	0.0
353.9021085370796	0.0
353.9121091618263	0.0
353.92210978657306	0.0
353.93211041131974	0.0
353.9421110360665	0.0
353.9521116608132	0.0
353.96211228555995	0.0
353.97211291030663	0.0
353.9821135350534	0.0
353.9921141598001	0.0
354.00211478454685	0.0
354.0121154092936	0.0
354.02211603404027	0.0
354.032116658787	0.0
354.04211728353374	119.0
354.0521179082805	118.0
354.06211853302716	118.0
354.0721191577739	118.0
354.08211978252064	117.0
354.0921204072674	115.0
354.10212103201405	115.0
354.1121216567608	114.0
354.12212228150753	114.0
354.13212290625427	113.0
354.14212353100095	113.0
354.1521241557477	113.0
354.1621247804944	111.0
354.17212540524116	111.0
354.1821260299879	0.0
354.1921266547346	0.0
354.2021272794813	0.0
354.21212790422805	0.0
354.2221285289748	0.0
354.2321291537215	0.0
354.2421297784682	0.0
354.25213040321495	0.0
354.2621310279617	0.0
354.27213165270837	0.0
354.2821322774551	0.0
354.29213290220184	0.0
354.3021335269486	0.0
354.31213415169526	0.0
354.322134776442	0.0
354.33213540118874	0.0
354.3421360259355	115.0
354.3521366506822	117.0
354.3621372754289	117.0
354.37213790017563	117.0
354.38213852492237	117.0
354.3921391496691	117.0
354.4021397744158	117.0
354.4121403991625	115.0
354.42214102390926	115.0
354.432141648656	115.0
354.4421422734027	115.0
354.4521428981494	115.0
354.46214352289616	115.0
354.4721441476429	114.0
354.4821447723896	114.0
354.4921453971363	114.0
354.50214602188305	114.0
354.5121466466298	113.0
354.5221472713765	113.0
354.5321478961232	113.0
354.54214852086994	111.0
354.5521491456167	0.0
354.5621497703634	0.0
354.5721503951101	0.0
354.58215101985684	0.0
354.5921516446036	0.0
354.6021522693503	0.0
354.612152894097	0.0
354.62215351884373	0.0
354.63215414359047	0.0
354.6421547683372	0.0
354.6521553930839	0.0
354.6621560178306	0.0
354.67215664257736	0.0
354.6821572673241	115.0
354.69215789207084	117.0
354.7021585168175	117.0
354.71215914156426	118.0
354.722159766311	118.0
354.73216039105773	119.0
354.7421610158044	119.0
354.75216164055115	119.0
354.7621622652979	119.0
354.7721628900446	118.0
354.7821635147913	118.0
354.79216413953804	117.0
354.8021647642848	115.0
354.8121653890315	114.0
354.8221660137782	114.0
354.83216663852494	113.0
354.8421672632717	113.0
354.8521678880184	113.0
354.86216851276515	113.0
354.87216913751183	113.0
354.88216976225857	111.0
354.8921703870053	111.0
354.90217101175205	111.0
354.9121716364987	111.0
354.92217226124546	111.0
354.9321728859922	0.0
354.94217351073894	0.0
354.9521741354856	0.0
354.96217476023236	0.0
354.9721753849791	0.0
354.98217600972583	0.0
354.9921766344725	0.0
355.00217725921925	0.0
355.012177883966	0.0
355.0221785087127	0.0
355.03217913345946	0.0
355.04217975820615	0.0
355.0521803829529	0.0
355.0621810076996	0.0
355.07218163244636	0.0
355.08218225719304	0.0
355.0921828819398	0.0
355.1021835066865	0.0
355.11218413143325	118.0
355.12218475617993	118.0
355.13218538092667	117.0
355.1421860056734	117.0
355.15218663042015	117.0
355.1621872551668	115.0
355.17218787991357	115.0
355.1821885046603	115.0
355.19218912940704	115.0
355.2021897541538	114.0
355.21219037890046	114.0
355.2221910036472	114.0
355.23219162839393	113.0
355.2421922531407	113.0
355.25219287788735	113.0
355.2621935026341	113.0
355.2721941273808	111.0
355.28219475212757	111.0
355.29219537687425	113.0
355.302196001621	113.0
355.3121966263677	113.0
355.32219725111446	113.0
355.33219787586114	113.0
355.3421985006079	114.0
355.3521991253546	114.0
355.36219975010135	114.0
355.3722003748481	114.0
355.3822009995948	114.0
355.3922016243415	114.0
355.40220224908825	114.0
355.412202873835	114.0
355.42220349858167	114.0
355.4322041233284	115.0
355.44220474807514	117.0
355.4522053728219	118.0
355.46220599756856	119.0
355.4722066223153	121.0
355.48220724706204	122.0
355.4922078718088	124.0
355.50220849655545	124.0
355.5122091213022	125.0
355.52220974604893	126.0
355.53221037079567	128.0
355.5422109955424	128.0
355.5522116202891	129.0
355.5622122450358	129.0
355.57221286978256	131.0
355.5822134945293	134.0
355.592214119276	136.0
355.6022147440227	137.0
355.61221536876945	137.0
355.6222159935162	139.0
355.6322166182629	139.0
355.6422172430096	140.0
355.65221786775635	140.0
355.6622184925031	142.0
355.67221911724977	142.0
355.6822197419965	142.0
355.69222036674324	142.0
355.70222099149	142.0
355.7122216162367	142.0
355.7222222409834	142.0
355.73222286573014	142.0
355.7422234904769	142.0
355.7522241152236	142.0
355.7622247399703	144.0
355.77222536471703	144.0
355.78222598946377	144.0
355.7922266142105	145.0
355.8022272389572	145.0
355.8122278637039	145.0
355.82222848845066	147.0
355.8322291131974	147.0
355.8422297379441	147.0
355.8522303626908	145.0
355.86223098743756	145.0
355.8722316121843	145.0
355.88223223693103	145.0
355.8922328616777	145.0
355.90223348642445	145.0
355.9122341111712	145.0
355.9222347359179	145.0
355.9322353606646	145.0
355.94223598541134	145.0
355.9522366101581	147.0
355.9622372349048	147.0
355.9722378596515	147.0
355.98223848439824	147.0
355.992239109145	147.0
356.0022397338917	147.0
356.0122403586384	147.0
356.02224098338513	147.0
356.03224160813187	147.0
356.0422422328786	147.0
356.05224285762534	145.0
356.062243482372	145.0
356.07224410711876	145.0
356.0822447318655	144.0
356.09224535661224	142.0
356.1022459813589	140.0
356.11224660610566	139.0
356.1222472308524	139.0
356.13224785559913	137.0
356.1422484803458	137.0
356.15224910509255	139.0
356.1622497298393	140.0
356.172250354586	142.0
356.1822509793327	144.0
356.19225160407944	144.0
356.2022522288262	145.0
356.2122528535729	145.0
356.22225347831966	145.0
356.23225410306634	145.0
356.2422547278131	145.0
356.2522553525598	144.0
356.26225597730655	144.0
356.27225660205323	144.0
356.28225722679997	145.0
356.2922578515467	145.0
356.30225847629345	145.0
356.3122591010401	145.0
356.32225972578686	147.0
356.3322603505336	145.0
356.34226097528034	145.0
356.352261600027	145.0
356.36226222477376	147.0
356.3722628495205	147.0
356.38226347426723	147.0
356.39226409901397	145.0
356.40226472376065	145.0
356.4122653485074	145.0
356.4222659732541	145.0
356.43226659800087	145.0
356.44226722274755	145.0
356.4522678474943	147.0
356.462268472241	147.0
356.47226909698776	145.0
356.48226972173444	145.0
356.4922703464812	144.0
356.5022709712279	144.0
356.51227159597465	142.0
356.52227222072133	142.0
356.53227284546807	140.0
356.5422734702148	139.0
356.55227409496155	139.0
356.5622747197083	139.0
356.57227534445497	140.0
356.5822759692017	142.0
356.59227659394844	144.0
356.6022772186952	145.0
356.61227784344186	145.0
356.6222784681886	147.0
356.63227909293533	145.0
356.6422797176821	145.0
356.65228034242875	145.0
356.6622809671755	145.0
356.67228159192223	145.0
356.68228221666897	145.0
356.69228284141565	145.0
356.7022834661624	145.0
356.7122840909091	145.0
356.72228471565586	145.0
356.7322853404026	145.0
356.7422859651493	145.0
356.752286589896	145.0
356.76228721464275	147.0
356.7722878393895	147.0
356.7822884641362	147.0
356.7922890888829	147.0
356.80228971362965	147.0
356.8122903383764	145.0
356.82229096312307	145.0
356.8322915878698	144.0
356.84229221261654	144.0
356.8522928373633	144.0
356.86229346210996	142.0
356.8722940868567	142.0
356.88229471160344	142.0
356.8922953363502	142.0
356.9022959610969	142.0
356.9122965858436	144.0
356.92229721059033	144.0
356.93229783533707	0.0
356.9422984600838	0.0
356.9522990848305	0.0
356.9622997095772	0.0
356.97230033432396	0.0
356.9823009590707	0.0
356.9923015838174	0.0
357.0023022085641	0.0
357.01230283331086	0.0
357.0223034580576	0.0
357.0323040828043	0.0
357.042304707551	0.0
357.05230533229775	0.0
357.0623059570445	262.0
357.0723065817912	0.0
357.0823072065379	0.0
357.09230783128464	0.0
357.1023084560314	0.0
357.1123090807781	0.0
357.1223097055248	0.0
357.13231033027154	0.0
357.1423109550183	0.0
357.152311579765	0.0
357.1623122045117	0.0
357.17231282925843	0.0
357.18231345400517	0.0
357.1923140787519	0.0
357.2023147034986	0.0
357.2123153282453	291.0
357.22231595299206	0.0
357.2323165777388	0.0
357.24231720248554	0.0
357.2523178272322	0.0
357.26231845197896	294.0
357.2723190767257	294.0
357.28231970147243	0.0
357.2923203262191	0.0
357.30232095096585	0.0
357.3123215757126	0.0
357.3223222004593	0.0
357.332322825206	0.0
357.34232344995274	0.0
357.3523240746995	0.0
357.3623246994462	0.0
357.3723253241929	0.0
357.38232594893964	0.0
357.3923265736864	0.0
357.4023271984331	0.0
357.4123278231798	0.0
357.42232844792653	0.0
357.43232907267327	0.0
357.44232969742	0.0
357.45233032216674	0.0
357.4623309469134	0.0
357.47233157166016	0.0
357.4823321964069	0.0
357.49233282115364	152.0
357.5023334459003	152.0
357.51233407064706	154.0
357.5223346953938	154.0
357.53233532014053	154.0
357.5423359448872	154.0
357.55233656963395	154.0
357.5623371943807	0.0
357.5723378191274	0.0
357.5823384438741	0.0
357.59233906862084	0.0
357.6023396933676	0.0
357.6123403181143	0.0
357.62234094286106	0.0
357.63234156760774	0.0
357.6423421923545	0.0
357.6523428171012	0.0
357.66234344184795	0.0
357.67234406659463	0.0
357.68234469134137	0.0
357.6923453160881	0.0
357.70234594083485	0.0
357.7123465655815	0.0
357.72234719032826	0.0
357.732347815075	0.0
357.74234843982174	0.0
357.7523490645684	0.0
357.76234968931516	0.0
357.7723503140619	0.0
357.78235093880863	0.0
357.79235156355537	0.0
357.80235218830205	0.0
357.8123528130488	0.0
357.8223534377955	0.0
357.83235406254227	0.0
357.84235468728895	0.0
357.8523553120357	0.0
357.8623559367824	0.0
357.87235656152916	0.0
357.88235718627584	0.0
357.8923578110226	0.0
357.9023584357693	0.0
357.91235906051605	0.0
357.92235968526273	0.0
357.93236031000947	0.0
357.9423609347562	0.0
357.95236155950295	0.0
357.9623621842497	0.0
357.97236280899637	0.0
357.9823634337431	0.0
357.99236405848984	142.0
358.0023646832366	142.0
358.01236530798326	140.0
358.02236593273	140.0
358.03236655747673	140.0
358.0423671822235	139.0
358.05236780697015	139.0
358.0623684317169	140.0
358.07236905646363	142.0
358.08236968121037	144.0
358.09237030595705	145.0
358.1023709307038	145.0
358.1123715554505	147.0
358.12237218019726	147.0
358.132372804944	147.0
358.1423734296907	147.0
358.1523740544374	147.0
358.16237467918415	145.0
358.1723753039309	144.0
358.1823759286776	144.0
358.1923765534243	142.0
358.20237717817105	142.0
358.2123778029178	140.0
358.22237842766447	140.0
358.2323790524112	140.0
358.24237967715794	140.0
358.2523803019047	142.0
358.26238092665136	144.0
358.2723815513981	145.0
358.28238217614484	145.0
358.2923828008916	147.0
358.3023834256383	147.0
358.312384050385	147.0
358.32238467513173	149.0
358.33238529987847	149.0
358.3423859246252	149.0
358.3523865493719	149.0
358.3623871741186	147.0
358.37238779886536	147.0
358.3823884236121	145.0
358.3923890483588	145.0
358.4023896731055	145.0
358.41239029785226	145.0
358.422390922599	144.0
358.4323915473457	144.0
358.4423921720924	145.0
358.45239279683915	145.0
358.4623934215859	145.0
358.4723940463326	145.0
358.4823946710793	147.0
358.49239529582604	149.0
358.5023959205728	150.0
358.5123965453195	152.0
358.5223971700662	154.0
358.53239779481294	154.0
358.5423984195597	154.0
358.5523990443064	154.0
358.5623996690531	152.0
358.57240029379983	150.0
358.58240091854657	149.0
358.5924015432933	147.0
358.60240216804	147.0
358.6124027927867	145.0
358.62240341753346	145.0
358.6324040422802	144.0
358.64240466702694	144.0
358.6524052917736	144.0
358.66240591652036	144.0
358.6724065412671	144.0
358.68240716601383	144.0
358.6924077907605	144.0
358.70240841550725	144.0
358.712409040254	144.0
358.7224096650007	144.0
358.7324102897474	145.0
358.74241091449414	145.0
358.7524115392409	145.0
358.7624121639876	145.0
358.7724127887343	147.0
358.78241341348104	147.0
358.7924140382278	147.0
358.8024146629745	147.0
358.81241528772125	147.0
358.82241591246793	147.0
358.83241653721467	147.0
358.8424171619614	147.0
358.85241778670814	147.0
358.8624184114548	147.0
358.87241903620156	147.0
358.8824196609483	147.0
358.89242028569504	0.0
358.9024209104417	0.0
358.91242153518846	0.0
358.9224221599352	0.0
358.93242278468193	0.0
358.9424234094286	0.0
358.95242403417535	0.0
358.9624246589221	0.0
358.9724252836688	145.0
358.98242590841556	144.0
358.99242653316225	0.0
359.002427157909	0.0
359.0124277826557	0.0
359.02242840740246	0.0
359.03242903214914	0.0
359.0424296568959	147.0
359.0524302816426	149.0
359.06243090638935	150.0
359.07243153113603	154.0
359.08243215588277	156.0
359.0924327806295	156.0
359.10243340537625	156.0
359.1124340301229	156.0
359.12243465486966	154.0
359.1324352796164	152.0
359.14243590436314	150.0
359.1524365291099	149.0
359.16243715385656	149.0
359.1724377786033	147.0
359.18243840335003	147.0
359.19243902809677	149.0
359.20243965284345	149.0
359.2124402775902	150.0
359.2224409023369	152.0
359.23244152708367	154.0
359.24244215183035	156.0
359.2524427765771	158.0
359.2624434013238	161.0
359.27244402607056	165.0
359.28244465081724	167.0
359.292445275564	169.0
359.3024459003107	169.0
359.31244652505745	171.0
359.3224471498042	169.0
359.3324477745509	169.0
359.3424483992976	167.0
359.35244902404435	165.0
359.3624496487911	161.0
359.37245027353777	161.0
359.3824508982845	159.0
359.39245152303124	159.0
359.402452147778	159.0
359.41245277252466	159.0
359.4224533972714	159.0
359.43245402201813	158.0
359.4424546467649	158.0
359.45245527151155	158.0
359.4624558962583	158.0
359.47245652100503	158.0
359.48245714575177	158.0
359.4924577704985	158.0
359.5024583952452	158.0
359.5124590199919	158.0
359.52245964473866	158.0
359.5324602694854	158.0
359.5424608942321	158.0
359.5524615189788	158.0
359.56246214372555	158.0
359.5724627684723	156.0
359.582463393219	156.0
359.5924640179657	158.0
359.60246464271245	158.0
359.6124652674592	158.0
359.62246589220587	159.0
359.6324665169526	159.0
359.64246714169934	158.0
359.6524677664461	158.0
359.6624683911928	156.0
359.6724690159395	156.0
359.68246964068624	158.0
359.692470265433	165.0
359.7024708901797	175.0
359.7124715149264	187.0
359.72247213967313	196.0
359.73247276441987	208.0
359.7424733891666	215.0
359.7524740139133	220.0
359.76247463866	218.0
359.77247526340676	210.0
359.7824758881535	201.0
359.7924765129002	183.0
359.8024771376469	169.0
359.81247776239366	163.0
359.8224783871404	159.0
359.83247901188713	158.0
359.8424796366338	156.0
359.85248026138055	156.0
359.8624808861273	158.0
359.872481510874	158.0
359.8824821356207	158.0
359.89248276036744	159.0
359.9024833851142	159.0
359.9124840098609	159.0
359.9224846346076	158.0
359.93248525935434	158.0
359.9424858841011	156.0
359.9524865088478	156.0
359.9624871335945	154.0
359.97248775834123	152.0
359.98248838308797	150.0
359.9924890078347	150.0
360.00248963258144	149.0
360.0124902573281	149.0
360.02249088207486	149.0
360.0324915068216	147.0
360.04249213156834	147.0
360.052492756315	145.0
360.06249338106176	145.0
360.0724940058085	147.0
360.08249463055523	149.0
360.0924952553019	150.0
360.10249588004865	152.0
360.1124965047954	154.0
360.1224971295421	156.0
360.1324977542888	156.0
360.14249837903554	158.0
360.1524990037823	158.0
360.162499628529	156.0
360.17250025327576	158.0
360.18250087802244	158.0
360.1925015027692	158.0
360.2025021275159	158.0
360.21250275226265	158.0
360.22250337700933	158.0
360.23250400175607	158.0
360.2425046265028	158.0
360.25250525124954	158.0
360.2625058759962	158.0
360.27250650074296	158.0
360.2825071254897	158.0
360.29250775023644	158.0
360.3025083749831	158.0
360.31250899972986	158.0
360.3225096244766	158.0
360.33251024922333	158.0
360.34251087397007	158.0
360.35251149871675	158.0
360.3625121234635	158.0
360.3725127482102	158.0
360.38251337295696	158.0
360.39251399770365	158.0
360.4025146224504	158.0
360.4125152471971	158.0
360.42251587194386	158.0
360.43251649669054	158.0
360.4425171214373	158.0
360.452517746184	156.0
360.46251837093075	156.0
360.47251899567743	156.0
360.48251962042417	156.0
360.4925202451709	156.0
360.50252086991765	158.0
360.5125214946644	158.0
360.52252211941106	158.0
360.5325227441578	158.0
360.54252336890454	158.0
360.5525239936513	156.0
360.56252461839796	156.0
360.5725252431447	156.0
360.58252586789143	156.0
360.59252649263817	156.0
360.60252711738485	156.0
360.6125277421316	156.0
360.6225283668783	154.0
360.63252899162507	154.0
360.64252961637175	152.0
360.6525302411185	152.0
360.6625308658652	150.0
360.67253149061196	149.0
360.6825321153587	149.0
360.6925327401054	147.0
360.7025333648521	147.0
360.71253398959885	147.0
360.7225346143456	147.0
360.7325352390923	149.0
360.742535863839	149.0
360.75253648858575	149.0
360.7625371133325	149.0
360.77253773807917	150.0
360.7825383628259	152.0
360.79253898757264	152.0
360.8025396123194	154.0
360.81254023706606	154.0
360.8225408618128	0.0
360.83254148655953	0.0
360.8425421113063	0.0
360.852542736053	0.0
360.8625433607997	0.0
360.87254398554643	0.0
360.88254461029317	0.0
360.8925452350399	0.0
360.9025458597866	0.0
360.9125464845333	0.0
360.92254710928006	0.0
360.9325477340268	0.0
360.9425483587735	0.0
360.9525489835202	0.0
360.96254960826695	0.0
360.9725502330137	0.0
360.9825508577604	0.0
360.9925514825071	0.0
361.00255210725385	0.0
361.0125527320006	0.0
361.0225533567473	0.0
361.032553981494	0.0
361.04255460624074	0.0
361.0525552309875	0.0
361.0625558557342	0.0
361.0725564804809	0.0
361.08255710522764	0.0
361.0925577299744	0.0
361.1025583547211	0.0
361.1125589794678	0.0
361.12255960421453	0.0
361.13256022896127	0.0
361.142560853708	0.0
361.1525614784547	0.0
361.1625621032014	0.0
361.17256272794816	0.0
361.1825633526949	0.0
361.19256397744164	0.0
361.2025646021883	0.0
361.21256522693506	0.0
361.2225658516818	0.0
361.23256647642853	0.0
361.2425671011752	0.0
361.25256772592195	0.0
361.2625683506687	0.0
361.2725689754154	0.0
361.2825696001621	0.0
361.29257022490884	0.0
361.3025708496556	0.0
361.3125714744023	0.0
361.322572099149	0.0
361.33257272389574	0.0
361.3425733486425	0.0
361.3525739733892	0.0
361.3625745981359	0.0
361.37257522288263	0.0
361.38257584762937	0.0
361.3925764723761	145.0
361.40257709712284	147.0
361.4125777218695	149.0
361.42257834661626	149.0
361.432578971363	150.0
361.44257959610974	150.0
361.4525802208564	152.0
361.46258084560316	152.0
361.4725814703499	152.0
361.48258209509663	152.0
361.4925827198433	152.0
361.50258334459005	152.0
361.5125839693368	152.0
361.5225845940835	150.0
361.5325852188302	150.0
361.54258584357694	149.0
361.5525864683237	149.0
361.5625870930704	147.0
361.57258771781716	147.0
361.58258834256384	145.0
361.5925889673106	145.0
361.6025895920573	144.0
361.61259021680405	145.0
361.62259084155073	147.0
361.63259146629747	149.0
361.6425920910442	152.0
361.65259271579095	154.0
361.6625933405376	154.0
361.67259396528436	154.0
361.6825945900311	152.0
361.69259521477784	152.0
361.7025958395245	150.0
361.71259646427126	150.0
361.722597089018	150.0
361.73259771376473	149.0
361.74259833851147	149.0
361.75259896325815	149.0
361.7625995880049	149.0
361.7726002127516	147.0
361.78260083749836	147.0
361.79260146224505	147.0
361.8026020869918	149.0
361.8126027117385	149.0
361.82260333648526	149.0
361.83260396123194	150.0
361.8426045859787	150.0
361.8526052107254	150.0
361.86260583547215	150.0
361.87260646021883	150.0
361.88260708496557	150.0
361.8926077097123	150.0
361.90260833445905	150.0
361.9126089592058	150.0
361.92260958395246	150.0
361.9326102086992	150.0
361.94261083344594	150.0
361.9526114581927	150.0
361.96261208293936	150.0
361.9726127076861	150.0
361.98261333243283	149.0
361.99261395717957	149.0
362.00261458192625	149.0
362.012615206673	149.0
362.0226158314197	149.0
362.03261645616647	149.0
362.04261708091315	149.0
362.0526177056599	149.0
362.0626183304066	149.0
362.07261895515336	149.0
362.0826195799001	149.0
362.0926202046468	149.0
362.1026208293935	149.0
362.11262145414025	149.0
362.122622078887	149.0
362.1326227036337	149.0
362.1426233283804	149.0
362.15262395312715	149.0
362.1626245778739	149.0
362.17262520262057	149.0
362.1826258273673	149.0
362.19262645211404	149.0
362.2026270768608	149.0
362.21262770160746	149.0
362.2226283263542	149.0
362.23262895110093	149.0
362.2426295758477	149.0
362.2526302005944	149.0
362.2626308253411	149.0
362.27263145008783	149.0
362.28263207483457	147.0
362.2926326995813	147.0
362.302633324328	145.0
362.3126339490747	144.0
362.32263457382146	142.0
362.3326351985682	140.0
362.3426358233149	140.0
362.3526364480616	140.0
362.36263707280835	140.0
362.3726376975551	140.0
362.3826383223018	142.0
362.3926389470485	142.0
362.40263957179525	142.0
362.412640196542	144.0
362.4226408212887	144.0
362.4326414460354	144.0
362.44264207078214	144.0
362.4526426955289	144.0
362.4626433202756	145.0
362.4726439450223	145.0
362.48264456976904	145.0
362.4926451945158	145.0
362.5026458192625	145.0
362.5126464440092	145.0
362.52264706875593	145.0
362.53264769350267	145.0
362.5426483182494	145.0
362.5526489429961	144.0
362.5626495677428	144.0
362.57265019248956	144.0
362.5826508172363	142.0
362.59265144198304	140.0
362.6026520667297	140.0
362.61265269147646	140.0
362.6226533162232	140.0
362.63265394096993	140.0
362.6426545657166	140.0
362.65265519046335	142.0
362.6626558152101	142.0
362.6726564399568	144.0
362.6826570647035	145.0
362.69265768945024	147.0
362.702658314197	150.0
362.7126589389437	154.0
362.7226595636904	156.0
362.73266018843714	156.0
362.7426608131839	156.0
362.7526614379306	154.0
362.76266206267735	152.0
362.77266268742403	150.0
362.78266331217077	149.0
362.7926639369175	147.0
362.80266456166424	147.0
362.8126651864109	147.0
362.82266581115766	147.0
362.8326664359044	145.0
362.84266706065114	145.0
362.8526676853978	145.0
362.86266831014456	145.0
362.8726689348913	145.0
362.88266955963803	145.0
362.8926701843847	145.0
362.90267080913145	147.0
362.9126714338782	147.0
362.9226720586249	147.0
362.93267268337166	147.0
362.94267330811834	149.0
362.9526739328651	149.0
362.9626745576118	149.0
362.97267518235856	149.0
362.98267580710524	149.0
362.992676431852	147.0
363.0026770565987	147.0
363.01267768134545	147.0
363.02267830609213	147.0
363.03267893083887	147.0
363.0426795555856	147.0
363.05268018033235	147.0
363.062680805079	147.0
363.07268142982576	147.0
363.0826820545725	147.0
363.09268267931924	147.0
363.102683304066	149.0
363.11268392881266	149.0
363.1226845535594	149.0
363.13268517830613	149.0
363.14268580305287	149.0
363.15268642779955	147.0
363.1626870525463	145.0
363.172687677293	145.0
363.18268830203976	142.0
363.19268892678645	142.0
363.2026895515332	140.0
363.2126901762799	140.0
363.22269080102666	140.0
363.23269142577334	140.0
363.2426920505201	142.0
363.2526926752668	142.0
363.26269330001355	144.0
363.2726939247603	144.0
363.28269454950697	145.0
363.2926951742537	145.0
363.30269579900045	147.0
363.3126964237472	147.0
363.32269704849386	147.0
363.3326976732406	147.0
363.34269829798734	147.0
363.3526989227341	147.0
363.36269954748076	145.0
363.3727001722275	145.0
363.38270079697423	144.0
363.392701421721	142.0
363.40270204646765	142.0
363.4127026712144	139.0
363.4227032959611	139.0
363.43270392070787	137.0
363.4427045454546	139.0
363.4527051702013	0.0
363.462705794948	0.0
363.47270641969476	0.0
363.4827070444415	0.0
363.4927076691882	0.0
363.5027082939349	0.0
363.51270891868165	0.0
363.5227095434284	145.0
363.5327101681751	145.0
363.5427107929218	145.0
363.55271141766855	145.0
363.5627120424153	147.0
363.57271266716197	0.0
363.5827132919087	0.0
363.59271391665544	0.0
363.6027145414022	0.0
363.6127151661489	0.0
363.6227157908956	0.0
363.63271641564234	0.0
363.6427170403891	0.0
363.6527176651358	0.0
363.6627182898825	0.0
363.67271891462923	0.0
363.68271953937597	0.0
363.6927201641227	0.0
363.7027207888694	0.0
363.7127214136161	0.0
363.72272203836286	0.0
363.7327226631096	0.0
363.7427232878563	0.0
363.752723912603	0.0
363.76272453734975	0.0
363.7727251620965	0.0
363.78272578684323	0.0
363.7927264115899	0.0
363.80272703633665	0.0
363.8127276610834	0.0
363.8227282858301	0.0
363.8327289105768	0.0
363.84272953532354	0.0
363.8527301600703	0.0
363.862730784817	0.0
363.8727314095637	0.0
363.88273203431044	0.0
363.8927326590572	0.0
363.9027332838039	0.0
363.9127339085506	0.0
363.92273453329733	0.0
363.93273515804407	0.0
363.9427357827908	0.0
363.95273640753754	0.0
363.9627370322842	0.0
363.97273765703096	0.0
363.9827382817777	0.0
363.99273890652444	208.0
364.0027395312711	206.0
364.01274015601786	104.0
364.0227407807646	104.0
364.03274140551133	104.0
364.042742030258	105.0
364.05274265500475	105.0
364.0627432797515	106.0
364.0727439044982	109.0
364.0827445292449	110.0
364.09274515399164	111.0
364.1027457787384	113.0
364.1127464034851	115.0
364.12274702823186	117.0
364.13274765297854	118.0
364.1427482777253	119.0
364.152748902472	119.0
364.16274952721875	118.0
364.17275015196543	118.0
364.18275077671217	118.0
364.1927514014589	118.0
364.20275202620564	118.0
364.2127526509523	118.0
364.22275327569906	117.0
364.2327539004458	117.0
364.24275452519254	115.0
364.2527551499392	115.0
364.26275577468596	114.0
364.2727563994327	113.0
364.28275702417943	113.0
364.29275764892617	111.0
364.30275827367285	111.0
364.3127588984196	111.0
364.3227595231663	111.0
364.33276014791306	111.0
364.34276077265974	111.0
364.3527613974065	111.0
364.3627620221532	111.0
364.37276264689996	111.0
364.38276327164664	111.0
364.3927638963934	111.0
364.4027645211401	113.0
364.41276514588685	113.0
364.42276577063353	114.0
364.43276639538027	115.0
364.442767020127	117.0
364.45276764487375	118.0
364.4627682696205	119.0
364.47276889436716	121.0
364.4827695191139	121.0
364.49277014386064	122.0
364.5027707686074	122.0
364.51277139335406	122.0
364.5227720181008	122.0
364.53277264284753	121.0
364.54277326759427	121.0
364.55277389234095	119.0
364.5627745170877	118.0
364.5727751418344	117.0
364.58277576658116	117.0
364.59277639132785	115.0
364.6027770160746	115.0
364.6127776408213	115.0
364.62277826556806	114.0
364.6327788903148	114.0
364.6427795150615	113.0
364.6527801398082	113.0
364.66278076455495	113.0
364.6727813893017	113.0
364.68278201404837	113.0
364.6927826387951	114.0
364.70278326354185	114.0
364.7127838882886	114.0
364.72278451303526	114.0
364.732785137782	115.0
364.74278576252874	115.0
364.7527863872755	115.0
364.76278701202216	115.0
364.7727876367689	117.0
364.78278826151563	118.0
364.7927888862624	119.0
364.8027895110091	119.0
364.8127901357558	121.0
364.8227907605025	121.0
364.83279138524927	121.0
364.842792009996	121.0
364.8527926347427	122.0
364.8627932594894	122.0
364.87279388423616	122.0
364.8827945089829	122.0
364.8927951337296	122.0
364.9027957584763	121.0
364.91279638322305	121.0
364.9227970079698	119.0
364.9327976327165	118.0
364.9427982574632	118.0
364.95279888220995	117.0
364.9627995069567	117.0
364.9728001317034	115.0
364.9828007564501	115.0
364.99280138119684	114.0
365.0028020059436	114.0
365.0128026306903	114.0
365.022803255437	114.0
365.03280388018374	114.0
365.0428045049305	114.0
365.0528051296772	114.0
365.0628057544239	114.0
365.07280637917063	114.0
365.08280700391737	115.0
365.0928076286641	117.0
365.1028082534108	117.0
365.1128088781575	118.0
365.12280950290426	119.0
365.132810127651	119.0
365.14281075239774	119.0
365.1528113771444	121.0
365.16281200189115	121.0
365.1728126266379	121.0
365.18281325138463	121.0
365.1928138761313	121.0
365.20281450087805	121.0
365.2128151256248	119.0
365.2228157503715	119.0
365.2328163751182	118.0
365.24281699986494	118.0
365.2528176246117	117.0
365.2628182493584	117.0
365.2728188741051	117.0
365.28281949885184	117.0
365.2928201235986	117.0
365.3028207483453	117.0
365.312821373092	117.0
365.32282199783873	117.0
365.33282262258547	117.0
365.3428232473322	117.0
365.35282387207894	117.0
365.3628244968256	117.0
365.37282512157236	117.0
365.3828257463191	117.0
365.39282637106584	117.0
365.4028269958125	117.0
365.41282762055926	118.0
365.422828245306	119.0
365.43282887005273	121.0
365.4428294947994	122.0
365.45283011954615	124.0
365.4628307442929	125.0
365.4728313690396	128.0
365.4828319937863	129.0
365.49283261853304	132.0
365.5028332432798	136.0
365.5128338680265	139.0
365.52283449277326	140.0
365.53283511751994	144.0
365.5428357422667	144.0
365.5528363670134	145.0
365.56283699176015	145.0
365.57283761650683	145.0
365.58283824125357	147.0
365.5928388660003	147.0
365.60283949074704	147.0
365.6128401154937	147.0
365.62284074024046	145.0
365.6328413649872	145.0
365.64284198973394	145.0
365.6528426144806	145.0
365.66284323922736	147.0
365.6728438639741	147.0
365.68284448872083	149.0
365.69284511346757	149.0
365.70284573821425	147.0
365.712846362961	142.0
365.7228469877077	140.0
365.73284761245446	139.0
365.74284823720114	140.0
365.7528488619479	144.0
365.7628494866946	147.0
365.77285011144136	149.0
365.78285073618804	149.0
365.7928513609348	149.0
365.8028519856815	149.0
365.81285261042825	149.0
365.82285323517493	149.0
365.83285385992167	149.0
365.8428544846684	149.0
365.85285510941515	149.0
365.8628557341619	149.0
365.87285635890856	149.0
365.8828569836553	149.0
365.89285760840204	149.0
365.9028582331488	149.0
365.91285885789546	149.0
365.9228594826422	149.0
365.93286010738893	150.0
365.94286073213567	150.0
365.95286135688235	150.0
365.9628619816291	150.0
365.9728626063758	150.0
365.98286323112256	150.0
365.99286385586925	149.0
366.002864480616	149.0
366.0128651053627	149.0
366.02286573010946	149.0
366.0328663548562	147.0
366.0428669796029	147.0
366.0528676043496	147.0
366.06286822909635	147.0
366.0728688538431	147.0
366.08286947858977	149.0
366.0928701033365	149.0
366.10287072808325	149.0
366.11287135283	147.0
366.12287197757666	147.0
366.1328726023234	147.0
366.14287322707014	147.0
366.1528738518169	147.0
366.16287447656356	147.0
366.1728751013103	147.0
366.18287572605703	147.0
366.1928763508038	147.0
366.2028769755505	147.0
366.2128776002972	147.0
366.2228782250439	147.0
366.23287884979067	145.0
366.2428794745374	145.0
366.2528800992841	144.0
366.2628807240308	144.0
366.27288134877756	142.0
366.2828819735243	142.0
366.292882598271	142.0
366.3028832230177	142.0
366.31288384776445	142.0
366.3228844725112	142.0
366.3328850972579	144.0
366.3428857220046	144.0
366.35288634675135	145.0
366.3628869714981	145.0
366.3728875962448	145.0
366.3828882209915	147.0
366.39288884573824	147.0
366.402889470485	147.0
366.4128900952317	147.0
366.4228907199784	147.0
366.43289134472514	147.0
366.4428919694719	147.0
366.4528925942186	147.0
366.4628932189653	147.0
366.47289384371203	147.0
366.48289446845877	147.0
366.4928950932055	147.0
366.5028957179522	147.0
366.5128963426989	147.0
366.52289696744566	147.0
366.5328975921924	147.0
366.54289821693914	147.0
366.5528988416858	147.0
366.56289946643255	147.0
366.5729000911793	0.0
366.58290071592603	0.0
366.5929013406727	0.0
366.60290196541945	0.0
366.6129025901662	0.0
366.6229032149129	0.0
366.6329038396596	0.0
366.64290446440634	256.0
366.6529050891531	259.0
366.6629057138998	262.0
366.6729063386465	265.0
366.68290696339324	268.0
366.69290758814	272.0
366.7029082128867	275.0
366.71290883763345	281.0
366.72290946238013	284.0
366.73291008712687	291.0
366.7429107118736	291.0
366.75291133662034	291.0
366.762911961367	0.0
366.77291258611376	0.0
366.7829132108605	0.0
366.79291383560724	147.0
366.8029144603539	147.0
366.81291508510066	147.0
366.8229157098474	147.0
366.83291633459413	147.0
366.8429169593408	145.0
366.85291758408755	145.0
366.8629182088343	145.0
366.872918833581	145.0
366.88291945832776	145.0
366.89292008307444	145.0
366.9029207078212	145.0
366.9129213325679	294.0
366.92292195731466	294.0
366.93292258206134	294.0
366.9429232068081	294.0
366.9529238315548	294.0
366.96292445630155	294.0
366.97292508104823	147.0
366.98292570579497	294.0
366.9929263305417	145.0
367.00292695528844	294.0
367.0129275800351	145.0
367.02292820478186	291.0
367.0329288295286	291.0
367.04292945427534	291.0
367.0529300790221	291.0
367.06293070376876	291.0
367.0729313285155	291.0
367.08293195326223	291.0
367.09293257800897	291.0
367.10293320275565	291.0
367.1129338275024	291.0
367.1229344522491	291.0
367.13293507699586	145.0
367.14293570174254	145.0
367.1529363264893	288.0
367.162936951236	288.0
367.17293757598276	145.0
367.18293820072944	145.0
367.1929388254762	145.0
367.2029394502229	145.0
367.21294007496965	147.0
367.2229406997164	147.0
367.23294132446307	147.0
367.2429419492098	281.0
367.25294257395655	284.0
367.2629431987033	284.0
367.27294382344996	288.0
367.2829444481967	291.0
367.29294507294344	291.0
367.3029456976902	291.0
367.31294632243686	294.0
367.3229469471836	294.0
367.33294757193033	294.0
367.34294819667707	294.0
367.35294882142375	294.0
367.3629494461705	294.0
367.3729500709172	294.0
367.38295069566396	294.0
367.3929513204107	291.0
367.4029519451574	291.0
367.4129525699041	0.0
367.42295319465086	0.0
367.4329538193976	0.0
367.4429544441443	0.0
367.452955068891	0.0
367.46295569363775	0.0
367.4729563183845	0.0
367.48295694313117	0.0
367.4929575678779	0.0
367.50295819262465	291.0
367.5129588173714	294.0
367.52295944211806	294.0
367.5329600668648	298.0
367.54296069161154	298.0
367.5529613163583	298.0
367.562961941105	298.0
367.5729625658517	298.0
367.58296319059843	294.0
367.5929638153452	294.0
367.6029644400919	294.0
367.6129650648386	294.0
367.6229656895853	294.0
367.63296631433207	294.0
367.6429669390788	294.0
367.6529675638255	294.0
367.6629681885722	294.0
367.67296881331896	0.0
367.6829694380657	0.0
367.6929700628124	0.0
367.7029706875591	0.0
367.71297131230585	0.0
367.7229719370526	0.0
367.73297256179933	0.0
367.742973186546	0.0
367.75297381129275	0.0
367.7629744360395	294.0
367.7729750607862	294.0
367.7829756855329	294.0
367.79297631027964	294.0
367.8029769350264	298.0
367.8129775597731	150.0
367.8229781845198	0.0
367.83297880926654	152.0
367.8429794340133	0.0
367.85298005876	152.0
367.8629806835067	152.0
367.87298130825343	152.0
367.88298193300017	150.0
367.8929825577469	150.0
367.90298318249364	150.0
367.9129838072403	149.0
367.92298443198706	149.0
367.9329850567338	149.0
367.94298568148054	149.0
367.9529863062272	149.0
367.96298693097395	149.0
367.9729875557207	150.0
367.98298818046743	150.0
367.9929888052141	150.0
368.00298942996085	152.0
368.0129900547076	152.0
368.0229906794543	150.0
368.032991304201	150.0
368.04299192894774	150.0
368.0529925536945	150.0
368.0629931784412	150.0
368.07299380318796	150.0
368.08299442793464	150.0
368.0929950526814	150.0
368.1029956774281	150.0
368.11299630217485	149.0
368.12299692692153	149.0
368.13299755166827	149.0
368.142998176415	149.0
368.15299880116174	149.0
368.1629994259084	149.0
368.17300005065516	149.0
368.1830006754019	149.0
368.19300130014864	149.0
368.2030019248953	147.0
368.21300254964206	147.0
368.2230031743888	147.0
368.23300379913553	147.0
368.24300442388227	147.0
368.25300504862895	147.0
368.2630056733757	147.0
368.2730062981224	147.0
368.28300692286916	147.0
368.29300754761584	147.0
368.3030081723626	147.0
368.3130087971093	147.0
368.32300942185606	147.0
368.33301004660274	147.0
368.3430106713495	0.0
368.3530112960962	0.0
368.36301192084295	0.0
368.37301254558963	0.0
368.38301317033637	0.0
368.3930137950831	0.0
368.40301441982984	0.0
368.4130150445766	0.0
368.42301566932326	0.0
368.43301629407	0.0
368.44301691881674	0.0
368.4530175435635	0.0
368.46301816831016	0.0
368.4730187930569	0.0
368.48301941780363	0.0
368.49302004255037	0.0
368.50302066729705	0.0
368.5130212920438	0.0
368.5230219167905	0.0
368.53302254153726	0.0
368.54302316628394	0.0
368.5530237910307	0.0
368.5630244157774	0.0
368.57302504052416	0.0
368.5830256652709	0.0
368.5930262900176	0.0
368.6030269147643	0.0
368.61302753951105	0.0
368.6230281642578	0.0
368.63302878900447	0.0
368.6430294137512	0.0
368.65303003849795	0.0
368.6630306632447	0.0
368.67303128799136	0.0
368.6830319127381	0.0
368.69303253748484	0.0
368.7030331622316	0.0
368.71303378697826	0.0
368.723034411725	0.0
368.73303503647173	0.0
368.74303566121847	0.0
368.7530362859652	0.0
368.7630369107119	0.0
368.7730375354586	0.0
368.78303816020536	0.0
368.7930387849521	0.0
368.8030394096988	0.0
368.8130400344455	0.0
368.82304065919226	0.0
368.833041283939	0.0
368.8430419086857	0.0
368.8530425334324	0.0
368.86304315817915	0.0
368.8730437829259	0.0
368.88304440767257	0.0
368.8930450324193	0.0
368.90304565716605	0.0
368.9130462819128	0.0
368.9230469066595	0.0
368.9330475314062	0.0
368.94304815615294	0.0
368.9530487808997	0.0
368.9630494056464	0.0
368.9730500303931	0.0
368.98305065513983	0.0
368.9930512798866	0.0
369.0030519046333	0.0
369.01305252938	0.0
369.0230531541267	0.0
369.03305377887347	0.0
369.0430544036202	0.0
369.0530550283669	0.0
369.0630556531136	0.0
369.07305627786036	0.0
369.0830569026071	0.0
369.09305752735384	0.0
369.1030581521005	0.0
369.11305877684725	0.0
369.123059401594	0.0
369.13306002634073	0.0
369.1430606510874	0.0
369.15306127583415	0.0
369.1630619005809	0.0
369.1730625253276	0.0
369.1830631500743	0.0
369.19306377482104	0.0
369.2030643995678	0.0
369.2130650243145	0.0
369.2230656490612	0.0
369.23306627380794	0.0
369.2430668985547	0.0
369.2530675233014	0.0
369.2630681480481	0.0
369.27306877279483	0.0
369.28306939754157	0.0
369.2930700222883	0.0
369.30307064703504	0.0
369.3130712717817	0.0
369.32307189652846	0.0
369.3330725212752	0.0
369.34307314602194	0.0
369.3530737707686	0.0
369.36307439551535	0.0
369.3730750202621	0.0
369.38307564500883	0.0
369.3930762697555	0.0
369.40307689450225	0.0
369.413077519249	0.0
369.4230781439957	0.0
369.4330787687424	0.0
369.44307939348914	0.0
369.4530800182359	0.0
369.4630806429826	0.0
369.47308126772936	0.0
369.48308189247604	0.0
369.4930825172228	0.0
369.5030831419695	0.0
369.51308376671625	0.0
369.52308439146293	0.0
369.53308501620967	0.0
369.5430856409564	0.0
369.55308626570314	0.0
369.5630868904498	0.0
369.57308751519656	0.0
369.5830881399433	0.0
369.59308876469004	0.0
369.6030893894367	0.0
369.61309001418346	0.0
369.6230906389302	0.0
369.63309126367693	0.0
369.64309188842367	0.0
369.65309251317035	0.0
369.6630931379171	0.0
369.6730937626638	0.0
369.68309438741056	0.0
369.69309501215724	0.0
369.703095636904	0.0
369.7130962616507	0.0
369.72309688639746	0.0
369.73309751114414	0.0
369.7430981358909	0.0
369.7530987606376	0.0
369.76309938538435	131.0
369.77310001013103	129.0
369.78310063487777	128.0
369.7931012596245	128.0
369.80310188437124	125.0
369.813102509118	124.0
369.82310313386466	122.0
369.8331037586114	121.0
369.84310438335814	119.0
369.8531050081049	117.0
369.86310563285156	114.0
369.8731062575983	113.0
369.88310688234503	110.0
369.89310750709177	109.0
369.90310813183845	107.0
369.9131087565852	106.0
369.9231093813319	105.0
369.93311000607866	104.0
369.94311063082534	103.0
369.9531112555721	101.0
369.9631118803188	100.0
369.97311250506556	99.0
369.9831131298123	98.0
369.993113754559	97.0
370.0031143793057	98.0
370.01311500405245	99.0
370.0231156287992	101.0
370.03311625354587	0.0
370.0431168782926	0.0
370.05311750303935	0.0
370.0631181277861	0.0
370.07311875253276	0.0
370.0831193772795	0.0
370.09312000202624	0.0
370.103120626773	0.0
370.11312125151966	0.0
370.1231218762664	0.0
370.13312250101313	0.0
370.14312312575987	0.0
370.1531237505066	0.0
370.1631243752533	0.0
370.173125	0.0
