0.0	0.0
0.010000789732681441	0.0
0.020001579465362882	0.0
0.030002369198044325	0.0
0.040003158930725764	0.0
0.050003948663407204	0.0
0.06000473839608865	0.0
0.07000552812877009	0.0
0.08000631786145153	0.0
0.09000710759413297	0.0
0.10000789732681441	0.0
0.11000868705949585	0.0
0.1200094767921773	0.0
0.13001026652485873	0.0
0.14001105625754018	0.0
0.1500118459902216	0.0
0.16001263572290306	0.0
0.1700134254555845	0.0
0.18001421518826594	0.0
0.1900150049209474	0.0
0.20001579465362881	0.0
0.21001658438631027	0.0
0.2200173741189917	0.0
0.23001816385167315	0.0
0.2400189535843546	0.0
0.250019743317036	0.0
0.26002053304971745	0.0
0.27002132278239893	0.0
0.28002211251508036	0.0
0.2900229022477618	0.0
0.3000236919804432	0.0
0.3100244817131247	0.0
0.3200252714458061	0.0
0.33002606117848754	0.0
0.340026850911169	0.0
0.35002764064385045	0.0
0.36002843037653187	0.0
0.3700292201092133	0.0
0.3800300098418948	0.0
0.3900307995745762	0.0
0.40003158930725763	0.0
0.4100323790399391	0.0
0.42003316877262054	0.0
0.43003395850530196	0.0
0.4400347482379834	0.0
0.45003553797066487	0.0
0.4600363277033463	0.0
0.4700371174360277	0.0
0.4800379071687092	0.0
0.4900386969013906	0.0
0.500039486634072	0.0
0.5100402763667535	0.0
0.5200410660994349	0.0
0.5300418558321164	0.0
0.5400426455647979	0.0
0.5500434352974792	0.0
0.5600442250301607	0.0
0.5700450147628422	0.0
0.5800458044955236	0.0
0.590046594228205	0.0
0.6000473839608864	0.0
0.6100481736935679	0.0
0.6200489634262494	0.0
0.6300497531589307	0.0
0.6400505428916122	0.0
0.6500513326242937	0.0
0.6600521223569751	0.0
0.6700529120896566	0.0
0.680053701822338	0.0
0.6900544915550194	0.0
0.7000552812877009	0.0
0.7100560710203823	0.0
0.7200568607530637	0.0
0.7300576504857452	0.0
0.7400584402184266	0.0
0.7500592299511081	0.0
0.7600600196837896	0.0
0.7700608094164709	0.0
0.7800615991491524	0.0
0.7900623888818339	0.0
0.8000631786145153	0.0
0.8100639683471967	0.0
0.8200647580798782	0.0
0.8300655478125596	0.0
0.8400663375452411	0.0
0.8500671272779224	0.0
0.8600679170106039	0.0
0.8700687067432854	0.0
0.8800694964759668	0.0
0.8900702862086483	0.0
0.9000710759413297	0.0
0.9100718656740111	0.0
0.9200726554066926	0.0
0.9300734451393741	0.0
0.9400742348720554	0.0
0.9500750246047369	0.0
0.9600758143374184	0.0
0.9700766040700998	0.0
0.9800773938027812	0.0
0.9900781835354626	0.0
1.000078973268144	0.0
1.0100797630008256	0.0
1.020080552733507	0.0
1.0300813424661883	0.0
1.0400821321988698	0.0
1.0500829219315513	0.0
1.0600837116642328	0.0
1.0700845013969142	0.0
1.0800852911295957	0.0
1.090086080862277	0.0
1.1000868705949585	0.0
1.11008766032764	0.0
1.1200884500603214	0.0
1.130089239793003	0.0
1.1400900295256844	0.0
1.1500908192583656	0.0
1.1600916089910471	0.0
1.1700923987237286	0.0
1.18009318845641	0.0
1.1900939781890916	0.0
1.2000947679217728	0.0
1.2100955576544543	0.0
1.2200963473871358	0.0
1.2300971371198173	0.0
1.2400979268524988	0.0
1.2500987165851802	0.0
1.2600995063178615	0.0
1.270100296050543	0.0
1.2801010857832245	0.0
1.290101875515906	0.0
1.3001026652485874	0.0
1.3101034549812687	0.0
1.3201042447139502	0.0
1.3301050344466316	0.0
1.3401058241793131	0.0
1.3501066139119946	0.0
1.360107403644676	0.0
1.3701081933773573	0.0
1.3801089831100388	0.0
1.3901097728427203	0.0
1.4001105625754018	0.0
1.4101113523080833	0.0
1.4201121420407645	0.0
1.430112931773446	0.0
1.4401137215061275	0.0
1.450114511238809	0.0
1.4601153009714904	0.0
1.470116090704172	0.0
1.4801168804368532	0.0
1.4901176701695347	0.0
1.5001184599022162	0.0
1.5101192496348976	0.0
1.5201200393675791	0.0
1.5301208291002606	0.0
1.5401216188329419	0.0
1.5501224085656233	0.0
1.5601231982983048	0.0
1.5701239880309863	0.0
1.5801247777636678	0.0
1.590125567496349	0.0
1.6001263572290305	0.0
1.610127146961712	0.0
1.6201279366943935	0.0
1.630128726427075	0.0
1.6401295161597564	0.0
1.6501303058924377	0.0
1.6601310956251192	0.0
1.6701318853578007	0.0
1.6801326750904821	0.0
1.6901334648231636	0.0
1.7001342545558449	0.0
1.7101350442885264	0.0
1.7201358340212078	0.0
1.7301366237538893	0.0
1.7401374134865708	0.0
1.7501382032192523	0.0
1.7601389929519335	0.0
1.770139782684615	0.0
1.7801405724172965	0.0
1.790141362149978	0.0
1.8001421518826595	0.0
1.8101429416153407	0.0
1.8201437313480222	0.0
1.8301445210807037	194.0
1.8401453108133852	196.0
1.8501461005460667	199.0
1.8601468902787481	203.0
1.8701476800114294	206.0
1.8801484697441109	206.0
1.8901492594767924	208.0
1.9001500492094738	210.0
1.9101508389421553	210.0
1.9201516286748368	210.0
1.930152418407518	208.0
1.9401532081401995	208.0
1.950153997872881	208.0
1.9601547876055625	208.0
1.970155577338244	206.0
1.9801563670709252	206.0
1.9901571568036067	203.0
2.000157946536288	203.0
2.0101587362689695	203.0
2.020159526001651	203.0
2.0301603157343324	203.0
2.040161105467014	203.0
2.0501618951996954	203.0
2.0601626849323766	203.0
2.0701634746650583	203.0
2.0801642643977396	203.0
2.0901650541304213	203.0
2.1001658438631026	203.0
2.1101666335957843	206.0
2.1201674233284655	210.0
2.130168213061147	218.0
2.1401690027938285	236.0
2.1501697925265097	253.0
2.1601705822591915	262.0
2.1701713719918727	268.0
2.180172161724554	265.0
2.1901729514572357	250.0
2.200173741189917	228.0
2.2101745309225986	213.0
2.22017532065528	206.0
2.230176110387961	201.0
2.240176900120643	201.0
2.250177689853324	203.0
2.260178479586006	208.0
2.270179269318687	213.0
2.280180059051369	213.0
2.29018084878405	213.0
2.3001816385167313	208.0
2.310182428249413	196.0
2.3201832179820943	190.0
2.330184007714776	183.0
2.340184797447457	181.0
2.3501855871801385	181.0
2.36018637691282	183.0
2.3701871666455014	183.0
2.380187956378183	183.0
2.3901887461108644	181.0
2.4001895358435457	179.0
2.4101903255762274	177.0
2.4201911153089086	175.0
2.4301919050415903	175.0
2.4401926947742716	177.0
2.450193484506953	179.0
2.4601942742396345	181.0
2.470195063972316	183.0
2.4801958537049975	185.0
2.4901966434376788	185.0
2.5001974331703605	185.0
2.5101982229030417	185.0
2.520199012635723	183.0
2.5301998023684047	183.0
2.540200592101086	181.0
2.5502013818337677	181.0
2.560202171566449	183.0
2.57020296129913	183.0
2.580203751031812	183.0
2.590204540764493	183.0
2.600205330497175	183.0
2.610206120229856	185.0
2.6202069099625374	185.0
2.630207699695219	185.0
2.6402084894279003	183.0
2.650209279160582	183.0
2.6602100688932633	183.0
2.670210858625945	183.0
2.6802116483586262	183.0
2.6902124380913075	185.0
2.700213227823989	185.0
2.7102140175566705	185.0
2.720214807289352	185.0
2.7302155970220334	185.0
2.7402163867547147	185.0
2.7502171764873964	185.0
2.7602179662200776	185.0
2.7702187559527593	183.0
2.7802195456854406	183.0
2.790220335418122	181.0
2.8002211251508036	181.0
2.810221914883485	181.0
2.8202227046161665	183.0
2.830223494348848	183.0
2.840224284081529	183.0
2.8502250738142108	183.0
2.860225863546892	183.0
2.8702266532795737	183.0
2.880227443012255	183.0
2.8902282327449367	183.0
2.900229022477618	183.0
2.910229812210299	183.0
2.920230601942981	183.0
2.930231391675662	183.0
2.940232181408344	183.0
2.950232971141025	183.0
2.9602337608737064	183.0
2.970234550606388	183.0
2.9802353403390693	183.0
2.990236130071751	183.0
3.0002369198044323	183.0
3.0102377095371136	183.0
3.0202384992697953	181.0
3.0302392890024765	179.0
3.0402400787351582	175.0
3.0502408684678395	171.0
3.060241658200521	167.0
3.0702424479332024	165.0
3.0802432376658837	163.0
3.0902440273985654	163.0
3.1002448171312467	163.0
3.1102456068639284	167.0
3.1202463965966096	171.0
3.130247186329291	179.0
3.1402479760619726	181.0
3.150248765794654	183.0
3.1602495555273356	183.0
3.170250345260017	181.0
3.180251134992698	183.0
3.1902519247253798	183.0
3.200252714458061	185.0
3.2102535041907427	183.0
3.220254293923424	179.0
3.2302550836561053	175.0
3.240255873388787	171.0
3.250256663121468	165.0
3.26025745285415	158.0
3.270258242586831	154.0
3.280259032319513	152.0
3.290259822052194	152.0
3.3002606117848754	154.0
3.310261401517557	158.0
3.3202621912502384	161.0
3.33026298098292	165.0
3.3402637707156013	169.0
3.3502645604482826	175.0
3.3602653501809643	181.0
3.3702661399136455	185.0
3.3802669296463272	185.0
3.3902677193790085	187.0
3.4002685091116898	185.0
3.4102692988443715	185.0
3.4202700885770527	181.0
3.4302708783097344	179.0
3.4402716680424157	175.0
3.4502724577750974	173.0
3.4602732475077786	169.0
3.47027403724046	167.0
3.4802748269731416	165.0
3.490275616705823	161.0
3.5002764064385046	161.0
3.510277196171186	161.0
3.520277985903867	161.0
3.530278775636549	163.0
3.54027956536923	163.0
3.5502803551019118	165.0
3.560281144834593	167.0
3.5702819345672743	169.0
3.580282724299956	173.0
3.5902835140326372	177.0
3.600284303765319	179.0
3.610285093498	183.0
3.6202858832306815	183.0
3.630286672963363	185.0
3.6402874626960444	185.0
3.650288252428726	185.0
3.6602890421614074	185.0
3.670289831894089	185.0
3.6802906216267703	183.0
3.6902914113594516	183.0
3.7002922010921333	183.0
3.7102929908248146	181.0
3.7202937805574963	181.0
3.7302945702901775	179.0
3.740295360022859	177.0
3.7502961497555405	173.0
3.7602969394882217	169.0
3.7702977292209034	163.0
3.7802985189535847	159.0
3.790299308686266	156.0
3.8003000984189477	154.0
3.810300888151629	152.0
3.8203016778843106	152.0
3.830302467616992	152.0
3.8403032573496736	152.0
3.850304047082355	154.0
3.860304836815036	154.0
3.870305626547718	156.0
3.880306416280399	156.0
3.8903072060130808	158.0
3.900307995745762	158.0
3.9103087854784433	158.0
3.920309575211125	158.0
3.9303103649438063	158.0
3.940311154676488	158.0
3.950311944409169	156.0
3.9603127341418505	156.0
3.970313523874532	156.0
3.9803143136072134	156.0
3.990315103339895	156.0
4.000315893072576	156.0
4.010316682805258	156.0
4.020317472537939	156.0
4.030318262270621	156.0
4.040319052003302	156.0
4.050319841735984	156.0
4.060320631468665	156.0
4.0703214212013465	156.0
4.080322210934028	156.0
4.090323000666709	156.0
4.100323790399391	154.0
4.1103245801320725	154.0
4.120325369864753	154.0
4.130326159597435	154.0
4.140326949330117	154.0
4.150327739062798	156.0
4.160328528795479	156.0
4.170329318528161	156.0
4.180330108260843	158.0
4.190330897993523	158.0
4.200331687726205	156.0
4.210332477458887	156.0
4.2203332671915685	154.0
4.230334056924249	152.0
4.240334846656931	152.0
4.250335636389613	152.0
4.260336426122294	156.0
4.270337215854975	167.0
4.280338005587657	179.0
4.290338795320338	190.0
4.3003395850530195	199.0
4.310340374785701	206.0
4.320341164518383	210.0
4.330341954251064	206.0
4.340342743983745	194.0
4.350343533716427	177.0
4.360344323449108	171.0
4.37034511318179	147.0
4.380345902914471	144.0
4.390346692647153	145.0
4.400347482379834	152.0
4.410348272112516	165.0
4.420349061845197	175.0
4.430349851577878	181.0
4.44035064131056	190.0
4.4503514310432415	194.0
4.460352220775922	194.0
4.470353010508604	192.0
4.480353800241286	185.0
4.490354589973967	177.0
4.500355379706648	169.0
4.51035616943933	156.0
4.520356959172012	152.0
4.5303577489046924	152.0
4.540358538637374	154.0
4.550359328370056	156.0
4.560360118102738	156.0
4.570360907835418	158.0
4.5803616975681	158.0
4.590362487300782	158.0
4.600363277033463	156.0
4.610364066766144	156.0
4.620364856498826	156.0
4.630365646231507	154.0
4.6403664359641885	154.0
4.65036722569687	154.0
4.660368015429552	154.0
4.670368805162233	156.0
4.680369594894914	156.0
4.690370384627596	159.0
4.700371174360277	163.0
4.710371964092959	167.0
4.72037275382564	169.0
4.730373543558322	171.0
4.740374333291003	169.0
4.750375123023685	165.0
4.760375912756366	156.0
4.770376702489047	149.0
4.780377492221729	142.0
4.7903782819544105	140.0
4.800379071687091	139.0
4.810379861419773	137.0
4.820380651152455	137.0
4.830381440885136	137.0
4.840382230617817	137.0
4.850383020350499	137.0
4.860383810083181	137.0
4.8703845998158615	137.0
4.880385389548543	137.0
4.890386179281225	137.0
4.900386969013906	137.0
4.910387758746587	137.0
4.920388548479269	139.0
4.930389338211951	139.0
4.940390127944632	139.0
4.950390917677313	139.0
4.960391707409995	139.0
4.970392497142676	139.0
4.9803932868753575	139.0
4.990394076608039	139.0
5.000394866340721	139.0
5.010395656073402	139.0
5.0203964458060835	139.0
5.030397235538765	139.0
5.040398025271446	139.0
5.050398815004128	139.0
5.060399604736809	139.0
5.07040039446949	139.0
5.080401184202172	139.0
5.090401973934854	139.0
5.100402763667535	139.0
5.110403553400216	139.0
5.120404343132898	139.0
5.1304051328655795	137.0
5.14040592259826	137.0
5.150406712330942	137.0
5.160407502063624	137.0
5.1704082917963055	137.0
5.180409081528986	139.0
5.190409871261668	139.0
5.20041066099435	140.0
5.2104114507270305	140.0
5.220412240459712	140.0
5.230413030192394	139.0
5.240413819925075	139.0
5.250414609657756	137.0
5.260415399390438	137.0
5.27041618912312	137.0
5.280416978855801	137.0
5.290417768588482	137.0
5.300418558321164	139.0
5.310419348053845	139.0
5.320420137786527	139.0
5.330420927519208	140.0
5.34042171725189	140.0
5.350422506984571	140.0
5.3604232967172525	140.0
5.370424086449934	140.0
5.380424876182615	140.0
5.390425665915297	139.0
5.400426455647978	137.0
5.410427245380659	136.0
5.420428035113341	134.0
5.430428824846023	132.0
5.440429614578704	132.0
5.450430404311385	134.0
5.460431194044067	137.0
5.4704319837767486	140.0
5.480432773509429	142.0
5.490433563242111	142.0
5.500434352974793	140.0
5.510435142707474	139.0
5.520435932440155	137.0
5.530436722172837	114.0
5.540437511905519	0.0
5.5504383016381995	0.0
5.560439091370881	0.0
5.570439881103563	0.0
5.580440670836244	0.0
5.590441460568925	0.0
5.600442250301607	0.0
5.610443040034289	0.0
5.62044382976697	0.0
5.630444619499651	0.0
5.640445409232333	0.0
5.650446198965014	0.0
5.660446988697696	0.0
5.670447778430377	0.0
5.680448568163058	0.0
5.69044935789574	0.0
5.7004501476284215	0.0
5.710450937361103	0.0
5.720451727093784	0.0
5.730452516826466	0.0
5.740453306559147	0.0
5.750454096291828	0.0
5.76045488602451	0.0
5.770455675757192	0.0
5.780456465489873	0.0
5.790457255222554	0.0
5.800458044955236	0.0
5.810458834687918	0.0
5.820459624420598	0.0
5.83046041415328	0.0
5.840461203885962	0.0
5.850461993618643	0.0
5.860462783351324	0.0
5.870463573084006	0.0
5.880464362816688	0.0
5.8904651525493685	0.0
5.90046594228205	0.0
5.910466732014732	0.0
5.920467521747413	0.0
5.9304683114800945	0.0
5.940469101212776	0.0
5.950469890945458	0.0
5.960470680678139	0.0
5.97047147041082	0.0
5.980472260143502	0.0
5.990473049876183	0.0
6.000473839608865	0.0
6.010474629341546	0.0
6.020475419074227	0.0
6.030476208806909	0.0
6.0404769985395905	0.0
6.050477788272272	0.0
6.060478578004953	0.0
6.070479367737635	0.0
6.0804801574703164	0.0
6.090480947202997	0.0
6.100481736935679	0.0
6.110482526668361	0.0
6.120483316401042	0.0
6.130484106133723	0.0
6.140484895866405	0.0
6.150485685599087	0.0
6.160486475331767	0.0
6.170487265064449	0.0
6.180488054797131	0.0
6.190488844529812	0.0
6.200489634262493	0.0
6.210490423995175	0.0
6.220491213727857	0.0
6.2304920034605376	0.0
6.240492793193219	0.0
6.250493582925901	0.0
6.260494372658582	0.0
6.2704951623912635	0.0
6.280495952123945	0.0
6.290496741856626	0.0
6.300497531589308	0.0
6.310498321321989	0.0
6.320499111054671	0.0
6.330499900787352	0.0
6.340500690520034	0.0
6.350501480252715	0.0
6.360502269985396	0.0
6.370503059718078	0.0
6.3805038494507595	0.0
6.390504639183441	0.0
6.400505428916122	0.0
6.410506218648804	0.0
6.4205070083814855	0.0
6.430507798114166	0.0
6.440508587846848	0.0
6.45050937757953	0.0
6.4605101673122105	0.0
6.470510957044892	0.0
6.480511746777574	0.0
6.490512536510256	0.0
6.500513326242936	0.0
6.510514115975618	0.0
6.5205149057083	0.0
6.530515695440981	0.0
6.540516485173662	0.0
6.550517274906344	0.0
6.560518064639026	0.0
6.570518854371707	0.0
6.580519644104388	0.0
6.59052043383707	0.0
6.600521223569751	0.0
6.6105220133024325	0.0
6.620522803035114	0.0
6.630523592767795	0.0
6.640524382500477	0.0
6.650525172233158	0.0
6.66052596196584	0.0
6.670526751698521	0.0
6.680527541431203	0.0
6.690528331163884	0.0
6.700529120896565	0.0
6.710529910629247	0.0
6.720530700361929	0.0
6.73053149009461	0.0
6.740532279827291	0.0
6.750533069559973	0.0
6.7605338592926545	0.0
6.770534649025335	0.0
6.780535438758017	0.0
6.790536228490699	0.0
6.8005370182233795	0.0
6.810537807956061	0.0
6.820538597688743	0.0
6.830539387421425	0.0
6.8405401771541055	0.0
6.850540966886787	0.0
6.860541756619469	0.0
6.87054254635215	0.0
6.880543336084831	0.0
6.890544125817513	0.0
6.900544915550195	0.0
6.910545705282876	0.0
6.920546495015557	0.0
6.930547284748239	0.0
6.94054807448092	0.0
6.9505488642136015	0.0
6.960549653946283	0.0
6.970550443678964	0.0
6.980551233411646	0.0
6.990552023144327	0.0
7.000552812877009	0.0
7.01055360260969	0.0
7.020554392342372	0.0
7.030555182075053	0.0
7.040555971807734	0.0
7.050556761540416	0.0
7.060557551273098	0.0
7.070558341005778	0.0
7.08055913073846	0.0
7.090559920471142	0.0
7.1005607102038235	0.0
7.110561499936504	0.0
7.120562289669186	0.0
7.130563079401868	0.0
7.1405638691345485	0.0
7.15056465886723	0.0
7.160565448599912	0.0
7.170566238332594	0.0
7.1805670280652745	0.0
7.190567817797956	0.0
7.200568607530638	0.0
7.210569397263319	0.0
7.220570186996	0.0
7.230570976728682	0.0
7.240571766461363	0.0
7.250572556194045	0.0
7.260573345926726	0.0
7.270574135659408	0.0
7.280574925392089	0.0
7.2905757151247705	0.0
7.300576504857452	0.0
7.310577294590133	0.0
7.320578084322815	0.0
7.3305788740554965	0.0
7.340579663788178	0.0
7.350580453520859	0.0
7.360581243253541	0.0
7.370582032986222	0.0
7.380582822718903	0.0
7.390583612451585	0.0
7.400584402184267	0.0
7.410585191916947	0.0
7.420585981649629	0.0
7.430586771382311	0.0
7.4405875611149925	0.0
7.450588350847673	0.0
7.460589140580355	0.0
7.470589930313037	0.0
7.480590720045718	0.0
7.490591509778399	0.0
7.500592299511081	0.0
7.510593089243763	0.0
7.5205938789764435	0.0
7.530594668709125	0.0
7.540595458441807	0.0
7.550596248174488	0.0
7.560597037907169	0.0
7.570597827639851	0.0
7.580598617372532	0.0
7.590599407105214	0.0
7.600600196837895	0.0
7.610600986570577	0.0
7.620601776303258	0.0
7.63060256603594	0.0
7.640603355768621	0.0
7.650604145501302	0.0
7.660604935233984	0.0
7.6706057249666655	0.0
7.680606514699347	0.0
7.690607304432028	0.0
7.70060809416471	0.0
7.710608883897391	0.0
7.720609673630072	0.0
7.730610463362754	0.0
7.740611253095436	0.0
7.750612042828116	0.0
7.760612832560798	0.0
7.77061362229348	0.0
7.7806144120261616	0.0
7.790615201758842	0.0
7.800615991491524	0.0
7.810616781224206	0.0
7.820617570956887	0.0
7.830618360689568	0.0
7.84061915042225	0.0
7.850619940154931	0.0
7.8606207298876125	0.0
7.870621519620294	0.0
7.880622309352976	0.0
7.890623099085657	0.0
7.900623888818338	0.0
7.91062467855102	0.0
7.920625468283701	0.0
7.930626258016383	0.0
7.940627047749064	0.0
7.950627837481746	0.0
7.960628627214427	0.0
7.970629416947109	0.0
7.98063020667979	0.0
7.990630996412471	0.0
8.000631786145153	0.0
8.010632575877834	0.0
8.020633365610516	0.0
8.030634155343197	0.0
8.040634945075878	0.0
8.05063573480856	0.0
8.060636524541241	0.0
8.070637314273922	0.0
8.080638104006605	0.0
8.090638893739285	0.0
8.100639683471968	0.0
8.110640473204649	0.0
8.12064126293733	0.0
8.130642052670012	0.0
8.140642842402693	0.0
8.150643632135374	0.0
8.160644421868056	0.0
8.170645211600737	0.0
8.180646001333418	0.0
8.1906467910661	0.0
8.200647580798782	0.0
8.210648370531462	0.0
8.220649160264145	0.0
8.230649949996826	0.0
8.240650739729507	0.0
8.25065152946219	0.0
8.26065231919487	0.0
8.270653108927553	0.0
8.280653898660233	0.0
8.290654688392914	0.0
8.300655478125597	0.0
8.310656267858278	0.0
8.320657057590958	0.0
8.330657847323641	0.0
8.340658637056322	0.0
8.350659426789003	0.0
8.360660216521685	0.0
8.370661006254366	0.0
8.380661795987047	0.0
8.39066258571973	0.0
8.40066337545241	0.0
8.410664165185091	0.0
8.420664954917774	0.0
8.430665744650454	0.0
8.440666534383137	0.0
8.450667324115818	0.0
8.460668113848499	0.0
8.470668903581181	0.0
8.480669693313862	0.0
8.490670483046543	0.0
8.500671272779226	0.0
8.510672062511906	0.0
8.520672852244587	0.0
8.53067364197727	0.0
8.54067443170995	0.0
8.550675221442631	0.0
8.560676011175314	0.0
8.570676800907995	0.0
8.580677590640676	0.0
8.590678380373358	0.0
8.600679170106039	0.0
8.610679959838722	0.0
8.620680749571402	0.0
8.630681539304083	0.0
8.640682329036766	0.0
8.650683118769447	0.0
8.660683908502127	0.0
8.67068469823481	0.0
8.68068548796749	0.0
8.690686277700172	0.0
8.700687067432854	0.0
8.710687857165535	0.0
8.720688646898216	0.0
8.730689436630898	0.0
8.74069022636358	0.0
8.75069101609626	0.0
8.760691805828943	0.0
8.770692595561624	0.0
8.780693385294306	0.0
8.790694175026987	0.0
8.800694964759668	0.0
8.81069575449235	0.0
8.820696544225031	0.0
8.830697333957712	0.0
8.840698123690395	0.0
8.850698913423075	0.0
8.860699703155756	0.0
8.870700492888439	0.0
8.88070128262112	0.0
8.8907020723538	0.0
8.900702862086483	0.0
8.910703651819164	0.0
8.920704441551845	0.0
8.930705231284527	0.0
8.940706021017208	0.0
8.95070681074989	0.0
8.960707600482571	0.0
8.970708390215252	0.0
8.980709179947935	0.0
8.990709969680616	0.0
9.000710759413296	0.0
9.010711549145979	0.0
9.02071233887866	0.0
9.03071312861134	0.0
9.040713918344023	0.0
9.050714708076704	0.0
9.060715497809385	0.0
9.070716287542067	0.0
9.080717077274748	0.0
9.09071786700743	0.0
9.100718656740112	0.0
9.110719446472793	0.0
9.120720236205475	0.0
9.130721025938156	0.0
9.140721815670837	0.0
9.15072260540352	0.0
9.1607233951362	0.0
9.170724184868881	0.0
9.180724974601564	0.0
9.190725764334244	0.0
9.200726554066925	0.0
9.210727343799608	0.0
9.220728133532289	0.0
9.23072892326497	0.0
9.240729712997652	0.0
9.250730502730333	0.0
9.260731292463014	0.0
9.270732082195696	0.0
9.280732871928377	0.0
9.29073366166106	0.0
9.30073445139374	0.0
9.310735241126421	0.0
9.320736030859104	0.0
9.330736820591785	0.0
9.340737610324465	0.0
9.350738400057148	0.0
9.360739189789829	0.0
9.37073997952251	0.0
9.380740769255192	0.0
9.390741558987873	0.0
9.400742348720554	0.0
9.410743138453237	0.0
9.420743928185917	0.0
9.430744717918598	0.0
9.44074550765128	0.0
9.450746297383962	0.0
9.460747087116644	0.0
9.470747876849325	0.0
9.480748666582006	0.0
9.490749456314688	0.0
9.50075024604737	0.0
9.51075103578005	0.0
9.520751825512733	0.0
9.530752615245413	0.0
9.540753404978094	0.0
9.550754194710777	0.0
9.560754984443458	0.0
9.570755774176138	0.0
9.580756563908821	0.0
9.590757353641502	0.0
9.600758143374183	0.0
9.610758933106865	0.0
9.620759722839546	0.0
9.630760512572227	0.0
9.64076130230491	0.0
9.65076209203759	0.0
9.660762881770273	0.0
9.670763671502954	0.0
9.680764461235634	0.0
9.690765250968317	0.0
9.700766040700998	0.0
9.710766830433679	0.0
9.720767620166361	0.0
9.730768409899042	0.0
9.740769199631723	0.0
9.750769989364406	0.0
9.760770779097086	0.0
9.770771568829767	0.0
9.78077235856245	0.0
9.79077314829513	0.0
9.800773938027811	0.0
9.810774727760494	0.0
9.820775517493175	0.0
9.830776307225857	0.0
9.840777096958538	0.0
9.850777886691219	0.0
9.860778676423902	0.0
9.870779466156582	0.0
9.880780255889263	0.0
9.890781045621946	0.0
9.900781835354627	0.0
9.910782625087307	0.0
9.92078341481999	0.0
9.93078420455267	0.0
9.940784994285352	0.0
9.950785784018034	0.0
9.960786573750715	0.0
9.970787363483396	0.0
9.980788153216078	0.0
9.99078894294876	0.0
10.000789732681442	0.0
10.010790522414123	0.0
10.020791312146804	0.0
10.030792101879486	0.0
10.040792891612167	0.0
10.050793681344848	0.0
10.06079447107753	0.0
10.070795260810211	0.0
10.080796050542892	0.0
10.090796840275575	0.0
10.100797630008255	0.0
10.110798419740936	0.0
10.120799209473619	0.0
10.1307999992063	0.0
10.14080078893898	0.0
10.150801578671663	0.0
10.160802368404344	0.0
10.170803158137026	0.0
10.180803947869707	0.0
10.190804737602388	0.0
10.20080552733507	0.0
10.210806317067751	0.0
10.220807106800432	0.0
10.230807896533115	0.0
10.240808686265796	0.0
10.250809475998476	0.0
10.260810265731159	0.0
10.27081105546384	0.0
10.28081184519652	0.0
10.290812634929203	0.0
10.300813424661884	0.0
10.310814214394565	0.0
10.320815004127248	0.0
10.330815793859928	0.0
10.340816583592611	0.0
10.350817373325292	0.0
10.360818163057973	0.0
10.370818952790655	0.0
10.380819742523336	0.0
10.390820532256017	0.0
10.4008213219887	0.0
10.41082211172138	0.0
10.420822901454061	0.0
10.430823691186744	0.0
10.440824480919424	0.0
10.450825270652105	183.0
10.460826060384788	185.0
10.470826850117469	185.0
10.48082763985015	185.0
10.490828429582832	185.0
10.500829219315513	183.0
10.510830009048195	179.0
10.520830798780876	175.0
10.530831588513557	171.0
10.54083237824624	169.0
10.55083316797892	167.0
10.560833957711601	165.0
10.570834747444284	165.0
10.580835537176965	163.0
10.590836326909645	163.0
10.600837116642328	161.0
10.610837906375009	159.0
10.62083869610769	158.0
10.630839485840372	158.0
10.640840275573053	156.0
10.650841065305734	156.0
10.660841855038417	154.0
10.670842644771097	154.0
10.68084343450378	154.0
10.69084422423646	154.0
10.700845013969142	158.0
10.710845803701824	161.0
10.720846593434505	167.0
10.730847383167186	171.0
10.740848172899868	173.0
10.75084896263255	175.0
10.76084975236523	177.0
10.770850542097913	179.0
10.780851331830593	177.0
10.790852121563274	175.0
10.800852911295957	171.0
10.810853701028638	167.0
10.820854490761318	165.0
10.830855280494001	161.0
10.840856070226682	159.0
10.850856859959364	159.0
10.860857649692045	159.0
10.870858439424726	161.0
10.880859229157409	163.0
10.89086001889009	165.0
10.90086080862277	169.0
10.910861598355453	171.0
10.920862388088134	171.0
10.930863177820815	171.0
10.940863967553497	171.0
10.950864757286178	167.0
10.960865547018859	163.0
10.970866336751541	159.0
10.980867126484222	158.0
10.990867916216903	158.0
11.000868705949586	158.0
11.010869495682266	159.0
11.020870285414947	161.0
11.03087107514763	161.0
11.04087186488031	161.0
11.050872654612993	161.0
11.060873444345674	159.0
11.070874234078355	158.0
11.080875023811037	156.0
11.090875813543718	154.0
11.100876603276399	156.0
11.110877393009082	158.0
11.120878182741762	159.0
11.130878972474443	161.0
11.140879762207126	167.0
11.150880551939807	179.0
11.160881341672487	183.0
11.17088213140517	187.0
11.18088292113785	187.0
11.190883710870532	185.0
11.200884500603214	181.0
11.210885290335895	179.0
11.220886080068578	175.0
11.230886869801258	173.0
11.24088765953394	173.0
11.250888449266622	173.0
11.260889238999303	173.0
11.270890028731984	173.0
11.280890818464666	173.0
11.290891608197347	173.0
11.300892397930028	173.0
11.31089318766271	173.0
11.320893977395391	173.0
11.330894767128072	173.0
11.340895556860755	173.0
11.350896346593435	173.0
11.360897136326116	171.0
11.370897926058799	171.0
11.38089871579148	171.0
11.390899505524162	171.0
11.400900295256843	171.0
11.410901084989524	171.0
11.420901874722206	171.0
11.430902664454887	173.0
11.440903454187568	173.0
11.45090424392025	173.0
11.460905033652931	175.0
11.470905823385612	175.0
11.480906613118295	173.0
11.490907402850976	173.0
11.500908192583656	173.0
11.510908982316339	173.0
11.52090977204902	173.0
11.5309105617817	173.0
11.540911351514383	173.0
11.550912141247064	173.0
11.560912930979747	175.0
11.570913720712428	175.0
11.580914510445108	175.0
11.590915300177791	175.0
11.600916089910472	175.0
11.610916879643153	175.0
11.620917669375835	173.0
11.630918459108516	173.0
11.640919248841197	173.0
11.65092003857388	171.0
11.66092082830656	171.0
11.670921618039241	171.0
11.680922407771924	171.0
11.690923197504604	173.0
11.700923987237285	173.0
11.710924776969968	173.0
11.720925566702649	173.0
11.730926356435331	175.0
11.740927146168012	175.0
11.750927935900693	175.0
11.760928725633375	173.0
11.770929515366056	173.0
11.780930305098737	173.0
11.79093109483142	173.0
11.8009318845641	173.0
11.810932674296781	173.0
11.820933464029464	173.0
11.830934253762145	173.0
11.840935043494826	173.0
11.850935833227508	173.0
11.860936622960189	171.0
11.87093741269287	171.0
11.880938202425552	169.0
11.890938992158233	167.0
11.900939781890916	167.0
11.910940571623597	165.0
11.920941361356277	167.0
11.93094215108896	169.0
11.94094294082164	173.0
11.950943730554322	177.0
11.960944520287004	181.0
11.970945310019685	183.0
11.980946099752366	183.0
11.990946889485048	183.0
12.00094767921773	183.0
12.01094846895041	181.0
12.020949258683093	179.0
12.030950048415773	179.0
12.040950838148454	181.0
12.050951627881137	183.0
12.060952417613818	190.0
12.0709532073465	194.0
12.080953997079181	203.0
12.090954786811862	208.0
12.100955576544544	210.0
12.110956366277225	213.0
12.120957156009906	215.0
12.130957945742589	215.0
12.14095873547527	213.0
12.15095952520795	213.0
12.160960314940633	210.0
12.170961104673314	208.0
12.180961894405995	206.0
12.190962684138677	206.0
12.200963473871358	206.0
12.210964263604039	206.0
12.220965053336721	206.0
12.230965843069402	208.0
12.240966632802085	213.0
12.250967422534766	226.0
12.260968212267446	250.0
12.270969002000129	262.0
12.28096979173281	272.0
12.29097058146549	272.0
12.300971371198173	262.0
12.310972160930854	250.0
12.320972950663535	228.0
12.330973740396217	215.0
12.340974530128898	199.0
12.350975319861579	196.0
12.360976109594262	199.0
12.370976899326942	203.0
12.380977689059623	213.0
12.390978478792306	218.0
12.400979268524987	226.0
12.41098005825767	226.0
12.42098084799035	223.0
12.43098163772303	213.0
12.440982427455713	196.0
12.450983217188394	187.0
12.460984006921075	183.0
12.470984796653758	181.0
12.480985586386439	183.0
12.49098637611912	185.0
12.500987165851802	187.0
12.510987955584483	187.0
12.520988745317164	187.0
12.530989535049846	185.0
12.540990324782527	183.0
12.550991114515208	177.0
12.56099190424789	173.0
12.570992693980571	171.0
12.580993483713252	169.0
12.590994273445935	171.0
12.600995063178615	173.0
12.610995852911298	177.0
12.620996642643979	179.0
12.63099743237666	181.0
12.640998222109342	185.0
12.650999011842023	185.0
12.660999801574704	187.0
12.671000591307386	185.0
12.681001381040067	185.0
12.691002170772748	185.0
12.70100296050543	183.0
12.711003750238111	183.0
12.721004539970792	183.0
12.731005329703475	185.0
12.741006119436156	185.0
12.751006909168837	185.0
12.761007698901519	185.0
12.7710084886342	183.0
12.781009278366882	183.0
12.791010068099563	183.0
12.801010857832244	183.0
12.811011647564927	183.0
12.821012437297608	183.0
12.831013227030288	183.0
12.841014016762971	183.0
12.851014806495652	183.0
12.861015596228333	185.0
12.871016385961015	185.0
12.881017175693696	185.0
12.891017965426377	185.0
12.90101875515906	185.0
12.91101954489174	185.0
12.921020334624421	185.0
12.931021124357104	185.0
12.941021914089784	185.0
12.951022703822467	185.0
12.961023493555148	185.0
12.971024283287829	185.0
12.981025073020511	185.0
12.991025862753192	183.0
13.001026652485873	183.0
13.011027442218555	181.0
13.021028231951236	181.0
13.031029021683917	181.0
13.0410298114166	183.0
13.05103060114928	183.0
13.061031390881961	183.0
13.071032180614644	183.0
13.081032970347325	183.0
13.091033760080006	183.0
13.101034549812688	183.0
13.111035339545369	183.0
13.121036129278052	183.0
13.131036919010732	185.0
13.141037708743413	185.0
13.151038498476096	185.0
13.161039288208777	185.0
13.171040077941457	183.0
13.18104086767414	183.0
13.19104165740682	183.0
13.201042447139502	183.0
13.211043236872184	183.0
13.221044026604865	183.0
13.231044816337546	183.0
13.241045606070228	183.0
13.25104639580291	183.0
13.26104718553559	183.0
13.271047975268273	185.0
13.281048765000953	185.0
13.291049554733636	185.0
13.301050344466317	183.0
13.311051134198998	183.0
13.32105192393168	183.0
13.331052713664361	183.0
13.341053503397042	0.0
13.351054293129724	0.0
13.361055082862405	0.0
13.371055872595086	0.0
13.381056662327769	0.0
13.39105745206045	0.0
13.40105824179313	0.0
13.411059031525813	0.0
13.421059821258494	0.0
13.431060610991175	0.0
13.441061400723857	0.0
13.451062190456538	0.0
13.46106298018922	0.0
13.471063769921901	0.0
13.481064559654582	0.0
13.491065349387265	0.0
13.501066139119946	0.0
13.511066928852626	0.0
13.521067718585309	0.0
13.53106850831799	0.0
13.54106929805067	0.0
13.551070087783353	0.0
13.561070877516034	0.0
13.571071667248715	0.0
13.581072456981397	0.0
13.591073246714078	0.0
13.601074036446759	0.0
13.611074826179442	0.0
13.621075615912122	0.0
13.631076405644805	0.0
13.641077195377486	0.0
13.651077985110167	0.0
13.66107877484285	226.0
13.67107956457553	226.0
13.681080354308211	220.0
13.691081144040893	213.0
13.701081933773574	0.0
13.711082723506255	0.0
13.721083513238938	0.0
13.731084302971619	0.0
13.7410850927043	0.0
13.751085882436982	0.0
13.761086672169663	0.0
13.771087461902344	0.0
13.781088251635026	0.0
13.791089041367707	0.0
13.80108983110039	0.0
13.81109062083307	0.0
13.821091410565751	0.0
13.831092200298434	0.0
13.841092990031115	0.0
13.851093779763795	0.0
13.861094569496478	0.0
13.871095359229159	0.0
13.88109614896184	0.0
13.891096938694522	0.0
13.901097728427203	0.0
13.911098518159884	0.0
13.921099307892566	0.0
13.931100097625247	0.0
13.941100887357928	0.0
13.95110167709061	0.0
13.961102466823291	0.0
13.971103256555972	0.0
13.981104046288655	0.0
13.991104836021336	0.0
14.001105625754018	0.0
14.011106415486699	0.0
14.02110720521938	0.0
14.031107994952063	0.0
14.041108784684743	0.0
14.051109574417424	0.0
14.061110364150107	0.0
14.071111153882788	0.0
14.081111943615468	0.0
14.091112733348151	0.0
14.101113523080832	0.0
14.111114312813513	0.0
14.121115102546195	0.0
14.131115892278876	0.0
14.141116682011557	0.0
14.15111747174424	0.0
14.16111826147692	0.0
14.171119051209603	0.0
14.181119840942284	0.0
14.191120630674964	0.0
14.201121420407647	0.0
14.211122210140328	0.0
14.221122999873009	0.0
14.231123789605691	0.0
14.241124579338372	0.0
14.251125369071053	0.0
14.261126158803735	0.0
14.271126948536416	0.0
14.281127738269097	0.0
14.29112852800178	0.0
14.30112931773446	0.0
14.311130107467141	0.0
14.321130897199824	0.0
14.331131686932505	0.0
14.341132476665187	0.0
14.351133266397868	0.0
14.361134056130549	0.0
14.371134845863232	0.0
14.381135635595912	0.0
14.391136425328593	0.0
14.401137215061276	0.0
14.411138004793957	0.0
14.421138794526637	0.0
14.43113958425932	0.0
14.441140373992	0.0
14.451141163724682	0.0
14.461141953457364	0.0
14.471142743190045	0.0
14.481143532922726	0.0
14.491144322655408	0.0
14.50114511238809	0.0
14.511145902120772	0.0
14.521146691853453	0.0
14.531147481586133	0.0
14.541148271318816	0.0
14.551149061051497	0.0
14.561149850784178	0.0
14.57115064051686	0.0
14.581151430249541	0.0
14.591152219982222	0.0
14.601153009714904	0.0
14.611153799447585	0.0
14.621154589180266	0.0
14.631155378912949	0.0
14.64115616864563	0.0
14.65115695837831	0.0
14.661157748110993	0.0
14.671158537843674	0.0
14.681159327576356	0.0
14.691160117309037	0.0
14.701160907041718	0.0
14.7111616967744	0.0
14.721162486507081	0.0
14.731163276239762	0.0
14.741164065972445	0.0
14.751164855705126	0.0
14.761165645437806	0.0
14.771166435170489	0.0
14.78116722490317	0.0
14.79116801463585	0.0
14.801168804368533	0.0
14.811169594101214	0.0
14.821170383833895	0.0
14.831171173566577	0.0
14.841171963299258	0.0
14.85117275303194	0.0
14.861173542764622	0.0
14.871174332497302	0.0
14.881175122229985	0.0
14.891175911962666	0.0
14.901176701695347	0.0
14.91117749142803	0.0
14.92117828116071	0.0
14.931179070893391	0.0
14.941179860626074	0.0
14.951180650358754	0.0
14.961181440091435	0.0
14.971182229824118	0.0
14.981183019556799	0.0
14.99118380928948	0.0
15.001184599022162	0.0
15.011185388754843	0.0
15.021186178487525	0.0
15.031186968220206	0.0
15.041187757952887	0.0
15.05118854768557	0.0
15.06118933741825	0.0
15.071190127150931	0.0
15.081190916883614	0.0
15.091191706616295	0.0
15.101192496348975	0.0
15.111193286081658	0.0
15.121194075814339	0.0
15.13119486554702	0.0
15.141195655279702	0.0
15.151196445012383	0.0
15.161197234745064	0.0
15.171198024477746	0.0
15.181198814210427	0.0
15.19119960394311	0.0
15.20120039367579	0.0
15.211201183408471	0.0
15.221201973141154	0.0
15.231202762873835	0.0
15.241203552606516	0.0
15.251204342339198	0.0
15.26120513207188	0.0
15.27120592180456	0.0
15.281206711537243	0.0
15.291207501269923	0.0
15.301208291002604	0.0
15.311209080735287	0.0
15.321209870467968	0.0
15.331210660200648	0.0
15.341211449933331	0.0
15.351212239666012	0.0
15.361213029398694	0.0
15.371213819131375	0.0
15.381214608864056	0.0
15.391215398596739	0.0
15.40121618832942	0.0
15.4112169780621	0.0
15.421217767794783	0.0
15.431218557527464	0.0
15.441219347260144	0.0
15.451220136992827	0.0
15.461220926725508	0.0
15.471221716458189	0.0
15.481222506190871	0.0
15.491223295923552	0.0
15.501224085656233	0.0
15.511224875388915	0.0
15.521225665121596	0.0
15.531226454854277	0.0
15.54122724458696	0.0
15.55122803431964	0.0
15.561228824052323	0.0
15.571229613785004	0.0
15.581230403517685	0.0
15.591231193250367	0.0
15.601231982983048	0.0
15.611232772715729	0.0
15.621233562448412	0.0
15.631234352181092	0.0
15.641235141913773	0.0
15.651235931646456	0.0
15.661236721379137	0.0
15.671237511111817	0.0
15.6812383008445	0.0
15.69123909057718	0.0
15.701239880309862	0.0
15.711240670042544	0.0
15.721241459775225	0.0
15.731242249507908	0.0
15.741243039240588	0.0
15.75124382897327	0.0
15.761244618705952	0.0
15.771245408438633	0.0
15.781246198171313	0.0
15.791246987903996	0.0
15.801247777636677	0.0
15.811248567369358	0.0
15.82124935710204	0.0
15.831250146834721	0.0
15.841250936567402	0.0
15.851251726300084	0.0
15.861252516032765	0.0
15.871253305765446	0.0
15.881254095498129	0.0
15.89125488523081	0.0
15.901255674963492	0.0
15.911256464696173	0.0
15.921257254428854	0.0
15.931258044161536	0.0
15.941258833894217	0.0
15.951259623626898	0.0
15.96126041335958	0.0
15.971261203092261	0.0
15.981261992824942	0.0
15.991262782557625	0.0
16.001263572290306	0.0
16.011264362022988	0.0
16.021265151755667	0.0
16.03126594148835	0.0
16.041266731221032	0.0
16.05126752095371	0.0
16.061268310686394	0.0
16.071269100419077	0.0
16.081269890151756	0.0
16.09127067988444	0.0
16.10127146961712	0.0
16.1112722593498	0.0
16.121273049082482	0.0
16.131273838815165	0.0
16.141274628547844	0.0
16.151275418280527	0.0
16.16127620801321	0.0
16.171276997745892	0.0
16.18127778747857	0.0
16.191278577211254	0.0
16.201279366943936	0.0
16.211280156676615	0.0
16.221280946409298	0.0
16.23128173614198	0.0
16.24128252587466	0.0
16.251283315607342	0.0
16.261284105340025	0.0
16.271284895072704	0.0
16.281285684805386	0.0
16.29128647453807	0.0
16.301287264270748	0.0
16.31128805400343	0.0
16.321288843736113	0.0
16.331289633468792	0.0
16.341290423201475	0.0
16.351291212934157	0.0
16.361292002666836	0.0
16.37129279239952	0.0
16.3812935821322	0.0
16.39129437186488	0.0
16.401295161597563	0.0
16.411295951330246	0.0
16.421296741062925	0.0
16.431297530795607	0.0
16.44129832052829	0.0
16.45129911026097	0.0
16.46129989999365	0.0
16.471300689726334	0.0
16.481301479459013	0.0
16.491302269191696	0.0
16.50130305892438	0.0
16.51130384865706	0.0
16.52130463838974	0.0
16.531305428122423	0.0
16.541306217855105	0.0
16.551307007587784	0.0
16.561307797320467	0.0
16.57130858705315	0.0
16.58130937678583	0.0
16.59131016651851	0.0
16.601310956251194	0.0
16.611311745983873	0.0
16.621312535716555	0.0
16.631313325449238	0.0
16.641314115181917	0.0
16.6513149049146	0.0
16.661315694647282	0.0
16.67131648437996	0.0
16.681317274112644	0.0
16.691318063845326	0.0
16.701318853578005	0.0
16.711319643310688	0.0
16.72132043304337	0.0
16.73132122277605	0.0
16.741322012508732	0.0
16.751322802241415	0.0
16.761323591974094	0.0
16.771324381706776	0.0
16.78132517143946	0.0
16.791325961172138	0.0
16.80132675090482	0.0
16.811327540637503	0.0
16.821328330370182	0.0
16.831329120102865	0.0
16.841329909835547	0.0
16.85133069956823	0.0
16.86133148930091	0.0
16.87133227903359	0.0
16.881333068766274	0.0
16.891333858498953	0.0
16.901334648231636	0.0
16.91133543796432	0.0
16.921336227696997	0.0
16.93133701742968	0.0
16.941337807162363	0.0
16.95133859689504	0.0
16.961339386627724	0.0
16.971340176360407	0.0
16.981340966093086	0.0
16.99134175582577	0.0
17.00134254555845	0.0
17.01134333529113	0.0
17.021344125023813	0.0
17.031344914756495	0.0
17.041345704489174	0.0
17.051346494221857	0.0
17.06134728395454	0.0
17.07134807368722	0.0
17.0813488634199	0.0
17.091349653152584	0.0
17.101350442885263	0.0
17.111351232617945	0.0
17.121352022350628	0.0
17.131352812083307	0.0
17.14135360181599	0.0
17.151354391548672	0.0
17.16135518128135	0.0
17.171355971014034	0.0
17.181356760746716	0.0
17.1913575504794	0.0
17.201358340212078	0.0
17.21135912994476	0.0
17.221359919677443	0.0
17.231360709410122	0.0
17.241361499142805	0.0
17.251362288875487	0.0
17.261363078608166	0.0
17.27136386834085	0.0
17.28136465807353	0.0
17.29136544780621	0.0
17.301366237538893	0.0
17.311367027271576	0.0
17.321367817004255	0.0
17.331368606736937	0.0
17.34136939646962	0.0
17.3513701862023	0.0
17.36137097593498	0.0
17.371371765667664	0.0
17.381372555400343	0.0
17.391373345133026	0.0
17.40137413486571	0.0
17.411374924598388	0.0
17.42137571433107	0.0
17.431376504063753	0.0
17.44137729379643	0.0
17.451378083529114	0.0
17.461378873261797	0.0
17.471379662994476	0.0
17.48138045272716	0.0
17.49138124245984	0.0
17.50138203219252	0.0
17.511382821925203	0.0
17.521383611657885	0.0
17.531384401390568	0.0
17.541385191123247	0.0
17.55138598085593	0.0
17.561386770588612	0.0
17.57138756032129	0.0
17.581388350053974	0.0
17.591389139786656	0.0
17.601389929519335	0.0
17.611390719252018	0.0
17.6213915089847	0.0
17.63139229871738	0.0
17.641393088450062	0.0
17.651393878182745	0.0
17.661394667915424	0.0
17.671395457648106	0.0
17.68139624738079	0.0
17.691397037113468	0.0
17.70139782684615	0.0
17.711398616578833	0.0
17.721399406311512	0.0
17.731400196044195	0.0
17.741400985776878	0.0
17.751401775509557	0.0
17.76140256524224	0.0
17.77140335497492	0.0
17.7814041447076	0.0
17.791404934440283	0.0
17.801405724172966	0.0
17.811406513905645	0.0
17.821407303638328	0.0
17.83140809337101	0.0
17.84140888310369	0.0
17.851409672836372	0.0
17.861410462569054	0.0
17.871411252301733	0.0
17.881412042034416	0.0
17.8914128317671	0.0
17.90141362149978	0.0
17.91141441123246	0.0
17.921415200965143	0.0
17.931415990697825	0.0
17.941416780430504	0.0
17.951417570163187	0.0
17.96141835989587	0.0
17.97141914962855	0.0
17.98141993936123	0.0
17.991420729093914	0.0
18.001421518826593	0.0
18.011422308559276	0.0
18.021423098291958	0.0
18.031423888024637	0.0
18.04142467775732	0.0
18.051425467490002	0.0
18.06142625722268	0.0
18.071427046955364	0.0
18.081427836688047	0.0
18.091428626420726	0.0
18.101429416153408	0.0
18.11143020588609	0.0
18.12143099561877	0.0
18.131431785351452	0.0
18.141432575084135	0.0
18.151433364816814	0.0
18.161434154549497	0.0
18.17143494428218	0.0
18.18143573401486	0.0
18.19143652374754	0.0
18.201437313480223	0.0
18.211438103212902	0.0
18.221438892945585	0.0
18.231439682678268	0.0
18.24144047241095	0.0
18.25144126214363	0.0
18.261442051876312	0.0
18.271442841608994	0.0
18.281443631341673	0.0
18.291444421074356	0.0
18.30144521080704	0.0
18.311446000539718	0.0
18.3214467902724	0.0
18.331447580005083	0.0
18.341448369737762	0.0
18.351449159470445	0.0
18.361449949203127	0.0
18.371450738935806	0.0
18.38145152866849	0.0
18.39145231840117	0.0
18.40145310813385	0.0
18.411453897866533	0.0
18.421454687599216	0.0
18.431455477331895	0.0
18.441456267064577	0.0
18.45145705679726	0.0
18.46145784652994	0.0
18.47145863626262	0.0
18.481459425995304	0.0
18.491460215727983	0.0
18.501461005460666	0.0
18.511461795193348	0.0
18.521462584926027	0.0
18.53146337465871	0.0
18.541464164391392	0.0
18.55146495412407	0.0
18.561465743856754	0.0
18.571466533589437	0.0
18.58146732332212	0.0
18.5914681130548	0.0
18.60146890278748	0.0
18.611469692520163	0.0
18.621470482252843	0.0
18.631471271985525	0.0
18.641472061718208	0.0
18.651472851450887	0.0
18.66147364118357	0.0
18.671474430916252	0.0
18.68147522064893	0.0
18.691476010381614	0.0
18.701476800114296	0.0
18.711477589846975	0.0
18.721478379579658	0.0
18.73147916931234	0.0
18.74147995904502	0.0
18.751480748777702	0.0
18.761481538510385	0.0
18.771482328243064	0.0
18.781483117975746	0.0
18.79148390770843	0.0
18.801484697441108	0.0
18.81148548717379	0.0
18.821486276906473	0.0
18.831487066639152	0.0
18.841487856371835	0.0
18.851488646104517	0.0
18.861489435837196	0.0
18.87149022556988	0.0
18.88149101530256	0.0
18.89149180503524	0.0
18.901492594767923	0.0
18.911493384500606	0.0
18.92149417423329	0.0
18.931494963965967	0.0
18.94149575369865	0.0
18.951496543431332	0.0
18.96149733316401	0.0
18.971498122896694	0.0
18.981498912629377	0.0
18.991499702362056	0.0
19.00150049209474	0.0
19.01150128182742	0.0
19.0215020715601	0.0
19.031502861292783	0.0
19.041503651025465	0.0
19.051504440758144	0.0
19.061505230490827	0.0
19.07150602022351	0.0
19.08150680995619	0.0
19.09150759968887	0.0
19.101508389421554	0.0
19.111509179154233	0.0
19.121509968886915	0.0
19.131510758619598	0.0
19.141511548352277	218.0
19.15151233808496	210.0
19.161513127817642	210.0
19.17151391755032	210.0
19.181514707283004	210.0
19.191515497015686	210.0
19.201516286748365	210.0
19.211517076481048	210.0
19.22151786621373	208.0
19.23151865594641	208.0
19.241519445679092	208.0
19.251520235411775	208.0
19.261521025144454	206.0
19.271521814877136	203.0
19.28152260460982	203.0
19.2915233943425	201.0
19.30152418407518	201.0
19.311524973807863	201.0
19.321525763540546	201.0
19.331526553273225	203.0
19.341527343005907	203.0
19.35152813273859	203.0
19.36152892247127	203.0
19.37152971220395	203.0
19.381530501936634	203.0
19.391531291669313	203.0
19.401532081401996	203.0
19.41153287113468	203.0
19.421533660867357	203.0
19.43153445060004	203.0
19.441535240332723	203.0
19.4515360300654	203.0
19.461536819798084	203.0
19.471537609530767	203.0
19.481538399263446	201.0
19.49153918899613	203.0
19.50153997872881	203.0
19.51154076846149	203.0
19.521541558194173	206.0
19.531542347926855	206.0
19.541543137659534	206.0
19.551543927392217	206.0
19.5615447171249	206.0
19.57154550685758	206.0
19.58154629659026	206.0
19.591547086322944	206.0
19.601547876055623	206.0
19.611548665788305	206.0
19.621549455520988	206.0
19.63155024525367	206.0
19.64155103498635	206.0
19.651551824719032	206.0
19.661552614451715	208.0
19.671553404184394	208.0
19.681554193917076	208.0
19.69155498364976	208.0
19.701555773382438	208.0
19.71155656311512	0.0
19.721557352847803	0.0
19.731558142580482	0.0
19.741558932313165	208.0
19.751559722045847	208.0
19.761560511778526	208.0
19.77156130151121	208.0
19.78156209124389	208.0
19.79156288097657	208.0
19.801563670709253	208.0
19.811564460441936	210.0
19.821565250174615	210.0
19.831566039907297	210.0
19.84156682963998	210.0
19.85156761937266	210.0
19.86156840910534	208.0
19.871569198838024	208.0
19.881569988570703	208.0
19.891570778303386	208.0
19.90157156803607	208.0
19.911572357768748	208.0
19.92157314750143	208.0
19.931573937234113	208.0
19.941574726966792	208.0
19.951575516699474	208.0
19.961576306432157	208.0
19.97157709616484	208.0
19.98157788589752	208.0
19.9915786756302	208.0
20.001579465362884	208.0
20.011580255095563	208.0
20.021581044828245	208.0
20.031581834560928	208.0
20.041582624293607	208.0
20.05158341402629	208.0
20.061584203758972	208.0
20.07158499349165	208.0
20.081585783224334	208.0
20.091586572957016	208.0
20.101587362689695	208.0
20.111588152422378	208.0
20.12158894215506	208.0
20.13158973188774	208.0
20.141590521620422	208.0
20.151591311353105	208.0
20.161592101085784	208.0
20.171592890818467	208.0
20.18159368055115	208.0
20.191594470283828	208.0
20.20159526001651	208.0
20.211596049749193	208.0
20.221596839481872	208.0
20.231597629214555	208.0
20.241598418947238	208.0
20.251599208679917	208.0
20.2615999984126	208.0
20.27160078814528	206.0
20.28160157787796	206.0
20.291602367610643	206.0
20.301603157343326	206.0
20.31160394707601	208.0
20.321604736808688	208.0
20.33160552654137	208.0
20.341606316274053	208.0
20.351607106006732	208.0
20.361607895739414	208.0
20.371608685472097	208.0
20.381609475204776	208.0
20.39161026493746	208.0
20.40161105467014	206.0
20.41161184440282	206.0
20.421612634135503	206.0
20.431613423868185	206.0
20.441614213600865	206.0
20.451615003333547	206.0
20.46161579306623	206.0
20.47161658279891	208.0
20.48161737253159	208.0
20.491618162264274	208.0
20.501618951996953	208.0
20.511619741729636	208.0
20.521620531462318	206.0
20.531621321194997	206.0
20.54162211092768	206.0
20.551622900660362	206.0
20.56162369039304	206.0
20.571624480125724	206.0
20.581625269858407	206.0
20.591626059591086	206.0
20.601626849323768	206.0
20.61162763905645	206.0
20.62162842878913	206.0
20.631629218521812	208.0
20.641630008254495	208.0
20.651630797987174	208.0
20.661631587719857	208.0
20.67163237745254	208.0
20.681633167185222	208.0
20.6916339569179	208.0
20.701634746650583	208.0
20.711635536383266	208.0
20.721636326115945	208.0
20.731637115848628	208.0
20.74163790558131	208.0
20.75163869531399	208.0
20.761639485046672	208.0
20.771640274779354	208.0
20.781641064512034	208.0
20.791641854244716	208.0
20.8016426439774	208.0
20.811643433710078	208.0
20.82164422344276	208.0
20.831645013175443	208.0
20.841645802908122	206.0
20.851646592640805	206.0
20.861647382373487	206.0
20.871648172106166	206.0
20.88164896183885	206.0
20.89164975157153	206.0
20.90165054130421	206.0
20.911651331036893	206.0
20.921652120769576	206.0
20.931652910502255	206.0
20.941653700234937	206.0
20.95165448996762	208.0
20.9616552797003	208.0
20.97165606943298	208.0
20.981656859165664	208.0
20.991657648898343	208.0
21.001658438631026	208.0
21.01165922836371	206.0
21.02166001809639	206.0
21.03166080782907	206.0
21.041661597561752	206.0
21.051662387294435	206.0
21.061663177027114	208.0
21.071663966759797	208.0
21.08166475649248	208.0
21.09166554622516	208.0
21.10166633595784	208.0
21.111667125690524	208.0
21.121667915423203	208.0
21.131668705155885	206.0
21.141669494888568	206.0
21.151670284621247	206.0
21.16167107435393	206.0
21.171671864086612	206.0
21.18167265381929	206.0
21.191673443551974	208.0
21.201674233284656	208.0
21.211675023017335	208.0
21.221675812750018	208.0
21.2316766024827	208.0
21.24167739221538	210.0
21.251678181948062	210.0
21.261678971680745	210.0
21.271679761413424	210.0
21.281680551146106	208.0
21.29168134087879	208.0
21.301682130611468	208.0
21.31168292034415	208.0
21.321683710076833	206.0
21.331684499809512	206.0
21.341685289542195	206.0
21.351686079274877	206.0
21.36168686900756	206.0
21.37168765874024	206.0
21.38168844847292	208.0
21.391689238205604	208.0
21.401690027938283	208.0
21.411690817670966	208.0
21.42169160740365	208.0
21.431692397136327	208.0
21.44169318686901	208.0
21.451693976601693	0.0
21.46169476633437	0.0
21.471695556067054	208.0
21.481696345799737	208.0
21.491697135532416	208.0
21.5016979252651	208.0
21.51169871499778	208.0
21.52169950473046	208.0
21.531700294463143	208.0
21.541701084195825	208.0
21.551701873928504	208.0
21.561702663661187	208.0
21.57170345339387	208.0
21.58170424312655	210.0
21.59170503285923	210.0
21.601705822591914	210.0
21.611706612324593	210.0
21.621707402057275	210.0
21.631708191789958	208.0
21.641708981522637	208.0
21.65170977125532	208.0
21.661710560988002	208.0
21.67171135072068	210.0
21.681712140453364	210.0
21.691712930186046	210.0
21.70171371991873	210.0
21.711714509651408	210.0
21.72171529938409	210.0
21.731716089116773	208.0
21.741716878849452	210.0
21.751717668582135	210.0
21.761718458314817	208.0
21.771719248047496	208.0
21.78172003778018	208.0
21.79172082751286	208.0
21.80172161724554	208.0
21.811722406978223	208.0
21.821723196710906	208.0
21.831723986443585	208.0
21.841724776176267	208.0
21.85172556590895	208.0
21.86172635564163	208.0
21.87172714537431	208.0
21.881727935106994	208.0
21.891728724839673	208.0
21.901729514572356	208.0
21.91173030430504	208.0
21.921731094037717	208.0
21.9317318837704	208.0
21.941732673503083	208.0
21.95173346323576	210.0
21.961734252968444	210.0
21.971735042701127	210.0
21.981735832433806	210.0
21.99173662216649	210.0
22.00173741189917	208.0
22.01173820163185	208.0
22.021738991364533	208.0
22.031739781097215	208.0
22.041740570829894	208.0
22.051741360562577	208.0
22.06174215029526	208.0
22.071742940027942	208.0
22.08174372976062	208.0
22.091744519493304	412.0
22.101745309225986	208.0
22.111746098958665	208.0
22.121746888691348	208.0
22.13174767842403	208.0
22.14174846815671	412.0
22.151749257889392	412.0
22.161750047622075	0.0
22.171750837354754	0.0
22.181751627087436	0.0
22.19175241682012	210.0
22.201753206552798	210.0
22.21175399628548	208.0
22.221754786018163	208.0
22.231755575750842	208.0
22.241756365483525	208.0
22.251757155216207	208.0
22.261757944948886	208.0
22.27175873468157	208.0
22.28175952441425	208.0
22.29176031414693	208.0
22.301761103879613	208.0
22.311761893612296	208.0
22.321762683344975	208.0
22.331763473077658	208.0
22.34176426281034	208.0
22.35176505254302	208.0
22.3617658422757	208.0
22.371766632008384	0.0
22.381767421741063	0.0
22.391768211473746	0.0
22.40176900120643	0.0
22.41176979093911	0.0
22.42177058067179	0.0
22.431771370404473	0.0
22.441772160137155	0.0
22.451772949869834	0.0
22.461773739602517	0.0
22.4717745293352	0.0
22.48177531906788	0.0
22.49177610880056	0.0
22.501776898533244	0.0
22.511777688265923	0.0
22.521778477998605	0.0
22.531779267731288	0.0
22.541780057463967	0.0
22.55178084719665	0.0
22.561781636929332	0.0
22.57178242666201	0.0
22.581783216394694	0.0
22.591784006127376	0.0
22.601784795860056	0.0
22.611785585592738	0.0
22.62178637532542	0.0
22.6317871650581	0.0
22.641787954790782	0.0
22.651788744523465	0.0
22.661789534256144	0.0
22.671790323988827	0.0
22.68179111372151	0.0
22.691791903454188	0.0
22.70179269318687	0.0
22.711793482919553	0.0
22.721794272652232	0.0
22.731795062384915	0.0
22.741795852117598	0.0
22.75179664185028	0.0
22.76179743158296	0.0
22.771798221315642	0.0
22.781799011048324	0.0
22.791799800781003	0.0
22.801800590513686	0.0
22.81180138024637	0.0
22.821802169979048	0.0
22.83180295971173	0.0
22.841803749444413	0.0
22.851804539177092	0.0
22.861805328909774	0.0
22.871806118642457	0.0
22.881806908375136	0.0
22.89180769810782	0.0
22.9018084878405	0.0
22.91180927757318	0.0
22.921810067305863	0.0
22.931810857038545	0.0
22.941811646771225	0.0
22.951812436503907	0.0
22.96181322623659	0.0
22.97181401596927	0.0
22.98181480570195	0.0
22.991815595434634	0.0
23.001816385167313	0.0
23.011817174899996	0.0
23.021817964632678	0.0
23.031818754365357	0.0
23.04181954409804	0.0
23.051820333830722	0.0
23.0618211235634	0.0
23.071821913296084	0.0
23.081822703028767	0.0
23.09182349276145	0.0
23.10182428249413	0.0
23.11182507222681	0.0
23.121825861959493	0.0
23.131826651692172	0.0
23.141827441424855	0.0
23.151828231157538	0.0
23.161829020890217	0.0
23.1718298106229	0.0
23.181830600355582	0.0
23.19183139008826	0.0
23.201832179820943	0.0
23.211832969553626	0.0
23.221833759286305	0.0
23.231834549018988	0.0
23.24183533875167	0.0
23.25183612848435	0.0
23.261836918217032	0.0
23.271837707949715	0.0
23.281838497682394	0.0
23.291839287415076	0.0
23.30184007714776	0.0
23.311840866880438	0.0
23.32184165661312	0.0
23.331842446345803	0.0
23.341843236078482	0.0
23.351844025811165	0.0
23.361844815543847	0.0
23.371845605276526	0.0
23.38184639500921	0.0
23.39184718474189	0.0
23.40184797447457	0.0
23.411848764207253	0.0
23.421849553939936	0.0
23.431850343672615	0.0
23.441851133405297	0.0
23.45185192313798	0.0
23.461852712870662	0.0
23.47185350260334	0.0
23.481854292336024	0.0
23.491855082068707	0.0
23.501855871801386	0.0
23.51185666153407	0.0
23.52185745126675	0.0
23.53185824099943	0.0
23.541859030732113	0.0
23.551859820464795	0.0
23.561860610197474	0.0
23.571861399930157	0.0
23.58186218966284	0.0
23.59186297939552	0.0
23.6018637691282	0.0
23.611864558860884	0.0
23.621865348593563	0.0
23.631866138326245	0.0
23.641866928058928	0.0
23.651867717791607	0.0
23.66186850752429	0.0
23.671869297256972	0.0
23.68187008698965	0.0
23.691870876722334	0.0
23.701871666455016	0.0
23.711872456187695	0.0
23.721873245920378	0.0
23.73187403565306	0.0
23.74187482538574	0.0
23.751875615118422	0.0
23.761876404851105	0.0
23.771877194583784	0.0
23.781877984316466	0.0
23.79187877404915	0.0
23.80187956378183	0.0
23.81188035351451	0.0
23.821881143247193	0.0
23.831881932979876	0.0
23.841882722712555	0.0
23.851883512445237	0.0
23.86188430217792	0.0
23.8718850919106	0.0
23.88188588164328	0.0
23.891886671375964	0.0
23.901887461108643	169.0
23.911888250841326	167.0
23.92188904057401	165.0
23.931889830306687	165.0
23.94189062003937	165.0
23.951891409772053	169.0
23.96189219950473	173.0
23.971892989237414	177.0
23.981893778970097	183.0
23.991894568702776	190.0
24.00189535843546	199.0
24.01189614816814	203.0
24.02189693790082	208.0
24.031897727633503	213.0
24.041898517366185	213.0
24.051899307098864	210.0
24.061900096831547	208.0
24.07190088656423	201.0
24.08190167629691	196.0
24.09190246602959	190.0
24.101903255762274	183.0
24.111904045494953	179.0
24.121904835227635	173.0
24.131905624960318	171.0
24.141906414693	171.0
24.15190720442568	173.0
24.161907994158362	177.0
24.171908783891045	181.0
24.181909573623724	187.0
24.191910363356406	192.0
24.20191115308909	196.0
24.211911942821768	203.0
24.22191273255445	208.0
24.231913522287133	210.0
24.241914312019812	208.0
24.251915101752495	206.0
24.261915891485177	203.0
24.271916681217856	203.0
24.28191747095054	203.0
24.29191826068322	208.0
24.3019190504159	215.0
24.311919840148583	220.0
24.321920629881266	218.0
24.331921419613945	220.0
24.341922209346627	228.0
24.35192299907931	234.0
24.36192378881199	239.0
24.37192457854467	239.0
24.381925368277354	239.0
24.391926158010033	239.0
24.401926947742716	236.0
24.4119277374754	236.0
24.421928527208077	234.0
24.43192931694076	234.0
24.441930106673443	234.0
24.45193089640612	234.0
24.461931686138804	231.0
24.471932475871487	228.0
24.48193326560417	223.0
24.49193405533685	218.0
24.50193484506953	208.0
24.511935634802214	203.0
24.521936424534893	203.0
24.531937214267575	203.0
24.541938004000258	206.0
24.551938793732937	210.0
24.56193958346562	215.0
24.571940373198302	220.0
24.58194116293098	220.0
24.591941952663664	220.0
24.601942742396346	218.0
24.611943532129025	213.0
24.621944321861708	201.0
24.63194511159439	179.0
24.64194590132707	171.0
24.651946691059752	169.0
24.661947480792435	171.0
24.671948270525114	173.0
24.681949060257796	177.0
24.69194984999048	181.0
24.701950639723158	185.0
24.71195142945584	187.0
24.721952219188523	187.0
24.731953008921202	187.0
24.741953798653885	187.0
24.751954588386567	185.0
24.761955378119247	185.0
24.77195616785193	185.0
24.78195695758461	183.0
24.79195774731729	183.0
24.801958537049973	183.0
24.811959326782656	185.0
24.82196011651534	185.0
24.831960906248018	185.0
24.8419616959807	187.0
24.851962485713383	187.0
24.86196327544606	187.0
24.871964065178744	187.0
24.881964854911427	185.0
24.891965644644106	185.0
24.90196643437679	185.0
24.91196722410947	183.0
24.92196801384215	183.0
24.931968803574833	183.0
24.941969593307515	183.0
24.951970383040194	185.0
24.961971172772877	185.0
24.97197196250556	187.0
24.98197275223824	187.0
24.99197354197092	190.0
25.001974331703604	187.0
25.011975121436283	187.0
25.021975911168965	185.0
25.031976700901648	185.0
25.041977490634327	183.0
25.05197828036701	181.0
25.061979070099692	179.0
25.07197985983237	177.0
25.081980649565054	175.0
25.091981439297737	171.0
25.101982229030416	171.0
25.111983018763098	173.0
25.12198380849578	177.0
25.13198459822846	190.0
25.141985387961142	199.0
25.151986177693825	203.0
25.161986967426504	208.0
25.171987757159187	208.0
25.18198854689187	208.0
25.19198933662455	208.0
25.20199012635723	208.0
25.211990916089913	206.0
25.221991705822596	206.0
25.231992495555275	206.0
25.241993285287958	206.0
25.25199407502064	206.0
25.26199486475332	206.0
25.271995654486002	206.0
25.281996444218684	203.0
25.291997233951363	203.0
25.301998023684046	203.0
25.31199881341673	203.0
25.321999603149408	206.0
25.33200039288209	210.0
25.342001182614773	218.0
25.352001972347452	231.0
25.362002762080134	248.0
25.372003551812817	262.0
25.382004341545496	268.0
25.39200513127818	268.0
25.40200592101086	259.0
25.41200671074354	250.0
25.422007500476223	236.0
25.432008290208906	223.0
25.442009079941585	208.0
25.452009869674267	203.0
25.46201065940695	203.0
25.47201144913963	208.0
25.48201223887231	213.0
25.492013028604994	218.0
25.502013818337673	223.0
25.512014608070356	223.0
25.522015397803038	223.0
25.53201618753572	218.0
25.5420169772684	206.0
25.552017767001082	185.0
25.562018556733765	179.0
25.572019346466444	177.0
25.582020136199127	179.0
25.59202092593181	179.0
25.60202171566449	183.0
25.61202250539717	183.0
25.622023295129853	183.0
25.632024084862532	183.0
25.642024874595215	181.0
25.652025664327898	181.0
25.662026454060577	177.0
25.67202724379326	175.0
25.682028033525942	171.0
25.69202882325862	171.0
25.702029612991304	173.0
25.712030402723986	175.0
25.722031192456665	177.0
25.732031982189348	179.0
25.74203277192203	183.0
25.75203356165471	185.0
25.762034351387392	185.0
25.772035141120075	185.0
25.782035930852754	183.0
25.792036720585436	183.0
25.80203751031812	183.0
25.812038300050798	183.0
25.82203908978348	183.0
25.832039879516163	183.0
25.842040669248842	183.0
25.852041458981525	183.0
25.862042248714207	183.0
25.87204303844689	183.0
25.88204382817957	183.0
25.89204461791225	183.0
25.902045407644934	183.0
25.912046197377613	183.0
25.922046987110296	183.0
25.93204777684298	183.0
25.942048566575657	185.0
25.95204935630834	185.0
25.962050146041022	185.0
25.9720509357737	185.0
25.982051725506384	185.0
25.992052515239067	185.0
26.002053304971746	0.0
26.01205409470443	0.0
26.02205488443711	0.0
26.03205567416979	0.0
26.042056463902473	0.0
26.052057253635155	0.0
26.062058043367834	0.0
26.072058833100517	0.0
26.0820596228332	0.0
26.09206041256588	0.0
26.10206120229856	0.0
26.112061992031244	0.0
26.122062781763923	0.0
26.132063571496605	0.0
26.142064361229288	0.0
26.152065150961967	0.0
26.16206594069465	0.0
26.172066730427332	0.0
26.18206752016001	0.0
26.192068309892694	0.0
26.202069099625376	0.0
26.21206988935806	0.0
26.222070679090738	0.0
26.23207146882342	0.0
26.242072258556103	0.0
26.252073048288782	0.0
26.262073838021465	0.0
26.272074627754147	0.0
26.282075417486826	0.0
26.29207620721951	0.0
26.30207699695219	0.0
26.31207778668487	0.0
26.322078576417553	0.0
26.332079366150236	0.0
26.342080155882915	0.0
26.352080945615597	0.0
26.36208173534828	0.0
26.37208252508096	0.0
26.38208331481364	0.0
26.392084104546324	0.0
26.402084894279003	0.0
26.412085684011686	0.0
26.42208647374437	0.0
26.432087263477047	0.0
26.44208805320973	0.0
26.452088842942413	0.0
26.46208963267509	0.0
26.472090422407774	0.0
26.482091212140457	0.0
26.492092001873136	0.0
26.50209279160582	0.0
26.5120935813385	0.0
26.52209437107118	0.0
26.532095160803863	0.0
26.542095950536545	0.0
26.552096740269224	0.0
26.562097530001907	0.0
26.57209831973459	0.0
26.582099109467272	0.0
26.59209989919995	220.0
26.602100688932634	226.0
26.612101478665316	226.0
26.622102268397995	226.0
26.632103058130678	223.0
26.64210384786336	194.0
26.65210463759604	190.0
26.662105427328722	185.0
26.672106217061405	183.0
26.682107006794084	183.0
26.692107796526766	183.0
26.70210858625945	183.0
26.712109375992128	185.0
26.72211016572481	185.0
26.732110955457493	183.0
26.742111745190172	181.0
26.752112534922855	179.0
26.762113324655537	177.0
26.772114114388216	175.0
26.7821149041209	175.0
26.79211569385358	175.0
26.80211648358626	177.0
26.812117273318943	181.0
26.822118063051626	183.0
26.832118852784305	183.0
26.842119642516987	185.0
26.85212043224967	185.0
26.86212122198235	185.0
26.87212201171503	185.0
26.882122801447714	550.0
26.892123591180393	0.0
26.902124380913076	0.0
26.91212517064576	0.0
26.92212596037844	0.0
26.93212675011112	0.0
26.942127539843803	0.0
26.952128329576485	0.0
26.962129119309164	0.0
26.972129909041847	0.0
26.98213069877453	0.0
26.99213148850721	0.0
27.00213227823989	0.0
27.012133067972574	0.0
27.022133857705253	0.0
27.032134647437935	0.0
27.042135437170618	0.0
27.052136226903297	0.0
27.06213701663598	0.0
27.072137806368662	0.0
27.08213859610134	0.0
27.092139385834024	0.0
27.102140175566706	0.0
27.112140965299385	0.0
27.122141755032068	0.0
27.13214254476475	0.0
27.14214333449743	0.0
27.152144124230112	0.0
27.162144913962795	0.0
27.172145703695474	0.0
27.182146493428156	0.0
27.19214728316084	0.0
27.202148072893518	0.0
27.2121488626262	0.0
27.222149652358883	0.0
27.232150442091562	0.0
27.242151231824245	0.0
27.252152021556928	0.0
27.26215281128961	0.0
27.27215360102229	0.0
27.28215439075497	0.0
27.292155180487654	0.0
27.302155970220333	0.0
27.312156759953016	0.0
27.3221575496857	0.0
27.332158339418378	0.0
27.34215912915106	0.0
27.352159918883743	0.0
27.362160708616422	0.0
27.372161498349104	0.0
27.382162288081787	0.0
27.392163077814466	0.0
27.40216386754715	0.0
27.41216465727983	0.0
27.42216544701251	0.0
27.432166236745193	0.0
27.442167026477875	0.0
27.452167816210554	0.0
27.462168605943237	0.0
27.47216939567592	0.0
27.4821701854086	0.0
27.49217097514128	0.0
27.502171764873964	0.0
27.512172554606643	0.0
27.522173344339325	0.0
27.532174134072008	0.0
27.542174923804687	0.0
27.55217571353737	0.0
27.562176503270052	0.0
27.57217729300273	0.0
27.582178082735414	0.0
27.592178872468097	0.0
27.60217966220078	0.0
27.612180451933458	0.0
27.62218124166614	0.0
27.632182031398823	0.0
27.642182821131502	0.0
27.652183610864185	0.0
27.662184400596868	0.0
27.672185190329547	0.0
27.68218598006223	0.0
27.692186769794912	0.0
27.70218755952759	0.0
27.712188349260273	0.0
27.722189138992956	0.0
27.732189928725635	0.0
27.742190718458318	0.0
27.752191508191	0.0
27.76219229792368	0.0
27.772193087656362	0.0
27.782193877389044	0.0
27.792194667121723	0.0
27.802195456854406	0.0
27.81219624658709	0.0
27.822197036319768	0.0
27.83219782605245	0.0
27.842198615785133	0.0
27.852199405517812	0.0
27.862200195250495	0.0
27.872200984983177	0.0
27.882201774715856	0.0
27.89220256444854	0.0
27.90220335418122	0.0
27.9122041439139	0.0
27.922204933646583	0.0
27.932205723379266	0.0
27.942206513111945	0.0
27.952207302844627	0.0
27.96220809257731	0.0
27.972208882309992	0.0
27.98220967204267	0.0
27.992210461775354	0.0
28.002211251508037	0.0
28.012212041240716	0.0
28.022212830973398	0.0
28.03221362070608	0.0
28.04221441043876	0.0
28.052215200171442	0.0
28.062215989904125	0.0
28.072216779636804	0.0
28.082217569369487	0.0
28.09221835910217	0.0
28.10221914883485	0.0
28.11221993856753	0.0
28.122220728300213	0.0
28.132221518032893	0.0
28.142222307765575	0.0
28.152223097498258	0.0
28.162223887230937	0.0
28.17222467696362	0.0
28.182225466696302	0.0
28.19222625642898	0.0
28.202227046161664	0.0
28.212227835894346	0.0
28.222228625627025	0.0
28.232229415359708	0.0
28.24223020509239	0.0
28.25223099482507	0.0
28.262231784557752	0.0
28.272232574290435	0.0
28.282233364023114	0.0
28.292234153755796	0.0
28.30223494348848	0.0
28.31223573322116	0.0
28.32223652295384	0.0
28.332237312686523	0.0
28.342238102419206	0.0
28.352238892151885	0.0
28.362239681884567	0.0
28.37224047161725	0.0
28.38224126134993	0.0
28.39224205108261	0.0
28.402242840815294	0.0
28.412243630547973	0.0
28.422244420280656	0.0
28.43224521001334	0.0
28.442245999746017	0.0
28.4522467894787	0.0
28.462247579211382	0.0
28.47224836894406	0.0
28.482249158676744	0.0
28.492249948409427	0.0
28.502250738142106	0.0
28.51225152787479	0.0
28.52225231760747	0.0
28.53225310734015	0.0
28.542253897072833	0.0
28.552254686805515	0.0
28.562255476538194	0.0
28.572256266270877	0.0
28.58225705600356	0.0
28.59225784573624	0.0
28.60225863546892	0.0
28.612259425201604	0.0
28.622260214934283	0.0
28.632261004666965	0.0
28.642261794399648	0.0
28.65226258413233	0.0
28.66226337386501	0.0
28.672264163597692	0.0
28.682264953330375	0.0
28.692265743063054	0.0
28.702266532795736	0.0
28.71226732252842	0.0
28.722268112261098	0.0
28.73226890199378	0.0
28.742269691726463	0.0
28.752270481459142	0.0
28.762271271191825	0.0
28.772272060924507	0.0
28.782272850657186	0.0
28.79227364038987	0.0
28.80227443012255	0.0
28.81227521985523	0.0
28.822276009587913	0.0
28.832276799320596	0.0
28.842277589053275	0.0
28.852278378785957	0.0
28.86227916851864	0.0
28.87227995825132	0.0
28.882280747984	0.0
28.892281537716684	0.0
28.902282327449363	0.0
28.912283117182046	0.0
28.92228390691473	0.0
28.932284696647407	0.0
28.94228548638009	0.0
28.952286276112773	0.0
28.96228706584545	0.0
28.972287855578134	0.0
28.982288645310817	0.0
28.9922894350435	0.0
29.00229022477618	0.0
29.01229101450886	0.0
29.022291804241544	0.0
29.032292593974223	0.0
29.042293383706905	0.0
29.052294173439588	0.0
29.062294963172267	0.0
29.07229575290495	167.0
29.082296542637632	171.0
29.09229733237031	175.0
29.102298122102994	179.0
29.112298911835676	185.0
29.122299701568355	187.0
29.132300491301038	190.0
29.14230128103372	187.0
29.1523020707664	185.0
29.162302860499082	183.0
29.172303650231765	181.0
29.182304439964444	179.0
29.192305229697126	179.0
29.20230601942981	179.0
29.212306809162488	179.0
29.22230759889517	179.0
29.232308388627853	177.0
29.242309178360532	173.0
29.252309968093215	171.0
29.262310757825897	171.0
29.272311547558576	169.0
29.28231233729126	169.0
29.29231312702394	169.0
29.30231391675662	167.0
29.312314706489303	165.0
29.322315496221986	163.0
29.332316285954665	161.0
29.342317075687347	159.0
29.35231786542003	159.0
29.362318655152713	159.0
29.37231944488539	159.0
29.382320234618074	159.0
29.392321024350757	159.0
29.402321814083436	159.0
29.41232260381612	159.0
29.4223233935488	159.0
29.43232418328148	161.0
29.442324973014163	163.0
29.452325762746845	163.0
29.462326552479524	167.0
29.472327342212207	169.0
29.48232813194489	173.0
29.49232892167757	175.0
29.50232971141025	175.0
29.512330501142934	175.0
29.522331290875613	173.0
29.532332080608295	173.0
29.542332870340978	171.0
29.552333660073657	169.0
29.56233444980634	167.0
29.572335239539022	165.0
29.5823360292717	163.0
29.592336819004384	161.0
29.602337608737066	159.0
29.612338398469745	159.0
29.622339188202428	159.0
29.63233997793511	158.0
29.64234076766779	158.0
29.652341557400472	156.0
29.662342347133155	154.0
29.672343136865834	154.0
29.682343926598517	154.0
29.6923447163312	156.0
29.70234550606388	159.0
29.71234629579656	165.0
29.722347085529243	169.0
29.732347875261926	173.0
29.742348664994605	175.0
29.752349454727288	177.0
29.76235024445997	177.0
29.77235103419265	177.0
29.78235182392533	177.0
29.792352613658014	177.0
29.802353403390693	175.0
29.812354193123376	173.0
29.82235498285606	171.0
29.832355772588738	169.0
29.84235656232142	167.0
29.852357352054103	165.0
29.862358141786782	163.0
29.872358931519464	159.0
29.882359721252147	158.0
29.892360510984826	156.0
29.90236130071751	156.0
29.91236209045019	154.0
29.92236288018287	156.0
29.932363669915553	158.0
29.942364459648235	159.0
29.952365249380914	161.0
29.962366039113597	165.0
29.97236682884628	169.0
29.98236761857896	175.0
29.99236840831164	179.0
30.002369198044324	181.0
30.012369987777003	183.0
30.022370777509686	185.0
30.032371567242368	185.0
30.04237235697505	183.0
30.05237314670773	183.0
30.062373936440412	181.0
30.072374726173095	179.0
30.082375515905774	177.0
30.092376305638457	173.0
30.10237709537114	171.0
30.112377885103818	169.0
30.1223786748365	167.0
30.132379464569183	163.0
30.142380254301862	161.0
30.152381044034545	159.0
30.162381833767228	158.0
30.172382623499907	158.0
30.18238341323259	158.0
30.192384202965272	159.0
30.20238499269795	161.0
30.212385782430633	165.0
30.222386572163316	171.0
30.232387361895995	175.0
30.242388151628678	181.0
30.25238894136136	183.0
30.26238973109404	185.0
30.272390520826722	187.0
30.282391310559404	187.0
30.292392100292084	185.0
30.302392890024766	183.0
30.31239367975745	181.0
30.322394469490128	179.0
30.33239525922281	177.0
30.342396048955493	175.0
30.352396838688172	175.0
30.362397628420855	177.0
30.372398418153537	177.0
30.38239920788622	179.0
30.3923999976189	181.0
30.40240078735158	183.0
30.412401577084264	185.0
30.422402366816943	185.0
30.432403156549626	185.0
30.442403946282308	183.0
30.452404736014987	181.0
30.46240552574767	177.0
30.472406315480352	177.0
30.48240710521303	175.0
30.492407894945714	175.0
30.502408684678397	177.0
30.512409474411076	177.0
30.52241026414376	179.0
30.53241105387644	181.0
30.54241184360912	181.0
30.552412633341802	181.0
30.562413423074485	181.0
30.572414212807164	181.0
30.582415002539847	179.0
30.59241579227253	179.0
30.60241658200521	177.0
30.61241737173789	177.0
30.622418161470573	0.0
30.632418951203253	0.0
30.642419740935935	0.0
30.652420530668618	0.0
30.662421320401297	0.0
30.67242211013398	0.0
30.682422899866662	0.0
30.69242368959934	0.0
30.702424479332024	0.0
30.712425269064706	0.0
30.72242605879739	0.0
30.732426848530068	0.0
30.74242763826275	0.0
30.752428427995433	0.0
30.762429217728112	0.0
30.772430007460795	0.0
30.782430797193477	0.0
30.792431586926156	0.0
30.80243237665884	0.0
30.81243316639152	0.0
30.8224339561242	0.0
30.832434745856883	0.0
30.842435535589566	0.0
30.852436325322245	0.0
30.862437115054927	0.0
30.87243790478761	0.0
30.88243869452029	0.0
30.89243948425297	0.0
30.902440273985654	0.0
30.912441063718333	0.0
30.922441853451016	0.0
30.9324426431837	0.0
30.942443432916377	0.0
30.95244422264906	0.0
30.962445012381743	0.0
30.97244580211442	0.0
30.982446591847104	0.0
30.992447381579787	0.0
31.002448171312466	0.0
31.01244896104515	0.0
31.02244975077783	0.0
31.03245054051051	0.0
31.042451330243193	0.0
31.052452119975875	0.0
31.062452909708554	0.0
31.072453699441237	0.0
31.08245448917392	0.0
31.092455278906602	192.0
31.10245606863928	192.0
31.112456858371964	194.0
31.122457648104646	196.0
31.132458437837325	196.0
31.142459227570008	196.0
31.15246001730269	194.0
31.16246080703537	190.0
31.172461596768052	185.0
31.182462386500735	183.0
31.192463176233414	179.0
31.202463965966096	177.0
31.21246475569878	175.0
31.222465545431458	173.0
31.23246633516414	171.0
31.242467124896823	171.0
31.252467914629502	171.0
31.262468704362185	171.0
31.272469494094867	173.0
31.282470283827546	177.0
31.29247107356023	181.0
31.30247186329291	187.0
31.31247265302559	194.0
31.322473442758273	199.0
31.332474232490956	206.0
31.342475022223635	208.0
31.352475811956317	213.0
31.362476601689	215.0
31.37247739142168	213.0
31.38247818115436	213.0
31.392478970887044	210.0
31.402479760619723	206.0
31.412480550352406	203.0
31.42248134008509	199.0
31.43248212981777	194.0
31.44248291955045	190.0
31.452483709283133	185.0
31.462484499015815	183.0
31.472485288748494	179.0
31.482486078481177	177.0
31.49248686821386	177.0
31.50248765794654	179.0
31.51248844767922	181.0
31.522489237411904	185.0
31.532490027144583	190.0
31.542490816877265	194.0
31.552491606609948	201.0
31.562492396342627	206.0
31.57249318607531	210.0
31.582493975807992	213.0
31.59249476554067	213.0
31.602495555273354	213.0
31.612496345006036	210.0
31.622497134738715	203.0
31.632497924471398	201.0
31.64249871420408	201.0
31.65249950393676	203.0
31.662500293669442	208.0
31.672501083402125	215.0
31.682501873134804	226.0
31.692502662867486	239.0
31.70250345260017	248.0
31.712504242332848	253.0
31.72250503206553	256.0
31.732505821798213	256.0
31.742506611530892	250.0
31.752507401263575	245.0
31.762508190996257	236.0
31.77250898072894	231.0
31.78250977046162	223.0
31.7925105601943	218.0
31.802511349926984	215.0
31.812512139659663	210.0
31.822512929392346	208.0
31.83251371912503	206.0
31.842514508857708	206.0
31.85251529859039	206.0
31.862516088323073	206.0
31.87251687805575	206.0
31.882517667788434	208.0
31.892518457521117	208.0
31.902519247253796	208.0
31.91252003698648	210.0
31.92252082671916	210.0
31.93252161645184	210.0
31.942522406184523	210.0
31.952523195917205	210.0
31.962523985649884	208.0
31.972524775382567	208.0
31.98252556511525	208.0
31.99252635484793	208.0
32.00252714458061	208.0
32.01252793431329	208.0
32.022528724045976	208.0
32.032529513778655	206.0
32.042530303511334	206.0
32.05253109324402	206.0
32.0625318829767	206.0
32.07253267270938	206.0
32.082533462442065	208.0
32.092534252174744	208.0
32.10253504190742	208.0
32.11253583164011	208.0
32.12253662137279	208.0
32.13253741110547	208.0
32.14253820083815	208.0
32.15253899057083	206.0
32.16253978030351	206.0
32.1725405700362	206.0
32.18254135976888	203.0
32.192542149501556	203.0
32.20254293923424	203.0
32.21254372896692	203.0
32.2225445186996	206.0
32.232545308432286	206.0
32.242546098164965	206.0
32.252546887897644	206.0
32.26254767763033	206.0
32.27254846736301	206.0
32.28254925709569	206.0
32.292550046828374	206.0
32.30255083656105	203.0
32.31255162629374	203.0
32.32255241602642	203.0
32.3325532057591	203.0
32.342553995491784	203.0
32.35255478522446	203.0
32.36255557495714	203.0
32.37255636468983	203.0
32.38255715442251	206.0
32.392557944155186	203.0
32.40255873388787	203.0
32.41255952362055	203.0
32.42256031335323	203.0
32.432561103085916	203.0
32.442561892818595	203.0
32.452562682551275	203.0
32.46256347228396	203.0
32.47256426201664	203.0
32.48256505174932	203.0
32.492565841482005	203.0
32.502566631214684	203.0
32.51256742094736	203.0
32.52256821068005	203.0
32.53256900041273	203.0
32.54256979014541	203.0
32.55257057987809	203.0
32.56257136961077	203.0
32.57257215934345	203.0
32.58257294907614	203.0
32.59257373880882	203.0
32.602574528541496	203.0
32.61257531827418	206.0
32.62257610800686	206.0
32.63257689773954	206.0
32.642577687472226	206.0
32.652578477204905	206.0
32.662579266937584	203.0
32.67258005667027	203.0
32.68258084640295	203.0
32.69258163613563	203.0
32.702582425868314	203.0
32.71258321560099	203.0
32.72258400533367	206.0
32.73258479506636	206.0
32.74258558479904	206.0
32.75258637453172	208.0
32.7625871642644	208.0
32.77258795399708	208.0
32.78258874372976	208.0
32.79258953346245	208.0
32.802590323195126	208.0
32.812591112927805	208.0
32.82259190266049	208.0
32.83259269239317	206.0
32.84259348212585	206.0
32.852594271858536	203.0
32.862595061591215	203.0
32.872595851323894	203.0
32.88259664105658	0.0
32.89259743078926	206.0
32.90259822052194	203.0
32.912599010254624	203.0
32.9225997999873	203.0
32.93260058971998	203.0
32.94260137945267	206.0
32.95260216918535	208.0
32.962602958918026	218.0
32.97260374865071	231.0
32.98260453838339	256.0
32.99260532811608	272.0
33.00260611784876	281.0
33.012606907581436	288.0
33.02260769731412	278.0
33.0326084870468	262.0
33.04260927677948	250.0
33.052610066512166	242.0
33.062610856244845	234.0
33.072611645977524	231.0
33.08261243571021	231.0
33.09261322544289	231.0
33.10261401517557	236.0
33.112614804908254	236.0
33.12261559464093	236.0
33.13261638437361	0.0
33.1426171741063	0.0
33.15261796383898	0.0
33.16261875357166	0.0
33.17261954330434	0.0
33.18262033303702	0.0
33.1926211227697	226.0
33.20262191250239	220.0
33.212622702235066	213.0
33.222623491967745	208.0
33.23262428170043	203.0
33.24262507143311	201.0
33.25262586116579	206.0
33.262626650898476	220.0
33.272627440631155	226.0
33.282628230363834	262.0
33.29262902009652	268.0
33.3026298098292	272.0
33.31263059956188	268.0
33.322631389294564	262.0
33.33263217902724	250.0
33.34263296875992	234.0
33.35263375849261	220.0
33.36263454822529	210.0
33.372635337957966	203.0
33.38263612769065	201.0
33.39263691742333	201.0
33.40263770715601	206.0
33.4126384968887	213.0
33.422639286621376	220.0
33.432640076354055	223.0
33.44264086608674	226.0
33.45264165581942	223.0
33.4626424455521	213.0
33.472643235284785	203.0
33.482644025017464	196.0
33.49264481475014	187.0
33.50264560448283	183.0
33.51264639421551	181.0
33.52264718394819	181.0
33.532647973680874	181.0
33.54264876341355	183.0
33.55264955314623	185.0
33.56265034287892	185.0
33.5726511326116	185.0
33.582651922344276	185.0
33.59265271207696	185.0
33.60265350180964	185.0
33.61265429154232	185.0
33.622655081275006	183.0
33.632655871007685	183.0
33.642656660740364	183.0
33.65265745047305	181.0
33.66265824020573	181.0
33.67265902993841	181.0
33.682659819671095	181.0
33.692660609403774	183.0
33.70266139913646	183.0
33.71266218886914	185.0
33.72266297860182	185.0
33.732663768334504	185.0
33.74266455806718	185.0
33.75266534779986	185.0
33.76266613753255	185.0
33.77266692726523	183.0
33.782667716997906	183.0
33.79266850673059	183.0
33.80266929646327	181.0
33.81267008619595	179.0
33.82267087592864	175.0
33.832671665661316	175.0
33.842672455393995	175.0
33.85267324512668	179.0
33.86267403485936	185.0
33.87267482459204	192.0
33.882675614324725	199.0
33.892676404057404	206.0
33.90267719379008	213.0
33.91267798352277	218.0
33.92267877325545	220.0
33.93267956298813	218.0
33.942680352720814	210.0
33.95268114245349	199.0
33.96268193218617	192.0
33.97268272191886	192.0
33.98268351165154	192.0
33.992684301384216	199.0
34.0026850911169	210.0
34.01268588084958	220.0
34.02268667058226	234.0
34.032687460314946	256.0
34.042688250047625	268.0
34.052689039780304	268.0
34.06268982951299	265.0
34.07269061924567	253.0
34.08269140897835	239.0
34.092692198711035	223.0
34.102692988443714	208.0
34.11269377817639	201.0
34.12269456790908	199.0
34.13269535764176	201.0
34.14269614737444	206.0
34.15269693710712	210.0
34.1626977268398	215.0
34.17269851657248	220.0
34.18269930630517	220.0
34.192700096037846	220.0
34.202700885770525	213.0
34.21270167550321	206.0
34.22270246523589	201.0
34.23270325496857	199.0
34.242704044701256	201.0
34.252704834433935	206.0
34.262705624166614	215.0
34.2727064138993	231.0
34.28270720363198	245.0
34.29270799336466	262.0
34.302708783097344	268.0
34.31270957283002	265.0
34.3227103625627	256.0
34.33271115229539	239.0
34.34271194202807	228.0
34.35271273176075	215.0
34.36271352149343	206.0
34.37271431122611	206.0
34.3827151009588	210.0
34.39271589069148	218.0
34.402716680424156	228.0
34.41271747015684	231.0
34.42271825988952	228.0
34.4327190496222	226.0
34.442719839354886	215.0
34.452720629087565	208.0
34.462721418820244	187.0
34.47272220855293	181.0
34.48272299828561	181.0
34.49272378801829	181.0
34.502724577750975	183.0
34.512725367483654	185.0
34.52272615721633	187.0
34.53272694694902	187.0
34.5427277366817	187.0
34.55272852641438	187.0
34.56272931614706	183.0
34.57273010587974	179.0
34.58273089561242	175.0
34.59273168534511	173.0
34.60273247507779	173.0
34.612733264810466	175.0
34.62273405454315	177.0
34.63273484427583	179.0
34.64273563400851	181.0
34.652736423741196	183.0
34.662737213473875	183.0
34.672738003206554	185.0
34.68273879293924	185.0
34.69273958267192	185.0
34.7027403724046	183.0
34.712741162137284	183.0
34.72274195186996	183.0
34.73274274160264	183.0
34.74274353133533	183.0
34.75274432106801	183.0
34.76274511080069	183.0
34.77274590053337	183.0
34.78274669026605	183.0
34.79274747999873	181.0
34.80274826973142	181.0
34.812749059464096	181.0
34.822749849196775	181.0
34.83275063892946	181.0
34.84275142866214	181.0
34.85275221839482	183.0
34.862753008127505	183.0
34.872753797860184	183.0
34.88275458759286	183.0
34.89275537732555	181.0
34.90275616705823	181.0
34.91275695679091	181.0
34.922757746523594	181.0
34.93275853625627	179.0
34.94275932598895	179.0
34.95276011572164	175.0
34.96276090545432	175.0
34.972761695186996	175.0
34.98276248491968	175.0
34.99276327465236	179.0
35.00276406438504	185.0
35.01276485411773	194.0
35.022765643850406	203.0
35.032766433583085	215.0
35.04276722331577	223.0
35.05276801304845	228.0
35.062768802781136	228.0
35.072769592513815	223.0
35.082770382246494	213.0
35.09277117197918	194.0
35.10277196171186	177.0
35.11277275144454	169.0
35.122773541177224	167.0
35.1327743309099	165.0
35.14277512064258	167.0
35.15277591037527	171.0
35.16277670010795	179.0
35.17277748984063	190.0
35.18277827957331	201.0
35.19277906930599	215.0
35.20277985903867	234.0
35.21278064877136	245.0
35.222781438504036	253.0
35.232782228236715	253.0
35.2427830179694	248.0
35.25278380770208	236.0
35.26278459743476	185.0
35.272785387167445	181.0
35.282786176900125	177.0
35.292786966632804	175.0
35.30278775636549	177.0
35.31278854609817	179.0
35.32278933583085	183.0
35.332790125563534	185.0
35.34279091529621	187.0
35.35279170502889	187.0
35.36279249476158	187.0
35.37279328449426	183.0
35.382794074226936	181.0
35.39279486395962	177.0
35.4027956536923	171.0
35.41279644342498	165.0
35.42279723315767	161.0
35.432798022890346	159.0
35.442798812623025	161.0
35.45279960235571	163.0
35.46280039208839	167.0
35.47280118182107	173.0
35.482801971553755	179.0
35.492802761286434	185.0
35.50280355101911	190.0
35.5128043407518	190.0
35.52280513048448	190.0
35.53280592021716	187.0
35.54280670994984	185.0
35.55280749968252	181.0
35.5628082894152	177.0
35.57280907914789	171.0
35.58280986888057	167.0
35.592810658613246	163.0
35.60281144834593	159.0
35.61281223807861	158.0
35.62281302781129	156.0
35.632813817543976	154.0
35.642814607276655	152.0
35.652815397009334	152.0
35.66281618674202	152.0
35.6728169764747	152.0
35.68281776620738	154.0
35.692818555940065	156.0
35.702819345672744	159.0
35.71282013540542	163.0
35.72282092513811	165.0
35.73282171487079	169.0
35.74282250460347	169.0
35.75282329433615	171.0
35.76282408406883	171.0
35.77282487380152	171.0
35.7828256635342	169.0
35.792826453266876	163.0
35.80282724299956	159.0
35.81282803273224	154.0
35.82282882246492	152.0
35.83282961219761	152.0
35.842830401930286	154.0
35.852831191662965	154.0
35.86283198139565	158.0
35.87283277112833	161.0
35.88283356086101	165.0
35.892834350593695	171.0
35.902835140326374	179.0
35.91283593005905	187.0
35.92283671979174	190.0
35.93283750952442	190.0
35.9428382992571	187.0
35.95283908898978	181.0
35.96283987872246	177.0
35.97284066845514	169.0
35.98284145818783	161.0
35.99284224792051	158.0
36.002843037653186	156.0
36.01284382738587	154.0
36.02284461711855	154.0
36.03284540685123	154.0
36.042846196583916	154.0
36.052846986316595	156.0
36.062847776049274	159.0
36.07284856578196	161.0
36.08284935551464	169.0
36.09285014524732	179.0
36.102850934980005	187.0
36.112851724712684	199.0
36.12285251444536	206.0
36.13285330417805	210.0
36.14285409391073	208.0
36.15285488364341	201.0
36.16285567337609	190.0
36.17285646310877	177.0
36.18285725284145	169.0
36.19285804257414	161.0
36.202858832306816	156.0
36.212859622039495	156.0
36.22286041177218	158.0
36.23286120150486	159.0
36.24286199123754	161.0
36.252862780970226	163.0
36.262863570702905	167.0
36.272864360435584	169.0
36.28286515016827	169.0
36.29286593990095	169.0
36.30286672963363	165.0
36.312867519366314	161.0
36.32286830909899	156.0
36.33286909883167	149.0
36.34286988856436	142.0
36.35287067829704	137.0
36.36287146802972	137.0
36.3728722577624	139.0
36.38287304749508	144.0
36.39287383722776	154.0
36.40287462696045	161.0
36.412875416693126	171.0
36.422876206425805	187.0
36.43287699615849	190.0
36.44287778589117	190.0
36.452878575623856	181.0
36.462879365356535	171.0
36.472880155089214	156.0
36.4828809448219	147.0
36.49288173455458	142.0
36.50288252428726	139.0
36.512883314019945	137.0
36.522884103752624	137.0
36.5328848934853	140.0
36.54288568321799	140.0
36.55288647295067	142.0
36.56288726268335	142.0
36.57288805241603	140.0
36.58288884214871	137.0
36.59288963188139	134.0
36.60289042161408	126.0
36.612891211346756	117.0
36.622892001079435	111.0
36.63289279081212	106.0
36.6428935805448	104.0
36.65289437027748	104.0
36.662895160010166	105.0
36.672895949742845	107.0
36.682896739475524	110.0
36.69289752920821	114.0
36.70289831894089	117.0
36.71289910867357	119.0
36.722899898406254	125.0
36.73290068813893	136.0
36.74290147787161	136.0
36.7529022676043	128.0
36.76290305733698	0.0
36.77290384706966	110.0
36.78290463680234	107.0
36.79290542653502	106.0
36.8029062162677	106.0
36.81290700600039	107.0
36.822907795733066	110.0
36.832908585465745	115.0
36.84290937519843	121.0
36.85291016493111	125.0
36.86291095466379	131.0
36.872911744396475	134.0
36.882912534129154	137.0
36.89291332386183	139.0
36.90291411359452	139.0
36.9129149033272	137.0
36.92291569305988	134.0
36.932916482792564	131.0
36.94291727252524	128.0
36.95291806225792	128.0
36.96291885199061	131.0
36.97291964172329	136.0
36.982920431455966	144.0
36.99292122118865	149.0
37.00292201092133	152.0
37.01292280065401	158.0
37.022923590386696	161.0
37.032924380119375	163.0
37.042925169852055	163.0
37.05292595958474	158.0
37.06292674931742	152.0
37.0729275390501	150.0
37.082928328782785	150.0
37.092929118515464	156.0
37.10292990824814	165.0
37.11293069798083	169.0
37.12293148771351	177.0
37.13293227744619	183.0
37.14293306717887	185.0
37.15293385691155	185.0
37.16293464664424	181.0
37.17293543637692	173.0
37.1829362261096	167.0
37.19293701584228	154.0
37.20293780557496	152.0
37.21293859530764	152.0
37.22293938504033	154.0
37.232940174773006	161.0
37.242940964505685	167.0
37.25294175423837	175.0
37.26294254397105	181.0
37.27294333370373	185.0
37.282944123436415	187.0
37.292944913169094	185.0
37.30294570290177	183.0
37.31294649263446	179.0
37.32294728236714	173.0
37.33294807209982	173.0
37.342948861832504	179.0
37.35294965156518	185.0
37.36295044129786	192.0
37.37295123103055	201.0
37.38295202076323	208.0
37.392952810495906	215.0
37.40295360022859	215.0
37.41295438996127	215.0
37.42295517969395	206.0
37.43295596942664	203.0
37.442956759159316	203.0
37.452957548891995	206.0
37.46295833862468	213.0
37.47295912835736	226.0
37.48295991809004	236.0
37.492960707822725	253.0
37.502961497555404	262.0
37.51296228728808	259.0
37.52296307702077	248.0
37.53296386675345	245.0
37.54296465648613	239.0
37.55296544621881	226.0
37.56296623595149	218.0
37.57296702568417	206.0
37.58296781541686	206.0
37.59296860514954	206.0
37.602969394882216	210.0
37.6129701846149	213.0
37.62297097434758	215.0
37.63297176408026	215.0
37.642972553812946	213.0
37.652973343545625	206.0
37.662974133278304	201.0
37.67297492301099	199.0
37.68297571274367	201.0
37.69297650247635	206.0
37.702977292209034	220.0
37.71297808194171	236.0
37.72297887167439	250.0
37.73297966140708	272.0
37.74298045113976	275.0
37.75298124087244	275.0
37.76298203060512	272.0
37.7729828203378	262.0
37.78298361007048	256.0
37.79298439980317	239.0
37.802985189535846	206.0
37.812985979268525	206.0
37.82298676900121	213.0
37.83298755873389	218.0
37.84298834846658	220.0
37.852989138199256	220.0
37.862989927931935	215.0
37.87299071766462	208.0
37.8829915073973	183.0
37.89299229712998	177.0
37.902993086862665	173.0
37.912993876595344	173.0
37.92299466632802	173.0
37.93299545606071	177.0
37.94299624579339	179.0
37.95299703552607	181.0
37.96299782525875	181.0
37.97299861499143	179.0
37.98299940472411	177.0
37.9930001944568	173.0
38.00300098418948	171.0
38.013001773922156	169.0
38.02300256365484	167.0
38.03300335338752	171.0
38.0430041431202	175.0
38.053004932852886	179.0
38.063005722585565	181.0
38.073006512318244	183.0
38.08300730205093	185.0
38.09300809178361	187.0
38.10300888151629	187.0
38.113009671248975	187.0
38.123010460981654	185.0
38.13301125071433	183.0
38.14301204044702	183.0
38.1530128301797	183.0
38.16301361991238	183.0
38.17301440964506	183.0
38.18301519937774	183.0
38.19301598911042	183.0
38.20301677884311	183.0
38.213017568575786	183.0
38.223018358308465	183.0
38.23301914804115	183.0
38.24301993777383	181.0
38.25302072750651	181.0
38.263021517239196	181.0
38.273022306971875	181.0
38.283023096704554	179.0
38.29302388643724	179.0
38.30302467616992	181.0
38.3130254659026	181.0
38.323026255635284	181.0
38.33302704536796	183.0
38.34302783510064	185.0
38.35302862483333	187.0
38.36302941456601	194.0
38.373030204298686	199.0
38.38303099403137	203.0
38.39303178376405	206.0
38.40303257349673	0.0
38.41303336322942	0.0
38.423034152962096	0.0
38.433034942694775	0.0
38.44303573242746	0.0
38.45303652216014	228.0
38.46303731189282	220.0
38.473038101625505	213.0
38.483038891358184	208.0
38.49303968109086	206.0
38.50304047082355	206.0
38.51304126055623	208.0
38.52304205028891	213.0
38.533042840021594	215.0
38.54304362975427	215.0
38.55304441948696	213.0
38.56304520921964	206.0
38.57304599895232	199.0
38.583046788685	187.0
38.59304757841768	187.0
38.60304836815036	192.0
38.61304915788305	201.0
38.623049947615726	213.0
38.633050737348405	223.0
38.64305152708109	226.0
38.65305231681377	223.0
38.66305310654645	213.0
38.673053896279136	196.0
38.683054686011815	187.0
38.693055475744494	179.0
38.70305626547718	177.0
38.71305705520986	177.0
38.72305784494254	179.0
38.733058634675224	183.0
38.7430594244079	183.0
38.75306021414058	185.0
38.76306100387327	183.0
38.77306179360595	181.0
38.783062583338626	179.0
38.79306337307131	173.0
38.80306416280399	167.0
38.81306495253667	161.0
38.82306574226936	152.0
38.833066532002036	147.0
38.843067321734715	144.0
38.8530681114674	142.0
38.86306890120008	144.0
38.87306969093276	149.0
38.883070480665445	158.0
38.893071270398124	167.0
38.9030720601308	173.0
38.91307284986349	177.0
38.92307363959617	179.0
38.93307442932885	181.0
38.943075219061534	183.0
38.95307600879421	183.0
38.96307679852689	183.0
38.97307758825958	181.0
38.98307837799226	179.0
38.993079167724936	177.0
39.00307995745762	177.0
39.0130807471903	175.0
39.02308153692298	175.0
39.033082326655666	173.0
39.043083116388345	171.0
39.053083906121024	169.0
39.06308469585371	165.0
39.07308548558639	161.0
39.08308627531907	161.0
39.093087065051755	0.0
39.103087854784434	0.0
39.11308864451711	0.0
39.1230894342498	0.0
39.13309022398248	0.0
39.14309101371516	0.0
39.15309180344784	0.0
39.16309259318052	0.0
39.1730933829132	0.0
39.18309417264589	0.0
39.19309496237857	0.0
39.203095752111246	0.0
39.21309654184393	0.0
39.22309733157661	0.0
39.2330981213093	0.0
39.243098911041976	0.0
39.253099700774655	0.0
39.26310049050734	0.0
39.27310128024002	0.0
39.2831020699727	0.0
39.293102859705385	0.0
39.303103649438064	0.0
39.31310443917074	0.0
39.32310522890343	0.0
39.33310601863611	0.0
39.34310680836879	0.0
39.353107598101474	0.0
39.36310838783415	0.0
39.37310917756683	0.0
39.38310996729952	0.0
39.3931107570322	0.0
39.403111546764876	0.0
39.41311233649756	0.0
39.42311312623024	0.0
39.43311391596292	0.0
39.443114705695606	0.0
39.453115495428285	0.0
39.463116285160964	0.0
39.47311707489365	0.0
39.48311786462633	0.0
39.49311865435901	0.0
39.503119444091695	0.0
39.513120233824374	0.0
39.52312102355705	0.0
39.53312181328974	0.0
39.54312260302242	0.0
39.5531233927551	0.0
39.56312418248778	0.0
39.57312497222046	0.0
39.58312576195314	0.0
39.59312655168583	0.0
39.60312734141851	0.0
39.613128131151186	0.0
39.62312892088387	0.0
39.63312971061655	0.0
39.64313050034923	0.0
39.653131290081916	0.0
39.663132079814595	0.0
39.673132869547274	0.0
39.68313365927996	0.0
39.69313444901264	0.0
39.70313523874532	0.0
39.713136028478004	0.0
39.72313681821068	0.0
39.73313760794336	0.0
39.74313839767605	0.0
39.75313918740873	0.0
39.76313997714141	0.0
39.77314076687409	0.0
39.78314155660677	0.0
39.79314234633945	0.0
39.80314313607214	0.0
39.813143925804816	0.0
39.823144715537495	0.0
39.83314550527018	0.0
39.84314629500286	0.0
39.85314708473554	0.0
39.863147874468225	0.0
39.873148664200905	0.0
39.883149453933584	0.0
39.89315024366627	0.0
39.90315103339895	0.0
39.91315182313163	0.0
39.923152612864314	0.0
39.93315340259699	0.0
39.94315419232968	0.0
39.95315498206236	0.0
39.96315577179504	0.0
39.97315656152772	0.0
39.9831573512604	0.0
39.99315814099308	0.0
40.00315893072577	0.0
40.01315972045845	0.0
40.023160510191126	0.0
40.03316129992381	0.0
40.04316208965649	0.0
40.05316287938917	0.0
40.063163669121856	0.0
40.073164458854535	0.0
40.083165248587214	0.0
40.0931660383199	0.0
40.10316682805258	0.0
40.11316761778526	0.0
40.123168407517944	0.0
40.13316919725062	0.0
40.1431699869833	0.0
40.15317077671599	0.0
40.16317156644867	0.0
40.17317235618135	0.0
40.18317314591403	0.0
40.19317393564671	0.0
40.20317472537939	0.0
40.21317551511208	0.0
40.223176304844756	0.0
40.233177094577435	0.0
40.24317788431012	0.0
40.2531786740428	0.0
40.26317946377548	0.0
40.273180253508166	0.0
40.283181043240845	0.0
40.293181832973524	0.0
40.30318262270621	0.0
40.31318341243889	0.0
40.32318420217157	0.0
40.333184991904254	0.0
40.34318578163693	0.0
40.35318657136961	0.0
40.3631873611023	0.0
40.37318815083498	0.0
40.383188940567656	0.0
40.39318973030034	0.0
40.40319052003302	0.0
40.4131913097657	0.0
40.42319209949839	0.0
40.433192889231066	0.0
40.443193678963745	0.0
40.45319446869643	0.0
40.46319525842911	0.0
40.47319604816179	0.0
40.483196837894475	0.0
40.493197627627154	0.0
40.50319841735983	0.0
40.51319920709252	0.0
40.5231999968252	0.0
40.53320078655788	0.0
40.54320157629056	0.0
40.55320236602324	0.0
40.56320315575592	0.0
40.57320394548861	0.0
40.58320473522129	0.0
40.593205524953966	0.0
40.60320631468665	0.0
40.61320710441933	0.0
40.62320789415202	0.0
40.633208683884696	0.0
40.643209473617375	0.0
40.65321026335006	0.0
40.66321105308274	0.0
40.67321184281542	0.0
40.683212632548106	0.0
40.693213422280785	0.0
40.703214212013464	0.0
40.71321500174615	0.0
40.72321579147883	0.0
40.73321658121151	0.0
40.743217370944194	0.0
40.75321816067687	0.0
40.76321895040955	0.0
40.77321974014224	0.0
40.78322052987492	0.0
40.793221319607596	0.0
40.80322210934028	0.0
40.81322289907296	0.0
40.82322368880564	0.0
40.83322447853833	0.0
40.843225268271006	0.0
40.853226058003685	0.0
40.86322684773637	0.0
40.87322763746905	0.0
40.88322842720173	0.0
40.893229216934415	0.0
40.903230006667094	0.0
40.91323079639977	0.0
40.92323158613246	0.0
40.93323237586514	0.0
40.94323316559782	0.0
40.953233955330504	0.0
40.96323474506318	0.0
40.97323553479586	0.0
40.98323632452855	0.0
40.99323711426123	0.0
41.003237903993906	0.0
41.01323869372659	0.0
41.02323948345927	0.0
41.03324027319195	0.0
41.043241062924636	0.0
41.053241852657315	0.0
41.063242642389994	0.0
41.07324343212268	0.0
41.08324422185536	0.0
41.09324501158804	0.0
41.103245801320725	0.0
41.113246591053404	0.0
41.12324738078608	0.0
41.13324817051877	0.0
41.14324896025145	0.0
41.15324974998413	0.0
41.16325053971681	0.0
41.17325132944949	0.0
41.18325211918217	0.0
41.19325290891486	0.0
41.203253698647536	0.0
41.213254488380215	0.0
41.2232552781129	0.0
41.23325606784558	0.0
41.24325685757826	0.0
41.253257647310946	0.0
41.263258437043625	0.0
41.273259226776304	0.0
41.28326001650899	0.0
41.29326080624167	0.0
41.30326159597435	0.0
41.313262385707034	0.0
41.32326317543971	0.0
41.3332639651724	0.0
41.34326475490508	0.0
41.35326554463776	0.0
41.363266334370444	0.0
41.37326712410312	0.0
41.3832679138358	0.0
41.39326870356849	0.0
41.40326949330117	0.0
41.413270283033846	0.0
41.42327107276653	0.0
41.43327186249921	0.0
41.44327265223189	0.0
41.453273441964576	0.0
41.463274231697255	0.0
41.473275021429934	0.0
41.48327581116262	0.0
41.4932766008953	0.0
41.50327739062798	0.0
41.513278180360665	0.0
41.523278970093344	0.0
41.53327975982602	0.0
41.54328054955871	0.0
41.55328133929139	0.0
41.56328212902407	0.0
41.57328291875675	0.0
41.58328370848943	0.0
41.59328449822211	0.0
41.6032852879548	0.0
41.61328607768748	0.0
41.623286867420155	0.0
41.63328765715284	0.0
41.64328844688552	0.0
41.6532892366182	0.0
41.663290026350886	0.0
41.673290816083565	0.0
41.683291605816244	0.0
41.69329239554893	0.0
41.70329318528161	0.0
41.71329397501429	0.0
41.723294764746974	0.0
41.73329555447965	0.0
41.74329634421233	0.0
41.75329713394502	0.0
41.7632979236777	0.0
41.77329871341038	0.0
41.78329950314306	0.0
41.79330029287574	0.0
41.80330108260842	0.0
41.81330187234111	0.0
41.823302662073786	0.0
41.833303451806465	0.0
41.84330424153915	0.0
41.85330503127183	0.0
41.86330582100451	0.0
41.873306610737195	0.0
41.883307400469874	0.0
41.89330819020255	0.0
41.90330897993524	0.0
41.91330976966792	0.0
41.9233105594006	0.0
41.933311349133284	0.0
41.94331213886596	0.0
41.95331292859864	0.0
41.96331371833133	0.0
41.97331450806401	0.0
41.983315297796686	0.0
41.99331608752937	0.0
42.00331687726205	0.0
42.01331766699474	0.0
42.02331845672742	0.0
42.033319246460096	0.0
42.04332003619278	0.0
42.05332082592546	0.0
42.06332161565814	0.0
42.073322405390826	0.0
42.083323195123505	0.0
42.093323984856184	0.0
42.10332477458887	0.0
42.11332556432155	0.0
42.12332635405423	0.0
42.133327143786914	0.0
42.14332793351959	0.0
42.15332872325227	0.0
42.16332951298496	0.0
42.17333030271764	0.0
42.18333109245032	0.0
42.193331882183	0.0
42.20333267191568	0.0
42.21333346164836	0.0
42.22333425138105	0.0
42.233335041113726	0.0
42.243335830846405	0.0
42.25333662057909	0.0
42.26333741031177	0.0
42.27333820004445	0.0
42.283338989777135	0.0
42.293339779509814	0.0
42.30334056924249	0.0
42.31334135897518	0.0
42.32334214870786	0.0
42.33334293844054	0.0
42.343343728173224	0.0
42.3533445179059	0.0
42.36334530763858	0.0
42.37334609737127	0.0
42.38334688710395	0.0
42.393347676836626	0.0
42.40334846656931	0.0
42.41334925630199	0.0
42.42335004603467	0.0
42.43335083576736	0.0
42.443351625500036	0.0
42.453352415232715	0.0
42.4633532049654	0.0
42.47335399469808	0.0
42.48335478443076	0.0
42.493355574163445	0.0
42.503356363896124	0.0
42.5133571536288	0.0
42.52335794336149	0.0
42.53335873309417	0.0
42.54335952282685	0.0
42.55336031255953	0.0
42.56336110229221	0.0
42.57336189202489	0.0
42.58336268175758	0.0
42.59336347149026	0.0
42.603364261222936	0.0
42.61336505095562	0.0
42.6233658406883	0.0
42.63336663042098	0.0
42.643367420153666	0.0
42.653368209886345	0.0
42.663368999619024	0.0
42.67336978935171	0.0
42.68337057908439	0.0
42.69337136881707	0.0
42.703372158549755	0.0
42.713372948282434	0.0
42.72337373801512	0.0
42.7333745277478	0.0
42.74337531748048	0.0
42.753376107213164	0.0
42.76337689694584	0.0
42.77337768667852	0.0
42.78337847641121	0.0
42.79337926614389	0.0
42.803380055876566	0.0
42.81338084560925	0.0
42.82338163534193	0.0
42.83338242507461	0.0
42.8433832148073	0.0
42.853384004539976	0.0
42.863384794272655	0.0
42.87338558400534	0.0
42.88338637373802	0.0
42.8933871634707	175.0
42.903387953203385	171.0
42.913388742936064	173.0
42.92338953266874	173.0
42.93339032240143	175.0
42.94339111213411	179.0
42.95339190186679	181.0
42.96339269159947	183.0
42.97339348133215	183.0
42.98339427106483	181.0
42.99339506079752	177.0
43.0033958505302	173.0
43.013396640262876	171.0
43.02339742999556	167.0
43.03339821972824	165.0
43.04339900946092	163.0
43.053399799193606	163.0
43.063400588926285	161.0
43.073401378658964	161.0
43.08340216839165	159.0
43.09340295812433	158.0
43.10340374785701	156.0
43.113404537589695	154.0
43.123405327322374	154.0
43.13340611705505	154.0
43.14340690678774	154.0
43.15340769652042	156.0
43.1634084862531	159.0
43.17340927598578	161.0
43.18341006571846	165.0
43.19341085545114	169.0
43.20341164518383	169.0
43.213412434916506	171.0
43.223413224649185	171.0
43.23341401438187	169.0
43.24341480411455	165.0
43.25341559384723	161.0
43.263416383579916	158.0
43.273417173312595	156.0
43.283417963045274	156.0
43.29341875277796	156.0
43.30341954251064	158.0
43.31342033224332	159.0
43.323421121976004	161.0
43.33342191170868	161.0
43.34342270144136	163.0
43.35342349117405	163.0
43.36342428090673	161.0
43.373425070639406	161.0
43.38342586037209	159.0
43.39342665010477	158.0
43.40342743983746	158.0
43.41342822957014	158.0
43.423429019302816	158.0
43.4334298090355	159.0
43.44343059876818	159.0
43.45343138850086	161.0
43.463432178233546	159.0
43.473432967966225	159.0
43.483433757698904	158.0
43.49343454743159	158.0
43.50343533716427	158.0
43.51343612689695	159.0
43.523436916629635	159.0
43.533437706362314	159.0
43.54343849609499	161.0
43.55343928582768	163.0
43.56344007556036	171.0
43.57344086529304	177.0
43.58344165502572	181.0
43.5934424447584	183.0
43.60344323449108	181.0
43.61344402422377	181.0
43.623444813956446	177.0
43.633445603689125	175.0
43.64344639342181	175.0
43.65344718315449	173.0
43.66344797288717	173.0
43.673448762619856	173.0
43.683449552352535	175.0
43.693450342085214	175.0
43.7034511318179	175.0
43.71345192155058	175.0
43.72345271128326	175.0
43.733453501015944	175.0
43.74345429074862	175.0
43.7534550804813	175.0
43.76345587021399	175.0
43.77345665994667	175.0
43.78345744967935	175.0
43.79345823941203	175.0
43.80345902914471	175.0
43.81345981887739	175.0
43.82346060861008	175.0
43.833461398342756	175.0
43.843462188075435	175.0
43.85346297780812	175.0
43.8634637675408	175.0
43.87346455727348	175.0
43.883465347006165	175.0
43.893466136738844	173.0
43.90346692647152	173.0
43.91346771620421	173.0
43.92346850593689	175.0
43.93346929566957	175.0
43.943470085402254	175.0
43.95347087513493	175.0
43.96347166486761	175.0
43.9734724546003	175.0
43.98347324433298	175.0
43.993474034065656	177.0
44.00347482379834	177.0
44.01347561353102	175.0
44.0234764032637	175.0
44.033477192996386	173.0
44.043477982729065	171.0
44.053478772461744	169.0
44.06347956219443	167.0
44.07348035192711	167.0
44.08348114165979	171.0
44.093481931392475	173.0
44.103482721125154	179.0
44.11348351085784	181.0
44.12348430059052	183.0
44.1334850903232	183.0
44.143485880055884	183.0
44.15348666978856	179.0
44.16348745952124	177.0
44.17348824925393	175.0
44.18348903898661	175.0
44.19348982871929	177.0
44.20349061845197	183.0
44.21349140818465	190.0
44.22349219791733	196.0
44.23349298765002	203.0
44.243493777382696	208.0
44.253494567115375	213.0
44.26349535684806	213.0
44.27349614658074	213.0
44.28349693631342	213.0
44.293497726046105	210.0
44.303498515778784	210.0
44.31349930551146	208.0
44.32350009524415	208.0
44.33350088497683	208.0
44.34350167470951	208.0
44.353502464442194	208.0
44.36350325417487	208.0
44.37350404390755	208.0
44.38350483364024	208.0
44.39350562337292	208.0
44.403506413105596	208.0
44.41350720283828	208.0
44.42350799257096	208.0
44.43350878230364	208.0
44.44350957203633	208.0
44.453510361769005	208.0
44.463511151501685	206.0
44.47351194123437	206.0
44.48351273096705	206.0
44.49351352069973	206.0
44.503514310432415	206.0
44.513515100165094	206.0
44.52351588989777	206.0
44.53351667963046	206.0
44.54351746936314	206.0
44.55351825909582	206.0
44.5635190488285	206.0
44.57351983856118	206.0
44.58352062829386	206.0
44.59352141802655	206.0
44.60352220775923	206.0
44.613522997491906	206.0
44.62352378722459	206.0
44.63352457695727	206.0
44.64352536668995	206.0
44.653526156422636	206.0
44.663526946155315	206.0
44.673527735887994	206.0
44.68352852562068	206.0
44.69352931535336	203.0
44.70353010508604	203.0
44.713530894818724	203.0
44.7235316845514	206.0
44.73353247428408	206.0
44.74353326401677	206.0
44.75353405374945	208.0
44.76353484348213	208.0
44.77353563321481	208.0
44.78353642294749	208.0
44.79353721268018	206.0
44.80353800241286	206.0
44.813538792145536	206.0
44.82353958187822	206.0
44.8335403716109	206.0
44.84354116134358	206.0
44.85354195107627	206.0
44.863542740808946	206.0
44.873543530541625	206.0
44.88354432027431	206.0
44.89354511000699	206.0
44.90354589973967	206.0
44.913546689472355	208.0
44.923547479205034	208.0
44.93354826893771	208.0
44.9435490586704	208.0
44.95354984840308	208.0
44.96355063813576	208.0
44.97355142786844	208.0
44.98355221760112	206.0
44.9935530073338	206.0
45.00355379706649	206.0
45.01355458679917	206.0
45.023555376531846	208.0
45.03355616626453	208.0
45.04355695599721	208.0
45.05355774572989	208.0
45.063558535462576	206.0
45.073559325195255	206.0
45.083560114927934	206.0
45.09356090466062	203.0
45.1035616943933	206.0
45.11356248412598	206.0
45.123563273858665	206.0
45.13356406359134	206.0
45.14356485332402	206.0
45.15356564305671	208.0
45.16356643278939	208.0
45.17356722252207	208.0
45.18356801225475	208.0
45.19356880198743	208.0
45.20356959172011	208.0
45.2135703814528	208.0
45.223571171185476	206.0
45.233571960918155	206.0
45.24357275065084	206.0
45.25357354038352	206.0
45.2635743301162	206.0
45.273575119848886	206.0
45.283575909581565	206.0
45.293576699314244	206.0
45.30357748904693	208.0
45.31357827877961	208.0
45.32357906851229	206.0
45.333579858244974	206.0
45.34358064797765	206.0
45.35358143771033	206.0
45.36358222744302	206.0
45.3735830171757	206.0
45.383583806908376	206.0
45.39358459664106	206.0
45.40358538637374	206.0
45.41358617610642	206.0
45.42358696583911	208.0
45.433587755571786	208.0
45.443588545304465	208.0
45.45358933503715	208.0
45.46359012476983	208.0
45.47359091450251	206.0
45.483591704235195	206.0
45.493592493967874	206.0
45.50359328370056	206.0
45.51359407343324	206.0
45.52359486316592	206.0
45.533595652898605	206.0
45.543596442631284	206.0
45.55359723236396	206.0
45.56359802209665	206.0
45.57359881182933	206.0
45.58359960156201	208.0
45.59360039129469	208.0
45.60360118102737	208.0
45.61360197076005	208.0
45.62360276049274	208.0
45.633603550225416	208.0
45.643604339958095	208.0
45.65360512969078	208.0
45.66360591942346	208.0
45.67360670915614	208.0
45.683607498888826	208.0
45.693608288621505	206.0
45.703609078354184	206.0
45.71360986808687	206.0
45.72361065781955	206.0
45.73361144755223	206.0
45.743612237284914	206.0
45.75361302701759	206.0
45.76361381675027	206.0
45.77361460648296	206.0
45.78361539621564	206.0
45.793616185948316	206.0
45.803616975681	206.0
45.81361776541368	206.0
45.82361855514636	206.0
45.83361934487905	206.0
45.843620134611726	206.0
45.853620924344405	206.0
45.86362171407709	206.0
45.87362250380977	206.0
45.88362329354245	206.0
45.893624083275135	206.0
45.903624873007814	206.0
45.91362566274049	206.0
45.92362645247318	206.0
45.93362724220586	206.0
45.94362803193854	206.0
45.953628821671224	206.0
45.9636296114039	206.0
45.97363040113658	206.0
45.98363119086927	206.0
45.99363198060195	206.0
46.003632770334626	206.0
46.01363356006731	206.0
46.02363434979999	206.0
46.03363513953267	206.0
46.043635929265356	206.0
46.053636718998035	206.0
46.063637508730714	206.0
46.0736382984634	206.0
46.08363908819608	206.0
46.09363987792876	206.0
46.103640667661445	206.0
46.113641457394124	206.0
46.1236422471268	206.0
46.13364303685949	208.0
46.14364382659217	208.0
46.15364461632485	208.0
46.16364540605753	208.0
46.17364619579021	208.0
46.1836469855229	206.0
46.19364777525558	206.0
46.20364856498826	206.0
46.21364935472094	206.0
46.22365014445362	206.0
46.2336509341863	206.0
46.24365172391899	206.0
46.253652513651666	206.0
46.263653303384345	206.0
46.27365409311703	206.0
46.28365488284971	206.0
46.29365567258239	206.0
46.303656462315075	206.0
46.313657252047754	206.0
46.32365804178043	208.0
46.33365883151312	208.0
46.3436596212458	208.0
46.35366041097848	206.0
46.363661200711164	206.0
46.37366199044384	206.0
46.38366278017652	206.0
46.39366356990921	206.0
46.40366435964189	206.0
46.413665149374566	206.0
46.42366593910725	206.0
46.43366672883993	206.0
46.44366751857261	206.0
46.453668308305296	208.0
46.463669098037975	208.0
46.473669887770654	208.0
46.48367067750334	208.0
46.49367146723602	208.0
46.5036722569687	208.0
46.513673046701385	208.0
46.523673836434064	208.0
46.53367462616674	208.0
46.54367541589943	208.0
46.55367620563211	206.0
46.56367699536479	206.0
46.57367778509747	206.0
46.58367857483015	206.0
46.59367936456283	206.0
46.60368015429552	208.0
46.6136809440282	208.0
46.623681733760876	208.0
46.63368252349356	208.0
46.64368331322624	208.0
46.65368410295892	208.0
46.663684892691606	208.0
46.673685682424285	208.0
46.683686472156964	208.0
46.69368726188965	208.0
46.70368805162233	208.0
46.71368884135501	208.0
46.723689631087694	208.0
46.73369042082037	208.0
46.74369121055305	208.0
46.75369200028574	208.0
46.76369279001842	208.0
46.7736935797511	208.0
46.78369436948378	208.0
46.79369515921646	208.0
46.80369594894914	208.0
46.81369673868183	208.0
46.823697528414506	208.0
46.833698318147185	208.0
46.84369910787987	208.0
46.85369989761255	208.0
46.86370068734523	208.0
46.873701477077915	210.0
46.883702266810594	210.0
46.89370305654328	210.0
46.90370384627596	210.0
46.91370463600864	210.0
46.923705425741325	210.0
46.933706215474004	208.0
46.94370700520668	208.0
46.95370779493937	208.0
46.96370858467205	208.0
46.97370937440473	208.0
46.98371016413741	208.0
46.99371095387009	208.0
47.00371174360277	208.0
47.01371253333546	208.0
47.02371332306814	208.0
47.033714112800816	208.0
47.0437149025335	208.0
47.05371569226618	208.0
47.06371648199886	208.0
47.073717271731546	208.0
47.083718061464225	208.0
47.093718851196904	208.0
47.10371964092959	210.0
47.11372043066227	210.0
47.12372122039495	210.0
47.133722010127634	210.0
47.14372279986031	208.0
47.15372358959299	208.0
47.16372437932568	208.0
47.17372516905836	208.0
47.18372595879104	208.0
47.19372674852372	208.0
47.2037275382564	0.0
47.21372832798908	0.0
47.22372911772177	0.0
47.233729907454446	0.0
47.243730697187125	0.0
47.25373148691981	0.0
47.26373227665249	0.0
47.27373306638517	0.0
47.283733856117856	0.0
47.293734645850535	0.0
47.303735435583214	0.0
47.3137362253159	0.0
47.32373701504858	0.0
47.33373780478126	210.0
47.343738594513944	210.0
47.35373938424662	210.0
47.3637401739793	0.0
47.37374096371199	0.0
47.38374175344467	0.0
47.393742543177346	0.0
47.40374333291003	0.0
47.41374412264271	0.0
47.42374491237539	0.0
47.43374570210808	0.0
47.443746491840756	0.0
47.453747281573435	0.0
47.46374807130612	0.0
47.4737488610388	0.0
47.48374965077148	0.0
47.493750440504165	0.0
47.503751230236844	0.0
47.51375201996952	0.0
47.52375280970221	0.0
47.53375359943489	0.0
47.54375438916757	0.0
47.55375517890025	0.0
47.56375596863293	0.0
47.57375675836562	0.0
47.5837575480983	0.0
47.59375833783098	0.0
47.60375912756366	0.0
47.61375991729634	0.0
47.62376070702902	0.0
47.63376149676171	0.0
47.643762286494386	0.0
47.653763076227065	0.0
47.66376386595975	0.0
47.67376465569243	0.0
47.68376544542511	0.0
47.693766235157796	0.0
47.703767024890475	0.0
47.713767814623154	0.0
47.72376860435584	0.0
47.73376939408852	0.0
47.7437701838212	0.0
47.753770973553884	0.0
47.76377176328656	0.0
47.77377255301924	0.0
47.78377334275193	0.0
47.79377413248461	0.0
47.803774922217286	0.0
47.81377571194997	0.0
47.82377650168265	0.0
47.83377729141533	0.0
47.84377808114802	0.0
47.853778870880696	0.0
47.863779660613375	0.0
47.87378045034606	0.0
47.88378124007874	0.0
47.89378202981142	0.0
47.903782819544105	0.0
47.913783609276784	0.0
47.92378439900946	0.0
47.93378518874215	0.0
47.94378597847483	0.0
47.95378676820751	0.0
47.96378755794019	0.0
47.97378834767287	0.0
47.98378913740555	0.0
47.99378992713824	0.0
48.00379071687092	0.0
48.013791506603596	0.0
48.02379229633628	0.0
48.03379308606896	0.0
48.04379387580164	0.0
48.053794665534326	0.0
48.063795455267005	206.0
48.073796244999684	206.0
48.08379703473237	206.0
48.09379782446505	206.0
48.10379861419773	206.0
48.113799403930415	206.0
48.123800193663094	208.0
48.13380098339577	208.0
48.14380177312846	206.0
48.15380256286114	206.0
48.16380335259382	206.0
48.1738041423265	203.0
48.18380493205918	201.0
48.19380572179186	201.0
48.20380651152455	203.0
48.213807301257226	203.0
48.223808090989905	206.0
48.23380888072259	206.0
48.24380967045527	206.0
48.25381046018796	208.0
48.263811249920636	208.0
48.273812039653315	208.0
48.283812829386	208.0
48.29381361911868	208.0
48.30381440885136	203.0
48.313815198584045	199.0
48.323815988316724	190.0
48.3338167780494	181.0
48.34381756778209	173.0
48.35381835751477	163.0
48.36381914724745	163.0
48.373819936980134	163.0
48.38382072671281	163.0
48.39382151644549	167.0
48.40382230617818	175.0
48.41382309591086	181.0
48.423823885643536	190.0
48.43382467537622	196.0
48.4438254651089	206.0
48.45382625484158	213.0
48.463827044574266	218.0
48.473827834306945	218.0
48.483828624039624	215.0
48.49382941377231	213.0
48.50383020350499	210.0
48.51383099323767	203.0
48.523831782970355	194.0
48.533832572703034	187.0
48.54383336243571	181.0
48.5538341521684	179.0
48.56383494190108	177.0
48.57383573163376	175.0
48.58383652136644	173.0
48.59383731109912	173.0
48.6038381008318	171.0
48.61383889056449	169.0
48.623839680297166	167.0
48.633840470029845	165.0
48.64384125976253	165.0
48.65384204949521	163.0
48.66384283922789	161.0
48.673843628960576	159.0
48.683844418693255	158.0
48.693845208425934	156.0
48.70384599815862	156.0
48.7138467878913	156.0
48.72384757762398	158.0
48.733848367356664	159.0
48.74384915708934	161.0
48.75384994682202	163.0
48.76385073655471	165.0
48.77385152628739	167.0
48.78385231602007	167.0
48.79385310575275	167.0
48.80385389548543	165.0
48.81385468521811	161.0
48.8238554749508	159.0
48.833856264683476	158.0
48.843857054416155	158.0
48.85385784414884	158.0
48.86385863388152	158.0
48.8738594236142	159.0
48.883860213346885	161.0
48.893861003079564	163.0
48.90386179281224	165.0
48.91386258254493	165.0
48.92386337227761	163.0
48.93386416201029	161.0
48.943864951742974	159.0
48.95386574147565	158.0
48.96386653120834	154.0
48.97386732094102	154.0
48.9838681106737	156.0
48.99386890040638	161.0
49.00386969013906	163.0
49.01387047987174	165.0
49.02387126960443	167.0
49.03387205933711	0.0
49.043872849069786	0.0
49.05387363880247	0.0
49.06387442853515	0.0
49.07387521826783	0.0
49.083876008000516	0.0
49.093876797733195	0.0
49.103877587465874	0.0
49.11387837719856	0.0
49.12387916693124	0.0
49.13387995666392	0.0
49.143880746396604	0.0
49.15388153612928	0.0
49.16388232586196	0.0
49.17388311559465	0.0
49.18388390532733	0.0
49.19388469506001	0.0
49.20388548479269	0.0
49.21388627452537	0.0
49.22388706425805	0.0
49.23388785399074	0.0
49.243888643723416	0.0
49.253889433456095	0.0
49.26389022318878	0.0
49.27389101292146	0.0
49.28389180265414	0.0
49.293892592386825	0.0
49.303893382119504	0.0
49.31389417185218	0.0
49.32389496158487	0.0
49.33389575131755	0.0
49.34389654105023	0.0
49.353897330782914	0.0
49.36389812051559	0.0
49.37389891024827	0.0
49.38389969998096	0.0
49.39390048971364	0.0
49.403901279446316	0.0
49.413902069179	0.0
49.42390285891168	0.0
49.43390364864436	0.0
49.44390443837705	0.0
49.453905228109726	0.0
49.463906017842405	0.0
49.47390680757509	0.0
49.48390759730777	0.0
49.49390838704045	0.0
49.503909176773135	0.0
49.513909966505814	0.0
49.52391075623849	0.0
49.53391154597118	0.0
49.54391233570386	0.0
49.55391312543654	0.0
49.56391391516922	0.0
49.5739147049019	0.0
49.58391549463458	0.0
49.59391628436727	0.0
49.60391707409995	0.0
49.613917863832626	0.0
49.62391865356531	0.0
49.63391944329799	0.0
49.64392023303068	0.0
49.653921022763356	0.0
49.663921812496035	0.0
49.67392260222872	0.0
49.6839233919614	0.0
49.69392418169408	0.0
49.703924971426765	0.0
49.713925761159445	0.0
49.72392655089212	0.0
49.73392734062481	0.0
49.74392813035749	0.0
49.75392892009017	0.0
49.763929709822854	0.0
49.77393049955553	0.0
49.78393128928821	0.0
49.7939320790209	0.0
49.80393286875358	0.0
49.813933658486256	0.0
49.82393444821894	0.0
49.83393523795162	0.0
49.8439360276843	398.0
49.85393681741699	393.0
49.863937607149666	393.0
49.873938396882345	389.0
49.88393918661503	384.0
49.89393997634771	380.0
49.90394076608039	375.0
49.913941555813075	375.0
49.923942345545754	371.0
49.93394313527843	371.0
49.94394392501112	367.0
49.9539447147438	363.0
49.96394550447648	358.0
49.97394629420916	358.0
49.98394708394184	354.0
49.99394787367452	354.0
50.00394866340721	350.0
50.01394945313989	346.0
50.023950242872566	342.0
50.03395103260525	342.0
50.04395182233793	338.0
50.05395261207061	338.0
50.063953401803296	334.0
50.073954191535975	334.0
50.083954981268654	331.0
50.09395577100134	331.0
50.10395656073402	327.0
50.1139573504667	323.0
50.123958140199385	323.0
50.133958929932064	319.0
50.14395971966474	319.0
50.15396050939743	316.0
50.16396129913011	312.0
50.17396208886279	312.0
50.18396287859547	312.0
50.19396366832815	312.0
50.20396445806083	312.0
50.21396524779352	312.0
50.223966037526196	312.0
50.233966827258875	312.0
50.24396761699156	308.0
50.25396840672424	308.0
50.26396919645692	308.0
50.273969986189606	308.0
50.283970775922285	308.0
50.293971565654964	308.0
50.30397235538765	308.0
50.31397314512033	308.0
50.32397393485301	308.0
50.333974724585694	308.0
50.34397551431837	308.0
50.35397630405106	312.0
50.36397709378374	312.0
50.37397788351642	312.0
50.3839786732491	312.0
50.39397946298178	312.0
50.40398025271446	316.0
50.41398104244715	316.0
50.42398183217983	319.0
50.433982621912506	319.0
50.44398341164519	319.0
50.45398420137787	316.0
50.46398499111055	316.0
50.473985780843236	312.0
50.483986570575915	312.0
50.493987360308594	312.0
50.50398815004128	312.0
50.51398893977396	312.0
50.52398972950664	312.0
50.533990519239325	312.0
50.543991308972004	312.0
50.55399209870468	312.0
50.56399288843737	308.0
50.57399367817005	308.0
50.58399446790273	312.0
50.59399525763541	312.0
50.60399604736809	312.0
50.61399683710077	312.0
50.62399762683346	308.0
50.633998416566136	308.0
50.643999206298815	312.0
50.6539999960315	312.0
50.66400078576418	316.0
50.67400157549686	316.0
50.684002365229546	319.0
50.694003154962225	319.0
50.704003944694904	319.0
50.71400473442759	319.0
50.72400552416027	319.0
50.73400631389295	316.0
50.744007103625634	316.0
50.75400789335831	312.0
50.76400868309099	312.0
50.77400947282368	312.0
50.78401026255636	312.0
50.79401105228904	312.0
50.80401184202172	308.0
50.8140126317544	308.0
50.82401342148708	308.0
50.83401421121977	308.0
50.844015000952446	312.0
50.854015790685125	0.0
50.86401658041781	0.0
50.87401737015049	0.0
50.88401815988317	226.0
50.894018949615855	223.0
50.904019739348534	220.0
50.91402052908121	218.0
50.9240213188139	218.0
50.93402210854658	215.0
50.94402289827926	213.0
50.954023688011944	213.0
50.96402447774462	210.0
50.9740252674773	210.0
50.98402605720999	208.0
50.99402684694267	208.0
51.004027636675346	208.0
51.01402842640803	208.0
51.02402921614071	210.0
51.0340300058734	213.0
51.044030795606076	213.0
51.054031585338755	213.0
51.06403237507144	213.0
51.07403316480412	213.0
51.0840339545368	210.0
51.094034744269486	208.0
51.104035534002165	206.0
51.114036323734844	206.0
51.12403711346753	206.0
51.13403790320021	203.0
51.14403869293289	206.0
51.154039482665574	206.0
51.16404027239825	208.0
51.17404106213093	210.0
51.18404185186362	210.0
51.1940426415963	213.0
51.20404343132898	210.0
51.21404422106166	210.0
51.22404501079434	208.0
51.23404580052702	208.0
51.24404659025971	206.0
51.254047379992386	206.0
51.264048169725065	206.0
51.27404895945775	206.0
51.28404974919043	208.0
51.29405053892311	208.0
51.304051328655795	208.0
51.314052118388474	210.0
51.32405290812115	210.0
51.33405369785384	210.0
51.34405448758652	210.0
51.3540552773192	210.0
51.364056067051884	210.0
51.37405685678456	210.0
51.38405764651724	208.0
51.39405843624993	208.0
51.40405922598261	206.0
51.414060015715286	206.0
51.42406080544797	208.0
51.43406159518065	208.0
51.44406238491333	208.0
51.454063174646016	208.0
51.464063964378695	208.0
51.474064754111374	208.0
51.48406554384406	208.0
51.49406633357674	208.0
51.50406712330942	210.0
51.514067913042105	210.0
51.524068702774784	213.0
51.53406949250746	213.0
51.54407028224015	213.0
51.55407107197283	210.0
51.56407186170551	210.0
51.57407265143819	208.0
51.58407344117087	208.0
51.59407423090355	206.0
51.60407502063624	206.0
51.61407581036892	203.0
51.624076600101596	203.0
51.63407738983428	201.0
51.64407817956696	199.0
51.65407896929964	196.0
51.664079759032326	194.0
51.674080548765005	190.0
51.684081338497684	185.0
51.69408212823037	179.0
51.70408291796305	173.0
51.71408370769573	169.0
51.724084497428414	165.0
51.73408528716109	161.0
51.74408607689378	156.0
51.75408686662646	152.0
51.76408765635914	150.0
51.774088446091824	150.0
51.7840892358245	150.0
51.79409002555718	152.0
51.80409081528987	158.0
51.81409160502255	165.0
51.824092394755226	173.0
51.83409318448791	179.0
51.84409397422059	185.0
51.85409476395327	187.0
51.86409555368596	192.0
51.874096343418636	196.0
51.884097133151315	199.0
51.894097922884	199.0
51.90409871261668	199.0
51.91409950234936	192.0
51.924100292082045	185.0
51.934101081814724	181.0
51.9441018715474	177.0
51.95410266128009	173.0
51.96410345101277	171.0
51.97410424074545	169.0
51.98410503047813	165.0
51.99410582021081	163.0
52.00410660994349	161.0
52.01410739967618	159.0
52.02410818940886	159.0
52.034108979141536	159.0
52.04410976887422	159.0
52.0541105586069	161.0
52.06411134833958	163.0
52.074112138072266	165.0
52.084112927804945	169.0
52.094113717537624	173.0
52.10411450727031	179.0
52.11411529700299	183.0
52.12411608673567	185.0
52.134116876468354	187.0
52.14411766620103	185.0
52.15411845593371	183.0
52.1641192456664	179.0
52.17412003539908	175.0
52.18412082513176	171.0
52.19412161486444	169.0
52.20412240459712	169.0
52.2141231943298	171.0
52.22412398406249	173.0
52.234124773795166	177.0
52.244125563527845	181.0
52.25412635326053	183.0
52.26412714299321	185.0
52.27412793272589	185.0
52.284128722458576	185.0
52.294129512191255	183.0
52.304130301923934	181.0
52.31413109165662	179.0
52.3241318813893	177.0
52.33413267112198	175.0
52.344133460854664	173.0
52.35413425058734	175.0
52.36413504032002	175.0
52.37413583005271	179.0
52.38413661978539	181.0
52.394137409518066	183.0
52.40413819925075	185.0
52.41413898898343	183.0
52.42413977871612	181.0
52.4341405684488	177.0
52.444141358181476	171.0
52.45414214791416	167.0
52.46414293764684	167.0
52.47414372737952	165.0
52.484144517112206	169.0
52.494145306844885	175.0
52.504146096577564	181.0
52.51414688631025	185.0
52.52414767604293	190.0
52.53414846577561	192.0
52.544149255508295	192.0
52.554150045240974	190.0
52.56415083497365	185.0
52.57415162470634	181.0
52.58415241443902	179.0
52.5941532041717	175.0
52.60415399390438	173.0
52.61415478363706	171.0
52.62415557336974	171.0
52.63415636310243	169.0
52.644157152835106	169.0
52.654157942567785	169.0
52.66415873230047	171.0
52.67415952203315	175.0
52.68416031176583	179.0
52.694161101498516	187.0
52.704161891231195	196.0
52.714162680963874	208.0
52.72416347069656	213.0
52.73416426042924	218.0
52.74416505016192	218.0
52.754165839894604	213.0
52.76416662962728	203.0
52.77416741935996	190.0
52.78416820909265	175.0
52.79416899882533	169.0
52.804169788558006	169.0
52.81417057829069	171.0
52.82417136802337	175.0
52.83417215775605	181.0
52.84417294748874	190.0
52.854173737221416	196.0
52.864174526954095	208.0
52.87417531668678	213.0
52.88417610641946	213.0
52.89417689615214	210.0
52.904177685884825	203.0
52.914178475617504	194.0
52.92417926535018	187.0
52.93418005508287	185.0
52.94418084481555	190.0
52.95418163454823	196.0
52.964182424280914	208.0
52.97418321401359	220.0
52.98418400374627	236.0
52.99418479347896	248.0
53.00418558321164	253.0
53.014186372944316	256.0
53.024187162677	248.0
53.03418795240968	239.0
53.04418874214236	226.0
53.054189531875046	226.0
53.064190321607725	228.0
53.074191111340404	239.0
53.08419190107309	253.0
53.09419269080577	265.0
53.10419348053845	281.0
53.114194270271135	291.0
53.124195060003814	291.0
53.1341958497365	268.0
53.14419663946918	256.0
53.15419742920186	236.0
53.164198218934544	228.0
53.17419900866722	228.0
53.1841997983999	234.0
53.19420058813259	239.0
53.20420137786527	245.0
53.214202167597946	253.0
53.22420295733063	256.0
53.23420374706331	253.0
53.24420453679599	248.0
53.25420532652868	236.0
53.264206116261356	223.0
53.274206905994035	218.0
53.28420769572672	0.0
53.2942084854594	0.0
53.30420927519208	0.0
53.314210064924765	0.0
53.324210854657444	0.0
53.33421164439012	0.0
53.34421243412281	0.0
53.35421322385549	0.0
53.36421401358817	183.0
53.374214803320854	179.0
53.38421559305353	179.0
53.39421638278621	179.0
53.4042171725189	181.0
53.41421796225158	183.0
53.424218751984256	183.0
53.43421954171694	185.0
53.44422033144962	183.0
53.4542211211823	181.0
53.464221910914986	177.0
53.474222700647665	175.0
53.484223490380344	173.0
53.49422428011303	175.0
53.50422506984571	177.0
53.51422585957839	179.0
53.524226649311075	181.0
53.534227439043754	181.0
53.54422822877643	183.0
53.55422901850912	183.0
53.5642298082418	185.0
53.57423059797448	183.0
53.58423138770716	183.0
53.59423217743984	181.0
53.60423296717252	179.0
53.61423375690521	177.0
53.62423454663789	175.0
53.634235336370566	173.0
53.64423612610325	173.0
53.65423691583593	175.0
53.66423770556861	177.0
53.674238495301296	183.0
53.684239285033975	185.0
53.694240074766654	190.0
53.70424086449934	192.0
53.71424165423202	196.0
53.7242424439647	201.0
53.734243233697384	206.0
53.74424402343006	210.0
53.75424481316274	213.0
53.76424560289543	213.0
53.77424639262811	210.0
53.78424718236079	210.0
53.79424797209347	208.0
53.80424876182615	208.0
53.81424955155884	206.0
53.82425034129152	206.0
53.834251131024196	203.0
53.84425192075688	203.0
53.85425271048956	201.0
53.86425350022224	199.0
53.874254289954926	196.0
53.884255079687605	190.0
53.894255869420284	185.0
53.90425665915297	179.0
53.91425744888565	173.0
53.92425823861833	169.0
53.934259028351015	165.0
53.944259818083694	165.0
53.95426060781637	163.0
53.96426139754906	165.0
53.97426218728174	169.0
53.98426297701442	177.0
53.9942637667471	183.0
54.00426455647978	192.0
54.01426534621246	199.0
54.02426613594515	208.0
54.03426692567783	215.0
54.044267715410506	215.0
54.05426850514319	215.0
54.06426929487587	213.0
54.07427008460855	206.0
54.084270874341236	203.0
54.094271664073915	196.0
54.104272453806594	192.0
54.11427324353928	187.0
54.12427403327196	185.0
54.13427482300464	181.0
54.144275612737324	179.0
54.15427640247	177.0
54.16427719220268	173.0
54.17427798193537	171.0
54.18427877166805	171.0
54.19427956140073	171.0
54.20428035113341	175.0
54.21428114086609	179.0
54.22428193059877	185.0
54.23428272033146	192.0
54.244283510064136	199.0
54.254284299796815	203.0
54.2642850895295	210.0
54.27428587926218	213.0
54.28428666899486	215.0
54.294287458727545	213.0
54.304288248460225	210.0
54.3142890381929	206.0
54.32428982792559	199.0
54.33429061765827	196.0
54.34429140739095	194.0
54.354292197123634	196.0
54.36429298685631	203.0
54.37429377658899	210.0
54.38429456632168	218.0
54.39429535605436	226.0
54.404296145787036	236.0
54.41429693551972	245.0
54.4242977252524	250.0
54.43429851498508	250.0
54.44429930471777	248.0
54.454300094450446	245.0
54.464300884183125	239.0
54.47430167391581	234.0
54.48430246364849	223.0
54.49430325338117	218.0
54.504304043113855	213.0
54.514304832846534	208.0
54.52430562257922	208.0
54.5343064123119	206.0
54.54430720204458	208.0
54.554307991777264	208.0
54.56430878150994	208.0
54.57430957124262	208.0
54.58431036097531	208.0
54.59431115070799	208.0
54.60431194044067	208.0
54.61431273017335	208.0
54.62431351990603	206.0
54.63431430963871	206.0
54.6443150993714	206.0
54.654315889104076	206.0
54.664316678836755	206.0
54.67431746856944	206.0
54.68431825830212	203.0
54.6943190480348	201.0
54.704319837767486	196.0
54.714320627500165	187.0
54.724321417232844	179.0
54.73432220696553	171.0
54.74432299669821	167.0
54.75432378643089	165.0
54.764324576163574	165.0
54.77432536589625	167.0
54.78432615562893	171.0
54.79432694536162	175.0
54.8043277350943	181.0
54.814328524826976	187.0
54.82432931455966	194.0
54.83433010429234	201.0
54.84433089402502	206.0
54.85433168375771	208.0
54.864332473490386	210.0
54.874333263223065	210.0
54.88433405295575	208.0
54.89433484268843	206.0
54.90433563242111	201.0
54.914336422153795	196.0
54.924337211886474	194.0
54.93433800161915	190.0
54.94433879135184	187.0
54.95433958108452	185.0
54.9643403708172	183.0
54.97434116054988	179.0
54.98434195028256	177.0
54.99434274001524	173.0
55.00434352974793	171.0
55.01434431948061	171.0
55.024345109213286	171.0
55.03434589894597	173.0
55.04434668867865	175.0
55.05434747841133	179.0
55.064348268144016	185.0
55.074349057876695	190.0
55.084349847609374	194.0
55.09435063734206	199.0
55.10435142707474	201.0
55.11435221680742	203.0
55.124353006540105	206.0
55.134353796272784	206.0
55.14435458600546	206.0
55.15435537573815	206.0
55.16435616547083	206.0
55.17435695520351	206.0
55.18435774493619	208.0
55.19435853466887	208.0
55.20435932440156	208.0
55.21436011413424	208.0
55.224360903866916	208.0
55.2343616935996	203.0
55.24436248333228	196.0
55.25436327306496	187.0
55.26436406279765	183.0
55.274364852530326	175.0
55.284365642263005	171.0
55.29436643199569	171.0
55.30436722172837	173.0
55.31436801146105	177.0
55.324368801193735	181.0
55.334369590926414	185.0
55.34437038065909	187.0
55.35437117039178	190.0
55.36437196012446	187.0
55.37437274985714	185.0
55.384373539589824	185.0
55.3943743293225	185.0
55.40437511905518	185.0
55.41437590878787	185.0
55.42437669852055	185.0
55.434377488253226	187.0
55.44437827798591	187.0
55.45437906771859	187.0
55.46437985745127	187.0
55.474380647183956	185.0
55.484381436916635	185.0
55.494382226649314	185.0
55.504383016382	185.0
55.51438380611468	185.0
55.52438459584736	185.0
55.534385385580045	185.0
55.544386175312724	185.0
55.5543869650454	185.0
55.56438775477809	185.0
55.57438854451077	185.0
55.58438933424345	185.0
55.59439012397613	183.0
55.60439091370881	183.0
55.61439170344149	183.0
55.62439249317418	181.0
55.634393282906856	181.0
55.644394072639535	181.0
55.65439486237222	181.0
55.6643956521049	183.0
55.67439644183758	183.0
55.684397231570266	185.0
55.694398021302945	0.0
55.704398811035624	0.0
55.71439960076831	0.0
55.72440039050099	0.0
55.73440118023367	0.0
55.744401969966354	0.0
55.75440275969903	0.0
55.76440354943171	0.0
55.7744043391644	0.0
55.78440512889708	0.0
55.79440591862976	0.0
55.80440670836244	0.0
55.81440749809512	0.0
55.8244082878278	0.0
55.83440907756049	0.0
55.844409867293166	0.0
55.854410657025845	0.0
55.86441144675853	0.0
55.87441223649121	0.0
55.88441302622389	0.0
55.894413815956575	0.0
55.904414605689254	0.0
55.91441539542194	0.0
55.92441618515462	0.0
55.9344169748873	0.0
55.944417764619985	0.0
55.954418554352664	0.0
55.96441934408534	0.0
55.97442013381803	0.0
55.98442092355071	0.0
55.99442171328339	0.0
56.00442250301607	0.0
56.01442329274875	0.0
56.02442408248143	0.0
56.03442487221412	0.0
56.044425661946796	0.0
56.054426451679475	0.0
56.06442724141216	0.0
56.07442803114484	0.0
56.08442882087752	0.0
56.094429610610206	0.0
56.104430400342885	0.0
56.114431190075564	0.0
56.12443197980825	0.0
56.13443276954093	0.0
56.14443355927361	0.0
56.154434349006294	0.0
56.16443513873897	0.0
56.17443592847165	0.0
56.18443671820434	0.0
56.19443750793702	0.0
56.2044382976697	0.0
56.21443908740238	0.0
56.22443987713506	0.0
56.23444066686774	0.0
56.24444145660043	0.0
56.254442246333106	0.0
56.264443036065785	0.0
56.27444382579847	159.0
56.28444461553115	159.0
56.29444540526383	159.0
56.304446194996515	161.0
56.314446984729194	163.0
56.32444777446187	169.0
56.33444856419456	173.0
56.34444935392724	179.0
56.35445014365992	187.0
56.364450933392604	196.0
56.37445172312528	203.0
56.38445251285796	208.0
56.39445330259065	213.0
56.40445409232333	213.0
56.414454882056006	213.0
56.42445567178869	210.0
56.43445646152137	208.0
56.44445725125405	206.0
56.45445804098674	203.0
56.464458830719416	201.0
56.474459620452095	196.0
56.48446041018478	194.0
56.49446119991746	192.0
56.50446198965014	190.0
56.514462779382825	187.0
56.524463569115504	185.0
56.53446435884818	183.0
56.54446514858087	181.0
56.55446593831355	179.0
56.56446672804623	177.0
56.57446751777891	175.0
56.58446830751159	173.0
56.59446909724428	171.0
56.60446988697696	169.0
56.61447067670964	169.0
56.62447146644232	167.0
56.634472256175	167.0
56.64447304590768	165.0
56.65447383564037	163.0
56.664474625373046	161.0
56.674475415105725	161.0
56.68447620483841	159.0
56.69447699457109	159.0
56.70447778430377	159.0
56.714478574036455	159.0
56.724479363769134	159.0
56.73448015350181	159.0
56.7444809432345	159.0
56.75448173296718	159.0
56.76448252269986	159.0
56.774483312432544	159.0
56.78448410216522	159.0
56.7944848918979	158.0
56.80448568163059	158.0
56.81448647136327	158.0
56.824487261095946	159.0
56.83448805082863	159.0
56.84448884056131	159.0
56.85448963029399	159.0
56.86449042002668	159.0
56.874491209759356	159.0
56.884491999492035	159.0
56.89449278922472	159.0
56.9044935789574	159.0
56.91449436869008	159.0
56.924495158422765	159.0
56.934495948155444	159.0
56.94449673788812	159.0
56.95449752762081	159.0
56.96449831735349	159.0
56.97449910708617	159.0
56.98449989681885	158.0
56.99450068655153	158.0
57.00450147628421	158.0
57.0145022660169	158.0
57.02450305574958	156.0
57.034503845482256	156.0
57.04450463521494	158.0
57.05450542494762	159.0
57.0645062146803	161.0
57.074507004412986	165.0
57.084507794145665	167.0
57.094508583878344	171.0
57.10450937361103	171.0
57.11451016334371	173.0
57.12451095307639	171.0
57.134511742809075	169.0
57.144512532541754	165.0
57.15451332227443	156.0
57.16451411200712	147.0
57.1745149017398	140.0
57.18451569147248	137.0
57.19451648120516	136.0
57.20451727093784	136.0
57.21451806067052	136.0
57.22451885040321	0.0
57.234519640135886	0.0
57.244520429868565	0.0
57.25452121960125	0.0
57.26452200933393	0.0
57.27452279906661	0.0
57.284523588799296	0.0
57.294524378531975	0.0
57.30452516826466	0.0
57.31452595799734	0.0
57.32452674773002	0.0
57.334527537462705	0.0
57.344528327195384	248.0
57.35452911692806	253.0
57.36452990666075	250.0
57.37453069639343	245.0
57.38453148612611	239.0
57.39453227585879	231.0
57.40453306559147	226.0
57.41453385532415	223.0
57.42453464505684	223.0
57.43453543478952	226.0
57.444536224522196	231.0
57.45453701425488	236.0
57.46453780398756	242.0
57.47453859372024	245.0
57.484539383452926	248.0
57.494540173185605	248.0
57.504540962918284	248.0
57.51454175265097	242.0
57.52454254238365	236.0
57.53454333211633	234.0
57.544544121849015	228.0
57.554544911581694	228.0
57.56454570131437	231.0
57.57454649104706	234.0
57.58454728077974	242.0
57.59454807051242	248.0
57.6045488602451	250.0
57.61454964997778	259.0
57.62455043971046	259.0
57.63455122944315	259.0
57.644552019175826	253.0
57.654552808908505	248.0
57.66455359864119	239.0
57.67455438837387	231.0
57.68455517810655	215.0
57.694555967839236	206.0
57.704556757571915	203.0
57.714557547304594	206.0
57.72455833703728	208.0
57.73455912676996	218.0
57.74455991650264	228.0
57.754560706235324	239.0
57.764561495968	248.0
57.77456228570068	250.0
57.78456307543337	250.0
57.79456386516605	248.0
57.804564654898726	239.0
57.81456544463141	231.0
57.82456623436409	226.0
57.83456702409677	223.0
57.84456781382946	228.0
57.854568603562136	239.0
57.864569393294815	250.0
57.8745701830275	265.0
57.88457097276018	278.0
57.89457176249286	294.0
57.904572552225545	305.0
57.914573341958224	308.0
57.9245741316909	248.0
57.93457492142359	239.0
57.94457571115627	236.0
57.95457650088895	228.0
57.964577290621634	226.0
57.97457808035431	228.0
57.984578870087	236.0
57.99457965981968	242.0
58.00458044955236	248.0
58.01458123928504	250.0
58.02458202901772	253.0
58.0345828187504	250.0
58.04458360848309	245.0
58.054584398215766	236.0
58.064585187948445	228.0
58.07458597768113	228.0
58.08458676741381	228.0
58.09458755714649	234.0
58.104588346879176	239.0
58.114589136611855	245.0
58.124589926344534	248.0
58.13459071607722	245.0
58.1445915058099	239.0
58.15459229554258	228.0
58.164593085275264	218.0
58.17459387500794	208.0
58.18459466474062	203.0
58.19459545447331	203.0
58.20459624420599	201.0
58.21459703393867	203.0
58.22459782367135	203.0
58.23459861340403	203.0
58.24459940313671	203.0
58.2546001928694	206.0
58.264600982602076	206.0
58.274601772334755	206.0
58.28460256206744	206.0
58.29460335180012	206.0
58.3046041415328	206.0
58.314604931265485	206.0
58.324605720998164	206.0
58.33460651073084	203.0
58.34460730046353	203.0
58.35460809019621	203.0
58.36460887992889	203.0
58.374609669661574	206.0
58.38461045939425	206.0
58.39461124912693	206.0
58.40461203885962	206.0
58.4146128285923	206.0
58.424613618324976	206.0
58.43461440805766	206.0
58.44461519779034	206.0
58.45461598752302	206.0
58.464616777255706	206.0
58.474617566988385	206.0
58.484618356721064	206.0
58.49461914645375	206.0
58.50461993618643	206.0
58.51462072591911	206.0
58.524621515651795	203.0
58.534622305384474	203.0
58.54462309511715	201.0
58.55462388484984	199.0
58.56462467458252	199.0
58.5746254643152	199.0
58.58462625404788	199.0
58.59462704378056	201.0
58.60462783351324	201.0
58.61462862324593	203.0
58.62462941297861	206.0
58.634630202711286	206.0
58.64463099244397	208.0
58.65463178217665	208.0
58.66463257190933	208.0
58.674633361642016	208.0
58.684634151374695	208.0
58.69463494110738	208.0
58.70463573084006	208.0
58.71463652057274	208.0
58.724637310305425	208.0
58.734638100038104	208.0
58.74463888977078	208.0
58.75463967950347	206.0
58.76464046923615	206.0
58.77464125896883	206.0
58.784642048701514	206.0
58.79464283843419	203.0
58.80464362816687	203.0
58.81464441789956	203.0
58.82464520763224	203.0
58.834645997364916	206.0
58.8446467870976	206.0
58.85464757683028	208.0
58.86464836656296	208.0
58.874649156295646	208.0
58.884649946028325	208.0
58.894650735761005	208.0
58.90465152549369	208.0
58.91465231522637	208.0
58.92465310495905	208.0
58.934653894691735	208.0
58.944654684424414	208.0
58.95465547415709	208.0
58.96465626388978	206.0
58.97465705362246	206.0
58.98465784335514	206.0
58.99465863308782	208.0
59.0046594228205	208.0
59.01466021255318	208.0
59.02466100228587	210.0
59.03466179201855	210.0
59.044662581751226	210.0
59.05466337148391	208.0
59.06466416121659	208.0
59.07466495094927	208.0
59.084665740681956	208.0
59.094666530414635	206.0
59.104667320147314	206.0
59.11466810988	206.0
59.12466889961268	206.0
59.13466968934536	206.0
59.144670479078044	206.0
59.15467126881072	208.0
59.1646720585434	208.0
59.17467284827609	208.0
59.18467363800877	208.0
59.19467442774145	208.0
59.20467521747413	208.0
59.21467600720681	208.0
59.22467679693949	208.0
59.23467758667218	208.0
59.244678376404856	208.0
59.254679166137535	208.0
59.26467995587022	208.0
59.2746807456029	208.0
59.28468153533558	208.0
59.294682325068266	206.0
59.304683114800945	206.0
59.314683904533624	203.0
59.32468469426631	203.0
59.33468548399899	203.0
59.34468627373167	206.0
59.354687063464354	206.0
59.36468785319703	206.0
59.37468864292972	206.0
59.3846894326624	208.0
59.39469022239508	206.0
59.40469101212776	206.0
59.41469180186044	206.0
59.42469259159312	206.0
59.43469338132581	206.0
59.44469417105849	206.0
59.454694960791166	206.0
59.46469575052385	208.0
59.47469654025653	208.0
59.48469732998921	208.0
59.494698119721896	208.0
59.504698909454575	208.0
59.514699699187254	208.0
59.52470048891994	208.0
59.53470127865262	208.0
59.5447020683853	208.0
59.554702858117984	208.0
59.56470364785066	208.0
59.57470443758334	208.0
59.58470522731603	206.0
59.59470601704871	206.0
59.60470680678139	206.0
59.61470759651407	206.0
59.62470838624675	208.0
59.63470917597943	208.0
59.64470996571212	208.0
59.654710755444796	208.0
59.664711545177475	208.0
59.67471233491016	210.0
59.68471312464284	208.0
59.69471391437552	208.0
59.704714704108206	208.0
59.714715493840885	208.0
59.724716283573564	208.0
59.73471707330625	206.0
59.74471786303893	206.0
59.75471865277161	206.0
59.764719442504294	206.0
59.77472023223697	206.0
59.78472102196965	208.0
59.79472181170234	208.0
59.80472260143502	210.0
59.814723391167696	210.0
59.82472418090038	210.0
59.83472497063306	210.0
59.84472576036574	208.0
59.85472655009843	208.0
59.864727339831106	208.0
59.874728129563785	208.0
59.88472891929647	208.0
59.89472970902915	206.0
59.90473049876183	206.0
59.914731288494515	208.0
59.924732078227194	208.0
59.93473286795987	208.0
59.94473365769256	210.0
59.95473444742524	210.0
59.96473523715792	210.0
59.974736026890604	208.0
59.98473681662328	208.0
59.99473760635596	206.0
60.00473839608865	206.0
60.01473918582133	206.0
60.024739975554006	206.0
60.03474076528669	206.0
60.04474155501937	206.0
60.05474234475205	206.0
60.064743134484736	208.0
60.074743924217415	208.0
60.0847447139501	208.0
60.09474550368278	208.0
60.10474629341546	208.0
60.114747083148146	208.0
60.124747872880825	208.0
60.134748662613504	206.0
60.14474945234619	206.0
60.15475024207887	206.0
60.16475103181155	206.0
60.174751821544234	206.0
60.18475261127691	206.0
60.19475340100959	206.0
60.20475419074228	206.0
60.21475498047496	203.0
60.224755770207636	201.0
60.23475655994032	201.0
60.244757349673	199.0
60.25475813940568	199.0
60.26475892913837	199.0
60.274759718871046	199.0
60.284760508603725	199.0
60.29476129833641	201.0
60.30476208806909	201.0
60.31476287780177	0.0
60.324763667534455	0.0
60.334764457267134	0.0
60.34476524699981	0.0
60.3547660367325	0.0
60.36476682646518	0.0
60.37476761619786	0.0
60.384768405930544	0.0
60.39476919566322	0.0
60.4047699853959	173.0
60.41477077512859	179.0
60.42477156486127	181.0
60.434772354593946	181.0
60.44477314432663	181.0
60.45477393405931	181.0
60.46477472379199	179.0
60.474775513524676	179.0
60.484776303257355	179.0
60.494777092990034	179.0
60.50477788272272	179.0
60.5147786724554	179.0
60.52477946218808	179.0
60.534780251920765	179.0
60.544781041653444	181.0
60.55478183138612	181.0
60.56478262111881	183.0
60.57478341085149	183.0
60.58478420058417	183.0
60.59478499031685	183.0
60.60478578004953	185.0
60.61478656978221	183.0
60.6247873595149	183.0
60.634788149247576	181.0
60.644788938980255	179.0
60.65478972871294	175.0
60.66479051844562	173.0
60.6747913081783	169.0
60.684792097910986	167.0
60.694792887643665	169.0
60.704793677376344	177.0
60.71479446710903	187.0
60.72479525684171	196.0
60.73479604657439	206.0
60.744796836307074	215.0
60.75479762603975	218.0
60.76479841577244	218.0
60.77479920550512	206.0
60.7847999952378	199.0
60.794800784970484	183.0
60.80480157470316	187.0
60.81480236443584	199.0
60.82480315416853	208.0
60.83480394390121	223.0
60.844804733633886	236.0
60.85480552336657	248.0
60.86480631309925	250.0
60.87480710283193	248.0
60.884807892564616	234.0
60.894808682297295	218.0
60.904809472029974	206.0
60.91481026176266	201.0
60.92481105149534	201.0
60.93481184122802	203.0
60.944812630960705	206.0
60.954813420693384	210.0
60.96481421042606	213.0
60.97481500015875	215.0
60.98481578989143	213.0
60.99481657962411	210.0
61.00481736935679	206.0
61.01481815908947	201.0
61.02481894882215	201.0
61.03481973855484	203.0
61.04482052828752	206.0
61.054821318020196	208.0
61.06482210775288	208.0
61.07482289748556	210.0
61.08482368721824	210.0
61.094824476950926	208.0
61.104825266683605	208.0
61.114826056416284	206.0
61.12482684614897	206.0
61.13482763588165	206.0
61.14482842561433	206.0
61.154829215347014	206.0
61.16483000507969	206.0
61.17483079481237	206.0
61.18483158454506	203.0
61.19483237427774	203.0
61.20483316401042	201.0
61.2148339537431	199.0
61.22483474347578	201.0
61.23483553320846	206.0
61.24483632294115	215.0
61.254837112673826	228.0
61.264837902406505	239.0
61.27483869213919	242.0
61.28483948187187	242.0
61.29484027160455	236.0
61.304841061337235	231.0
61.314841851069914	223.0
61.32484264080259	218.0
61.33484343053528	215.0
61.34484422026796	215.0
61.35484501000064	220.0
61.364845799733324	239.0
61.374846589466	248.0
61.38484737919868	253.0
61.39484816893137	250.0
61.40484895866405	242.0
61.414849748396726	236.0
61.42485053812941	231.0
61.43485132786209	231.0
61.44485211759478	234.0
61.45485290732746	236.0
61.464853697060136	242.0
61.47485448679282	245.0
61.4848552765255	245.0
61.49485606625818	239.0
61.504856855990866	228.0
61.514857645723545	218.0
61.524858435456224	210.0
61.53485922518891	206.0
61.54486001492159	203.0
61.55486080465427	206.0
61.564861594386954	210.0
61.57486238411963	215.0
61.58486317385231	218.0
61.594863963585	218.0
61.60486475331768	213.0
61.61486554305036	203.0
61.62486633278304	190.0
61.63486712251572	183.0
61.6448679122484	181.0
61.65486870198109	181.0
61.664869491713766	183.0
61.674870281446445	183.0
61.68487107117913	183.0
61.69487186091181	183.0
61.70487265064449	183.0
61.714873440377175	181.0
61.724874230109855	181.0
61.734875019842534	181.0
61.74487580957522	181.0
61.7548765993079	183.0
61.76487738904058	183.0
61.774878178773264	183.0
61.78487896850594	181.0
61.79487975823862	181.0
61.80488054797131	179.0
61.81488133770399	179.0
61.824882127436666	179.0
61.83488291716935	181.0
61.84488370690203	183.0
61.85488449663471	187.0
61.8648852863674	194.0
61.874886076100076	203.0
61.884886865832755	208.0
61.89488765556544	213.0
61.90488844529812	213.0
61.9148892350308	210.0
61.924890024763485	208.0
61.934890814496164	208.0
61.94489160422884	208.0
61.95489239396153	213.0
61.96489318369421	218.0
61.97489397342689	226.0
61.98489476315957	231.0
61.99489555289225	236.0
62.00489634262493	236.0
62.01489713235762	234.0
62.0248979220903	234.0
62.034898711822976	234.0
62.04489950155566	234.0
62.05490029128834	234.0
62.06490108102102	234.0
62.074901870753706	236.0
62.084902660486385	236.0
62.094903450219064	234.0
62.10490423995175	231.0
62.11490502968443	226.0
62.12490581941711	220.0
62.134906609149795	213.0
62.144907398882474	208.0
62.15490818861516	208.0
62.16490897834784	208.0
62.17490976808052	215.0
62.184910557813204	223.0
62.19491134754588	228.0
62.20491213727856	228.0
62.21491292701125	226.0
62.22491371674393	218.0
62.234914506476606	201.0
62.24491529620929	185.0
62.25491608594197	179.0
62.26491687567465	179.0
62.27491766540734	177.0
62.284918455140016	177.0
62.294919244872695	179.0
62.30492003460538	181.0
62.31492082433806	183.0
62.32492161407074	183.0
62.334922403803425	183.0
62.344923193536104	183.0
62.35492398326878	183.0
62.36492477300147	183.0
62.37492556273415	181.0
62.38492635246683	181.0
62.39492714219951	181.0
62.40492793193219	181.0
62.41492872166487	181.0
62.42492951139756	179.0
62.43493030113024	179.0
62.444931090862916	179.0
62.4549318805956	179.0
62.46493267032828	179.0
62.47493346006096	179.0
62.484934249793646	181.0
62.494935039526325	183.0
62.504935829259004	192.0
62.51493661899169	208.0
62.52493740872437	213.0
62.53493819845705	215.0
62.544938988189735	215.0
62.554939777922414	210.0
62.56494056765509	206.0
62.57494135738778	203.0
62.58494214712046	201.0
62.59494293685314	203.0
62.60494372658582	206.0
62.6149445163185	208.0
62.62494530605118	210.0
62.63494609578387	213.0
62.644946885516546	213.0
62.654947675249225	210.0
62.66494846498191	210.0
62.67494925471459	210.0
62.68495004444727	208.0
62.694950834179956	210.0
62.704951623912635	213.0
62.714952413645314	218.0
62.724953203378	218.0
62.73495399311068	226.0
62.74495478284336	228.0
62.754955572576044	228.0
62.76495636230872	220.0
62.7749571520414	213.0
62.78495794177409	208.0
62.79495873150677	201.0
62.80495952123945	190.0
62.81496031097213	190.0
62.82496110070481	192.0
62.8349618904375	201.0
62.84496268017018	208.0
62.854963469902856	213.0
62.86496425963554	218.0
62.87496504936822	218.0
62.8849658391009	218.0
62.894966628833586	213.0
62.904967418566265	203.0
62.914968208298944	194.0
62.92496899803163	187.0
62.93496978776431	183.0
62.94497057749699	181.0
62.954971367229675	181.0
62.964972156962354	181.0
62.97497294669503	181.0
62.98497373642772	183.0
62.9949745261604	183.0
63.00497531589308	181.0
63.01497610562576	179.0
63.02497689535844	177.0
63.03497768509112	175.0
63.04497847482381	175.0
63.054979264556486	175.0
63.064980054289165	177.0
63.07498084402185	179.0
63.08498163375453	181.0
63.09498242348721	183.0
63.104983213219896	185.0
63.114984002952575	185.0
63.124984792685254	187.0
63.13498558241794	185.0
63.14498637215062	185.0
63.1549871618833	183.0
63.164987951615984	181.0
63.17498874134866	175.0
63.18498953108134	0.0
63.19499032081403	0.0
63.20499111054671	0.0
63.21499190027939	0.0
63.22499269001207	0.0
63.23499347974475	0.0
63.24499426947743	0.0
63.25499505921012	0.0
63.264995848942796	0.0
63.274996638675475	0.0
63.28499742840816	0.0
63.29499821814084	0.0
63.30499900787352	0.0
63.314999797606205	0.0
63.325000587338884	0.0
63.33500137707156	0.0
63.34500216680425	0.0
63.35500295653693	0.0
63.36500374626961	0.0
63.375004536002294	0.0
63.38500532573497	0.0
63.39500611546765	0.0
63.40500690520034	0.0
63.41500769493302	0.0
63.425008484665696	0.0
63.43500927439838	0.0
63.44501006413106	0.0
63.45501085386374	0.0
63.465011643596426	0.0
63.475012433329105	0.0
63.485013223061785	0.0
63.49501401279447	0.0
63.50501480252715	0.0
63.51501559225983	0.0
63.525016381992515	0.0
63.535017171725194	0.0
63.54501796145788	0.0
63.55501875119056	0.0
63.56501954092324	0.0
63.575020330655924	0.0
63.5850211203886	0.0
63.59502191012128	0.0
63.60502269985397	0.0
63.61502348958665	0.0
63.62502427931933	0.0
63.63502506905201	0.0
63.64502585878469	0.0
63.65502664851737	0.0
63.66502743825006	0.0
63.675028227982736	0.0
63.685029017715415	0.0
63.6950298074481	0.0
63.70503059718078	0.0
63.71503138691346	0.0
63.725032176646145	0.0
63.735032966378824	0.0
63.7450337561115	0.0
63.75503454584419	0.0
63.76503533557687	0.0
63.77503612530955	0.0
63.785036915042234	0.0
63.79503770477491	0.0
63.80503849450759	0.0
63.81503928424028	0.0
63.82504007397296	0.0
63.835040863705636	0.0
63.84504165343832	0.0
63.855042443171	0.0
63.86504323290368	0.0
63.87504402263637	0.0
63.885044812369046	0.0
63.895045602101725	0.0
63.90504639183441	0.0
63.91504718156709	0.0
63.92504797129977	0.0
63.935048761032455	0.0
63.945049550765134	0.0
63.95505034049781	0.0
63.9650511302305	0.0
63.97505191996318	0.0
63.98505270969586	0.0
63.99505349942854	0.0
64.00505428916122	0.0
64.01505507889391	0.0
64.02505586862658	0.0
64.03505665835927	0.0
64.04505744809195	0.0
64.05505823782462	0.0
64.06505902755731	0.0
64.07505981729	0.0
64.08506060702267	0.0
64.09506139675536	0.0
64.10506218648804	0.0
64.11506297622071	0.0
64.1250637659534	0.0
64.13506455568609	0.0
64.14506534541876	0.0
64.15506613515144	0.0
64.16506692488413	0.0
64.1750677146168	0.0
64.18506850434949	0.0
64.19506929408217	0.0
64.20507008381485	0.0
64.21507087354753	0.0
64.22507166328022	0.0
64.23507245301289	0.0
64.24507324274558	0.0
64.25507403247826	0.0
64.26507482221093	0.0
64.27507561194362	0.0
64.2850764016763	0.0
64.29507719140898	0.0
64.30507798114166	0.0
64.31507877087435	0.0
64.32507956060702	0.0
64.33508035033971	0.0
64.3450811400724	0.0
64.35508192980507	0.0
64.36508271953775	0.0
64.37508350927044	0.0
64.38508429900311	0.0
64.3950850887358	0.0
64.40508587846848	0.0
64.41508666820116	0.0
64.42508745793384	0.0
64.43508824766653	0.0
64.4450890373992	0.0
64.45508982713189	0.0
64.46509061686457	0.0
64.47509140659724	0.0
64.48509219632993	0.0
64.49509298606262	0.0
64.50509377579529	0.0
64.51509456552797	0.0
64.52509535526066	0.0
64.53509614499333	0.0
64.54509693472602	0.0
64.5550977244587	0.0
64.56509851419138	0.0
64.57509930392406	0.0
64.58510009365675	0.0
64.59510088338943	0.0
64.6051016731221	0.0
64.6151024628548	0.0
64.62510325258748	0.0
64.63510404232015	0.0
64.64510483205284	203.0
64.65510562178552	203.0
64.6651064115182	206.0
64.67510720125088	210.0
64.68510799098357	215.0
64.69510878071624	218.0
64.70510957044893	218.0
64.71511036018161	218.0
64.72511114991428	218.0
64.73511193964697	215.0
64.74511272937966	215.0
64.75511351911233	213.0
64.76511430884501	213.0
64.7751150985777	213.0
64.78511588831037	213.0
64.79511667804306	213.0
64.80511746777574	210.0
64.81511825750842	210.0
64.8251190472411	210.0
64.83511983697379	210.0
64.84512062670646	210.0
64.85512141643915	208.0
64.86512220617183	208.0
64.8751229959045	206.0
64.88512378563719	203.0
64.89512457536988	203.0
64.90512536510255	201.0
64.91512615483524	201.0
64.92512694456792	199.0
64.9351277343006	196.0
64.94512852403328	192.0
64.95512931376597	190.0
64.96513010349864	187.0
64.97513089323132	185.0
64.98513168296401	185.0
64.99513247269668	185.0
65.00513326242937	185.0
65.01513405216205	185.0
65.02513484189473	185.0
65.03513563162741	187.0
65.0451364213601	187.0
65.05513721109277	187.0
65.06513800082546	185.0
65.07513879055814	185.0
65.08513958029081	185.0
65.0951403700235	183.0
65.10514115975619	183.0
65.11514194948886	183.0
65.12514273922154	183.0
65.13514352895423	185.0
65.1451443186869	185.0
65.15514510841959	185.0
65.16514589815228	185.0
65.17514668788495	185.0
65.18514747761763	185.0
65.19514826735032	185.0
65.20514905708299	183.0
65.21514984681568	183.0
65.22515063654836	183.0
65.23515142628104	183.0
65.24515221601372	183.0
65.25515300574641	183.0
65.26515379547908	183.0
65.27515458521177	185.0
65.28515537494445	185.0
65.29515616467712	190.0
65.30515695440981	194.0
65.3151577441425	199.0
65.32515853387517	203.0
65.33515932360785	208.0
65.34516011334054	210.0
65.35516090307321	213.0
65.3651616928059	213.0
65.37516248253858	213.0
65.38516327227126	213.0
65.39516406200394	213.0
65.40516485173663	213.0
65.4151656414693	213.0
65.42516643120199	213.0
65.43516722093467	213.0
65.44516801066735	213.0
65.45516880040003	210.0
65.46516959013272	210.0
65.47517037986539	210.0
65.48517116959808	208.0
65.49517195933076	206.0
65.50517274906343	203.0
65.51517353879612	201.0
65.5251743285288	196.0
65.53517511826148	190.0
65.54517590799416	183.0
65.55517669772685	179.0
65.56517748745952	177.0
65.57517827719221	177.0
65.5851790669249	179.0
65.59517985665757	181.0
65.60518064639025	185.0
65.61518143612294	190.0
65.62518222585561	194.0
65.6351830155883	201.0
65.64518380532098	208.0
65.65518459505365	210.0
65.66518538478634	215.0
65.67518617451903	215.0
65.6851869642517	215.0
65.69518775398438	213.0
65.70518854371707	210.0
65.71518933344974	208.0
65.72519012318243	206.0
65.73519091291512	206.0
65.74519170264779	203.0
65.75519249238047	201.0
65.76519328211316	196.0
65.77519407184583	194.0
65.78519486157852	190.0
65.7951956513112	183.0
65.80519644104388	181.0
65.81519723077656	179.0
65.82519802050925	179.0
65.83519881024192	181.0
65.8451995999746	187.0
65.85520038970729	194.0
65.86520117943996	201.0
65.87520196917265	210.0
65.88520275890534	220.0
65.89520354863801	231.0
65.9052043383707	248.0
65.91520512810338	262.0
65.92520591783605	262.0
65.93520670756874	262.0
65.94520749730142	256.0
65.9552082870341	245.0
65.96520907676678	234.0
65.97520986649947	223.0
65.98521065623216	215.0
65.99521144596483	210.0
66.00521223569751	206.0
66.0152130254302	201.0
66.02521381516287	201.0
66.03521460489556	203.0
66.04521539462824	0.0
66.05521618436092	0.0
66.0652169740936	0.0
66.07521776382629	0.0
66.08521855355896	0.0
66.09521934329165	0.0
66.10522013302433	0.0
66.115220922757	0.0
66.12522171248969	0.0
66.13522250222238	0.0
66.14522329195505	0.0
66.15522408168773	0.0
66.16522487142042	0.0
66.17522566115309	0.0
66.18522645088578	0.0
66.19522724061846	0.0
66.20522803035114	0.0
66.21522882008382	0.0
66.22522960981651	0.0
66.23523039954918	0.0
66.24523118928187	0.0
66.25523197901455	0.0
66.26523276874723	0.0
66.27523355847991	0.0
66.2852343482126	0.0
66.29523513794527	0.0
66.30523592767796	0.0
66.31523671741064	0.0
66.32523750714331	0.0
66.335238296876	0.0
66.34523908660869	0.0
66.35523987634136	0.0
66.36524066607404	0.0
66.37524145580673	0.0
66.3852422455394	0.0
66.39524303527209	0.0
66.40524382500477	0.0
66.41524461473745	0.0
66.42524540447013	0.0
66.43524619420282	0.0
66.44524698393549	0.0
66.45524777366818	0.0
66.46524856340086	0.0
66.47524935313353	0.0
66.48525014286622	0.0
66.4952509325989	0.0
66.50525172233158	0.0
66.51525251206427	0.0
66.52525330179695	0.0
66.53525409152962	0.0
66.54525488126231	0.0
66.555255670995	0.0
66.56525646072767	0.0
66.57525725046035	0.0
66.58525804019304	0.0
66.59525882992571	0.0
66.6052596196584	0.0
66.61526040939108	0.0
66.62526119912376	0.0
66.63526198885644	0.0
66.64526277858913	0.0
66.6552635683218	0.0
66.66526435805449	0.0
66.67526514778717	0.0
66.68526593751984	0.0
66.69526672725253	0.0
66.70526751698522	0.0
66.71526830671789	0.0
66.72526909645057	0.0
66.73526988618326	0.0
66.74527067591593	0.0
66.75527146564862	0.0
66.7652722553813	0.0
66.77527304511398	0.0
66.78527383484666	0.0
66.79527462457935	0.0
66.80527541431202	0.0
66.81527620404471	0.0
66.8252769937774	0.0
66.83527778351007	0.0
66.84527857324275	0.0
66.85527936297544	0.0
66.86528015270811	0.0
66.8752809424408	0.0
66.88528173217348	0.0
66.89528252190615	0.0
66.90528331163884	0.0
66.91528410137153	0.0
66.9252848911042	0.0
66.93528568083688	0.0
66.94528647056957	0.0
66.95528726030224	0.0
66.96528805003493	0.0
66.97528883976761	0.0
66.98528962950029	0.0
66.99529041923297	0.0
67.00529120896566	0.0
67.01529199869833	0.0
67.02529278843102	0.0
67.0352935781637	0.0
67.04529436789637	0.0
67.05529515762906	0.0
67.06529594736175	0.0
67.07529673709442	0.0
67.0852975268271	0.0
67.09529831655979	0.0
67.10529910629246	0.0
67.11529989602515	0.0
67.12530068575784	0.0
67.13530147549051	0.0
67.1453022652232	0.0
67.15530305495588	0.0
67.16530384468855	0.0
67.17530463442124	0.0
67.18530542415392	0.0
67.1953062138866	0.0
67.20530700361928	0.0
67.21530779335197	0.0
67.22530858308464	0.0
67.23530937281733	0.0
67.24531016255001	0.0
67.25531095228268	0.0
67.26531174201537	0.0
67.27531253174806	0.0
67.28531332148073	0.0
67.29531411121341	0.0
67.3053149009461	0.0
67.31531569067877	0.0
67.32531648041146	0.0
67.33531727014415	0.0
67.34531805987682	0.0
67.3553188496095	0.0
67.36531963934219	0.0
67.37532042907488	0.0
67.38532121880755	0.0
67.39532200854023	0.0
67.40532279827292	0.0
67.41532358800559	0.0
67.42532437773828	0.0
67.43532516747096	0.0
67.44532595720364	0.0
67.45532674693632	0.0
67.46532753666901	0.0
67.47532832640168	0.0
67.48532911613437	0.0
67.49532990586705	0.0
67.50533069559972	0.0
67.51533148533241	0.0
67.5253322750651	0.0
67.53533306479777	0.0
67.54533385453045	0.0
67.55533464426314	0.0
67.56533543399581	0.0
67.5753362237285	0.0
67.58533701346119	0.0
67.59533780319386	0.0
67.60533859292654	0.0
67.61533938265923	0.0
67.6253401723919	0.0
67.63534096212459	0.0
67.64534175185727	0.0
67.65534254158995	0.0
67.66534333132263	0.0
67.67534412105532	0.0
67.68534491078799	0.0
67.69534570052068	0.0
67.70534649025336	0.0
67.71534727998603	0.0
67.72534806971872	0.0
67.7353488594514	0.0
67.74534964918408	0.0
67.75535043891676	0.0
67.76535122864945	0.0
67.77535201838212	0.0
67.78535280811481	0.0
67.7953535978475	0.0
67.80535438758017	0.0
67.81535517731285	0.0
67.82535596704554	0.0
67.83535675677821	0.0
67.8453575465109	0.0
67.85535833624358	0.0
67.86535912597625	0.0
67.87535991570894	0.0
67.88536070544163	0.0
67.8953614951743	0.0
67.90536228490699	0.0
67.91536307463967	0.0
67.92536386437234	0.0
67.93536465410503	0.0
67.94536544383772	0.0
67.95536623357039	0.0
67.96536702330307	0.0
67.97536781303576	0.0
67.98536860276843	0.0
67.99536939250112	0.0
68.0053701822338	0.0
68.01537097196648	0.0
68.02537176169916	0.0
68.03537255143185	0.0
68.04537334116452	0.0
68.0553741308972	0.0
68.06537492062989	0.0
68.07537571036256	0.0
68.08537650009525	0.0
68.09537728982794	0.0
68.10537807956061	0.0
68.1153788692933	0.0
68.12537965902598	0.0
68.13538044875865	0.0
68.14538123849134	0.0
68.15538202822403	0.0
68.1653828179567	0.0
68.17538360768938	0.0
68.18538439742207	0.0
68.19538518715474	0.0
68.20538597688743	0.0
68.21538676662011	0.0
68.22538755635279	0.0
68.23538834608547	0.0
68.24538913581816	0.0
68.25538992555083	0.0
68.26539071528352	0.0
68.2753915050162	0.0
68.28539229474887	0.0
68.29539308448156	0.0
68.30539387421425	0.0
68.31539466394692	0.0
68.3253954536796	0.0
68.33539624341229	0.0
68.34539703314496	0.0
68.35539782287765	0.0
68.36539861261033	0.0
68.375399402343	0.0
68.38540019207569	0.0
68.39540098180838	0.0
68.40540177154105	0.0
68.41540256127374	0.0
68.42540335100642	0.0
68.4354041407391	0.0
68.44540493047178	0.0
68.45540572020447	0.0
68.46540650993714	0.0
68.47540729966983	0.0
68.48540808940251	0.0
68.49540887913518	0.0
68.50540966886787	0.0
68.51541045860056	0.0
68.52541124833323	0.0
68.53541203806591	0.0
68.5454128277986	0.0
68.55541361753127	0.0
68.56541440726396	0.0
68.57541519699664	0.0
68.58541598672932	0.0
68.595416776462	0.0
68.60541756619469	0.0
68.61541835592736	0.0
68.62541914566005	0.0
68.63541993539273	0.0
68.6454207251254	0.0
68.65542151485809	0.0
68.66542230459078	0.0
68.67542309432345	0.0
68.68542388405614	0.0
68.69542467378882	0.0
68.7054254635215	0.0
68.71542625325418	0.0
68.72542704298687	0.0
68.73542783271955	0.0
68.74542862245222	0.0
68.75542941218491	0.0
68.7654302019176	0.0
68.77543099165027	0.0
68.78543178138295	0.0
68.79543257111564	0.0
68.80543336084831	0.0
68.815434150581	0.0
68.82543494031368	0.0
68.83543573004636	0.0
68.84543651977904	0.0
68.85543730951173	0.0
68.8654380992444	0.0
68.87543888897709	0.0
68.88543967870977	0.0
68.89544046844244	0.0
68.90544125817513	0.0
68.91544204790782	0.0
68.92544283764049	0.0
68.93544362737317	0.0
68.94544441710586	0.0
68.95544520683853	0.0
68.96544599657122	0.0
68.9754467863039	0.0
68.98544757603658	0.0
68.99544836576926	0.0
69.00544915550195	0.0
69.01544994523462	0.0
69.02545073496731	0.0
69.0354515247	0.0
69.04545231443267	0.0
69.05545310416535	0.0
69.06545389389804	0.0
69.07545468363071	0.0
69.0854554733634	0.0
69.09545626309608	0.0
69.10545705282875	0.0
69.11545784256144	0.0
69.12545863229413	0.0
69.1354594220268	0.0
69.14546021175948	0.0
69.15546100149217	0.0
69.16546179122484	0.0
69.17546258095753	0.0
69.18546337069021	0.0
69.19546416042289	0.0
69.20546495015557	0.0
69.21546573988826	0.0
69.22546652962093	0.0
69.23546731935362	0.0
69.2454681090863	0.0
69.25546889881898	0.0
69.26546968855166	0.0
69.27547047828435	0.0
69.28547126801702	0.0
69.2954720577497	0.0
69.30547284748239	0.0
69.31547363721506	0.0
69.32547442694775	0.0
69.33547521668044	0.0
69.34547600641311	0.0
69.3554767961458	0.0
69.36547758587848	0.0
69.37547837561115	0.0
69.38547916534384	0.0
69.39547995507652	0.0
69.4054807448092	0.0
69.41548153454188	0.0
69.42548232427457	0.0
69.43548311400724	0.0
69.44548390373993	0.0
69.45548469347261	0.0
69.46548548320528	0.0
69.47548627293797	0.0
69.48548706267066	0.0
69.49548785240333	0.0
69.50548864213602	0.0
69.5154894318687	0.0
69.52549022160137	0.0
69.53549101133406	0.0
69.54549180106675	0.0
69.55549259079942	0.0
69.5654933805321	0.0
69.57549417026479	0.0
69.58549495999746	0.0
69.59549574973015	0.0
69.60549653946283	0.0
69.6154973291955	0.0
69.62549811892819	0.0
69.63549890866088	0.0
69.64549969839355	0.0
69.65550048812624	0.0
69.66550127785892	0.0
69.6755020675916	0.0
69.68550285732428	0.0
69.69550364705697	0.0
69.70550443678964	0.0
69.71550522652232	0.0
69.72550601625501	0.0
69.73550680598768	0.0
69.74550759572037	0.0
69.75550838545306	0.0
69.76550917518573	0.0
69.77550996491841	0.0
69.7855107546511	0.0
69.79551154438377	0.0
69.80551233411646	0.0
69.81551312384914	0.0
69.82551391358182	0.0
69.8355147033145	0.0
69.84551549304719	0.0
69.85551628277986	0.0
69.86551707251255	0.0
69.87551786224523	0.0
69.8855186519779	0.0
69.89551944171059	0.0
69.90552023144328	0.0
69.91552102117595	0.0
69.92552181090863	0.0
69.93552260064132	0.0
69.94552339037399	0.0
69.95552418010668	0.0
69.96552496983936	0.0
69.97552575957204	0.0
69.98552654930472	0.0
69.99552733903741	0.0
70.00552812877008	0.0
70.01552891850277	0.0
70.02552970823545	0.0
70.03553049796813	0.0
70.04553128770081	0.0
70.0555320774335	0.0
70.06553286716617	0.0
70.07553365689886	0.0
70.08553444663154	0.0
70.09553523636421	0.0
70.1055360260969	0.0
70.11553681582959	0.0
70.12553760556227	0.0
70.13553839529494	0.0
70.14553918502763	0.0
70.15553997476032	0.0
70.16554076449299	0.0
70.17554155422567	0.0
70.18554234395836	0.0
70.19554313369103	0.0
70.20554392342372	0.0
70.2155447131564	0.0
70.22554550288908	0.0
70.23554629262176	0.0
70.24554708235445	0.0
70.25554787208712	0.0
70.2655486618198	0.0
70.2755494515525	0.0
70.28555024128516	0.0
70.29555103101785	0.0
70.30555182075054	0.0
70.31555261048321	0.0
70.3255534002159	0.0
70.33555418994858	0.0
70.34555497968125	0.0
70.35555576941394	0.0
70.36555655914663	0.0
70.3755573488793	0.0
70.38555813861198	0.0
70.39555892834467	0.0
70.40555971807734	0.0
70.41556050781003	0.0
70.42556129754271	0.0
70.43556208727539	0.0
70.44556287700807	0.0
70.45556366674076	0.0
70.46556445647343	0.0
70.47556524620612	0.0
70.4855660359388	0.0
70.49556682567147	0.0
70.50556761540416	0.0
70.51556840513685	0.0
70.52556919486952	0.0
70.5355699846022	0.0
70.54557077433489	0.0
70.55557156406756	0.0
70.56557235380025	0.0
70.57557314353294	0.0
70.58557393326561	0.0
70.5955747229983	0.0
70.60557551273098	0.0
70.61557630246365	0.0
70.62557709219634	0.0
70.63557788192902	0.0
70.6455786716617	0.0
70.65557946139438	0.0
70.66558025112707	0.0
70.67558104085974	0.0
70.68558183059243	0.0
70.69558262032511	0.0
70.70558341005778	0.0
70.71558419979047	0.0
70.72558498952316	0.0
70.73558577925583	0.0
70.74558656898851	0.0
70.7555873587212	0.0
70.76558814845387	0.0
70.77558893818656	0.0
70.78558972791924	0.0
70.79559051765192	0.0
70.8055913073846	0.0
70.81559209711729	0.0
70.82559288684996	0.0
70.83559367658265	0.0
70.84559446631533	0.0
70.855595256048	0.0
70.86559604578069	0.0
70.87559683551338	0.0
70.88559762524605	0.0
70.89559841497874	0.0
70.90559920471142	0.0
70.9155999944441	0.0
70.92560078417678	0.0
70.93560157390947	0.0
70.94560236364214	0.0
70.95560315337482	0.0
70.96560394310751	0.0
70.97560473284018	0.0
70.98560552257287	0.0
70.99560631230555	0.0
71.00560710203823	0.0
71.01560789177091	0.0
71.0256086815036	0.0
71.03560947123627	0.0
71.04561026096896	0.0
71.05561105070164	0.0
71.06561184043431	0.0
71.075612630167	0.0
71.08561341989969	0.0
71.09561420963236	0.0
71.10561499936505	0.0
71.11561578909773	0.0
71.1256165788304	0.0
71.13561736856309	0.0
71.14561815829578	0.0
71.15561894802845	0.0
71.16561973776113	0.0
71.17562052749382	0.0
71.18562131722649	0.0
71.19562210695918	0.0
71.20562289669186	0.0
71.21562368642454	0.0
71.22562447615722	0.0
71.23562526588991	0.0
71.24562605562258	0.0
71.25562684535527	0.0
71.26562763508795	0.0
71.27562842482062	0.0
71.28562921455331	0.0
71.295630004286	0.0
71.30563079401867	0.0
71.31563158375135	0.0
71.32563237348404	0.0
71.33563316321671	0.0
71.3456339529494	0.0
71.35563474268208	0.0
71.36563553241476	0.0
71.37563632214744	0.0
71.38563711188013	0.0
71.3956379016128	0.0
71.40563869134549	0.0
71.41563948107817	0.0
71.42564027081085	0.0
71.43564106054353	0.0
71.44564185027622	0.0
71.45564264000889	0.0
71.46564342974158	0.0
71.47564421947426	0.0
71.48564500920693	0.0
71.49564579893962	0.0
71.5056465886723	0.0
71.51564737840499	0.0
71.52564816813766	0.0
71.53564895787035	0.0
71.54564974760304	0.0
71.55565053733571	0.0
71.5656513270684	0.0
71.57565211680108	0.0
71.58565290653375	0.0
71.59565369626644	0.0
71.60565448599912	0.0
71.6156552757318	0.0
71.62565606546448	0.0
71.63565685519717	0.0
71.64565764492984	0.0
71.65565843466253	0.0
71.66565922439521	0.0
71.67566001412789	0.0
71.68566080386057	0.0
71.69566159359326	0.0
71.70566238332593	0.0
71.71566317305862	0.0
71.7256639627913	0.0
71.73566475252397	0.0
71.74566554225666	0.0
71.75566633198935	0.0
71.76566712172202	0.0
71.7756679114547	0.0
71.78566870118739	0.0
71.79566949092006	0.0
71.80567028065275	0.0
71.81567107038543	0.0
71.8256718601181	0.0
71.83567264985079	0.0
71.84567343958348	0.0
71.85567422931615	0.0
71.86567501904884	0.0
71.87567580878152	0.0
71.8856765985142	0.0
71.89567738824688	0.0
71.90567817797957	0.0
71.91567896771224	0.0
71.92567975744493	0.0
71.93568054717761	0.0
71.94568133691028	0.0
71.95568212664297	0.0
71.96568291637566	0.0
71.97568370610833	0.0
71.98568449584101	0.0
71.9956852855737	0.0
72.00568607530637	0.0
72.01568686503906	0.0
72.02568765477174	0.0
72.03568844450442	0.0
72.0456892342371	0.0
72.05569002396979	0.0
72.06569081370246	0.0
72.07569160343515	0.0
72.08569239316783	0.0
72.0956931829005	0.0
72.10569397263319	0.0
72.11569476236588	0.0
72.12569555209855	0.0
72.13569634183123	0.0
72.14569713156392	0.0
72.15569792129659	0.0
72.16569871102928	0.0
72.17569950076197	0.0
72.18570029049464	0.0
72.19570108022732	0.0
72.20570186996001	0.0
72.21570265969268	0.0
72.22570344942537	0.0
72.23570423915805	0.0
72.24570502889073	0.0
72.25570581862341	0.0
72.2657066083561	0.0
72.27570739808877	0.0
72.28570818782146	0.0
72.29570897755414	0.0
72.30570976728681	0.0
72.3157105570195	0.0
72.32571134675219	0.0
72.33571213648486	0.0
72.34571292621754	0.0
72.35571371595023	0.0
72.3657145056829	0.0
72.37571529541559	0.0
72.38571608514827	0.0
72.39571687488095	0.0
72.40571766461363	0.0
72.41571845434632	0.0
72.42571924407899	0.0
72.43572003381168	0.0
72.44572082354436	0.0
72.45572161327703	0.0
72.46572240300972	0.0
72.47572319274241	0.0
72.48572398247508	0.0
72.49572477220777	0.0
72.50572556194045	0.0
72.51572635167312	0.0
72.52572714140581	0.0
72.5357279311385	0.0
72.54572872087117	0.0
72.55572951060385	0.0
72.56573030033654	0.0
72.57573109006921	0.0
72.5857318798019	0.0
72.59573266953458	0.0
72.60573345926726	0.0
72.61573424899994	0.0
72.62573503873263	0.0
72.6357358284653	0.0
72.64573661819799	0.0
72.65573740793067	0.0
72.66573819766334	0.0
72.67573898739603	0.0
72.68573977712872	0.0
72.69574056686139	0.0
72.70574135659407	0.0
72.71574214632676	0.0
72.72574293605943	0.0
72.73574372579212	0.0
72.7457445155248	0.0
72.75574530525748	0.0
72.76574609499016	0.0
72.77574688472285	0.0
72.78574767445552	0.0
72.79574846418821	0.0
72.8057492539209	0.0
72.81575004365357	0.0
72.82575083338625	0.0
72.83575162311894	0.0
72.84575241285161	0.0
72.8557532025843	0.0
72.86575399231698	0.0
72.87575478204965	0.0
72.88575557178234	0.0
72.89575636151503	0.0
72.90575715124771	0.0
72.91575794098038	0.0
72.92575873071307	0.0
72.93575952044576	0.0
72.94576031017843	0.0
72.95576109991111	0.0
72.9657618896438	0.0
72.97576267937647	0.0
72.98576346910916	0.0
72.99576425884185	0.0
73.00576504857452	0.0
73.0157658383072	0.0
73.02576662803989	0.0
73.03576741777256	0.0
73.04576820750525	0.0
73.05576899723793	0.0
73.0657697869706	0.0
73.07577057670329	245.0
73.08577136643598	242.0
73.09577215616865	242.0
73.10577294590134	239.0
73.11577373563402	239.0
73.1257745253667	236.0
73.13577531509938	236.0
73.14577610483207	234.0
73.15577689456474	234.0
73.16577768429742	231.0
73.17577847403011	228.0
73.18577926376278	226.0
73.19578005349547	226.0
73.20578084322815	223.0
73.21578163296083	223.0
73.22578242269351	226.0
73.2357832124262	228.0
73.24578400215887	234.0
73.25578479189156	236.0
73.26578558162424	239.0
73.27578637135692	239.0
73.2857871610896	239.0
73.29578795082229	239.0
73.30578874055496	239.0
73.31578953028765	236.0
73.32579032002033	236.0
73.335791109753	234.0
73.34579189948569	234.0
73.35579268921838	234.0
73.36579347895105	234.0
73.37579426868373	236.0
73.38579505841642	236.0
73.39579584814909	236.0
73.40579663788178	236.0
73.41579742761446	234.0
73.42579821734714	231.0
73.43579900707982	226.0
73.44579979681251	223.0
73.45580058654518	218.0
73.46580137627787	213.0
73.47580216601055	210.0
73.48580295574322	208.0
73.49580374547591	208.0
73.5058045352086	208.0
73.51580532494127	210.0
73.52580611467395	215.0
73.53580690440664	220.0
73.54580769413931	228.0
73.555808483872	236.0
73.56580927360469	242.0
73.57581006333736	245.0
73.58581085307004	245.0
73.59581164280273	245.0
73.6058124325354	239.0
73.61581322226809	234.0
73.62581401200077	231.0
73.63581480173345	228.0
73.64581559146613	226.0
73.65581638119882	226.0
73.66581717093149	234.0
73.67581796066418	242.0
73.68581875039686	250.0
73.69581954012953	265.0
73.70582032986222	278.0
73.7158211195949	291.0
73.72582190932758	298.0
73.73582269906026	291.0
73.74582348879295	281.0
73.75582427852562	272.0
73.76582506825831	259.0
73.775825857991	242.0
73.78582664772367	234.0
73.79582743745635	231.0
73.80582822718904	231.0
73.81582901692171	234.0
73.8258298066544	236.0
73.83583059638708	242.0
73.84583138611976	245.0
73.85583217585244	248.0
73.86583296558513	248.0
73.8758337553178	248.0
73.88583454505049	0.0
73.89583533478317	0.0
73.90583612451584	0.0
73.91583691424853	0.0
73.92583770398122	0.0
73.93583849371389	0.0
73.94583928344657	0.0
73.95584007317926	0.0
73.96584086291193	0.0
73.97584165264462	0.0
73.9858424423773	0.0
73.99584323210998	0.0
74.00584402184266	0.0
74.01584481157535	0.0
74.02584560130802	0.0
74.0358463910407	0.0
74.04584718077339	0.0
74.05584797050606	0.0
74.06584876023875	0.0
74.07584954997144	0.0
74.08585033970411	0.0
74.0958511294368	0.0
74.10585191916948	0.0
74.11585270890215	0.0
74.12585349863484	0.0
74.13585428836753	0.0
74.1458550781002	0.0
74.15585586783288	0.0
74.16585665756557	0.0
74.17585744729824	0.0
74.18585823703093	0.0
74.19585902676361	0.0
74.20585981649629	0.0
74.21586060622897	0.0
74.22586139596166	0.0
74.23586218569433	0.0
74.24586297542702	0.0
74.2558637651597	0.0
74.26586455489237	0.0
74.27586534462506	0.0
74.28586613435775	0.0
74.29586692409043	0.0
74.3058677138231	0.0
74.31586850355579	0.0
74.32586929328848	0.0
74.33587008302115	0.0
74.34587087275384	0.0
74.35587166248652	0.0
74.3658724522192	0.0
74.37587324195188	0.0
74.38587403168457	0.0
74.39587482141724	0.0
74.40587561114992	0.0
74.41587640088261	0.0
74.42587719061528	0.0
74.43587798034797	0.0
74.44587877008065	0.0
74.45587955981333	0.0
74.46588034954601	0.0
74.4758811392787	0.0
74.48588192901137	0.0
74.49588271874406	0.0
74.50588350847674	0.0
74.51588429820941	0.0
74.5258850879421	0.0
74.53588587767479	0.0
74.54588666740746	0.0
74.55588745714014	0.0
74.56588824687283	0.0
74.5758890366055	0.0
74.58588982633819	0.0
74.59589061607088	0.0
74.60589140580355	0.0
74.61589219553623	0.0
74.62589298526892	0.0
74.63589377500159	0.0
74.64589456473428	0.0
74.65589535446696	0.0
74.66589614419964	0.0
74.67589693393232	0.0
74.68589772366501	0.0
74.69589851339768	0.0
74.70589930313037	0.0
74.71590009286305	0.0
74.72590088259572	0.0
74.73590167232841	0.0
74.7459024620611	0.0
74.75590325179377	0.0
74.76590404152645	0.0
74.77590483125914	0.0
74.78590562099181	0.0
74.7959064107245	0.0
74.80590720045718	0.0
74.81590799018986	0.0
74.82590877992254	0.0
74.83590956965523	0.0
74.8459103593879	0.0
74.85591114912059	0.0
74.86591193885327	0.0
74.87591272858594	0.0
74.88591351831863	0.0
74.89591430805132	0.0
74.90591509778399	0.0
74.91591588751668	0.0
74.92591667724936	0.0
74.93591746698203	0.0
74.94591825671472	0.0
74.9559190464474	0.0
74.96591983618008	0.0
74.97592062591276	0.0
74.98592141564545	0.0
74.99592220537812	0.0
75.00592299511081	0.0
75.0159237848435	0.0
75.02592457457617	0.0
75.03592536430885	0.0
75.04592615404154	0.0
75.05592694377421	0.0
75.0659277335069	0.0
75.07592852323958	0.0
75.08592931297225	0.0
75.09593010270494	0.0
75.10593089243763	0.0
75.1159316821703	0.0
75.12593247190298	0.0
75.13593326163567	0.0
75.14593405136834	0.0
75.15593484110103	0.0
75.16593563083372	0.0
75.17593642056639	0.0
75.18593721029907	0.0
75.19593800003176	0.0
75.20593878976443	0.0
75.21593957949712	0.0
75.2259403692298	0.0
75.23594115896248	0.0
75.24594194869516	0.0
75.25594273842785	0.0
75.26594352816052	0.0
75.2759443178932	0.0
75.28594510762589	0.0
75.29594589735856	0.0
75.30594668709125	0.0
75.31594747682394	0.0
75.32594826655661	0.0
75.3359490562893	0.0
75.34594984602198	0.0
75.35595063575465	0.0
75.36595142548734	0.0
75.37595221522002	0.0
75.3859530049527	0.0
75.39595379468538	0.0
75.40595458441807	0.0
75.41595537415074	0.0
75.42595616388343	0.0
75.43595695361611	0.0
75.44595774334879	0.0
75.45595853308147	0.0
75.46595932281416	0.0
75.47596011254683	0.0
75.48596090227952	0.0
75.4959616920122	0.0
75.50596248174487	0.0
75.51596327147756	0.0
75.52596406121025	0.0
75.53596485094292	0.0
75.5459656406756	0.0
75.55596643040829	0.0
75.56596722014096	0.0
75.57596800987365	0.0
75.58596879960633	0.0
75.595969589339	0.0
75.60597037907169	0.0
75.61597116880438	0.0
75.62597195853705	0.0
75.63597274826974	0.0
75.64597353800242	0.0
75.6559743277351	0.0
75.66597511746778	0.0
75.67597590720047	0.0
75.68597669693315	0.0
75.69597748666583	0.0
75.70597827639851	0.0
75.7159790661312	0.0
75.72597985586387	0.0
75.73598064559656	0.0
75.74598143532924	0.0
75.75598222506191	0.0
75.7659830147946	0.0
75.77598380452729	0.0
75.78598459425996	0.0
75.79598538399264	0.0
75.80598617372533	0.0
75.815986963458	0.0
75.82598775319069	0.0
75.83598854292337	0.0
75.84598933265605	0.0
75.85599012238873	0.0
75.86599091212142	0.0
75.87599170185409	0.0
75.88599249158678	0.0
75.89599328131946	0.0
75.90599407105213	0.0
75.91599486078482	0.0
75.9259956505175	0.0
75.93599644025018	0.0
75.94599722998286	0.0
75.95599801971555	0.0
75.96599880944822	0.0
75.97599959918091	0.0
75.9860003889136	0.0
75.99600117864627	0.0
76.00600196837895	0.0
76.01600275811164	0.0
76.02600354784431	0.0
76.036004337577	0.0
76.04600512730968	0.0
76.05600591704236	0.0
76.06600670677504	0.0
76.07600749650773	0.0
76.0860082862404	0.0
76.09600907597309	0.0
76.10600986570577	0.0
76.11601065543844	0.0
76.12601144517113	0.0
76.13601223490382	0.0
76.14601302463649	0.0
76.15601381436917	0.0
76.16601460410186	0.0
76.17601539383453	0.0
76.18601618356722	0.0
76.1960169732999	0.0
76.20601776303258	0.0
76.21601855276526	0.0
76.22601934249795	0.0
76.23602013223062	0.0
76.24602092196331	0.0
76.256021711696	0.0
76.26602250142867	0.0
76.27602329116135	0.0
76.28602408089404	0.0
76.29602487062671	0.0
76.3060256603594	0.0
76.31602645009208	0.0
76.32602723982475	0.0
76.33602802955744	0.0
76.34602881929013	0.0
76.3560296090228	0.0
76.36603039875548	0.0
76.37603118848817	0.0
76.38603197822084	0.0
76.39603276795353	0.0
76.40603355768621	0.0
76.41603434741889	0.0
76.42603513715157	0.0
76.43603592688426	0.0
76.44603671661693	0.0
76.45603750634962	0.0
76.4660382960823	0.0
76.47603908581497	0.0
76.48603987554766	0.0
76.49604066528035	0.0
76.50604145501302	0.0
76.5160422447457	0.0
76.52604303447839	0.0
76.53604382421106	0.0
76.54604461394375	0.0
76.55604540367644	0.0
76.56604619340911	0.0
76.5760469831418	0.0
76.58604777287448	0.0
76.59604856260715	0.0
76.60604935233984	0.0
76.61605014207252	0.0
76.6260509318052	0.0
76.63605172153788	0.0
76.64605251127057	0.0
76.65605330100324	0.0
76.66605409073593	0.0
76.67605488046861	0.0
76.68605567020128	0.0
76.69605645993397	0.0
76.70605724966666	0.0
76.71605803939933	0.0
76.72605882913201	0.0
76.7360596188647	0.0
76.74606040859737	0.0
76.75606119833006	0.0
76.76606198806275	0.0
76.77606277779542	0.0
76.7860635675281	0.0
76.79606435726079	0.0
76.80606514699346	0.0
76.81606593672615	0.0
76.82606672645883	0.0
76.8360675161915	0.0
76.84606830592419	0.0
76.85606909565688	0.0
76.86606988538955	0.0
76.87607067512224	0.0
76.88607146485492	0.0
76.8960722545876	0.0
76.90607304432028	0.0
76.91607383405297	0.0
76.92607462378564	0.0
76.93607541351832	0.0
76.94607620325101	0.0
76.95607699298368	0.0
76.96607778271637	0.0
76.97607857244905	0.0
76.98607936218173	0.0
76.99608015191441	0.0
77.0060809416471	0.0
77.01608173137977	0.0
77.02608252111246	0.0
77.03608331084514	0.0
77.04608410057781	0.0
77.0560848903105	0.0
77.06608568004319	0.0
77.07608646977587	0.0
77.08608725950855	0.0
77.09608804924123	0.0
77.10608883897392	0.0
77.11608962870659	0.0
77.12609041843928	0.0
77.13609120817196	0.0
77.14609199790463	0.0
77.15609278763732	0.0
77.16609357737	0.0
77.17609436710268	0.0
77.18609515683536	0.0
77.19609594656805	0.0
77.20609673630072	0.0
77.21609752603341	0.0
77.2260983157661	0.0
77.23609910549877	0.0
77.24609989523145	0.0
77.25610068496414	0.0
77.26610147469681	0.0
77.2761022644295	0.0
77.28610305416218	0.0
77.29610384389485	0.0
77.30610463362754	0.0
77.31610542336023	0.0
77.3261062130929	0.0
77.33610700282559	0.0
77.34610779255827	0.0
77.35610858229094	0.0
77.36610937202363	0.0
77.37611016175632	0.0
77.38611095148899	0.0
77.39611174122167	0.0
77.40611253095436	0.0
77.41611332068703	0.0
77.42611411041972	0.0
77.4361149001524	0.0
77.44611568988508	0.0
77.45611647961776	0.0
77.46611726935045	0.0
77.47611805908312	0.0
77.4861188488158	0.0
77.49611963854849	0.0
77.50612042828116	0.0
77.51612121801385	0.0
77.52612200774654	0.0
77.53612279747921	0.0
77.5461235872119	0.0
77.55612437694458	0.0
77.56612516667725	0.0
77.57612595640994	0.0
77.58612674614263	0.0
77.5961275358753	0.0
77.60612832560798	0.0
77.61612911534067	0.0
77.62612990507334	0.0
77.63613069480603	0.0
77.64613148453871	0.0
77.65613227427139	0.0
77.66613306400407	0.0
77.67613385373676	0.0
77.68613464346943	0.0
77.69613543320212	0.0
77.7061362229348	0.0
77.71613701266747	0.0
77.72613780240016	0.0
77.73613859213285	0.0
77.74613938186552	0.0
77.7561401715982	0.0
77.76614096133089	0.0
77.77614175106356	0.0
77.78614254079625	0.0
77.79614333052893	0.0
77.8061441202616	0.0
77.81614490999429	0.0
77.82614569972698	0.0
77.83614648945965	0.0
77.84614727919234	0.0
77.85614806892502	0.0
77.8661488586577	0.0
77.87614964839038	0.0
77.88615043812307	0.0
77.89615122785574	0.0
77.90615201758843	0.0
77.91615280732111	0.0
77.92615359705378	0.0
77.93615438678647	0.0
77.94615517651916	0.0
77.95615596625183	0.0
77.96615675598451	0.0
77.9761575457172	0.0
77.98615833544987	0.0
77.99615912518256	0.0
78.00615991491524	0.0
78.01616070464792	0.0
78.0261614943806	0.0
78.03616228411329	0.0
78.04616307384596	0.0
78.05616386357865	0.0
78.06616465331133	0.0
78.076165443044	0.0
78.08616623277669	0.0
78.09616702250938	0.0
78.10616781224205	0.0
78.11616860197473	0.0
78.12616939170742	0.0
78.1361701814401	0.0
78.14617097117278	0.0
78.15617176090547	0.0
78.16617255063814	0.0
78.17617334037082	0.0
78.18617413010351	0.0
78.19617491983618	0.0
78.20617570956887	0.0
78.21617649930155	0.0
78.22617728903423	0.0
78.23617807876691	0.0
78.2461788684996	0.0
78.25617965823227	0.0
78.26618044796496	0.0
78.27618123769764	0.0
78.28618202743031	0.0
78.296182817163	0.0
78.30618360689569	0.0
78.31618439662836	0.0
78.32618518636104	0.0
78.33618597609373	0.0
78.3461867658264	0.0
78.35618755555909	0.0
78.36618834529177	0.0
78.37618913502445	0.0
78.38618992475713	0.0
78.39619071448982	0.0
78.40619150422249	0.0
78.41619229395518	0.0
78.42619308368786	0.0
78.43619387342054	0.0
78.44619466315322	0.0
78.45619545288591	0.0
78.4661962426186	0.0
78.47619703235127	0.0
78.48619782208395	0.0
78.49619861181664	0.0
78.50619940154931	0.0
78.516200191282	0.0
78.52620098101468	0.0
78.53620177074735	0.0
78.54620256048004	0.0
78.55620335021273	0.0
78.5662041399454	0.0
78.57620492967808	0.0
78.58620571941077	0.0
78.59620650914344	0.0
78.60620729887613	0.0
78.61620808860881	0.0
78.62620887834149	0.0
78.63620966807417	0.0
78.64621045780686	0.0
78.65621124753953	0.0
78.66621203727222	0.0
78.6762128270049	0.0
78.68621361673758	0.0
78.69621440647026	0.0
78.70621519620295	0.0
78.71621598593562	0.0
78.7262167756683	0.0
78.73621756540099	0.0
78.74621835513366	0.0
78.75621914486635	0.0
78.76621993459904	0.0
78.77622072433171	0.0
78.7862215140644	0.0
78.79622230379708	0.0
78.80622309352975	0.0
78.81622388326244	0.0
78.82622467299512	0.0
78.8362254627278	0.0
78.84622625246048	0.0
78.85622704219317	0.0
78.86622783192584	0.0
78.87622862165853	0.0
78.88622941139121	0.0
78.89623020112388	0.0
78.90623099085657	0.0
78.91623178058926	0.0
78.92623257032193	0.0
78.93623336005462	0.0
78.9462341497873	0.0
78.95623493951997	0.0
78.96623572925266	0.0
78.97623651898535	0.0
78.98623730871802	0.0
78.9962380984507	0.0
79.00623888818339	0.0
79.01623967791606	0.0
79.02624046764875	0.0
79.03624125738143	0.0
79.0462420471141	0.0
79.05624283684679	0.0
79.06624362657948	0.0
79.07624441631215	0.0
79.08624520604484	0.0
79.09624599577752	0.0
79.1062467855102	0.0
79.11624757524288	0.0
79.12624836497557	0.0
79.13624915470824	0.0
79.14624994444092	0.0
79.15625073417361	0.0
79.16625152390628	0.0
79.17625231363897	0.0
79.18625310337166	0.0
79.19625389310433	0.0
79.20625468283701	0.0
79.2162554725697	0.0
79.22625626230237	0.0
79.23625705203506	0.0
79.24625784176774	0.0
79.25625863150042	0.0
79.2662594212331	0.0
79.27626021096579	0.0
79.28626100069846	0.0
79.29626179043115	0.0
79.30626258016383	0.0
79.3162633698965	0.0
79.32626415962919	0.0
79.33626494936188	0.0
79.34626573909455	0.0
79.35626652882723	0.0
79.36626731855992	0.0
79.37626810829259	0.0
79.38626889802528	0.0
79.39626968775796	0.0
79.40627047749064	0.0
79.41627126722332	0.0
79.42627205695601	0.0
79.43627284668868	0.0
79.44627363642137	0.0
79.45627442615405	163.0
79.46627521588672	161.0
79.47627600561941	154.0
79.4862767953521	147.0
79.49627758508477	142.0
79.50627837481746	139.0
79.51627916455014	136.0
79.52627995428281	134.0
79.5362807440155	132.0
79.54628153374819	129.0
79.55628232348086	124.0
79.56628311321354	121.0
79.57628390294623	118.0
79.5862846926789	114.0
79.59628548241159	111.0
79.60628627214427	110.0
79.61628706187695	107.0
79.62628785160963	105.0
79.63628864134232	104.0
79.64628943107499	101.0
79.65629022080768	99.0
79.66629101054036	97.0
79.67629180027303	96.0
79.68629259000572	95.0
79.6962933797384	0.0
79.70629416947108	0.0
79.71629495920376	0.0
79.72629574893645	0.0
79.73629653866912	0.0
79.74629732840181	0.0
79.7562981181345	0.0
79.76629890786717	0.0
79.77629969759985	242.0
79.78630048733254	248.0
79.79630127706521	126.0
79.8063020667979	129.0
79.81630285653058	131.0
79.82630364626326	132.0
79.83630443599594	129.0
79.84630522572863	128.0
79.85630601546131	125.0
79.86630680519399	124.0
79.87630759492667	122.0
79.88630838465936	121.0
79.89630917439203	119.0
79.90630996412472	118.0
79.9163107538574	117.0
79.92631154359007	115.0
79.93631233332276	113.0
79.94631312305545	111.0
79.95631391278812	109.0
79.9663147025208	107.0
79.97631549225349	106.0
79.98631628198616	107.0
79.99631707171885	111.0
80.00631786145154	115.0
80.0163186511842	124.0
80.0263194409169	128.0
80.03632023064958	132.0
80.04632102038225	137.0
80.05632181011494	142.0
80.06632259984762	144.0
80.0763233895803	144.0
80.08632417931298	140.0
80.09632496904567	139.0
80.10632575877834	136.0
80.11632654851103	134.0
80.12632733824371	126.0
80.13632812797638	109.0
80.14632891770907	107.0
80.15632970744176	109.0
80.16633049717443	110.0
80.17633128690711	113.0
80.1863320766398	115.0
80.19633286637247	117.0
80.20633365610516	118.0
80.21633444583784	118.0
80.22633523557052	118.0
80.2363360253032	115.0
80.24633681503589	114.0
80.25633760476856	113.0
80.26633839450125	111.0
80.27633918423393	109.0
80.2863399739666	107.0
80.29634076369929	105.0
80.30634155343198	105.0
80.31634234316465	105.0
80.32634313289734	105.0
80.33634392263002	107.0
80.3463447123627	109.0
80.35634550209538	110.0
80.36634629182807	109.0
80.37634708156074	107.0
80.38634787129342	106.0
80.39634866102611	104.0
80.40634945075878	100.0
80.41635024049147	97.0
80.42635103022415	95.0
80.43635181995683	90.0
80.44635260968951	89.0
80.4563533994222	87.0
80.46635418915487	86.0
80.47635497888756	87.0
80.48635576862024	87.0
80.49635655835291	88.0
80.5063573480856	89.0
80.51635813781829	89.0
80.52635892755096	89.0
80.53635971728364	0.0
80.54636050701633	0.0
80.556361296749	100.0
80.56636208648169	103.0
80.57636287621438	105.0
80.58636366594705	109.0
80.59636445567973	114.0
80.60636524541242	118.0
80.61636603514509	119.0
80.62636682487778	119.0
80.63636761461046	118.0
80.64636840434314	115.0
80.65636919407582	114.0
80.66636998380851	113.0
80.67637077354118	111.0
80.68637156327387	113.0
80.69637235300655	114.0
80.70637314273922	117.0
80.71637393247191	121.0
80.7263747222046	124.0
80.73637551193727	126.0
80.74637630166995	131.0
80.75637709140264	134.0
80.76637788113531	139.0
80.776378670868	142.0
80.78637946060068	144.0
80.79638025033336	142.0
80.80638104006604	140.0
80.81638182979873	137.0
80.8263826195314	132.0
80.83638340926409	126.0
80.84638419899677	115.0
80.85638498872945	110.0
80.86638577846213	106.0
80.87638656819482	105.0
80.88638735792749	106.0
80.89638814766018	107.0
80.90638893739286	115.0
80.91638972712553	124.0
80.92639051685822	128.0
80.9363913065909	131.0
80.94639209632358	134.0
80.95639288605626	137.0
80.96639367578895	139.0
80.97639446552162	140.0
80.98639525525431	139.0
80.996396044987	136.0
81.00639683471967	132.0
81.01639762445235	132.0
81.02639841418504	132.0
81.03639920391771	136.0
81.0463999936504	140.0
81.05640078338308	145.0
81.06640157311575	150.0
81.07640236284844	156.0
81.08640315258113	161.0
81.0964039423138	165.0
81.10640473204649	167.0
81.11640552177917	167.0
81.12640631151184	165.0
81.13640710124453	159.0
81.14640789097722	156.0
81.15640868070989	154.0
81.16640947044257	154.0
81.17641026017526	158.0
81.18641104990793	159.0
81.19641183964062	163.0
81.2064126293733	169.0
81.21641341910598	175.0
81.22641420883866	181.0
81.23641499857135	183.0
81.24641578830403	183.0
81.2564165780367	181.0
81.26641736776939	175.0
81.27641815750208	171.0
81.28641894723475	167.0
81.29641973696744	165.0
81.30642052670012	165.0
81.3164213164328	169.0
81.32642210616548	173.0
81.33642289589817	177.0
81.34642368563084	183.0
81.35642447536353	187.0
81.36642526509621	192.0
81.37642605482888	192.0
81.38642684456157	190.0
81.39642763429426	183.0
81.40642842402693	175.0
81.41642921375961	175.0
81.4264300034923	177.0
81.43643079322497	181.0
81.44643158295766	187.0
81.45643237269034	192.0
81.46643316242302	199.0
81.4764339521557	203.0
81.48643474188839	208.0
81.49643553162106	210.0
81.50643632135375	210.0
81.51643711108643	208.0
81.5264379008191	206.0
81.53643869055179	203.0
81.54643948028448	201.0
81.55644027001715	203.0
81.56644105974983	206.0
81.57644184948252	213.0
81.58644263921519	220.0
81.59644342894788	228.0
81.60644421868056	236.0
81.61644500841324	242.0
81.62644579814592	242.0
81.63644658787861	236.0
81.64644737761128	231.0
81.65644816734397	226.0
81.66644895707665	220.0
81.67644974680933	218.0
81.68645053654201	218.0
81.6964513262747	0.0
81.70645211600737	0.0
81.71645290574006	0.0
81.72645369547274	0.0
81.73645448520541	0.0
81.7464552749381	0.0
81.75645606467079	0.0
81.76645685440346	0.0
81.77645764413614	0.0
81.78645843386883	223.0
81.7964592236015	220.0
81.80646001333419	220.0
81.81646080306687	228.0
81.82646159279955	234.0
81.83646238253223	239.0
81.84646317226492	245.0
81.85646396199759	248.0
81.86646475173028	248.0
81.87646554146296	239.0
81.88646633119563	234.0
81.89646712092832	228.0
81.90646791066101	226.0
81.91646870039368	223.0
81.92646949012637	228.0
81.93647027985905	231.0
81.94647106959172	239.0
81.95647185932441	242.0
81.9664726490571	245.0
81.97647343878977	242.0
81.98647422852245	236.0
81.99647501825514	228.0
82.00647580798781	223.0
82.0164765977205	218.0
82.02647738745318	213.0
82.03647817718586	208.0
82.04647896691854	206.0
82.05647975665123	206.0
82.0664805463839	206.0
82.07648133611659	206.0
82.08648212584927	208.0
82.09648291558194	208.0
82.10648370531463	208.0
82.11648449504732	208.0
82.12648528477999	206.0
82.13648607451267	206.0
82.14648686424536	206.0
82.15648765397803	206.0
82.16648844371072	206.0
82.1764892334434	206.0
82.18649002317608	206.0
82.19649081290876	203.0
82.20649160264145	203.0
82.21649239237412	203.0
82.22649318210681	0.0
82.2364939718395	0.0
82.24649476157217	0.0
82.25649555130485	0.0
82.26649634103754	0.0
82.27649713077021	231.0
82.2864979205029	231.0
82.29649871023558	236.0
82.30649949996825	239.0
82.31650028970094	239.0
82.32650107943363	242.0
82.3365018691663	239.0
82.34650265889898	239.0
82.35650344863167	236.0
82.36650423836434	236.0
82.37650502809703	234.0
82.38650581782971	231.0
82.39650660756239	228.0
82.40650739729507	223.0
82.41650818702776	220.0
82.42650897676043	215.0
82.43650976649312	213.0
82.4465105562258	210.0
82.45651134595848	208.0
82.46651213569116	208.0
82.47651292542385	208.0
82.48651371515652	210.0
82.4965145048892	215.0
82.50651529462189	226.0
82.51651608435456	231.0
82.52651687408725	234.0
82.53651766381994	236.0
82.54651845355261	236.0
82.5565192432853	234.0
82.56652003301798	228.0
82.57652082275065	226.0
82.58652161248334	223.0
82.59652240221602	223.0
82.6065231919487	228.0
82.61652398168138	234.0
82.62652477141407	239.0
82.63652556114675	245.0
82.64652635087943	248.0
82.65652714061211	245.0
82.6665279303448	239.0
82.67652872007747	234.0
82.68652950981016	226.0
82.69653029954284	223.0
82.70653108927552	223.0
82.7165318790082	228.0
82.72653266874089	231.0
82.73653345847356	234.0
82.74653424820625	234.0
82.75653503793893	223.0
82.7665358276716	218.0
82.77653661740429	213.0
82.78653740713698	206.0
82.79653819686965	199.0
82.80653898660233	220.0
82.81653977633502	220.0
82.82654056606769	218.0
82.83654135580038	213.0
82.84654214553306	208.0
82.85654293526574	206.0
82.86654372499842	199.0
82.87654451473111	194.0
82.88654530446378	187.0
82.89654609419647	181.0
82.90654688392915	181.0
82.91654767366182	181.0
82.92654846339451	183.0
82.9365492531272	185.0
82.94655004285987	183.0
82.95655083259255	181.0
82.96655162232524	177.0
82.97655241205791	173.0
82.9865532017906	169.0
82.99655399152329	167.0
83.00655478125596	167.0
83.01655557098864	169.0
83.02655636072133	173.0
83.036557150454	177.0
83.04655794018669	179.0
83.05655872991937	181.0
83.06655951965205	0.0
83.07656030938473	0.0
83.08656109911742	0.0
83.09656188885009	0.0
83.10656267858278	0.0
83.11656346831546	0.0
83.12656425804813	0.0
83.13656504778082	0.0
83.1465658375135	0.0
83.15656662724618	0.0
83.16656741697886	0.0
83.17656820671155	0.0
83.18656899644422	0.0
83.19656978617691	0.0
83.2065705759096	0.0
83.21657136564227	0.0
83.22657215537495	0.0
83.23657294510764	0.0
83.24657373484031	0.0
83.256574524573	0.0
83.26657531430568	0.0
83.27657610403836	0.0
83.28657689377104	0.0
83.29657768350373	0.0
83.3065784732364	0.0
83.31657926296909	0.0
83.32658005270177	0.0
83.33658084243444	0.0
83.34658163216713	0.0
83.35658242189982	0.0
83.36658321163249	0.0
83.37658400136517	0.0
83.38658479109786	0.0
83.39658558083053	0.0
83.40658637056322	0.0
83.4165871602959	0.0
83.42658795002858	0.0
83.43658873976126	0.0
83.44658952949395	0.0
83.45659031922662	0.0
83.4665911089593	0.0
83.47659189869199	0.0
83.48659268842466	0.0
83.49659347815735	0.0
83.50659426789004	0.0
83.51659505762271	0.0
83.5265958473554	0.0
83.53659663708808	0.0
83.54659742682075	0.0
83.55659821655344	0.0
83.56659900628613	0.0
83.5765997960188	0.0
83.58660058575148	0.0
83.59660137548417	0.0
83.60660216521684	0.0
83.61660295494953	0.0
83.62660374468221	0.0
83.63660453441489	0.0
83.64660532414757	0.0
83.65660611388026	0.0
83.66660690361293	0.0
83.67660769334562	0.0
83.6866084830783	0.0
83.69660927281097	0.0
83.70661006254366	0.0
83.71661085227635	0.0
83.72661164200902	0.0
83.7366124317417	0.0
83.74661322147439	0.0
83.75661401120706	0.0
83.76661480093975	0.0
83.77661559067244	0.0
83.7866163804051	0.0
83.7966171701378	0.0
83.80661795987048	0.0
83.81661874960315	0.0
83.82661953933584	0.0
83.83662032906852	0.0
83.8466211188012	0.0
83.85662190853388	0.0
83.86662269826657	0.0
83.87662348799924	0.0
83.88662427773193	0.0
83.89662506746461	0.0
83.90662585719728	0.0
83.91662664692997	0.0
83.92662743666266	0.0
83.93662822639533	0.0
83.94662901612801	0.0
83.9566298058607	0.0
83.96663059559337	0.0
83.97663138532606	0.0
83.98663217505874	0.0
83.99663296479142	0.0
84.0066337545241	0.0
84.01663454425679	0.0
84.02663533398947	0.0
84.03663612372215	0.0
84.04663691345483	0.0
84.05663770318752	0.0
84.06663849292019	0.0
84.07663928265288	0.0
84.08664007238556	0.0
84.09664086211824	0.0
84.10664165185092	0.0
84.11664244158361	0.0
84.12664323131628	0.0
84.13664402104897	0.0
84.14664481078165	0.0
84.15664560051432	0.0
84.16664639024701	0.0
84.1766471799797	0.0
84.18664796971237	0.0
84.19664875944505	0.0
84.20664954917774	363.0
84.21665033891041	363.0
84.2266511286431	363.0
84.23665191837578	363.0
84.24665270810846	367.0
84.25665349784114	367.0
84.26665428757383	367.0
84.2766550773065	367.0
84.28665586703919	367.0
84.29665665677187	367.0
84.30665744650454	371.0
84.31665823623723	371.0
84.32665902596992	371.0
84.33665981570259	371.0
84.34666060543528	371.0
84.35666139516796	371.0
84.36666218490063	371.0
84.37666297463332	371.0
84.386663764366	371.0
84.39666455409868	371.0
84.40666534383136	371.0
84.41666613356405	371.0
84.42666692329672	371.0
84.43666771302941	371.0
84.4466685027621	371.0
84.45666929249477	371.0
84.46667008222745	371.0
84.47667087196014	371.0
84.48667166169281	367.0
84.4966724514255	367.0
84.50667324115818	367.0
84.51667403089085	367.0
84.52667482062354	367.0
84.53667561035623	371.0
84.5466764000889	371.0
84.55667718982158	371.0
84.56667797955427	371.0
84.57667876928694	371.0
84.58667955901963	371.0
84.59668034875232	371.0
84.60668113848499	371.0
84.61668192821767	367.0
84.62668271795036	367.0
84.63668350768303	367.0
84.64668429741572	367.0
84.6566850871484	367.0
84.66668587688108	367.0
84.67668666661376	367.0
84.68668745634645	367.0
84.69668824607912	367.0
84.7066890358118	367.0
84.71668982554449	367.0
84.72669061527716	371.0
84.73669140500985	371.0
84.74669219474254	371.0
84.75669298447521	371.0
84.7666937742079	371.0
84.77669456394058	371.0
84.78669535367325	371.0
84.79669614340594	371.0
84.80669693313862	371.0
84.8166977228713	371.0
84.82669851260398	371.0
84.83669930233667	371.0
84.84670009206934	371.0
84.85670088180203	371.0
84.86670167153471	371.0
84.87670246126739	371.0
84.88670325100007	371.0
84.89670404073276	371.0
84.90670483046543	371.0
84.91670562019812	371.0
84.9267064099308	367.0
84.93670719966347	367.0
84.94670798939616	367.0
84.95670877912885	367.0
84.96670956886152	367.0
84.9767103585942	367.0
84.98671114832689	367.0
84.99671193805956	367.0
85.00671272779225	367.0
85.01671351752493	371.0
85.0267143072576	371.0
85.03671509699029	371.0
85.04671588672298	371.0
85.05671667645565	371.0
85.06671746618834	371.0
85.07671825592102	371.0
85.0867190456537	371.0
85.09671983538638	371.0
85.10672062511907	371.0
85.11672141485174	371.0
85.12672220458442	371.0
85.13672299431711	371.0
85.14672378404978	371.0
85.15672457378247	371.0
85.16672536351516	371.0
85.17672615324783	371.0
85.18672694298051	371.0
85.1967277327132	371.0
85.20672852244587	371.0
85.21672931217856	371.0
85.22673010191124	371.0
85.23673089164392	371.0
85.2467316813766	371.0
85.25673247110929	371.0
85.26673326084196	371.0
85.27673405057465	371.0
85.28673484030733	367.0
85.29673563004	371.0
85.30673641977269	371.0
85.31673720950538	371.0
85.32673799923805	371.0
85.33673878897073	371.0
85.34673957870342	371.0
85.35674036843609	371.0
85.36674115816878	371.0
85.37674194790146	0.0
85.38674273763414	0.0
85.39674352736682	0.0
85.40674431709951	0.0
85.4167451068322	0.0
85.42674589656487	0.0
85.43674668629755	0.0
85.44674747603024	0.0
85.45674826576291	0.0
85.4667490554956	0.0
85.47674984522828	0.0
85.48675063496096	0.0
85.49675142469364	0.0
85.50675221442633	0.0
85.516753004159	0.0
85.52675379389169	0.0
85.53675458362437	0.0
85.54675537335704	0.0
85.55675616308973	0.0
85.56675695282242	0.0
85.57675774255509	0.0
85.58675853228777	0.0
85.59675932202046	0.0
85.60676011175313	0.0
85.61676090148582	0.0
85.6267616912185	0.0
85.63676248095118	0.0
85.64676327068386	0.0
85.65676406041655	0.0
85.66676485014922	0.0
85.6767656398819	0.0
85.6867664296146	0.0
85.69676721934727	0.0
85.70676800907995	0.0
85.71676879881264	0.0
85.72676958854531	0.0
85.736770378278	250.0
85.74677116801068	250.0
85.75677195774335	250.0
85.76677274747604	242.0
85.77677353720873	248.0
85.7867743269414	250.0
85.79677511667408	256.0
85.80677590640677	256.0
85.81677669613944	256.0
85.82677748587213	250.0
85.83677827560481	248.0
85.84677906533749	245.0
85.85677985507017	242.0
85.86678064480286	239.0
85.87678143453553	236.0
85.88678222426822	236.0
85.8967830140009	236.0
85.90678380373357	236.0
85.91678459346626	236.0
85.92678538319895	236.0
85.93678617293162	239.0
85.9467869626643	239.0
85.95678775239699	239.0
85.96678854212966	239.0
85.97678933186235	236.0
85.98679012159504	231.0
85.99679091132771	228.0
86.0067917010604	228.0
86.01679249079308	234.0
86.02679328052575	245.0
86.03679407025844	259.0
86.04679485999112	275.0
86.0567956497238	327.0
86.06679643945648	334.0
86.07679722918917	334.0
86.08679801892184	334.0
86.09679880865453	248.0
86.10679959838721	245.0
86.11680038811988	234.0
86.12680117785257	228.0
86.13680196758526	228.0
86.14680275731793	234.0
86.15680354705061	236.0
86.1668043367833	242.0
86.17680512651597	248.0
86.18680591624866	250.0
86.19680670598134	250.0
86.20680749571402	250.0
86.2168082854467	245.0
86.22680907517939	239.0
86.23680986491206	236.0
86.24681065464475	236.0
86.25681144437743	239.0
86.2668122341101	242.0
86.27681302384279	248.0
86.28681381357548	253.0
86.29681460330815	253.0
86.30681539304084	248.0
86.31681618277352	236.0
86.3268169725062	228.0
86.33681776223888	220.0
86.34681855197157	215.0
86.35681934170424	213.0
86.36682013143692	210.0
86.37682092116961	210.0
86.38682171090228	210.0
86.39682250063497	213.0
86.40682329036765	213.0
86.41682408010033	210.0
86.42682486983301	210.0
86.4368256595657	210.0
86.44682644929837	208.0
86.45682723903106	208.0
86.46682802876374	210.0
86.47682881849641	210.0
86.4868296082291	210.0
86.49683039796179	210.0
86.50683118769446	213.0
86.51683197742715	213.0
86.52683276715983	213.0
86.5368335568925	213.0
86.54683434662519	210.0
86.55683513635788	210.0
86.56683592609055	210.0
86.57683671582323	210.0
86.58683750555592	210.0
86.59683829528859	210.0
86.60683908502128	210.0
86.61683987475396	210.0
86.62684066448664	210.0
86.63684145421932	210.0
86.64684224395201	210.0
86.65684303368468	210.0
86.66684382341737	210.0
86.67684461315005	210.0
86.68684540288272	210.0
86.69684619261541	210.0
86.7068469823481	210.0
86.71684777208077	208.0
86.72684856181345	208.0
86.73684935154614	206.0
86.74685014127881	206.0
86.7568509310115	206.0
86.76685172074419	208.0
86.77685251047686	208.0
86.78685330020954	208.0
86.79685408994223	208.0
86.80685487967492	208.0
86.81685566940759	208.0
86.82685645914027	208.0
86.83685724887296	208.0
86.84685803860563	208.0
86.85685882833832	208.0
86.866859618071	208.0
86.87686040780368	208.0
86.88686119753636	208.0
86.89686198726905	208.0
86.90686277700172	208.0
86.9168635667344	208.0
86.92686435646709	208.0
86.93686514619976	208.0
86.94686593593245	208.0
86.95686672566514	208.0
86.96686751539781	206.0
86.9768683051305	206.0
86.98686909486318	206.0
86.99686988459585	206.0
87.00687067432854	206.0
87.01687146406123	206.0
87.0268722537939	206.0
87.03687304352658	206.0
87.04687383325927	206.0
87.05687462299194	206.0
87.06687541272463	206.0
87.07687620245731	206.0
87.08687699218999	206.0
87.09687778192267	203.0
87.10687857165536	203.0
87.11687936138803	203.0
87.12688015112072	203.0
87.1368809408534	203.0
87.14688173058607	203.0
87.15688252031876	206.0
87.16688331005145	206.0
87.17688409978412	203.0
87.1868848895168	203.0
87.19688567924949	203.0
87.20688646898216	201.0
87.21688725871485	201.0
87.22688804844753	201.0
87.2368888381802	201.0
87.24688962791289	203.0
87.25689041764558	203.0
87.26689120737825	206.0
87.27689199711094	206.0
87.28689278684362	206.0
87.2968935765763	208.0
87.30689436630898	208.0
87.31689515604167	208.0
87.32689594577434	206.0
87.33689673550703	206.0
87.34689752523971	206.0
87.35689831497238	206.0
87.36689910470507	206.0
87.37689989443776	203.0
87.38690068417043	203.0
87.39690147390311	203.0
87.4069022636358	203.0
87.41690305336847	206.0
87.42690384310116	206.0
87.43690463283384	206.0
87.44690542256652	206.0
87.4569062122992	208.0
87.46690700203189	208.0
87.47690779176456	208.0
87.48690858149725	208.0
87.49690937122993	208.0
87.5069101609626	206.0
87.51691095069529	206.0
87.52691174042798	206.0
87.53691253016065	206.0
87.54691331989333	206.0
87.55691410962602	206.0
87.5669148993587	206.0
87.57691568909138	206.0
87.58691647882407	206.0
87.59691726855674	206.0
87.60691805828942	206.0
87.61691884802211	206.0
87.62691963775478	203.0
87.63692042748747	203.0
87.64692121722015	206.0
87.65692200695283	206.0
87.66692279668551	206.0
87.6769235864182	208.0
87.68692437615087	208.0
87.69692516588356	208.0
87.70692595561624	208.0
87.71692674534891	208.0
87.7269275350816	208.0
87.73692832481429	208.0
87.74692911454696	206.0
87.75692990427964	206.0
87.76693069401233	203.0
87.776931483745	203.0
87.78693227347769	206.0
87.79693306321037	206.0
87.80693385294305	206.0
87.81693464267573	208.0
87.82693543240842	208.0
87.83693622214109	208.0
87.84693701187378	208.0
87.85693780160646	208.0
87.86693859133914	208.0
87.87693938107182	208.0
87.88694017080451	206.0
87.89694096053718	206.0
87.90694175026987	206.0
87.91694254000255	206.0
87.92694332973522	0.0
87.93694411946791	0.0
87.9469449092006	0.0
87.95694569893327	0.0
87.96694648866595	0.0
87.97694727839864	0.0
87.98694806813131	0.0
87.996948857864	0.0
88.00694964759668	0.0
88.01695043732936	0.0
88.02695122706204	0.0
88.03695201679473	0.0
88.0469528065274	0.0
88.05695359626009	0.0
88.06695438599277	0.0
88.07695517572544	0.0
88.08695596545813	0.0
88.09695675519082	0.0
88.10695754492349	0.0
88.11695833465618	0.0
88.12695912438886	0.0
88.13695991412153	0.0
88.14696070385422	0.0
88.1569614935869	0.0
88.16696228331958	0.0
88.17696307305226	0.0
88.18696386278495	0.0
88.19696465251764	0.0
88.20696544225031	0.0
88.216966231983	0.0
88.22696702171568	0.0
88.23696781144835	0.0
88.24696860118104	0.0
88.25696939091372	0.0
88.2669701806464	0.0
88.27697097037908	0.0
88.28697176011177	0.0
88.29697254984444	0.0
88.30697333957713	0.0
88.31697412930981	0.0
88.32697491904248	0.0
88.33697570877517	0.0
88.34697649850786	0.0
88.35697728824053	0.0
88.36697807797322	0.0
88.3769788677059	0.0
88.38697965743857	0.0
88.39698044717126	0.0
88.40698123690395	0.0
88.41698202663662	0.0
88.4269828163693	0.0
88.43698360610199	0.0
88.44698439583466	0.0
88.45698518556735	0.0
88.46698597530003	0.0
88.4769867650327	0.0
88.48698755476539	0.0
88.49698834449808	0.0
88.50698913423075	0.0
88.51698992396344	0.0
88.52699071369612	0.0
88.5369915034288	0.0
88.54699229316148	0.0
88.55699308289417	0.0
88.56699387262684	0.0
88.57699466235952	0.0
88.58699545209221	0.0
88.59699624182488	0.0
88.60699703155757	0.0
88.61699782129025	0.0
88.62699861102293	0.0
88.63699940075561	0.0
88.6470001904883	0.0
88.65700098022097	0.0
88.66700176995366	0.0
88.67700255968634	0.0
88.68700334941902	0.0
88.6970041391517	0.0
88.70700492888439	0.0
88.71700571861706	0.0
88.72700650834975	0.0
88.73700729808243	0.0
88.7470080878151	0.0
88.75700887754779	0.0
88.76700966728048	0.0
88.77701045701315	0.0
88.78701124674583	0.0
88.79701203647852	0.0
88.80701282621119	0.0
88.81701361594388	0.0
88.82701440567656	0.0
88.83701519540924	0.0
88.84701598514192	0.0
88.85701677487461	0.0
88.86701756460728	0.0
88.87701835433997	0.0
88.88701914407265	0.0
88.89701993380532	0.0
88.90702072353801	0.0
88.9170215132707	0.0
88.92702230300337	0.0
88.93702309273606	0.0
88.94702388246874	0.0
88.95702467220141	0.0
88.9670254619341	0.0
88.97702625166679	0.0
88.98702704139946	0.0
88.99702783113214	0.0
89.00702862086483	0.0
89.0170294105975	0.0
89.02703020033019	0.0
89.03703099006287	0.0
89.04703177979555	0.0
89.05703256952823	0.0
89.06703335926092	0.0
89.07703414899359	0.0
89.08703493872628	0.0
89.09703572845896	0.0
89.10703651819163	0.0
89.11703730792432	0.0
89.127038097657	0.0
89.13703888738968	0.0
89.14703967712236	0.0
89.15704046685505	0.0
89.16704125658772	0.0
89.17704204632041	0.0
89.1870428360531	0.0
89.19704362578577	0.0
89.20704441551845	0.0
89.21704520525114	0.0
89.22704599498381	0.0
89.2370467847165	0.0
89.24704757444918	0.0
89.25704836418186	0.0
89.26704915391454	0.0
89.27704994364723	0.0
89.2870507333799	0.0
89.29705152311259	0.0
89.30705231284527	0.0
89.31705310257794	0.0
89.32705389231063	0.0
89.33705468204332	0.0
89.34705547177599	0.0
89.35705626150867	0.0
89.36705705124136	0.0
89.37705784097403	0.0
89.38705863070672	0.0
89.3970594204394	0.0
89.40706021017208	0.0
89.41706099990476	0.0
89.42706178963745	0.0
89.43706257937012	0.0
89.4470633691028	0.0
89.4570641588355	0.0
89.46706494856817	0.0
89.47706573830085	0.0
89.48706652803354	239.0
89.49706731776621	242.0
89.5070681074989	242.0
89.51706889723158	242.0
89.52706968696425	242.0
89.53707047669694	239.0
89.54707126642963	239.0
89.5570720561623	236.0
89.56707284589498	234.0
89.57707363562767	231.0
89.58707442536036	231.0
89.59707521509303	231.0
89.60707600482571	226.0
89.6170767945584	226.0
89.62707758429107	223.0
89.63707837402376	220.0
89.64707916375644	220.0
89.65707995348912	218.0
89.6670807432218	218.0
89.67708153295449	215.0
89.68708232268716	215.0
89.69708311241985	213.0
89.70708390215253	210.0
89.7170846918852	208.0
89.72708548161789	208.0
89.73708627135058	208.0
89.74708706108325	208.0
89.75708785081594	208.0
89.76708864054862	208.0
89.7770894302813	208.0
89.78709022001398	208.0
89.79709100974667	208.0
89.80709179947934	208.0
89.81709258921202	208.0
89.82709337894471	208.0
89.83709416867738	208.0
89.84709495841007	208.0
89.85709574814275	208.0
89.86709653787543	208.0
89.87709732760811	208.0
89.8870981173408	208.0
89.89709890707347	208.0
89.90709969680616	208.0
89.91710048653884	208.0
89.92710127627151	206.0
89.9371020660042	206.0
89.94710285573689	206.0
89.95710364546956	206.0
89.96710443520224	203.0
89.97710522493493	203.0
89.9871060146676	203.0
89.99710680440029	206.0
90.00710759413298	206.0
90.01710838386565	206.0
90.02710917359833	206.0
90.03710996333102	206.0
90.04711075306369	206.0
90.05711154279638	208.0
90.06711233252906	206.0
90.07711312226174	206.0
90.08711391199442	206.0
90.09711470172711	206.0
90.10711549145978	206.0
90.11711628119247	206.0
90.12711707092515	206.0
90.13711786065782	203.0
90.14711865039051	203.0
90.1571194401232	203.0
90.16712022985587	206.0
90.17712101958855	206.0
90.18712180932124	206.0
90.19712259905391	206.0
90.2071233887866	206.0
90.21712417851928	206.0
90.22712496825196	206.0
90.23712575798464	206.0
90.24712654771733	206.0
90.25712733745	206.0
90.26712812718269	206.0
90.27712891691537	206.0
90.28712970664805	206.0
90.29713049638073	206.0
90.30713128611342	206.0
90.31713207584609	206.0
90.32713286557878	206.0
90.33713365531146	206.0
90.34713444504413	206.0
90.35713523477682	206.0
90.3671360245095	206.0
90.37713681424218	206.0
90.38713760397486	206.0
90.39713839370755	206.0
90.40713918344022	206.0
90.41713997317291	206.0
90.4271407629056	208.0
90.43714155263827	208.0
90.44714234237095	208.0
90.45714313210364	206.0
90.46714392183631	206.0
90.477144711569	206.0
90.48714550130168	206.0
90.49714629103435	206.0
90.50714708076704	206.0
90.51714787049973	206.0
90.5271486602324	206.0
90.53714944996509	206.0
90.54715023969777	206.0
90.55715102943044	206.0
90.56715181916313	208.0
90.57715260889582	208.0
90.58715339862849	208.0
90.59715418836117	208.0
90.60715497809386	208.0
90.61715576782653	206.0
90.62715655755922	206.0
90.6371573472919	206.0
90.64715813702458	206.0
90.65715892675726	203.0
90.66715971648995	203.0
90.67716050622262	206.0
90.6871612959553	206.0
90.69716208568799	206.0
90.70716287542066	206.0
90.71716366515335	206.0
90.72716445488604	208.0
90.73716524461871	208.0
90.7471660343514	206.0
90.75716682408408	206.0
90.76716761381675	206.0
90.77716840354944	206.0
90.78716919328212	206.0
90.7971699830148	206.0
90.80717077274748	206.0
90.81717156248017	206.0
90.82717235221284	208.0
90.83717314194553	206.0
90.84717393167821	206.0
90.85717472141089	206.0
90.86717551114357	206.0
90.87717630087626	206.0
90.88717709060893	206.0
90.89717788034162	206.0
90.9071786700743	206.0
90.91717945980697	206.0
90.92718024953966	206.0
90.93718103927235	206.0
90.94718182900502	206.0
90.9571826187377	206.0
90.96718340847039	206.0
90.97718419820308	206.0
90.98718498793575	206.0
90.99718577766843	206.0
91.00718656740112	206.0
91.01718735713379	206.0
91.02718814686648	206.0
91.03718893659916	206.0
91.04718972633184	206.0
91.05719051606452	206.0
91.06719130579721	206.0
91.07719209552988	203.0
91.08719288526257	203.0
91.09719367499525	203.0
91.10719446472793	206.0
91.11719525446061	206.0
91.1271960441933	206.0
91.13719683392597	206.0
91.14719762365866	206.0
91.15719841339134	206.0
91.16719920312401	206.0
91.1771999928567	206.0
91.18720078258939	206.0
91.19720157232206	206.0
91.20720236205474	206.0
91.21720315178743	206.0
91.2272039415201	206.0
91.23720473125279	206.0
91.24720552098547	206.0
91.25720631071815	206.0
91.26720710045083	206.0
91.27720789018352	206.0
91.28720867991619	206.0
91.29720946964888	206.0
91.30721025938156	206.0
91.31721104911423	206.0
91.32721183884692	206.0
91.3372126285796	206.0
91.34721341831228	206.0
91.35721420804497	206.0
91.36721499777765	206.0
91.37721578751032	206.0
91.38721657724301	206.0
91.3972173669757	206.0
91.40721815670837	206.0
91.41721894644105	206.0
91.42721973617374	206.0
91.43722052590641	206.0
91.4472213156391	206.0
91.45722210537178	206.0
91.46722289510446	206.0
91.47722368483714	206.0
91.48722447456983	206.0
91.4972252643025	206.0
91.50722605403519	208.0
91.51722684376787	208.0
91.52722763350054	208.0
91.53722842323323	206.0
91.54722921296592	206.0
91.55723000269859	206.0
91.56723079243127	206.0
91.57723158216396	206.0
91.58723237189663	206.0
91.59723316162932	206.0
91.607233951362	206.0
91.61723474109468	206.0
91.62723553082736	206.0
91.63723632056005	206.0
91.64723711029272	206.0
91.65723790002541	206.0
91.6672386897581	206.0
91.67723947949077	206.0
91.68724026922345	206.0
91.69724105895614	206.0
91.70724184868881	206.0
91.7172426384215	206.0
91.72724342815418	206.0
91.73724421788685	206.0
91.74724500761954	206.0
91.75724579735223	206.0
91.7672465870849	206.0
91.77724737681758	206.0
91.78724816655027	206.0
91.79724895628294	206.0
91.80724974601563	206.0
91.81725053574831	206.0
91.82725132548099	206.0
91.83725211521367	0.0
91.84725290494636	0.0
91.85725369467903	0.0
91.86725448441172	0.0
91.8772552741444	0.0
91.88725606387708	226.0
91.89725685360976	234.0
91.90725764334245	245.0
91.91725843307512	253.0
91.9272592228078	259.0
91.93726001254049	259.0
91.94726080227316	256.0
91.95726159200585	245.0
91.96726238173854	234.0
91.97726317147121	226.0
91.9872639612039	218.0
91.99726475093658	213.0
92.00726554066925	210.0
92.01726633040194	208.0
92.02726712013462	208.0
92.0372679098673	208.0
92.04726869959998	208.0
92.05726948933267	208.0
92.06727027906534	208.0
92.07727106879803	208.0
92.08727185853071	206.0
92.09727264826338	206.0
92.10727343799607	203.0
92.11727422772876	203.0
92.12727501746143	206.0
92.13727580719411	208.0
92.1472765969268	215.0
92.15727738665947	220.0
92.16727817639216	220.0
92.17727896612485	231.0
92.18727975585752	242.0
92.1972805455902	262.0
92.20728133532289	268.0
92.21728212505556	265.0
92.22728291478825	256.0
92.23728370452093	248.0
92.2472844942536	223.0
92.25728528398629	213.0
92.26728607371898	206.0
92.27728686345165	203.0
92.28728765318434	203.0
92.29728844291702	210.0
92.3072892326497	218.0
92.31729002238238	223.0
92.32729081211507	223.0
92.33729160184774	218.0
92.34729239158042	208.0
92.35729318131311	190.0
92.3672939710458	181.0
92.37729476077847	175.0
92.38729555051115	173.0
92.39729634024384	173.0
92.40729712997651	179.0
92.4172979197092	183.0
92.42729870944189	187.0
92.43729949917456	187.0
92.44730028890724	185.0
92.45730107863993	181.0
92.4673018683726	175.0
92.47730265810529	169.0
92.48730344783797	167.0
92.49730423757065	169.0
92.50730502730333	171.0
92.51730581703602	179.0
92.52730660676869	185.0
92.53730739650138	194.0
92.54730818623406	199.0
92.55730897596673	203.0
92.56730976569942	206.0
92.5773105554321	208.0
92.58731134516478	208.0
92.59731213489746	208.0
92.60731292463015	206.0
92.61731371436282	206.0
92.62731450409551	206.0
92.6373152938282	208.0
92.64731608356087	208.0
92.65731687329355	208.0
92.66731766302624	208.0
92.67731845275891	208.0
92.6873192424916	208.0
92.69732003222428	208.0
92.70732082195696	208.0
92.71732161168964	208.0
92.72732240142233	208.0
92.737323191155	208.0
92.74732398088769	208.0
92.75732477062037	208.0
92.76732556035304	208.0
92.77732635008573	206.0
92.78732713981842	206.0
92.79732792955109	206.0
92.80732871928377	206.0
92.81732950901646	208.0
92.82733029874913	208.0
92.83733108848182	208.0
92.8473318782145	208.0
92.85733266794718	208.0
92.86733345767986	208.0
92.87733424741255	206.0
92.88733503714522	203.0
92.8973358268779	201.0
92.90733661661059	194.0
92.91733740634326	187.0
92.92733819607595	179.0
92.93733898580864	173.0
92.94733977554131	169.0
92.957340565274	167.0
92.96734135500668	165.0
92.97734214473935	165.0
92.98734293447204	169.0
92.99734372420473	171.0
93.0073445139374	0.0
93.01734530367008	0.0
93.02734609340277	0.0
93.03734688313544	0.0
93.04734767286813	0.0
93.05734846260081	0.0
93.06734925233349	0.0
93.07735004206617	0.0
93.08735083179886	0.0
93.09735162153153	0.0
93.10735241126422	0.0
93.1173532009969	0.0
93.12735399072957	0.0
93.13735478046226	0.0
93.14735557019495	0.0
93.15735635992762	0.0
93.1673571496603	0.0
93.17735793939299	0.0
93.18735872912566	0.0
93.19735951885835	0.0
93.20736030859103	0.0
93.2173610983237	0.0
93.2273618880564	0.0
93.23736267778908	0.0
93.24736346752175	0.0
93.25736425725444	0.0
93.26736504698712	0.0
93.2773658367198	0.0
93.28736662645248	0.0
93.29736741618517	0.0
93.30736820591784	0.0
93.31736899565053	0.0
93.32736978538321	0.0
93.33737057511588	0.0
93.34737136484857	0.0
93.35737215458126	0.0
93.36737294431393	0.0
93.37737373404661	0.0
93.3873745237793	0.0
93.39737531351197	0.0
93.40737610324466	0.0
93.41737689297734	0.0
93.42737768271002	0.0
93.4373784724427	0.0
93.44737926217539	0.0
93.45738005190806	0.0
93.46738084164075	0.0
93.47738163137343	0.0
93.4873824211061	0.0
93.49738321083879	0.0
93.50738400057148	0.0
93.51738479030415	0.0
93.52738558003684	0.0
93.53738636976952	0.0
93.5473871595022	0.0
93.55738794923488	0.0
93.56738873896757	0.0
93.57738952870024	0.0
93.58739031843292	0.0
93.59739110816561	0.0
93.60739189789828	0.0
93.61739268763097	0.0
93.62739347736365	0.0
93.63739426709633	0.0
93.64739505682901	0.0
93.6573958465617	0.0
93.66739663629437	0.0
93.67739742602706	0.0
93.68739821575974	0.0
93.69739900549241	0.0
93.7073997952251	0.0
93.71740058495779	0.0
93.72740137469046	0.0
93.73740216442314	0.0
93.74740295415583	0.0
93.75740374388852	0.0
93.76740453362119	0.0
93.77740532335388	0.0
93.78740611308656	0.0
93.79740690281923	0.0
93.80740769255192	0.0
93.8174084822846	0.0
93.82740927201728	0.0
93.83741006174996	0.0
93.84741085148265	0.0
93.85741164121532	0.0
93.86741243094801	0.0
93.8774132206807	0.0
93.88741401041337	0.0
93.89741480014605	0.0
93.90741558987874	0.0
93.91741637961141	0.0
93.9274171693441	0.0
93.93741795907678	0.0
93.94741874880945	0.0
93.95741953854214	0.0
93.96742032827483	0.0
93.9774211180075	0.0
93.98742190774018	0.0
93.99742269747287	0.0
94.00742348720554	0.0
94.01742427693823	0.0
94.02742506667092	0.0
94.03742585640359	0.0
94.04742664613627	0.0
94.05742743586896	0.0
94.06742822560163	0.0
94.07742901533432	0.0
94.087429805067	0.0
94.09743059479968	0.0
94.10743138453236	0.0
94.11743217426505	0.0
94.12743296399772	0.0
94.1374337537304	0.0
94.14743454346309	0.0
94.15743533319576	0.0
94.16743612292845	0.0
94.17743691266114	0.0
94.18743770239381	0.0
94.1974384921265	0.0
94.20743928185918	0.0
94.21744007159185	0.0
94.22744086132454	0.0
94.23744165105722	0.0
94.2474424407899	0.0
94.25744323052258	0.0
94.26744402025527	0.0
94.27744480998794	0.0
94.28744559972063	0.0
94.29744638945331	0.0
94.30744717918598	0.0
94.31744796891867	0.0
94.32744875865136	0.0
94.33744954838403	0.0
94.34745033811672	0.0
94.3574511278494	0.0
94.36745191758207	0.0
94.37745270731476	0.0
94.38745349704745	0.0
94.39745428678012	0.0
94.4074550765128	0.0
94.41745586624549	0.0
94.42745665597816	0.0
94.43745744571085	0.0
94.44745823544353	0.0
94.4574590251762	0.0
94.46745981490889	0.0
94.47746060464158	0.0
94.48746139437425	0.0
94.49746218410694	0.0
94.50746297383962	0.0
94.5174637635723	0.0
94.52746455330498	0.0
94.53746534303767	0.0
94.54746613277034	0.0
94.55746692250302	0.0
94.56746771223571	0.0
94.57746850196838	0.0
94.58746929170107	0.0
94.59747008143376	0.0
94.60747087116643	0.0
94.61747166089911	0.0
94.6274724506318	0.0
94.63747324036447	0.0
94.64747403009716	0.0
94.65747481982984	0.0
94.66747560956252	0.0
94.6774763992952	0.0
94.68747718902789	0.0
94.69747797876056	0.0
94.70747876849325	0.0
94.71747955822593	0.0
94.7274803479586	0.0
94.73748113769129	0.0
94.74748192742398	0.0
94.75748271715665	0.0
94.76748350688933	0.0
94.77748429662202	0.0
94.78748508635469	0.0
94.79748587608738	0.0
94.80748666582006	0.0
94.81748745555274	0.0
94.82748824528542	0.0
94.83748903501811	0.0
94.84748982475078	0.0
94.85749061448347	0.0
94.86749140421615	0.0
94.87749219394883	0.0
94.88749298368151	0.0
94.8974937734142	0.0
94.90749456314687	0.0
94.91749535287956	0.0
94.92749614261224	0.0
94.93749693234491	0.0
94.9474977220776	0.0
94.95749851181029	0.0
94.96749930154296	0.0
94.97750009127564	0.0
94.98750088100833	0.0
94.997501670741	0.0
95.00750246047369	0.0
95.01750325020637	0.0
95.02750403993905	0.0
95.03750482967173	0.0
95.04750561940442	0.0
95.05750640913709	0.0
95.06750719886978	0.0
95.07750798860246	0.0
95.08750877833513	0.0
95.09750956806782	0.0
95.1075103578005	0.0
95.11751114753318	0.0
95.12751193726587	0.0
95.13751272699855	0.0
95.14751351673124	0.0
95.15751430646391	0.0
95.1675150961966	0.0
95.17751588592928	0.0
95.18751667566195	0.0
95.19751746539464	0.0
95.20751825512733	0.0
95.21751904486	0.0
95.22751983459268	0.0
95.23752062432537	0.0
95.24752141405804	0.0
95.25752220379073	0.0
95.26752299352341	0.0
95.27752378325609	0.0
95.28752457298877	0.0
95.29752536272146	0.0
95.30752615245413	0.0
95.31752694218682	0.0
95.3275277319195	0.0
95.33752852165217	0.0
95.34752931138486	0.0
95.35753010111755	0.0
95.36753089085022	0.0
95.3775316805829	201.0
95.38753247031559	201.0
95.39753326004826	203.0
95.40753404978095	206.0
95.41753483951364	210.0
95.42753562924631	210.0
95.437536418979	210.0
95.44753720871168	196.0
95.45753799844435	181.0
95.46753878817704	177.0
95.47753957790972	179.0
95.4875403676424	181.0
95.49754115737508	183.0
95.50754194710777	187.0
95.51754273684044	187.0
95.52754352657313	187.0
95.53754431630581	181.0
95.54754510603848	173.0
95.55754589577117	167.0
95.56754668550386	163.0
95.57754747523653	161.0
95.58754826496921	165.0
95.5975490547019	169.0
95.60754984443457	175.0
95.61755063416726	181.0
95.62755142389994	181.0
95.63755221363262	179.0
95.6475530033653	173.0
95.65755379309799	167.0
95.66755458283066	165.0
95.67755537256335	165.0
95.68755616229603	169.0
95.6975569520287	175.0
95.70755774176139	181.0
95.71755853149408	185.0
95.72755932122675	190.0
95.73756011095944	190.0
95.74756090069212	181.0
95.7575616904248	173.0
95.76756248015748	163.0
95.77756326989017	156.0
95.78756405962284	150.0
95.79756484935552	149.0
95.80756563908821	150.0
95.81756642882088	154.0
95.82756721855357	159.0
95.83756800828625	161.0
95.84756879801893	163.0
95.85756958775161	161.0
95.8675703774843	158.0
95.87757116721697	154.0
95.88757195694966	152.0
95.89757274668234	152.0
95.90757353641501	156.0
95.9175743261477	161.0
95.92757511588039	167.0
95.93757590561306	173.0
95.94757669534575	179.0
95.95757748507843	181.0
95.9675782748111	181.0
95.97757906454379	175.0
95.98757985427648	169.0
95.99758064400915	167.0
96.00758143374183	169.0
96.01758222347452	171.0
96.02758301320719	175.0
96.03758380293988	187.0
96.04758459267256	196.0
96.05758538240524	201.0
96.06758617213792	0.0
96.07758696187061	0.0
96.08758775160328	0.0
96.09758854133597	175.0
96.10758933106865	171.0
96.11759012080132	171.0
96.12759091053401	171.0
96.1375917002667	173.0
96.14759248999937	179.0
96.15759327973205	187.0
96.16759406946474	196.0
96.17759485919741	206.0
96.1875956489301	218.0
96.19759643866279	215.0
96.20759722839546	210.0
96.21759801812814	203.0
96.22759880786083	196.0
96.2375995975935	201.0
96.24760038732619	206.0
96.25760117705887	215.0
96.26760196679155	228.0
96.27760275652423	239.0
96.28760354625692	245.0
96.29760433598959	245.0
96.30760512572228	236.0
96.31760591545496	231.0
96.32760670518763	223.0
96.33760749492032	223.0
96.347608284653	226.0
96.35760907438568	234.0
96.36760986411836	245.0
96.37761065385105	256.0
96.38761144358372	268.0
96.39761223331641	275.0
96.4076130230491	275.0
96.41761381278177	268.0
96.42761460251445	250.0
96.43761539224714	234.0
96.44761618197981	231.0
96.4576169717125	231.0
96.46761776144518	234.0
96.47761855117786	242.0
96.48761934091054	248.0
96.49762013064323	250.0
96.50762092037591	0.0
96.51762171010859	0.0
96.52762249984127	0.0
96.53762328957396	0.0
96.54762407930663	0.0
96.55762486903932	0.0
96.567625658772	0.0
96.57762644850467	0.0
96.58762723823736	0.0
96.59762802797005	0.0
96.60762881770272	0.0
96.6176296074354	0.0
96.62763039716809	0.0
96.63763118690076	0.0
96.64763197663345	0.0
96.65763276636613	0.0
96.6676335560988	0.0
96.67763434583149	0.0
96.68763513556418	0.0
96.69763592529685	0.0
96.70763671502954	0.0
96.71763750476222	0.0
96.7276382944949	0.0
96.73763908422758	0.0
96.74763987396027	0.0
96.75764066369294	0.0
96.76764145342563	0.0
96.77764224315831	0.0
96.78764303289098	0.0
96.79764382262367	0.0
96.80764461235636	0.0
96.81764540208903	0.0
96.82764619182171	0.0
96.8376469815544	0.0
96.84764777128707	0.0
96.85764856101976	0.0
96.86764935075244	0.0
96.87765014048512	0.0
96.8876509302178	0.0
96.89765171995049	0.0
96.90765250968316	0.0
96.91765329941585	0.0
96.92765408914853	0.0
96.9376548788812	0.0
96.94765566861389	0.0
96.95765645834658	0.0
96.96765724807925	0.0
96.97765803781193	0.0
96.98765882754462	0.0
96.9976596172773	0.0
97.00766040700998	0.0
97.01766119674267	0.0
97.02766198647534	0.0
97.03766277620802	0.0
97.04766356594071	0.0
97.05766435567338	0.0
97.06766514540607	0.0
97.07766593513875	0.0
97.08766672487143	0.0
97.09766751460411	0.0
97.1076683043368	0.0
97.11766909406947	0.0
97.12766988380216	0.0
97.13767067353484	0.0
97.14767146326751	0.0
97.1576722530002	0.0
97.16767304273289	0.0
97.17767383246556	0.0
97.18767462219824	0.0
97.19767541193093	0.0
97.2076762016636	0.0
97.21767699139629	0.0
97.22767778112897	0.0
97.23767857086165	0.0
97.24767936059433	0.0
97.25768015032702	0.0
97.26768094005969	0.0
97.27768172979238	0.0
97.28768251952506	0.0
97.29768330925774	0.0
97.30768409899042	0.0
97.31768488872311	0.0
97.32768567845578	0.0
97.33768646818847	0.0
97.34768725792115	0.0
97.35768804765382	0.0
97.36768883738651	0.0
97.3776896271192	0.0
97.38769041685187	0.0
97.39769120658455	0.0
97.40769199631724	0.0
97.41769278604991	0.0
97.4276935757826	0.0
97.43769436551528	0.0
97.44769515524796	0.0
97.45769594498064	0.0
97.46769673471333	0.0
97.477697524446	0.0
97.48769831417869	0.0
97.49769910391137	0.0
97.50769989364404	0.0
97.51770068337673	0.0
97.52770147310942	0.0
97.53770226284209	0.0
97.54770305257478	0.0
97.55770384230746	0.0
97.56770463204013	0.0
97.57770542177282	0.0
97.5877062115055	0.0
97.59770700123818	0.0
97.60770779097086	0.0
97.61770858070355	0.0
97.62770937043622	0.0
97.63771016016891	0.0
97.6477109499016	0.0
97.65771173963427	0.0
97.66771252936695	0.0
97.67771331909964	0.0
97.68771410883231	0.0
97.697714898565	0.0
97.70771568829768	0.0
97.71771647803035	0.0
97.72771726776304	0.0
97.73771805749573	0.0
97.7477188472284	0.0
97.75771963696108	0.0
97.76772042669377	0.0
97.77772121642644	0.0
97.78772200615913	0.0
97.79772279589181	0.0
97.80772358562449	0.0
97.81772437535717	0.0
97.82772516508986	0.0
97.83772595482253	0.0
97.84772674455522	0.0
97.8577275342879	0.0
97.86772832402058	0.0
97.87772911375326	0.0
97.88772990348595	0.0
97.89773069321863	0.0
97.9077314829513	0.0
97.91773227268399	0.0
97.92773306241668	0.0
97.93773385214935	0.0
97.94773464188204	0.0
97.95773543161472	0.0
97.9677362213474	0.0
97.97773701108008	0.0
97.98773780081277	0.0
97.99773859054544	0.0
98.00773938027812	0.0
98.01774017001081	0.0
98.02774095974348	0.0
98.03774174947617	0.0
98.04774253920885	0.0
98.05774332894153	0.0
98.06774411867421	0.0
98.0777449084069	0.0
98.08774569813957	0.0
98.09774648787226	0.0
98.10774727760494	0.0
98.11774806733762	0.0
98.1277488570703	0.0
98.13774964680299	0.0
98.14775043653566	0.0
98.15775122626835	0.0
98.16775201600103	0.0
98.1777528057337	0.0
98.18775359546639	0.0
98.19775438519908	0.0
98.20775517493175	0.0
98.21775596466443	0.0
98.22775675439712	0.0
98.23775754412979	0.0
98.24775833386248	0.0
98.25775912359516	0.0
98.26775991332784	0.0
98.27776070306052	0.0
98.28776149279321	0.0
98.29776228252588	0.0
98.30776307225857	0.0
98.31776386199125	0.0
98.32776465172392	0.0
98.33776544145661	0.0
98.3477662311893	0.0
98.35776702092197	0.0
98.36776781065466	0.0
98.37776860038734	0.0
98.38776939012001	0.0
98.3977701798527	0.0
98.40777096958539	0.0
98.41777175931806	0.0
98.42777254905074	0.0
98.43777333878343	0.0
98.4477741285161	0.0
98.45777491824879	0.0
98.46777570798147	0.0
98.47777649771415	0.0
98.48777728744683	0.0
98.49777807717952	0.0
98.50777886691219	0.0
98.51777965664488	0.0
98.52778044637756	0.0
98.53778123611023	0.0
98.54778202584292	0.0
98.5577828155756	0.0
98.56778360530828	0.0
98.57778439504096	0.0
98.58778518477365	0.0
98.59778597450632	0.0
98.60778676423901	0.0
98.6177875539717	0.0
98.62778834370437	0.0
98.63778913343705	0.0
98.64778992316974	0.0
98.65779071290241	0.0
98.6677915026351	0.0
98.67779229236778	0.0
98.68779308210046	0.0
98.69779387183314	0.0
98.70779466156583	0.0
98.7177954512985	0.0
98.72779624103119	0.0
98.73779703076387	0.0
98.74779782049654	0.0
98.75779861022923	0.0
98.76779939996192	0.0
98.77780018969459	0.0
98.78780097942727	0.0
98.79780176915996	0.0
98.80780255889263	0.0
98.81780334862532	0.0
98.827804138358	0.0
98.83780492809068	0.0
98.84780571782336	0.0
98.85780650755605	0.0
98.86780729728872	0.0
98.8778080870214	0.0
98.8878088767541	0.0
98.89780966648676	0.0
98.90781045621945	0.0
98.91781124595214	0.0
98.92781203568481	0.0
98.9378128254175	0.0
98.94781361515018	0.0
98.95781440488285	0.0
98.96781519461554	0.0
98.97781598434823	0.0
98.9878167740809	0.0
98.99781756381358	0.0
99.00781835354627	0.0
99.01781914327894	0.0
99.02781993301163	0.0
99.03782072274431	0.0
99.04782151247699	0.0
99.05782230220967	0.0
99.06782309194236	0.0
99.07782388167503	0.0
99.08782467140772	0.0
99.0978254611404	0.0
99.10782625087307	0.0
99.11782704060576	0.0
99.12782783033845	0.0
99.13782862007112	0.0
99.1478294098038	0.0
99.15783019953649	0.0
99.16783098926916	0.0
99.17783177900185	0.0
99.18783256873454	0.0
99.19783335846721	0.0
99.2078341481999	0.0
99.21783493793258	0.0
99.22783572766525	0.0
99.23783651739794	0.0
99.24783730713062	0.0
99.2578380968633	0.0
99.26783888659598	0.0
99.27783967632867	0.0
99.28784046606135	0.0
99.29784125579403	0.0
99.30784204552671	0.0
99.3178428352594	0.0
99.32784362499207	0.0
99.33784441472476	0.0
99.34784520445744	0.0
99.35784599419011	0.0
99.3678467839228	0.0
99.37784757365549	0.0
99.38784836338816	0.0
99.39784915312084	0.0
99.40784994285353	0.0
99.4178507325862	0.0
99.42785152231889	0.0
99.43785231205158	462.0
99.44785310178425	462.0
99.45785389151693	0.0
99.46785468124962	0.0
99.47785547098229	0.0
99.48785626071498	0.0
99.49785705044766	0.0
99.50785784018034	0.0
99.51785862991302	0.0
99.52785941964571	0.0
99.53786020937838	0.0
99.54786099911107	0.0
99.55786178884375	0.0
99.56786257857642	0.0
99.57786336830911	0.0
99.5878641580418	0.0
99.59786494777447	0.0
99.60786573750715	0.0
99.61786652723984	0.0
99.62786731697251	0.0
99.6378681067052	0.0
99.64786889643788	0.0
99.65786968617056	0.0
99.66787047590324	0.0
99.67787126563593	0.0
99.6878720553686	0.0
99.69787284510129	0.0
99.70787363483397	0.0
99.71787442456665	0.0
99.72787521429933	0.0
99.73787600403202	0.0
99.74787679376469	0.0
99.75787758349738	0.0
99.76787837323006	0.0
99.77787916296273	0.0
99.78787995269542	0.0
99.7978807424281	0.0
99.80788153216078	0.0
99.81788232189346	0.0
99.82788311162615	0.0
99.83788390135882	0.0
99.84788469109151	0.0
99.8578854808242	0.0
99.86788627055687	0.0
99.87788706028955	0.0
99.88788785002224	0.0
99.89788863975491	0.0
99.9078894294876	0.0
99.91789021922028	0.0
99.92789100895295	0.0
99.93789179868564	0.0
99.94789258841833	0.0
99.957893378151	0.0
99.96789416788368	0.0
99.97789495761637	0.0
99.98789574734904	0.0
99.99789653708173	0.0
100.00789732681442	0.0
100.01789811654709	0.0
100.02789890627977	0.0
100.03789969601246	0.0
100.04790048574513	0.0
100.05790127547782	0.0
100.0679020652105	0.0
100.07790285494318	0.0
100.08790364467586	0.0
100.09790443440855	0.0
100.10790522414122	0.0
100.1179060138739	0.0
100.12790680360659	0.0
100.13790759333926	0.0
100.14790838307195	0.0
100.15790917280464	0.0
100.16790996253731	0.0
100.17791075227	0.0
100.18791154200268	0.0
100.19791233173535	0.0
100.20791312146804	0.0
100.21791391120072	0.0
100.2279147009334	0.0
100.23791549066608	0.0
100.24791628039877	0.0
100.25791707013144	0.0
100.26791785986413	0.0
100.27791864959681	0.0
100.28791943932949	0.0
100.29792022906217	0.0
100.30792101879486	0.0
100.31792180852753	0.0
100.32792259826022	0.0
100.3379233879929	0.0
100.34792417772557	0.0
100.35792496745826	0.0
100.36792575719095	0.0
100.37792654692362	0.0
100.3879273366563	0.0
100.39792812638899	272.0
100.40792891612166	0.0
100.41792970585435	0.0
100.42793049558703	0.0
100.4379312853197	0.0
100.44793207505239	0.0
100.45793286478508	0.0
100.46793365451775	0.0
100.47793444425044	0.0
100.48793523398312	0.0
100.4979360237158	0.0
100.50793681344848	0.0
100.51793760318117	0.0
100.52793839291384	0.0
100.53793918264653	0.0
100.54793997237921	0.0
100.55794076211188	0.0
100.56794155184457	0.0
100.57794234157726	0.0
100.58794313130993	0.0
100.59794392104261	0.0
100.6079447107753	0.0
100.61794550050797	0.0
100.62794629024066	0.0
100.63794707997334	0.0
100.64794786970602	0.0
100.6579486594387	0.0
100.66794944917139	0.0
100.67795023890407	0.0
100.68795102863675	0.0
100.69795181836943	0.0
100.70795260810212	0.0
100.71795339783479	0.0
100.72795418756748	0.0
100.73795497730016	0.0
100.74795576703283	0.0
100.75795655676552	0.0
100.7679573464982	0.0
100.77795813623088	0.0
100.78795892596357	0.0
100.79795971569625	0.0
100.80796050542892	0.0
100.81796129516161	0.0
100.8279620848943	0.0
100.83796287462697	0.0
100.84796366435965	0.0
100.85796445409234	0.0
100.86796524382501	0.0
100.8779660335577	0.0
100.88796682329038	0.0
100.89796761302306	0.0
100.90796840275574	0.0
100.91796919248843	0.0
100.9279699822211	0.0
100.93797077195379	0.0
100.94797156168647	0.0
100.95797235141914	0.0
100.96797314115183	0.0
100.97797393088452	0.0
100.98797472061719	0.0
100.99797551034987	0.0
101.00797630008256	0.0
101.01797708981523	0.0
101.02797787954792	0.0
101.0379786692806	0.0
101.04797945901328	0.0
101.05798024874596	0.0
101.06798103847865	0.0
101.07798182821132	0.0
101.08798261794401	0.0
101.0979834076767	0.0
101.10798419740937	0.0
101.11798498714205	0.0
101.12798577687474	0.0
101.13798656660741	0.0
101.1479873563401	0.0
101.15798814607278	0.0
101.16798893580545	0.0
101.17798972553814	0.0
101.18799051527083	0.0
101.1979913050035	0.0
101.20799209473618	0.0
101.21799288446887	0.0
101.22799367420154	0.0
101.23799446393423	0.0
101.24799525366691	0.0
101.25799604339959	0.0
101.26799683313227	0.0
101.27799762286496	0.0
101.28799841259763	0.0
101.29799920233032	0.0
101.307999992063	0.0
101.31800078179567	0.0
101.32800157152836	0.0
101.33800236126105	0.0
101.34800315099372	0.0
101.3580039407264	0.0
101.36800473045909	0.0
101.37800552019176	0.0
101.38800630992445	0.0
101.39800709965714	0.0
101.40800788938981	0.0
101.4180086791225	0.0
101.42800946885518	0.0
101.43801025858785	0.0
101.44801104832054	0.0
101.45801183805322	0.0
101.4680126277859	0.0
101.47801341751858	0.0
101.48801420725127	0.0
101.49801499698394	0.0
101.50801578671663	0.0
101.51801657644931	0.0
101.52801736618198	0.0
101.53801815591467	0.0
101.54801894564736	0.0
101.55801973538003	0.0
101.56802052511271	0.0
101.5780213148454	0.0
101.58802210457807	0.0
101.59802289431076	0.0
101.60802368404345	0.0
101.61802447377612	0.0
101.6280252635088	0.0
101.63802605324149	0.0
101.64802684297416	0.0
101.65802763270685	0.0
101.66802842243953	0.0
101.6780292121722	0.0
101.68803000190489	0.0
101.69803079163758	0.0
101.70803158137025	0.0
101.71803237110294	0.0
101.72803316083562	0.0
101.7380339505683	0.0
101.74803474030098	0.0
101.75803553003367	0.0
101.76803631976634	0.0
101.77803710949902	0.0
101.78803789923171	0.0
101.79803868896438	0.0
101.80803947869707	0.0
101.81804026842975	0.0
101.82804105816243	0.0
101.83804184789511	0.0
101.8480426376278	0.0
101.85804342736047	0.0
101.86804421709316	0.0
101.87804500682584	0.0
101.88804579655852	0.0
101.8980465862912	0.0
101.90804737602389	0.0
101.91804816575656	0.0
101.92804895548925	0.0
101.93804974522193	0.0
101.9480505349546	0.0
101.95805132468729	0.0
101.96805211441998	0.0
101.97805290415265	0.0
101.98805369388533	0.0
101.99805448361802	0.0
102.00805527335069	0.0
102.01805606308338	0.0
102.02805685281606	0.0
102.03805764254874	0.0
102.04805843228142	0.0
102.05805922201411	0.0
102.0680600117468	0.0
102.07806080147947	0.0
102.08806159121215	0.0
102.09806238094484	0.0
102.10806317067751	0.0
102.1180639604102	0.0
102.12806475014288	0.0
102.13806553987556	0.0
102.14806632960824	0.0
102.15806711934093	0.0
102.1680679090736	0.0
102.17806869880629	0.0
102.18806948853897	0.0
102.19807027827164	0.0
102.20807106800433	0.0
102.21807185773702	0.0
102.22807264746969	0.0
102.23807343720237	0.0
102.24807422693506	0.0
102.25807501666773	0.0
102.26807580640042	0.0
102.2780765961331	0.0
102.28807738586578	0.0
102.29807817559846	0.0
102.30807896533115	0.0
102.31807975506382	0.0
102.3280805447965	0.0
102.33808133452919	0.0
102.34808212426186	0.0
102.35808291399455	0.0
102.36808370372724	0.0
102.37808449345991	0.0
102.3880852831926	0.0
102.39808607292528	0.0
102.40808686265795	0.0
102.41808765239064	0.0
102.42808844212333	0.0
102.438089231856	0.0
102.44809002158868	0.0
102.45809081132137	0.0
102.46809160105404	0.0
102.47809239078673	0.0
102.48809318051941	0.0
102.49809397025209	0.0
102.50809475998477	0.0
102.51809554971746	0.0
102.52809633945013	0.0
102.53809712918282	0.0
102.5480979189155	0.0
102.55809870864817	0.0
102.56809949838086	0.0
102.57810028811355	0.0
102.58810107784622	0.0
102.5981018675789	0.0
102.60810265731159	0.0
102.61810344704426	0.0
102.62810423677695	0.0
102.63810502650963	0.0
102.6481058162423	0.0
102.658106605975	0.0
102.66810739570768	0.0
102.67810818544035	0.0
102.68810897517304	0.0
102.69810976490572	0.0
102.7081105546384	0.0
102.71811134437108	0.0
102.72811213410377	0.0
102.73811292383644	0.0
102.74811371356913	0.0
102.75811450330181	0.0
102.76811529303448	0.0
102.77811608276717	0.0
102.78811687249986	0.0
102.79811766223253	0.0
102.80811845196521	0.0
102.8181192416979	0.0
102.82812003143057	0.0
102.83812082116326	0.0
102.84812161089594	0.0
102.85812240062862	0.0
102.8681231903613	0.0
102.87812398009399	0.0
102.88812476982666	0.0
102.89812555955935	0.0
102.90812634929203	0.0
102.9181271390247	0.0
102.92812792875739	0.0
102.93812871849008	0.0
102.94812950822275	234.0
102.95813029795544	236.0
102.96813108768812	242.0
102.9781318774208	245.0
102.98813266715348	242.0
102.99813345688617	239.0
103.00813424661884	0.0
103.01813503635152	0.0
103.02813582608421	0.0
103.03813661581688	0.0
103.04813740554957	0.0
103.05813819528225	0.0
103.06813898501493	0.0
103.07813977474761	0.0
103.0881405644803	0.0
103.09814135421297	0.0
103.10814214394566	0.0
103.11814293367834	0.0
103.12814372341101	0.0
103.1381445131437	0.0
103.14814530287639	0.0
103.15814609260906	0.0
103.16814688234174	0.0
103.17814767207443	0.0
103.1881484618071	0.0
103.19814925153979	0.0
103.20815004127248	0.0
103.21815083100515	0.0
103.22815162073783	0.0
103.23815241047052	0.0
103.24815320020319	0.0
103.25815398993588	0.0
103.26815477966856	0.0
103.27815556940124	0.0
103.28815635913392	0.0
103.29815714886661	0.0
103.30815793859928	0.0
103.31815872833197	0.0
103.32815951806465	0.0
103.33816030779732	0.0
103.34816109753001	0.0
103.3581618872627	0.0
103.36816267699537	0.0
103.37816346672805	0.0
103.38816425646074	0.0
103.39816504619341	0.0
103.4081658359261	0.0
103.41816662565878	0.0
103.42816741539146	0.0
103.43816820512414	0.0
103.44816899485683	0.0
103.45816978458951	0.0
103.46817057432219	0.0
103.47817136405487	0.0
103.48817215378756	0.0
103.49817294352023	0.0
103.50817373325292	0.0
103.5181745229856	0.0
103.52817531271828	0.0
103.53817610245096	0.0
103.54817689218365	0.0
103.55817768191632	0.0
103.568178471649	0.0
103.57817926138169	0.0
103.58818005111436	0.0
103.59818084084705	0.0
103.60818163057974	0.0
103.61818242031241	0.0
103.6281832100451	0.0
103.63818399977778	0.0
103.64818478951045	0.0
103.65818557924314	0.0
103.66818636897582	0.0
103.6781871587085	0.0
103.68818794844118	0.0
103.69818873817387	0.0
103.70818952790654	0.0
103.71819031763923	0.0
103.72819110737191	0.0
103.73819189710458	0.0
103.74819268683727	0.0
103.75819347656996	0.0
103.76819426630263	0.0
103.77819505603532	0.0
103.788195845768	0.0
103.79819663550067	0.0
103.80819742523336	0.0
103.81819821496605	0.0
103.82819900469872	0.0
103.8381997944314	0.0
103.84820058416409	0.0
103.85820137389676	0.0
103.86820216362945	0.0
103.87820295336213	0.0
103.8882037430948	0.0
103.89820453282749	0.0
103.90820532256018	0.0
103.91820611229285	0.0
103.92820690202554	0.0
103.93820769175822	0.0
103.9482084814909	0.0
103.95820927122358	0.0
103.96821006095627	0.0
103.97821085068894	0.0
103.98821164042162	0.0
103.99821243015431	0.0
104.00821321988698	0.0
104.01821400961967	0.0
104.02821479935236	0.0
104.03821558908503	0.0
104.04821637881771	0.0
104.0582171685504	0.0
104.06821795828307	0.0
104.07821874801576	0.0
104.08821953774844	0.0
104.09822032748112	0.0
104.1082211172138	0.0
104.11822190694649	0.0
104.12822269667916	0.0
104.13822348641185	0.0
104.14822427614453	0.0
104.1582250658772	0.0
104.16822585560989	0.0
104.17822664534258	0.0
104.18822743507525	0.0
104.19822822480793	0.0
104.20822901454062	0.0
104.21822980427329	0.0
104.22823059400598	0.0
104.23823138373866	0.0
104.24823217347134	0.0
104.25823296320402	0.0
104.26823375293671	0.0
104.27823454266938	0.0
104.28823533240207	0.0
104.29823612213475	0.0
104.30823691186743	0.0
104.31823770160011	0.0
104.3282384913328	0.0
104.33823928106547	0.0
104.34824007079816	0.0
104.35824086053084	0.0
104.36824165026351	0.0
104.3782424399962	0.0
104.38824322972889	0.0
104.39824401946156	0.0
104.40824480919424	0.0
104.41824559892693	0.0
104.4282463886596	0.0
104.43824717839229	0.0
104.44824796812497	0.0
104.45824875785765	0.0
104.46824954759033	0.0
104.47825033732302	0.0
104.48825112705569	0.0
104.49825191678838	0.0
104.50825270652106	0.0
104.51825349625373	0.0
104.52825428598642	0.0
104.5382550757191	0.0
104.54825586545178	0.0
104.55825665518446	0.0
104.56825744491715	0.0
104.57825823464982	0.0
104.58825902438251	0.0
104.5982598141152	0.0
104.60826060384787	0.0
104.61826139358055	0.0
104.62826218331324	0.0
104.63826297304591	0.0
104.6482637627786	0.0
104.65826455251128	0.0
104.66826534224396	0.0
104.67826613197664	0.0
104.68826692170933	0.0
104.698267711442	0.0
104.70826850117469	0.0
104.71826929090737	0.0
104.72827008064004	0.0
104.73827087037273	0.0
104.74827166010542	0.0
104.75827244983809	0.0
104.76827323957077	0.0
104.77827402930346	0.0
104.78827481903613	0.0
104.79827560876882	0.0
104.8082763985015	0.0
104.81827718823418	0.0
104.82827797796686	0.0
104.83827876769955	0.0
104.84827955743224	0.0
104.85828034716491	0.0
104.8682811368976	0.0
104.87828192663028	0.0
104.88828271636295	0.0
104.89828350609564	0.0
104.90828429582832	0.0
104.918285085561	0.0
104.92828587529368	0.0
104.93828666502637	0.0
104.94828745475904	0.0
104.95828824449173	0.0
104.96828903422441	0.0
104.97828982395708	0.0
104.98829061368977	0.0
104.99829140342246	0.0
105.00829219315513	0.0
105.01829298288781	0.0
105.0282937726205	0.0
105.03829456235317	0.0
105.04829535208586	0.0
105.05829614181854	0.0
105.06829693155122	0.0
105.0782977212839	0.0
105.08829851101659	0.0
105.09829930074926	0.0
105.10830009048195	0.0
105.11830088021463	250.0
105.1283016699473	248.0
105.13830245967999	242.0
105.14830324941268	234.0
105.15830403914535	220.0
105.16830482887804	213.0
105.17830561861072	203.0
105.1883064083434	199.0
105.19830719807608	201.0
105.20830798780877	203.0
105.21830877754144	208.0
105.22830956727412	215.0
105.23831035700681	226.0
105.24831114673948	234.0
105.25831193647217	239.0
105.26831272620485	245.0
105.27831351593753	248.0
105.28831430567021	245.0
105.2983150954029	245.0
105.30831588513557	242.0
105.31831667486826	236.0
105.32831746460094	234.0
105.33831825433361	231.0
105.3483190440663	228.0
105.35831983379899	223.0
105.36832062353166	220.0
105.37832141326435	218.0
105.38832220299703	215.0
105.3983229927297	213.0
105.40832378246239	208.0
105.41832457219508	206.0
105.42832536192775	203.0
105.43832615166043	201.0
105.44832694139312	199.0
105.45832773112579	196.0
105.46832852085848	194.0
105.47832931059116	192.0
105.48833010032384	190.0
105.49833089005652	187.0
105.50833167978921	185.0
105.51833246952188	183.0
105.52833325925457	181.0
105.53833404898725	181.0
105.54833483871992	179.0
105.55833562845261	177.0
105.5683364181853	175.0
105.57833720791797	173.0
105.58833799765065	171.0
105.59833878738334	169.0
105.60833957711601	167.0
105.6183403668487	165.0
105.62834115658139	163.0
105.63834194631406	161.0
105.64834273604674	159.0
105.65834352577943	159.0
105.6683443155121	158.0
105.67834510524479	158.0
105.68834589497747	158.0
105.69834668471015	158.0
105.70834747444283	158.0
105.71834826417552	156.0
105.72834905390819	156.0
105.73834984364088	156.0
105.74835063337356	156.0
105.75835142310623	156.0
105.76835221283892	158.0
105.7783530025716	158.0
105.78835379230428	159.0
105.79835458203696	159.0
105.80835537176965	161.0
105.81835616150232	161.0
105.82835695123501	161.0
105.8383577409677	159.0
105.84835853070037	159.0
105.85835932043305	158.0
105.86836011016574	156.0
105.87836089989841	156.0
105.8883616896311	156.0
105.89836247936378	156.0
105.90836326909645	158.0
105.91836405882914	158.0
105.92836484856183	158.0
105.9383656382945	159.0
105.94836642802719	159.0
105.95836721775987	159.0
105.96836800749254	159.0
105.97836879722523	158.0
105.98836958695792	158.0
105.99837037669059	158.0
106.00837116642327	158.0
106.01837195615596	158.0
106.02837274588863	158.0
106.03837353562132	158.0
106.048374325354	159.0
106.05837511508668	163.0
106.06837590481936	165.0
106.07837669455205	171.0
106.08837748428472	175.0
106.0983782740174	181.0
106.10837906375009	187.0
106.11837985348276	190.0
106.12838064321545	190.0
106.13838143294814	187.0
106.14838222268081	183.0
106.1583830124135	177.0
106.16838380214618	171.0
106.17838459187885	161.0
106.18838538161154	156.0
106.19838617134423	152.0
106.2083869610769	152.0
106.21838775080958	154.0
106.22838854054227	156.0
106.23838933027496	159.0
106.24839012000763	163.0
106.25839090974031	169.0
106.268391699473	177.0
106.27839248920567	183.0
106.28839327893836	190.0
106.29839406867104	192.0
106.30839485840372	192.0
106.3183956481364	187.0
106.32839643786909	181.0
106.33839722760176	177.0
106.34839801733445	173.0
106.35839880706713	169.0
106.3683995967998	169.0
106.37840038653249	169.0
106.38840117626518	171.0
106.39840196599785	175.0
106.40840275573053	181.0
106.41840354546322	187.0
106.42840433519589	194.0
106.43840512492858	199.0
106.44840591466127	201.0
106.45840670439394	201.0
106.46840749412662	199.0
106.47840828385931	194.0
106.48840907359198	190.0
106.49840986332467	185.0
106.50841065305735	179.0
106.51841144279003	175.0
106.52841223252271	171.0
106.5384130222554	169.0
106.54841381198807	171.0
106.55841460172076	173.0
106.56841539145344	177.0
106.57841618118611	179.0
106.5884169709188	185.0
106.59841776065149	190.0
106.60841855038416	196.0
106.61841934011684	206.0
106.62842012984953	213.0
106.6384209195822	218.0
106.64842170931489	218.0
106.65842249904757	215.0
106.66842328878025	213.0
106.67842407851293	203.0
106.68842486824562	187.0
106.69842565797829	177.0
106.70842644771098	171.0
106.71842723744366	169.0
106.72842802717634	171.0
106.73842881690902	177.0
106.74842960664171	183.0
106.75843039637438	192.0
106.76843118610707	199.0
106.77843197583975	208.0
106.78843276557242	218.0
106.79843355530511	220.0
106.8084343450378	220.0
106.81843513477047	218.0
106.82843592450315	206.0
106.83843671423584	194.0
106.84843750396851	190.0
106.8584382937012	194.0
106.86843908343388	206.0
106.87843987316656	218.0
106.88844066289924	231.0
106.89844145263193	248.0
106.9084422423646	259.0
106.91844303209729	259.0
106.92844382182997	259.0
106.93844461156264	250.0
106.94844540129533	242.0
106.95844619102802	220.0
106.96844698076069	218.0
106.97844777049337	220.0
106.98844856022606	228.0
106.99844934995873	239.0
107.00845013969142	253.0
107.0184509294241	262.0
107.02845171915678	272.0
107.03845250888946	288.0
107.04845329862215	316.0
107.05845408835482	316.0
107.06845487808751	281.0
107.0784556678202	253.0
107.08845645755287	236.0
107.09845724728555	236.0
107.10845803701824	239.0
107.11845882675091	245.0
107.1284596164836	253.0
107.13846040621628	256.0
107.14846119594895	256.0
107.15846198568164	253.0
107.16846277541433	0.0
107.178463565147	0.0
107.18846435487968	206.0
107.19846514461237	206.0
107.20846593434504	208.0
107.21846672407773	215.0
107.22846751381041	223.0
107.23846830354309	228.0
107.24846909327577	226.0
107.25846988300846	220.0
107.26847067274113	206.0
107.27847146247382	185.0
107.2884722522065	179.0
107.29847304193918	179.0
107.30847383167186	181.0
107.31847462140455	183.0
107.32847541113722	187.0
107.3384762008699	190.0
107.34847699060259	190.0
107.35847778033526	190.0
107.36847857006795	185.0
107.37847935980064	183.0
107.38848014953331	177.0
107.398480939266	175.0
107.40848172899868	179.0
107.41848251873135	181.0
107.42848330846404	183.0
107.43848409819672	185.0
107.4484848879294	0.0
107.45848567766208	0.0
107.46848646739477	0.0
107.47848725712744	0.0
107.48848804686013	0.0
107.49848883659281	0.0
107.50848962632548	0.0
107.51849041605817	0.0
107.52849120579086	701.0
107.53849199552353	726.0
107.54849278525622	0.0
107.5584935749889	0.0
107.56849436472157	0.0
107.57849515445426	0.0
107.58849594418695	0.0
107.59849673391962	0.0
107.6084975236523	0.0
107.61849831338499	0.0
107.62849910311768	0.0
107.63849989285035	0.0
107.64850068258303	0.0
107.65850147231572	0.0
107.66850226204839	0.0
107.67850305178108	0.0
107.68850384151376	0.0
107.69850463124644	0.0
107.70850542097912	0.0
107.71850621071181	0.0
107.72850700044448	0.0
107.73850779017717	0.0
107.74850857990985	0.0
107.75850936964252	0.0
107.76851015937521	0.0
107.7785109491079	0.0
107.78851173884057	0.0
107.79851252857326	0.0
107.80851331830594	0.0
107.81851410803861	0.0
107.8285148977713	0.0
107.83851568750399	0.0
107.84851647723666	0.0
107.85851726696934	0.0
107.86851805670203	0.0
107.8785188464347	0.0
107.88851963616739	0.0
107.89852042590007	0.0
107.90852121563275	0.0
107.91852200536543	0.0
107.92852279509812	0.0
107.93852358483079	0.0
107.94852437456348	0.0
107.95852516429616	0.0
107.96852595402883	0.0
107.97852674376152	0.0
107.9885275334942	0.0
107.99852832322688	0.0
108.00852911295956	0.0
108.01852990269225	0.0
108.02853069242492	0.0
108.03853148215761	0.0
108.0485322718903	0.0
108.05853306162297	0.0
108.06853385135565	0.0
108.07853464108834	0.0
108.08853543082101	0.0
108.0985362205537	0.0
108.10853701028638	0.0
108.11853780001906	0.0
108.12853858975174	0.0
108.13853937948443	0.0
108.1485401692171	0.0
108.15854095894979	0.0
108.16854174868247	0.0
108.17854253841514	0.0
108.18854332814783	0.0
108.19854411788052	0.0
108.20854490761319	0.0
108.21854569734587	0.0
108.22854648707856	0.0
108.23854727681123	0.0
108.24854806654392	0.0
108.2585488562766	0.0
108.26854964600928	0.0
108.27855043574196	0.0
108.28855122547465	0.0
108.29855201520732	0.0
108.30855280494	0.0
108.3185535946727	0.0
108.32855438440536	0.0
108.33855517413805	0.0
108.34855596387074	0.0
108.35855675360341	0.0
108.3685575433361	0.0
108.37855833306878	0.0
108.38855912280145	0.0
108.39855991253414	0.0
108.40856070226683	0.0
108.4185614919995	0.0
108.42856228173218	0.0
108.43856307146487	0.0
108.44856386119754	0.0
108.45856465093023	0.0
108.46856544066291	0.0
108.47856623039559	0.0
108.48856702012827	0.0
108.49856780986096	0.0
108.50856859959363	0.0
108.51856938932632	0.0
108.528570179059	0.0
108.53857096879167	0.0
108.54857175852436	0.0
108.55857254825705	0.0
108.56857333798972	0.0
108.5785741277224	0.0
108.58857491745509	0.0
108.59857570718776	0.0
108.60857649692045	0.0
108.61857728665314	0.0
108.6285780763858	0.0
108.6385788661185	0.0
108.64857965585118	0.0
108.65858044558385	0.0
108.66858123531654	0.0
108.67858202504922	0.0
108.6885828147819	0.0
108.69858360451458	0.0
108.70858439424727	0.0
108.71858518397994	0.0
108.72858597371263	0.0
108.73858676344531	0.0
108.74858755317798	0.0
108.75858834291067	0.0
108.76858913264336	0.0
108.77858992237603	0.0
108.78859071210871	0.0
108.7985915018414	0.0
108.80859229157407	0.0
108.81859308130676	0.0
108.82859387103944	0.0
108.83859466077212	0.0
108.8485954505048	0.0
108.85859624023749	0.0
108.86859702997016	0.0
108.87859781970285	0.0
108.88859860943553	0.0
108.8985993991682	0.0
108.90860018890089	0.0
108.91860097863358	0.0
108.92860176836625	0.0
108.93860255809894	0.0
108.94860334783162	0.0
108.9586041375643	0.0
108.96860492729698	0.0
108.97860571702967	0.0
108.98860650676234	0.0
108.99860729649502	0.0
109.00860808622771	0.0
109.0186088759604	0.0
109.02860966569307	0.0
109.03861045542575	0.0
109.04861124515844	0.0
109.05861203489111	0.0
109.0686128246238	0.0
109.07861361435648	0.0
109.08861440408916	0.0
109.09861519382184	239.0
109.10861598355453	236.0
109.1186167732872	234.0
109.12861756301989	234.0
109.13861835275257	236.0
109.14861914248524	239.0
109.15861993221793	242.0
109.16862072195062	245.0
109.17862151168329	248.0
109.18862230141598	245.0
109.19862309114866	242.0
109.20862388088133	236.0
109.21862467061402	234.0
109.2286254603467	231.0
109.23862625007938	231.0
109.24862703981206	234.0
109.25862782954475	234.0
109.26862861927742	236.0
109.27862940901011	236.0
109.2886301987428	236.0
109.29863098847547	236.0
109.30863177820815	236.0
109.31863256794084	236.0
109.32863335767351	236.0
109.3386341474062	234.0
109.34863493713888	234.0
109.35863572687155	234.0
109.36863651660424	234.0
109.37863730633693	234.0
109.3886380960696	234.0
109.39863888580228	234.0
109.40863967553497	234.0
109.41864046526764	236.0
109.42864125500033	236.0
109.43864204473302	236.0
109.44864283446569	236.0
109.45864362419837	236.0
109.46864441393106	234.0
109.47864520366373	234.0
109.48864599339642	234.0
109.4986467831291	234.0
109.50864757286178	234.0
109.51864836259446	234.0
109.52864915232715	236.0
109.53864994205982	236.0
109.5486507317925	236.0
109.55865152152519	234.0
109.56865231125786	234.0
109.57865310099055	231.0
109.58865389072324	231.0
109.59865468045591	231.0
109.6086554701886	234.0
109.61865625992128	234.0
109.62865704965395	239.0
109.63865783938664	242.0
109.64865862911932	248.0
109.658659418852	250.0
109.66866020858468	248.0
109.67866099831737	245.0
109.68866178805004	239.0
109.69866257778273	236.0
109.70866336751541	234.0
109.71866415724809	236.0
109.72866494698077	236.0
109.73866573671346	236.0
109.74866652644613	236.0
109.75866731617882	239.0
109.7686681059115	242.0
109.77866889564417	245.0
109.78866968537686	248.0
109.79867047510955	248.0
109.80867126484222	248.0
109.8186720545749	242.0
109.82867284430759	236.0
109.83867363404026	236.0
109.84867442377295	0.0
109.85867521350563	0.0
109.8686760032383	0.0
109.87867679297099	0.0
109.88867758270368	0.0
109.89867837243635	0.0
109.90867916216904	0.0
109.91867995190172	0.0
109.9286807416344	0.0
109.93868153136708	0.0
109.94868232109977	0.0
109.95868311083244	0.0
109.96868390056513	0.0
109.97868469029781	0.0
109.98868548003048	0.0
109.99868626976317	0.0
110.00868705949586	0.0
110.01868784922853	0.0
110.02868863896121	0.0
110.0386894286939	0.0
110.04869021842657	0.0
110.05869100815926	0.0
110.06869179789194	0.0
110.07869258762462	0.0
110.0886933773573	0.0
110.09869416708999	0.0
110.10869495682266	0.0
110.11869574655535	0.0
110.12869653628803	0.0
110.1386973260207	0.0
110.14869811575339	0.0
110.15869890548608	0.0
110.16869969521875	0.0
110.17870048495143	0.0
110.18870127468412	0.0
110.19870206441679	0.0
110.20870285414948	0.0
110.21870364388217	0.0
110.22870443361484	0.0
110.23870522334752	0.0
110.24870601308021	0.0
110.25870680281288	0.0
110.26870759254557	0.0
110.27870838227825	0.0
110.28870917201093	0.0
110.29870996174361	0.0
110.3087107514763	0.0
110.31871154120897	0.0
110.32871233094166	0.0
110.33871312067434	0.0
110.34871391040701	0.0
110.3587147001397	0.0
110.36871548987239	0.0
110.37871627960506	0.0
110.38871706933774	0.0
110.39871785907043	0.0
110.40871864880312	0.0
110.41871943853579	0.0
110.42872022826847	0.0
110.43872101800116	0.0
110.44872180773383	0.0
110.45872259746652	0.0
110.4687233871992	0.0
110.47872417693188	0.0
110.48872496666456	0.0
110.49872575639725	0.0
110.50872654612992	0.0
110.51872733586261	0.0
110.5287281255953	0.0
110.53872891532797	0.0
110.54872970506065	0.0
110.55873049479334	0.0
110.56873128452601	0.0
110.5787320742587	0.0
110.58873286399138	0.0
110.59873365372405	0.0
110.60873444345674	0.0
110.61873523318943	0.0
110.6287360229221	0.0
110.63873681265478	0.0
110.64873760238747	0.0
110.65873839212014	0.0
110.66873918185283	0.0
110.67873997158551	0.0
110.68874076131819	0.0
110.69874155105087	0.0
110.70874234078356	0.0
110.71874313051623	0.0
110.72874392024892	0.0
110.7387447099816	0.0
110.74874549971427	0.0
110.75874628944696	0.0
110.76874707917965	0.0
110.77874786891232	0.0
110.788748658645	0.0
110.79874944837769	0.0
110.80875023811036	0.0
110.81875102784305	0.0
110.82875181757574	0.0
110.83875260730841	0.0
110.8487533970411	0.0
110.85875418677378	0.0
110.86875497650645	0.0
110.87875576623914	0.0
110.88875655597182	0.0
110.8987573457045	0.0
110.90875813543718	0.0
110.91875892516987	0.0
110.92875971490254	0.0
110.93876050463523	0.0
110.94876129436791	0.0
110.95876208410058	0.0
110.96876287383327	0.0
110.97876366356596	0.0
110.98876445329863	0.0
110.99876524303131	0.0
111.008766032764	0.0
111.01876682249667	0.0
111.02876761222936	0.0
111.03876840196205	0.0
111.04876919169472	0.0
111.0587699814274	0.0
111.06877077116009	0.0
111.07877156089276	0.0
111.08877235062545	0.0
111.09877314035813	0.0
111.1087739300908	0.0
111.11877471982349	0.0
111.12877550955618	0.0
111.13877629928885	0.0
111.14877708902154	0.0
111.15877787875422	0.0
111.1687786684869	0.0
111.17877945821958	0.0
111.18878024795227	0.0
111.19878103768494	0.0
111.20878182741762	0.0
111.21878261715031	0.0
111.22878340688298	0.0
111.23878419661567	0.0
111.24878498634835	0.0
111.25878577608103	0.0
111.26878656581371	0.0
111.2787873555464	0.0
111.28878814527907	0.0
111.29878893501176	0.0
111.30878972474444	0.0
111.31879051447712	0.0
111.3287913042098	0.0
111.33879209394249	0.0
111.34879288367516	0.0
111.35879367340785	0.0
111.36879446314053	0.0
111.3787952528732	0.0
111.38879604260589	0.0
111.39879683233858	0.0
111.40879762207125	0.0
111.41879841180393	0.0
111.42879920153662	0.0
111.43879999126929	0.0
111.44880078100198	0.0
111.45880157073466	0.0
111.46880236046734	0.0
111.47880315020002	0.0
111.48880393993271	0.0
111.49880472966538	0.0
111.50880551939807	0.0
111.51880630913075	0.0
111.52880709886342	0.0
111.53880788859611	0.0
111.5488086783288	0.0
111.55880946806147	0.0
111.56881025779415	412.0
111.57881104752684	417.0
111.58881183725951	412.0
111.5988126269922	0.0
111.60881341672489	0.0
111.61881420645756	0.0
111.62881499619024	0.0
111.63881578592293	0.0
111.6488165756556	0.0
111.65881736538829	0.0
111.66881815512097	0.0
111.67881894485365	0.0
111.68881973458633	0.0
111.69882052431902	0.0
111.70882131405169	0.0
111.71882210378438	0.0
111.72882289351706	0.0
111.73882368324973	0.0
111.74882447298242	0.0
111.7588252627151	398.0
111.76882605244778	398.0
111.77882684218046	407.0
111.78882763191315	0.0
111.79882842164584	452.0
111.80882921137851	0.0
111.8188300011112	0.0
111.82883079084388	0.0
111.83883158057655	0.0
111.84883237030924	0.0
111.85883316004193	0.0
111.8688339497746	0.0
111.87883473950728	0.0
111.88883552923997	371.0
111.89883631897264	375.0
111.90883710870533	375.0
111.91883789843801	375.0
111.92883868817069	0.0
111.93883947790337	0.0
111.94884026763606	0.0
111.95884105736873	0.0
111.96884184710142	0.0
111.9788426368341	0.0
111.98884342656677	0.0
111.99884421629946	0.0
112.00884500603215	0.0
112.01884579576482	380.0
112.0288465854975	0.0
112.03884737523019	0.0
112.04884816496286	0.0
112.05884895469555	0.0
112.06884974442823	0.0
112.0788505341609	0.0
112.08885132389359	0.0
112.09885211362628	0.0
112.10885290335895	0.0
112.11885369309164	0.0
112.12885448282432	0.0
112.138855272557	0.0
112.14885606228968	0.0
112.15885685202237	0.0
112.16885764175504	0.0
112.17885843148773	0.0
112.18885922122041	0.0
112.19886001095308	0.0
112.20886080068577	0.0
112.21886159041846	0.0
112.22886238015113	0.0
112.23886316988381	0.0
112.2488639596165	0.0
112.25886474934917	0.0
112.26886553908186	0.0
112.27886632881454	0.0
112.28886711854722	0.0
112.2988679082799	0.0
112.30886869801259	0.0
112.31886948774526	0.0
112.32887027747795	0.0
112.33887106721063	0.0
112.3488718569433	0.0
112.35887264667599	0.0
112.36887343640868	0.0
112.37887422614135	0.0
112.38887501587404	0.0
112.39887580560672	0.0
112.4088765953394	0.0
112.41887738507208	0.0
112.42887817480477	0.0
112.43887896453744	0.0
112.44887975427012	0.0
112.45888054400281	0.0
112.46888133373548	0.0
112.47888212346817	0.0
112.48888291320085	0.0
112.49888370293353	0.0
112.50888449266621	0.0
112.5188852823989	0.0
112.52888607213157	0.0
112.53888686186426	0.0
112.54888765159694	0.0
112.55888844132961	0.0
112.5688892310623	0.0
112.57889002079499	0.0
112.58889081052766	0.0
112.59889160026034	0.0
112.60889238999303	0.0
112.6188931797257	0.0
112.62889396945839	0.0
112.63889475919107	0.0
112.64889554892375	0.0
112.65889633865643	0.0
112.66889712838912	0.0
112.67889791812179	0.0
112.68889870785448	0.0
112.69889949758716	0.0
112.70890028731984	0.0
112.71890107705252	0.0
112.72890186678521	0.0
112.73890265651788	0.0
112.74890344625057	0.0
112.75890423598325	0.0
112.76890502571592	0.0
112.77890581544861	0.0
112.7889066051813	0.0
112.79890739491397	0.0
112.80890818464665	0.0
112.81890897437934	0.0
112.82890976411201	0.0
112.8389105538447	0.0
112.84891134357738	0.0
112.85891213331006	0.0
112.86891292304274	0.0
112.87891371277543	0.0
112.8889145025081	0.0
112.89891529224079	0.0
112.90891608197347	0.0
112.91891687170614	0.0
112.92891766143883	0.0
112.93891845117152	0.0
112.94891924090419	0.0
112.95892003063688	0.0
112.96892082036956	0.0
112.97892161010223	0.0
112.98892239983492	0.0
112.9989231895676	0.0
113.00892397930028	0.0
113.01892476903296	0.0
113.02892555876565	0.0
113.03892634849832	0.0
113.04892713823101	0.0
113.0589279279637	0.0
113.06892871769637	0.0
113.07892950742905	0.0
113.08893029716174	0.0
113.09893108689441	0.0
113.1089318766271	0.0
113.11893266635978	0.0
113.12893345609245	0.0
113.13893424582514	0.0
113.14893503555783	0.0
113.1589358252905	0.0
113.16893661502318	0.0
113.17893740475587	0.0
113.18893819448856	0.0
113.19893898422123	0.0
113.20893977395392	0.0
113.2189405636866	0.0
113.22894135341927	0.0
113.23894214315196	0.0
113.24894293288465	0.0
113.25894372261732	0.0
113.26894451235	0.0
113.27894530208269	0.0
113.28894609181536	0.0
113.29894688154805	0.0
113.30894767128073	0.0
113.3189484610134	417.0
113.32894925074609	417.0
113.33895004047878	417.0
113.34895083021145	417.0
113.35895161994414	417.0
113.36895240967682	417.0
113.3789531994095	417.0
113.38895398914218	417.0
113.39895477887487	417.0
113.40895556860754	417.0
113.41895635834022	417.0
113.42895714807291	417.0
113.43895793780558	0.0
113.44895872753827	0.0
113.45895951727096	412.0
113.46896030700363	412.0
113.47896109673631	412.0
113.488961886469	412.0
113.49896267620167	412.0
113.50896346593436	417.0
113.51896425566704	412.0
113.52896504539972	412.0
113.5389658351324	412.0
113.54896662486509	412.0
113.55896741459776	412.0
113.56896820433045	417.0
113.57896899406313	417.0
113.5889697837958	417.0
113.59897057352849	417.0
113.60897136326118	417.0
113.61897215299385	0.0
113.62897294272653	0.0
113.63897373245922	0.0
113.64897452219189	0.0
113.65897531192458	0.0
113.66897610165726	0.0
113.67897689138994	0.0
113.68897768112262	0.0
113.69897847085531	0.0
113.70897926058798	0.0
113.71898005032067	0.0
113.72898084005335	0.0
113.73898162978602	0.0
113.74898241951871	0.0
113.7589832092514	0.0
113.76898399898407	0.0
113.77898478871676	0.0
113.78898557844944	0.0
113.79898636818211	0.0
113.8089871579148	0.0
113.81898794764749	0.0
113.82898873738016	0.0
113.83898952711284	0.0
113.84899031684553	0.0
113.8589911065782	0.0
113.86899189631089	0.0
113.87899268604357	0.0
113.88899347577625	0.0
113.89899426550893	0.0
113.90899505524162	0.0
113.91899584497429	0.0
113.92899663470698	0.0
113.93899742443966	0.0
113.94899821417233	0.0
113.95899900390502	0.0
113.9689997936377	0.0
113.97900058337038	0.0
113.98900137310306	0.0
113.99900216283575	0.0
114.00900295256842	0.0
114.01900374230111	0.0
114.0290045320338	0.0
114.03900532176647	0.0
114.04900611149915	0.0
114.05900690123184	0.0
114.06900769096451	0.0
114.0790084806972	0.0
114.08900927042988	0.0
114.09901006016256	0.0
114.10901084989524	0.0
114.11901163962793	0.0
114.1290124293606	0.0
114.13901321909329	0.0
114.14901400882597	0.0
114.15901479855864	0.0
114.16901558829133	0.0
114.17901637802402	0.0
114.18901716775669	0.0
114.19901795748937	0.0
114.20901874722206	0.0
114.21901953695473	0.0
114.22902032668742	0.0
114.2390211164201	0.0
114.24902190615278	0.0
114.25902269588546	0.0
114.26902348561815	0.0
114.27902427535082	0.0
114.28902506508351	0.0
114.2990258548162	248.0
114.30902664454887	242.0
114.31902743428155	248.0
114.32902822401424	253.0
114.33902901374691	253.0
114.3490298034796	0.0
114.35903059321228	0.0
114.36903138294495	0.0
114.37903217267764	0.0
114.38903296241033	0.0
114.399033752143	0.0
114.40903454187568	0.0
114.41903533160837	245.0
114.42903612134104	245.0
114.43903691107373	245.0
114.44903770080641	242.0
114.45903849053909	242.0
114.46903928027177	242.0
114.47904007000446	239.0
114.48904085973713	239.0
114.49904164946982	239.0
114.5090424392025	239.0
114.51904322893517	239.0
114.52904401866786	239.0
114.53904480840055	239.0
114.54904559813322	236.0
114.5590463878659	236.0
114.56904717759859	236.0
114.57904796733128	236.0
114.58904875706395	236.0
114.59904954679664	236.0
114.60905033652932	236.0
114.619051126262	236.0
114.62905191599468	239.0
114.63905270572737	239.0
114.64905349546004	0.0
114.65905428519272	242.0
114.66905507492541	0.0
114.67905586465808	0.0
114.68905665439077	0.0
114.69905744412345	0.0
114.70905823385613	242.0
114.71905902358881	239.0
114.7290598133215	239.0
114.73906060305417	239.0
114.74906139278686	236.0
114.75906218251954	236.0
114.76906297225221	236.0
114.7790637619849	236.0
114.78906455171759	236.0
114.79906534145026	236.0
114.80906613118295	236.0
114.81906692091563	236.0
114.8290677106483	236.0
114.83906850038099	236.0
114.84906929011368	234.0
114.85907007984635	234.0
114.86907086957903	234.0
114.87907165931172	234.0
114.88907244904439	234.0
114.89907323877708	234.0
114.90907402850976	236.0
114.91907481824244	236.0
114.92907560797512	236.0
114.93907639770781	236.0
114.94907718744048	236.0
114.95907797717317	236.0
114.96907876690585	236.0
114.97907955663852	239.0
114.98908034637121	239.0
114.9990811361039	239.0
115.00908192583657	239.0
115.01908271556925	236.0
115.02908350530194	0.0
115.03908429503461	0.0
115.0490850847673	0.0
115.05908587449998	0.0
115.06908666423266	234.0
115.07908745396534	231.0
115.08908824369803	231.0
115.0990890334307	0.0
115.10908982316339	0.0
115.11909061289607	0.0
115.12909140262875	0.0
115.13909219236143	0.0
115.14909298209412	0.0
115.15909377182679	0.0
115.16909456155948	0.0
115.17909535129216	0.0
115.18909614102483	0.0
115.19909693075752	0.0
115.2090977204902	0.0
115.21909851022288	0.0
115.22909929995556	0.0
115.23910008968825	0.0
115.24910087942092	0.0
115.25910166915361	0.0
115.2691024588863	0.0
115.27910324861897	0.0
115.28910403835165	0.0
115.29910482808434	0.0
115.30910561781701	0.0
115.3191064075497	0.0
115.32910719728238	0.0
115.33910798701505	0.0
115.34910877674774	0.0
115.35910956648043	0.0
115.3691103562131	0.0
115.37911114594579	0.0
115.38911193567847	275.0
115.39911272541114	275.0
115.40911351514383	272.0
115.41911430487652	268.0
115.42911509460919	265.0
115.43911588434187	268.0
115.44911667407456	272.0
115.45911746380723	275.0
115.46911825353992	281.0
115.4791190432726	288.0
115.48911983300528	312.0
115.49912062273796	327.0
115.50912141247065	334.0
115.51912220220332	338.0
115.529122991936	338.0
115.53912378166869	323.0
115.54912457140136	0.0
115.55912536113405	0.0
115.56912615086674	288.0
115.57912694059941	284.0
115.5891277303321	284.0
115.59912852006478	323.0
115.60912930979745	327.0
115.61913009953014	331.0
115.62913088926283	331.0
115.6391316789955	331.0
115.64913246872818	0.0
115.65913325846087	0.0
115.66913404819354	0.0
115.67913483792623	0.0
115.68913562765891	0.0
115.69913641739159	0.0
115.70913720712427	0.0
115.71913799685696	0.0
115.72913878658963	0.0
115.73913957632232	0.0
115.749140366055	0.0
115.75914115578767	0.0
115.76914194552036	0.0
115.77914273525305	0.0
115.78914352498572	0.0
115.7991443147184	0.0
115.80914510445109	0.0
115.81914589418376	0.0
115.82914668391645	0.0
115.83914747364913	0.0
115.8491482633818	468.0
115.85914905311449	0.0
115.86914984284718	0.0
115.87915063257985	0.0
115.88915142231254	0.0
115.89915221204522	0.0
115.9091530017779	0.0
115.91915379151058	0.0
115.92915458124327	0.0
115.93915537097594	0.0
115.94915616070863	0.0
115.95915695044131	0.0
115.969157740174	0.0
115.97915852990667	0.0
115.98915931963936	0.0
115.99916010937204	0.0
116.00916089910471	0.0
116.0191616888374	0.0
116.02916247857009	0.0
116.03916326830276	0.0
116.04916405803544	0.0
116.05916484776813	0.0
116.0691656375008	0.0
116.07916642723349	0.0
116.08916721696617	0.0
116.09916800669885	0.0
116.10916879643153	0.0
116.11916958616422	0.0
116.12917037589689	0.0
116.13917116562958	0.0
116.14917195536226	0.0
116.15917274509493	0.0
116.16917353482762	0.0
116.17917432456031	0.0
116.18917511429298	0.0
116.19917590402567	0.0
116.20917669375835	0.0
116.21917748349102	0.0
116.22917827322371	0.0
116.2391790629564	0.0
116.24917985268907	0.0
116.25918064242175	0.0
116.26918143215444	0.0
116.27918222188711	0.0
116.2891830116198	0.0
116.29918380135248	0.0
116.30918459108516	0.0
116.31918538081784	0.0
116.32918617055053	278.0
116.3391869602832	278.0
116.34918775001589	278.0
116.35918853974857	0.0
116.36918932948124	0.0
116.37919011921393	0.0
116.38919090894662	0.0
116.39919169867929	0.0
116.40919248841197	275.0
116.41919327814466	272.0
116.42919406787733	268.0
116.43919485761002	0.0
116.4491956473427	0.0
116.45919643707538	0.0
116.46919722680806	0.0
116.47919801654075	0.0
116.48919880627342	0.0
116.49919959600611	0.0
116.5092003857388	0.0
116.51920117547147	228.0
116.52920196520415	231.0
116.53920275493684	231.0
116.54920354466951	228.0
116.5592043344022	220.0
116.56920512413488	215.0
116.57920591386755	215.0
116.58920670360024	213.0
116.59920749333293	213.0
116.6092082830656	210.0
116.61920907279828	210.0
116.62920986253097	213.0
116.63921065226364	213.0
116.64921144199633	213.0
116.65921223172901	215.0
116.66921302146169	215.0
116.67921381119437	218.0
116.68921460092706	218.0
116.69921539065973	215.0
116.70921618039242	215.0
116.7192169701251	210.0
116.72921775985778	208.0
116.73921854959046	208.0
116.74921933932315	208.0
116.75922012905582	210.0
116.7692209187885	215.0
116.77922170852119	220.0
116.78922249825386	256.0
116.79922328798655	256.0
116.80922407771924	256.0
116.81922486745191	0.0
116.8292256571846	0.0
116.83922644691728	0.0
116.84922723664995	389.0
116.85922802638264	393.0
116.86922881611532	393.0
116.879229605848	231.0
116.88923039558068	231.0
116.89923118531337	231.0
116.90923197504604	231.0
116.91923276477873	234.0
116.92923355451141	393.0
116.93923434424408	389.0
116.94923513397677	346.0
116.95923592370946	346.0
116.96923671344213	346.0
116.97923750317482	354.0
116.9892382929075	367.0
116.99923908264017	371.0
117.00923987237286	375.0
117.01924066210555	375.0
117.02924145183822	375.0
117.0392422415709	363.0
117.04924303130359	346.0
117.05924382103626	342.0
117.06924461076895	338.0
117.07924540050163	338.0
117.0892461902343	342.0
117.09924697996699	350.0
117.10924776969968	371.0
117.11924855943235	375.0
117.12924934916504	380.0
117.13925013889772	0.0
117.1492509286304	0.0
117.15925171836308	0.0
117.16925250809577	0.0
117.17925329782844	0.0
117.18925408756112	0.0
117.19925487729381	0.0
117.20925566702648	0.0
117.21925645675917	0.0
117.22925724649185	0.0
117.23925803622453	0.0
117.24925882595721	0.0
117.2592596156899	0.0
117.26926040542257	0.0
117.27926119515526	0.0
117.28926198488794	0.0
117.29926277462062	0.0
117.3092635643533	0.0
117.31926435408599	0.0
117.32926514381866	0.0
117.33926593355135	0.0
117.34926672328403	0.0
117.35926751301672	0.0
117.36926830274939	0.0
117.37926909248208	0.0
117.38926988221476	0.0
117.39927067194743	0.0
117.40927146168012	0.0
117.4192722514128	0.0
117.42927304114548	0.0
117.43927383087816	0.0
117.44927462061085	0.0
117.45927541034352	0.0
117.46927620007621	0.0
117.4792769898089	0.0
117.48927777954157	0.0
117.49927856927425	0.0
117.50927935900694	0.0
117.51928014873961	0.0
117.5292809384723	0.0
117.53928172820498	0.0
117.54928251793766	0.0
117.55928330767034	0.0
117.56928409740303	0.0
117.5792848871357	0.0
117.58928567686839	0.0
117.59928646660107	0.0
117.60928725633374	0.0
117.61928804606643	0.0
117.62928883579912	0.0
117.63928962553179	0.0
117.64929041526447	0.0
117.65929120499716	0.0
117.66929199472983	0.0
117.67929278446252	0.0
117.6892935741952	0.0
117.69929436392788	0.0
117.70929515366056	0.0
117.71929594339325	0.0
117.72929673312592	0.0
117.7392975228586	0.0
117.74929831259129	0.0
117.75929910232396	0.0
117.76929989205665	0.0
117.77930068178934	0.0
117.78930147152201	0.0
117.7993022612547	0.0
117.80930305098738	0.0
117.81930384072005	0.0
117.82930463045274	0.0
117.83930542018543	0.0
117.8493062099181	0.0
117.85930699965078	0.0
117.86930778938347	0.0
117.87930857911614	0.0
117.88930936884883	563.0
117.89931015858151	563.0
117.90931094831419	569.0
117.91931173804687	569.0
117.92931252777956	0.0
117.93931331751223	0.0
117.94931410724492	0.0
117.9593148969776	0.0
117.96931568671027	0.0
117.97931647644296	0.0
117.98931726617565	0.0
117.99931805590832	0.0
118.009318845641	0.0
118.01931963537369	0.0
118.02932042510636	0.0
118.03932121483905	0.0
118.04932200457174	0.0
118.0593227943044	0.0
118.0693235840371	0.0
118.07932437376978	0.0
118.08932516350245	0.0
118.09932595323514	0.0
118.10932674296782	0.0
118.1193275327005	0.0
118.12932832243318	0.0
118.13932911216587	0.0
118.14932990189854	0.0
118.15933069163123	0.0
118.16933148136391	0.0
118.17933227109658	0.0
118.18933306082927	0.0
118.19933385056196	0.0
118.20933464029463	0.0
118.21933543002731	0.0
118.22933621976	0.0
118.23933700949267	0.0
118.24933779922536	0.0
118.25933858895804	0.0
118.26933937869072	0.0
118.2793401684234	0.0
118.28934095815609	0.0
118.29934174788876	0.0
118.30934253762145	0.0
118.31934332735413	0.0
118.3293441170868	0.0
118.33934490681949	0.0
118.34934569655218	0.0
118.35934648628485	0.0
118.36934727601754	0.0
118.37934806575022	0.0
118.3893488554829	0.0
118.39934964521558	0.0
118.40935043494827	0.0
118.41935122468094	0.0
118.42935201441362	0.0
118.43935280414631	0.0
118.44935359387898	0.0
118.45935438361167	0.0
118.46935517334435	0.0
118.47935596307703	0.0
118.48935675280971	0.0
118.4993575425424	0.0
118.50935833227507	0.0
118.51935912200776	0.0
118.52935991174044	0.0
118.53936070147311	0.0
118.5493614912058	0.0
118.55936228093849	0.0
118.56936307067116	0.0
118.57936386040384	0.0
118.58936465013653	0.0
118.5993654398692	0.0
118.60936622960189	0.0
118.61936701933458	0.0
118.62936780906725	0.0
118.63936859879993	0.0
118.64936938853262	0.0
118.65937017826529	0.0
118.66937096799798	0.0
118.67937175773066	0.0
118.68937254746334	0.0
118.69937333719602	0.0
118.70937412692871	0.0
118.71937491666138	0.0
118.72937570639407	0.0
118.73937649612675	0.0
118.74937728585944	0.0
118.75937807559211	0.0
118.7693788653248	0.0
118.77937965505748	0.0
118.78938044479015	0.0
118.79938123452284	0.0
118.80938202425553	0.0
118.8193828139882	0.0
118.82938360372088	0.0
118.83938439345357	0.0
118.84938518318624	0.0
118.85938597291893	0.0
118.86938676265162	0.0
118.87938755238429	0.0
118.88938834211697	0.0
118.89938913184966	0.0
118.90938992158233	0.0
118.91939071131502	0.0
118.9293915010477	0.0
118.93939229078038	0.0
118.94939308051306	0.0
118.95939387024575	0.0
118.96939465997842	0.0
118.9793954497111	0.0
118.98939623944379	0.0
118.99939702917646	0.0
119.00939781890915	0.0
119.01939860864184	0.0
119.02939939837451	0.0
119.0394001881072	0.0
119.04940097783988	519.0
119.05940176757255	525.0
119.06940255730524	519.0
119.07940334703792	0.0
119.0894041367706	0.0
119.09940492650328	0.0
119.10940571623597	0.0
119.11940650596864	0.0
119.12940729570133	0.0
119.13940808543401	0.0
119.14940887516669	0.0
119.15940966489937	0.0
119.16941045463206	0.0
119.17941124436473	0.0
119.18941203409742	0.0
119.1994128238301	0.0
119.20941361356277	0.0
119.21941440329546	0.0
119.22941519302815	0.0
119.23941598276082	0.0
119.2494167724935	0.0
119.25941756222619	0.0
119.26941835195886	0.0
119.27941914169155	0.0
119.28941993142423	0.0
119.2994207211569	0.0
119.30942151088959	0.0
119.31942230062228	0.0
119.32942309035495	0.0
119.33942388008764	0.0
119.34942466982032	0.0
119.359425459553	0.0
119.36942624928568	0.0
119.37942703901837	0.0
119.38942782875104	0.0
119.39942861848373	0.0
119.40942940821641	0.0
119.41943019794908	0.0
119.42943098768177	0.0
119.43943177741446	0.0
119.44943256714713	0.0
119.45943335687981	0.0
119.4694341466125	0.0
119.47943493634517	0.0
119.48943572607786	0.0
119.49943651581054	0.0
119.50943730554322	0.0
119.5194380952759	0.0
119.52943888500859	0.0
119.53943967474126	0.0
119.54944046447395	0.0
119.55944125420663	0.0
119.5694420439393	0.0
119.57944283367199	0.0
119.58944362340468	0.0
119.59944441313735	0.0
119.60944520287003	0.0
119.61944599260272	0.0
119.62944678233539	0.0
119.63944757206808	0.0
119.64944836180076	0.0
119.65944915153344	0.0
119.66944994126612	0.0
119.67945073099881	0.0
119.68945152073148	0.0
119.69945231046417	0.0
119.70945310019685	0.0
119.71945388992953	0.0
119.72945467966221	0.0
119.7394554693949	0.0
119.74945625912757	0.0
119.75945704886026	0.0
119.76945783859294	0.0
119.77945862832561	0.0
119.7894594180583	0.0
119.79946020779099	0.0
119.80946099752366	0.0
119.81946178725634	0.0
119.82946257698903	0.0
119.8394633667217	0.0
119.84946415645439	0.0
119.85946494618707	0.0
119.86946573591975	0.0
119.87946652565243	0.0
119.88946731538512	0.0
119.89946810511779	0.0
119.90946889485048	0.0
119.91946968458316	0.0
119.92947047431583	0.0
119.93947126404852	0.0
119.94947205378121	0.0
119.95947284351388	0.0
119.96947363324657	0.0
119.97947442297925	0.0
119.98947521271192	0.0
119.99947600244461	0.0
120.0094767921773	0.0
120.01947758190997	0.0
120.02947837164265	0.0
120.03947916137534	0.0
120.04947995110801	0.0
120.0594807408407	0.0
120.06948153057338	462.0
120.07948232030606	0.0
120.08948311003874	0.0
120.09948389977143	0.0
120.1094846895041	0.0
120.11948547923679	0.0
120.12948626896947	0.0
120.13948705870216	0.0
120.14948784843483	0.0
120.15948863816752	0.0
120.1694894279002	0.0
120.17949021763287	0.0
120.18949100736556	0.0
120.19949179709825	0.0
120.20949258683092	0.0
120.2194933765636	0.0
120.22949416629629	0.0
120.23949495602896	0.0
120.24949574576165	0.0
120.25949653549434	0.0
120.26949732522701	0.0
120.2794981149597	0.0
120.28949890469238	0.0
120.29949969442505	0.0
120.30950048415774	0.0
120.31950127389042	0.0
120.3295020636231	0.0
120.33950285335578	0.0
120.34950364308847	0.0
120.35950443282114	0.0
120.36950522255383	0.0
120.37950601228651	0.0
120.38950680201918	0.0
120.39950759175187	0.0
120.40950838148456	0.0
120.41950917121723	0.0
120.42950996094991	0.0
120.4395107506826	0.0
120.44951154041527	0.0
120.45951233014796	0.0
120.46951311988065	0.0
120.47951390961332	0.0
120.489514699346	0.0
120.49951548907869	0.0
120.50951627881136	0.0
120.51951706854405	0.0
120.52951785827673	0.0
120.5395186480094	0.0
120.54951943774209	0.0
120.55952022747478	0.0
120.56952101720745	0.0
120.57952180694014	0.0
120.58952259667282	0.0
120.5995233864055	0.0
120.60952417613818	0.0
120.61952496587087	0.0
120.62952575560354	0.0
120.63952654533622	0.0
120.64952733506891	0.0
120.65952812480158	0.0
120.66952891453427	0.0
120.67952970426695	0.0
120.68953049399963	0.0
120.69953128373231	0.0
120.709532073465	0.0
120.71953286319767	0.0
120.72953365293036	0.0
120.73953444266304	0.0
120.74953523239571	0.0
120.7595360221284	0.0
120.76953681186109	0.0
120.77953760159376	0.0
120.78953839132645	0.0
120.79953918105913	0.0
120.8095399707918	0.0
120.81954076052449	0.0
120.82954155025718	0.0
120.83954233998985	0.0
120.84954312972253	0.0
120.85954391945522	0.0
120.86954470918789	0.0
120.87954549892058	0.0
120.88954628865326	0.0
120.89954707838594	0.0
120.90954786811862	0.0
120.91954865785131	0.0
120.92954944758398	0.0
120.93955023731667	0.0
120.94955102704935	0.0
120.95955181678202	0.0
120.96955260651471	0.0
120.9795533962474	0.0
120.98955418598007	0.0
120.99955497571275	0.0
121.00955576544544	0.0
121.01955655517811	0.0
121.0295573449108	0.0
121.03955813464349	0.0
121.04955892437616	206.0
121.05955971410884	0.0
121.06956050384153	0.0
121.0795612935742	0.0
121.08956208330689	0.0
121.09956287303957	0.0
121.10956366277225	0.0
121.11956445250493	412.0
121.12956524223762	412.0
121.13956603197029	412.0
121.14956682170298	0.0
121.15956761143566	0.0
121.16956840116833	0.0
121.17956919090102	0.0
121.1895699806337	417.0
121.19957077036638	412.0
121.20957156009906	407.0
121.21957234983175	407.0
121.22957313956442	402.0
121.23957392929711	402.0
121.2495747190298	407.0
121.25957550876247	407.0
121.26957629849515	412.0
121.27957708822784	412.0
121.28957787796051	412.0
121.2995786676932	412.0
121.30957945742588	412.0
121.31958024715856	412.0
121.32958103689124	412.0
121.33958182662393	412.0
121.3495826163566	412.0
121.35958340608929	412.0
121.36958419582197	417.0
121.37958498555464	417.0
121.38958577528733	417.0
121.39958656502002	417.0
121.40958735475269	417.0
121.41958814448537	417.0
121.42958893421806	412.0
121.43958972395073	412.0
121.44959051368342	412.0
121.4595913034161	412.0
121.46959209314878	412.0
121.47959288288146	412.0
121.48959367261415	417.0
121.49959446234682	417.0
121.5095952520795	417.0
121.51959604181219	417.0
121.52959683154488	417.0
121.53959762127755	417.0
121.54959841101024	0.0
121.55959920074292	412.0
121.5695999904756	0.0
121.57960078020828	412.0
121.58960156994097	417.0
121.59960235967364	417.0
121.60960314940633	417.0
121.61960393913901	417.0
121.62960472887168	417.0
121.63960551860437	417.0
121.64960630833706	210.0
121.65960709806973	210.0
121.66960788780241	210.0
121.6796086775351	417.0
121.68960946726777	417.0
121.69961025700046	421.0
121.70961104673314	210.0
121.71961183646582	210.0
121.7296126261985	210.0
121.73961341593119	210.0
121.74961420566386	210.0
121.75961499539655	210.0
121.76961578512923	210.0
121.7796165748619	210.0
121.78961736459459	210.0
121.79961815432728	210.0
121.80961894405995	412.0
121.81961973379263	412.0
121.82962052352532	208.0
121.839621313258	0.0
121.84962210299068	0.0
121.85962289272337	0.0
121.86962368245604	0.0
121.87962447218872	210.0
121.88962526192141	210.0
121.89962605165408	208.0
121.90962684138677	0.0
121.91962763111945	0.0
121.92962842085213	0.0
121.93962921058481	0.0
121.9496300003175	0.0
121.95963079005017	0.0
121.96963157978286	0.0
121.97963236951554	0.0
121.98963315924821	0.0
121.9996339489809	0.0
122.00963473871359	0.0
122.01963552844626	0.0
122.02963631817894	0.0
122.03963710791163	0.0
122.0496378976443	0.0
122.05963868737699	0.0
122.06963947710967	0.0
122.07964026684235	208.0
122.08964105657503	208.0
122.09964184630772	208.0
122.10964263604039	208.0
122.11964342577308	208.0
122.12964421550576	208.0
122.13964500523844	208.0
122.14964579497112	208.0
122.15964658470381	208.0
122.16964737443648	208.0
122.17964816416917	208.0
122.18964895390185	208.0
122.19964974363452	208.0
122.20965053336721	208.0
122.2196513230999	208.0
122.22965211283257	208.0
122.23965290256525	208.0
122.24965369229794	208.0
122.25965448203061	208.0
122.2696552717633	208.0
122.27965606149598	208.0
122.28965685122866	208.0
122.29965764096134	208.0
122.30965843069403	208.0
122.3196592204267	208.0
122.32966001015939	208.0
122.33966079989207	208.0
122.34966158962474	208.0
122.35966237935743	208.0
122.36966316909012	208.0
122.37966395882279	208.0
122.38966474855548	206.0
122.39966553828816	206.0
122.40966632802083	206.0
122.41966711775352	206.0
122.4296679074862	208.0
122.43966869721888	208.0
122.44966948695156	208.0
122.45967027668425	208.0
122.46967106641692	208.0
122.47967185614961	210.0
122.4896726458823	210.0
122.49967343561497	210.0
122.50967422534765	210.0
122.51967501508034	213.0
122.52967580481301	213.0
122.5396765945457	210.0
122.54967738427838	210.0
122.55967817401105	210.0
122.56967896374374	208.0
122.57967975347643	210.0
122.5896805432091	210.0
122.59968133294178	210.0
122.60968212267447	210.0
122.61968291240714	210.0
122.62968370213983	210.0
122.63968449187252	210.0
122.64968528160519	208.0
122.65968607133787	208.0
122.66968686107056	208.0
122.67968765080323	210.0
122.68968844053592	210.0
122.6996892302686	210.0
122.70969002000128	210.0
122.71969080973396	210.0
122.72969159946665	210.0
122.73969238919932	208.0
122.749693178932	208.0
122.75969396866469	208.0
122.76969475839736	208.0
122.77969554813005	417.0
122.78969633786274	417.0
122.79969712759541	417.0
122.8096979173281	210.0
122.81969870706078	210.0
122.82969949679345	417.0
122.83970028652614	417.0
122.84970107625882	417.0
122.8597018659915	417.0
122.86970265572418	417.0
122.87970344545687	417.0
122.88970423518955	206.0
122.89970502492223	206.0
122.90970581465491	208.0
122.9197066043876	208.0
122.92970739412027	208.0
122.93970818385296	208.0
122.94970897358564	208.0
122.95970976331832	208.0
122.969710553051	208.0
122.97971134278369	206.0
122.98971213251636	206.0
122.99971292224905	206.0
123.00971371198173	206.0
123.0197145017144	206.0
123.02971529144709	206.0
123.03971608117978	206.0
123.04971687091245	206.0
123.05971766064513	206.0
123.06971845037782	206.0
123.07971924011049	206.0
123.08972002984318	206.0
123.09972081957586	206.0
123.10972160930854	206.0
123.11972239904122	206.0
123.12972318877391	206.0
123.13972397850658	206.0
123.14972476823927	206.0
123.15972555797195	0.0
123.16972634770462	0.0
123.17972713743731	0.0
123.18972792717	0.0
123.19972871690267	0.0
123.20972950663536	0.0
123.21973029636804	0.0
123.22973108610071	0.0
123.2397318758334	0.0
123.24973266556609	0.0
123.25973345529876	0.0
123.26973424503144	0.0
123.27973503476413	0.0
123.2897358244968	0.0
123.29973661422949	0.0
123.30973740396217	0.0
123.31973819369485	0.0
123.32973898342753	0.0
123.33973977316022	0.0
123.34974056289289	0.0
123.35974135262558	0.0
123.36974214235826	0.0
123.37974293209093	0.0
123.38974372182362	0.0
123.3997445115563	0.0
123.40974530128898	0.0
123.41974609102166	0.0
123.42974688075435	0.0
123.43974767048702	0.0
123.44974846021971	0.0
123.4597492499524	0.0
123.46975003968507	0.0
123.47975082941775	0.0
123.48975161915044	0.0
123.49975240888311	0.0
123.5097531986158	0.0
123.51975398834848	0.0
123.52975477808116	0.0
123.53975556781384	0.0
123.54975635754653	0.0
123.5597571472792	0.0
123.56975793701189	0.0
123.57975872674457	0.0
123.58975951647724	0.0
123.59976030620993	0.0
123.60976109594262	0.0
123.61976188567529	0.0
123.62976267540797	0.0
123.63976346514066	223.0
123.64976425487333	220.0
123.65976504460602	218.0
123.6697658343387	215.0
123.67976662407138	208.0
123.68976741380406	201.0
123.69976820353675	194.0
123.70976899326942	187.0
123.7197697830021	181.0
123.7297705727348	177.0
123.73977136246747	173.0
123.74977215220015	171.0
123.75977294193284	169.0
123.76977373166551	171.0
123.7797745213982	175.0
123.78977531113088	181.0
123.79977610086355	187.0
123.80977689059624	194.0
123.81977768032893	201.0
123.8297784700616	208.0
123.83977925979428	213.0
123.84978004952697	215.0
123.85978083925964	215.0
123.86978162899233	210.0
123.87978241872501	203.0
123.88978320845769	190.0
123.89978399819037	183.0
123.90978478792306	177.0
123.91978557765573	173.0
123.92978636738842	173.0
123.9397871571211	177.0
123.94978794685377	183.0
123.95978873658646	192.0
123.96978952631915	201.0
123.97979031605182	210.0
123.9897911057845	218.0
123.99979189551719	218.0
124.00979268524986	215.0
124.01979347498255	206.0
124.02979426471524	203.0
124.03979505444791	203.0
124.0497958441806	206.0
124.05979663391328	213.0
124.06979742364595	220.0
124.07979821337864	231.0
124.08979900311132	239.0
124.099799792844	242.0
124.10980058257668	239.0
124.11980137230937	231.0
124.12980216204204	228.0
124.13980295177473	223.0
124.14980374150741	223.0
124.15980453124008	226.0
124.16980532097277	242.0
124.17980611070546	245.0
124.18980690043813	250.0
124.19980769017081	256.0
124.2098084799035	256.0
124.21980926963617	253.0
124.22981005936886	245.0
124.23981084910154	239.0
124.24981163883422	236.0
124.2598124285669	236.0
124.26981321829959	239.0
124.27981400803228	245.0
124.28981479776495	250.0
124.29981558749763	250.0
124.30981637723032	248.0
124.31981716696299	234.0
124.32981795669568	223.0
124.33981874642836	201.0
124.34981953616104	201.0
124.35982032589372	203.0
124.36982111562641	206.0
124.37982190535908	210.0
124.38982269509177	215.0
124.39982348482445	218.0
124.40982427455712	218.0
124.41982506428981	215.0
124.4298258540225	213.0
124.43982664375517	206.0
124.44982743348785	203.0
124.45982822322054	203.0
124.46982901295321	210.0
124.4798298026859	218.0
124.48983059241858	231.0
124.49983138215126	250.0
124.50983217188394	256.0
124.51983296161663	259.0
124.5298337513493	256.0
124.53983454108199	245.0
124.54983533081467	223.0
124.55983612054735	215.0
124.56983691028003	210.0
124.57983770001272	210.0
124.58983848974539	215.0
124.59983927947808	223.0
124.60984006921076	234.0
124.61984085894343	231.0
124.62984164867612	218.0
124.6398424384088	206.0
124.64984322814148	192.0
124.65984401787416	183.0
124.66984480760685	179.0
124.67984559733952	179.0
124.68984638707221	179.0
124.6998471768049	181.0
124.70984796653757	183.0
124.71984875627025	183.0
124.72984954600294	183.0
124.73985033573561	181.0
124.7498511254683	175.0
124.75985191520098	169.0
124.76985270493365	169.0
124.77985349466634	169.0
124.78985428439903	175.0
124.7998550741317	179.0
124.80985586386439	183.0
124.81985665359707	185.0
124.82985744332974	187.0
124.83985823306243	185.0
124.84985902279512	0.0
124.85985981252779	0.0
124.86986060226047	0.0
124.87986139199316	0.0
124.88986218172583	0.0
124.89986297145852	0.0
124.9098637611912	0.0
124.91986455092388	0.0
124.92986534065656	0.0
124.93986613038925	0.0
124.94986692012192	0.0
124.9598677098546	0.0
124.96986849958729	0.0
124.97986928931996	0.0
124.98987007905265	0.0
124.99987086878534	0.0
125.00987165851801	0.0
125.0198724482507	0.0
125.02987323798338	0.0
125.03987402771605	0.0
125.04987481744874	0.0
125.05987560718143	0.0
125.0698763969141	0.0
125.07987718664678	0.0
125.08987797637947	0.0
125.09987876611214	0.0
125.10987955584483	0.0
125.11988034557751	0.0
125.12988113531019	0.0
125.13988192504287	0.0
125.14988271477556	0.0
125.15988350450823	0.0
125.16988429424092	0.0
125.1798850839736	0.0
125.18988587370627	0.0
125.19988666343896	0.0
125.20988745317165	0.0
125.21988824290432	0.0
125.229889032637	0.0
125.23988982236969	0.0
125.24989061210236	0.0
125.25989140183505	0.0
125.26989219156773	0.0
125.2798929813004	0.0
125.28989377103309	0.0
125.29989456076578	0.0
125.30989535049845	0.0
125.31989614023114	0.0
125.32989692996382	0.0
125.3398977196965	0.0
125.34989850942918	0.0
125.35989929916187	0.0
125.36990008889454	0.0
125.37990087862723	0.0
125.38990166835991	0.0
125.39990245809258	0.0
125.40990324782527	0.0
125.41990403755796	0.0
125.42990482729063	0.0
125.43990561702331	0.0
125.449906406756	0.0
125.45990719648867	0.0
125.46990798622136	0.0
125.47990877595404	0.0
125.48990956568672	0.0
125.4999103554194	0.0
125.50991114515209	0.0
125.51991193488476	0.0
125.52991272461745	0.0
125.53991351435013	0.0
125.5499143040828	0.0
125.55991509381549	0.0
125.56991588354818	0.0
125.57991667328085	0.0
125.58991746301353	0.0
125.59991825274622	0.0
125.6099190424789	0.0
125.61991983221158	0.0
125.62992062194427	0.0
125.63992141167694	0.0
125.64992220140962	0.0
125.65992299114231	0.0
125.669923780875	0.0
125.67992457060767	0.0
125.68992536034035	0.0
125.69992615007304	0.0
125.70992693980571	0.0
125.7199277295384	0.0
125.72992851927108	0.0
125.73992930900376	0.0
125.74993009873644	0.0
125.75993088846913	0.0
125.7699316782018	0.0
125.77993246793449	0.0
125.78993325766717	0.0
125.79993404739984	0.0
125.80993483713253	0.0
125.81993562686522	0.0
125.82993641659789	0.0
125.83993720633057	0.0
125.84993799606326	0.0
125.85993878579593	0.0
125.86993957552862	0.0
125.8799403652613	0.0
125.88994115499398	0.0
125.89994194472666	0.0
125.90994273445935	0.0
125.91994352419202	0.0
125.92994431392471	0.0
125.9399451036574	0.0
125.94994589339007	0.0
125.95994668312275	0.0
125.96994747285544	0.0
125.97994826258811	0.0
125.9899490523208	0.0
125.99994984205348	0.0
126.00995063178615	0.0
126.01995142151884	0.0
126.02995221125153	0.0
126.0399530009842	0.0
126.04995379071688	0.0
126.05995458044957	0.0
126.06995537018224	0.0
126.07995615991493	0.0
126.08995694964761	0.0
126.09995773938029	0.0
126.10995852911297	0.0
126.11995931884566	0.0
126.12996010857833	0.0
126.13996089831102	0.0
126.1499616880437	0.0
126.15996247777638	0.0
126.16996326750906	0.0
126.17996405724175	0.0
126.18996484697442	0.0
126.1999656367071	0.0
126.20996642643979	0.0
126.21996721617246	0.0
126.22996800590515	0.0
126.23996879563784	0.0
126.24996958537051	0.0
126.2599703751032	0.0
126.26997116483588	0.0
126.27997195456855	0.0
126.28997274430124	0.0
126.29997353403392	0.0
126.3099743237666	0.0
126.31997511349928	0.0
126.32997590323197	0.0
126.33997669296464	0.0
126.34997748269733	0.0
126.35997827243001	0.0
126.36997906216268	0.0
126.37997985189537	0.0
126.38998064162806	0.0
126.39998143136073	0.0
126.40998222109341	0.0
126.4199830108261	0.0
126.42998380055877	0.0
126.43998459029146	0.0
126.44998538002415	0.0
126.45998616975682	0.0
126.4699869594895	0.0
126.47998774922219	0.0
126.48998853895486	0.0
126.49998932868755	0.0
126.50999011842023	0.0
126.5199909081529	0.0
126.52999169788559	0.0
126.53999248761828	0.0
126.54999327735095	234.0
126.55999406708364	231.0
126.56999485681632	228.0
126.579995646549	226.0
126.58999643628168	220.0
126.59999722601437	218.0
126.60999801574704	213.0
126.61999880547972	201.0
126.62999959521241	192.0
126.64000038494508	185.0
126.65000117467777	181.0
126.66000196441045	181.0
126.67000275414313	181.0
126.68000354387581	183.0
126.6900043336085	187.0
126.70000512334117	192.0
126.71000591307386	196.0
126.72000670280654	206.0
126.73000749253922	210.0
126.7400082822719	213.0
126.75000907200459	215.0
126.76000986173726	218.0
126.77001065146995	223.0
126.78001144120263	236.0
126.7900122309353	248.0
126.80001302066799	248.0
126.81001381040068	245.0
126.82001460013335	239.0
126.83001538986603	236.0
126.84001617959872	234.0
126.85001696933139	231.0
126.86001775906408	228.0
126.87001854879676	228.0
126.88001933852944	226.0
126.89002012826212	226.0
126.90002091799481	226.0
126.91002170772748	226.0
126.92002249746017	226.0
126.93002328719285	231.0
126.94002407692552	236.0
126.95002486665821	242.0
126.9600256563909	250.0
126.97002644612357	259.0
126.98002723585626	268.0
126.99002802558894	272.0
127.00002881532161	275.0
127.0100296050543	275.0
127.02003039478699	275.0
127.03003118451966	272.0
127.04003197425234	268.0
127.05003276398503	268.0
127.06003355371772	265.0
127.07003434345039	259.0
127.08003513318307	256.0
127.09003592291576	253.0
127.10003671264843	250.0
127.11003750238112	245.0
127.1200382921138	242.0
127.13003908184648	236.0
127.14003987157916	234.0
127.15004066131185	231.0
127.16004145104452	231.0
127.1700422407772	234.0
127.18004303050989	236.0
127.19004382024256	239.0
127.20004460997525	245.0
127.21004539970794	250.0
127.22004618944061	256.0
127.2300469791733	262.0
127.24004776890598	268.0
127.25004855863865	272.0
127.26004934837134	275.0
127.27005013810403	278.0
127.2800509278367	278.0
127.29005171756938	278.0
127.30005250730207	275.0
127.31005329703474	275.0
127.32005408676743	275.0
127.33005487650011	272.0
127.34005566623279	272.0
127.35005645596547	268.0
127.36005724569816	265.0
127.37005803543083	262.0
127.38005882516352	259.0
127.3900596148962	253.0
127.40006040462887	248.0
127.41006119436156	242.0
127.42006198409425	236.0
127.43006277382692	234.0
127.4400635635596	228.0
127.45006435329229	226.0
127.46006514302496	226.0
127.47006593275765	228.0
127.48006672249033	231.0
127.490067512223	236.0
127.5000683019557	245.0
127.51006909168838	250.0
127.52006988142105	259.0
127.53007067115374	268.0
127.54007146088642	275.0
127.5500722506191	281.0
127.56007304035178	284.0
127.57007383008447	284.0
127.58007461981714	284.0
127.59007540954983	281.0
127.60007619928251	278.0
127.61007698901518	278.0
127.62007777874787	275.0
127.63007856848056	275.0
127.64007935821323	272.0
127.65008014794591	268.0
127.6600809376786	265.0
127.67008172741127	259.0
127.68008251714396	253.0
127.69008330687664	248.0
127.70008409660932	245.0
127.710084886342	239.0
127.72008567607469	236.0
127.73008646580736	234.0
127.74008725554005	234.0
127.75008804527273	234.0
127.7600888350054	234.0
127.77008962473809	234.0
127.78009041447078	236.0
127.79009120420345	239.0
127.80009199393614	242.0
127.81009278366882	245.0
127.8200935734015	248.0
127.83009436313418	253.0
127.84009515286687	259.0
127.85009594259954	268.0
127.86009673233222	275.0
127.87009752206491	281.0
127.88009831179758	288.0
127.89009910153027	294.0
127.90009989126295	301.0
127.91010068099563	308.0
127.92010147072831	308.0
127.930102260461	312.0
127.94010305019367	312.0
127.95010383992636	312.0
127.96010462965904	312.0
127.97010541939171	312.0
127.9801062091244	312.0
127.99010699885709	308.0
128.00010778858976	308.0
128.01010857832244	294.0
128.02010936805513	284.0
128.03011015778782	278.0
128.0401109475205	272.0
128.05011173725316	268.0
128.06011252698585	262.0
128.07011331671853	256.0
128.08011410645122	253.0
128.0901148961839	253.0
128.1001156859166	256.0
128.11011647564925	259.0
128.12011726538194	259.0
128.13011805511462	262.0
128.1401188448473	265.0
128.15011963458	268.0
128.16012042431268	272.0
128.17012121404534	272.0
128.18012200377802	275.0
128.1901227935107	275.0
128.2001235832434	275.0
128.21012437297608	275.0
128.22012516270877	272.0
128.23012595244143	272.0
128.2401267421741	272.0
128.2501275319068	272.0
128.26012832163948	275.0
128.27012911137217	275.0
128.28012990110486	275.0
128.29013069083751	275.0
128.3001314805702	275.0
128.3101322703029	278.0
128.32013306003557	275.0
128.33013384976826	275.0
128.34013463950095	275.0
128.3501354292336	275.0
128.3601362189663	275.0
128.37013700869898	275.0
128.38013779843166	275.0
128.39013858816435	275.0
128.40013937789703	275.0
128.4101401676297	275.0
128.42014095736238	278.0
128.43014174709506	278.0
128.44014253682775	281.0
128.45014332656044	281.0
128.46014411629312	281.0
128.47014490602578	281.0
128.48014569575847	281.0
128.49014648549115	281.0
128.50014727522384	281.0
128.51014806495652	281.0
128.5201488546892	278.0
128.53014964442187	275.0
128.54015043415455	275.0
128.55015122388724	275.0
128.56015201361993	278.0
128.5701528033526	278.0
128.5801535930853	281.0
128.59015438281796	281.0
128.60015517255064	281.0
128.61015596228333	278.0
128.62015675201602	278.0
128.6301575417487	278.0
128.6401583314814	278.0
128.65015912121405	278.0
128.66015991094673	278.0
128.67016070067942	278.0
128.6801614904121	278.0
128.6901622801448	278.0
128.70016306987748	278.0
128.71016385961013	278.0
128.72016464934282	278.0
128.7301654390755	278.0
128.7401662288082	278.0
128.75016701854088	278.0
128.76016780827356	278.0
128.77016859800622	278.0
128.7801693877389	278.0
128.7901701774716	278.0
128.80017096720428	278.0
128.81017175693697	278.0
128.82017254666965	278.0
128.8301733364023	278.0
128.840174126135	278.0
128.85017491586768	278.0
128.86017570560037	278.0
128.87017649533306	278.0
128.88017728506574	278.0
128.8901780747984	278.0
128.90017886453109	278.0
128.91017965426377	275.0
128.92018044399646	275.0
128.93018123372914	278.0
128.94018202346183	281.0
128.9501828131945	284.0
128.96018360292717	291.0
128.97018439265986	298.0
128.98018518239255	301.0
128.99018597212523	308.0
129.00018676185792	308.0
129.01018755159058	308.0
129.02018834132326	281.0
129.03018913105595	275.0
129.04018992078863	308.0
129.05019071052132	308.0
129.060191500254	308.0
129.07019228998666	308.0
129.08019307971935	308.0
129.09019386945204	308.0
129.10019465918472	308.0
129.1101954489174	308.0
129.1201962386501	308.0
129.13019702838275	278.0
129.14019781811544	278.0
129.15019860784813	278.0
129.1601993975808	278.0
129.1702001873135	275.0
129.18020097704618	275.0
129.19020176677887	275.0
129.20020255651153	275.0
129.2102033462442	275.0
129.2202041359769	272.0
129.2302049257096	272.0
129.24020571544227	265.0
129.25020650517496	259.0
129.26020729490762	256.0
129.2702080846403	250.0
129.280208874373	245.0
129.29020966410567	248.0
129.30021045383836	242.0
129.31021124357105	236.0
129.3202120333037	234.0
129.3302128230364	231.0
129.34021361276908	228.0
129.35021440250176	228.0
129.36021519223445	228.0
129.37021598196714	228.0
129.3802167716998	231.0
129.39021756143248	236.0
129.40021835116517	242.0
129.41021914089785	248.0
129.42021993063054	256.0
129.43022072036322	265.0
129.44022151009588	268.0
129.45022229982857	272.0
129.46022308956125	275.0
129.47022387929394	275.0
129.48022466902663	275.0
129.4902254587593	272.0
129.50022624849197	272.0
129.51022703822466	268.0
129.52022782795734	265.0
129.53022861769003	265.0
129.54022940742271	262.0
129.5502301971554	262.0
129.56023098688806	256.0
129.57023177662074	253.0
129.58023256635343	248.0
129.59023335608612	245.0
129.6002341458188	242.0
129.6102349355515	239.0
129.62023572528415	236.0
129.63023651501683	234.0
129.64023730474952	231.0
129.6502380944822	231.0
129.6602388842149	231.0
129.67023967394758	234.0
129.68024046368024	234.0
129.69024125341292	236.0
129.7002420431456	239.0
129.7102428328783	242.0
129.72024362261098	250.0
129.73024441234367	256.0
129.74024520207632	262.0
129.750245991809	268.0
129.7602467815417	272.0
129.77024757127438	278.0
129.78024836100707	281.0
129.79024915073975	284.0
129.8002499404724	281.0
129.8102507302051	281.0
129.82025151993778	278.0
129.83025230967047	278.0
129.84025309940316	278.0
129.85025388913584	278.0
129.8602546788685	278.0
129.8702554686012	278.0
129.88025625833387	278.0
129.89025704806656	275.0
129.90025783779924	275.0
129.91025862753193	275.0
129.9202594172646	275.0
129.93026020699727	272.0
129.94026099672996	272.0
129.95026178646265	272.0
129.96026257619533	272.0
129.97026336592802	272.0
129.98026415566068	275.0
129.99026494539336	275.0
130.00026573512605	275.0
130.01026652485874	275.0
130.02026731459142	275.0
130.0302681043241	272.0
130.04026889405677	272.0
130.05026968378945	272.0
130.06027047352214	272.0
130.07027126325482	272.0
130.0802720529875	272.0
130.0902728427202	272.0
130.10027363245285	275.0
130.11027442218554	275.0
130.12027521191823	275.0
130.1302760016509	275.0
130.1402767913836	275.0
130.15027758111628	275.0
130.16027837084894	278.0
130.17027916058163	278.0
130.18027995031431	278.0
130.190280740047	275.0
130.2002815297797	275.0
130.21028231951237	275.0
130.22028310924503	275.0
130.23028389897772	275.0
130.2402846887104	275.0
130.2502854784431	275.0
130.26028626817578	275.0
130.27028705790846	272.0
130.28028784764112	272.0
130.2902886373738	268.0
130.3002894271065	265.0
130.31029021683918	259.0
130.32029100657186	256.0
130.33029179630455	253.0
130.3402925860372	253.0
130.3502933757699	250.0
130.36029416550258	250.0
130.37029495523527	248.0
130.38029574496795	245.0
130.39029653470064	245.0
130.4002973244333	242.0
130.41029811416598	242.0
130.42029890389867	242.0
130.43029969363135	239.0
130.44030048336404	239.0
130.45030127309673	236.0
130.46030206282938	236.0
130.47030285256207	234.0
130.48030364229476	234.0
130.49030443202744	234.0
130.50030522176013	234.0
130.51030601149282	234.0
130.52030680122547	234.0
130.53030759095816	234.0
130.54030838069085	234.0
130.55030917042353	234.0
130.56030996015622	234.0
130.5703107498889	234.0
130.5803115396216	234.0
130.59031232935425	234.0
130.60031311908693	234.0
130.61031390881962	234.0
130.6203146985523	234.0
130.630315488285	234.0
130.64031627801768	234.0
130.65031706775034	234.0
130.66031785748302	234.0
130.6703186472157	234.0
130.6803194369484	234.0
130.69032022668108	234.0
130.70032101641377	234.0
130.71032180614642	231.0
130.7203225958791	231.0
130.7303233856118	231.0
130.74032417534448	231.0
130.75032496507717	231.0
130.76032575480986	231.0
130.7703265445425	231.0
130.7803273342752	234.0
130.79032812400789	234.0
130.80032891374057	234.0
130.81032970347326	231.0
130.82033049320594	231.0
130.8303312829386	231.0
130.8403320726713	231.0
130.85033286240397	231.0
130.86033365213666	231.0
130.87033444186935	231.0
130.88033523160203	231.0
130.8903360213347	234.0
130.90033681106738	234.0
130.91033760080006	234.0
130.92033839053275	234.0
130.93033918026543	234.0
130.94033996999812	234.0
130.95034075973078	234.0
130.96034154946346	234.0
130.97034233919615	231.0
130.98034312892884	231.0
130.99034391866152	231.0
131.0003447083942	231.0
131.01034549812687	234.0
131.02034628785955	234.0
131.03034707759224	234.0
131.04034786732493	234.0
131.0503486570576	234.0
131.0603494467903	234.0
131.07035023652296	234.0
131.08035102625564	234.0
131.09035181598833	234.0
131.100352605721	234.0
131.1103533954537	234.0
131.1203541851864	234.0
131.13035497491904	234.0
131.14035576465173	234.0
131.15035655438442	236.0
131.1603573441171	236.0
131.1703581338498	236.0
131.18035892358247	236.0
131.19035971331513	236.0
131.20036050304782	234.0
131.2103612927805	234.0
131.2203620825132	234.0
131.23036287224588	234.0
131.24036366197856	234.0
131.25036445171122	234.0
131.2603652414439	234.0
131.2703660311766	234.0
131.28036682090928	234.0
131.29036761064197	234.0
131.30036840037465	234.0
131.3103691901073	234.0
131.32036997984	234.0
131.33037076957268	234.0
131.34037155930537	231.0
131.35037234903805	231.0
131.36037313877074	226.0
131.3703739285034	223.0
131.38037471823608	220.0
131.39037550796877	218.0
131.40037629770146	215.0
131.41037708743414	213.0
131.42037787716683	210.0
131.4303786668995	208.0
131.44037945663217	206.0
131.45038024636486	206.0
131.46038103609754	206.0
131.47038182583023	208.0
131.48038261556292	210.0
131.49038340529557	218.0
131.50038419502826	223.0
131.51038498476095	231.0
131.52038577449363	236.0
131.53038656422632	242.0
131.540387353959	245.0
131.55038814369166	245.0
131.56038893342435	242.0
131.57038972315704	239.0
131.58039051288972	234.0
131.5903913026224	231.0
131.6003920923551	228.0
131.61039288208775	228.0
131.62039367182044	228.0
131.63039446155312	228.0
131.6403952512858	231.0
131.6503960410185	239.0
131.66039683075118	245.0
131.67039762048384	250.0
131.68039841021653	259.0
131.6903991999492	284.0
131.7003999896819	294.0
131.71040077941458	298.0
131.72040156914727	294.0
131.73040235887993	284.0
131.74040314861261	275.0
131.7504039383453	259.0
131.760404728078	239.0
131.77040551781067	234.0
131.78040630754336	234.0
131.79040709727602	234.0
131.8004078870087	236.0
131.8104086767414	242.0
131.82040946647408	248.0
131.83041025620676	248.0
131.84041104593945	250.0
131.8504118356721	248.0
131.8604126254048	248.0
131.87041341513748	248.0
131.88041420487016	248.0
131.89041499460285	245.0
131.90041578433554	242.0
131.9104165740682	239.0
131.92041736380088	236.0
131.93041815353357	234.0
131.94041894326625	231.0
131.95041973299894	231.0
131.96042052273162	231.0
131.9704213124643	231.0
131.98042210219697	234.0
131.99042289192965	234.0
132.00042368166234	234.0
132.01042447139503	236.0
132.0204252611277	236.0
132.0304260508604	236.0
132.04042684059306	234.0
132.05042763032574	234.0
132.06042842005843	231.0
132.07042920979111	231.0
132.0804299995238	231.0
132.0904307892565	228.0
132.10043157898915	228.0
132.11043236872183	226.0
132.12043315845452	223.0
132.1304339481872	223.0
132.1404347379199	220.0
132.15043552765258	218.0
132.16043631738523	218.0
132.17043710711792	215.0
132.1804378968506	215.0
132.1904386865833	213.0
132.20043947631598	213.0
132.21044026604866	210.0
132.22044105578132	210.0
132.230441845514	208.0
132.2404426352467	208.0
132.25044342497938	208.0
132.26044421471207	210.0
132.27044500444475	213.0
132.2804457941774	215.0
132.2904465839101	234.0
132.30044737364278	234.0
132.31044816337547	234.0
132.32044895310815	234.0
132.33044974284084	234.0
132.3404505325735	231.0
132.35045132230618	231.0
132.36045211203887	231.0
132.37045290177156	231.0
132.38045369150424	231.0
132.39045448123693	231.0
132.4004552709696	231.0
132.41045606070227	231.0
132.42045685043496	228.0
132.43045764016765	228.0
132.44045842990033	0.0
132.45045921963302	0.0
132.46046000936568	0.0
132.47046079909836	0.0
132.48046158883105	0.0
132.49046237856373	0.0
132.50046316829642	0.0
132.5104639580291	0.0
132.52046474776176	0.0
132.53046553749445	0.0
132.54046632722714	0.0
132.55046711695982	0.0
132.5604679066925	0.0
132.5704686964252	0.0
132.58046948615785	0.0
132.59047027589054	0.0
132.60047106562322	0.0
132.6104718553559	0.0
132.6204726450886	0.0
132.63047343482128	0.0
132.64047422455394	0.0
132.65047501428663	0.0
132.6604758040193	0.0
132.670476593752	0.0
132.68047738348469	0.0
132.69047817321737	0.0
132.70047896295003	0.0
132.71047975268272	0.0
132.7204805424154	0.0
132.7304813321481	0.0
132.74048212188077	0.0
132.75048291161346	0.0
132.76048370134612	0.0
132.7704844910788	0.0
132.7804852808115	0.0
132.79048607054418	0.0
132.80048686027686	0.0
132.81048765000955	0.0
132.8204884397422	0.0
132.8304892294749	0.0
132.84049001920758	0.0
132.85049080894026	0.0
132.86049159867295	0.0
132.87049238840564	0.0
132.8804931781383	0.0
132.89049396787098	0.0
132.90049475760367	0.0
132.91049554733635	0.0
132.92049633706904	0.0
132.93049712680173	0.0
132.94049791653438	0.0
132.95049870626707	0.0
132.96049949599976	0.0
132.97050028573244	0.0
132.98050107546513	0.0
132.9905018651978	0.0
133.00050265493047	0.0
133.01050344466316	0.0
133.02050423439584	0.0
133.03050502412853	0.0
133.04050581386122	0.0
133.0505066035939	0.0
133.06050739332656	0.0
133.07050818305925	0.0
133.08050897279193	0.0
133.09050976252462	0.0
133.1005105522573	0.0
133.11051134199	0.0
133.12051213172265	0.0
133.13051292145533	288.0
133.14051371118802	291.0
133.1505145009207	0.0
133.1605152906534	0.0
133.17051608038608	0.0
133.18051687011874	0.0
133.19051765985142	0.0
133.2005184495841	0.0
133.2105192393168	0.0
133.22052002904948	0.0
133.23052081878217	0.0
133.24052160851483	0.0
133.2505223982475	0.0
133.2605231879802	0.0
133.27052397771288	0.0
133.28052476744557	0.0
133.29052555717826	0.0
133.3005263469109	0.0
133.3105271366436	0.0
133.3205279263763	0.0
133.33052871610897	0.0
133.34052950584166	0.0
133.35053029557434	0.0
133.36053108530703	0.0
133.3705318750397	0.0
133.38053266477237	0.0
133.39053345450506	0.0
133.40053424423775	0.0
133.41053503397043	0.0
133.42053582370312	0.0
133.43053661343578	0.0
133.44053740316846	0.0
133.45053819290115	0.0
133.46053898263384	0.0
133.47053977236652	0.0
133.4805405620992	0.0
133.49054135183187	0.0
133.50054214156455	0.0
133.51054293129724	0.0
133.52054372102992	0.0
133.5305445107626	0.0
133.5405453004953	0.0
133.55054609022795	0.0
133.56054687996064	0.0
133.57054766969333	0.0
133.580548459426	0.0
133.5905492491587	0.0
133.60055003889138	0.0
133.61055082862404	0.0
133.62055161835673	0.0
133.63055240808941	0.0
133.6405531978221	0.0
133.6505539875548	0.0
133.66055477728747	0.0
133.67055556702013	0.0
133.68055635675282	0.0
133.6905571464855	0.0
133.7005579362182	0.0
133.71055872595088	0.0
133.72055951568356	0.0
133.73056030541622	0.0
133.7405610951489	0.0
133.7505618848816	0.0
133.76056267461428	0.0
133.77056346434696	0.0
133.78056425407965	0.0
133.7905650438123	0.0
133.800565833545	0.0
133.81056662327768	0.0
133.82056741301037	0.0
133.83056820274305	0.0
133.84056899247574	0.0
133.8505697822084	0.0
133.86057057194108	0.0
133.87057136167377	0.0
133.88057215140645	0.0
133.89057294113914	0.0
133.90057373087183	0.0
133.91057452060448	0.0
133.92057531033717	0.0
133.93057610006986	0.0
133.94057688980254	0.0
133.95057767953523	0.0
133.96057846926792	0.0
133.97057925900057	0.0
133.98058004873326	0.0
133.99058083846595	0.0
134.00058162819863	0.0
134.01058241793132	0.0
134.020583207664	0.0
134.03058399739666	0.0
134.04058478712935	0.0
134.05058557686203	417.0
134.06058636659472	417.0
134.0705871563274	0.0
134.0805879460601	417.0
134.09058873579275	417.0
134.10058952552544	417.0
134.11059031525812	417.0
134.1205911049908	417.0
134.1305918947235	412.0
134.14059268445618	412.0
134.15059347418884	412.0
134.16059426392152	412.0
134.1705950536542	412.0
134.1805958433869	0.0
134.19059663311958	0.0
134.20059742285227	0.0
134.21059821258493	0.0
134.2205990023176	0.0
134.2305997920503	0.0
134.24060058178299	0.0
134.25060137151567	0.0
134.26060216124836	0.0
134.27060295098102	0.0
134.2806037407137	0.0
134.2906045304464	0.0
134.30060532017907	0.0
134.31060610991176	0.0
134.32060689964445	0.0
134.3306076893771	0.0
134.3406084791098	0.0
134.35060926884248	0.0
134.36061005857516	0.0
134.37061084830785	0.0
134.38061163804053	0.0
134.3906124277732	0.0
134.40061321750588	0.0
134.41061400723856	0.0
134.42061479697125	0.0
134.43061558670394	0.0
134.44061637643662	0.0
134.45061716616928	0.0
134.46061795590197	0.0
134.47061874563465	0.0
134.48061953536734	0.0
134.49062032510002	0.0
134.5006211148327	0.0
134.51062190456537	0.0
134.52062269429805	0.0
134.53062348403074	0.0
134.54062427376343	0.0
134.5506250634961	0.0
134.5606258532288	0.0
134.57062664296146	0.0
134.58062743269414	0.0
134.59062822242683	0.0
134.60062901215952	0.0
134.6106298018922	0.0
134.6206305916249	0.0
134.63063138135755	0.0
134.64063217109023	0.0
134.65063296082292	0.0
134.6606337505556	0.0
134.6706345402883	253.0
134.68063533002098	253.0
134.69063611975363	256.0
134.70063690948632	259.0
134.710637699219	259.0
134.7206384889517	250.0
134.73063927868438	239.0
134.74064006841706	234.0
134.75064085814975	231.0
134.7606416478824	231.0
134.7706424376151	234.0
134.78064322734778	236.0
134.79064401708047	239.0
134.80064480681315	245.0
134.81064559654584	248.0
134.8206463862785	248.0
134.83064717601118	248.0
134.84064796574387	236.0
134.85064875547656	226.0
134.86064954520924	220.0
134.87065033494193	220.0
134.88065112467459	223.0
134.89065191440727	234.0
134.90065270413996	248.0
134.91065349387264	259.0
134.92065428360533	278.0
134.93065507333802	334.0
134.94065586307067	334.0
134.95065665280336	331.0
134.96065744253605	256.0
134.97065823226873	245.0
134.98065902200142	236.0
134.9906598117341	236.0
135.00066060146676	239.0
135.01066139119945	242.0
135.02066218093213	248.0
135.03066297066482	253.0
135.0406637603975	256.0
135.0506645501302	256.0
135.06066533986285	250.0
135.07066612959554	242.0
135.08066691932822	239.0
135.0906677090609	239.0
135.1006684987936	239.0
135.11066928852628	245.0
135.12067007825894	253.0
135.13067086799163	259.0
135.1406716577243	265.0
135.150672447457	265.0
135.16067323718968	253.0
135.17067402692237	239.0
135.18067481665503	218.0
135.1906756063877	206.0
135.2006763961204	201.0
135.2106771858531	201.0
135.22067797558577	203.0
135.23067876531846	208.0
135.24067955505112	213.0
135.2506803447838	215.0
135.2606811345165	213.0
135.27068192424917	203.0
135.28068271398186	192.0
135.29068350371455	183.0
135.3006842934472	179.0
135.3106850831799	179.0
135.32068587291258	179.0
135.33068666264526	181.0
135.34068745237795	183.0
135.35068824211064	183.0
135.3606890318433	183.0
135.37068982157598	179.0
135.38069061130867	177.0
135.39069140104135	173.0
135.40069219077404	171.0
135.41069298050672	171.0
135.42069377023938	171.0
135.43069455997207	175.0
135.44069534970475	179.0
135.45069613943744	183.0
135.46069692917013	185.0
135.4706977189028	185.0
135.48069850863547	183.0
135.49069929836816	177.0
135.50070008810084	171.0
135.51070087783353	167.0
135.52070166756621	165.0
135.5307024572989	165.0
135.54070324703156	171.0
135.55070403676424	179.0
135.56070482649693	187.0
135.57070561622962	226.0
135.5807064059623	231.0
135.590707195695	239.0
135.60070798542765	245.0
135.61070877516033	245.0
135.62070956489302	242.0
135.6307103546257	239.0
135.6407111443584	234.0
135.65071193409108	231.0
135.66071272382374	228.0
135.67071351355642	228.0
135.6807143032891	228.0
135.6907150930218	234.0
135.70071588275448	231.0
135.71071667248717	231.0
135.72071746221982	231.0
135.7307182519525	231.0
135.7407190416852	231.0
135.75071983141788	231.0
135.76072062115057	231.0
135.77072141088325	231.0
135.7807222006159	231.0
135.7907229903486	231.0
135.80072378008128	231.0
135.81072456981397	231.0
135.82072535954666	231.0
135.83072614927934	231.0
135.840726939012	231.0
135.8507277287447	231.0
135.86072851847737	231.0
135.87072930821006	231.0
135.88073009794275	231.0
135.89073088767543	231.0
135.9007316774081	231.0
135.91073246714078	234.0
135.92073325687346	236.0
135.93073404660615	239.0
135.94073483633883	242.0
135.95073562607152	239.0
135.96073641580418	236.0
135.97073720553686	234.0
135.98073799526955	234.0
135.99073878500224	231.0
136.00073957473492	231.0
136.0107403644676	231.0
136.02074115420027	228.0
136.03074194393295	228.0
136.04074273366564	226.0
136.05074352339832	226.0
136.060744313131	226.0
136.0707451028637	228.0
136.08074589259635	236.0
136.09074668232904	245.0
136.10074747206173	250.0
136.1107482617944	262.0
136.1207490515271	272.0
136.13074984125979	278.0
136.14075063099247	281.0
136.15075142072513	281.0
136.16075221045782	278.0
136.1707530001905	275.0
136.1807537899232	268.0
136.19075457965587	262.0
136.20075536938856	250.0
136.21075615912122	245.0
136.2207569488539	236.0
136.2307577385866	231.0
136.24075852831928	228.0
136.25075931805196	228.0
136.26076010778465	228.0
136.2707608975173	234.0
136.28076168725	239.0
136.29076247698268	248.0
136.30076326671536	253.0
136.31076405644805	259.0
136.32076484618074	265.0
136.3307656359134	272.0
136.34076642564608	272.0
136.35076721537877	272.0
136.36076800511145	268.0
136.37076879484414	268.0
136.38076958457683	268.0
136.39077037430948	268.0
136.40077116404217	275.0
136.41077195377486	281.0
136.42077274350754	288.0
136.43077353324023	294.0
136.4407743229729	298.0
136.45077511270557	301.0
136.46077590243826	301.0
136.47077669217094	305.0
136.48077748190363	305.0
136.49077827163632	305.0
136.500779061369	305.0
136.51077985110166	305.0
136.52078064083435	308.0
136.53078143056703	308.0
136.54078222029972	308.0
136.5507830100324	308.0
136.5607837997651	305.0
136.57078458949775	298.0
136.58078537923043	291.0
136.59078616896312	288.0
136.6007869586958	284.0
136.6107877484285	281.0
136.62078853816118	278.0
136.63078932789384	275.0
136.64079011762652	275.0
136.6507909073592	275.0
136.6607916970919	275.0
136.67079248682458	278.0
136.68079327655727	281.0
136.69079406628993	281.0
136.7007948560226	284.0
136.7107956457553	284.0
136.72079643548798	281.0
136.73079722522067	281.0
136.74079801495336	281.0
136.750798804686	278.0
136.7607995944187	278.0
136.77080038415139	278.0
136.78080117388407	278.0
136.79080196361676	278.0
136.80080275334944	278.0
136.8108035430821	278.0
136.8208043328148	278.0
136.83080512254747	278.0
136.84080591228016	275.0
136.85080670201285	275.0
136.86080749174553	275.0
136.8708082814782	275.0
136.88080907121088	275.0
136.89080986094356	275.0
136.90081065067625	275.0
136.91081144040893	275.0
136.92081223014162	275.0
136.93081301987428	275.0
136.94081380960696	275.0
136.95081459933965	275.0
136.96081538907234	275.0
136.97081617880502	272.0
136.9808169685377	275.0
136.99081775827037	275.0
137.00081854800305	278.0
137.01081933773574	278.0
137.02082012746843	278.0
137.0308209172011	275.0
137.0408217069338	0.0
137.05082249666646	0.0
137.06082328639914	0.0
137.07082407613183	0.0
137.0808248658645	0.0
137.0908256555972	0.0
137.1008264453299	0.0
137.11082723506254	0.0
137.12082802479523	0.0
137.13082881452792	457.0
137.1408296042606	457.0
137.1508303939933	0.0
137.16083118372597	0.0
137.17083197345863	0.0
137.18083276319132	0.0
137.190833552924	0.0
137.2008343426567	0.0
137.21083513238938	0.0
137.22083592212206	0.0
137.23083671185472	0.0
137.2408375015874	0.0
137.2508382913201	0.0
137.26083908105278	0.0
137.27083987078547	0.0
137.28084066051815	0.0
137.2908414502508	0.0
137.3008422399835	0.0
137.31084302971618	0.0
137.32084381944887	0.0
137.33084460918155	0.0
137.34084539891424	0.0
137.3508461886469	0.0
137.36084697837958	0.0
137.37084776811227	0.0
137.38084855784496	0.0
137.39084934757764	0.0
137.40085013731033	0.0
137.410850927043	0.0
137.42085171677567	0.0
137.43085250650836	0.0
137.44085329624104	0.0
137.45085408597373	0.0
137.46085487570642	0.0
137.4708556654391	0.0
137.48085645517176	0.0
137.49085724490445	0.0
137.50085803463713	0.0
137.51085882436982	0.0
137.5208596141025	0.0
137.5308604038352	0.0
137.54086119356785	0.0
137.55086198330054	0.0
137.56086277303322	0.0
137.5708635627659	0.0
137.5808643524986	0.0
137.59086514223128	0.0
137.60086593196394	0.0
137.61086672169662	0.0
137.6208675114293	0.0
137.630868301162	0.0
137.64086909089468	0.0
137.65086988062737	0.0
137.66087067036003	0.0
137.6708714600927	0.0
137.6808722498254	0.0
137.69087303955808	0.0
137.70087382929077	0.0
137.71087461902346	0.0
137.72087540875611	0.0
137.7308761984888	0.0
137.7408769882215	0.0
137.75087777795417	0.0
137.76087856768686	0.0
137.77087935741955	0.0
137.7808801471522	0.0
137.7908809368849	0.0
137.80088172661758	0.0
137.81088251635026	0.0
137.82088330608295	0.0
137.83088409581563	0.0
137.8408848855483	0.0
137.85088567528098	0.0
137.86088646501366	0.0
137.87088725474635	0.0
137.88088804447904	0.0
137.89088883421172	0.0
137.90088962394438	0.0
137.91089041367707	0.0
137.92089120340975	0.0
137.93089199314244	0.0
137.94089278287512	0.0
137.9508935726078	0.0
137.96089436234047	0.0
137.97089515207315	0.0
137.98089594180584	0.0
137.99089673153853	0.0
138.0008975212712	0.0
138.0108983110039	0.0
138.02089910073656	0.0
138.03089989046924	0.0
138.04090068020193	0.0
138.05090146993462	0.0
138.0609022596673	0.0
138.0709030494	0.0
138.08090383913265	0.0
138.09090462886533	0.0
138.10090541859802	0.0
138.1109062083307	0.0
138.1209069980634	0.0
138.13090778779608	0.0
138.14090857752873	0.0
138.15090936726142	0.0
138.1609101569941	0.0
138.1709109467268	0.0
138.18091173645948	0.0
138.19091252619216	0.0
138.20091331592482	0.0
138.2109141056575	0.0
138.2209148953902	0.0
138.23091568512288	0.0
138.24091647485557	0.0
138.25091726458825	0.0
138.2609180543209	0.0
138.2709188440536	0.0
138.28091963378628	0.0
138.29092042351897	0.0
138.30092121325166	0.0
138.31092200298434	0.0
138.320922792717	0.0
138.33092358244969	0.0
138.34092437218237	0.0
138.35092516191506	0.0
138.36092595164774	0.0
138.37092674138043	0.0
138.3809275311131	0.0
138.39092832084577	0.0
138.40092911057846	0.0
138.41092990031115	0.0
138.42093069004383	0.0
138.43093147977652	0.0
138.44093226950918	0.0
138.45093305924186	0.0
138.46093384897455	0.0
138.47093463870723	0.0
138.48093542843992	0.0
138.4909362181726	0.0
138.50093700790526	0.0
138.51093779763795	0.0
138.52093858737064	0.0
138.53093937710332	0.0
138.540940166836	0.0
138.5509409565687	0.0
138.56094174630135	0.0
138.57094253603404	0.0
138.58094332576673	0.0
138.5909441154994	0.0
138.6009449052321	0.0
138.61094569496478	0.0
138.62094648469744	0.0
138.63094727443013	0.0
138.6409480641628	0.0
138.6509488538955	0.0
138.6609496436282	0.0
138.67095043336087	0.0
138.68095122309353	0.0
138.69095201282622	0.0
138.7009528025589	0.0
138.7109535922916	0.0
138.72095438202427	0.0
138.73095517175696	0.0
138.74095596148962	0.0
138.7509567512223	0.0
138.760957540955	0.0
138.77095833068768	0.0
138.78095912042036	0.0
138.79095991015305	0.0
138.8009606998857	0.0
138.8109614896184	0.0
138.82096227935108	0.0
138.83096306908377	0.0
138.84096385881645	0.0
138.85096464854914	0.0
138.86096543828182	0.0
138.87096622801448	0.0
138.88096701774717	0.0
138.89096780747985	0.0
138.90096859721254	0.0
138.91096938694523	0.0
138.9209701766779	0.0
138.93097096641057	0.0
138.94097175614326	0.0
138.95097254587594	0.0
138.96097333560863	0.0
138.97097412534131	0.0
138.980974915074	0.0
138.99097570480666	0.0
139.00097649453934	0.0
139.01097728427203	0.0
139.02097807400472	0.0
139.0309788637374	0.0
139.0409796534701	0.0
139.05098044320275	0.0
139.06098123293543	0.0
139.07098202266812	203.0
139.0809828124008	201.0
139.0909836021335	196.0
139.10098439186618	194.0
139.11098518159883	192.0
139.12098597133152	190.0
139.1309867610642	187.0
139.1409875507969	185.0
139.15098834052958	185.0
139.16098913026227	185.0
139.17098991999492	183.0
139.1809907097276	183.0
139.1909914994603	181.0
139.20099228919298	177.0
139.21099307892567	177.0
139.22099386865835	175.0
139.230994658391	177.0
139.2409954481237	179.0
139.25099623785638	183.0
139.26099702758907	192.0
139.27099781732176	220.0
139.28099860705444	236.0
139.2909993967871	245.0
139.3010001865198	242.0
139.31100097625247	239.0
139.32100176598516	236.0
139.33100255571784	234.0
139.34100334545053	231.0
139.3510041351832	228.0
139.36100492491587	231.0
139.37100571464856	231.0
139.38100650438125	234.0
139.39100729411393	236.0
139.40100808384662	239.0
139.41100887357928	239.0
139.42100966331196	236.0
139.43101045304465	228.0
139.44101124277734	218.0
139.45101203251002	210.0
139.4610128222427	208.0
139.47101361197537	206.0
139.48101440170805	0.0
139.49101519144074	0.0
139.50101598117342	0.0
139.5110167709061	0.0
139.5210175606388	0.0
139.53101835037145	242.0
139.54101914010414	242.0
139.55101992983683	242.0
139.5610207195695	239.0
139.5710215093022	234.0
139.58102229903488	231.0
139.59102308876754	231.0
139.60102387850023	231.0
139.61102466823291	231.0
139.6210254579656	231.0
139.6310262476983	234.0
139.64102703743097	234.0
139.65102782716363	234.0
139.66102861689632	236.0
139.671029406629	236.0
139.6810301963617	242.0
139.69103098609438	248.0
139.70103177582706	253.0
139.71103256555972	262.0
139.7210333552924	272.0
139.7310341450251	281.0
139.74103493475778	291.0
139.75103572449046	291.0
139.76103651422315	284.0
139.7710373039558	281.0
139.7810380936885	275.0
139.79103888342118	268.0
139.80103967315387	262.0
139.81104046288655	256.0
139.82104125261924	250.0
139.8310420423519	245.0
139.84104283208458	234.0
139.85104362181727	231.0
139.86104441154995	231.0
139.87104520128264	236.0
139.88104599101533	245.0
139.89104678074798	253.0
139.90104757048067	259.0
139.91104836021336	265.0
139.92104914994604	272.0
139.93104993967873	278.0
139.94105072941142	281.0
139.95105151914407	288.0
139.96105230887676	288.0
139.97105309860945	284.0
139.98105388834213	281.0
139.99105467807482	278.0
140.0010554678075	0.0
140.01105625754016	0.0
140.02105704727285	0.0
140.03105783700553	0.0
140.04105862673822	0.0
140.0510594164709	0.0
140.0610602062036	0.0
140.07106099593625	0.0
140.08106178566894	0.0
140.09106257540162	0.0
140.1010633651343	0.0
140.111064154867	0.0
140.12106494459968	0.0
140.13106573433234	0.0
140.14106652406502	0.0
140.1510673137977	0.0
140.1610681035304	0.0
140.17106889326308	0.0
140.18106968299577	0.0
140.19107047272843	0.0
140.2010712624611	0.0
140.2110720521938	0.0
140.22107284192649	0.0
140.23107363165917	0.0
140.24107442139186	0.0
140.25107521112454	0.0
140.2610760008572	0.0
140.2710767905899	0.0
140.28107758032257	0.0
140.29107837005526	0.0
140.30107915978795	0.0
140.31107994952063	0.0
140.3210807392533	0.0
140.33108152898598	0.0
140.34108231871866	0.0
140.35108310845135	0.0
140.36108389818403	0.0
140.37108468791672	0.0
140.38108547764938	0.0
140.39108626738206	0.0
140.40108705711475	0.0
140.41108784684744	0.0
140.42108863658012	0.0
140.4310894263128	0.0
140.44109021604547	0.0
140.45109100577815	0.0
140.46109179551084	0.0
140.47109258524353	0.0
140.4810933749762	0.0
140.4910941647089	0.0
140.50109495444156	0.0
140.51109574417424	0.0
140.52109653390693	0.0
140.5310973236396	0.0
140.5410981133723	0.0
140.551098903105	0.0
140.56109969283764	0.0
140.57110048257033	0.0
140.58110127230302	0.0
140.5911020620357	0.0
140.6011028517684	0.0
140.61110364150107	0.0
140.62110443123373	0.0
140.63110522096642	0.0
140.6411060106991	0.0
140.6511068004318	0.0
140.66110759016448	0.0
140.67110837989716	0.0
140.68110916962982	0.0
140.6911099593625	0.0
140.7011107490952	0.0
140.71111153882788	0.0
140.72111232856057	0.0
140.73111311829325	0.0
140.7411139080259	0.0
140.7511146977586	0.0
140.76111548749128	0.0
140.77111627722397	0.0
140.78111706695665	0.0
140.79111785668934	0.0
140.801118646422	0.0
140.81111943615468	0.0
140.82112022588737	0.0
140.83112101562006	0.0
140.84112180535274	0.0
140.85112259508543	0.0
140.8611233848181	0.0
140.87112417455077	0.0
140.88112496428346	0.0
140.89112575401614	0.0
140.90112654374883	0.0
140.91112733348152	0.0
140.92112812321417	0.0
140.93112891294686	0.0
140.94112970267955	0.0
140.95113049241223	0.0
140.96113128214492	0.0
140.9711320718776	0.0
140.98113286161026	0.0
140.99113365134295	0.0
141.00113444107564	0.0
141.01113523080832	0.0
141.021136020541	0.0
141.0311368102737	0.0
141.04113760000635	0.0
141.05113838973904	0.0
141.06113917947172	0.0
141.0711399692044	0.0
141.0811407589371	0.0
141.09114154866978	0.0
141.10114233840244	0.0
141.11114312813513	0.0
141.1211439178678	0.0
141.1311447076005	0.0
141.14114549733318	0.0
141.15114628706587	0.0
141.16114707679853	0.0
141.17114786653121	0.0
141.1811486562639	0.0
141.1911494459966	0.0
141.20115023572927	0.0
141.21115102546196	0.0
141.22115181519462	0.0
141.2311526049273	0.0
141.24115339466	0.0
141.25115418439268	0.0
141.26115497412536	0.0
141.27115576385805	0.0
141.2811565535907	0.0
141.2911573433234	0.0
141.30115813305608	0.0
141.31115892278876	0.0
141.32115971252145	0.0
141.33116050225414	0.0
141.3411612919868	0.0
141.35116208171948	0.0
141.36116287145217	0.0
141.37116366118485	0.0
141.38116445091754	0.0
141.39116524065022	0.0
141.40116603038288	0.0
141.41116682011557	0.0
141.42116760984825	0.0
141.43116839958094	0.0
141.44116918931363	0.0
141.4511699790463	0.0
141.46117076877897	0.0
141.47117155851166	0.0
141.48117234824434	0.0
141.49117313797703	0.0
141.50117392770971	0.0
141.5111747174424	0.0
141.52117550717506	0.0
141.53117629690774	0.0
141.54117708664043	0.0
141.55117787637312	0.0
141.5611786661058	0.0
141.5711794558385	0.0
141.58118024557115	0.0
141.59118103530383	0.0
141.60118182503652	0.0
141.6111826147692	0.0
141.6211834045019	0.0
141.63118419423458	0.0
141.64118498396726	0.0
141.65118577369992	0.0
141.6611865634326	0.0
141.6711873531653	0.0
141.68118814289798	0.0
141.69118893263067	0.0
141.70118972236335	0.0
141.711190512096	0.0
141.7211913018287	0.0
141.73119209156138	0.0
141.74119288129407	0.0
141.75119367102675	0.0
141.76119446075944	0.0
141.7711952504921	0.0
141.78119604022478	0.0
141.79119682995747	0.0
141.80119761969016	0.0
141.81119840942284	0.0
141.82119919915553	0.0
141.8311999888882	0.0
141.84120077862087	0.0
141.85120156835356	0.0
141.86120235808625	0.0
141.87120314781893	0.0
141.88120393755162	0.0
141.89120472728428	0.0
141.90120551701696	0.0
141.91120630674965	0.0
141.92120709648233	0.0
141.93120788621502	0.0
141.9412086759477	0.0
141.95120946568036	0.0
141.96121025541305	0.0
141.97121104514574	0.0
141.98121183487842	0.0
141.9912126246111	0.0
142.0012134143438	0.0
142.01121420407645	0.0
142.02121499380914	0.0
142.03121578354182	0.0
142.0412165732745	0.0
142.0512173630072	0.0
142.06121815273988	0.0
142.07121894247254	0.0
142.08121973220523	0.0
142.0912205219379	0.0
142.1012213116706	0.0
142.11122210140329	0.0
142.12122289113597	0.0
142.13122368086863	0.0
142.14122447060132	0.0
142.151225260334	0.0
142.1612260500667	0.0
142.17122683979937	0.0
142.18122762953206	0.0
142.19122841926472	0.0
142.2012292089974	0.0
142.2112299987301	0.0
142.22123078846278	0.0
142.23123157819546	0.0
142.24123236792815	0.0
142.2512331576608	0.0
142.2612339473935	0.0
142.27123473712618	0.0
142.28123552685886	0.0
142.29123631659155	0.0
142.30123710632424	0.0
142.3112378960569	0.0
142.32123868578958	0.0
142.33123947552227	0.0
142.34124026525495	0.0
142.35124105498764	0.0
142.36124184472033	0.0
142.37124263445298	0.0
142.38124342418567	0.0
142.39124421391836	0.0
142.40124500365104	0.0
142.41124579338373	0.0
142.4212465831164	0.0
142.43124737284907	0.0
142.44124816258176	0.0
142.45124895231444	0.0
142.46124974204713	0.0
142.47125053177982	0.0
142.4812513215125	0.0
142.49125211124516	0.0
142.50125290097785	0.0
142.51125369071053	0.0
142.52125448044322	0.0
142.5312552701759	0.0
142.5412560599086	0.0
142.55125684964125	0.0
142.56125763937393	0.0
142.57125842910662	0.0
142.5812592188393	0.0
142.591260008572	0.0
142.60126079830468	0.0
142.61126158803734	0.0
142.62126237777002	0.0
142.6312631675027	0.0
142.6412639572354	0.0
142.65126474696808	0.0
142.66126553670077	0.0
142.67126632643343	0.0
142.6812671161661	0.0
142.6912679058988	0.0
142.70126869563148	0.0
142.71126948536417	0.0
142.72127027509686	0.0
142.7312710648295	0.0
142.7412718545622	0.0
142.7512726442949	0.0
142.76127343402757	0.0
142.77127422376026	0.0
142.78127501349294	0.0
142.7912758032256	0.0
142.8012765929583	0.0
142.81127738269097	0.0
142.82127817242366	0.0
142.83127896215635	0.0
142.84127975188903	0.0
142.8512805416217	0.0
142.86128133135438	0.0
142.87128212108706	0.0
142.88128291081975	0.0
142.89128370055244	0.0
142.90128449028512	0.0
142.91128528001778	0.0
142.92128606975047	0.0
142.93128685948315	0.0
142.94128764921584	0.0
142.95128843894852	0.0
142.9612892286812	0.0
142.97129001841387	0.0
142.98129080814655	0.0
142.99129159787924	0.0
143.00129238761193	0.0
143.0112931773446	0.0
143.0212939670773	0.0
143.03129475680998	0.0
143.04129554654264	0.0
143.05129633627533	0.0
143.06129712600801	0.0
143.0712979157407	0.0
143.0812987054734	0.0
143.09129949520607	0.0
143.10130028493873	0.0
143.11130107467142	0.0
143.1213018644041	0.0
143.1313026541368	0.0
143.14130344386948	0.0
143.15130423360216	0.0
143.16130502333482	0.0
143.1713058130675	0.0
143.1813066028002	0.0
143.19130739253288	0.0
143.20130818226556	0.0
143.21130897199825	0.0
143.2213097617309	0.0
143.2313105514636	0.0
143.24131134119628	0.0
143.25131213092897	0.0
143.26131292066165	0.0
143.27131371039434	0.0
143.281314500127	0.0
143.29131528985968	0.0
143.30131607959237	0.0
143.31131686932505	0.0
143.32131765905774	0.0
143.33131844879043	0.0
143.34131923852308	0.0
143.35132002825577	0.0
143.36132081798846	0.0
143.37132160772114	0.0
143.38132239745383	0.0
143.39132318718652	0.0
143.40132397691917	0.0
143.41132476665186	0.0
143.42132555638455	0.0
143.43132634611723	0.0
143.44132713584992	0.0
143.4513279255826	0.0
143.46132871531526	0.0
143.47132950504795	0.0
143.48133029478063	0.0
143.49133108451332	0.0
143.501331874246	0.0
143.5113326639787	0.0
143.52133345371135	0.0
143.53133424344404	0.0
143.54133503317672	0.0
143.5513358229094	0.0
143.5613366126421	0.0
143.57133740237478	0.0
143.58133819210744	0.0
143.59133898184012	0.0
143.6013397715728	0.0
143.6113405613055	0.0
143.62134135103818	0.0
143.63134214077087	0.0
143.64134293050353	0.0
143.6513437202362	0.0
143.6613445099689	0.0
143.67134529970158	0.0
143.68134608943427	0.0
143.69134687916696	0.0
143.70134766889961	0.0
143.7113484586323	0.0
143.721349248365	0.0
143.73135003809767	0.0
143.74135082783036	0.0
143.75135161756305	0.0
143.7613524072957	0.0
143.7713531970284	0.0
143.78135398676108	0.0
143.79135477649376	0.0
143.80135556622645	0.0
143.81135635595913	0.0
143.8213571456918	0.0
143.83135793542448	0.0
143.84135872515716	0.0
143.85135951488985	0.0
143.86136030462254	0.0
143.87136109435522	0.0
143.88136188408788	0.0
143.89136267382057	0.0
143.90136346355325	0.0
143.91136425328594	0.0
143.92136504301862	0.0
143.9313658327513	0.0
143.94136662248397	0.0
143.95136741221665	0.0
143.96136820194934	0.0
143.97136899168203	0.0
143.9813697814147	0.0
143.9913705711474	0.0
144.00137136088006	0.0
144.01137215061274	0.0
144.02137294034543	0.0
144.03137373007812	0.0
144.0413745198108	0.0
144.0513753095435	0.0
144.06137609927615	0.0
144.07137688900883	0.0
144.08137767874152	0.0
144.0913784684742	0.0
144.1013792582069	0.0
144.11138004793958	0.0
144.12138083767223	0.0
144.13138162740492	0.0
144.1413824171376	0.0
144.1513832068703	0.0
144.16138399660298	0.0
144.17138478633566	0.0
144.18138557606832	0.0
144.191386365801	0.0
144.2013871555337	0.0
144.21138794526638	0.0
144.22138873499907	0.0
144.23138952473175	0.0
144.2413903144644	0.0
144.2513911041971	0.0
144.26139189392978	0.0
144.27139268366247	0.0
144.28139347339516	0.0
144.29139426312784	0.0
144.3013950528605	0.0
144.31139584259319	0.0
144.32139663232587	0.0
144.33139742205856	0.0
144.34139821179124	0.0
144.35139900152393	0.0
144.3613997912566	0.0
144.37140058098927	0.0
144.38140137072196	0.0
144.39140216045465	0.0
144.40140295018733	0.0
144.41140373992002	0.0
144.4214045296527	0.0
144.43140531938536	0.0
144.44140610911805	0.0
144.45140689885073	0.0
144.46140768858342	0.0
144.4714084783161	0.0
144.4814092680488	0.0
144.49141005778145	0.0
144.50141084751414	0.0
144.51141163724682	0.0
144.5214124269795	0.0
144.5314132167122	0.0
144.54141400644488	0.0
144.55141479617754	0.0
144.56141558591023	0.0
144.5714163756429	0.0
144.5814171653756	0.0
144.59141795510828	0.0
144.60141874484097	0.0
144.61141953457363	0.0
144.6214203243063	0.0
144.631421114039	0.0
144.6414219037717	0.0
144.65142269350437	0.0
144.66142348323706	0.0
144.67142427296972	0.0
144.6814250627024	0.0
144.6914258524351	0.0
144.70142664216777	0.0
144.71142743190046	0.0
144.72142822163315	0.0
144.7314290113658	0.0
144.7414298010985	0.0
144.75143059083118	0.0
144.76143138056386	0.0
144.77143217029655	0.0
144.78143296002924	0.0
144.7914337497619	0.0
144.80143453949458	0.0
144.81143532922727	0.0
144.82143611895995	0.0
144.83143690869264	0.0
144.84143769842532	0.0
144.85143848815798	0.0
144.86143927789067	0.0
144.87144006762335	0.0
144.88144085735604	0.0
144.89144164708873	0.0
144.9014424368214	0.0
144.91144322655407	0.0
144.92144401628676	0.0
144.93144480601944	0.0
144.94144559575213	0.0
144.95144638548481	0.0
144.9614471752175	0.0
144.97144796495016	0.0
144.98144875468284	0.0
144.99144954441553	0.0
145.00145033414822	0.0
145.0114511238809	0.0
145.0214519136136	0.0
145.03145270334625	0.0
145.04145349307893	0.0
145.05145428281162	0.0
145.0614550725443	0.0
145.071455862277	0.0
145.08145665200968	0.0
145.09145744174234	0.0
145.10145823147502	0.0
145.1114590212077	0.0
145.1214598109404	0.0
145.13146060067308	0.0
145.14146139040577	0.0
145.15146218013842	0.0
145.1614629698711	0.0
145.1714637596038	0.0
145.18146454933648	0.0
145.19146533906917	0.0
145.20146612880185	0.0
145.2114669185345	0.0
145.2214677082672	0.0
145.23146849799988	0.0
145.24146928773257	0.0
145.25147007746526	0.0
145.26147086719794	0.0
145.2714716569306	0.0
145.2814724466633	0.0
145.29147323639597	0.0
145.30147402612866	0.0
145.31147481586135	0.0
145.32147560559403	0.0
145.3314763953267	0.0
145.34147718505938	0.0
145.35147797479206	0.0
145.36147876452475	0.0
145.37147955425743	0.0
145.38148034399012	0.0
145.39148113372278	0.0
145.40148192345546	0.0
145.41148271318815	0.0
145.42148350292084	0.0
145.43148429265352	0.0
145.4414850823862	0.0
145.45148587211887	0.0
145.46148666185155	0.0
145.47148745158424	0.0
145.48148824131692	0.0
145.4914890310496	0.0
145.5014898207823	0.0
145.51149061051495	0.0
145.52149140024764	0.0
145.53149218998033	0.0
145.541492979713	0.0
145.5514937694457	0.0
145.56149455917839	0.0
145.57149534891104	0.0
145.58149613864373	0.0
145.59149692837642	0.0
145.6014977181091	0.0
145.6114985078418	0.0
145.62149929757447	0.0
145.63150008730713	0.0
145.64150087703982	0.0
145.6515016667725	0.0
145.6615024565052	0.0
145.67150324623788	0.0
145.68150403597056	0.0
145.69150482570322	0.0
145.7015056154359	0.0
145.7115064051686	0.0
145.72150719490128	0.0
145.73150798463396	0.0
145.74150877436665	0.0
145.7515095640993	0.0
145.761510353832	0.0
145.77151114356468	0.0
145.78151193329737	0.0
145.79151272303005	0.0
145.80151351276274	0.0
145.81151430249542	0.0
145.82151509222808	0.0
145.83151588196077	0.0
145.84151667169346	0.0
145.85151746142614	0.0
145.86151825115883	0.0
145.8715190408915	0.0
145.88151983062417	0.0
145.89152062035686	0.0
145.90152141008954	0.0
145.91152219982223	0.0
145.92152298955492	0.0
145.9315237792876	0.0
145.94152456902026	0.0
145.95152535875295	0.0
145.96152614848563	0.0
145.97152693821832	0.0
145.981527727951	0.0
145.9915285176837	0.0
146.00152930741635	0.0
146.01153009714903	0.0
146.02153088688172	0.0
146.0315316766144	0.0
146.0415324663471	0.0
146.05153325607978	0.0
146.06153404581244	0.0
146.07153483554512	0.0
146.0815356252778	0.0
146.0915364150105	0.0
146.10153720474318	0.0
146.11153799447587	0.0
146.12153878420852	0.0
146.1315395739412	0.0
146.1415403636739	0.0
146.15154115340658	0.0
146.16154194313927	0.0
146.17154273287196	0.0
146.1815435226046	0.0
146.1915443123373	0.0
146.20154510206999	0.0
146.21154589180267	0.0
146.22154668153536	0.0
146.23154747126804	0.0
146.2415482610007	0.0
146.2515490507334	0.0
146.26154984046607	0.0
146.27155063019876	0.0
146.28155141993145	0.0
146.29155220966413	0.0
146.3015529993968	0.0
146.31155378912948	0.0
146.32155457886216	0.0
146.33155536859485	0.0
146.34155615832753	0.0
146.35155694806022	0.0
146.36155773779288	0.0
146.37155852752556	0.0
146.38155931725825	0.0
146.39156010699094	0.0
146.40156089672362	0.0
146.4115616864563	0.0
146.42156247618897	0.0
146.43156326592165	0.0
146.44156405565434	0.0
146.45156484538703	0.0
146.4615656351197	0.0
146.4715664248524	0.0
146.48156721458506	0.0
146.49156800431774	0.0
146.50156879405043	0.0
146.5115695837831	0.0
146.5215703735158	0.0
146.5315711632485	0.0
146.54157195298114	0.0
146.55157274271383	0.0
146.56157353244652	0.0
146.5715743221792	0.0
146.5815751119119	0.0
146.59157590164457	0.0
146.60157669137723	0.0
146.61157748110992	0.0
146.6215782708426	0.0
146.6315790605753	0.0
146.64157985030798	0.0
146.65158064004066	0.0
146.66158142977332	0.0
146.671582219506	0.0
146.6815830092387	0.0
146.69158379897138	0.0
146.70158458870407	0.0
146.71158537843675	0.0
146.7215861681694	0.0
146.7315869579021	0.0
146.74158774763478	0.0
146.75158853736747	0.0
146.76158932710015	0.0
146.77159011683284	0.0
146.7815909065655	0.0
146.79159169629818	0.0
146.80159248603087	0.0
146.81159327576356	0.0
146.82159406549624	0.0
146.83159485522893	0.0
146.8415956449616	0.0
146.85159643469427	0.0
146.86159722442696	0.0
146.87159801415964	0.0
146.88159880389233	0.0
146.89159959362502	0.0
146.90160038335767	0.0
146.91160117309036	0.0
146.92160196282305	0.0
146.93160275255573	0.0
146.94160354228842	0.0
146.9516043320211	0.0
146.96160512175376	0.0
146.97160591148645	0.0
146.98160670121914	0.0
146.99160749095182	0.0
147.0016082806845	0.0
147.0116090704172	0.0
147.02160986014985	0.0
147.03161064988254	0.0
147.04161143961522	0.0
147.0516122293479	0.0
147.0616130190806	0.0
147.07161380881328	0.0
147.08161459854594	0.0
147.09161538827863	0.0
147.1016161780113	0.0
147.111616967744	0.0
147.12161775747668	0.0
147.13161854720937	0.0
147.14161933694203	0.0
147.15162012667471	0.0
147.1616209164074	0.0
147.1716217061401	0.0
147.18162249587277	0.0
147.19162328560546	0.0
147.20162407533815	0.0
147.2116248650708	0.0
147.2216256548035	0.0
147.23162644453618	0.0
147.24162723426886	0.0
147.25162802400155	0.0
147.26162881373423	0.0
147.2716296034669	0.0
147.28163039319958	0.0
147.29163118293226	0.0
147.30163197266495	0.0
147.31163276239764	0.0
147.32163355213032	0.0
147.33163434186298	0.0
147.34163513159567	0.0
147.35163592132835	0.0
147.36163671106104	0.0
147.37163750079372	0.0
147.3816382905264	0.0
147.39163908025907	0.0
147.40163986999175	0.0
147.41164065972444	0.0
147.42164144945713	0.0
147.4316422391898	0.0
147.4416430289225	0.0
147.45164381865516	0.0
147.46164460838784	0.0
147.47164539812053	0.0
147.48164618785322	0.0
147.4916469775859	0.0
147.5016477673186	0.0
147.51164855705125	0.0
147.52164934678393	0.0
147.53165013651662	0.0
147.5416509262493	0.0
147.551651715982	0.0
147.56165250571468	0.0
147.57165329544733	0.0
147.58165408518002	0.0
147.5916548749127	0.0
147.6016556646454	0.0
147.61165645437808	0.0
147.62165724411076	0.0
147.63165803384342	0.0
147.6416588235761	0.0
147.6516596133088	0.0
147.66166040304148	0.0
147.67166119277417	0.0
147.68166198250685	0.0
147.6916627722395	0.0
147.7016635619722	0.0
147.71166435170488	0.0
147.72166514143757	0.0
147.73166593117026	0.0
147.74166672090294	0.0
147.7516675106356	0.0
147.76166830036829	0.0
147.77166909010097	0.0
147.78166987983366	0.0
147.79167066956634	0.0
147.80167145929903	0.0
147.8116722490317	0.0
147.82167303876437	0.0
147.83167382849706	0.0
147.84167461822975	0.0
147.85167540796243	0.0
147.86167619769512	0.0
147.87167698742778	0.0
147.88167777716046	0.0
147.89167856689315	0.0
147.90167935662583	0.0
147.91168014635852	0.0
147.9216809360912	0.0
147.93168172582386	0.0
147.94168251555655	0.0
147.95168330528924	0.0
147.96168409502192	0.0
147.9716848847546	0.0
147.9816856744873	0.0
147.99168646421995	0.0
148.00168725395264	0.0
148.01168804368533	0.0
148.021688833418	0.0
148.0316896231507	0.0
148.04169041288338	0.0
148.05169120261604	0.0
148.06169199234873	0.0
148.0716927820814	0.0
148.0816935718141	0.0
148.09169436154679	0.0
148.10169515127947	0.0
148.11169594101213	0.0
148.12169673074482	0.0
148.1316975204775	0.0
148.1416983102102	0.0
148.15169909994287	0.0
148.16169988967556	0.0
148.17170067940822	0.0
148.1817014691409	0.0
148.1917022588736	0.0
148.20170304860628	0.0
148.21170383833896	0.0
148.22170462807165	0.0
148.2317054178043	0.0
148.241706207537	0.0
148.25170699726968	0.0
148.26170778700236	0.0
148.27170857673505	0.0
148.28170936646774	0.0
148.2917101562004	0.0
148.30171094593308	0.0
148.31171173566577	0.0
148.32171252539845	0.0
148.33171331513114	0.0
148.34171410486383	0.0
148.35171489459648	0.0
148.36171568432917	0.0
148.37171647406186	0.0
148.38171726379454	0.0
148.39171805352723	0.0
148.4017188432599	0.0
148.41171963299257	0.0
148.42172042272526	0.0
148.43172121245794	0.0
148.44172200219063	0.0
148.45172279192332	0.0
148.461723581656	0.0
148.47172437138866	0.0
148.48172516112135	0.0
148.49172595085403	0.0
148.50172674058672	0.0
148.5117275303194	0.0
148.5217283200521	0.0
148.53172910978475	0.0
148.54172989951743	0.0
148.55173068925012	0.0
148.5617314789828	0.0
148.5717322687155	0.0
148.58173305844818	0.0
148.59173384818087	0.0
148.60173463791352	0.0
148.6117354276462	0.0
148.6217362173789	0.0
148.63173700711158	0.0
148.64173779684427	0.0
148.65173858657695	0.0
148.6617393763096	0.0
148.6717401660423	0.0
148.68174095577498	0.0
148.69174174550767	0.0
148.70174253524036	0.0
148.71174332497304	0.0
148.7217441147057	0.0
148.7317449044384	0.0
148.74174569417107	0.0
148.75174648390376	0.0
148.76174727363644	0.0
148.77174806336913	0.0
148.7817488531018	0.0
148.79174964283447	0.0
148.80175043256716	0.0
148.81175122229985	0.0
148.82175201203253	0.0
148.83175280176522	0.0
148.84175359149788	0.0
148.85175438123056	0.0
148.86175517096325	0.0
148.87175596069594	0.0
148.88175675042862	0.0
148.8917575401613	0.0
148.90175832989397	0.0
148.91175911962665	0.0
148.92175990935934	0.0
148.93176069909202	0.0
148.9417614888247	228.0
148.9517622785574	223.0
148.96176306829005	220.0
148.97176385802274	220.0
148.98176464775543	220.0
148.9917654374881	220.0
149.0017662272208	223.0
149.01176701695348	228.0
149.02176780668614	239.0
149.03176859641883	265.0
149.04176938615151	272.0
149.0517701758842	281.0
149.0617709656169	284.0
149.07177175534957	284.0
149.08177254508223	275.0
149.09177333481492	268.0
149.1017741245476	262.0
149.1117749142803	259.0
149.12177570401298	262.0
149.13177649374566	262.0
149.14177728347832	262.0
149.151778073211	259.0
149.1617788629437	253.0
149.17177965267638	245.0
149.18178044240906	239.0
149.19178123214175	231.0
149.2017820218744	228.0
149.2117828116071	226.0
149.22178360133978	226.0
149.23178439107247	226.0
149.24178518080515	228.0
149.25178597053784	228.0
149.2617867602705	234.0
149.27178755000318	239.0
149.28178833973587	248.0
149.29178912946855	256.0
149.30178991920124	265.0
149.31179070893393	272.0
149.32179149866658	275.0
149.33179228839927	278.0
149.34179307813196	272.0
149.35179386786464	265.0
149.36179465759733	262.0
149.37179544733002	262.0
149.38179623706267	259.0
149.39179702679536	259.0
149.40179781652805	259.0
149.41179860626073	256.0
149.42179939599342	253.0
149.4318001857261	250.0
149.44180097545876	248.0
149.45180176519145	245.0
149.46180255492413	242.0
149.47180334465682	236.0
149.4818041343895	234.0
149.4918049241222	231.0
149.50180571385485	228.0
149.51180650358754	228.0
149.52180729332022	231.0
149.5318080830529	236.0
149.5418088727856	239.0
149.55180966251828	245.0
149.56181045225094	250.0
149.57181124198362	256.0
149.5818120317163	262.0
149.591812821449	268.0
149.60181361118168	272.0
149.61181440091437	272.0
149.62181519064703	272.0
149.6318159803797	272.0
149.6418167701124	272.0
149.65181755984509	272.0
149.66181834957777	272.0
149.67181913931046	272.0
149.68181992904312	272.0
149.6918207187758	272.0
149.7018215085085	272.0
149.71182229824117	275.0
149.72182308797386	275.0
149.73182387770655	275.0
149.7418246674392	275.0
149.7518254571719	275.0
149.76182624690458	275.0
149.77182703663726	272.0
149.78182782636995	272.0
149.79182861610263	272.0
149.8018294058353	272.0
149.81183019556798	272.0
149.82183098530066	272.0
149.83183177503335	272.0
149.84183256476604	272.0
149.85183335449872	272.0
149.86183414423138	272.0
149.87183493396407	268.0
149.88183572369675	265.0
149.89183651342944	262.0
149.90183730316213	259.0
149.9118380928948	259.0
149.92183888262747	259.0
149.93183967236016	256.0
149.94184046209284	256.0
149.95184125182553	253.0
149.9618420415582	253.0
149.9718428312909	250.0
149.9818436210236	248.0
149.99184441075624	245.0
150.00184520048893	242.0
150.01184599022162	239.0
150.0218467799543	239.0
150.031847569687	236.0
150.04184835941967	236.0
150.05184914915233	236.0
150.06184993888502	236.0
150.0718507286177	236.0
150.0818515183504	236.0
150.09185230808308	0.0
150.10185309781576	0.0
150.11185388754842	0.0
150.1218546772811	0.0
150.1318554670138	0.0
150.14185625674648	0.0
150.15185704647917	0.0
150.16185783621185	0.0
150.1718586259445	0.0
150.1818594156772	0.0
150.19186020540988	0.0
150.20186099514257	0.0
150.21186178487525	0.0
150.22186257460794	0.0
150.2318633643406	0.0
150.24186415407328	0.0
150.25186494380597	0.0
150.26186573353866	0.0
150.27186652327134	0.0
150.28186731300403	0.0
150.2918681027367	0.0
150.30186889246937	0.0
150.31186968220206	0.0
150.32187047193474	0.0
150.33187126166743	0.0
150.34187205140012	0.0
150.35187284113277	0.0
150.36187363086546	0.0
150.37187442059815	0.0
150.38187521033083	0.0
150.39187600006352	0.0
150.4018767897962	0.0
150.41187757952886	0.0
150.42187836926155	0.0
150.43187915899424	0.0
150.44187994872692	0.0
150.4518807384596	0.0
150.4618815281923	0.0
150.47188231792495	0.0
150.48188310765764	0.0
150.49188389739032	0.0
150.501884687123	0.0
150.5118854768557	0.0
150.52188626658838	0.0
150.53188705632104	0.0
150.54188784605373	0.0
150.5518886357864	0.0
150.5618894255191	0.0
150.57189021525178	0.0
150.58189100498447	0.0
150.59189179471713	0.0
150.6018925844498	288.0
150.6118933741825	294.0
150.6218941639152	301.0
150.63189495364787	305.0
150.64189574338056	316.0
150.65189653311322	319.0
150.6618973228459	319.0
150.6718981125786	0.0
150.68189890231127	0.0
150.69189969204396	0.0
150.70190048177665	278.0
150.7119012715093	278.0
150.721902061242	278.0
150.73190285097468	278.0
150.74190364070736	281.0
150.75190443044005	281.0
150.76190522017274	281.0
150.7719060099054	0.0
150.78190679963808	0.0
150.79190758937077	0.0
150.80190837910345	0.0
150.81190916883614	0.0
150.82190995856882	0.0
150.83191074830148	0.0
150.84191153803417	0.0
150.85191232776685	0.0
150.86191311749954	0.0
150.87191390723223	0.0
150.8819146969649	0.0
150.89191548669757	0.0
150.90191627643026	0.0
150.91191706616294	0.0
150.92191785589563	0.0
150.93191864562831	0.0
150.941919435361	0.0
150.95192022509366	0.0
150.96192101482634	0.0
150.97192180455903	0.0
150.98192259429172	0.0
150.9919233840244	0.0
151.0019241737571	0.0
151.01192496348975	0.0
151.02192575322243	0.0
151.03192654295512	0.0
151.0419273326878	0.0
151.0519281224205	0.0
151.06192891215318	0.0
151.07192970188584	0.0
151.08193049161852	0.0
151.0919312813512	0.0
151.1019320710839	0.0
151.11193286081658	0.0
151.12193365054927	0.0
151.13193444028192	0.0
151.1419352300146	0.0
151.1519360197473	0.0
151.16193680947998	0.0
151.17193759921267	0.0
151.18193838894535	0.0
151.191939178678	0.0
151.2019399684107	0.0
151.21194075814338	0.0
151.22194154787607	0.0
151.23194233760876	0.0
151.24194312734144	0.0
151.2519439170741	0.0
151.2619447068068	0.0
151.27194549653947	0.0
151.28194628627216	0.0
151.29194707600485	0.0
151.30194786573753	0.0
151.3119486554702	0.0
151.32194944520288	0.0
151.33195023493556	0.0
151.34195102466825	0.0
151.35195181440093	0.0
151.36195260413362	0.0
151.3719533938663	0.0
151.38195418359896	0.0
151.39195497333165	0.0
151.40195576306434	0.0
151.41195655279702	0.0
151.4219573425297	0.0
151.4319581322624	0.0
151.44195892199505	0.0
151.45195971172774	0.0
151.46196050146042	0.0
151.4719612911931	0.0
151.4819620809258	0.0
151.49196287065848	0.0
151.50196366039114	0.0
151.51196445012383	0.0
151.5219652398565	0.0
151.5319660295892	0.0
151.54196681932189	0.0
151.55196760905457	0.0
151.56196839878723	0.0
151.57196918851992	0.0
151.5819699782526	0.0
151.5919707679853	0.0
151.60197155771797	0.0
151.61197234745066	0.0
151.62197313718332	0.0
151.631973926916	0.0
151.6419747166487	0.0
151.65197550638138	0.0
151.66197629611406	0.0
151.67197708584675	0.0
151.6819778755794	0.0
151.6919786653121	0.0
151.70197945504478	0.0
151.71198024477746	0.0
151.72198103451015	0.0
151.73198182424284	0.0
151.7419826139755	0.0
151.75198340370818	0.0
151.76198419344087	0.0
151.77198498317355	0.0
151.78198577290624	0.0
151.79198656263893	0.0
151.80198735237158	0.0
151.81198814210427	0.0
151.82198893183696	0.0
151.83198972156964	0.0
151.84199051130233	0.0
151.851991301035	0.0
151.86199209076767	0.0
151.87199288050036	0.0
151.88199367023304	0.0
151.89199445996573	0.0
151.90199524969842	0.0
151.9119960394311	0.0
151.92199682916376	0.0
151.93199761889645	0.0
151.94199840862913	0.0
151.95199919836182	0.0
151.9619999880945	0.0
151.9720007778272	0.0
151.98200156755985	0.0
151.99200235729253	0.0
152.00200314702522	0.0
152.0120039367579	0.0
152.0220047264906	0.0
152.03200551622328	0.0
152.04200630595594	0.0
152.05200709568862	0.0
152.0620078854213	0.0
152.072008675154	0.0
152.08200946488668	0.0
152.09201025461937	0.0
152.10201104435203	0.0
152.1120118340847	0.0
152.1220126238174	0.0
152.13201341355008	0.0
152.14201420328277	0.0
152.15201499301546	0.0
152.1620157827481	0.0
152.1720165724808	0.0
152.1820173622135	0.0
152.19201815194617	0.0
152.20201894167886	0.0
152.21201973141154	0.0
152.2220205211442	0.0
152.2320213108769	0.0
152.24202210060957	0.0
152.25202289034226	0.0
152.26202368007495	0.0
152.27202446980763	0.0
152.2820252595403	0.0
152.29202604927298	0.0
152.30202683900566	0.0
152.31202762873835	0.0
152.32202841847104	0.0
152.33202920820372	0.0
152.34202999793638	0.0
152.35203078766907	0.0
152.36203157740175	0.0
152.37203236713444	0.0
152.38203315686712	0.0
152.3920339465998	0.0
152.40203473633247	0.0
152.41203552606515	0.0
152.42203631579784	0.0
152.43203710553053	0.0
152.4420378952632	0.0
152.4520386849959	0.0
152.46203947472856	0.0
152.47204026446124	0.0
152.48204105419393	0.0
152.49204184392661	0.0
152.5020426336593	0.0
152.512043423392	0.0
152.52204421312464	0.0
152.53204500285733	0.0
152.54204579259002	0.0
152.5520465823227	0.0
152.5620473720554	0.0
152.57204816178808	0.0
152.58204895152073	0.0
152.59204974125342	0.0
152.6020505309861	0.0
152.6120513207188	0.0
152.62205211045148	0.0
152.63205290018416	0.0
152.64205368991682	0.0
152.6520544796495	0.0
152.6620552693822	0.0
152.67205605911488	0.0
152.68205684884757	0.0
152.69205763858025	0.0
152.7020584283129	0.0
152.7120592180456	0.0
152.72206000777828	0.0
152.73206079751097	0.0
152.74206158724365	0.0
152.75206237697634	0.0
152.76206316670903	0.0
152.77206395644168	0.0
152.78206474617437	0.0
152.79206553590706	0.0
152.80206632563974	0.0
152.81206711537243	0.0
152.82206790510511	0.0
152.83206869483777	0.0
152.84206948457046	0.0
152.85207027430314	0.0
152.86207106403583	0.0
152.87207185376852	0.0
152.8820726435012	0.0
152.89207343323386	0.0
152.90207422296655	0.0
152.91207501269923	0.0
152.92207580243192	0.0
152.9320765921646	0.0
152.9420773818973	0.0
152.95207817162995	0.0
152.96207896136264	0.0
152.97207975109532	0.0
152.982080540828	0.0
152.9920813305607	0.0
153.00208212029338	0.0
153.01208291002604	0.0
153.02208369975872	0.0
153.0320844894914	0.0
153.0420852792241	0.0
153.05208606895678	0.0
153.06208685868947	0.0
153.07208764842213	0.0
153.0820884381548	0.0
153.0920892278875	0.0
153.10209001762018	0.0
153.11209080735287	0.0
153.12209159708556	0.0
153.13209238681821	0.0
153.1420931765509	0.0
153.1520939662836	0.0
153.16209475601627	0.0
153.17209554574896	0.0
153.18209633548165	0.0
153.1920971252143	0.0
153.202097914947	0.0
153.21209870467968	0.0
153.22209949441236	0.0
153.23210028414505	0.0
153.24210107387773	0.0
153.2521018636104	0.0
153.26210265334308	0.0
153.27210344307576	0.0
153.28210423280845	278.0
153.29210502254114	278.0
153.30210581227382	278.0
153.31210660200648	284.0
153.32210739173917	281.0
153.33210818147185	278.0
153.34210897120454	272.0
153.35210976093722	262.0
153.3621105506699	253.0
153.37211134040257	248.0
153.38211213013525	242.0
153.39211291986794	236.0
153.40211370960063	234.0
153.4121144993333	234.0
153.422115289066	239.0
153.43211607879866	248.0
153.44211686853134	259.0
153.45211765826403	278.0
153.46211844799672	350.0
153.4721192377294	384.0
153.4821200274621	407.0
153.49212081719475	431.0
153.50212160692743	272.0
153.51212239666012	265.0
153.5221231863928	265.0
153.5321239761255	265.0
153.54212476585818	268.0
153.55212555559083	275.0
153.56212634532352	278.0
153.5721271350562	278.0
153.5821279247889	281.0
153.59212871452158	284.0
153.60212950425426	284.0
153.61213029398692	284.0
153.6221310837196	284.0
153.6321318734523	281.0
153.64213266318498	272.0
153.65213345291767	262.0
153.66213424265035	250.0
153.672135032383	239.0
153.6821358221157	226.0
153.69213661184838	223.0
153.70213740158107	223.0
153.71213819131376	226.0
153.72213898104644	239.0
153.7321397707791	248.0
153.74214056051179	262.0
153.75214135024447	275.0
153.76214213997716	308.0
153.77214292970984	327.0
153.78214371944253	334.0
153.7921445091752	331.0
153.80214529890787	0.0
153.81214608864056	0.0
153.82214687837325	0.0
153.83214766810593	0.0
153.84214845783862	0.0
153.85214924757128	0.0
153.86215003730396	0.0
153.87215082703665	0.0
153.88215161676933	0.0
153.89215240650202	0.0
153.9021531962347	0.0
153.91215398596736	0.0
153.92215477570005	0.0
153.93215556543274	0.0
153.94215635516542	0.0
153.9521571448981	0.0
153.9621579346308	0.0
153.97215872436345	0.0
153.98215951409614	0.0
153.99216030382883	0.0
154.0021610935615	0.0
154.0121618832942	0.0
154.02216267302688	0.0
154.03216346275954	0.0
154.04216425249223	0.0
154.0521650422249	0.0
154.0621658319576	0.0
154.0721666216903	0.0
154.08216741142297	0.0
154.09216820115563	0.0
154.10216899088832	0.0
154.112169780621	0.0
154.1221705703537	0.0
154.13217136008637	0.0
154.14217214981906	0.0
154.15217293955175	0.0
154.1621737292844	0.0
154.1721745190171	0.0
154.18217530874978	0.0
154.19217609848246	0.0
154.20217688821515	0.0
154.21217767794784	0.0
154.2221784676805	0.0
154.23217925741318	0.0
154.24218004714587	0.0
154.25218083687855	0.0
154.26218162661124	0.0
154.27218241634392	0.0
154.28218320607658	0.0
154.29218399580927	0.0
154.30218478554195	0.0
154.31218557527464	210.0
154.32218636500733	206.0
154.33218715474	206.0
154.34218794447267	206.0
154.35218873420536	208.0
154.36218952393804	210.0
154.37219031367073	0.0
154.38219110340341	0.0
154.3921918931361	0.0
154.40219268286876	0.0
154.41219347260144	0.0
154.42219426233413	0.0
154.43219505206682	0.0
154.4421958417995	0.0
154.4521966315322	0.0
154.46219742126485	0.0
154.47219821099753	0.0
154.48219900073022	0.0
154.4921997904629	0.0
154.5022005801956	0.0
154.51220136992828	0.0
154.52220215966094	0.0
154.53220294939362	0.0
154.5422037391263	0.0
154.552204528859	0.0
154.56220531859168	0.0
154.57220610832437	0.0
154.58220689805702	0.0
154.5922076877897	0.0
154.6022084775224	0.0
154.61220926725508	0.0
154.62221005698777	0.0
154.63221084672045	0.0
154.6422116364531	0.0
154.6522124261858	0.0
154.66221321591848	0.0
154.67221400565117	0.0
154.68221479538386	0.0
154.69221558511654	0.0
154.7022163748492	0.0
154.7122171645819	0.0
154.72221795431457	0.0
154.73221874404726	0.0
154.74221953377995	0.0
154.75222032351263	0.0
154.7622211132453	0.0
154.77222190297798	0.0
154.78222269271066	0.0
154.79222348244335	0.0
154.80222427217603	0.0
154.81222506190872	0.0
154.82222585164138	0.0
154.83222664137406	0.0
154.84222743110675	0.0
154.85222822083944	0.0
154.86222901057212	0.0
154.8722298003048	0.0
154.88223059003747	0.0
154.89223137977015	0.0
154.90223216950284	0.0
154.91223295923552	0.0
154.9222337489682	0.0
154.9322345387009	0.0
154.94223532843355	0.0
154.95223611816624	0.0
154.96223690789893	0.0
154.9722376976316	0.0
154.9822384873643	0.0
154.99223927709699	0.0
155.00224006682964	0.0
155.01224085656233	0.0
155.02224164629502	0.0
155.0322424360277	0.0
155.0422432257604	0.0
155.05224401549307	0.0
155.06224480522573	0.0
155.07224559495842	0.0
155.0822463846911	0.0
155.0922471744238	0.0
155.10224796415648	0.0
155.11224875388916	0.0
155.12224954362182	0.0
155.1322503333545	0.0
155.1422511230872	0.0
155.15225191281988	0.0
155.16225270255256	0.0
155.17225349228525	0.0
155.1822542820179	0.0
155.1922550717506	0.0
155.20225586148328	0.0
155.21225665121597	0.0
155.22225744094865	0.0
155.23225823068134	0.0
155.242259020414	0.0
155.25225981014668	0.0
155.26226059987937	0.0
155.27226138961205	0.0
155.28226217934474	0.0
155.29226296907743	0.0
155.30226375881008	0.0
155.31226454854277	0.0
155.32226533827546	0.0
155.33226612800814	0.0
155.34226691774083	0.0
155.35226770747352	0.0
155.36226849720617	0.0
155.37226928693886	0.0
155.38227007667155	0.0
155.39227086640423	0.0
155.40227165613692	0.0
155.4122724458696	0.0
155.42227323560226	0.0
155.43227402533495	0.0
155.44227481506763	0.0
155.45227560480032	0.0
155.462276394533	0.0
155.4722771842657	0.0
155.48227797399835	0.0
155.49227876373104	0.0
155.50227955346372	0.0
155.5122803431964	0.0
155.5222811329291	0.0
155.53228192266178	0.0
155.54228271239447	0.0
155.55228350212712	0.0
155.5622842918598	0.0
155.5722850815925	0.0
155.58228587132518	0.0
155.59228666105787	0.0
155.60228745079056	0.0
155.6122882405232	0.0
155.6222890302559	0.0
155.63228981998859	0.0
155.64229060972127	0.0
155.65229139945396	0.0
155.66229218918664	0.0
155.6722929789193	0.0
155.682293768652	0.0
155.69229455838467	0.0
155.70229534811736	0.0
155.71229613785005	0.0
155.72229692758273	0.0
155.7322977173154	0.0
155.74229850704808	0.0
155.75229929678076	0.0
155.76230008651345	0.0
155.77230087624613	0.0
155.78230166597882	0.0
155.79230245571148	0.0
155.80230324544416	0.0
155.81230403517685	0.0
155.82230482490954	0.0
155.83230561464222	0.0
155.8423064043749	0.0
155.85230719410757	0.0
155.86230798384025	0.0
155.87230877357294	0.0
155.88230956330563	0.0
155.8923103530383	0.0
155.902311142771	0.0
155.91231193250366	0.0
155.92231272223634	0.0
155.93231351196903	0.0
155.9423143017017	0.0
155.9523150914344	0.0
155.9623158811671	0.0
155.97231667089974	0.0
155.98231746063243	0.0
155.99231825036512	0.0
156.0023190400978	0.0
156.0123198298305	278.0
156.02232061956317	278.0
156.03232140929583	278.0
156.04232219902852	278.0
156.0523229887612	275.0
156.0623237784939	275.0
156.07232456822658	272.0
156.08232535795926	268.0
156.09232614769192	268.0
156.1023269374246	265.0
156.1123277271573	250.0
156.12232851688998	236.0
156.13232930662267	239.0
156.14233009635535	239.0
156.152330886088	242.0
156.1623316758207	242.0
156.17233246555338	253.0
156.18233325528607	262.0
156.19233404501875	275.0
156.20233483475144	281.0
156.2123356244841	288.0
156.22233641421678	291.0
156.23233720394947	288.0
156.24233799368216	284.0
156.25233878341484	281.0
156.26233957314753	275.0
156.2723403628802	268.0
156.28234115261287	268.0
156.29234194234556	268.0
156.30234273207824	272.0
156.31234352181093	275.0
156.32234431154362	281.0
156.33234510127627	288.0
156.34234589100896	294.0
156.35234668074165	301.0
156.36234747047433	305.0
156.37234826020702	308.0
156.3823490499397	308.0
156.39234983967236	308.0
156.40235062940505	308.0
156.41235141913774	305.0
156.42235220887042	305.0
156.4323529986031	305.0
156.4423537883358	305.0
156.45235457806845	308.0
156.46235536780114	308.0
156.47235615753382	308.0
156.4823569472665	312.0
156.4923577369992	312.0
156.50235852673188	308.0
156.51235931646454	308.0
156.52236010619723	301.0
156.5323608959299	291.0
156.5423616856626	281.0
156.55236247539528	278.0
156.56236326512797	275.0
156.57236405486063	275.0
156.58236484459331	275.0
156.592365634326	275.0
156.6023664240587	275.0
156.61236721379137	275.0
156.62236800352406	275.0
156.63236879325672	275.0
156.6423695829894	275.0
156.6523703727221	272.0
156.66237116245478	281.0
156.67237195218746	284.0
156.68237274192015	288.0
156.6923735316528	288.0
156.7023743213855	284.0
156.71237511111818	281.0
156.72237590085086	281.0
156.73237669058355	278.0
156.74237748031624	278.0
156.7523782700489	278.0
156.76237905978158	278.0
156.77237984951427	278.0
156.78238063924695	275.0
156.79238142897964	275.0
156.80238221871232	275.0
156.81238300844498	275.0
156.82238379817767	278.0
156.83238458791035	278.0
156.84238537764304	278.0
156.85238616737573	278.0
156.8623869571084	281.0
156.87238774684107	281.0
156.88238853657376	281.0
156.89238932630644	281.0
156.90239011603913	278.0
156.91239090577182	278.0
156.9223916955045	275.0
156.9323924852372	275.0
156.94239327496985	275.0
156.95239406470253	275.0
156.96239485443522	275.0
156.9723956441679	278.0
156.9823964339006	278.0
156.99239722363328	278.0
157.00239801336593	278.0
157.01239880309862	278.0
157.0223995928313	278.0
157.032400382564	278.0
157.04240117229668	281.0
157.05240196202936	281.0
157.06240275176202	278.0
157.0724035414947	275.0
157.0824043312274	272.0
157.09240512096008	0.0
157.10240591069277	0.0
157.11240670042545	0.0
157.1224074901581	0.0
157.1324082798908	0.0
157.14240906962348	0.0
157.15240985935617	0.0
157.16241064908886	0.0
157.17241143882154	0.0
157.1824122285542	0.0
157.19241301828689	0.0
157.20241380801957	0.0
157.21241459775226	0.0
157.22241538748494	0.0
157.23241617721763	0.0
157.2424169669503	0.0
157.25241775668297	0.0
157.26241854641566	0.0
157.27241933614835	0.0
157.28242012588103	0.0
157.29242091561372	0.0
157.30242170534638	0.0
157.31242249507906	0.0
157.32242328481175	0.0
157.33242407454443	0.0
157.34242486427712	0.0
157.3524256540098	0.0
157.36242644374246	0.0
157.37242723347515	0.0
157.38242802320784	0.0
157.39242881294052	0.0
157.4024296026732	0.0
157.4124303924059	0.0
157.42243118213855	0.0
157.43243197187124	0.0
157.44243276160392	0.0
157.4524335513366	0.0
157.4624343410693	0.0
157.47243513080198	0.0
157.48243592053464	0.0
157.49243671026733	0.0
157.5024375	0.0
157.5124382897327	0.0
157.52243907946539	0.0
157.53243986919807	0.0
157.54244065893073	0.0
157.55244144866342	0.0
157.5624422383961	0.0
157.5724430281288	0.0
157.58244381786147	0.0
157.59244460759416	0.0
157.60244539732682	0.0
157.6124461870595	0.0
157.6224469767922	0.0
157.63244776652488	0.0
157.64244855625756	0.0
157.65244934599025	0.0
157.6624501357229	0.0
157.6724509254556	0.0
157.68245171518828	0.0
157.69245250492096	0.0
157.70245329465365	0.0
157.71245408438634	0.0
157.722454874119	0.0
157.73245566385168	0.0
157.74245645358437	0.0
157.75245724331705	0.0
157.76245803304974	0.0
157.77245882278243	0.0
157.78245961251508	0.0
157.79246040224777	0.0
157.80246119198046	0.0
157.81246198171314	0.0
157.82246277144583	0.0
157.8324635611785	0.0
157.84246435091117	0.0
157.85246514064386	0.0
157.86246593037654	0.0
157.87246672010923	0.0
157.88246750984192	0.0
157.8924682995746	0.0
157.90246908930726	0.0
157.91246987903995	0.0
157.92247066877263	0.0
157.93247145850532	0.0
157.942472248238	0.0
157.9524730379707	0.0
157.96247382770335	0.0
157.97247461743603	0.0
157.98247540716872	0.0
157.9924761969014	0.0
158.0024769866341	0.0
158.01247777636678	0.0
158.02247856609944	0.0
158.03247935583212	0.0
158.0424801455648	0.0
158.0524809352975	0.0
158.06248172503018	0.0
158.07248251476287	0.0
158.08248330449553	0.0
158.0924840942282	0.0
158.1024848839609	0.0
158.11248567369358	0.0
158.12248646342627	0.0
158.13248725315896	0.0
158.1424880428916	0.0
158.1524888326243	0.0
158.162489622357	0.0
158.17249041208967	0.0
158.18249120182236	0.0
158.19249199155504	0.0
158.2024927812877	0.0
158.2124935710204	0.0
158.22249436075307	0.0
158.23249515048576	0.0
158.24249594021845	0.0
158.25249672995113	0.0
158.2624975196838	0.0
158.27249830941648	0.0
158.28249909914916	0.0
158.29249988888185	0.0
158.30250067861454	0.0
158.31250146834722	0.0
158.3225022580799	0.0
158.33250304781257	0.0
158.34250383754525	0.0
158.35250462727794	0.0
158.36250541701062	0.0
158.3725062067433	0.0
158.382506996476	0.0
158.39250778620865	0.0
158.40250857594134	0.0
158.41250936567403	0.0
158.4225101554067	0.0
158.4325109451394	0.0
158.44251173487208	0.0
158.45251252460474	0.0
158.46251331433743	0.0
158.47251410407011	0.0
158.4825148938028	0.0
158.4925156835355	0.0
158.50251647326817	0.0
158.51251726300083	0.0
158.52251805273352	0.0
158.5325188424662	0.0
158.5425196321989	0.0
158.55252042193158	0.0
158.56252121166426	0.0
158.57252200139692	0.0
158.5825227911296	0.0
158.5925235808623	0.0
158.60252437059498	0.0
158.61252516032766	0.0
158.62252595006035	0.0
158.632526739793	0.0
158.6425275295257	0.0
158.65252831925838	0.0
158.66252910899107	0.0
158.67252989872375	0.0
158.68253068845644	0.0
158.6925314781891	0.0
158.70253226792178	0.0
158.71253305765447	0.0
158.72253384738715	0.0
158.73253463711984	0.0
158.74253542685253	0.0
158.75253621658518	0.0
158.76253700631787	0.0
158.77253779605056	0.0
158.78253858578324	0.0
158.79253937551593	0.0
158.80254016524862	0.0
158.81254095498127	0.0
158.82254174471396	0.0
158.83254253444665	0.0
158.84254332417933	0.0
158.85254411391202	0.0
158.8625449036447	0.0
158.87254569337736	0.0
158.88254648311005	0.0
158.89254727284273	0.0
158.90254806257542	0.0
158.9125488523081	0.0
158.9225496420408	0.0
158.93255043177345	0.0
158.94255122150614	0.0
158.95255201123882	0.0
158.9625528009715	0.0
158.9725535907042	0.0
158.98255438043688	0.0
158.99255517016954	0.0
159.00255595990222	0.0
159.0125567496349	0.0
159.0225575393676	0.0
159.03255832910028	0.0
159.04255911883297	0.0
159.05255990856563	0.0
159.0625606982983	0.0
159.072561488031	0.0
159.08256227776369	0.0
159.09256306749637	0.0
159.10256385722906	0.0
159.11256464696172	0.0
159.1225654366944	0.0
159.1325662264271	0.0
159.14256701615977	0.0
159.15256780589246	0.0
159.16256859562515	0.0
159.1725693853578	0.0
159.1825701750905	0.0
159.19257096482318	0.0
159.20257175455586	0.0
159.21257254428855	0.0
159.22257333402123	0.0
159.2325741237539	0.0
159.24257491348658	0.0
159.25257570321926	0.0
159.26257649295195	0.0
159.27257728268464	0.0
159.28257807241732	0.0
159.29257886214998	0.0
159.30257965188267	0.0
159.31258044161535	0.0
159.32258123134804	0.0
159.33258202108073	0.0
159.3425828108134	0.0
159.35258360054607	0.0
159.36258439027876	0.0
159.37258518001144	0.0
159.38258596974413	0.0
159.3925867594768	0.0
159.4025875492095	0.0
159.41258833894216	0.0
159.42258912867484	0.0
159.43258991840753	0.0
159.44259070814022	0.0
159.4525914978729	0.0
159.4625922876056	0.0
159.47259307733825	0.0
159.48259386707093	0.0
159.49259465680362	0.0
159.5025954465363	0.0
159.512596236269	0.0
159.52259702600168	0.0
159.53259781573433	0.0
159.54259860546702	0.0
159.5525993951997	0.0
159.5626001849324	0.0
159.57260097466508	0.0
159.58260176439777	0.0
159.59260255413042	0.0
159.6026033438631	0.0
159.6126041335958	0.0
159.62260492332848	0.0
159.63260571306117	0.0
159.64260650279385	0.0
159.6526072925265	0.0
159.6626080822592	0.0
159.67260887199188	0.0
159.68260966172457	0.0
159.69261045145726	0.0
159.70261124118994	0.0
159.71261203092263	0.0
159.72261282065529	0.0
159.73261361038797	0.0
159.74261440012066	0.0
159.75261518985334	0.0
159.76261597958603	0.0
159.77261676931872	0.0
159.78261755905137	0.0
159.79261834878406	0.0
159.80261913851675	0.0
159.81261992824943	0.0
159.82262071798212	0.0
159.8326215077148	0.0
159.84262229744746	0.0
159.85262308718015	0.0
159.86262387691283	0.0
159.87262466664552	0.0
159.8826254563782	0.0
159.8926262461109	0.0
159.90262703584355	0.0
159.91262782557624	0.0
159.92262861530892	0.0
159.9326294050416	0.0
159.9426301947743	0.0
159.95263098450698	0.0
159.96263177423964	0.0
159.97263256397233	0.0
159.982633353705	0.0
159.9926341434377	0.0
160.00263493317038	0.0
160.01263572290307	0.0
160.02263651263573	0.0
160.0326373023684	0.0
160.0426380921011	0.0
160.0526388818338	0.0
160.06263967156647	0.0
160.07264046129916	0.0
160.08264125103182	0.0
160.0926420407645	0.0
160.1026428304972	0.0
160.11264362022987	0.0
160.12264440996256	0.0
160.13264519969525	0.0
160.1426459894279	0.0
160.1526467791606	0.0
160.16264756889328	0.0
160.17264835862596	0.0
160.18264914835865	245.0
160.19264993809134	242.0
160.202650727824	239.0
160.21265151755668	236.0
160.22265230728937	234.0
160.23265309702205	231.0
160.24265388675474	228.0
160.25265467648742	228.0
160.26265546622008	228.0
160.27265625595277	228.0
160.28265704568545	228.0
160.29265783541814	226.0
160.30265862515083	226.0
160.3126594148835	223.0
160.32266020461617	218.0
160.33266099434886	208.0
160.34266178408154	206.0
160.35266257381423	206.0
160.36266336354691	215.0
160.3726641532796	226.0
160.38266494301226	234.0
160.39266573274494	239.0
160.40266652247763	239.0
160.41266731221032	236.0
160.422668101943	234.0
160.4326688916757	231.0
160.44266968140835	228.0
160.45267047114103	228.0
160.46267126087372	228.0
160.4726720506064	231.0
160.4826728403391	236.0
160.49267363007178	250.0
160.50267441980444	346.0
160.51267520953712	389.0
160.5226759992698	389.0
160.5326767890025	389.0
160.54267757873518	358.0
160.55267836846787	346.0
160.56267915820052	342.0
160.5726799479332	0.0
160.5826807376659	0.0
160.59268152739858	265.0
160.60268231713127	239.0
160.61268310686395	242.0
160.6226838965966	248.0
160.6326846863293	253.0
160.64268547606198	259.0
160.65268626579467	265.0
160.66268705552736	272.0
160.67268784526004	281.0
160.6826886349927	278.0
160.6926894247254	275.0
160.70269021445807	275.0
160.71269100419076	272.0
160.72269179392345	272.0
160.73269258365613	275.0
160.7426933733888	275.0
160.75269416312148	275.0
160.76269495285416	275.0
160.77269574258685	272.0
160.78269653231953	272.0
160.79269732205222	268.0
160.80269811178488	272.0
160.81269890151756	275.0
160.82269969125025	278.0
160.83270048098294	294.0
160.84270127071562	301.0
160.8527020604483	316.0
160.86270285018097	316.0
160.87270363991365	312.0
160.88270442964634	308.0
160.89270521937902	308.0
160.9027060091117	308.0
160.9127067988444	308.0
160.92270758857705	308.0
160.93270837830974	305.0
160.94270916804243	305.0
160.9527099577751	308.0
160.9627107475078	308.0
160.97271153724049	312.0
160.98271232697314	316.0
160.99271311670583	316.0
161.00271390643852	316.0
161.0127146961712	312.0
161.0227154859039	308.0
161.03271627563657	305.0
161.04271706536923	301.0
161.05271785510192	294.0
161.0627186448346	288.0
161.0727194345673	278.0
161.08272022429998	268.0
161.09272101403266	265.0
161.10272180376535	265.0
161.112722593498	268.0
161.1227233832307	272.0
161.13272417296338	275.0
161.14272496269606	278.0
161.15272575242875	278.0
161.16272654216144	278.0
161.1727273318941	278.0
161.18272812162678	278.0
161.19272891135947	278.0
161.20272970109215	278.0
161.21273049082484	275.0
161.22273128055753	275.0
161.23273207029018	275.0
161.24273286002287	275.0
161.25273364975556	275.0
161.26273443948824	275.0
161.27273522922093	0.0
161.2827360189536	0.0
161.29273680868627	0.0
161.30273759841896	0.0
161.31273838815164	0.0
161.32273917788433	0.0
161.33273996761702	0.0
161.3427407573497	0.0
161.35274154708236	0.0
161.36274233681505	0.0
161.37274312654773	0.0
161.38274391628042	0.0
161.3927447060131	0.0
161.4027454957458	0.0
161.41274628547845	0.0
161.42274707521113	0.0
161.43274786494382	0.0
161.4427486546765	0.0
161.4527494444092	0.0
161.46275023414188	0.0
161.47275102387454	0.0
161.48275181360722	0.0
161.4927526033399	0.0
161.5027533930726	0.0
161.51275418280528	0.0
161.52275497253797	0.0
161.53275576227063	0.0
161.5427565520033	0.0
161.552757341736	0.0
161.56275813146868	0.0
161.57275892120137	0.0
161.58275971093406	0.0
161.5927605006667	0.0
161.6027612903994	0.0
161.6127620801321	0.0
161.62276286986477	0.0
161.63276365959746	0.0
161.64276444933014	0.0
161.6527652390628	0.0
161.6627660287955	0.0
161.67276681852817	0.0
161.68276760826086	0.0
161.69276839799355	0.0
161.70276918772623	0.0
161.7127699774589	0.0
161.72277076719158	0.0
161.73277155692426	0.0
161.74277234665695	0.0
161.75277313638964	0.0
161.76277392612232	0.0
161.77277471585498	0.0
161.78277550558767	0.0
161.79277629532035	0.0
161.80277708505304	0.0
161.81277787478572	0.0
161.8227786645184	0.0
161.83277945425107	0.0
161.84278024398375	0.0
161.85278103371644	0.0
161.86278182344913	0.0
161.8727826131818	0.0
161.8827834029145	0.0
161.89278419264716	0.0
161.90278498237984	0.0
161.91278577211253	0.0
161.92278656184521	0.0
161.9327873515779	0.0
161.9427881413106	0.0
161.95278893104324	0.0
161.96278972077593	0.0
161.97279051050862	0.0
161.9827913002413	0.0
161.992792089974	0.0
162.00279287970667	0.0
162.01279366943933	0.0
162.02279445917202	0.0
162.0327952489047	0.0
162.0427960386374	0.0
162.05279682837008	0.0
162.06279761810276	0.0
162.07279840783542	0.0
162.0827991975681	0.0
162.0927999873008	0.0
162.10280077703348	0.0
162.11280156676617	0.0
162.12280235649885	0.0
162.1328031462315	0.0
162.1428039359642	0.0
162.15280472569688	0.0
162.16280551542957	0.0
162.17280630516225	0.0
162.18280709489494	0.0
162.1928078846276	0.0
162.20280867436028	0.0
162.21280946409297	0.0
162.22281025382566	0.0
162.23281104355834	0.0
162.24281183329103	0.0
162.2528126230237	0.0
162.26281341275637	0.0
162.27281420248906	0.0
162.28281499222174	0.0
162.29281578195443	0.0
162.30281657168712	0.0
162.31281736141977	0.0
162.32281815115246	0.0
162.33281894088515	0.0
162.34281973061783	0.0
162.35282052035052	0.0
162.3628213100832	0.0
162.37282209981586	0.0
162.38282288954855	0.0
162.39282367928124	0.0
162.40282446901392	0.0
162.4128252587466	0.0
162.4228260484793	0.0
162.43282683821195	0.0
162.44282762794464	0.0
162.45282841767732	0.0
162.46282920741	0.0
162.4728299971427	0.0
162.48283078687538	0.0
162.49283157660807	0.0
162.50283236634073	0.0
162.5128331560734	0.0
162.5228339458061	0.0
162.53283473553878	0.0
162.54283552527147	0.0
162.55283631500416	0.0
162.56283710473681	0.0
162.5728378944695	0.0
162.5828386842022	0.0
162.59283947393487	0.0
162.60284026366756	0.0
162.61284105340025	0.0
162.6228418431329	0.0
162.6328426328656	0.0
162.64284342259828	0.0
162.65284421233096	0.0
162.66284500206365	0.0
162.67284579179633	0.0
162.682846581529	0.0
162.69284737126168	0.0
162.70284816099436	0.0
162.71284895072705	0.0
162.72284974045974	0.0
162.73285053019242	0.0
162.74285131992508	0.0
162.75285210965777	0.0
162.76285289939045	0.0
162.77285368912314	0.0
162.78285447885582	0.0
162.7928552685885	0.0
162.80285605832117	0.0
162.81285684805385	0.0
162.82285763778654	0.0
162.83285842751923	0.0
162.8428592172519	0.0
162.8528600069846	0.0
162.86286079671726	0.0
162.87286158644994	0.0
162.88286237618263	0.0
162.89286316591532	0.0
162.902863955648	0.0
162.9128647453807	0.0
162.92286553511335	0.0
162.93286632484603	0.0
162.94286711457872	0.0
162.9528679043114	0.0
162.9628686940441	0.0
162.97286948377678	0.0
162.98287027350943	0.0
162.99287106324212	0.0
163.0028718529748	0.0
163.0128726427075	0.0
163.02287343244018	0.0
163.03287422217286	0.0
163.04287501190552	0.0
163.0528758016382	0.0
163.0628765913709	0.0
163.07287738110358	0.0
163.08287817083627	0.0
163.09287896056895	0.0
163.1028797503016	0.0
163.1128805400343	0.0
163.12288132976698	0.0
163.13288211949967	0.0
163.14288290923236	0.0
163.15288369896504	0.0
163.1628844886977	0.0
163.17288527843039	0.0
163.18288606816307	0.0
163.19288685789576	0.0
163.20288764762844	0.0
163.21288843736113	0.0
163.2228892270938	0.0
163.23289001682647	0.0
163.24289080655916	0.0
163.25289159629185	0.0
163.26289238602453	0.0
163.27289317575722	0.0
163.28289396548988	0.0
163.29289475522256	0.0
163.30289554495525	0.0
163.31289633468793	0.0
163.32289712442062	0.0
163.3328979141533	0.0
163.34289870388596	0.0
163.35289949361865	0.0
163.36290028335134	0.0
163.37290107308402	0.0
163.3829018628167	0.0
163.3929026525494	0.0
163.40290344228205	0.0
163.41290423201474	0.0
163.42290502174743	0.0
163.4329058114801	0.0
163.4429066012128	0.0
163.45290739094548	0.0
163.46290818067814	0.0
163.47290897041083	0.0
163.4829097601435	0.0
163.4929105498762	0.0
163.5029113396089	0.0
163.51291212934157	0.0
163.52291291907423	0.0
163.53291370880692	0.0
163.5429144985396	0.0
163.5529152882723	0.0
163.56291607800497	0.0
163.57291686773766	0.0
163.58291765747032	0.0
163.592918447203	0.0
163.6029192369357	0.0
163.61292002666838	0.0
163.62292081640106	0.0
163.63292160613375	0.0
163.6429223958664	0.0
163.6529231855991	0.0
163.66292397533178	0.0
163.67292476506447	0.0
163.68292555479715	0.0
163.69292634452984	0.0
163.7029271342625	0.0
163.71292792399518	0.0
163.72292871372787	0.0
163.73292950346055	0.0
163.74293029319324	0.0
163.75293108292593	0.0
163.76293187265858	0.0
163.77293266239127	0.0
163.78293345212396	0.0
163.79293424185664	0.0
163.80293503158933	0.0
163.81293582132201	0.0
163.82293661105467	0.0
163.83293740078736	0.0
163.84293819052004	0.0
163.85293898025273	0.0
163.86293976998542	0.0
163.8729405597181	0.0
163.8829413494508	0.0
163.89294213918345	0.0
163.90294292891613	0.0
163.91294371864882	0.0
163.9229445083815	0.0
163.9329452981142	0.0
163.94294608784688	0.0
163.95294687757954	0.0
163.96294766731222	0.0
163.9729484570449	0.0
163.9829492467776	0.0
163.99295003651028	0.0
164.00295082624297	0.0
164.01295161597562	0.0
164.0229524057083	0.0
164.032953195441	0.0
164.04295398517368	0.0
164.05295477490637	0.0
164.06295556463905	0.0
164.0729563543717	0.0
164.0829571441044	0.0
164.09295793383708	0.0
164.10295872356977	0.0
164.11295951330246	0.0
164.12296030303514	0.0
164.1329610927678	0.0
164.1429618825005	0.0
164.15296267223317	0.0
164.16296346196586	0.0
164.17296425169855	0.0
164.18296504143123	0.0
164.1929658311639	0.0
164.20296662089658	0.0
164.21296741062926	0.0
164.22296820036195	0.0
164.23296899009463	0.0
164.24296977982732	0.0
164.25297056955998	0.0
164.26297135929266	0.0
164.27297214902535	0.0
164.28297293875804	0.0
164.29297372849072	0.0
164.3029745182234	0.0
164.31297530795607	0.0
164.32297609768875	0.0
164.33297688742144	0.0
164.34297767715412	0.0
164.3529784668868	0.0
164.3629792566195	0.0
164.37298004635215	0.0
164.38298083608484	0.0
164.39298162581753	0.0
164.4029824155502	0.0
164.4129832052829	0.0
164.42298399501558	0.0
164.43298478474824	0.0
164.44298557448093	0.0
164.45298636421361	0.0
164.4629871539463	0.0
164.472987943679	0.0
164.48298873341167	0.0
164.49298952314433	0.0
164.50299031287702	0.0
164.5129911026097	0.0
164.5229918923424	0.0
164.53299268207508	0.0
164.54299347180776	0.0
164.55299426154042	0.0
164.5629950512731	0.0
164.5729958410058	0.0
164.58299663073848	0.0
164.59299742047116	0.0
164.60299821020385	0.0
164.6129989999365	0.0
164.6229997896692	0.0
164.63300057940188	0.0
164.64300136913457	0.0
164.65300215886725	0.0
164.66300294859994	0.0
164.6730037383326	0.0
164.68300452806528	0.0
164.69300531779797	0.0
164.70300610753065	0.0
164.71300689726334	0.0
164.72300768699603	0.0
164.73300847672868	0.0
164.74300926646137	0.0
164.75301005619406	0.0
164.76301084592674	0.0
164.77301163565943	0.0
164.78301242539212	0.0
164.79301321512477	0.0
164.80301400485746	0.0
164.81301479459015	0.0
164.82301558432283	0.0
164.83301637405552	0.0
164.8430171637882	0.0
164.85301795352086	0.0
164.86301874325355	0.0
164.87301953298623	0.0
164.88302032271892	0.0
164.8930211124516	0.0
164.9030219021843	0.0
164.91302269191695	0.0
164.92302348164964	0.0
164.93302427138232	0.0
164.943025061115	0.0
164.9530258508477	0.0
164.96302664058038	0.0
164.97302743031304	0.0
164.98302822004572	0.0
164.9930290097784	0.0
165.0030297995111	0.0
165.01303058924378	0.0
165.02303137897647	0.0
165.03303216870913	0.0
165.0430329584418	0.0
165.0530337481745	0.0
165.06303453790719	0.0
165.07303532763987	0.0
165.08303611737256	0.0
165.09303690710522	0.0
165.1030376968379	0.0
165.1130384865706	0.0
165.12303927630327	0.0
165.13304006603596	0.0
165.14304085576865	0.0
165.1530416455013	0.0
165.163042435234	0.0
165.17304322496668	0.0
165.18304401469936	0.0
165.19304480443205	0.0
165.20304559416473	0.0
165.2130463838974	0.0
165.22304717363008	0.0
165.23304796336276	0.0
165.24304875309545	0.0
165.25304954282814	0.0
165.26305033256082	0.0
165.2730511222935	0.0
165.28305191202617	0.0
165.29305270175885	0.0
165.30305349149154	0.0
165.31305428122423	0.0
165.3230550709569	0.0
165.3330558606896	0.0
165.34305665042226	0.0
165.35305744015494	0.0
165.36305822988763	0.0
165.3730590196203	0.0
165.383059809353	0.0
165.3930605990857	0.0
165.40306138881834	0.0
165.41306217855103	0.0
165.42306296828372	0.0
165.4330637580164	0.0
165.4430645477491	0.0
165.45306533748177	0.0
165.46306612721443	0.0
165.47306691694712	0.0
165.4830677066798	0.0
165.4930684964125	0.0
165.50306928614518	0.0
165.51307007587786	0.0
165.52307086561052	0.0
165.5330716553432	0.0
165.5430724450759	0.0
165.55307323480858	0.0
165.56307402454127	0.0
165.57307481427395	0.0
165.5830756040066	0.0
165.5930763937393	0.0
165.60307718347198	0.0
165.61307797320467	0.0
165.62307876293735	0.0
165.63307955267004	0.0
165.6430803424027	0.0
165.65308113213538	0.0
165.66308192186807	0.0
165.67308271160076	0.0
165.68308350133344	0.0
165.69308429106613	0.0
165.7030850807988	0.0
165.71308587053147	0.0
165.72308666026416	0.0
165.73308744999684	0.0
165.74308823972953	0.0
165.75308902946222	0.0
165.76308981919487	0.0
165.77309060892756	0.0
165.78309139866025	0.0
165.79309218839293	0.0
165.80309297812562	0.0
165.8130937678583	0.0
165.82309455759096	0.0
165.83309534732365	0.0
165.84309613705634	0.0
165.85309692678902	0.0
165.8630977165217	0.0
165.8730985062544	0.0
165.88309929598705	0.0
165.89310008571974	0.0
165.90310087545242	0.0
165.9131016651851	0.0
165.9231024549178	0.0
165.93310324465048	0.0
165.94310403438314	0.0
165.95310482411583	0.0
165.9631056138485	0.0
165.9731064035812	0.0
165.98310719331388	0.0
165.99310798304657	0.0
166.00310877277923	0.0
166.01310956251191	0.0
166.0231103522446	0.0
166.0331111419773	0.0
166.04311193170997	0.0
166.05311272144266	0.0
166.06311351117532	0.0
166.073114300908	0.0
166.0831150906407	0.0
166.09311588037338	0.0
166.10311667010606	0.0
166.11311745983875	0.0
166.1231182495714	0.0
166.1331190393041	0.0
166.14311982903678	0.0
166.15312061876946	0.0
166.16312140850215	0.0
166.17312219823484	0.0
166.1831229879675	0.0
166.19312377770018	0.0
166.20312456743287	0.0
166.21312535716555	0.0
166.22312614689824	0.0
166.23312693663092	0.0
166.24312772636358	0.0
166.25312851609627	0.0
166.26312930582895	0.0
166.27313009556164	0.0
166.28313088529433	0.0
166.293131675027	0.0
166.30313246475967	0.0
166.31313325449236	0.0
166.32313404422504	0.0
166.33313483395773	0.0
166.34313562369042	0.0
166.3531364134231	0.0
166.36313720315576	0.0
166.37313799288845	0.0
166.38313878262113	0.0
166.39313957235382	0.0
166.4031403620865	0.0
166.4131411518192	0.0
166.42314194155185	0.0
166.43314273128453	0.0
166.44314352101722	0.0
166.4531443107499	0.0
166.4631451004826	0.0
166.47314589021528	0.0
166.48314667994794	0.0
166.49314746968062	0.0
166.5031482594133	0.0
166.513149049146	0.0
166.52314983887868	0.0
166.53315062861137	0.0
166.54315141834402	0.0
166.5531522080767	0.0
166.5631529978094	0.0
166.57315378754208	0.0
166.58315457727477	0.0
166.59315536700745	0.0
166.6031561567401	0.0
166.6131569464728	0.0
166.62315773620548	0.0
166.63315852593817	0.0
166.64315931567086	0.0
166.65316010540354	0.0
166.66316089513623	0.0
166.6731616848689	0.0
166.68316247460157	0.0
166.69316326433426	0.0
166.70316405406695	0.0
166.71316484379963	0.0
166.72316563353232	0.0
166.73316642326498	0.0
166.74316721299766	0.0
166.75316800273035	0.0
166.76316879246303	0.0
166.77316958219572	0.0
166.7831703719284	0.0
166.79317116166106	0.0
166.80317195139375	0.0
166.81317274112644	0.0
166.82317353085912	0.0
166.8331743205918	0.0
166.8431751103245	0.0
166.85317590005715	0.0
166.86317668978984	0.0
166.87317747952252	0.0
166.8831782692552	0.0
166.8931790589879	0.0
166.90317984872058	0.0
166.91318063845324	0.0
166.92318142818593	0.0
166.9331822179186	0.0
166.9431830076513	0.0
166.95318379738399	0.0
166.96318458711667	0.0
166.97318537684933	0.0
166.98318616658202	0.0
166.9931869563147	0.0
167.0031877460474	0.0
167.01318853578007	0.0
167.02318932551276	0.0
167.03319011524542	0.0
167.0431909049781	0.0
167.0531916947108	0.0
167.06319248444348	0.0
167.07319327417616	0.0
167.08319406390885	0.0
167.0931948536415	0.0
167.1031956433742	0.0
167.11319643310688	0.0
167.12319722283956	0.0
167.13319801257225	0.0
167.14319880230494	0.0
167.1531995920376	0.0
167.16320038177028	0.0
167.17320117150297	0.0
167.18320196123565	0.0
167.19320275096834	0.0
167.20320354070103	0.0
167.21320433043368	0.0
167.22320512016637	0.0
167.23320590989906	0.0
167.24320669963174	0.0
167.25320748936443	0.0
167.2632082790971	0.0
167.27320906882977	0.0
167.28320985856246	0.0
167.29321064829514	0.0
167.30321143802783	0.0
167.31321222776052	0.0
167.3232130174932	0.0
167.33321380722586	0.0
167.34321459695855	0.0
167.35321538669123	0.0
167.36321617642392	0.0
167.3732169661566	0.0
167.3832177558893	0.0
167.39321854562195	0.0
167.40321933535463	0.0
167.41322012508732	0.0
167.42322091482	0.0
167.4332217045527	0.0
167.44322249428538	0.0
167.45322328401804	0.0
167.46322407375072	0.0
167.4732248634834	0.0
167.4832256532161	0.0
167.49322644294878	0.0
167.50322723268147	0.0
167.51322802241413	0.0
167.5232288121468	0.0
167.5332296018795	0.0
167.54323039161218	0.0
167.55323118134487	0.0
167.56323197107756	0.0
167.5732327608102	0.0
167.5832335505429	0.0
167.5932343402756	0.0
167.60323513000827	0.0
167.61323591974096	0.0
167.62323670947364	0.0
167.6332374992063	0.0
167.643238288939	0.0
167.65323907867167	0.0
167.66323986840436	0.0
167.67324065813705	0.0
167.68324144786973	0.0
167.6932422376024	0.0
167.70324302733508	0.0
167.71324381706776	0.0
167.72324460680045	0.0
167.73324539653314	0.0
167.74324618626582	0.0
167.75324697599848	0.0
167.76324776573117	0.0
167.77324855546385	0.0
167.78324934519654	0.0
167.79325013492922	0.0
167.8032509246619	0.0
167.81325171439457	0.0
167.82325250412725	0.0
167.83325329385994	0.0
167.84325408359263	0.0
167.8532548733253	0.0
167.863255663058	0.0
167.87325645279066	0.0
167.88325724252334	0.0
167.89325803225603	0.0
167.90325882198871	0.0
167.9132596117214	0.0
167.9232604014541	0.0
167.93326119118674	0.0
167.94326198091943	0.0
167.95326277065212	0.0
167.9632635603848	0.0
167.9732643501175	0.0
167.98326513985018	0.0
167.99326592958283	0.0
168.00326671931552	0.0
168.0132675090482	0.0
168.0232682987809	0.0
168.03326908851358	0.0
168.04326987824626	0.0
168.05327066797895	0.0
168.0632714577116	0.0
168.0732722474443	0.0
168.08327303717698	0.0
168.09327382690967	0.0
168.10327461664235	0.0
168.11327540637504	0.0
168.1232761961077	0.0
168.13327698584038	0.0
168.14327777557307	0.0
168.15327856530575	0.0
168.16327935503844	0.0
168.17328014477113	0.0
168.18328093450378	0.0
168.19328172423647	0.0
168.20328251396916	0.0
168.21328330370184	0.0
168.22328409343453	0.0
168.23328488316722	0.0
168.24328567289987	0.0
168.25328646263256	0.0
168.26328725236525	0.0
168.27328804209793	0.0
168.28328883183062	0.0
168.2932896215633	0.0
168.30329041129596	0.0
168.31329120102865	0.0
168.32329199076133	0.0
168.33329278049402	0.0
168.3432935702267	0.0
168.3532943599594	0.0
168.36329514969205	0.0
168.37329593942474	0.0
168.38329672915742	0.0
168.3932975188901	0.0
168.4032983086228	0.0
168.41329909835548	0.0
168.42329988808814	0.0
168.43330067782082	0.0
168.4433014675535	0.0
168.4533022572862	0.0
168.46330304701888	0.0
168.47330383675157	0.0
168.48330462648423	0.0
168.4933054162169	0.0
168.5033062059496	0.0
168.51330699568229	0.0
168.52330778541497	0.0
168.53330857514766	0.0
168.54330936488032	0.0
168.553310154613	0.0
168.5633109443457	0.0
168.57331173407837	0.0
168.58331252381106	0.0
168.59331331354375	0.0
168.6033141032764	0.0
168.6133148930091	0.0
168.62331568274178	0.0
168.63331647247446	0.0
168.64331726220715	0.0
168.65331805193983	0.0
168.6633188416725	0.0
168.67331963140518	0.0
168.68332042113786	0.0
168.69332121087055	0.0
168.70332200060324	0.0
168.71332279033592	0.0
168.72332358006858	0.0
168.73332436980127	0.0
168.74332515953395	0.0
168.75332594926664	0.0
168.76332673899933	0.0
168.773327528732	0.0
168.78332831846467	0.0
168.79332910819736	0.0
168.80332989793004	0.0
168.81333068766273	0.0
168.8233314773954	0.0
168.8333322671281	0.0
168.84333305686076	0.0
168.85333384659344	0.0
168.86333463632613	0.0
168.87333542605882	0.0
168.8833362157915	0.0
168.8933370055242	0.0
168.90333779525685	0.0
168.91333858498953	0.0
168.92333937472222	0.0
168.9333401644549	0.0
168.9433409541876	0.0
168.95334174392028	0.0
168.96334253365293	0.0
168.97334332338562	0.0
168.9833441131183	0.0
168.993344902851	0.0
169.00334569258368	0.0
169.01334648231636	0.0
169.02334727204902	0.0
169.0333480617817	0.0
169.0433488515144	0.0
169.05334964124708	0.0
169.06335043097977	0.0
169.07335122071245	0.0
169.0833520104451	0.0
169.0933528001778	0.0
169.10335358991048	0.0
169.11335437964317	0.0
169.12335516937586	0.0
169.13335595910854	0.0
169.1433567488412	0.0
169.15335753857389	0.0
169.16335832830657	0.0
169.17335911803926	0.0
169.18335990777194	0.0
169.19336069750463	0.0
169.2033614872373	0.0
169.21336227696997	0.0
169.22336306670266	0.0
169.23336385643535	0.0
169.24336464616803	0.0
169.25336543590072	0.0
169.26336622563338	0.0
169.27336701536606	0.0
169.28336780509875	0.0
169.29336859483143	0.0
169.30336938456412	0.0
169.3133701742968	0.0
169.32337096402946	0.0
169.33337175376215	0.0
169.34337254349484	0.0
169.35337333322752	0.0
169.3633741229602	0.0
169.3733749126929	0.0
169.38337570242555	0.0
169.39337649215824	0.0
169.40337728189093	0.0
169.4133780716236	0.0
169.4233788613563	0.0
169.43337965108898	0.0
169.44338044082167	0.0
169.45338123055433	0.0
169.463382020287	0.0
169.4733828100197	0.0
169.4833835997524	0.0
169.49338438948507	0.0
169.50338517921776	0.0
169.51338596895042	0.0
169.5233867586831	0.0
169.5333875484158	0.0
169.54338833814847	0.0
169.55338912788116	0.0
169.56338991761385	0.0
169.5733907073465	0.0
169.5833914970792	0.0
169.59339228681188	0.0
169.60339307654456	0.0
169.61339386627725	0.0
169.62339465600994	0.0
169.6333954457426	0.0
169.64339623547528	0.0
169.65339702520797	0.0
169.66339781494065	0.0
169.67339860467334	0.0
169.68339939440602	0.0
169.69340018413868	0.0
169.70340097387137	0.0
169.71340176360405	0.0
169.72340255333674	0.0
169.73340334306943	0.0
169.7434041328021	0.0
169.75340492253477	0.0
169.76340571226746	0.0
169.77340650200014	0.0
169.78340729173283	0.0
169.79340808146551	0.0
169.8034088711982	0.0
169.81340966093086	0.0
169.82341045066354	0.0
169.83341124039623	0.0
169.84341203012892	0.0
169.8534128198616	0.0
169.8634136095943	0.0
169.87341439932695	0.0
169.88341518905963	0.0
169.89341597879232	0.0
169.903416768525	0.0
169.9134175582577	0.0
169.92341834799038	0.0
169.93341913772304	0.0
169.94341992745572	0.0
169.9534207171884	0.0
169.9634215069211	0.0
169.97342229665378	0.0
169.98342308638647	412.0
169.99342387611912	412.0
170.0034246658518	412.0
170.0134254555845	412.0
170.02342624531718	412.0
170.03342703504987	417.0
170.04342782478255	417.0
170.0534286145152	417.0
170.0634294042479	0.0
170.07343019398058	0.0
170.08343098371327	0.0
170.09343177344596	0.0
170.10343256317864	0.0
170.1134333529113	0.0
170.123434142644	0.0
170.13343493237667	0.0
170.14343572210936	0.0
170.15343651184205	0.0
170.16343730157473	0.0
170.1734380913074	0.0
170.18343888104008	0.0
170.19343967077276	0.0
170.20344046050545	0.0
170.21344125023813	412.0
170.22344203997082	412.0
170.23344282970348	412.0
170.24344361943616	0.0
170.25344440916885	0.0
170.26344519890154	0.0
170.27344598863422	0.0
170.2834467783669	0.0
170.29344756809957	0.0
170.30344835783225	0.0
170.31344914756494	0.0
170.32344993729762	0.0
170.3334507270303	0.0
170.343451516763	0.0
170.35345230649565	0.0
170.36345309622834	0.0
170.37345388596103	0.0
170.3834546756937	0.0
170.3934554654264	0.0
170.40345625515909	0.0
170.41345704489174	0.0
170.42345783462443	0.0
170.43345862435712	228.0
170.4434594140898	228.0
170.4534602038225	228.0
170.46346099355517	226.0
170.47346178328783	220.0
170.48346257302052	215.0
170.4934633627532	203.0
170.5034641524859	190.0
170.51346494221858	183.0
170.52346573195126	181.0
170.53346652168392	181.0
170.5434673114166	183.0
170.5534681011493	183.0
170.56346889088198	183.0
170.57346968061466	183.0
170.58347047034735	183.0
170.59347126008	183.0
170.6034720498127	185.0
170.61347283954538	185.0
170.62347362927807	185.0
170.63347441901075	183.0
170.64347520874344	183.0
170.6534759984761	183.0
170.66347678820878	0.0
170.67347757794147	185.0
170.68347836767416	185.0
170.69347915740684	0.0
170.70347994713953	0.0
170.71348073687219	0.0
170.72348152660487	0.0
170.73348231633756	0.0
170.74348310607024	0.0
170.75348389580293	0.0
170.76348468553562	0.0
170.77348547526827	0.0
170.78348626500096	0.0
170.79348705473365	0.0
170.80348784446633	0.0
170.81348863419902	0.0
170.8234894239317	0.0
170.8334902136644	0.0
170.84349100339705	0.0
170.85349179312973	0.0
170.86349258286242	0.0
170.8734933725951	0.0
170.8834941623278	0.0
170.89349495206048	0.0
170.90349574179314	0.0
170.91349653152582	0.0
170.9234973212585	0.0
170.9334981109912	0.0
170.94349890072388	0.0
170.95349969045657	0.0
170.96350048018923	0.0
170.9735012699219	0.0
170.9835020596546	215.0
170.99350284938728	215.0
171.00350363911997	215.0
171.01350442885266	215.0
171.0235052185853	213.0
171.033506008318	210.0
171.0435067980507	206.0
171.05350758778337	201.0
171.06350837751606	194.0
171.07350916724874	190.0
171.0835099569814	183.0
171.0935107467141	179.0
171.10351153644677	177.0
171.11351232617946	175.0
171.12351311591215	175.0
171.13351390564483	177.0
171.1435146953775	179.0
171.15351548511018	183.0
171.16351627484286	190.0
171.17351706457555	194.0
171.18351785430823	201.0
171.19351864404092	206.0
171.20351943377358	208.0
171.21352022350626	208.0
171.22352101323895	208.0
171.23352180297164	206.0
171.24352259270432	201.0
171.253523382437	196.0
171.26352417216967	190.0
171.27352496190235	185.0
171.28352575163504	183.0
171.29352654136773	181.0
171.3035273311004	181.0
171.3135281208331	181.0
171.32352891056576	181.0
171.33352970029844	181.0
171.34353049003113	183.0
171.3535312797638	183.0
171.3635320694965	185.0
171.3735328592292	185.0
171.38353364896184	185.0
171.39353443869453	185.0
171.40353522842722	185.0
171.4135360181599	183.0
171.4235368078926	183.0
171.43353759762527	183.0
171.44353838735793	181.0
171.45353917709062	179.0
171.4635399668233	177.0
171.473540756556	173.0
171.48354154628868	167.0
171.49354233602136	165.0
171.50354312575402	163.0
171.5135439154867	163.0
171.5235447052194	165.0
171.53354549495208	165.0
171.54354628468477	167.0
171.55354707441745	173.0
171.5635478641501	179.0
171.5735486538828	183.0
171.58354944361548	185.0
171.59355023334817	185.0
171.60355102308085	185.0
171.61355181281354	185.0
171.6235526025462	185.0
171.63355339227888	183.0
171.64355418201157	183.0
171.65355497174426	183.0
171.66355576147694	181.0
171.67355655120963	181.0
171.6835573409423	181.0
171.69355813067497	181.0
171.70355892040766	181.0
171.71355971014034	179.0
171.72356049987303	177.0
171.73356128960572	175.0
171.74356207933837	171.0
171.75356286907106	169.0
171.76356365880375	167.0
171.77356444853643	167.0
171.78356523826912	169.0
171.7935660280018	171.0
171.80356681773446	175.0
171.81356760746715	177.0
171.82356839719984	181.0
171.83356918693252	183.0
171.8435699766652	185.0
171.8535707663979	187.0
171.86357155613055	187.0
171.87357234586324	187.0
171.88357313559592	185.0
171.8935739253286	185.0
171.9035747150613	185.0
171.91357550479398	185.0
171.92357629452664	185.0
171.93357708425933	185.0
171.943577873992	183.0
171.9535786637247	183.0
171.96357945345738	183.0
171.97358024319007	181.0
171.98358103292273	177.0
171.99358182265541	173.0
172.0035826123881	169.0
172.0135834021208	163.0
172.02358419185347	158.0
172.03358498158616	152.0
172.04358577131882	150.0
172.0535865610515	149.0
172.0635873507842	150.0
172.07358814051688	152.0
172.08358893024956	154.0
172.09358971998225	156.0
172.1035905097149	158.0
172.1135912994476	158.0
172.12359208918028	158.0
172.13359287891296	158.0
172.14359366864565	158.0
172.15359445837834	158.0
172.163595248111	156.0
172.17359603784368	156.0
172.18359682757637	156.0
172.19359761730905	156.0
172.20359840704174	156.0
172.21359919677442	156.0
172.2235999865071	156.0
172.23360077623977	156.0
172.24360156597245	158.0
172.25360235570514	158.0
172.26360314543783	158.0
172.2736039351705	158.0
172.2836047249032	156.0
172.29360551463586	156.0
172.30360630436854	156.0
172.31360709410123	159.0
172.32360788383392	163.0
172.3336086735666	169.0
172.3436094632993	173.0
172.35361025303195	179.0
172.36361104276463	183.0
172.37361183249732	187.0
172.38361262223	190.0
172.3936134119627	190.0
172.40361420169538	187.0
172.41361499142803	183.0
172.42361578116072	179.0
172.4336165708934	177.0
172.4436173606261	173.0
172.45361815035878	169.0
172.46361894009146	165.0
172.47361972982412	161.0
172.4836205195568	159.0
172.4936213092895	158.0
172.50362209902218	154.0
172.51362288875487	150.0
172.52362367848755	147.0
172.5336244682202	147.0
172.5436252579529	149.0
172.55362604768558	154.0
172.56362683741827	159.0
172.57362762715096	163.0
172.58362841688364	167.0
172.5936292066163	173.0
172.60362999634899	177.0
172.61363078608167	181.0
172.62363157581436	183.0
172.63363236554704	185.0
172.64363315527973	187.0
172.6536339450124	185.0
172.66363473474507	183.0
172.67363552447776	181.0
172.68363631421045	177.0
172.69363710394313	175.0
172.70363789367582	173.0
172.71363868340848	171.0
172.72363947314116	169.0
172.73364026287385	169.0
172.74364105260653	167.0
172.75364184233922	165.0
172.7636426320719	163.0
172.77364342180456	161.0
172.78364421153725	158.0
172.79364500126994	156.0
172.80364579100262	154.0
172.8136465807353	154.0
172.823647370468	154.0
172.83364816020065	154.0
172.84364894993334	154.0
172.85364973966603	154.0
172.8636505293987	154.0
172.8736513191314	154.0
172.88365210886408	154.0
172.89365289859674	154.0
172.90365368832943	154.0
172.9136544780621	154.0
172.9236552677948	154.0
172.9336560575275	154.0
172.94365684726017	156.0
172.95365763699283	158.0
172.96365842672552	159.0
172.9736592164582	163.0
172.9836600061909	165.0
172.99366079592357	167.0
173.00366158565626	169.0
173.01366237538892	169.0
173.0236631651216	167.0
173.0336639548543	165.0
173.04366474458698	163.0
173.05366553431966	161.0
173.06366632405235	159.0
173.073667113785	158.0
173.0836679035177	154.0
173.09366869325038	150.0
173.10366948298307	147.0
173.11367027271575	145.0
173.12367106244844	144.0
173.1336718521811	144.0
173.14367264191378	145.0
173.15367343164647	145.0
173.16367422137915	144.0
173.17367501111184	144.0
173.18367580084453	142.0
173.19367659057718	140.0
173.20367738030987	139.0
173.21367817004256	137.0
173.22367895977524	137.0
173.23367974950793	137.0
173.24368053924061	137.0
173.25368132897327	137.0
173.26368211870596	137.0
173.27368290843864	137.0
173.28368369817133	137.0
173.29368448790402	137.0
173.3036852776367	137.0
173.31368606736936	139.0
173.32368685710205	139.0
173.33368764683473	137.0
173.34368843656742	136.0
173.3536892263001	136.0
173.3636900160328	136.0
173.37369080576545	136.0
173.38369159549814	0.0
173.39369238523082	0.0
173.4036931749635	0.0
173.4136939646962	0.0
173.42369475442888	0.0
173.43369554416154	0.0
173.44369633389422	0.0
173.4536971236269	0.0
173.4636979133596	0.0
173.47369870309228	0.0
173.48369949282497	0.0
173.49370028255763	0.0
173.5037010722903	0.0
173.513701862023	0.0
173.52370265175568	0.0
173.53370344148837	0.0
173.54370423122106	0.0
173.55370502095371	0.0
173.5637058106864	0.0
173.5737066004191	0.0
173.58370739015177	0.0
173.59370817988446	0.0
173.60370896961714	0.0
173.61370975934983	0.0
173.6237105490825	0.0
173.63371133881517	0.0
173.64371212854786	0.0
173.65371291828055	0.0
173.66371370801323	0.0
173.67371449774592	0.0
173.68371528747858	0.0
173.69371607721126	0.0
173.70371686694395	0.0
173.71371765667664	0.0
173.72371844640932	0.0
173.733719236142	0.0
173.74372002587467	0.0
173.75372081560735	0.0
173.76372160534004	0.0
173.77372239507272	0.0
173.7837231848054	0.0
173.7937239745381	0.0
173.80372476427075	0.0
173.81372555400344	0.0
173.82372634373613	0.0
173.8337271334688	0.0
173.8437279232015	0.0
173.85372871293418	0.0
173.86372950266684	0.0
173.87373029239953	0.0
173.88373108213221	308.0
173.8937318718649	308.0
173.9037326615976	308.0
173.91373345133027	308.0
173.92373424106293	312.0
173.93373503079562	312.0
173.9437358205283	312.0
173.953736610261	312.0
173.96373739999368	312.0
173.97373818972636	312.0
173.98373897945902	312.0
173.9937397691917	312.0
174.0037405589244	308.0
174.01374134865708	308.0
174.02374213838976	308.0
174.03374292812245	308.0
174.0437437178551	312.0
174.0537445075878	312.0
174.06374529732048	312.0
174.07374608705317	312.0
174.08374687678585	312.0
174.09374766651854	319.0
174.1037484562512	323.0
174.11374924598388	323.0
174.12375003571657	323.0
174.13375082544925	323.0
174.14375161518194	323.0
174.15375240491463	319.0
174.16375319464728	316.0
174.17375398437997	312.0
174.18375477411266	312.0
174.19375556384534	312.0
174.20375635357803	308.0
174.21375714331072	305.0
174.22375793304337	305.0
174.23375872277606	301.0
174.24375951250875	298.0
174.25376030224143	294.0
174.26376109197412	291.0
174.2737618817068	291.0
174.28376267143946	291.0
174.29376346117215	291.0
174.30376425090483	288.0
174.31376504063752	288.0
174.3237658303702	284.0
174.3337666201029	281.0
174.34376740983555	278.0
174.35376819956824	278.0
174.36376898930092	278.0
174.3737697790336	275.0
174.3837705687663	275.0
174.39377135849898	275.0
174.40377214823164	275.0
174.41377293796432	275.0
174.423773727697	275.0
174.4337745174297	275.0
174.44377530716238	275.0
174.45377609689507	275.0
174.46377688662773	275.0
174.4737776763604	275.0
174.4837784660931	275.0
174.49377925582579	275.0
174.50378004555847	275.0
174.51378083529116	275.0
174.52378162502382	275.0
174.5337824147565	275.0
174.5437832044892	275.0
174.55378399422187	275.0
174.56378478395456	275.0
174.57378557368725	275.0
174.5837863634199	275.0
174.5937871531526	275.0
174.60378794288528	0.0
174.61378873261796	0.0
174.62378952235065	0.0
174.63379031208333	0.0
174.643791101816	0.0
174.65379189154868	0.0
174.66379268128136	0.0
174.67379347101405	0.0
174.68379426074674	0.0
174.69379505047942	0.0
174.70379584021208	169.0
174.71379662994477	167.0
174.72379741967745	167.0
174.73379820941014	171.0
174.74379899914283	175.0
174.7537997888755	181.0
174.76380057860817	236.0
174.77380136834086	248.0
174.78380215807354	259.0
174.79380294780623	262.0
174.8038037375389	265.0
174.8138045272716	259.0
174.82380531700426	245.0
174.83380610673694	215.0
174.84380689646963	223.0
174.85380768620232	231.0
174.863808475935	239.0
174.8738092656677	253.0
174.88381005540035	259.0
174.89381084513303	288.0
174.90381163486572	281.0
174.9138124245984	245.0
174.9238132143311	239.0
174.93381400406378	210.0
174.94381479379643	210.0
174.95381558352912	210.0
174.9638163732618	215.0
174.9738171629945	223.0
174.98381795272718	231.0
174.99381874245987	236.0
175.00381953219255	0.0
175.0138203219252	0.0
175.0238211116579	0.0
175.03382190139058	0.0
175.04382269112327	179.0
175.05382348085595	183.0
175.06382427058864	185.0
175.0738250603213	187.0
175.08382585005398	190.0
175.09382663978667	190.0
175.10382742951936	187.0
175.11382821925204	181.0
175.12382900898473	177.0
175.1338297987174	175.0
175.14383058845007	175.0
175.15383137818276	0.0
175.16383216791544	0.0
175.17383295764813	0.0
175.18383374738082	194.0
175.19383453711347	196.0
175.20383532684616	194.0
175.21383611657885	384.0
175.22383690631153	363.0
175.23383769604422	350.0
175.2438384857769	338.0
175.25383927550956	0.0
175.26384006524225	0.0
175.27384085497494	0.0
175.28384164470762	183.0
175.2938424344403	185.0
175.303843224173	187.0
175.31384401390565	0.0
175.32384480363834	0.0
175.33384559337102	0.0
175.3438463831037	0.0
175.3538471728364	0.0
175.36384796256908	0.0
175.37384875230174	0.0
175.38384954203443	0.0
175.3938503317671	0.0
175.4038511214998	0.0
175.41385191123248	0.0
175.42385270096517	0.0
175.43385349069783	0.0
175.44385428043051	0.0
175.4538550701632	0.0
175.4638558598959	0.0
175.47385664962857	0.0
175.48385743936126	0.0
175.49385822909392	354.0
175.5038590188266	0.0
175.5138598085593	0.0
175.52386059829198	0.0
175.53386138802466	0.0
175.54386217775735	0.0
175.55386296749	0.0
175.5638637572227	0.0
175.57386454695538	0.0
175.58386533668806	0.0
175.59386612642075	0.0
175.60386691615344	0.0
175.6138677058861	0.0
175.62386849561878	0.0
175.63386928535147	0.0
175.64387007508415	0.0
175.65387086481684	0.0
175.66387165454952	0.0
175.67387244428218	0.0
175.68387323401487	0.0
175.69387402374755	0.0
175.70387481348024	0.0
175.71387560321293	0.0
175.7238763929456	0.0
175.73387718267827	0.0
175.74387797241096	0.0
175.75387876214364	0.0
175.76387955187633	0.0
175.77388034160901	0.0
175.7838811313417	0.0
175.79388192107436	0.0
175.80388271080704	0.0
175.81388350053973	0.0
175.82388429027242	0.0
175.8338850800051	0.0
175.8438858697378	0.0
175.85388665947045	0.0
175.86388744920313	0.0
175.87388823893582	0.0
175.8838890286685	0.0
175.8938898184012	0.0
175.90389060813388	0.0
175.91389139786654	0.0
175.92389218759922	0.0
175.9338929773319	0.0
175.9438937670646	0.0
175.95389455679728	0.0
175.96389534652997	0.0
175.97389613626262	0.0
175.9838969259953	0.0
175.993897715728	0.0
176.00389850546068	0.0
176.01389929519337	0.0
176.02390008492605	0.0
176.0339008746587	0.0
176.0439016643914	0.0
176.05390245412408	0.0
176.06390324385677	0.0
176.07390403358946	0.0
176.08390482332214	0.0
176.0939056130548	0.0
176.1039064027875	0.0
176.11390719252017	0.0
176.12390798225286	0.0
176.13390877198555	0.0
176.14390956171823	0.0
176.1539103514509	0.0
176.16391114118358	0.0
176.17391193091626	0.0
176.18391272064895	0.0
176.19391351038163	0.0
176.20391430011432	0.0
176.21391508984698	0.0
176.22391587957966	0.0
176.23391666931235	0.0
176.24391745904504	0.0
176.25391824877772	0.0
176.2639190385104	0.0
176.27391982824307	0.0
176.28392061797575	0.0
176.29392140770844	0.0
176.30392219744112	0.0
176.3139229871738	0.0
176.3239237769065	0.0
176.33392456663915	0.0
176.34392535637184	0.0
176.35392614610453	0.0
176.3639269358372	0.0
176.3739277255699	0.0
176.38392851530259	0.0
176.39392930503527	0.0
176.40393009476793	0.0
176.41393088450062	0.0
176.4239316742333	0.0
176.433932463966	0.0
176.44393325369867	0.0
176.45393404343136	0.0
176.46393483316402	0.0
176.4739356228967	0.0
176.4839364126294	0.0
176.49393720236208	0.0
176.50393799209476	0.0
176.51393878182745	0.0
176.5239395715601	0.0
176.5339403612928	0.0
176.54394115102548	0.0
176.55394194075816	0.0
176.56394273049085	0.0
176.57394352022354	0.0
176.5839443099562	0.0
176.59394509968888	0.0
176.60394588942157	0.0
176.61394667915425	0.0
176.62394746888694	0.0
176.63394825861963	0.0
176.64394904835228	0.0
176.65394983808497	0.0
176.66395062781766	0.0
176.67395141755034	0.0
176.68395220728303	0.0
176.6939529970157	0.0
176.70395378674837	0.0
176.71395457648106	0.0
176.72395536621374	0.0
176.73395615594643	0.0
176.74395694567912	0.0
176.7539577354118	0.0
176.76395852514446	0.0
176.77395931487715	0.0
176.78396010460983	0.0
176.79396089434252	0.0
176.8039616840752	0.0
176.8139624738079	0.0
176.82396326354055	0.0
176.83396405327323	0.0
176.84396484300592	0.0
176.8539656327386	0.0
176.8639664224713	0.0
176.87396721220398	0.0
176.88396800193664	0.0
176.89396879166932	0.0
176.903969581402	0.0
176.9139703711347	0.0
176.92397116086738	0.0
176.93397195060007	0.0
176.94397274033273	0.0
176.9539735300654	0.0
176.9639743197981	0.0
176.97397510953078	0.0
176.98397589926347	0.0
176.99397668899616	0.0
177.0039774787288	0.0
177.0139782684615	0.0
177.0239790581942	0.0
177.03397984792687	0.0
177.04398063765956	0.0
177.05398142739224	0.0
177.0639822171249	0.0
177.0739830068576	0.0
177.08398379659027	0.0
177.09398458632296	0.0
177.10398537605565	0.0
177.11398616578833	0.0
177.123986955521	0.0
177.13398774525368	0.0
177.14398853498636	0.0
177.15398932471905	0.0
177.16399011445174	0.0
177.17399090418442	0.0
177.18399169391708	0.0
177.19399248364977	0.0
177.20399327338245	0.0
177.21399406311514	0.0
177.22399485284782	0.0
177.2339956425805	0.0
177.24399643231317	0.0
177.25399722204585	0.0
177.26399801177854	0.0
177.27399880151123	0.0
177.2839995912439	0.0
177.2940003809766	0.0
177.30400117070926	0.0
177.31400196044194	0.0
177.32400275017463	0.0
177.33400353990731	0.0
177.34400432964	0.0
177.3540051193727	0.0
177.36400590910534	0.0
177.37400669883803	0.0
177.38400748857072	0.0
177.3940082783034	0.0
177.4040090680361	0.0
177.41400985776878	0.0
177.42401064750143	0.0
177.43401143723412	0.0
177.4440122269668	0.0
177.4540130166995	0.0
177.46401380643218	0.0
177.47401459616486	0.0
177.48401538589752	0.0
177.4940161756302	0.0
177.5040169653629	0.0
177.51401775509558	0.0
177.52401854482827	0.0
177.53401933456095	0.0
177.5440201242936	0.0
177.5540209140263	0.0
177.56402170375898	0.0
177.57402249349167	0.0
177.58402328322435	0.0
177.59402407295704	0.0
177.6040248626897	0.0
177.61402565242238	0.0
177.62402644215507	0.0
177.63402723188776	0.0
177.64402802162044	0.0
177.65402881135313	0.0
177.6640296010858	0.0
177.67403039081847	0.0
177.68403118055116	0.0
177.69403197028385	0.0
177.70403276001653	0.0
177.71403354974922	0.0
177.72403433948188	0.0
177.73403512921456	0.0
177.74403591894725	0.0
177.75403670867993	0.0
177.76403749841262	0.0
177.7740382881453	0.0
177.784039077878	0.0
177.79403986761065	0.0
177.80404065734334	0.0
177.81404144707602	0.0
177.8240422368087	0.0
177.8340430265414	0.0
177.84404381627408	0.0
177.85404460600674	0.0
177.86404539573942	0.0
177.8740461854721	0.0
177.8840469752048	0.0
177.89404776493748	0.0
177.90404855467017	0.0
177.91404934440283	0.0
177.9240501341355	0.0
177.9340509238682	0.0
177.94405171360089	0.0
177.95405250333357	0.0
177.96405329306626	0.0
177.97405408279892	0.0
177.9840548725316	0.0
177.9940556622643	0.0
178.00405645199697	0.0
178.01405724172966	0.0
178.02405803146235	0.0
178.034058821195	0.0
178.0440596109277	0.0
178.05406040066038	0.0
178.06406119039306	0.0
178.07406198012575	0.0
178.08406276985843	0.0
178.0940635595911	0.0
178.10406434932378	0.0
178.11406513905646	0.0
178.12406592878915	0.0
178.13406671852184	0.0
178.14406750825452	0.0
178.15406829798718	0.0
178.16406908771987	0.0
178.17406987745255	0.0
178.18407066718524	0.0
178.19407145691792	0.0
178.2040722466506	0.0
178.21407303638327	0.0
178.22407382611595	0.0
178.23407461584864	0.0
178.24407540558133	0.0
178.254076195314	0.0
178.2640769850467	0.0
178.27407777477936	0.0
178.28407856451204	0.0
178.29407935424473	0.0
178.30408014397742	0.0
178.3140809337101	0.0
178.3240817234428	0.0
178.33408251317545	0.0
178.34408330290813	0.0
178.35408409264082	0.0
178.3640848823735	0.0
178.3740856721062	0.0
178.38408646183888	0.0
178.39408725157153	0.0
178.40408804130422	0.0
178.4140888310369	0.0
178.4240896207696	0.0
178.43409041050228	0.0
178.44409120023496	0.0
178.45409198996762	0.0
178.4640927797003	0.0
178.474093569433	0.0
178.48409435916568	0.0
178.49409514889837	0.0
178.50409593863105	0.0
178.5140967283637	0.0
178.5240975180964	0.0
178.53409830782908	0.0
178.54409909756177	0.0
178.55409988729446	0.0
178.56410067702714	0.0
178.5741014667598	0.0
178.58410225649249	0.0
178.59410304622517	0.0
178.60410383595786	0.0
178.61410462569054	0.0
178.62410541542323	0.0
178.6341062051559	0.0
178.64410699488857	0.0
178.65410778462126	0.0
178.66410857435395	0.0
178.67410936408663	0.0
178.68411015381932	0.0
178.69411094355198	0.0
178.70411173328466	0.0
178.71411252301735	0.0
178.72411331275003	0.0
178.73411410248272	0.0
178.7441148922154	0.0
178.75411568194806	0.0
178.76411647168075	0.0
178.77411726141344	0.0
178.78411805114612	0.0
178.7941188408788	0.0
178.8041196306115	0.0
178.81412042034415	0.0
178.82412121007684	0.0
178.83412199980953	0.0
178.8441227895422	0.0
178.8541235792749	0.0
178.86412436900758	0.0
178.87412515874024	0.0
178.88412594847293	0.0
178.8941267382056	0.0
178.9041275279383	0.0
178.914128317671	0.0
178.92412910740367	0.0
178.93412989713633	0.0
178.94413068686902	0.0
178.9541314766017	0.0
178.9641322663344	0.0
178.97413305606707	0.0
178.98413384579976	0.0
178.99413463553242	0.0
179.0041354252651	0.0
179.0141362149978	0.0
179.02413700473048	0.0
179.03413779446316	0.0
179.04413858419585	0.0
179.0541393739285	0.0
179.0641401636612	0.0
179.07414095339388	0.0
179.08414174312657	0.0
179.09414253285925	0.0
179.10414332259194	0.0
179.1141441123246	0.0
179.12414490205728	0.0
179.13414569178997	0.0
179.14414648152265	0.0
179.15414727125534	0.0
179.16414806098803	0.0
179.1741488507207	0.0
179.18414964045337	0.0
179.19415043018606	0.0
179.20415121991874	0.0
179.21415200965143	0.0
179.22415279938411	0.0
179.2341535891168	0.0
179.24415437884946	0.0
179.25415516858214	0.0
179.26415595831483	0.0
179.27415674804752	0.0
179.2841575377802	0.0
179.2941583275129	0.0
179.30415911724555	0.0
179.31415990697823	0.0
179.32416069671092	0.0
179.3341614864436	0.0
179.3441622761763	0.0
179.35416306590898	0.0
179.36416385564164	0.0
179.37416464537432	0.0
179.384165435107	0.0
179.3941662248397	0.0
179.40416701457238	0.0
179.41416780430507	0.0
179.42416859403772	0.0
179.4341693837704	0.0
179.4441701735031	0.0
179.45417096323578	0.0
179.46417175296847	0.0
179.47417254270115	0.0
179.4841733324338	0.0
179.4941741221665	0.0
179.50417491189918	0.0
179.51417570163187	0.0
179.52417649136456	0.0
179.53417728109724	0.0
179.5441780708299	0.0
179.5541788605626	0.0
179.56417965029527	0.0
179.57418044002796	0.0
179.58418122976065	0.0
179.59418201949333	0.0
179.604182809226	0.0
179.61418359895868	0.0
179.62418438869136	0.0
179.63418517842405	0.0
179.64418596815673	0.0
179.65418675788942	0.0
179.66418754762208	0.0
179.67418833735476	0.0
179.68418912708745	0.0
179.69418991682014	0.0
179.70419070655282	0.0
179.7141914962855	0.0
179.72419228601817	0.0
179.73419307575085	0.0
179.74419386548354	0.0
179.75419465521622	0.0
179.7641954449489	0.0
179.7741962346816	0.0
179.78419702441425	0.0
179.79419781414694	0.0
179.80419860387963	0.0
179.8141993936123	0.0
179.824200183345	0.0
179.83420097307769	0.0
179.84420176281034	0.0
179.85420255254303	0.0
179.86420334227572	0.0
179.8742041320084	0.0
179.8842049217411	0.0
179.89420571147377	0.0
179.90420650120643	0.0
179.91420729093912	0.0
179.9242080806718	0.0
179.9342088704045	0.0
179.94420966013718	0.0
179.95421044986986	0.0
179.96421123960252	0.0
179.9742120293352	0.0
179.9842128190679	0.0
179.99421360880058	0.0
180.00421439853326	0.0
180.01421518826595	0.0
180.0242159779986	0.0
180.0342167677313	0.0
180.04421755746398	0.0
180.05421834719667	0.0
180.06421913692935	0.0
180.07421992666204	0.0
180.0842207163947	0.0
180.09422150612738	0.0
180.10422229586007	0.0
180.11422308559276	0.0
180.12422387532544	0.0
180.13422466505813	0.0
180.14422545479079	0.0
180.15422624452347	0.0
180.16422703425616	0.0
180.17422782398884	0.0
180.18422861372153	0.0
180.19422940345422	0.0
180.20423019318687	0.0
180.21423098291956	0.0
180.22423177265225	0.0
180.23423256238493	0.0
180.24423335211762	0.0
180.2542341418503	0.0
180.26423493158296	0.0
180.27423572131565	0.0
180.28423651104833	0.0
180.29423730078102	0.0
180.3042380905137	0.0
180.3142388802464	0.0
180.32423966997905	0.0
180.33424045971174	0.0
180.34424124944442	0.0
180.3542420391771	0.0
180.3642428289098	0.0
180.37424361864248	0.0
180.38424440837514	0.0
180.39424519810782	0.0
180.4042459878405	0.0
180.4142467775732	0.0
180.42424756730588	0.0
180.43424835703857	0.0
180.44424914677123	0.0
180.4542499365039	0.0
180.4642507262366	0.0
180.47425151596929	0.0
180.48425230570197	0.0
180.49425309543466	0.0
180.50425388516732	0.0
180.5142546749	0.0
180.5242554646327	0.0
180.53425625436537	0.0
180.54425704409806	0.0
180.55425783383075	0.0
180.56425862356343	0.0
180.5742594132961	0.0
180.58426020302878	0.0
180.59426099276146	0.0
180.60426178249415	0.0
180.61426257222683	0.0
180.62426336195952	0.0
180.63426415169218	0.0
180.64426494142486	0.0
180.65426573115755	0.0
180.66426652089024	0.0
180.67426731062292	0.0
180.6842681003556	0.0
180.69426889008827	0.0
180.70426967982095	0.0
180.71427046955364	0.0
180.72427125928633	0.0
180.734272049019	0.0
180.7442728387517	0.0
180.75427362848436	0.0
180.76427441821704	0.0
180.77427520794973	0.0
180.7842759976824	0.0
180.7942767874151	0.0
180.8042775771478	0.0
180.81427836688044	0.0
180.82427915661313	0.0
180.83427994634582	0.0
180.8442807360785	0.0
180.8542815258112	0.0
180.86428231554387	0.0
180.87428310527653	0.0
180.88428389500922	0.0
180.8942846847419	0.0
180.9042854744746	0.0
180.91428626420728	0.0
180.92428705393996	0.0
180.93428784367262	0.0
180.9442886334053	0.0
180.954289423138	0.0
180.96429021287068	0.0
180.97429100260337	0.0
180.98429179233605	0.0
180.9942925820687	0.0
181.0042933718014	0.0
181.01429416153408	0.0
181.02429495126677	0.0
181.03429574099945	0.0
181.04429653073214	0.0
181.0542973204648	0.0
181.06429811019748	0.0
181.07429889993017	0.0
181.08429968966286	0.0
181.09430047939554	0.0
181.10430126912823	0.0
181.1143020588609	0.0
181.12430284859357	0.0
181.13430363832626	0.0
181.14430442805894	0.0
181.15430521779163	0.0
181.16430600752432	0.0
181.17430679725697	0.0
181.18430758698966	0.0
181.19430837672235	0.0
181.20430916645503	0.0
181.21430995618772	0.0
181.2243107459204	0.0
181.23431153565306	0.0
181.24431232538575	0.0
181.25431311511844	0.0
181.26431390485112	0.0
181.2743146945838	0.0
181.2843154843165	0.0
181.29431627404915	0.0
181.30431706378184	0.0
181.31431785351452	0.0
181.3243186432472	0.0
181.3343194329799	0.0
181.34432022271258	0.0
181.35432101244524	0.0
181.36432180217793	0.0
181.3743225919106	0.0
181.3843233816433	0.0
181.39432417137598	0.0
181.40432496110867	0.0
181.41432575084133	0.0
181.42432654057401	0.0
181.4343273303067	0.0
181.4443281200394	0.0
181.45432890977207	0.0
181.46432969950476	0.0
181.47433048923742	0.0
181.4843312789701	0.0
181.4943320687028	0.0
181.50433285843548	0.0
181.51433364816816	0.0
181.52433443790085	0.0
181.5343352276335	0.0
181.5443360173662	0.0
181.55433680709888	0.0
181.56433759683156	0.0
181.57433838656425	0.0
181.58433917629694	0.0
181.5943399660296	0.0
181.60434075576228	0.0
181.61434154549497	0.0
181.62434233522765	0.0
181.63434312496034	0.0
181.64434391469302	0.0
181.65434470442568	0.0
181.66434549415837	0.0
181.67434628389105	0.0
181.68434707362374	0.0
181.69434786335643	0.0
181.7043486530891	0.0
181.71434944282177	0.0
181.72435023255446	0.0
181.73435102228714	0.0
181.74435181201983	0.0
181.75435260175252	0.0
181.7643533914852	253.0
181.77435418121786	239.0
181.78435497095055	253.0
181.79435576068323	262.0
181.80435655041592	262.0
181.8143573401486	259.0
181.8243581298813	250.0
181.83435891961395	239.0
181.84435970934663	223.0
181.85436049907932	220.0
181.864361288812	223.0
181.8743620785447	226.0
181.88436286827738	231.0
181.89436365801004	231.0
181.90436444774272	228.0
181.9143652374754	220.0
181.9243660272081	213.0
181.93436681694078	199.0
181.94436760667347	190.0
181.95436839640615	185.0
181.9643691861388	185.0
181.9743699758715	190.0
181.98437076560418	194.0
181.99437155533687	199.0
182.00437234506956	199.0
182.01437313480224	199.0
182.0243739245349	196.0
182.03437471426759	192.0
182.04437550400027	190.0
182.05437629373296	190.0
182.06437708346564	196.0
182.07437787319833	206.0
182.084378662931	215.0
182.09437945266367	226.0
182.10438024239636	242.0
182.11438103212905	262.0
182.12438182186173	331.0
182.13438261159442	331.0
182.14438340132708	228.0
182.15438419105976	231.0
182.16438498079245	234.0
182.17438577052513	242.0
182.18438656025782	250.0
182.1943873499905	259.0
182.20438813972316	319.0
182.21438892945585	327.0
182.22438971918854	323.0
182.23439050892122	288.0
182.2443912986539	275.0
182.2543920883866	226.0
182.26439287811925	223.0
182.27439366785194	228.0
182.28439445758463	239.0
182.2943952473173	245.0
182.30439603705	256.0
182.31439682678268	265.0
182.32439761651534	272.0
182.33439840624803	281.0
182.3443991959807	284.0
182.3543999857134	284.0
182.3644007754461	0.0
182.37440156517877	0.0
182.38440235491143	0.0
182.39440314464412	0.0
182.4044039343768	0.0
182.4144047241095	0.0
182.42440551384217	0.0
182.43440630357486	0.0
182.44440709330752	0.0
182.4544078830402	0.0
182.4644086727729	0.0
182.47440946250558	0.0
182.48441025223826	0.0
182.49441104197095	0.0
182.5044118317036	0.0
182.5144126214363	0.0
182.52441341116898	0.0
182.53441420090167	0.0
182.54441499063435	0.0
182.55441578036704	0.0
182.5644165700997	0.0
182.57441735983238	0.0
182.58441814956507	0.0
182.59441893929775	0.0
182.60441972903044	0.0
182.61442051876313	0.0
182.62442130849578	0.0
182.63442209822847	0.0
182.64442288796116	0.0
182.65442367769384	0.0
182.66442446742653	0.0
182.6744252571592	0.0
182.68442604689187	0.0
182.69442683662456	0.0
182.70442762635724	0.0
182.71442841608993	0.0
182.72442920582262	0.0
182.7344299955553	0.0
182.74443078528796	0.0
182.75443157502065	0.0
182.76443236475333	0.0
182.77443315448602	0.0
182.7844339442187	0.0
182.7944347339514	0.0
182.80443552368405	0.0
182.81443631341673	0.0
182.82443710314942	0.0
182.8344378928821	0.0
182.8444386826148	0.0
182.85443947234748	0.0
182.86444026208014	0.0
182.87444105181282	0.0
182.8844418415455	0.0
182.8944426312782	0.0
182.90444342101088	0.0
182.91444421074357	0.0
182.92444500047623	0.0
182.9344457902089	0.0
182.9444465799416	0.0
182.95444736967428	0.0
182.96444815940697	0.0
182.97444894913966	0.0
182.9844497388723	0.0
182.994450528605	0.0
183.0044513183377	0.0
183.01445210807037	0.0
183.02445289780306	0.0
183.03445368753574	0.0
183.0444544772684	0.0
183.0544552670011	0.0
183.06445605673377	0.0
183.07445684646646	0.0
183.08445763619915	0.0
183.09445842593183	0.0
183.1044592156645	0.0
183.11446000539718	0.0
183.12446079512986	0.0
183.13446158486255	0.0
183.14446237459524	0.0
183.15446316432792	0.0
183.16446395406058	0.0
183.17446474379327	0.0
183.18446553352595	0.0
183.19446632325864	0.0
183.20446711299132	0.0
183.214467902724	0.0
183.22446869245667	0.0
183.23446948218935	0.0
183.24447027192204	0.0
183.25447106165473	0.0
183.2644718513874	0.0
183.2744726411201	0.0
183.28447343085276	0.0
183.29447422058544	0.0
183.30447501031813	0.0
183.31447580005081	0.0
183.3244765897835	0.0
183.3344773795162	0.0
183.34447816924887	0.0
183.35447895898153	0.0
183.36447974871422	0.0
183.3744805384469	0.0
183.3844813281796	0.0
183.39448211791228	0.0
183.40448290764496	0.0
183.41448369737762	0.0
183.4244844871103	0.0
183.434485276843	0.0
183.44448606657568	0.0
183.45448685630836	0.0
183.46448764604105	0.0
183.4744884357737	0.0
183.4844892255064	0.0
183.49449001523908	0.0
183.50449080497177	0.0
183.51449159470445	0.0
183.52449238443714	0.0
183.5344931741698	0.0
183.54449396390248	0.0
183.55449475363517	0.0
183.56449554336785	0.0
183.57449633310054	0.0
183.58449712283323	0.0
183.59449791256588	0.0
183.60449870229857	0.0
183.61449949203126	0.0
183.62450028176394	0.0
183.63450107149663	0.0
183.64450186122932	0.0
183.65450265096197	0.0
183.66450344069466	0.0
183.67450423042735	0.0
183.68450502016003	0.0
183.69450580989272	0.0
183.7045065996254	0.0
183.71450738935806	0.0
183.72450817909075	0.0
183.73450896882343	0.0
183.74450975855612	0.0
183.7545105482888	0.0
183.7645113380215	0.0
183.77451212775415	0.0
183.78451291748684	0.0
183.79451370721952	0.0
183.8045144969522	0.0
183.8145152866849	0.0
183.82451607641758	0.0
183.83451686615024	0.0
183.84451765588292	0.0
183.8545184456156	0.0
183.8645192353483	0.0
183.87452002508098	0.0
183.88452081481367	0.0
183.89452160454633	0.0
183.904522394279	0.0
183.9145231840117	0.0
183.92452397374439	0.0
183.93452476347707	0.0
183.94452555320976	0.0
183.95452634294242	0.0
183.9645271326751	0.0
183.9745279224078	0.0
183.98452871214047	0.0
183.99452950187316	0.0
184.00453029160585	0.0
184.0145310813385	0.0
184.0245318710712	0.0
184.03453266080388	0.0
184.04453345053656	0.0
184.05453424026925	0.0
184.06453503000193	0.0
184.0745358197346	0.0
184.08453660946728	0.0
184.09453739919996	0.0
184.10453818893265	0.0
184.11453897866534	0.0
184.12453976839802	0.0
184.13454055813068	0.0
184.14454134786337	0.0
184.15454213759605	0.0
184.16454292732874	0.0
184.17454371706143	0.0
184.1845445067941	0.0
184.19454529652677	0.0
184.20454608625946	0.0
184.21454687599214	0.0
184.22454766572483	0.0
184.2345484554575	0.0
184.2445492451902	0.0
184.25455003492286	0.0
184.26455082465554	0.0
184.27455161438823	0.0
184.28455240412092	0.0
184.2945531938536	0.0
184.3045539835863	0.0
184.31455477331895	0.0
184.32455556305163	0.0
184.33455635278432	0.0
184.344557142517	0.0
184.3545579322497	0.0
184.36455872198238	0.0
184.37455951171503	0.0
184.38456030144772	0.0
184.3945610911804	0.0
184.4045618809131	0.0
184.41456267064578	0.0
184.42456346037847	0.0
184.43456425011112	0.0
184.4445650398438	0.0
184.4545658295765	0.0
184.46456661930918	0.0
184.47456740904187	0.0
184.48456819877455	0.0
184.4945689885072	0.0
184.5045697782399	0.0
184.51457056797258	0.0
184.52457135770527	0.0
184.53457214743796	0.0
184.54457293717064	0.0
184.5545737269033	0.0
184.564574516636	0.0
184.57457530636867	0.0
184.58457609610136	0.0
184.59457688583404	0.0
184.60457767556673	0.0
184.6145784652994	0.0
184.62457925503207	0.0
184.63458004476476	0.0
184.64458083449745	0.0
184.65458162423013	0.0
184.66458241396282	0.0
184.67458320369548	0.0
184.68458399342816	0.0
184.69458478316085	0.0
184.70458557289354	0.0
184.71458636262622	0.0
184.7245871523589	0.0
184.7345879420916	0.0
184.74458873182425	0.0
184.75458952155694	0.0
184.76459031128962	0.0
184.7745911010223	0.0
184.784591890755	0.0
184.79459268048768	0.0
184.80459347022034	0.0
184.81459425995303	0.0
184.8245950496857	0.0
184.8345958394184	0.0
184.84459662915108	0.0
184.85459741888377	0.0
184.86459820861643	0.0
184.87459899834911	0.0
184.8845997880818	0.0
184.8946005778145	0.0
184.90460136754717	0.0
184.91460215727986	0.0
184.92460294701252	0.0
184.9346037367452	0.0
184.9446045264779	0.0
184.95460531621057	0.0
184.96460610594326	0.0
184.97460689567595	0.0
184.9846076854086	0.0
184.9946084751413	0.0
185.00460926487398	0.0
185.01461005460666	0.0
185.02461084433935	0.0
185.03461163407204	0.0
185.0446124238047	0.0
185.05461321353738	0.0
185.06461400327007	0.0
185.07461479300275	0.0
185.08461558273544	0.0
185.09461637246812	0.0
185.10461716220078	0.0
185.11461795193347	0.0
185.12461874166615	0.0
185.13461953139884	0.0
185.14462032113153	0.0
185.1546211108642	0.0
185.16462190059687	0.0
185.17462269032956	0.0
185.18462348006224	0.0
185.19462426979493	0.0
185.20462505952761	0.0
185.2146258492603	0.0
185.22462663899296	0.0
185.23462742872564	0.0
185.24462821845833	0.0
185.25462900819102	0.0
185.2646297979237	0.0
185.2746305876564	0.0
185.28463137738905	0.0
185.29463216712173	0.0
185.30463295685442	0.0
185.3146337465871	0.0
185.3246345363198	0.0
185.33463532605248	0.0
185.34463611578514	0.0
185.35463690551782	0.0
185.3646376952505	0.0
185.3746384849832	0.0
185.38463927471588	0.0
185.39464006444857	0.0
185.40464085418122	0.0
185.4146416439139	0.0
185.4246424336466	0.0
185.43464322337928	0.0
185.44464401311197	0.0
185.45464480284465	0.0
185.4646455925773	0.0
185.47464638231	0.0
185.48464717204268	0.0
185.49464796177537	0.0
185.50464875150806	0.0
185.51464954124074	0.0
185.5246503309734	0.0
185.5346511207061	0.0
185.54465191043877	0.0
185.55465270017146	0.0
185.56465348990415	0.0
185.57465427963683	0.0
185.5846550693695	0.0
185.59465585910218	0.0
185.60465664883486	0.0
185.61465743856755	0.0
185.62465822830023	0.0
185.63465901803292	0.0
185.64465980776558	0.0
185.65466059749826	0.0
185.66466138723095	0.0
185.67466217696364	0.0
185.68466296669632	0.0
185.694663756429	0.0
185.70466454616167	0.0
185.71466533589435	0.0
185.72466612562704	0.0
185.73466691535972	0.0
185.7446677050924	0.0
185.7546684948251	0.0
185.76466928455775	0.0
185.77467007429044	0.0
185.78467086402313	0.0
185.7946716537558	0.0
185.8046724434885	0.0
185.81467323322119	0.0
185.82467402295384	0.0
185.83467481268653	0.0
185.84467560241922	0.0
185.8546763921519	0.0
185.8646771818846	0.0
185.87467797161727	0.0
185.88467876134993	0.0
185.89467955108262	0.0
185.9046803408153	0.0
185.914681130548	0.0
185.92468192028068	0.0
185.93468271001336	0.0
185.94468349974602	0.0
185.9546842894787	0.0
185.9646850792114	0.0
185.97468586894408	0.0
185.98468665867676	0.0
185.99468744840945	0.0
186.0046882381421	0.0
186.0146890278748	0.0
186.02468981760748	0.0
186.03469060734017	0.0
186.04469139707285	0.0
186.05469218680554	0.0
186.0646929765382	0.0
186.07469376627088	0.0
186.08469455600357	0.0
186.09469534573626	0.0
186.10469613546894	0.0
186.11469692520163	0.0
186.1246977149343	0.0
186.13469850466697	0.0
186.14469929439966	0.0
186.15470008413234	0.0
186.16470087386503	0.0
186.17470166359772	0.0
186.1847024533304	0.0
186.19470324306306	0.0
186.20470403279575	0.0
186.21470482252843	0.0
186.22470561226112	0.0
186.2347064019938	0.0
186.2447071917265	0.0
186.25470798145915	0.0
186.26470877119183	0.0
186.27470956092452	226.0
186.2847103506572	228.0
186.2947111403899	236.0
186.30471193012258	242.0
186.31471271985524	248.0
186.32471350958792	248.0
186.3347142993206	242.0
186.3447150890533	239.0
186.35471587878598	239.0
186.36471666851867	245.0
186.37471745825133	256.0
186.384718247984	272.0
186.3947190377167	305.0
186.40471982744938	327.0
186.41472061718207	346.0
186.42472140691476	354.0
186.4347221966474	350.0
186.4447229863801	334.0
186.4547237761128	291.0
186.46472456584547	284.0
186.47472535557816	278.0
186.48472614531084	278.0
186.4947269350435	278.0
186.5047277247762	281.0
186.51472851450887	288.0
186.52472930424156	291.0
186.53473009397425	288.0
186.54473088370693	278.0
186.5547316734396	262.0
186.56473246317228	245.0
186.57473325290496	234.0
186.58473404263765	231.0
186.59473483237034	234.0
186.60473562210302	242.0
186.61473641183568	250.0
186.62473720156837	256.0
186.63473799130105	259.0
186.64473878103374	259.0
186.65473957076642	250.0
186.6647403604991	234.0
186.67474115023177	234.0
186.68474193996445	239.0
186.69474272969714	248.0
186.70474351942983	268.0
186.7147443091625	275.0
186.7247450988952	305.0
186.73474588862786	312.0
186.74474667836054	272.0
186.75474746809323	262.0
186.76474825782591	245.0
186.7747490475586	228.0
186.7847498372913	228.0
186.79475062702394	234.0
186.80475141675663	242.0
186.81475220648932	250.0
186.824752996222	259.0
186.8347537859547	265.0
186.84475457568738	265.0
186.85475536542003	265.0
186.86475615515272	259.0
186.8747569448854	239.0
186.8847577346181	231.0
186.89475852435078	248.0
186.90475931408346	234.0
186.91476010381612	231.0
186.9247608935488	234.0
186.9347616832815	236.0
186.94476247301418	236.0
186.95476326274687	239.0
186.96476405247955	242.0
186.9747648422122	242.0
186.9847656319449	248.0
186.99476642167758	253.0
187.00476721141027	262.0
187.01476800114295	275.0
187.02476879087564	288.0
187.0347695806083	301.0
187.04477037034098	298.0
187.05477116007367	256.0
187.06477194980636	248.0
187.07477273953904	239.0
187.08477352927173	239.0
187.0947743190044	236.0
187.10477510873707	245.0
187.11477589846976	250.0
187.12477668820245	256.0
187.13477747793513	256.0
187.14477826766782	259.0
187.15477905740048	259.0
187.16477984713316	256.0
187.17478063686585	0.0
187.18478142659853	0.0
187.19478221633122	0.0
187.2047830060639	0.0
187.21478379579656	0.0
187.22478458552925	0.0
187.23478537526194	0.0
187.24478616499462	0.0
187.2547869547273	0.0
187.26478774446	0.0
187.27478853419265	0.0
187.28478932392534	208.0
187.29479011365802	206.0
187.3047909033907	206.0
187.3147916931234	210.0
187.32479248285608	213.0
187.33479327258874	0.0
187.34479406232143	215.0
187.3547948520541	215.0
187.3647956417868	215.0
187.37479643151948	215.0
187.38479722125217	0.0
187.39479801098483	228.0
187.40479880071751	239.0
187.4147995904502	245.0
187.4248003801829	248.0
187.43480116991557	248.0
187.44480195964826	242.0
187.45480274938092	231.0
187.4648035391136	220.0
187.4748043288463	210.0
187.48480511857898	201.0
187.49480590831166	196.0
187.50480669804435	199.0
187.51480748777703	203.0
187.5248082775097	210.0
187.53480906724238	215.0
187.54480985697506	215.0
187.55481064670775	215.0
187.56481143644044	210.0
187.57481222617312	206.0
187.58481301590578	203.0
187.59481380563847	206.0
187.60481459537115	213.0
187.61481538510384	228.0
187.62481617483652	236.0
187.6348169645692	245.0
187.64481775430187	250.0
187.65481854403455	250.0
187.66481933376724	245.0
187.67482012349993	239.0
187.6848209132326	236.0
187.6948217029653	234.0
187.70482249269796	236.0
187.71482328243064	239.0
187.72482407216333	248.0
187.73482486189602	256.0
187.7448256516287	265.0
187.7548264413614	265.0
187.76482723109405	262.0
187.77482802082673	253.0
187.78482881055942	248.0
187.7948296002921	242.0
187.8048303900248	242.0
187.81483117975748	242.0
187.82483196949013	248.0
187.83483275922282	248.0
187.8448335489555	248.0
187.8548343386882	245.0
187.86483512842088	236.0
187.87483591815356	228.0
187.88483670788622	218.0
187.8948374976189	213.0
187.9048382873516	208.0
187.91483907708428	210.0
187.92483986681697	215.0
187.93484065654965	218.0
187.9448414462823	218.0
187.954842236015	215.0
187.96484302574768	210.0
187.97484381548037	203.0
187.98484460521306	201.0
187.99484539494574	203.0
188.0048461846784	213.0
188.01484697441109	228.0
188.02484776414377	239.0
188.03484855387646	253.0
188.04484934360914	265.0
188.05485013334183	268.0
188.0648509230745	259.0
188.07485171280717	242.0
188.08485250253986	231.0
188.09485329227255	218.0
188.10485408200523	215.0
188.11485487173792	215.0
188.12485566147058	223.0
188.13485645120326	236.0
188.14485724093595	248.0
188.15485803066863	253.0
188.16485882040132	253.0
188.174859610134	239.0
188.18486039986666	220.0
188.19486118959935	213.0
188.20486197933204	201.0
188.21486276906472	201.0
188.2248635587974	203.0
188.2348643485301	208.0
188.24486513826275	215.0
188.25486592799544	220.0
188.26486671772813	218.0
188.2748675074608	213.0
188.2848682971935	203.0
188.29486908692618	177.0
188.30486987665884	173.0
188.31487066639153	173.0
188.3248714561242	175.0
188.3348722458569	179.0
188.3448730355896	181.0
188.35487382532227	181.0
188.36487461505493	181.0
188.37487540478762	177.0
188.3848761945203	173.0
188.394876984253	167.0
188.40487777398567	165.0
188.41487856371836	165.0
188.42487935345102	167.0
188.4348801431837	173.0
188.4448809329164	177.0
188.45488172264908	179.0
188.46488251238176	179.0
188.47488330211445	177.0
188.4848840918471	171.0
188.4948848815798	167.0
188.50488567131248	165.0
188.51488646104517	167.0
188.52488725077785	173.0
188.53488804051054	179.0
188.5448888302432	185.0
188.55488961997588	192.0
188.56489040970857	194.0
188.57489119944125	194.0
188.58489198917394	190.0
188.59489277890663	161.0
188.60489356863928	152.0
188.61489435837197	150.0
188.62489514810466	150.0
188.63489593783734	152.0
188.64489672757003	158.0
188.65489751730271	163.0
188.66489830703537	165.0
188.67489909676806	165.0
188.68489988650074	163.0
188.69490067623343	158.0
188.70490146596612	154.0
188.7149022556988	152.0
188.72490304543146	154.0
188.73490383516415	158.0
188.74490462489683	165.0
188.75490541462952	171.0
188.7649062043622	177.0
188.7749069940949	183.0
188.78490778382755	183.0
188.79490857356024	183.0
188.80490936329292	177.0
188.8149101530256	173.0
188.8249109427583	169.0
188.83491173249098	169.0
188.84491252222364	171.0
188.85491331195632	179.0
188.864914101689	185.0
188.8749148914217	192.0
188.88491568115438	194.0
188.89491647088707	194.0
188.90491726061975	190.0
188.9149180503524	185.0
188.9249188400851	181.0
188.93491962981778	181.0
188.94492041955047	185.0
188.95492120928316	192.0
188.96492199901584	203.0
188.9749227887485	213.0
188.9849235784812	223.0
188.99492436821387	228.0
189.00492515794656	226.0
189.01492594767925	218.0
189.02492673741193	210.0
189.0349275271446	208.0
189.04492831687728	208.0
189.05492910660996	213.0
189.06492989634265	220.0
189.07493068607533	236.0
189.08493147580802	248.0
189.09493226554068	253.0
189.10493305527336	250.0
189.11493384500605	242.0
189.12493463473874	226.0
189.13493542447142	215.0
189.1449362142041	210.0
189.15493700393677	208.0
189.16493779366945	210.0
189.17493858340214	220.0
189.18493937313482	231.0
189.1949401628675	231.0
189.2049409526002	231.0
189.21494174233285	196.0
189.22494253206554	187.0
189.23494332179823	179.0
189.2449441115309	179.0
189.2549449012636	181.0
189.26494569099629	183.0
189.27494648072894	185.0
189.28494727046163	187.0
189.29494806019432	190.0
189.304948849927	190.0
189.3149496396597	192.0
189.32495042939237	192.0
189.33495121912503	0.0
189.34495200885772	0.0
189.3549527985904	0.0
189.3649535883231	0.0
189.37495437805578	0.0
189.38495516778846	0.0
189.39495595752112	0.0
189.4049567472538	0.0
189.4149575369865	0.0
189.42495832671918	0.0
189.43495911645186	0.0
189.44495990618455	0.0
189.4549606959172	0.0
189.4649614856499	0.0
189.47496227538258	0.0
189.48496306511527	0.0
189.49496385484795	0.0
189.50496464458064	0.0
189.5149654343133	0.0
189.52496622404598	0.0
189.53496701377867	0.0
189.54496780351135	0.0
189.55496859324404	0.0
189.56496938297673	0.0
189.57497017270938	0.0
189.58497096244207	0.0
189.59497175217476	0.0
189.60497254190744	0.0
189.61497333164013	0.0
189.62497412137282	0.0
189.63497491110547	0.0
189.64497570083816	0.0
189.65497649057085	0.0
189.66497728030353	0.0
189.67497807003622	0.0
189.6849788597689	0.0
189.69497964950156	0.0
189.70498043923425	0.0
189.71498122896693	0.0
189.72498201869962	0.0
189.7349828084323	0.0
189.744983598165	0.0
189.75498438789765	0.0
189.76498517763034	0.0
189.77498596736302	0.0
189.7849867570957	0.0
189.7949875468284	0.0
189.80498833656108	0.0
189.81498912629374	0.0
189.82498991602642	0.0
189.8349907057591	0.0
189.8449914954918	0.0
189.85499228522448	0.0
189.86499307495717	0.0
189.87499386468983	0.0
189.8849946544225	0.0
189.8949954441552	0.0
189.90499623388789	0.0
189.91499702362057	0.0
189.92499781335326	0.0
189.93499860308592	0.0
189.9449993928186	0.0
189.9550001825513	0.0
189.96500097228397	0.0
189.97500176201666	0.0
189.98500255174935	0.0
189.995003341482	0.0
190.0050041312147	0.0
190.01500492094738	0.0
190.02500571068006	0.0
190.03500650041275	0.0
190.04500729014543	0.0
190.0550080798781	0.0
190.06500886961078	0.0
190.07500965934346	0.0
190.08501044907615	0.0
190.09501123880884	0.0
190.10501202854152	0.0
190.11501281827418	0.0
190.12501360800687	0.0
190.13501439773955	0.0
190.14501518747224	0.0
190.15501597720493	0.0
190.1650167669376	0.0
190.17501755667027	0.0
190.18501834640296	0.0
190.19501913613564	0.0
190.20501992586833	0.0
190.215020715601	0.0
190.2250215053337	0.0
190.23502229506636	0.0
190.24502308479904	0.0
190.25502387453173	0.0
190.26502466426442	0.0
190.2750254539971	0.0
190.2850262437298	0.0
190.29502703346247	0.0
190.30502782319513	0.0
190.31502861292782	0.0
190.3250294026605	0.0
190.3350301923932	0.0
190.34503098212588	0.0
190.35503177185856	0.0
190.36503256159122	0.0
190.3750333513239	0.0
190.3850341410566	0.0
190.39503493078928	0.0
190.40503572052197	0.0
190.41503651025465	0.0
190.4250372999873	0.0
190.43503808972	0.0
190.44503887945268	0.0
190.45503966918537	0.0
190.46504045891805	0.0
190.47504124865074	0.0
190.4850420383834	0.0
190.49504282811608	0.0
190.50504361784877	0.0
190.51504440758146	0.0
190.52504519731414	0.0
190.53504598704683	0.0
190.5450467767795	0.0
190.55504756651217	0.0
190.56504835624486	0.0
190.57504914597754	0.0
190.58504993571023	0.0
190.59505072544292	0.0
190.60505151517557	0.0
190.61505230490826	0.0
190.62505309464095	0.0
190.63505388437363	0.0
190.64505467410632	0.0
190.655055463839	0.0
190.66505625357166	0.0
190.67505704330435	0.0
190.68505783303704	0.0
190.69505862276972	0.0
190.7050594125024	0.0
190.7150602022351	0.0
190.72506099196775	0.0
190.73506178170044	0.0
190.74506257143312	0.0
190.7550633611658	0.0
190.7650641508985	0.0
190.77506494063118	0.0
190.78506573036384	0.0
190.79506652009653	0.0
190.8050673098292	0.0
190.8150680995619	0.0
190.82506888929458	0.0
190.83506967902727	0.0
190.84507046875993	0.0
190.85507125849261	0.0
190.8650720482253	0.0
190.875072837958	0.0
190.88507362769067	0.0
190.89507441742336	0.0
190.90507520715602	0.0
190.9150759968887	0.0
190.9250767866214	0.0
190.93507757635408	0.0
190.94507836608676	0.0
190.95507915581945	0.0
190.9650799455521	0.0
190.9750807352848	0.0
190.98508152501748	0.0
190.99508231475016	0.0
191.00508310448285	0.0
191.01508389421554	0.0
191.0250846839482	0.0
191.03508547368088	0.0
191.04508626341357	0.0
191.05508705314625	0.0
191.06508784287894	0.0
191.07508863261162	142.0
191.08508942234428	144.0
191.09509021207697	145.0
191.10509100180965	147.0
191.11509179154234	147.0
191.12509258127503	147.0
191.1350933710077	144.0
191.14509416074037	142.0
191.15509495047306	139.0
191.16509574020574	137.0
191.17509652993843	134.0
191.18509731967112	132.0
191.1950981094038	131.0
191.20509889913646	128.0
191.21509968886915	126.0
191.22510047860183	125.0
191.23510126833452	125.0
191.2451020580672	124.0
191.2551028477999	122.0
191.26510363753255	119.0
191.27510442726523	118.0
191.28510521699792	115.0
191.2951060067306	115.0
191.3051067964633	114.0
191.31510758619598	114.0
191.32510837592864	114.0
191.33510916566132	114.0
191.345109955394	113.0
191.3551107451267	113.0
191.36511153485938	113.0
191.37511232459207	113.0
191.38511311432472	114.0
191.3951139040574	117.0
191.4051146937901	124.0
191.41511548352278	132.0
191.42511627325547	144.0
191.43511706298816	152.0
191.4451178527208	154.0
191.4551186424535	152.0
191.46511943218619	149.0
191.47512022191887	142.0
191.48512101165156	139.0
191.49512180138424	136.0
191.5051225911169	134.0
191.5151233808496	131.0
191.52512417058227	128.0
191.53512496031496	126.0
191.54512575004765	126.0
191.55512653978033	129.0
191.565127329513	132.0
191.57512811924568	134.0
191.58512890897836	136.0
191.59512969871105	136.0
191.60513048844373	136.0
191.61513127817642	134.0
191.6251320679091	132.0
191.63513285764176	132.0
191.64513364737445	136.0
191.65513443710714	145.0
191.66513522683982	156.0
191.6751360165725	165.0
191.6851368063052	171.0
191.69513759603785	173.0
191.70513838577054	169.0
191.71513917550323	161.0
191.7251399652359	152.0
191.7351407549686	144.0
191.74514154470128	142.0
191.75514233443394	145.0
191.76514312416663	154.0
191.7751439138993	165.0
191.785144703632	175.0
191.79514549336469	183.0
191.80514628309737	190.0
191.81514707283003	190.0
191.82514786256272	185.0
191.8351486522954	175.0
191.8451494420281	165.0
191.85515023176077	163.0
191.86515102149346	163.0
191.87515181122612	167.0
191.8851526009588	175.0
191.8951533906915	181.0
191.90515418042418	187.0
191.91515497015686	190.0
191.92515575988955	187.0
191.9351565496222	181.0
191.9451573393549	173.0
191.95515812908758	173.0
191.96515891882026	173.0
191.97515970855295	177.0
191.98516049828564	183.0
191.9951612880183	199.0
192.00516207775098	206.0
192.01516286748367	213.0
192.02516365721635	226.0
192.03516444694904	223.0
192.04516523668173	187.0
192.05516602641438	183.0
192.06516681614707	183.0
192.07516760587976	185.0
192.08516839561244	194.0
192.09516918534513	208.0
192.1051699750778	218.0
192.11517076481047	239.0
192.12517155454316	250.0
192.13517234427584	253.0
192.14517313400853	259.0
192.15517392374122	265.0
192.1651747134739	259.0
192.17517550320656	256.0
192.18517629293925	201.0
192.19517708267193	199.0
192.20517787240462	203.0
192.2151786621373	213.0
192.22517945187	226.0
192.23518024160265	239.0
192.24518103133533	248.0
192.25518182106802	275.0
192.2651826108007	278.0
192.2751834005334	278.0
192.28518419026608	272.0
192.29518497999874	0.0
192.30518576973142	210.0
192.3151865594641	206.0
192.3251873491968	0.0
192.33518813892948	0.0
192.34518892866217	0.0
192.35518971839483	0.0
192.3651905081275	0.0
192.3751912978602	234.0
192.38519208759288	0.0
192.39519287732557	0.0
192.40519366705826	0.0
192.4151944567909	175.0
192.4251952465236	177.0
192.4351960362563	179.0
192.44519682598897	181.0
192.45519761572166	183.0
192.46519840545434	183.0
192.475199195187	183.0
192.4851999849197	185.0
192.49520077465237	0.0
192.50520156438506	0.0
192.51520235411775	0.0
192.52520314385043	0.0
192.5352039335831	0.0
192.54520472331578	0.0
192.55520551304846	0.0
192.56520630278115	0.0
192.57520709251384	0.0
192.58520788224652	0.0
192.59520867197918	0.0
192.60520946171187	0.0
192.61521025144455	0.0
192.62521104117724	0.0
192.63521183090992	0.0
192.6452126206426	0.0
192.65521341037527	0.0
192.66521420010795	0.0
192.67521498984064	0.0
192.68521577957333	0.0
192.695216569306	0.0
192.7052173590387	0.0
192.71521814877136	0.0
192.72521893850404	0.0
192.73521972823673	0.0
192.74522051796941	0.0
192.7552213077021	0.0
192.7652220974348	0.0
192.77522288716744	0.0
192.78522367690013	0.0
192.79522446663282	0.0
192.8052252563655	0.0
192.8152260460982	0.0
192.82522683583088	0.0
192.83522762556353	0.0
192.84522841529622	0.0
192.8552292050289	0.0
192.8652299947616	0.0
192.87523078449428	0.0
192.88523157422696	0.0
192.89523236395962	0.0
192.9052331536923	0.0
192.915233943425	0.0
192.92523473315768	0.0
192.93523552289037	0.0
192.94523631262305	0.0
192.9552371023557	0.0
192.9652378920884	0.0
192.97523868182108	0.0
192.98523947155377	0.0
192.99524026128645	0.0
193.00524105101914	0.0
193.01524184075183	0.0
193.02524263048448	0.0
193.03524342021717	0.0
193.04524420994986	0.0
193.05524499968254	0.0
193.06524578941523	0.0
193.07524657914792	0.0
193.08524736888057	0.0
193.09524815861326	0.0
193.10524894834595	0.0
193.11524973807863	0.0
193.12525052781132	0.0
193.135251317544	0.0
193.14525210727666	0.0
193.15525289700935	0.0
193.16525368674203	0.0
193.17525447647472	0.0
193.1852552662074	0.0
193.1952560559401	0.0
193.20525684567275	0.0
193.21525763540544	0.0
193.22525842513812	0.0
193.2352592148708	0.0
193.2452600046035	0.0
193.25526079433618	0.0
193.26526158406884	0.0
193.27526237380152	0.0
193.2852631635342	0.0
193.2952639532669	0.0
193.30526474299958	0.0
193.31526553273227	0.0
193.32526632246493	0.0
193.3352671121976	0.0
193.3452679019303	0.0
193.35526869166299	0.0
193.36526948139567	0.0
193.37527027112836	0.0
193.38527106086102	0.0
193.3952718505937	0.0
193.4052726403264	0.0
193.41527343005907	0.0
193.42527421979176	0.0
193.43527500952445	0.0
193.4452757992571	0.0
193.4552765889898	0.0
193.46527737872248	0.0
193.47527816845516	0.0
193.48527895818785	0.0
193.49527974792053	0.0
193.5052805376532	0.0
193.51528132738588	0.0
193.52528211711856	0.0
193.53528290685125	0.0
193.54528369658394	0.0
193.55528448631662	0.0
193.56528527604928	0.0
193.57528606578197	0.0
193.58528685551465	0.0
193.59528764524734	0.0
193.60528843498003	0.0
193.6152892247127	0.0
193.62529001444537	0.0
193.63529080417806	0.0
193.64529159391074	0.0
193.65529238364343	0.0
193.6652931733761	0.0
193.6752939631088	0.0
193.68529475284146	0.0
193.69529554257414	0.0
193.70529633230683	0.0
193.71529712203952	0.0
193.7252979117722	0.0
193.7352987015049	0.0
193.74529949123755	0.0
193.75530028097023	0.0
193.76530107070292	0.0
193.7753018604356	0.0
193.7853026501683	0.0
193.79530343990098	0.0
193.80530422963363	0.0
193.81530501936632	0.0
193.825305809099	0.0
193.8353065988317	0.0
193.84530738856438	0.0
193.85530817829707	0.0
193.86530896802972	0.0
193.8753097577624	0.0
193.8853105474951	0.0
193.89531133722778	0.0
193.90531212696047	0.0
193.91531291669315	0.0
193.9253137064258	0.0
193.9353144961585	0.0
193.94531528589118	0.0
193.95531607562387	0.0
193.96531686535656	0.0
193.97531765508924	0.0
193.9853184448219	0.0
193.9953192345546	0.0
194.00532002428727	0.0
194.01532081401996	0.0
194.02532160375264	0.0
194.03532239348533	0.0
194.045323183218	0.0
194.05532397295067	0.0
194.06532476268336	0.0
194.07532555241605	0.0
194.08532634214873	0.0
194.09532713188142	0.0
194.10532792161408	0.0
194.11532871134676	0.0
194.12532950107945	0.0
194.13533029081213	0.0
194.14533108054482	0.0
194.1553318702775	0.0
194.16533266001017	0.0
194.17533344974285	0.0
194.18533423947554	0.0
194.19533502920822	0.0
194.2053358189409	0.0
194.2153366086736	0.0
194.22533739840625	0.0
194.23533818813894	0.0
194.24533897787163	0.0
194.2553397676043	0.0
194.265340557337	0.0
194.27534134706968	0.0
194.28534213680234	0.0
194.29534292653503	0.0
194.3053437162677	0.0
194.3153445060004	0.0
194.3253452957331	0.0
194.33534608546577	0.0
194.34534687519843	0.0
194.35534766493112	0.0
194.3653484546638	0.0
194.3753492443965	0.0
194.38535003412917	0.0
194.39535082386186	0.0
194.40535161359455	0.0
194.4153524033272	0.0
194.4253531930599	0.0
194.43535398279258	0.0
194.44535477252526	0.0
194.45535556225795	0.0
194.46535635199064	0.0
194.4753571417233	0.0
194.48535793145598	0.0
194.49535872118867	0.0
194.50535951092135	0.0
194.51536030065404	0.0
194.52536109038672	0.0
194.53536188011938	0.0
194.54536266985207	0.0
194.55536345958475	0.0
194.56536424931744	0.0
194.57536503905013	0.0
194.5853658287828	0.0
194.59536661851547	0.0
194.60536740824816	0.0
194.61536819798084	0.0
194.62536898771353	0.0
194.63536977744621	0.0
194.6453705671789	0.0
194.65537135691156	0.0
194.66537214664424	0.0
194.67537293637693	0.0
194.68537372610962	0.0
194.6953745158423	0.0
194.705375305575	0.0
194.71537609530765	0.0
194.72537688504033	0.0
194.73537767477302	0.0
194.7453784645057	0.0
194.7553792542384	0.0
194.76538004397108	0.0
194.77538083370374	0.0
194.78538162343642	0.0
194.7953824131691	0.0
194.8053832029018	0.0
194.81538399263448	0.0
194.82538478236717	0.0
194.83538557209982	0.0
194.8453863618325	0.0
194.8553871515652	0.0
194.86538794129788	0.0
194.87538873103057	0.0
194.88538952076325	0.0
194.8953903104959	0.0
194.9053911002286	0.0
194.91539188996128	0.0
194.92539267969397	0.0
194.93539346942666	0.0
194.94539425915934	0.0
194.955395048892	0.0
194.9653958386247	0.0
194.97539662835737	0.0
194.98539741809006	0.0
194.99539820782275	0.0
195.00539899755543	0.0
195.0153997872881	0.0
195.02540057702078	0.0
195.03540136675346	0.0
195.04540215648615	0.0
195.05540294621883	0.0
195.06540373595152	0.0
195.07540452568418	0.0
195.08540531541686	0.0
195.09540610514955	0.0
195.10540689488224	0.0
195.11540768461492	0.0
195.1254084743476	0.0
195.13540926408027	0.0
195.14541005381295	0.0
195.15541084354564	0.0
195.16541163327832	0.0
195.175412423011	0.0
195.1854132127437	0.0
195.19541400247635	0.0
195.20541479220904	0.0
195.21541558194173	0.0
195.2254163716744	0.0
195.2354171614071	0.0
195.24541795113979	0.0
195.25541874087244	0.0
195.26541953060513	0.0
195.27542032033782	0.0
195.2854211100705	0.0
195.2954218998032	0.0
195.30542268953587	0.0
195.31542347926853	0.0
195.32542426900122	0.0
195.3354250587339	0.0
195.3454258484666	0.0
195.35542663819928	0.0
195.36542742793196	0.0
195.37542821766462	0.0
195.3854290073973	0.0
195.39542979713	0.0
195.40543058686268	0.0
195.41543137659536	0.0
195.42543216632805	0.0
195.4354329560607	0.0
195.4454337457934	0.0
195.45543453552608	0.0
195.46543532525877	0.0
195.47543611499145	0.0
195.48543690472414	0.0
195.4954376944568	0.0
195.50543848418948	0.0
195.51543927392217	0.0
195.52544006365486	0.0
195.53544085338754	0.0
195.54544164312023	0.0
195.55544243285289	0.0
195.56544322258557	0.0
195.57544401231826	0.0
195.58544480205094	0.0
195.59544559178363	0.0
195.60544638151632	0.0
195.61544717124897	0.0
195.62544796098166	0.0
195.63544875071435	0.0
195.64544954044703	0.0
195.65545033017972	0.0
195.6654511199124	0.0
195.67545190964506	0.0
195.68545269937775	0.0
195.69545348911043	0.0
195.70545427884312	0.0
195.7154550685758	0.0
195.7254558583085	0.0
195.73545664804115	0.0
195.74545743777384	0.0
195.75545822750652	0.0
195.7654590172392	0.0
195.7754598069719	236.0
195.78546059670458	242.0
195.79546138643727	245.0
195.80546217616993	248.0
195.8154629659026	250.0
195.8254637556353	253.0
195.83546454536798	253.0
195.84546533510067	256.0
195.85546612483336	253.0
195.865466914566	248.0
195.8754677042987	242.0
195.8854684940314	239.0
195.89546928376407	236.0
195.90547007349676	231.0
195.91547086322944	228.0
195.9254716529621	226.0
195.9354724426948	220.0
195.94547323242747	215.0
195.95547402216016	210.0
195.96547481189285	203.0
195.97547560162553	199.0
195.9854763913582	192.0
195.99547718109088	187.0
196.00547797082356	183.0
196.01547876055625	181.0
196.02547955028894	181.0
196.03548034002162	181.0
196.04548112975428	181.0
196.05548191948697	183.0
196.06548270921965	185.0
196.07548349895234	190.0
196.08548428868502	196.0
196.0954850784177	203.0
196.10548586815037	208.0
196.11548665788305	218.0
196.12548744761574	231.0
196.13548823734843	239.0
196.1454890270811	248.0
196.1554898168138	248.0
196.16549060654646	245.0
196.17549139627914	242.0
196.18549218601183	239.0
196.19549297574451	242.0
196.2054937654772	242.0
196.2154945552099	242.0
196.22549534494254	242.0
196.23549613467523	242.0
196.24549692440792	242.0
196.2554977141406	242.0
196.2654985038733	239.0
196.27549929360598	239.0
196.28550008333863	239.0
196.29550087307132	239.0
196.305501662804	239.0
196.3155024525367	236.0
196.32550324226938	236.0
196.33550403200206	236.0
196.34550482173472	234.0
196.3555056114674	234.0
196.3655064012001	0.0
196.37550719093278	0.0
196.38550798066547	0.0
196.39550877039815	0.0
196.4055095601308	0.0
196.4155103498635	0.0
196.42551113959618	0.0
196.43551192932887	0.0
196.44551271906155	301.0
196.45551350879424	294.0
196.4655142985269	288.0
196.47551508825958	281.0
196.48551587799227	275.0
196.49551666772496	0.0
196.50551745745764	0.0
196.51551824719033	0.0
196.525519036923	0.0
196.53551982665567	239.0
196.54552061638836	234.0
196.55552140612104	228.0
196.56552219585373	226.0
196.57552298558642	228.0
196.58552377531907	234.0
196.59552456505176	236.0
196.60552535478445	242.0
196.61552614451713	248.0
196.62552693424982	259.0
196.6355277239825	268.0
196.64552851371516	281.0
196.65552930344785	288.0
196.66553009318054	291.0
196.67553088291322	288.0
196.6855316726459	281.0
196.6955324623786	275.0
196.70553325211125	272.0
196.71553404184394	272.0
196.72553483157662	278.0
196.7355356213093	284.0
196.745536411042	291.0
196.75553720077468	305.0
196.76553799050734	319.0
196.77553878024003	327.0
196.7855395699727	331.0
196.7955403597054	327.0
196.80554114943808	323.0
196.81554193917077	319.0
196.82554272890343	316.0
196.83554351863611	319.0
196.8455443083688	331.0
196.8555450981015	342.0
196.86554588783417	358.0
196.87554667756686	389.0
196.88554746729952	402.0
196.8955482570322	402.0
196.9055490467649	398.0
196.91554983649758	0.0
196.92555062623026	323.0
196.93555141596295	323.0
196.9455522056956	327.0
196.9555529954283	327.0
196.96555378516098	334.0
196.97555457489366	346.0
196.98555536462635	367.0
196.99555615435904	375.0
197.0055569440917	338.0
197.01555773382438	331.0
197.02555852355707	331.0
197.03555931328975	0.0
197.04556010302244	275.0
197.05556089275512	275.0
197.06556168248778	278.0
197.07556247222047	284.0
197.08556326195315	288.0
197.09556405168584	288.0
197.10556484141853	284.0
197.1155656311512	278.0
197.12556642088387	268.0
197.13556721061656	250.0
197.14556800034924	239.0
197.15556879008193	234.0
197.16556957981462	223.0
197.1755703695473	218.0
197.18557115928	215.0
197.19557194901265	218.0
197.20557273874533	220.0
197.21557352847802	226.0
197.2255743182107	236.0
197.2355751079434	248.0
197.24557589767608	259.0
197.25557668740873	268.0
197.26557747714142	278.0
197.2755782668741	284.0
197.2855790566068	288.0
197.29557984633948	284.0
197.30558063607216	281.0
197.31558142580482	278.0
197.3255822155375	275.0
197.3355830052702	272.0
197.34558379500288	268.0
197.35558458473557	265.0
197.36558537446825	259.0
197.3755861642009	256.0
197.3855869539336	250.0
197.39558774366628	245.0
197.40558853339897	239.0
197.41558932313166	236.0
197.42559011286434	231.0
197.435590902597	228.0
197.44559169232969	226.0
197.45559248206237	223.0
197.46559327179506	223.0
197.47559406152774	226.0
197.48559485126043	228.0
197.4955956409931	234.0
197.50559643072577	242.0
197.51559722045846	250.0
197.52559801019115	256.0
197.53559879992383	259.0
197.54559958965652	268.0
197.55560037938918	278.0
197.56560116912186	278.0
197.57560195885455	278.0
197.58560274858723	278.0
197.59560353831992	278.0
197.6056043280526	278.0
197.61560511778526	278.0
197.62560590751795	278.0
197.63560669725064	278.0
197.64560748698332	278.0
197.655608276716	275.0
197.6656090664487	275.0
197.67560985618135	272.0
197.68561064591404	272.0
197.69561143564673	272.0
197.7056122253794	272.0
197.7156130151121	272.0
197.72561380484478	272.0
197.73561459457744	272.0
197.74561538431013	272.0
197.7556161740428	272.0
197.7656169637755	268.0
197.7756177535082	268.0
197.78561854324087	265.0
197.79561933297353	262.0
197.80562012270622	262.0
197.8156209124389	259.0
197.8256217021716	256.0
197.83562249190427	256.0
197.84562328163696	253.0
197.85562407136962	250.0
197.8656248611023	248.0
197.875625650835	245.0
197.88562644056768	242.0
197.89562723030036	236.0
197.90562802003305	234.0
197.9156288097657	231.0
197.9256295994984	228.0
197.93563038923108	228.0
197.94563117896377	226.0
197.95563196869645	0.0
197.96563275842914	0.0
197.9756335481618	0.0
197.98563433789448	0.0
197.99563512762717	275.0
198.00563591735985	275.0
198.01563670709254	281.0
198.02563749682523	281.0
198.03563828655788	278.0
198.04563907629057	278.0
198.05563986602326	275.0
198.06564065575594	275.0
198.07564144548863	275.0
198.08564223522131	275.0
198.09564302495397	275.0
198.10564381468666	278.0
198.11564460441934	275.0
198.12564539415203	272.0
198.13564618388472	268.0
198.1456469736174	262.0
198.15564776335006	250.0
198.16564855308275	239.0
198.17564934281543	234.0
198.18565013254812	228.0
198.1956509222808	228.0
198.2056517120135	231.0
198.21565250174615	0.0
198.22565329147884	275.0
198.23565408121152	272.0
198.2456548709442	272.0
198.2556556606769	275.0
198.26565645040958	275.0
198.27565724014224	275.0
198.28565802987492	281.0
198.2956588196076	281.0
198.3056596093403	278.0
198.31566039907298	275.0
198.32566118880567	268.0
198.33566197853833	265.0
198.345662768271	259.0
198.3556635580037	253.0
198.36566434773638	248.0
198.37566513746907	0.0
198.38566592720176	0.0
198.39566671693441	0.0
198.4056675066671	0.0
198.4156682963998	234.0
198.42566908613247	231.0
198.43566987586516	228.0
198.44567066559785	226.0
198.4556714553305	226.0
198.4656722450632	228.0
198.47567303479588	236.0
198.48567382452856	250.0
198.49567461426125	259.0
198.50567540399393	268.0
198.5156761937266	275.0
198.52567698345928	278.0
198.53567777319196	275.0
198.54567856292465	275.0
198.55567935265734	275.0
198.56568014239002	275.0
198.5756809321227	278.0
198.58568172185537	278.0
198.59568251158805	278.0
198.60568330132074	278.0
198.61568409105342	278.0
198.6256848807861	278.0
198.6356856705188	278.0
198.64568646025145	278.0
198.65568724998414	278.0
198.66568803971683	278.0
198.6756888294495	278.0
198.6856896191822	278.0
198.69569040891488	278.0
198.70569119864754	278.0
198.71569198838023	278.0
198.72569277811291	278.0
198.7356935678456	278.0
198.7456943575783	278.0
198.75569514731097	278.0
198.76569593704363	278.0
198.77569672677632	278.0
198.785697516509	278.0
198.7956983062417	278.0
198.80569909597438	278.0
198.81569988570706	278.0
198.82570067543972	278.0
198.8357014651724	278.0
198.8457022549051	278.0
198.85570304463778	278.0
198.86570383437046	278.0
198.87570462410315	278.0
198.8857054138358	278.0
198.8957062035685	278.0
198.90570699330118	278.0
198.91570778303387	278.0
198.92570857276655	275.0
198.93570936249924	275.0
198.9457101522319	275.0
198.95571094196458	275.0
198.96571173169727	272.0
198.97571252142995	268.0
198.98571331116264	268.0
198.99571410089533	268.0
199.00571489062798	0.0
199.01571568036067	0.0
199.02571647009336	0.0
199.03571725982604	0.0
199.04571804955873	0.0
199.05571883929142	0.0
199.06571962902407	0.0
199.07572041875676	0.0
199.08572120848945	0.0
199.09572199822213	0.0
199.10572278795482	0.0
199.1157235776875	0.0
199.12572436742016	0.0
199.13572515715285	0.0
199.14572594688553	0.0
199.15572673661822	0.0
199.1657275263509	0.0
199.1757283160836	0.0
199.18572910581625	0.0
199.19572989554894	0.0
199.20573068528162	0.0
199.2157314750143	0.0
199.225732264747	0.0
199.23573305447968	0.0
199.24573384421234	0.0
199.25573463394502	0.0
199.2657354236777	0.0
199.2757362134104	0.0
199.28573700314308	0.0
199.29573779287577	0.0
199.30573858260843	0.0
199.3157393723411	0.0
199.3257401620738	0.0
199.33574095180649	0.0
199.34574174153917	0.0
199.35574253127186	0.0
199.36574332100452	0.0
199.3757441107372	0.0
199.3857449004699	0.0
199.39574569020257	0.0
199.40574647993526	0.0
199.41574726966795	0.0
199.4257480594006	0.0
199.4357488491333	0.0
199.44574963886598	0.0
199.45575042859866	0.0
199.46575121833135	0.0
199.47575200806403	0.0
199.4857527977967	0.0
199.49575358752938	0.0
199.50575437726206	0.0
199.51575516699475	0.0
199.52575595672744	0.0
199.53575674646012	0.0
199.54575753619278	0.0
199.55575832592547	0.0
199.56575911565815	0.0
199.57575990539084	0.0
199.58576069512353	0.0
199.5957614848562	0.0
199.60576227458887	0.0
199.61576306432156	0.0
199.62576385405424	0.0
199.63576464378693	0.0
199.6457654335196	0.0
199.6557662232523	0.0
199.66576701298496	0.0
199.67576780271764	0.0
199.68576859245033	0.0
199.69576938218302	0.0
199.7057701719157	0.0
199.7157709616484	0.0
199.72577175138105	0.0
199.73577254111373	0.0
199.74577333084642	0.0
199.7557741205791	0.0
199.7657749103118	0.0
199.77577570004448	0.0
199.78577648977713	0.0
199.79577727950982	0.0
199.8057780692425	0.0
199.8157788589752	0.0
199.82577964870788	0.0
199.83578043844057	0.0
199.84578122817322	0.0
199.8557820179059	0.0
199.8657828076386	0.0
199.87578359737128	0.0
199.88578438710397	0.0
199.89578517683665	0.0
199.9057859665693	0.0
199.915786756302	0.0
199.92578754603468	0.0
199.93578833576737	0.0
199.94578912550006	0.0
199.95578991523274	0.0
199.96579070496543	0.0
199.9757914946981	0.0
199.98579228443077	0.0
199.99579307416346	0.0
200.00579386389614	0.0
200.01579465362883	0.0
200.02579544336152	0.0
200.03579623309417	0.0
200.04579702282686	0.0
200.05579781255955	0.0
200.06579860229223	0.0
200.07579939202492	0.0
200.0858001817576	0.0
200.09580097149026	0.0
200.10580176122295	0.0
200.11580255095564	0.0
200.12580334068832	0.0
200.135804130421	0.0
200.1458049201537	0.0
200.15580570988635	0.0
200.16580649961904	0.0
200.17580728935172	0.0
200.1858080790844	0.0
200.1958088688171	0.0
200.20580965854978	0.0
200.21581044828244	0.0
200.22581123801513	0.0
200.2358120277478	0.0
200.2458128174805	0.0
200.25581360721318	0.0
200.26581439694587	0.0
200.27581518667853	0.0
200.28581597641121	0.0
200.2958167661439	0.0
200.3058175558766	0.0
200.31581834560927	0.0
200.32581913534196	0.0
200.33581992507462	0.0
200.3458207148073	0.0
200.35582150454	0.0
200.36582229427268	0.0
200.37582308400536	0.0
200.38582387373805	0.0
200.3958246634707	0.0
200.4058254532034	0.0
200.41582624293608	0.0
200.42582703266876	0.0
200.43582782240145	0.0
200.44582861213414	0.0
200.4558294018668	0.0
200.46583019159948	0.0
200.47583098133217	0.0
200.48583177106485	0.0
200.49583256079754	0.0
200.50583335053022	0.0
200.51583414026288	0.0
200.52583492999557	0.0
200.53583571972825	0.0
200.54583650946094	0.0
200.55583729919363	0.0
200.5658380889263	0.0
200.57583887865897	0.0
200.58583966839166	0.0
200.59584045812434	0.0
200.60584124785703	0.0
200.61584203758972	0.0
200.6258428273224	0.0
200.63584361705506	0.0
200.64584440678775	0.0
200.65584519652043	0.0
200.66584598625312	0.0
200.6758467759858	0.0
200.6858475657185	0.0
200.69584835545115	0.0
200.70584914518383	0.0
200.71584993491652	0.0
200.7258507246492	0.0
200.7358515143819	0.0
200.74585230411458	0.0
200.75585309384724	0.0
200.76585388357992	0.0
200.7758546733126	0.0
200.7858554630453	0.0
200.79585625277798	0.0
200.80585704251067	0.0
200.81585783224332	0.0
200.825858621976	0.0
200.8358594117087	0.0
200.84586020144138	0.0
200.85586099117407	0.0
200.86586178090676	0.0
200.8758625706394	0.0
200.8858633603721	0.0
200.89586415010479	0.0
200.90586493983747	0.0
200.91586572957016	0.0
200.92586651930284	0.0
200.9358673090355	0.0
200.9458680987682	0.0
200.95586888850087	0.0
200.96586967823356	0.0
200.97587046796625	0.0
200.98587125769893	0.0
200.9958720474316	0.0
201.00587283716428	0.0
201.01587362689696	0.0
201.02587441662965	0.0
201.03587520636233	0.0
201.04587599609502	0.0
201.05587678582768	0.0
201.06587757556036	0.0
201.07587836529305	0.0
201.08587915502574	0.0
201.09587994475842	0.0
201.1058807344911	0.0
201.11588152422377	0.0
201.12588231395645	0.0
201.13588310368914	0.0
201.14588389342182	0.0
201.1558846831545	0.0
201.1658854728872	0.0
201.17588626261985	0.0
201.18588705235254	0.0
201.19588784208523	0.0
201.2058886318179	0.0
201.2158894215506	0.0
201.22589021128329	0.0
201.23589100101594	0.0
201.24589179074863	0.0
201.25589258048132	0.0
201.265893370214	0.0
201.2758941599467	0.0
201.28589494967937	0.0
201.29589573941203	0.0
201.30589652914472	0.0
201.3158973188774	0.0
201.3258981086101	0.0
201.33589889834278	0.0
201.34589968807546	0.0
201.35590047780815	0.0
201.3659012675408	0.0
201.3759020572735	0.0
201.38590284700618	0.0
201.39590363673886	0.0
201.40590442647155	0.0
201.41590521620424	0.0
201.4259060059369	0.0
201.43590679566958	0.0
201.44590758540227	0.0
201.45590837513495	0.0
201.46590916486764	0.0
201.47590995460033	0.0
201.48591074433298	0.0
201.49591153406567	0.0
201.50591232379836	0.0
201.51591311353104	0.0
201.52591390326373	0.0
201.5359146929964	0.0
201.54591548272907	0.0
201.55591627246176	0.0
201.56591706219444	0.0
201.57591785192713	0.0
201.58591864165982	0.0
201.5959194313925	0.0
201.60592022112516	0.0
201.61592101085785	0.0
201.62592180059053	0.0
201.63592259032322	0.0
201.6459233800559	0.0
201.6559241697886	0.0
201.66592495952125	0.0
201.67592574925393	0.0
201.68592653898662	0.0
201.6959273287193	0.0
201.705928118452	0.0
201.71592890818468	0.0
201.72592969791734	0.0
201.73593048765002	0.0
201.7459312773827	0.0
201.7559320671154	0.0
201.76593285684808	0.0
201.77593364658077	0.0
201.78593443631343	0.0
201.7959352260461	0.0
201.8059360157788	0.0
201.81593680551148	0.0
201.82593759524417	0.0
201.83593838497686	0.0
201.8459391747095	0.0
201.8559399644422	0.0
201.8659407541749	0.0
201.87594154390757	0.0
201.88594233364026	0.0
201.89594312337294	0.0
201.9059439131056	0.0
201.9159447028383	0.0
201.92594549257097	0.0
201.93594628230366	0.0
201.94594707203635	0.0
201.95594786176903	0.0
201.9659486515017	0.0
201.97594944123438	0.0
201.98595023096706	0.0
201.99595102069975	0.0
202.00595181043244	0.0
202.01595260016512	0.0
202.02595338989778	0.0
202.03595417963047	0.0
202.04595496936315	0.0
202.05595575909584	0.0
202.06595654882852	0.0
202.0759573385612	0.0
202.08595812829387	0.0
202.09595891802655	0.0
202.10595970775924	0.0
202.11596049749193	0.0
202.1259612872246	0.0
202.1359620769573	0.0
202.14596286668996	0.0
202.15596365642264	0.0
202.16596444615533	0.0
202.17596523588801	0.0
202.1859660256207	0.0
202.1959668153534	0.0
202.20596760508604	0.0
202.21596839481873	0.0
202.22596918455142	0.0
202.2359699742841	0.0
202.2459707640168	0.0
202.25597155374948	0.0
202.26597234348213	0.0
202.27597313321482	0.0
202.2859739229475	0.0
202.2959747126802	0.0
202.30597550241288	0.0
202.31597629214556	0.0
202.32597708187822	0.0
202.3359778716109	0.0
202.3459786613436	0.0
202.35597945107628	0.0
202.36598024080897	0.0
202.37598103054165	0.0
202.3859818202743	0.0
202.395982610007	0.0
202.40598339973968	0.0
202.41598418947237	0.0
202.42598497920505	0.0
202.43598576893774	0.0
202.4459865586704	0.0
202.45598734840308	0.0
202.46598813813577	0.0
202.47598892786846	0.0
202.48598971760114	0.0
202.49599050733383	0.0
202.5059912970665	0.0
202.51599208679917	0.0
202.52599287653186	0.0
202.53599366626455	0.0
202.54599445599723	0.0
202.55599524572992	0.0
202.56599603546258	0.0
202.57599682519526	0.0
202.58599761492795	0.0
202.59599840466063	0.0
202.60599919439332	0.0
202.615999984126	0.0
202.62600077385866	0.0
202.63600156359135	0.0
202.64600235332404	0.0
202.65600314305672	0.0
202.6660039327894	0.0
202.6760047225221	0.0
202.68600551225475	0.0
202.69600630198744	0.0
202.70600709172012	0.0
202.7160078814528	0.0
202.7260086711855	0.0
202.73600946091818	0.0
202.74601025065087	0.0
202.75601104038353	0.0
202.7660118301162	0.0
202.7760126198489	0.0
202.78601340958159	0.0
202.79601419931427	0.0
202.80601498904696	0.0
202.81601577877962	0.0
202.8260165685123	0.0
202.836017358245	0.0
202.84601814797767	0.0
202.85601893771036	0.0
202.86601972744305	0.0
202.8760205171757	0.0
202.8860213069084	0.0
202.89602209664108	0.0
202.90602288637376	0.0
202.91602367610645	0.0
202.92602446583913	0.0
202.9360252555718	0.0
202.94602604530448	0.0
202.95602683503716	0.0
202.96602762476985	0.0
202.97602841450254	0.0
202.98602920423522	0.0
202.99602999396788	0.0
203.00603078370057	0.0
203.01603157343325	0.0
203.02603236316594	0.0
203.03603315289863	0.0
203.0460339426313	0.0
203.05603473236397	0.0
203.06603552209666	0.0
203.07603631182934	0.0
203.08603710156203	0.0
203.0960378912947	0.0
203.1060386810274	0.0
203.11603947076006	0.0
203.12604026049274	0.0
203.13604105022543	0.0
203.14604183995812	0.0
203.1560426296908	0.0
203.1660434194235	0.0
203.17604420915615	0.0
203.18604499888883	0.0
203.19604578862152	0.0
203.2060465783542	0.0
203.2160473680869	0.0
203.22604815781958	0.0
203.23604894755223	0.0
203.24604973728492	0.0
203.2560505270176	0.0
203.2660513167503	0.0
203.27605210648298	0.0
203.28605289621566	0.0
203.29605368594832	0.0
203.306054475681	0.0
203.3160552654137	0.0
203.32605605514638	0.0
203.33605684487907	0.0
203.34605763461175	0.0
203.3560584243444	0.0
203.3660592140771	0.0
203.37606000380978	0.0
203.38606079354247	0.0
203.39606158327516	0.0
203.40606237300784	0.0
203.4160631627405	0.0
203.42606395247319	0.0
203.43606474220587	0.0
203.44606553193856	0.0
203.45606632167124	0.0
203.46606711140393	0.0
203.4760679011366	0.0
203.48606869086927	0.0
203.49606948060196	0.0
203.50607027033465	0.0
203.51607106006733	0.0
203.52607184980002	0.0
203.53607263953268	0.0
203.54607342926536	0.0
203.55607421899805	0.0
203.56607500873073	0.0
203.57607579846342	0.0
203.5860765881961	0.0
203.59607737792876	0.0
203.60607816766145	0.0
203.61607895739414	0.0
203.62607974712682	0.0
203.6360805368595	0.0
203.6460813265922	0.0
203.65608211632485	0.0
203.66608290605754	0.0
203.67608369579023	0.0
203.6860844855229	0.0
203.6960852752556	0.0
203.70608606498828	0.0
203.71608685472094	0.0
203.72608764445363	0.0
203.7360884341863	0.0
203.746089223919	0.0
203.7560900136517	0.0
203.76609080338437	0.0
203.77609159311703	0.0
203.78609238284972	0.0
203.7960931725824	0.0
203.8060939623151	0.0
203.81609475204777	0.0
203.82609554178046	0.0
203.83609633151312	0.0
203.8460971212458	0.0
203.8560979109785	0.0
203.86609870071118	0.0
203.87609949044386	0.0
203.88610028017655	0.0
203.8961010699092	0.0
203.9061018596419	0.0
203.91610264937458	0.0
203.92610343910727	0.0
203.93610422883995	0.0
203.94610501857264	0.0
203.9561058083053	0.0
203.96610659803798	0.0
203.97610738777067	0.0
203.98610817750335	0.0
203.99610896723604	0.0
204.00610975696873	0.0
204.01611054670138	0.0
204.02611133643407	0.0
204.03611212616676	0.0
204.04611291589944	0.0
204.05611370563213	0.0
204.06611449536481	0.0
204.07611528509747	0.0
204.08611607483016	0.0
204.09611686456284	0.0
204.10611765429553	0.0
204.11611844402822	0.0
204.1261192337609	0.0
204.1361200234936	0.0
204.14612081322625	0.0
204.15612160295893	0.0
204.16612239269162	0.0
204.1761231824243	0.0
204.186123972157	0.0
204.19612476188968	0.0
204.20612555162234	0.0
204.21612634135502	0.0
204.2261271310877	0.0
204.2361279208204	0.0
204.24612871055308	0.0
204.25612950028577	0.0
204.26613029001842	0.0
204.2761310797511	0.0
204.2861318694838	0.0
204.29613265921648	0.0
204.30613344894917	0.0
204.31613423868185	0.0
204.3261350284145	0.0
204.3361358181472	0.0
204.34613660787988	0.0
204.35613739761257	0.0
204.36613818734526	0.0
204.37613897707794	0.0
204.3861397668106	0.0
204.3961405565433	0.0
204.40614134627597	0.0
204.41614213600866	0.0
204.42614292574135	0.0
204.43614371547403	0.0
204.4461445052067	0.0
204.45614529493938	0.0
204.46614608467206	0.0
204.47614687440475	0.0
204.48614766413743	0.0
204.49614845387012	0.0
204.50614924360278	0.0
204.51615003333546	0.0
204.52615082306815	0.0
204.53615161280084	0.0
204.54615240253352	0.0
204.5561531922662	0.0
204.56615398199887	0.0
204.57615477173155	0.0
204.58615556146424	0.0
204.59615635119692	0.0
204.6061571409296	0.0
204.6161579306623	0.0
204.62615872039495	0.0
204.63615951012764	0.0
204.64616029986033	0.0
204.656161089593	0.0
204.6661618793257	0.0
204.67616266905839	0.0
204.68616345879104	0.0
204.69616424852373	0.0
204.70616503825642	0.0
204.7161658279891	0.0
204.7261666177218	0.0
204.73616740745447	0.0
204.74616819718713	0.0
204.75616898691982	0.0
204.7661697766525	0.0
204.7761705663852	0.0
204.78617135611788	0.0
204.79617214585056	0.0
204.80617293558322	0.0
204.8161737253159	0.0
204.8261745150486	0.0
204.83617530478128	0.0
204.84617609451396	0.0
204.85617688424665	0.0
204.8661776739793	0.0
204.876178463712	0.0
204.88617925344468	0.0
204.89618004317737	0.0
204.90618083291005	0.0
204.91618162264274	0.0
204.9261824123754	0.0
204.93618320210808	0.0
204.94618399184077	0.0
204.95618478157346	0.0
204.96618557130614	0.0
204.97618636103883	0.0
204.98618715077149	0.0
204.99618794050417	0.0
205.00618873023686	0.0
205.01618951996954	0.0
205.02619030970223	0.0
205.03619109943492	0.0
205.04619188916757	0.0
205.05619267890026	0.0
205.06619346863295	0.0
205.07619425836563	0.0
205.08619504809832	0.0
205.096195837831	0.0
205.10619662756366	0.0
205.11619741729635	0.0
205.12619820702903	0.0
205.13619899676172	0.0
205.1461997864944	0.0
205.1562005762271	0.0
205.16620136595975	0.0
205.17620215569244	0.0
205.18620294542512	0.0
205.1962037351578	0.0
205.2062045248905	0.0
205.21620531462318	0.0
205.22620610435584	0.0
205.23620689408853	0.0
205.2462076838212	0.0
205.2562084735539	0.0
205.26620926328658	0.0
205.27621005301927	0.0
205.28621084275193	0.0
205.2962116324846	0.0
205.3062124222173	0.0
205.31621321195	0.0
205.32621400168267	0.0
205.33621479141536	0.0
205.34621558114802	0.0
205.3562163708807	0.0
205.3662171606134	0.0
205.37621795034607	0.0
205.38621874007876	0.0
205.39621952981145	0.0
205.4062203195441	0.0
205.4162211092768	0.0
205.42622189900948	0.0
205.43622268874216	0.0
205.44622347847485	0.0
205.45622426820754	0.0
205.4662250579402	0.0
205.47622584767288	0.0
205.48622663740557	0.0
205.49622742713825	0.0
205.50622821687094	0.0
205.51622900660362	0.0
205.5262297963363	0.0
205.53623058606897	0.0
205.54623137580165	0.0
205.55623216553434	0.0
205.56623295526703	0.0
205.5762337449997	0.0
205.5862345347324	0.0
205.59623532446506	0.0
205.60623611419774	0.0
205.61623690393043	0.0
205.62623769366311	0.0
205.6362384833958	0.0
205.6462392731285	0.0
205.65624006286114	0.0
205.66624085259383	0.0
205.67624164232652	0.0
205.6862424320592	0.0
205.6962432217919	0.0
205.70624401152457	0.0
205.71624480125723	0.0
205.72624559098992	0.0
205.7362463807226	0.0
205.7462471704553	0.0
205.75624796018798	0.0
205.76624874992066	0.0
205.77624953965332	0.0
205.786250329386	0.0
205.7962511191187	0.0
205.80625190885138	0.0
205.81625269858407	0.0
205.82625348831675	0.0
205.8362542780494	0.0
205.8462550677821	0.0
205.85625585751478	0.0
205.86625664724747	0.0
205.87625743698015	0.0
205.88625822671284	0.0
205.8962590164455	0.0
205.90625980617818	0.0
205.91626059591087	0.0
205.92626138564356	0.0
205.93626217537624	0.0
205.94626296510893	0.0
205.9562637548416	0.0
205.96626454457427	0.0
205.97626533430696	0.0
205.98626612403964	0.0
205.99626691377233	0.0
206.00626770350502	0.0
206.01626849323767	0.0
206.02626928297036	0.0
206.03627007270305	0.0
206.04627086243573	0.0
206.05627165216842	0.0
206.0662724419011	0.0
206.07627323163376	0.0
206.08627402136645	0.0
206.09627481109914	0.0
206.10627560083182	0.0
206.1162763905645	0.0
206.1262771802972	0.0
206.13627797002985	0.0
206.14627875976254	0.0
206.15627954949522	0.0
206.1662803392279	0.0
206.1762811289606	0.0
206.18628191869328	0.0
206.19628270842594	0.0
206.20628349815863	236.0
206.2162842878913	236.0
206.226285077624	236.0
206.23628586735668	236.0
206.24628665708937	234.0
206.25628744682203	234.0
206.26628823655471	231.0
206.2762890262874	231.0
206.2862898160201	231.0
206.29629060575277	231.0
206.30629139548546	231.0
206.31629218521812	234.0
206.3262929749508	234.0
206.3362937646835	231.0
206.34629455441618	231.0
206.35629534414886	228.0
206.36629613388155	226.0
206.3762969236142	226.0
206.3862977133469	226.0
206.39629850307958	226.0
206.40629929281226	231.0
206.41630008254495	239.0
206.42630087227764	248.0
206.4363016620103	265.0
206.44630245174298	291.0
206.45630324147567	308.0
206.46630403120835	316.0
206.47630482094104	312.0
206.48630561067372	298.0
206.49630640040638	288.0
206.50630719013907	278.0
206.51630797987175	268.0
206.52630876960444	265.0
206.53630955933713	218.0
206.5463103490698	220.0
206.55631113880247	228.0
206.56631192853516	236.0
206.57631271826784	242.0
206.58631350800053	250.0
206.59631429773322	259.0
206.6063150874659	265.0
206.61631587719856	272.0
206.62631666693125	272.0
206.63631745666393	272.0
206.64631824639662	268.0
206.6563190361293	262.0
206.666319825862	256.0
206.67632061559465	253.0
206.68632140532733	259.0
206.69632219506002	275.0
206.7063229847927	291.0
206.7163237745254	308.0
206.72632456425808	319.0
206.73632535399074	331.0
206.74632614372342	331.0
206.7563269334561	331.0
206.7663277231888	327.0
206.77632851292148	316.0
206.78632930265417	301.0
206.79633009238682	298.0
206.8063308821195	301.0
206.8163316718522	305.0
206.82633246158488	316.0
206.83633325131757	327.0
206.84633404105026	334.0
206.8563348307829	346.0
206.8663356205156	358.0
206.87633641024829	363.0
206.88633719998097	358.0
206.89633798971366	354.0
206.90633877944634	350.0
206.91633956917903	346.0
206.9263403589117	346.0
206.93634114864437	342.0
206.94634193837706	342.0
206.95634272810975	342.0
206.96634351784243	342.0
206.97634430757512	342.0
206.98634509730778	342.0
206.99634588704046	342.0
207.00634667677315	346.0
207.01634746650583	354.0
207.02634825623852	358.0
207.0363490459712	367.0
207.04634983570386	367.0
207.05635062543655	367.0
207.06635141516924	367.0
207.07635220490192	363.0
207.0863529946346	354.0
207.0963537843673	350.0
207.10635457409995	346.0
207.11635536383264	346.0
207.12635615356533	342.0
207.136356943298	342.0
207.1463577330307	338.0
207.15635852276338	334.0
207.16635931249604	331.0
207.17636010222873	323.0
207.1863608919614	319.0
207.1963616816941	316.0
207.2063624714268	312.0
207.21636326115947	312.0
207.22636405089213	308.0
207.23636484062482	308.0
207.2463656303575	305.0
207.2563664200902	305.0
207.26636720982287	305.0
207.27636799955556	305.0
207.28636878928822	301.0
207.2963695790209	298.0
207.3063703687536	291.0
207.31637115848628	291.0
207.32637194821896	305.0
207.33637273795165	316.0
207.3463735276843	323.0
207.356374317417	331.0
207.36637510714968	334.0
207.37637589688237	331.0
207.38637668661505	334.0
207.39637747634774	334.0
207.4063782660804	331.0
207.41637905581308	327.0
207.42637984554577	323.0
207.43638063527845	319.0
207.44638142501114	316.0
207.45638221474383	316.0
207.46638300447648	316.0
207.47638379420917	316.0
207.48638458394186	316.0
207.49638537367454	316.0
207.50638616340723	312.0
207.51638695313991	312.0
207.52638774287257	308.0
207.53638853260526	308.0
207.54638932233794	305.0
207.55639011207063	305.0
207.56639090180332	305.0
207.576391691536	305.0
207.58639248126866	308.0
207.59639327100135	312.0
207.60639406073403	316.0
207.61639485046672	319.0
207.6263956401994	323.0
207.6363964299321	327.0
207.64639721966475	331.0
207.65639800939744	334.0
207.66639879913012	338.0
207.6763995888628	338.0
207.6864003785955	334.0
207.69640116832818	331.0
207.70640195806084	327.0
207.71640274779352	312.0
207.7264035375262	312.0
207.7364043272589	0.0
207.74640511699158	0.0
207.75640590672427	0.0
207.76640669645693	0.0
207.7764074861896	0.0
207.7864082759223	0.0
207.79640906565498	0.0
207.80640985538767	0.0
207.81641064512036	0.0
207.82641143485301	0.0
207.8364122245857	0.0
207.8464130143184	0.0
207.85641380405107	0.0
207.86641459378376	0.0
207.87641538351644	0.0
207.8864161732491	0.0
207.8964169629818	0.0
207.90641775271448	0.0
207.91641854244716	0.0
207.92641933217985	0.0
207.93642012191253	0.0
207.9464209116452	0.0
207.95642170137788	0.0
207.96642249111056	0.0
207.97642328084325	0.0
207.98642407057594	0.0
207.99642486030862	0.0
208.00642565004128	0.0
208.01642643977397	0.0
208.02642722950665	0.0
208.03642801923934	0.0
208.04642880897202	0.0
208.0564295987047	0.0
208.06643038843737	0.0
208.07643117817005	0.0
208.08643196790274	0.0
208.09643275763543	0.0
208.1064335473681	0.0
208.1164343371008	0.0
208.12643512683346	0.0
208.13643591656614	0.0
208.14643670629883	0.0
208.15643749603151	0.0
208.1664382857642	0.0
208.1764390754969	0.0
208.18643986522954	0.0
208.19644065496223	0.0
208.20644144469492	0.0
208.2164422344276	0.0
208.2264430241603	0.0
208.23644381389298	0.0
208.24644460362563	0.0
208.25644539335832	0.0
208.266446183091	0.0
208.2764469728237	0.0
208.28644776255638	0.0
208.29644855228906	0.0
208.30644934202175	0.0
208.3164501317544	0.0
208.3264509214871	0.0
208.33645171121978	0.0
208.34645250095247	0.0
208.35645329068515	0.0
208.36645408041784	0.0
208.3764548701505	0.0
208.38645565988318	0.0
208.39645644961587	0.0
208.40645723934855	0.0
208.41645802908124	0.0
208.42645881881393	0.0
208.43645960854658	0.0
208.44646039827927	0.0
208.45646118801196	0.0
208.46646197774464	0.0
208.47646276747733	0.0
208.48646355721002	0.0
208.49646434694267	0.0
208.50646513667536	0.0
208.51646592640805	0.0
208.52646671614073	0.0
208.53646750587342	0.0
208.5464682956061	0.0
208.55646908533876	0.0
208.56646987507145	0.0
208.57647066480413	0.0
208.58647145453682	0.0
208.5964722442695	0.0
208.6064730340022	0.0
208.61647382373485	0.0
208.62647461346754	0.0
208.63647540320022	0.0
208.6464761929329	0.0
208.6564769826656	0.0
208.66647777239828	0.0
208.67647856213094	0.0
208.68647935186362	0.0
208.6964801415963	0.0
208.706480931329	0.0
208.71648172106168	0.0
208.72648251079437	0.0
208.73648330052703	0.0
208.7464840902597	0.0
208.7564848799924	0.0
208.76648566972509	0.0
208.77648645945777	0.0
208.78648724919046	0.0
208.79648803892312	0.0
208.8064888286558	0.0
208.8164896183885	0.0
208.82649040812117	0.0
208.83649119785386	0.0
208.84649198758655	0.0
208.8564927773192	0.0
208.8664935670519	0.0
208.87649435678458	0.0
208.88649514651726	0.0
208.89649593624995	0.0
208.90649672598263	0.0
208.9164975157153	0.0
208.92649830544798	0.0
208.93649909518066	0.0
208.94649988491335	0.0
208.95650067464604	0.0
208.96650146437872	0.0
208.97650225411138	0.0
208.98650304384407	0.0
208.99650383357675	0.0
209.00650462330944	0.0
209.01650541304213	0.0
209.0265062027748	0.0
209.03650699250747	0.0
209.04650778224016	0.0
209.05650857197284	0.0
209.06650936170553	0.0
209.0765101514382	0.0
209.0865109411709	0.0
209.09651173090356	0.0
209.10651252063624	0.0
209.11651331036893	0.0
209.12651410010162	0.0
209.1365148898343	0.0
209.146515679567	0.0
209.15651646929965	0.0
209.16651725903233	0.0
209.17651804876502	0.0
209.1865188384977	0.0
209.1965196282304	0.0
209.20652041796308	0.0
209.21652120769573	0.0
209.22652199742842	0.0
209.2365227871611	0.0
209.2465235768938	0.0
209.25652436662648	0.0
209.26652515635917	0.0
209.27652594609182	0.0
209.2865267358245	0.0
209.2965275255572	0.0
209.30652831528988	0.0
209.31652910502257	0.0
209.32652989475525	0.0
209.3365306844879	0.0
209.3465314742206	0.0
209.35653226395328	0.0
209.36653305368597	0.0
209.37653384341866	0.0
209.38653463315134	0.0
209.396535422884	0.0
209.4065362126167	0.0
209.41653700234937	0.0
209.42653779208206	0.0
209.43653858181474	0.0
209.44653937154743	0.0
209.4565401612801	0.0
209.46654095101277	0.0
209.47654174074546	0.0
209.48654253047815	0.0
209.49654332021083	0.0
209.50654410994352	0.0
209.51654489967618	0.0
209.52654568940886	0.0
209.53654647914155	0.0
209.54654726887424	0.0
209.55654805860692	0.0
209.5665488483396	0.0
209.57654963807227	206.0
209.58655042780495	213.0
209.59655121753764	220.0
209.60655200727032	234.0
209.616552797003	253.0
209.6265535867357	265.0
209.63655437646835	278.0
209.64655516620104	294.0
209.65655595593373	308.0
209.6665567456664	323.0
209.6765575353991	334.0
209.68655832513178	338.0
209.69655911486447	338.0
209.70655990459713	338.0
209.71656069432981	338.0
209.7265614840625	338.0
209.7365622737952	346.0
209.74656306352787	346.0
209.75656385326056	346.0
209.76656464299322	342.0
209.7765654327259	338.0
209.7865662224586	334.0
209.79656701219128	331.0
209.80656780192396	323.0
209.81656859165665	319.0
209.8265693813893	312.0
209.836570171122	308.0
209.84657096085468	308.0
209.85657175058736	308.0
209.86657254032005	312.0
209.87657333005274	312.0
209.8865741197854	308.0
209.89657490951808	308.0
209.90657569925077	308.0
209.91657648898345	308.0
209.92657727871614	0.0
209.93657806844882	308.0
209.94657885818148	312.0
209.95657964791417	312.0
209.96658043764685	312.0
209.97658122737954	316.0
209.98658201711223	319.0
209.9965828068449	327.0
210.00658359657757	334.0
210.01658438631026	338.0
210.02658517604294	338.0
210.03658596577563	338.0
210.04658675550832	331.0
210.056587545241	327.0
210.06658833497366	323.0
210.07658912470635	323.0
210.08658991443903	319.0
210.09659070417172	316.0
210.1065914939044	312.0
210.1165922836371	312.0
210.12659307336975	308.0
210.13659386310243	308.0
210.14659465283512	308.0
210.1565954425678	308.0
210.1665962323005	312.0
210.17659702203318	312.0
210.18659781176584	316.0
210.19659860149852	316.0
210.2065993912312	316.0
210.2166001809639	316.0
210.22660097069658	316.0
210.23660176042927	316.0
210.24660255016192	312.0
210.2566033398946	312.0
210.2666041296273	308.0
210.27660491935998	308.0
210.28660570909267	308.0
210.29660649882535	308.0
210.306607288558	312.0
210.3166080782907	312.0
210.32660886802338	319.0
210.33660965775607	334.0
210.34661044748876	338.0
210.35661123722144	338.0
210.3666120269541	342.0
210.3766128166868	342.0
210.38661360641947	338.0
210.39661439615216	338.0
210.40661518588485	338.0
210.41661597561753	338.0
210.4266167653502	338.0
210.43661755508288	338.0
210.44661834481556	0.0
210.45661913454825	0.0
210.46661992428093	0.0
210.47662071401362	0.0
210.48662150374628	0.0
210.49662229347896	0.0
210.50662308321165	0.0
210.51662387294434	0.0
210.52662466267702	0.0
210.5366254524097	0.0
210.54662624214237	0.0
210.55662703187505	0.0
210.56662782160774	0.0
210.57662861134042	0.0
210.5866294010731	0.0
210.5966301908058	0.0
210.60663098053845	0.0
210.61663177027114	0.0
210.62663256000383	0.0
210.6366333497365	0.0
210.6466341394692	0.0
210.65663492920189	0.0
210.66663571893454	0.0
210.67663650866723	0.0
210.68663729839992	0.0
210.6966380881326	0.0
210.7066388778653	0.0
210.71663966759797	0.0
210.72664045733063	0.0
210.73664124706332	0.0
210.746642036796	0.0
210.7566428265287	0.0
210.76664361626138	0.0
210.77664440599406	0.0
210.78664519572672	0.0
210.7966459854594	0.0
210.8066467751921	0.0
210.81664756492478	0.0
210.82664835465746	0.0
210.83664914439015	0.0
210.8466499341228	0.0
210.8566507238555	0.0
210.86665151358818	0.0
210.87665230332087	0.0
210.88665309305355	0.0
210.89665388278624	0.0
210.9066546725189	0.0
210.91665546225158	0.0
210.92665625198427	0.0
210.93665704171696	0.0
210.94665783144964	0.0
210.95665862118233	0.0
210.96665941091499	0.0
210.97666020064767	0.0
210.98666099038036	0.0
210.99666178011304	0.0
211.00666256984573	0.0
211.01666335957842	0.0
211.02666414931107	0.0
211.03666493904376	0.0
211.04666572877645	0.0
211.05666651850913	0.0
211.06666730824182	0.0
211.0766680979745	0.0
211.0866688877072	0.0
211.09666967743985	0.0
211.10667046717253	0.0
211.11667125690522	0.0
211.1266720466379	0.0
211.1366728363706	0.0
211.14667362610328	0.0
211.15667441583594	0.0
211.16667520556862	0.0
211.1766759953013	0.0
211.186676785034	0.0
211.19667757476668	0.0
211.20667836449937	0.0
211.21667915423203	0.0
211.2266799439647	0.0
211.2366807336974	0.0
211.24668152343008	0.0
211.25668231316277	0.0
211.26668310289546	0.0
211.2766838926281	0.0
211.2866846823608	0.0
211.2966854720935	0.0
211.30668626182617	0.0
211.31668705155886	0.0
211.32668784129154	0.0
211.3366886310242	0.0
211.3466894207569	0.0
211.35669021048957	0.0
211.36669100022226	0.0
211.37669178995495	0.0
211.38669257968763	0.0
211.3966933694203	0.0
211.40669415915298	0.0
211.41669494888566	0.0
211.42669573861835	0.0
211.43669652835104	0.0
211.44669731808372	0.0
211.45669810781638	0.0
211.46669889754907	0.0
211.47669968728175	0.0
211.48670047701444	0.0
211.49670126674712	0.0
211.5067020564798	0.0
211.51670284621247	0.0
211.52670363594515	0.0
211.53670442567784	0.0
211.54670521541053	0.0
211.5567060051432	0.0
211.5667067948759	0.0
211.57670758460856	0.0
211.58670837434124	0.0
211.59670916407393	0.0
211.60670995380661	0.0
211.6167107435393	0.0
211.626711533272	0.0
211.63671232300464	0.0
211.64671311273733	0.0
211.65671390247002	0.0
211.6667146922027	0.0
211.6767154819354	0.0
211.68671627166808	0.0
211.69671706140073	0.0
211.70671785113342	0.0
211.7167186408661	0.0
211.7267194305988	0.0
211.73672022033148	0.0
211.74672101006416	0.0
211.75672179979682	0.0
211.7667225895295	0.0
211.7767233792622	0.0
211.78672416899488	0.0
211.79672495872757	0.0
211.80672574846025	0.0
211.8167265381929	0.0
211.8267273279256	0.0
211.83672811765828	0.0
211.84672890739097	0.0
211.85672969712365	0.0
211.86673048685634	0.0
211.876731276589	0.0
211.88673206632168	0.0
211.89673285605437	0.0
211.90673364578706	0.0
211.91673443551974	0.0
211.92673522525243	0.0
211.9367360149851	0.0
211.94673680471777	0.0
211.95673759445046	0.0
211.96673838418315	0.0
211.97673917391583	0.0
211.98673996364852	0.0
211.99674075338118	0.0
212.00674154311386	0.0
212.01674233284655	0.0
212.02674312257923	0.0
212.03674391231192	0.0
212.0467447020446	0.0
212.05674549177726	0.0
212.06674628150995	0.0
212.07674707124264	0.0
212.08674786097532	0.0
212.096748650708	0.0
212.1067494404407	0.0
212.11675023017335	0.0
212.12675101990604	0.0
212.13675180963872	0.0
212.1467525993714	0.0
212.1567533891041	0.0
212.16675417883678	0.0
212.17675496856944	0.0
212.18675575830213	0.0
212.1967565480348	0.0
212.2067573377675	0.0
212.21675812750019	0.0
212.22675891723287	0.0
212.23675970696553	0.0
212.24676049669822	0.0
212.2567612864309	0.0
212.2667620761636	0.0
212.27676286589627	0.0
212.28676365562896	0.0
212.29676444536162	0.0
212.3067652350943	0.0
212.316766024827	0.0
212.32676681455968	0.0
212.33676760429236	0.0
212.34676839402505	0.0
212.3567691837577	0.0
212.3667699734904	0.0
212.37677076322308	0.0
212.38677155295576	0.0
212.39677234268845	0.0
212.40677313242114	0.0
212.4167739221538	0.0
212.42677471188648	0.0
212.43677550161917	0.0
212.44677629135185	0.0
212.45677708108454	0.0
212.46677787081722	0.0
212.4767786605499	0.0
212.48677945028257	0.0
212.49678024001526	363.0
212.50678102974794	363.0
212.51678181948063	363.0
212.5267826092133	363.0
212.536783398946	363.0
212.54678418867866	363.0
212.55678497841134	363.0
212.56678576814403	363.0
212.57678655787672	363.0
212.5867873476094	363.0
212.5967881373421	363.0
212.60678892707475	363.0
212.61678971680743	363.0
212.62679050654012	367.0
212.6367912962728	367.0
212.6467920860055	367.0
212.65679287573818	363.0
212.66679366547083	363.0
212.67679445520352	363.0
212.6867952449362	363.0
212.6967960346689	363.0
212.70679682440158	363.0
212.71679761413426	363.0
212.72679840386692	363.0
212.7367991935996	363.0
212.7467999833323	363.0
212.75680077306498	363.0
212.76680156279767	363.0
212.77680235253035	363.0
212.786803142263	367.0
212.7968039319957	367.0
212.80680472172838	367.0
212.81680551146107	363.0
212.82680630119376	363.0
212.83680709092644	358.0
212.8468078806591	358.0
212.85680867039179	358.0
212.86680946012447	358.0
212.87681024985716	354.0
212.88681103958984	354.0
212.89681182932253	354.0
212.9068126190552	358.0
212.91681340878787	358.0
212.92681419852056	358.0
212.93681498825325	363.0
212.94681577798593	363.0
212.95681656771862	363.0
212.96681735745128	363.0
212.97681814718396	363.0
212.98681893691665	358.0
212.99681972664933	358.0
213.00682051638202	358.0
213.0168213061147	358.0
213.02682209584736	358.0
213.03682288558005	358.0
213.04682367531274	358.0
213.05682446504542	363.0
213.0668252547781	363.0
213.0768260445108	363.0
213.08682683424345	363.0
213.09682762397614	358.0
213.10682841370883	358.0
213.1168292034415	358.0
213.1268299931742	358.0
213.13683078290688	358.0
213.14683157263954	363.0
213.15683236237223	363.0
213.1668331521049	363.0
213.1768339418376	363.0
213.1868347315703	363.0
213.19683552130297	363.0
213.20683631103563	358.0
213.21683710076832	358.0
213.226837890501	358.0
213.2368386802337	358.0
213.24683946996637	358.0
213.25684025969906	358.0
213.26684104943172	358.0
213.2768418391644	350.0
213.2868426288971	342.0
213.29684341862978	338.0
213.30684420836246	338.0
213.31684499809515	342.0
213.3268457878278	346.0
213.3368465775605	350.0
213.34684736729318	358.0
213.35684815702587	358.0
213.36684894675855	371.0
213.37684973649124	367.0
213.3868505262239	363.0
213.39685131595658	363.0
213.40685210568927	363.0
213.41685289542195	363.0
213.42685368515464	367.0
213.43685447488733	367.0
213.44685526461998	367.0
213.45685605435267	367.0
213.46685684408536	367.0
213.47685763381804	363.0
213.48685842355073	358.0
213.49685921328341	350.0
213.50686000301607	346.0
213.51686079274876	342.0
213.52686158248144	338.0
213.53686237221413	334.0
213.54686316194682	334.0
213.5568639516795	367.0
213.56686474141216	367.0
213.57686553114485	363.0
213.58686632087753	338.0
213.59686711061022	342.0
213.6068679003429	346.0
213.6168686900756	350.0
213.62686947980825	358.0
213.63687026954094	358.0
213.64687105927362	358.0
213.6568718490063	358.0
213.666872638739	358.0
213.67687342847168	358.0
213.68687421820434	358.0
213.69687500793702	358.0
213.7068757976697	358.0
213.7168765874024	358.0
213.72687737713508	358.0
213.73687816686777	358.0
213.74687895660043	358.0
213.7568797463331	363.0
213.7668805360658	363.0
213.77688132579848	0.0
213.78688211553117	0.0
213.79688290526386	0.0
213.80688369499651	0.0
213.8168844847292	0.0
213.8268852744619	0.0
213.83688606419457	0.0
213.84688685392726	354.0
213.85688764365995	358.0
213.86688843339263	358.0
213.8768892231253	358.0
213.88689001285798	358.0
213.89689080259066	358.0
213.90689159232335	358.0
213.91689238205603	358.0
213.92689317178872	354.0
213.93689396152138	354.0
213.94689475125406	350.0
213.95689554098675	350.0
213.96689633071944	350.0
213.97689712045212	346.0
213.9868979101848	346.0
213.99689869991747	346.0
214.00689948965015	346.0
214.01690027938284	346.0
214.02690106911552	346.0
214.0369018588482	346.0
214.0469026485809	346.0
214.05690343831355	346.0
214.06690422804624	350.0
214.07690501777893	0.0
214.0869058075116	0.0
214.0969065972443	0.0
214.10690738697699	0.0
214.11690817670964	0.0
214.12690896644233	0.0
214.13690975617502	0.0
214.1469105459077	354.0
214.1569113356404	354.0
214.16691212537307	0.0
214.17691291510573	0.0
214.18691370483842	0.0
214.1969144945711	0.0
214.2069152843038	0.0
214.21691607403648	0.0
214.22691686376916	0.0
214.23691765350182	0.0
214.2469184432345	0.0
214.2569192329672	0.0
214.26692002269988	0.0
214.27692081243256	0.0
214.28692160216525	0.0
214.2969223918979	0.0
214.3069231816306	0.0
214.31692397136328	0.0
214.32692476109597	0.0
214.33692555082865	0.0
214.34692634056134	0.0
214.356927130294	0.0
214.36692792002668	0.0
214.37692870975937	0.0
214.38692949949206	0.0
214.39693028922474	0.0
214.40693107895743	0.0
214.41693186869009	0.0
214.42693265842277	0.0
214.43693344815546	0.0
214.44693423788814	0.0
214.45693502762083	0.0
214.46693581735352	0.0
214.47693660708617	0.0
214.48693739681886	0.0
214.49693818655155	0.0
214.50693897628423	0.0
214.51693976601692	0.0
214.5269405557496	0.0
214.53694134548226	0.0
214.54694213521495	0.0
214.55694292494763	0.0
214.56694371468032	0.0
214.576944504413	0.0
214.5869452941457	0.0
214.59694608387835	0.0
214.60694687361104	0.0
214.61694766334372	0.0
214.6269484530764	0.0
214.6369492428091	0.0
214.64695003254178	0.0
214.65695082227444	0.0
214.66695161200713	0.0
214.6769524017398	0.0
214.6869531914725	0.0
214.69695398120518	0.0
214.70695477093787	0.0
214.71695556067053	0.0
214.7269563504032	0.0
214.7369571401359	0.0
214.74695792986859	0.0
214.75695871960127	0.0
214.76695950933396	0.0
214.77696029906662	0.0
214.7869610887993	0.0
214.796961878532	0.0
214.80696266826467	0.0
214.81696345799736	0.0
214.82696424773005	0.0
214.8369650374627	0.0
214.8469658271954	0.0
214.85696661692808	0.0
214.86696740666076	0.0
214.87696819639345	0.0
214.88696898612613	0.0
214.8969697758588	0.0
214.90697056559148	0.0
214.91697135532416	0.0
214.92697214505685	0.0
214.93697293478954	0.0
214.94697372452222	0.0
214.95697451425488	0.0
214.96697530398757	0.0
214.97697609372025	0.0
214.98697688345294	0.0
214.99697767318563	0.0
215.0069784629183	0.0
215.01697925265097	0.0
215.02698004238366	0.0
215.03698083211634	0.0
215.04698162184903	0.0
215.0569824115817	0.0
215.0669832013144	0.0
215.07698399104706	0.0
215.08698478077974	0.0
215.09698557051243	0.0
215.10698636024512	0.0
215.1169871499778	0.0
215.1269879397105	0.0
215.13698872944315	0.0
215.14698951917583	0.0
215.15699030890852	0.0
215.1669910986412	0.0
215.1769918883739	0.0
215.18699267810658	0.0
215.19699346783923	0.0
215.20699425757192	0.0
215.2169950473046	0.0
215.2269958370373	0.0
215.23699662676998	0.0
215.24699741650267	0.0
215.25699820623535	0.0
215.266998995968	0.0
215.2769997857007	0.0
215.28700057543338	0.0
215.29700136516607	0.0
215.30700215489875	0.0
215.31700294463144	0.0
215.3270037343641	0.0
215.33700452409678	0.0
215.34700531382947	0.0
215.35700610356216	0.0
215.36700689329484	0.0
215.37700768302753	0.0
215.3870084727602	0.0
215.39700926249287	0.0
215.40701005222556	0.0
215.41701084195824	0.0
215.42701163169093	0.0
215.43701242142362	0.0
215.44701321115627	0.0
215.45701400088896	0.0
215.46701479062165	0.0
215.47701558035433	0.0
215.48701637008702	0.0
215.4970171598197	0.0
215.50701794955236	0.0
215.51701873928505	0.0
215.52701952901774	0.0
215.53702031875042	0.0
215.5470211084831	0.0
215.5570218982158	0.0
215.56702268794845	0.0
215.57702347768114	0.0
215.58702426741382	0.0
215.5970250571465	0.0
215.6070258468792	0.0
215.61702663661188	0.0
215.62702742634454	0.0
215.63702821607723	0.0
215.6470290058099	0.0
215.6570297955426	0.0
215.66703058527528	0.0
215.67703137500797	0.0
215.68703216474063	0.0
215.69703295447331	0.0
215.707033744206	0.0
215.7170345339387	0.0
215.72703532367137	0.0
215.73703611340406	0.0
215.74703690313672	0.0
215.7570376928694	0.0
215.7670384826021	0.0
215.77703927233478	0.0
215.78704006206746	0.0
215.79704085180015	0.0
215.8070416415328	0.0
215.8170424312655	0.0
215.82704322099818	0.0
215.83704401073086	0.0
215.84704480046355	0.0
215.85704559019624	0.0
215.8670463799289	0.0
215.87704716966158	0.0
215.88704795939427	0.0
215.89704874912695	0.0
215.90704953885964	0.0
215.91705032859232	0.0
215.92705111832498	0.0
215.93705190805767	0.0
215.94705269779035	0.0
215.95705348752304	0.0
215.96705427725573	0.0
215.9770550669884	0.0
215.98705585672107	0.0
215.99705664645376	0.0
216.00705743618644	0.0
216.01705822591913	0.0
216.02705901565182	0.0
216.0370598053845	0.0
216.04706059511716	0.0
216.05706138484985	0.0
216.06706217458253	0.0
216.07706296431522	0.0
216.0870637540479	0.0
216.0970645437806	0.0
216.10706533351325	0.0
216.11706612324593	0.0
216.12706691297862	0.0
216.1370677027113	0.0
216.147068492444	0.0
216.15706928217668	0.0
216.16707007190934	0.0
216.17707086164202	0.0
216.1870716513747	0.0
216.1970724411074	0.0
216.20707323084008	0.0
216.21707402057277	0.0
216.22707481030542	0.0
216.2370756000381	0.0
216.2470763897708	0.0
216.25707717950348	0.0
216.26707796923617	0.0
216.27707875896886	0.0
216.2870795487015	0.0
216.2970803384342	0.0
216.30708112816689	0.0
216.31708191789957	0.0
216.32708270763226	0.0
216.33708349736494	0.0
216.3470842870976	0.0
216.3570850768303	0.0
216.36708586656297	0.0
216.37708665629566	0.0
216.38708744602835	0.0
216.39708823576103	0.0
216.4070890254937	0.0
216.41708981522638	0.0
216.42709060495906	0.0
216.43709139469175	0.0
216.44709218442443	0.0
216.45709297415712	0.0
216.46709376388978	0.0
216.47709455362246	0.0
216.48709534335515	0.0
216.49709613308784	0.0
216.50709692282052	0.0
216.5170977125532	0.0
216.52709850228587	0.0
216.53709929201855	0.0
216.54710008175124	0.0
216.55710087148393	0.0
216.5671016612166	0.0
216.5771024509493	0.0
216.58710324068196	0.0
216.59710403041464	0.0
216.60710482014733	0.0
216.61710560988	0.0
216.6271063996127	0.0
216.6371071893454	0.0
216.64710797907807	0.0
216.65710876881073	0.0
216.66710955854342	0.0
216.6771103482761	0.0
216.6871111380088	0.0
216.69711192774147	0.0
216.70711271747416	0.0
216.71711350720682	0.0
216.7271142969395	0.0
216.7371150866722	0.0
216.74711587640488	0.0
216.75711666613756	0.0
216.76711745587025	0.0
216.7771182456029	0.0
216.7871190353356	0.0
216.79711982506828	0.0
216.80712061480097	0.0
216.81712140453365	0.0
216.82712219426634	0.0
216.837122983999	0.0
216.84712377373168	0.0
216.85712456346437	0.0
216.86712535319705	0.0
216.87712614292974	0.0
216.88712693266243	0.0
216.89712772239508	0.0
216.90712851212777	0.0
216.91712930186046	0.0
216.92713009159314	0.0
216.93713088132583	0.0
216.94713167105851	0.0
216.95713246079117	0.0
216.96713325052386	0.0
216.97713404025654	0.0
216.98713482998923	0.0
216.99713561972192	0.0
217.0071364094546	0.0
217.01713719918726	0.0
217.02713798891995	0.0
217.03713877865263	0.0
217.04713956838532	0.0
217.057140358118	0.0
217.0671411478507	0.0
217.07714193758335	0.0
217.08714272731604	0.0
217.09714351704872	0.0
217.1071443067814	0.0
217.1171450965141	0.0
217.12714588624678	0.0
217.13714667597944	0.0
217.14714746571212	0.0
217.1571482554448	0.0
217.1671490451775	0.0
217.17714983491018	0.0
217.18715062464287	0.0
217.19715141437553	0.0
217.2071522041082	0.0
217.2171529938409	0.0
217.22715378357358	0.0
217.23715457330627	0.0
217.24715536303896	0.0
217.2571561527716	0.0
217.2671569425043	0.0
217.277157732237	0.0
217.28715852196967	0.0
217.29715931170236	0.0
217.30716010143504	0.0
217.3171608911677	0.0
217.3271616809004	0.0
217.33716247063307	0.0
217.34716326036576	0.0
217.35716405009845	0.0
217.36716483983113	0.0
217.3771656295638	0.0
217.38716641929648	0.0
217.39716720902916	0.0
217.40716799876185	0.0
217.41716878849454	0.0
217.42716957822722	0.0
217.43717036795988	0.0
217.44717115769257	0.0
217.45717194742525	0.0
217.46717273715794	0.0
217.47717352689062	0.0
217.4871743166233	0.0
217.49717510635597	0.0
217.50717589608865	0.0
217.51717668582134	0.0
217.52717747555403	0.0
217.5371782652867	0.0
217.5471790550194	0.0
217.55717984475206	0.0
217.56718063448474	0.0
217.57718142421743	0.0
217.58718221395011	0.0
217.5971830036828	0.0
217.6071837934155	0.0
217.61718458314814	0.0
217.62718537288083	0.0
217.63718616261352	0.0
217.6471869523462	0.0
217.6571877420789	0.0
217.66718853181158	0.0
217.67718932154423	0.0
217.68719011127692	0.0
217.6971909010096	0.0
217.7071916907423	0.0
217.71719248047498	0.0
217.72719327020766	0.0
217.73719405994032	0.0
217.747194849673	0.0
217.7571956394057	0.0
217.76719642913838	0.0
217.77719721887107	0.0
217.78719800860375	0.0
217.7971987983364	0.0
217.8071995880691	0.0
217.81720037780178	0.0
217.82720116753447	0.0
217.83720195726715	0.0
217.84720274699984	0.0
217.8572035367325	0.0
217.86720432646518	0.0
217.87720511619787	248.0
217.88720590593056	234.0
217.89720669566324	228.0
217.90720748539593	234.0
217.9172082751286	242.0
217.92720906486127	248.0
217.93720985459396	259.0
217.94721064432665	272.0
217.95721143405933	288.0
217.96721222379202	288.0
217.97721301352468	284.0
217.98721380325736	278.0
217.99721459299005	275.0
218.00721538272273	275.0
218.01721617245542	278.0
218.0272169621881	288.0
218.0372177519208	305.0
218.04721854165345	316.0
218.05721933138614	327.0
218.06722012111882	334.0
218.0772209108515	334.0
218.0872217005842	331.0
218.09722249031688	323.0
218.10722328004954	323.0
218.11722406978222	331.0
218.1272248595149	346.0
218.1372256492476	358.0
218.14722643898028	375.0
218.15722722871297	389.0
218.16722801844563	393.0
218.1772288081783	389.0
218.187229597911	367.0
218.19723038764369	354.0
218.20723117737637	342.0
218.21723196710906	338.0
218.22723275684172	334.0
218.2372335465744	338.0
218.2472343363071	350.0
218.25723512603977	363.0
218.26723591577246	371.0
218.27723670550515	375.0
218.2872374952378	375.0
218.2972382849705	367.0
218.30723907470318	358.0
218.31723986443586	354.0
218.32724065416855	350.0
218.33724144390123	346.0
218.3472422336339	342.0
218.35724302336658	334.0
218.36724381309926	327.0
218.37724460283195	298.0
218.38724539256464	294.0
218.39724618229732	294.0
218.40724697202998	298.0
218.41724776176267	305.0
218.42724855149535	316.0
218.43724934122804	316.0
218.44725013096073	319.0
218.4572509206934	319.0
218.46725171042607	316.0
218.47725250015876	312.0
218.48725328989144	312.0
218.49725407962413	312.0
218.5072548693568	312.0
218.5172556590895	312.0
218.52725644882216	312.0
218.53725723855484	312.0
218.54725802828753	312.0
218.55725881802022	312.0
218.5672596077529	312.0
218.5772603974856	312.0
218.58726118721825	316.0
218.59726197695093	319.0
218.60726276668362	323.0
218.6172635564163	327.0
218.627264346149	327.0
218.63726513588168	331.0
218.64726592561433	331.0
218.65726671534702	331.0
218.6672675050797	327.0
218.6772682948124	323.0
218.68726908454508	0.0
218.69726987427777	0.0
218.70727066401042	0.0
218.7172714537431	0.0
218.7272722434758	0.0
218.73727303320848	0.0
218.74727382294117	0.0
218.75727461267385	0.0
218.7672754024065	0.0
218.7772761921392	0.0
218.78727698187188	0.0
218.79727777160457	0.0
218.80727856133726	0.0
218.81727935106994	0.0
218.8272801408026	0.0
218.8372809305353	0.0
218.84728172026797	0.0
218.85728251000066	0.0
218.86728329973334	0.0
218.87728408946603	0.0
218.8872848791987	0.0
218.89728566893137	0.0
218.90728645866406	0.0
218.91728724839675	0.0
218.92728803812943	0.0
218.93728882786212	0.0
218.94728961759478	0.0
218.95729040732746	0.0
218.96729119706015	0.0
218.97729198679284	0.0
218.98729277652552	0.0
218.9972935662582	0.0
219.00729435599087	0.0
219.01729514572355	0.0
219.02729593545624	0.0
219.03729672518892	0.0
219.0472975149216	0.0
219.0572983046543	0.0
219.06729909438695	0.0
219.07729988411964	0.0
219.08730067385233	0.0
219.097301463585	0.0
219.1073022533177	0.0
219.11730304305038	0.0
219.12730383278304	0.0
219.13730462251573	0.0
219.14730541224841	0.0
219.1573062019811	0.0
219.1673069917138	0.0
219.17730778144647	0.0
219.18730857117913	0.0
219.19730936091182	0.0
219.2073101506445	0.0
219.2173109403772	0.0
219.22731173010988	0.0
219.23731251984256	0.0
219.24731330957522	0.0
219.2573140993079	0.0
219.2673148890406	0.0
219.27731567877328	0.0
219.28731646850596	0.0
219.29731725823865	0.0
219.3073180479713	0.0
219.317318837704	0.0
219.32731962743668	0.0
219.33732041716937	0.0
219.34732120690205	0.0
219.35732199663474	0.0
219.3673227863674	0.0
219.37732357610008	0.0
219.38732436583277	0.0
219.39732515556545	0.0
219.40732594529814	0.0
219.41732673503083	0.0
219.4273275247635	0.0
219.43732831449617	0.0
219.44732910422886	0.0
219.45732989396154	0.0
219.46733068369423	0.0
219.47733147342691	0.0
219.4873322631596	0.0
219.49733305289226	0.0
219.50733384262494	0.0
219.51733463235763	0.0
219.52733542209032	0.0
219.537336211823	0.0
219.5473370015557	0.0
219.55733779128835	0.0
219.56733858102103	0.0
219.57733937075372	0.0
219.5873401604864	0.0
219.5973409502191	0.0
219.60734173995178	0.0
219.61734252968444	0.0
219.62734331941712	0.0
219.6373441091498	0.0
219.6473448988825	0.0
219.65734568861518	0.0
219.66734647834787	0.0
219.67734726808052	0.0
219.6873480578132	0.0
219.6973488475459	0.0
219.70734963727858	0.0
219.71735042701127	0.0
219.72735121674395	0.0
219.7373520064766	0.0
219.7473527962093	0.0
219.75735358594198	0.0
219.76735437567467	0.0
219.77735516540736	0.0
219.78735595514004	0.0
219.7973567448727	0.0
219.8073575346054	0.0
219.81735832433807	0.0
219.82735911407076	0.0
219.83735990380345	0.0
219.84736069353613	0.0
219.8573614832688	0.0
219.86736227300148	0.0
219.87736306273416	0.0
219.88736385246685	0.0
219.89736464219953	0.0
219.90736543193222	0.0
219.91736622166488	0.0
219.92736701139756	0.0
219.93736780113025	0.0
219.94736859086294	0.0
219.95736938059562	0.0
219.9673701703283	0.0
219.97737096006097	0.0
219.98737174979365	0.0
219.99737253952634	0.0
220.00737332925902	0.0
220.0173741189917	0.0
220.0273749087244	0.0
220.03737569845705	0.0
220.04737648818974	0.0
220.05737727792243	0.0
220.0673780676551	0.0
220.0773788573878	0.0
220.08737964712049	0.0
220.09738043685314	0.0
220.10738122658583	0.0
220.11738201631852	0.0
220.1273828060512	0.0
220.1373835957839	0.0
220.14738438551657	0.0
220.15738517524923	0.0
220.16738596498192	0.0
220.1773867547146	0.0
220.1873875444473	0.0
220.19738833417998	0.0
220.20738912391266	0.0
220.21738991364532	0.0
220.227390703378	0.0
220.2373914931107	0.0
220.24739228284338	0.0
220.25739307257606	0.0
220.26739386230875	0.0
220.2773946520414	0.0
220.2873954417741	0.0
220.29739623150678	0.0
220.30739702123947	0.0
220.31739781097215	0.0
220.32739860070484	0.0
220.3373993904375	0.0
220.34740018017018	0.0
220.35740096990287	0.0
220.36740175963556	0.0
220.37740254936824	0.0
220.38740333910093	0.0
220.39740412883359	0.0
220.40740491856627	0.0
220.41740570829896	0.0
220.42740649803164	0.0
220.43740728776433	0.0
220.44740807749702	0.0
220.45740886722967	0.0
220.46740965696236	0.0
220.47741044669505	0.0
220.48741123642773	0.0
220.49741202616042	0.0
220.5074128158931	0.0
220.51741360562576	0.0
220.52741439535845	0.0
220.53741518509113	0.0
220.54741597482382	0.0
220.5574167645565	0.0
220.5674175542892	0.0
220.57741834402185	0.0
220.58741913375454	0.0
220.59741992348722	0.0
220.6074207132199	0.0
220.6174215029526	0.0
220.62742229268528	0.0
220.63742308241794	0.0
220.64742387215063	0.0
220.6574246618833	0.0
220.667425451616	0.0
220.67742624134868	0.0
220.68742703108137	0.0
220.69742782081403	0.0
220.7074286105467	0.0
220.7174294002794	0.0
220.7274301900121	0.0
220.73743097974477	0.0
220.74743176947746	0.0
220.75743255921012	0.0
220.7674333489428	0.0
220.7774341386755	0.0
220.78743492840817	0.0
220.79743571814086	0.0
220.80743650787355	0.0
220.81743729760623	0.0
220.8274380873389	0.0
220.83743887707158	0.0
220.84743966680426	0.0
220.85744045653695	0.0
220.86744124626964	0.0
220.87744203600232	0.0
220.88744282573498	0.0
220.89744361546767	0.0
220.90744440520035	0.0
220.91744519493304	0.0
220.92744598466572	0.0
220.9374467743984	0.0
220.94744756413107	0.0
220.95744835386375	0.0
220.96744914359644	0.0
220.97744993332913	0.0
220.9874507230618	0.0
220.9974515127945	0.0
221.00745230252716	0.0
221.01745309225984	0.0
221.02745388199253	0.0
221.03745467172521	0.0
221.0474554614579	0.0
221.0574562511906	0.0
221.06745704092324	0.0
221.07745783065593	0.0
221.08745862038862	0.0
221.0974594101213	0.0
221.107460199854	0.0
221.11746098958668	0.0
221.12746177931933	0.0
221.13746256905202	0.0
221.1474633587847	0.0
221.1574641485174	0.0
221.16746493825008	0.0
221.17746572798276	0.0
221.18746651771542	0.0
221.1974673074481	0.0
221.2074680971808	0.0
221.21746888691348	0.0
221.22746967664617	0.0
221.23747046637885	0.0
221.2474712561115	0.0
221.2574720458442	0.0
221.26747283557688	0.0
221.27747362530957	0.0
221.28747441504225	0.0
221.29747520477494	163.0
221.3074759945076	226.0
221.31747678424028	231.0
221.32747757397297	281.0
221.33747836370566	281.0
221.34747915343834	281.0
221.35747994317103	278.0
221.3674807329037	275.0
221.37748152263637	268.0
221.38748231236906	272.0
221.39748310210175	213.0
221.40748389183443	218.0
221.41748468156712	223.0
221.42748547129978	239.0
221.43748626103246	242.0
221.44748705076515	245.0
221.45748784049783	253.0
221.46748863023052	259.0
221.4774894199632	288.0
221.48749020969586	281.0
221.49749099942855	275.0
221.50749178916124	272.0
221.51749257889392	268.0
221.5274933686266	272.0
221.5374941583593	278.0
221.54749494809195	288.0
221.55749573782464	327.0
221.56749652755732	338.0
221.57749731729	342.0
221.5874981070227	338.0
221.59749889675538	334.0
221.60749968648804	331.0
221.61750047622073	331.0
221.6275012659534	338.0
221.6375020556861	342.0
221.64750284541879	350.0
221.65750363515147	367.0
221.66750442488413	380.0
221.67750521461682	389.0
221.6875060043495	389.0
221.6975067940822	354.0
221.70750758381487	342.0
221.71750837354756	338.0
221.72750916328022	334.0
221.7375099530129	331.0
221.7475107427456	331.0
221.75751153247828	334.0
221.76751232221096	342.0
221.77751311194365	358.0
221.7875139016763	363.0
221.797514691409	363.0
221.80751548114168	363.0
221.81751627087436	358.0
221.82751706060705	354.0
221.83751785033974	350.0
221.8475186400724	346.0
221.85751942980508	346.0
221.86752021953777	350.0
221.87752100927045	354.0
221.88752179900314	363.0
221.89752258873582	367.0
221.90752337846848	367.0
221.91752416820117	367.0
221.92752495793385	358.0
221.93752574766654	350.0
221.94752653739923	338.0
221.9575273271319	331.0
221.96752811686457	308.0
221.97752890659726	0.0
221.98752969632994	0.0
221.99753048606263	281.0
222.00753127579532	275.0
222.017532065528	268.0
222.02753285526066	0.0
222.03753364499335	0.0
222.04753443472603	0.0
222.05753522445872	0.0
222.0675360141914	0.0
222.0775368039241	0.0
222.08753759365675	0.0
222.09753838338943	218.0
222.10753917312212	213.0
222.1175399628548	210.0
222.1275407525875	208.0
222.13754154232018	210.0
222.14754233205284	218.0
222.15754312178552	231.0
222.1675439115182	239.0
222.1775447012509	248.0
222.18754549098358	259.0
222.19754628071627	265.0
222.20754707044895	272.0
222.2175478601816	278.0
222.2275486499143	281.0
222.23754943964698	278.0
222.24755022937967	272.0
222.25755101911236	262.0
222.26755180884504	256.0
222.2775525985777	250.0
222.28755338831039	248.0
222.29755417804307	0.0
222.30755496777576	0.0
222.31755575750844	0.0
222.32755654724113	0.0
222.3375573369738	0.0
222.34755812670647	231.0
222.35755891643916	228.0
222.36755970617185	226.0
222.37756049590453	226.0
222.38756128563722	231.0
222.39756207536988	0.0
222.40756286510256	0.0
222.41756365483525	253.0
222.42756444456793	265.0
222.43756523430062	268.0
222.4475660240333	272.0
222.45756681376596	275.0
222.46756760349865	275.0
222.47756839323134	278.0
222.48756918296402	275.0
222.4975699726967	275.0
222.5075707624294	272.0
222.51757155216205	272.0
222.52757234189474	268.0
222.53757313162743	265.0
222.5475739213601	0.0
222.5575747110928	0.0
222.56757550082548	0.0
222.57757629055814	0.0
222.58757708029083	0.0
222.5975778700235	0.0
222.6075786597562	0.0
222.6175794494889	0.0
222.62758023922157	0.0
222.63758102895423	0.0
222.64758181868692	0.0
222.6575826084196	0.0
222.6675833981523	0.0
222.67758418788497	0.0
222.68758497761766	0.0
222.69758576735032	0.0
222.707586557083	0.0
222.7175873468157	0.0
222.72758813654838	0.0
222.73758892628106	371.0
222.74758971601375	371.0
222.7575905057464	371.0
222.7675912954791	367.0
222.77759208521178	367.0
222.78759287494447	363.0
222.79759366467715	363.0
222.80759445440984	358.0
222.8175952441425	354.0
222.82759603387518	346.0
222.83759682360787	342.0
222.84759761334055	338.0
222.85759840307324	338.0
222.86759919280593	338.0
222.87759998253858	338.0
222.88760077227127	358.0
222.89760156200396	367.0
222.90760235173664	380.0
222.91760314146933	384.0
222.92760393120201	384.0
222.93760472093467	380.0
222.94760551066736	375.0
222.95760630040004	363.0
222.96760709013273	354.0
222.97760787986542	346.0
222.9876086695981	342.0
222.99760945933076	342.0
223.00761024906345	338.0
223.01761103879613	0.0
223.02761182852882	0.0
223.0376126182615	0.0
223.0476134079942	0.0
223.05761419772685	0.0
223.06761498745954	0.0
223.07761577719222	0.0
223.0876165669249	0.0
223.0976173566576	0.0
223.10761814639028	0.0
223.11761893612294	0.0
223.12761972585562	0.0
223.1376205155883	338.0
223.147621305321	338.0
223.15762209505368	338.0
223.16762288478637	0.0
223.17762367451903	0.0
223.1876244642517	0.0
223.1976252539844	0.0
223.20762604371708	0.0
223.21762683344977	0.0
223.22762762318246	0.0
223.23762841291511	0.0
223.2476292026478	0.0
223.2576299923805	0.0
223.26763078211317	0.0
223.27763157184586	0.0
223.28763236157855	0.0
223.2976331513112	0.0
223.3076339410439	0.0
223.31763473077658	0.0
223.32763552050926	0.0
223.33763631024195	0.0
223.34763709997463	0.0
223.3576378897073	0.0
223.36763867943998	0.0
223.37763946917266	0.0
223.38764025890535	0.0
223.39764104863804	0.0
223.40764183837072	0.0
223.41764262810338	0.0
223.42764341783607	0.0
223.43764420756875	0.0
223.44764499730144	0.0
223.45764578703412	0.0
223.4676465767668	0.0
223.47764736649947	0.0
223.48764815623215	0.0
223.49764894596484	0.0
223.50764973569753	0.0
223.5176505254302	0.0
223.5276513151629	0.0
223.53765210489556	0.0
223.54765289462824	0.0
223.55765368436093	0.0
223.56765447409362	0.0
223.5776552638263	0.0
223.587656053559	0.0
223.59765684329167	0.0
223.60765763302433	0.0
223.61765842275702	0.0
223.6276592124897	0.0
223.6376600022224	0.0
223.64766079195508	0.0
223.65766158168776	0.0
223.66766237142042	0.0
223.6776631611531	0.0
223.6876639508858	0.0
223.69766474061848	0.0
223.70766553035116	0.0
223.71766632008385	0.0
223.7276671098165	0.0
223.7376678995492	0.0
223.74766868928188	389.0
223.75766947901457	389.0
223.76767026874725	384.0
223.77767105847994	0.0
223.7876718482126	0.0
223.79767263794528	0.0
223.80767342767797	0.0
223.81767421741066	0.0
223.82767500714334	0.0
223.83767579687603	0.0
223.84767658660869	0.0
223.85767737634137	0.0
223.86767816607406	0.0
223.87767895580674	0.0
223.88767974553943	0.0
223.89768053527212	0.0
223.90768132500477	0.0
223.91768211473746	0.0
223.92768290447015	0.0
223.93768369420283	0.0
223.94768448393552	0.0
223.9576852736682	0.0
223.96768606340086	0.0
223.97768685313355	0.0
223.98768764286623	0.0
223.99768843259892	0.0
224.0076892223316	0.0
224.0176900120643	0.0
224.02769080179695	0.0
224.03769159152964	0.0
224.04769238126232	0.0
224.057693170995	0.0
224.0676939607277	0.0
224.07769475046038	0.0
224.08769554019304	0.0
224.09769632992572	0.0
224.1076971196584	0.0
224.1176979093911	0.0
224.12769869912378	0.0
224.13769948885647	0.0
224.14770027858913	0.0
224.1577010683218	0.0
224.1677018580545	0.0
224.17770264778719	0.0
224.18770343751987	0.0
224.19770422725256	0.0
224.20770501698522	0.0
224.2177058067179	0.0
224.2277065964506	0.0
224.23770738618327	0.0
224.24770817591596	0.0
224.25770896564865	0.0
224.2677097553813	0.0
224.277710545114	0.0
224.28771133484668	0.0
224.29771212457936	0.0
224.30771291431205	0.0
224.31771370404473	0.0
224.3277144937774	0.0
224.33771528351008	0.0
224.34771607324276	0.0
224.35771686297545	0.0
224.36771765270814	0.0
224.37771844244082	0.0
224.38771923217348	0.0
224.39772002190617	0.0
224.40772081163885	0.0
224.41772160137154	0.0
224.42772239110423	0.0
224.4377231808369	0.0
224.44772397056957	0.0
224.45772476030226	0.0
224.46772555003494	0.0
224.47772633976763	0.0
224.4877271295003	0.0
224.497727919233	0.0
224.50772870896566	0.0
224.51772949869834	0.0
224.52773028843103	0.0
224.53773107816372	0.0
224.5477318678964	0.0
224.5577326576291	0.0
224.56773344736175	0.0
224.57773423709443	0.0
224.58773502682712	0.0
224.5977358165598	0.0
224.6077366062925	0.0
224.61773739602518	0.0
224.62773818575783	0.0
224.63773897549052	0.0
224.6477397652232	0.0
224.6577405549559	0.0
224.66774134468858	0.0
224.67774213442127	0.0
224.68774292415392	0.0
224.6977437138866	0.0
224.7077445036193	0.0
224.71774529335198	0.0
224.72774608308467	0.0
224.73774687281735	0.0
224.74774766255	0.0
224.7577484522827	0.0
224.76774924201538	0.0
224.77775003174807	0.0
224.78775082148076	0.0
224.79775161121344	0.0
224.8077524009461	0.0
224.8177531906788	0.0
224.82775398041147	0.0
224.83775477014416	0.0
224.84775555987684	0.0
224.85775634960953	0.0
224.8677571393422	0.0
224.87775792907487	0.0
224.88775871880756	0.0
224.89775950854025	0.0
224.90776029827293	0.0
224.91776108800562	0.0
224.92776187773828	0.0
224.93776266747096	0.0
224.94776345720365	0.0
224.95776424693634	0.0
224.96776503666902	334.0
224.9777658264017	334.0
224.9877666161344	334.0
224.99776740586705	331.0
225.00776819559974	331.0
225.01776898533242	327.0
225.0277697750651	331.0
225.0377705647978	0.0
225.04777135453048	331.0
225.05777214426314	342.0
225.06777293399583	358.0
225.0777737237285	375.0
225.0877745134612	384.0
225.09777530319388	389.0
225.10777609292657	380.0
225.11777688265923	342.0
225.12777767239191	334.0
225.1377784621246	327.0
225.1477792518573	327.0
225.15778004158997	331.0
225.16778083132266	334.0
225.17778162105532	350.0
225.187782410788	367.0
225.1977832005207	375.0
225.20778399025338	371.0
225.21778477998606	363.0
225.22778556971875	358.0
225.2377863594514	363.0
225.2477871491841	363.0
225.25778793891678	363.0
225.26778872864946	0.0
225.27778951838215	358.0
225.28779030811484	358.0
225.2977910978475	367.0
225.30779188758018	375.0
225.31779267731287	384.0
225.32779346704555	384.0
225.33779425677824	380.0
225.34779504651092	367.0
225.35779583624358	358.0
225.36779662597627	350.0
225.37779741570895	342.0
225.38779820544164	338.0
225.39779899517433	334.0
225.407799784907	327.0
225.41780057463967	323.0
225.42780136437236	319.0
225.43780215410504	316.0
225.44780294383773	312.0
225.45780373357042	301.0
225.4678045233031	294.0
225.47780531303576	294.0
225.48780610276845	301.0
225.49780689250113	298.0
225.50780768223382	308.0
225.5178084719665	312.0
225.5278092616992	319.0
225.53781005143185	327.0
225.54781084116453	331.0
225.55781163089722	338.0
225.5678124206299	342.0
225.5778132103626	342.0
225.58781400009528	338.0
225.59781478982794	334.0
225.60781557956062	331.0
225.6178163692933	327.0
225.627817159026	319.0
225.63781794875868	312.0
225.64781873849137	308.0
225.65781952822402	305.0
225.6678203179567	301.0
225.6778211076894	305.0
225.68782189742208	308.0
225.69782268715477	316.0
225.70782347688746	323.0
225.7178242666201	331.0
225.7278250563528	334.0
225.73782584608549	338.0
225.74782663581817	342.0
225.75782742555086	346.0
225.76782821528354	346.0
225.7778290050162	338.0
225.7878297947489	331.0
225.79783058448157	319.0
225.80783137421426	312.0
225.81783216394695	308.0
225.82783295367963	308.0
225.8378337434123	312.0
225.84783453314498	319.0
225.85783532287766	323.0
225.86783611261035	331.0
225.87783690234303	338.0
225.88783769207572	342.0
225.89783848180838	346.0
225.90783927154106	346.0
225.91784006127375	342.0
225.92784085100644	342.0
225.93784164073912	334.0
225.9478424304718	323.0
225.95784322020447	312.0
225.96784400993715	305.0
225.97784479966984	301.0
225.98784558940253	305.0
225.9978463791352	308.0
226.0078471688679	312.0
226.01784795860056	319.0
226.02784874833324	327.0
226.03784953806593	334.0
226.0478503277986	338.0
226.0578511175313	334.0
226.067851907264	334.0
226.07785269699664	331.0
226.08785348672933	327.0
226.09785427646202	319.0
226.1078550661947	312.0
226.1178558559274	312.0
226.12785664566007	312.0
226.13785743539273	312.0
226.14785822512542	312.0
226.1578590148581	316.0
226.1678598045908	371.0
226.17786059432348	371.0
226.18786138405616	371.0
226.19786217378882	371.0
226.2078629635215	367.0
226.2178637532542	363.0
226.22786454298688	350.0
226.23786533271957	334.0
226.24786612245225	323.0
226.2578669121849	316.0
226.2678677019176	308.0
226.27786849165028	308.0
226.28786928138297	312.0
226.29787007111565	319.0
226.30787086084834	331.0
226.317871650581	346.0
226.32787244031368	354.0
226.33787323004637	363.0
226.34787401977906	367.0
226.35787480951174	367.0
226.36787559924443	363.0
226.3778763889771	358.0
226.38787717870977	350.0
226.39787796844246	346.0
226.40787875817514	342.0
226.41787954790783	338.0
226.42788033764052	334.0
226.4378811273732	331.0
226.44788191710586	323.0
226.45788270683855	319.0
226.46788349657123	312.0
226.47788428630392	308.0
226.4878850760366	308.0
226.4978858657693	305.0
226.50788665550195	305.0
226.51788744523463	305.0
226.52788823496732	305.0
226.5378890247	308.0
226.5478898144327	312.0
226.55789060416538	316.0
226.56789139389804	323.0
226.57789218363072	334.0
226.5878929733634	338.0
226.5978937630961	338.0
226.60789455282878	338.0
226.61789534256147	338.0
226.62789613229413	338.0
226.6378969220268	334.0
226.6478977117595	334.0
226.65789850149218	331.0
226.66789929122487	323.0
226.67790008095756	323.0
226.6879008706902	319.0
226.6979016604229	319.0
226.7079024501556	316.0
226.71790323988827	312.0
226.72790402962096	305.0
226.73790481935364	301.0
226.7479056090863	301.0
226.757906398819	298.0
226.76790718855167	298.0
226.77790797828436	298.0
226.78790876801705	294.0
226.79790955774973	291.0
226.8079103474824	284.0
226.81791113721508	281.0
226.82791192694776	278.0
226.83791271668045	278.0
226.84791350641314	281.0
226.85791429614582	288.0
226.86791508587848	375.0
226.87791587561117	375.0
226.88791666534385	375.0
226.89791745507654	380.0
226.90791824480922	0.0
226.9179190345419	0.0
226.92791982427457	0.0
226.93792061400725	0.0
226.94792140373994	0.0
226.95792219347263	0.0
226.9679229832053	0.0
226.977923772938	0.0
226.98792456267066	0.0
226.99792535240334	0.0
227.00792614213603	0.0
227.01792693186871	0.0
227.0279277216014	0.0
227.0379285113341	0.0
227.04792930106674	0.0
227.05793009079943	0.0
227.06793088053212	0.0
227.0779316702648	0.0
227.0879324599975	0.0
227.09793324973018	0.0
227.10793403946283	0.0
227.11793482919552	0.0
227.1279356189282	0.0
227.1379364086609	0.0
227.14793719839358	0.0
227.15793798812626	0.0
227.16793877785892	0.0
227.1779395675916	0.0
227.1879403573243	0.0
227.19794114705698	0.0
227.20794193678967	0.0
227.21794272652235	0.0
227.227943516255	0.0
227.2379443059877	0.0
227.24794509572038	0.0
227.25794588545307	0.0
227.26794667518575	0.0
227.27794746491844	0.0
227.2879482546511	0.0
227.29794904438378	0.0
227.30794983411647	0.0
227.31795062384916	0.0
227.32795141358184	0.0
227.33795220331453	0.0
227.3479529930472	0.0
227.35795378277987	0.0
227.36795457251256	0.0
227.37795536224525	0.0
227.38795615197793	0.0
227.39795694171062	0.0
227.40795773144328	0.0
227.41795852117596	0.0
227.42795931090865	0.0
227.43796010064133	0.0
227.44796089037402	0.0
227.4579616801067	0.0
227.46796246983936	0.0
227.47796325957205	0.0
227.48796404930474	0.0
227.49796483903742	0.0
227.5079656287701	0.0
227.5179664185028	0.0
227.52796720823545	0.0
227.53796799796814	0.0
227.54796878770082	0.0
227.5579695774335	0.0
227.5679703671662	0.0
227.57797115689888	0.0
227.58797194663154	0.0
227.59797273636423	0.0
227.6079735260969	0.0
227.6179743158296	0.0
227.62797510556229	0.0
227.63797589529497	0.0
227.64797668502763	0.0
227.65797747476032	0.0
227.667978264493	0.0
227.6779790542257	0.0
227.68797984395837	0.0
227.69798063369106	0.0
227.70798142342372	0.0
227.7179822131564	0.0
227.7279830028891	0.0
227.73798379262178	0.0
227.74798458235446	0.0
227.75798537208715	0.0
227.76798616181983	0.0
227.7779869515525	0.0
227.78798774128518	0.0
227.79798853101786	0.0
227.80798932075055	0.0
227.81799011048324	0.0
227.82799090021592	0.0
227.83799168994858	0.0
227.84799247968127	0.0
227.85799326941395	0.0
227.86799405914664	0.0
227.87799484887933	0.0
227.887995638612	0.0
227.89799642834467	0.0
227.90799721807736	0.0
227.91799800781004	0.0
227.92799879754273	0.0
227.9379995872754	0.0
227.9480003770081	0.0
227.95800116674076	0.0
227.96800195647344	0.0
227.97800274620613	0.0
227.98800353593882	0.0
227.9980043256715	0.0
228.0080051154042	0.0
228.01800590513685	0.0
228.02800669486953	0.0
228.03800748460222	0.0
228.0480082743349	0.0
228.0580090640676	0.0
228.06800985380028	0.0
228.07801064353293	0.0
228.08801143326562	0.0
228.0980122229983	0.0
228.108013012731	0.0
228.11801380246368	0.0
228.12801459219637	0.0
228.13801538192902	0.0
228.1480161716617	0.0
228.1580169613944	0.0
228.16801775112708	239.0
228.17801854085977	250.0
228.18801933059245	253.0
228.1980201203251	250.0
228.2080209100578	250.0
228.21802169979048	248.0
228.22802248952317	248.0
228.23802327925586	248.0
228.24802406898854	259.0
228.2580248587212	281.0
228.2680256484539	301.0
228.27802643818657	323.0
228.28802722791926	331.0
228.29802801765194	338.0
228.30802880738463	0.0
228.3180295971173	0.0
228.32803038684997	0.0
228.33803117658266	0.0
228.34803196631535	0.0
228.35803275604803	0.0
228.36803354578072	0.0
228.37803433551338	0.0
228.38803512524606	0.0
228.39803591497875	0.0
228.40803670471144	0.0
228.41803749444412	0.0
228.4280382841768	0.0
228.43803907390947	0.0
228.44803986364215	0.0
228.45804065337484	0.0
228.46804144310752	0.0
228.4780422328402	0.0
228.4880430225729	0.0
228.49804381230555	0.0
228.50804460203824	0.0
228.51804539177093	0.0
228.5280461815036	0.0
228.5380469712363	0.0
228.54804776096898	0.0
228.55804855070164	0.0
228.56804934043433	0.0
228.57805013016701	0.0
228.5880509198997	0.0
228.5980517096324	0.0
228.60805249936507	0.0
228.61805328909773	0.0
228.62805407883042	0.0
228.6380548685631	0.0
228.6480556582958	0.0
228.65805644802847	0.0
228.66805723776116	0.0
228.67805802749382	0.0
228.6880588172265	0.0
228.6980596069592	0.0
228.70806039669188	0.0
228.71806118642456	0.0
228.72806197615725	0.0
228.7380627658899	0.0
228.7480635556226	0.0
228.75806434535528	0.0
228.76806513508797	0.0
228.77806592482065	0.0
228.78806671455334	0.0
228.798067504286	0.0
228.80806829401868	0.0
228.81806908375137	0.0
228.82806987348405	0.0
228.83807066321674	0.0
228.84807145294943	0.0
228.85807224268208	0.0
228.86807303241477	0.0
228.87807382214746	0.0
228.88807461188014	0.0
228.89807540161283	0.0
228.90807619134551	0.0
228.91807698107817	0.0
228.92807777081086	0.0
228.93807856054354	0.0
228.94807935027623	0.0
228.95808014000892	0.0
228.9680809297416	0.0
228.97808171947426	0.0
228.98808250920695	0.0
228.99808329893963	0.0
229.00808408867232	0.0
229.018084878405	0.0
229.0280856681377	0.0
229.03808645787035	0.0
229.04808724760304	0.0
229.05808803733572	0.0
229.0680888270684	0.0
229.0780896168011	0.0
229.08809040653378	0.0
229.09809119626644	0.0
229.10809198599912	0.0
229.1180927757318	0.0
229.1280935654645	0.0
229.13809435519718	0.0
229.14809514492987	0.0
229.15809593466255	0.0
229.1680967243952	0.0
229.1780975141279	0.0
229.18809830386058	0.0
229.19809909359327	0.0
229.20809988332596	0.0
229.21810067305864	0.0
229.2281014627913	0.0
229.238102252524	0.0
229.24810304225667	0.0
229.25810383198936	0.0
229.26810462172205	0.0
229.27810541145473	0.0
229.2881062011874	0.0
229.29810699092008	0.0
229.30810778065276	0.0
229.31810857038545	0.0
229.32810936011813	0.0
229.33811014985082	0.0
229.34811093958348	0.0
229.35811172931616	0.0
229.36811251904885	0.0
229.37811330878154	0.0
229.38811409851422	0.0
229.3981148882469	0.0
229.40811567797957	0.0
229.41811646771225	0.0
229.42811725744494	0.0
229.43811804717762	0.0
229.4481188369103	0.0
229.458119626643	0.0
229.46812041637565	0.0
229.47812120610834	0.0
229.48812199584103	0.0
229.4981227855737	0.0
229.5081235753064	0.0
229.51812436503909	0.0
229.52812515477174	0.0
229.53812594450443	0.0
229.54812673423712	0.0
229.5581275239698	0.0
229.5681283137025	0.0
229.57812910343517	0.0
229.58812989316783	0.0
229.59813068290052	0.0
229.6081314726332	0.0
229.6181322623659	0.0
229.62813305209858	0.0
229.63813384183126	0.0
229.64813463156392	0.0
229.6581354212966	0.0
229.6681362110293	0.0
229.67813700076198	0.0
229.68813779049466	0.0
229.69813858022735	0.0
229.70813936996	0.0
229.7181401596927	0.0
229.72814094942538	0.0
229.73814173915807	0.0
229.74814252889075	0.0
229.75814331862344	0.0
229.7681441083561	0.0
229.77814489808878	0.0
229.78814568782147	0.0
229.79814647755416	0.0
229.80814726728684	0.0
229.81814805701953	0.0
229.82814884675219	0.0
229.83814963648487	0.0
229.84815042621756	0.0
229.85815121595024	0.0
229.86815200568293	0.0
229.87815279541562	0.0
229.88815358514827	0.0
229.89815437488096	0.0
229.90815516461365	0.0
229.91815595434633	0.0
229.92815674407902	0.0
229.9381575338117	0.0
229.94815832354436	0.0
229.95815911327705	0.0
229.96815990300973	0.0
229.97816069274242	0.0
229.9881614824751	0.0
229.9981622722078	0.0
230.00816306194045	0.0
230.01816385167314	0.0
230.02816464140582	0.0
230.0381654311385	0.0
230.0481662208712	0.0
230.05816701060388	0.0
230.06816780033654	0.0
230.07816859006923	0.0
230.0881693798019	0.0
230.0981701695346	0.0
230.10817095926728	0.0
230.11817174899997	0.0
230.12817253873263	0.0
230.1381733284653	0.0
230.148174118198	0.0
230.1581749079307	0.0
230.16817569766337	0.0
230.17817648739606	0.0
230.18817727712872	0.0
230.1981780668614	0.0
230.2081788565941	0.0
230.21817964632677	0.0
230.22818043605946	0.0
230.23818122579215	0.0
230.2481820155248	0.0
230.2581828052575	0.0
230.26818359499018	0.0
230.27818438472286	0.0
230.28818517445555	0.0
230.29818596418824	0.0
230.3081867539209	0.0
230.31818754365358	0.0
230.32818833338627	0.0
230.33818912311895	0.0
230.34818991285164	0.0
230.35819070258432	0.0
230.36819149231698	0.0
230.37819228204967	0.0
230.38819307178235	0.0
230.39819386151504	0.0
230.40819465124773	0.0
230.4181954409804	0.0
230.42819623071307	0.0
230.43819702044576	421.0
230.44819781017844	421.0
230.45819859991113	421.0
230.46819938964381	0.0
230.4782001793765	0.0
230.48820096910916	0.0
230.49820175884184	0.0
230.50820254857453	0.0
230.51820333830722	0.0
230.5282041280399	0.0
230.5382049177726	0.0
230.54820570750528	0.0
230.55820649723793	0.0
230.56820728697062	0.0
230.5782080767033	0.0
230.588208866436	0.0
230.59820965616868	0.0
230.60821044590136	0.0
230.61821123563402	0.0
230.6282120253667	0.0
230.6382128150994	0.0
230.64821360483208	0.0
230.65821439456477	0.0
230.66821518429745	0.0
230.6782159740301	0.0
230.6882167637628	0.0
230.69821755349548	0.0
230.70821834322817	0.0
230.71821913296085	0.0
230.72821992269354	0.0
230.7382207124262	0.0
230.74822150215888	0.0
230.75822229189157	0.0
230.76822308162426	0.0
230.77822387135694	0.0
230.78822466108963	0.0
230.7982254508223	0.0
230.80822624055497	0.0
230.81822703028766	0.0
230.82822782002035	0.0
230.83822860975303	0.0
230.84822939948572	0.0
230.85823018921838	0.0
230.86823097895106	0.0
230.87823176868375	0.0
230.88823255841643	0.0
230.89823334814912	0.0
230.9082341378818	0.0
230.91823492761446	0.0
230.92823571734715	0.0
230.93823650707984	0.0
230.94823729681252	0.0
230.9582380865452	0.0
230.9682388762779	0.0
230.97823966601055	0.0
230.98824045574324	0.0
230.99824124547592	0.0
231.0082420352086	0.0
231.0182428249413	0.0
231.02824361467398	0.0
231.03824440440664	0.0
231.04824519413933	0.0
231.058245983872	0.0
231.0682467736047	0.0
231.07824756333738	0.0
231.08824835307007	0.0
231.09824914280273	0.0
231.10824993253541	0.0
231.1182507222681	0.0
231.1282515120008	0.0
231.13825230173347	0.0
231.14825309146616	0.0
231.15825388119882	0.0
231.1682546709315	0.0
231.1782554606642	0.0
231.18825625039688	0.0
231.19825704012956	0.0
231.20825782986225	0.0
231.2182586195949	0.0
231.2282594093276	0.0
231.23826019906028	0.0
231.24826098879296	0.0
231.25826177852565	0.0
231.26826256825834	0.0
231.278263357991	0.0
231.28826414772368	0.0
231.29826493745637	0.0
231.30826572718905	0.0
231.31826651692174	0.0
231.32826730665442	0.0
231.33826809638708	0.0
231.34826888611977	0.0
231.35826967585245	0.0
231.36827046558514	0.0
231.37827125531783	0.0
231.3882720450505	0.0
231.39827283478317	0.0
231.40827362451586	0.0
231.41827441424854	0.0
231.42827520398123	0.0
231.43827599371392	0.0
231.4482767834466	0.0
231.45827757317926	0.0
231.46827836291195	0.0
231.47827915264463	0.0
231.48827994237732	0.0
231.49828073211	0.0
231.5082815218427	0.0
231.51828231157535	0.0
231.52828310130803	0.0
231.53828389104072	0.0
231.5482846807734	0.0
231.5582854705061	0.0
231.56828626023878	0.0
231.57828704997144	0.0
231.58828783970412	0.0
231.5982886294368	0.0
231.6082894191695	0.0
231.61829020890218	0.0
231.62829099863487	0.0
231.63829178836752	0.0
231.6482925781002	0.0
231.6582933678329	0.0
231.66829415756558	0.0
231.67829494729827	0.0
231.68829573703096	0.0
231.6982965267636	0.0
231.7082973164963	0.0
231.71829810622899	0.0
231.72829889596167	0.0
231.73829968569436	0.0
231.74830047542704	0.0
231.7583012651597	0.0
231.7683020548924	0.0
231.77830284462507	0.0
231.78830363435776	0.0
231.79830442409045	0.0
231.80830521382313	0.0
231.8183060035558	0.0
231.82830679328848	0.0
231.83830758302116	0.0
231.84830837275385	0.0
231.85830916248653	0.0
231.86830995221922	0.0
231.87831074195188	0.0
231.88831153168456	0.0
231.89831232141725	0.0
231.90831311114994	0.0
231.91831390088262	0.0
231.9283146906153	0.0
231.938315480348	0.0
231.94831627008065	0.0
231.95831705981334	0.0
231.96831784954603	0.0
231.9783186392787	0.0
231.9883194290114	0.0
231.99832021874408	0.0
232.00832100847674	0.0
232.01832179820943	0.0
232.0283225879421	0.0
232.0383233776748	0.0
232.0483241674075	0.0
232.05832495714017	0.0
232.06832574687283	0.0
232.07832653660552	0.0
232.0883273263382	0.0
232.0983281160709	0.0
232.10832890580357	0.0
232.11832969553626	0.0
232.12833048526892	0.0
232.1383312750016	0.0
232.1483320647343	0.0
232.15833285446698	0.0
232.16833364419966	0.0
232.17833443393235	0.0
232.188335223665	0.0
232.1983360133977	0.0
232.20833680313038	0.0
232.21833759286307	0.0
232.22833838259575	0.0
232.23833917232844	0.0
232.2483399620611	0.0
232.25834075179378	0.0
232.26834154152647	0.0
232.27834233125915	0.0
232.28834312099184	0.0
232.29834391072453	0.0
232.30834470045718	0.0
232.31834549018987	0.0
232.32834627992256	0.0
232.33834706965524	0.0
232.34834785938793	0.0
232.35834864912061	0.0
232.36834943885327	0.0
232.37835022858596	0.0
232.38835101831864	0.0
232.39835180805133	0.0
232.40835259778402	0.0
232.4183533875167	0.0
232.42835417724936	0.0
232.43835496698205	0.0
232.44835575671473	0.0
232.45835654644742	0.0
232.4683573361801	0.0
232.4783581259128	0.0
232.48835891564545	0.0
232.49835970537814	0.0
232.50836049511082	0.0
232.5183612848435	0.0
232.5283620745762	0.0
232.53836286430888	0.0
232.54836365404154	0.0
232.55836444377422	0.0
232.5683652335069	0.0
232.5783660232396	0.0
232.58836681297228	0.0
232.59836760270497	0.0
232.60836839243763	0.0
232.6183691821703	0.0
232.628369971903	0.0
232.63837076163568	0.0
232.64837155136837	0.0
232.65837234110106	0.0
232.66837313083371	0.0
232.6783739205664	0.0
232.6883747102991	0.0
232.69837550003177	0.0
232.70837628976446	0.0
232.71837707949715	0.0
232.7283778692298	0.0
232.7383786589625	0.0
232.74837944869518	0.0
232.75838023842786	0.0
232.76838102816055	0.0
232.77838181789323	0.0
232.7883826076259	0.0
232.79838339735858	0.0
232.80838418709126	0.0
232.81838497682395	0.0
232.82838576655664	0.0
232.83838655628932	0.0
232.84838734602198	0.0
232.85838813575467	0.0
232.86838892548735	0.0
232.87838971522004	0.0
232.88839050495272	0.0
232.8983912946854	0.0
232.90839208441807	0.0
232.91839287415075	0.0
232.92839366388344	0.0
232.93839445361613	0.0
232.9483952433488	0.0
232.9583960330815	0.0
232.96839682281416	0.0
232.97839761254684	0.0
232.98839840227953	0.0
232.99839919201222	0.0
233.0083999817449	0.0
233.0184007714776	0.0
233.02840156121025	0.0
233.03840235094293	0.0
233.04840314067562	0.0
233.0584039304083	0.0
233.068404720141	0.0
233.07840550987368	0.0
233.08840629960633	0.0
233.09840708933902	0.0
233.1084078790717	0.0
233.1184086688044	0.0
233.12840945853708	0.0
233.13841024826976	0.0
233.14841103800242	0.0
233.1584118277351	0.0
233.1684126174678	0.0
233.17841340720048	0.0
233.18841419693317	0.0
233.19841498666585	0.0
233.2084157763985	0.0
233.2184165661312	0.0
233.22841735586388	0.0
233.23841814559657	0.0
233.24841893532925	0.0
233.25841972506194	0.0
233.2684205147946	0.0
233.27842130452728	0.0
233.28842209425997	0.0
233.29842288399266	0.0
233.30842367372534	0.0
233.31842446345803	0.0
233.32842525319072	0.0
233.33842604292337	0.0
233.34842683265606	0.0
233.35842762238875	0.0
233.36842841212143	0.0
233.37842920185412	346.0
233.3884299915868	342.0
233.39843078131946	342.0
233.40843157105215	342.0
233.41843236078483	338.0
233.42843315051752	338.0
233.4384339402502	338.0
233.4484347299829	338.0
233.45843551971555	342.0
233.46843630944824	346.0
233.47843709918092	350.0
233.4884378889136	350.0
233.4984386786463	354.0
233.50843946837898	350.0
233.51844025811164	350.0
233.52844104784432	346.0
233.538441837577	346.0
233.5484426273097	346.0
233.55844341704238	346.0
233.56844420677507	402.0
233.57844499650773	407.0
233.5884457862404	412.0
233.5984465759731	417.0
233.60844736570579	421.0
233.61844815543847	421.0
233.62844894517116	421.0
233.63844973490382	421.0
233.6484505246365	421.0
233.6584513143692	421.0
233.66845210410187	421.0
233.67845289383456	417.0
233.68845368356725	417.0
233.6984544732999	417.0
233.7084552630326	417.0
233.71845605276528	407.0
233.72845684249796	0.0
233.73845763223065	0.0
233.74845842196333	0.0
233.758459211696	393.0
233.76846000142868	393.0
233.77846079116136	398.0
233.78846158089405	398.0
233.79846237062674	0.0
233.80846316035942	380.0
233.81846395009208	380.0
233.82846473982477	375.0
233.83846552955745	375.0
233.84846631929014	380.0
233.85846710902283	375.0
233.8684678987555	375.0
233.87846868848817	375.0
233.88846947822086	375.0
233.89847026795354	371.0
233.90847105768623	375.0
233.9184718474189	375.0
233.9284726371516	375.0
233.93847342688426	375.0
233.94847421661694	375.0
233.95847500634963	380.0
233.96847579608232	380.0
233.978476585815	380.0
233.9884773755477	380.0
233.99847816528035	380.0
234.00847895501303	380.0
234.01847974474572	380.0
234.0284805344784	380.0
234.0384813242111	380.0
234.04848211394378	375.0
234.05848290367643	371.0
234.06848369340912	371.0
234.0784844831418	371.0
234.0884852728745	375.0
234.09848606260718	375.0
234.10848685233987	375.0
234.11848764207252	375.0
234.1284884318052	371.0
234.1384892215379	367.0
234.14849001127058	363.0
234.15849080100327	358.0
234.16849159073595	358.0
234.1784923804686	358.0
234.1884931702013	367.0
234.19849395993398	371.0
234.20849474966667	375.0
234.21849553939936	375.0
234.22849632913204	375.0
234.2384971188647	375.0
234.2484979085974	375.0
234.25849869833007	363.0
234.26849948806276	363.0
234.27850027779544	350.0
234.28850106752813	346.0
234.2985018572608	0.0
234.30850264699347	0.0
234.31850343672616	0.0
234.32850422645885	0.0
234.33850501619153	610.0
234.34850580592422	603.0
234.35850659565688	596.0
234.36850738538956	589.0
234.37850817512225	589.0
234.38850896485494	589.0
234.39850975458762	589.0
234.4085105443203	589.0
234.41851133405297	0.0
234.42851212378565	0.0
234.43851291351834	0.0
234.44851370325102	0.0
234.4585144929837	0.0
234.4685152827164	0.0
234.47851607244905	0.0
234.48851686218174	0.0
234.49851765191443	726.0
234.5085184416471	726.0
234.5185192313798	726.0
234.52852002111248	726.0
234.53852081084514	0.0
234.54852160057783	0.0
234.55852239031051	0.0
234.5685231800432	0.0
234.5785239697759	0.0
234.58852475950857	0.0
234.59852554924123	0.0
234.60852633897392	0.0
234.6185271287066	0.0
234.6285279184393	0.0
234.63852870817198	0.0
234.64852949790466	0.0
234.65853028763732	0.0
234.66853107737	0.0
234.6785318671027	0.0
234.68853265683538	0.0
234.69853344656806	0.0
234.70853423630075	0.0
234.71853502603344	0.0
234.7285358157661	0.0
234.73853660549878	0.0
234.74853739523147	0.0
234.75853818496415	0.0
234.76853897469684	0.0
234.77853976442952	0.0
234.78854055416218	0.0
234.79854134389487	0.0
234.80854213362755	0.0
234.81854292336024	0.0
234.82854371309293	0.0
234.8385445028256	0.0
234.84854529255827	0.0
234.85854608229096	0.0
234.86854687202364	0.0
234.87854766175633	0.0
234.88854845148902	0.0
234.8985492412217	0.0
234.90855003095436	0.0
234.91855082068705	0.0
234.92855161041973	0.0
234.93855240015242	0.0
234.9485531898851	0.0
234.9585539796178	0.0
234.96855476935045	0.0
234.97855555908313	0.0
234.98855634881582	0.0
234.9985571385485	0.0
235.0085579282812	0.0
235.01855871801388	0.0
235.02855950774654	0.0
235.03856029747922	0.0
235.0485610872119	0.0
235.0585618769446	0.0
235.06856266667728	0.0
235.07856345640997	0.0
235.08856424614262	0.0
235.0985650358753	0.0
235.108565825608	0.0
235.11856661534068	0.0
235.12856740507337	0.0
235.13856819480606	0.0
235.1485689845387	0.0
235.1585697742714	0.0
235.16857056400409	0.0
235.17857135373677	0.0
235.18857214346946	0.0
235.19857293320214	0.0
235.2085737229348	0.0
235.2185745126675	0.0
235.22857530240017	0.0
235.23857609213286	0.0
235.24857688186555	0.0
235.25857767159823	0.0
235.2685784613309	0.0
235.27857925106358	0.0
235.28858004079626	0.0
235.29858083052895	0.0
235.30858162026163	0.0
235.31858240999432	0.0
235.32858319972698	0.0
235.33858398945966	0.0
235.34858477919235	0.0
235.35858556892504	0.0
235.36858635865772	0.0
235.3785871483904	0.0
235.38858793812307	0.0
235.39858872785575	0.0
235.40858951758844	0.0
235.41859030732113	0.0
235.4285910970538	0.0
235.4385918867865	0.0
235.44859267651916	0.0
235.45859346625184	0.0
235.46859425598453	0.0
235.4785950457172	0.0
235.4885958354499	0.0
235.49859662518259	0.0
235.50859741491524	0.0
235.51859820464793	0.0
235.52859899438062	0.0
235.5385997841133	0.0
235.548600573846	0.0
235.55860136357867	0.0
235.56860215331133	0.0
235.57860294304402	0.0
235.5886037327767	0.0
235.5986045225094	0.0
235.60860531224208	0.0
235.61860610197476	0.0
235.62860689170742	0.0
235.6386076814401	0.0
235.6486084711728	0.0
235.65860926090548	0.0
235.66861005063816	0.0
235.67861084037085	0.0
235.6886116301035	0.0
235.6986124198362	0.0
235.70861320956888	0.0
235.71861399930157	0.0
235.72861478903425	0.0
235.73861557876694	0.0
235.7486163684996	0.0
235.75861715823228	242.0
235.76861794796497	239.0
235.77861873769766	239.0
235.78861952743034	234.0
235.79862031716303	231.0
235.80862110689569	228.0
235.81862189662837	226.0
235.82862268636106	228.0
235.83862347609374	228.0
235.84862426582643	234.0
235.85862505555912	239.0
235.86862584529177	245.0
235.87862663502446	253.0
235.88862742475715	259.0
235.89862821448983	265.0
235.90862900422252	272.0
235.9186297939552	275.0
235.92863058368786	278.0
235.93863137342055	281.0
235.94863216315323	284.0
235.95863295288592	284.0
235.9686337426186	281.0
235.9786345323513	278.0
235.98863532208395	275.0
235.99863611181664	272.0
236.00863690154932	265.0
236.018637691282	259.0
236.0286384810147	250.0
236.03863927074738	245.0
236.04864006048004	239.0
236.05864085021273	236.0
236.0686416399454	234.0
236.0786424296781	228.0
236.08864321941078	226.0
236.09864400914347	226.0
236.10864479887616	228.0
236.1186455886088	234.0
236.1286463783415	242.0
236.1386471680742	248.0
236.14864795780687	259.0
236.15864874753956	265.0
236.16864953727224	272.0
236.1786503270049	278.0
236.1886511167376	281.0
236.19865190647027	284.0
236.20865269620296	284.0
236.21865348593565	284.0
236.22865427566833	284.0
236.238655065401	281.0
236.24865585513368	281.0
236.25865664486636	275.0
236.26865743459905	272.0
236.27865822433174	265.0
236.28865901406442	259.0
236.29865980379708	253.0
236.30866059352977	245.0
236.31866138326245	236.0
236.32866217299514	228.0
236.33866296272782	223.0
236.3486637524605	223.0
236.35866454219317	223.0
236.36866533192585	228.0
236.37866612165854	234.0
236.38866691139123	242.0
236.3986677011239	248.0
236.4086684908566	253.0
236.41866928058926	265.0
236.42867007032194	272.0
236.43867086005463	278.0
236.44867164978731	288.0
236.45867243952	294.0
236.4686732292527	294.0
236.47867401898534	291.0
236.48867480871803	284.0
236.49867559845072	278.0
236.5086763881834	275.0
236.5186771779161	272.0
236.52867796764878	265.0
236.53867875738143	259.0
236.54867954711412	253.0
236.5586803368468	248.0
236.5686811265795	242.0
236.57868191631218	236.0
236.58868270604486	236.0
236.59868349577752	236.0
236.6086842855102	239.0
236.6186850752429	248.0
236.62868586497558	253.0
236.63868665470827	259.0
236.64868744444095	265.0
236.6586882341736	275.0
236.6686890239063	288.0
236.67868981363898	327.0
236.68869060337167	342.0
236.69869139310435	363.0
236.70869218283704	371.0
236.7186929725697	363.0
236.72869376230238	350.0
236.73869455203507	346.0
236.74869534176776	319.0
236.75869613150044	312.0
236.76869692123313	316.0
236.7786977109658	323.0
236.78869850069847	342.0
236.79869929043116	350.0
236.80870008016385	367.0
236.81870086989653	367.0
236.82870165962922	375.0
236.83870244936188	0.0
236.84870323909456	0.0
236.85870402882725	0.0
236.86870481855993	0.0
236.87870560829262	0.0
236.8887063980253	0.0
236.89870718775796	0.0
236.90870797749065	0.0
236.91870876722334	334.0
236.92870955695602	334.0
236.9387103466887	338.0
236.9487111364214	0.0
236.95871192615405	0.0
236.96871271588674	0.0
236.97871350561942	0.0
236.9887142953521	0.0
236.9987150850848	0.0
237.00871587481748	0.0
237.01871666455014	0.0
237.02871745428283	0.0
237.0387182440155	0.0
237.0487190337482	0.0
237.05871982348089	0.0
237.06872061321357	0.0
237.07872140294623	0.0
237.08872219267892	0.0
237.0987229824116	0.0
237.1087237721443	0.0
237.11872456187697	0.0
237.12872535160966	0.0
237.13872614134232	0.0
237.148726931075	0.0
237.1587277208077	0.0
237.16872851054038	0.0
237.17872930027306	0.0
237.18873009000575	0.0
237.1987308797384	0.0
237.2087316694711	0.0
237.21873245920378	0.0
237.22873324893646	0.0
237.23873403866915	0.0
237.24873482840184	0.0
237.2587356181345	0.0
237.26873640786718	0.0
237.27873719759987	0.0
237.28873798733255	0.0
237.29873877706524	0.0
237.30873956679793	0.0
237.31874035653058	0.0
237.32874114626327	0.0
237.33874193599596	0.0
237.34874272572864	0.0
237.35874351546133	0.0
237.368744305194	0.0
237.37874509492667	0.0
237.38874588465936	0.0
237.39874667439204	0.0
237.40874746412473	0.0
237.41874825385742	0.0
237.4287490435901	0.0
237.43874983332276	0.0
237.44875062305545	0.0
237.45875141278813	0.0
237.46875220252082	0.0
237.4787529922535	0.0
237.4887537819862	0.0
237.49875457171888	0.0
237.50875536145153	0.0
237.51875615118422	0.0
237.5287569409169	0.0
237.5387577306496	0.0
237.54875852038228	0.0
237.55875931011497	0.0
237.56876009984762	0.0
237.5787608895803	0.0
237.588761679313	0.0
237.59876246904568	0.0
237.60876325877837	0.0
237.61876404851105	0.0
237.6287648382437	0.0
237.6387656279764	0.0
237.64876641770908	0.0
237.65876720744177	0.0
237.66876799717446	0.0
237.67876878690714	0.0
237.6887695766398	0.0
237.6987703663725	0.0
237.70877115610517	0.0
237.71877194583786	0.0
237.72877273557054	0.0
237.73877352530323	0.0
237.7487743150359	0.0
237.75877510476857	0.0
237.76877589450126	0.0
237.77877668423395	0.0
237.78877747396663	0.0
237.79877826369932	0.0
237.80877905343198	0.0
237.81877984316466	0.0
237.82878063289735	0.0
237.83878142263003	0.0
237.84878221236272	0.0
237.8587830020954	0.0
237.86878379182806	0.0
237.87878458156075	0.0
237.88878537129344	0.0
237.89878616102612	0.0
237.9087869507588	0.0
237.9187877404915	0.0
237.92878853022415	0.0
237.93878931995684	0.0
237.94879010968953	0.0
237.9587908994222	0.0
237.9687916891549	0.0
237.97879247888758	0.0
237.98879326862024	0.0
237.99879405835293	0.0
238.0087948480856	0.0
238.0187956378183	0.0
238.028796427551	0.0
238.03879721728367	0.0
238.04879800701633	0.0
238.05879879674902	0.0
238.0687995864817	0.0
238.0788003762144	0.0
238.08880116594707	0.0
238.09880195567976	0.0
238.10880274541242	0.0
238.1188035351451	0.0
238.1288043248778	0.0
238.13880511461048	0.0
238.14880590434316	0.0
238.15880669407585	0.0
238.1688074838085	0.0
238.1788082735412	0.0
238.18880906327388	0.0
238.19880985300657	0.0
238.20881064273925	0.0
238.21881143247194	0.0
238.2288122222046	0.0
238.23881301193728	0.0
238.24881380166997	0.0
238.25881459140265	0.0
238.26881538113534	0.0
238.27881617086803	0.0
238.28881696060068	0.0
238.29881775033337	0.0
238.30881854006606	0.0
238.31881932979874	0.0
238.32882011953143	0.0
238.33882090926411	0.0
238.34882169899677	0.0
238.35882248872946	0.0
238.36882327846214	0.0
238.37882406819483	0.0
238.38882485792752	0.0
238.3988256476602	0.0
238.40882643739286	0.0
238.41882722712555	0.0
238.42882801685823	0.0
238.43882880659092	0.0
238.4488295963236	0.0
238.4588303860563	0.0
238.46883117578895	0.0
238.47883196552164	0.0
238.48883275525432	0.0
238.498833544987	0.0
238.5088343347197	0.0
238.51883512445238	0.0
238.52883591418504	0.0
238.53883670391772	0.0
238.5488374936504	0.0
238.5588382833831	0.0
238.56883907311578	0.0
238.57883986284847	0.0
238.58884065258113	0.0
238.5988414423138	0.0
238.6088422320465	0.0
238.61884302177918	0.0
238.62884381151187	0.0
238.63884460124456	0.0
238.64884539097721	0.0
238.6588461807099	0.0
238.6688469704426	0.0
238.67884776017527	0.0
238.68884854990796	0.0
238.69884933964065	0.0
238.7088501293733	0.0
238.718850919106	0.0
238.72885170883868	0.0
238.73885249857136	0.0
238.74885328830405	0.0
238.75885407803673	242.0
238.7688548677694	242.0
238.77885565750208	239.0
238.78885644723476	239.0
238.79885723696745	236.0
238.80885802670014	234.0
238.81885881643282	234.0
238.82885960616548	234.0
238.83886039589817	228.0
238.84886118563085	226.0
238.85886197536354	223.0
238.86886276509622	220.0
238.8788635548289	218.0
238.8888643445616	215.0
238.89886513429425	226.0
238.90886592402694	239.0
238.91886671375963	250.0
238.9288675034923	275.0
238.938868293225	288.0
238.94886908295769	288.0
238.95886987269034	281.0
238.96887066242303	272.0
238.97887145215572	262.0
238.9888722418884	250.0
238.9988730316211	228.0
239.00887382135377	228.0
239.01887461108643	234.0
239.02887540081912	239.0
239.0388761905518	242.0
239.0488769802845	248.0
239.05887777001718	275.0
239.06887855974986	275.0
239.07887934948252	272.0
239.0888801392152	268.0
239.0988809289479	0.0
239.10888171868058	0.0
239.11888250841326	0.0
239.12888329814595	0.0
239.1388840878786	0.0
239.1488848776113	334.0
239.15888566734398	338.0
239.16888645707667	338.0
239.17888724680935	331.0
239.18888803654204	323.0
239.1988888262747	316.0
239.20888961600738	323.0
239.21889040574007	331.0
239.22889119547276	338.0
239.23889198520544	334.0
239.24889277493813	350.0
239.25889356467079	363.0
239.26889435440347	367.0
239.27889514413616	367.0
239.28889593386884	363.0
239.29889672360153	354.0
239.30889751333422	354.0
239.31889830306687	354.0
239.32889909279956	342.0
239.33889988253225	342.0
239.34890067226493	346.0
239.35890146199762	350.0
239.3689022517303	375.0
239.37890304146296	393.0
239.38890383119565	398.0
239.39890462092833	398.0
239.40890541066102	398.0
239.4189062003937	384.0
239.4289069901264	0.0
239.43890777985905	0.0
239.44890856959174	0.0
239.45890935932442	0.0
239.4689101490571	0.0
239.4789109387898	0.0
239.48891172852248	0.0
239.49891251825514	0.0
239.50891330798783	0.0
239.5189140977205	0.0
239.5289148874532	0.0
239.53891567718588	0.0
239.54891646691857	0.0
239.55891725665123	0.0
239.5689180463839	0.0
239.5789188361166	0.0
239.5889196258493	0.0
239.59892041558197	0.0
239.60892120531466	0.0
239.61892199504732	0.0
239.62892278478	0.0
239.6389235745127	0.0
239.64892436424537	0.0
239.65892515397806	0.0
239.66892594371075	0.0
239.6789267334434	0.0
239.6889275231761	0.0
239.69892831290878	0.0
239.70892910264146	0.0
239.71892989237415	0.0
239.72893068210684	0.0
239.7389314718395	0.0
239.74893226157218	0.0
239.75893305130487	0.0
239.76893384103755	0.0
239.77893463077024	0.0
239.78893542050292	0.0
239.79893621023558	0.0
239.80893699996827	0.0
239.81893778970095	0.0
239.82893857943364	0.0
239.83893936916633	0.0
239.848940158899	0.0
239.85894094863167	0.0
239.86894173836436	0.0
239.87894252809704	0.0
239.88894331782973	0.0
239.89894410756241	0.0
239.9089448972951	0.0
239.91894568702776	0.0
239.92894647676044	0.0
239.93894726649313	0.0
239.94894805622582	0.0
239.9589488459585	0.0
239.9689496356912	0.0
239.97895042542385	0.0
239.98895121515653	281.0
239.99895200488922	281.0
240.0089527946219	281.0
240.0189535843546	278.0
240.02895437408728	278.0
240.03895516381994	0.0
240.04895595355262	0.0
240.0589567432853	0.0
240.068957533018	272.0
240.07895832275068	268.0
240.08895911248337	259.0
240.09895990221602	250.0
240.1089606919487	245.0
240.1189614816814	239.0
240.12896227141408	236.0
240.13896306114677	234.0
240.14896385087945	231.0
240.1589646406121	228.0
240.1689654303448	228.0
240.17896622007748	228.0
240.18896700981017	236.0
240.19896779954286	242.0
240.20896858927554	250.0
240.2189693790082	259.0
240.2289701687409	265.0
240.23897095847357	272.0
240.24897174820626	275.0
240.25897253793894	275.0
240.26897332767163	272.0
240.27897411740432	272.0
240.28897490713697	268.0
240.29897569686966	272.0
240.30897648660235	272.0
240.31897727633503	284.0
240.32897806606772	305.0
240.3389788558004	312.0
240.34897964553306	0.0
240.35898043526575	0.0
240.36898122499844	0.0
240.37898201473112	0.0
240.3889828044638	0.0
240.3989835941965	0.0
240.40898438392915	0.0
240.41898517366184	0.0
240.42898596339452	0.0
240.4389867531272	389.0
240.4489875428599	389.0
240.45898833259258	389.0
240.46898912232524	0.0
240.47898991205793	0.0
240.4889907017906	250.0
240.4989914915233	256.0
240.50899228125598	259.0
240.51899307098867	0.0
240.52899386072133	0.0
240.53899465045401	0.0
240.5489954401867	319.0
240.5589962299194	327.0
240.56899701965207	331.0
240.57899780938476	334.0
240.58899859911742	342.0
240.5989993888501	0.0
240.6090001785828	0.0
240.61900096831548	0.0
240.62900175804816	0.0
240.63900254778085	0.0
240.6490033375135	0.0
240.6590041272462	0.0
240.66900491697888	346.0
240.67900570671156	342.0
240.68900649644425	342.0
240.69900728617694	342.0
240.7090080759096	275.0
240.71900886564228	268.0
240.72900965537497	265.0
240.73901044510765	0.0
240.74901123484034	0.0
240.75901202457302	0.0
240.76901281430568	0.0
240.77901360403837	0.0
240.78901439377105	0.0
240.79901518350374	0.0
240.80901597323643	0.0
240.8190167629691	0.0
240.82901755270177	0.0
240.83901834243446	0.0
240.84901913216714	0.0
240.85901992189983	0.0
240.86902071163252	0.0
240.8790215013652	0.0
240.88902229109786	0.0
240.89902308083055	0.0
240.90902387056323	0.0
240.91902466029592	0.0
240.9290254500286	0.0
240.9390262397613	0.0
240.94902702949395	0.0
240.95902781922663	0.0
240.96902860895932	0.0
240.979029398692	0.0
240.9890301884247	0.0
240.99903097815738	0.0
241.00903176789004	0.0
241.01903255762272	0.0
241.0290333473554	0.0
241.0390341370881	0.0
241.04903492682078	0.0
241.05903571655347	0.0
241.06903650628612	0.0
241.0790372960188	0.0
241.0890380857515	0.0
241.09903887548418	0.0
241.10903966521687	0.0
241.11904045494956	0.0
241.1290412446822	0.0
241.1390420344149	0.0
241.14904282414759	0.0
241.15904361388027	0.0
241.16904440361296	0.0
241.17904519334564	0.0
241.1890459830783	0.0
241.199046772811	0.0
241.20904756254367	0.0
241.21904835227636	0.0
241.22904914200905	0.0
241.23904993174173	0.0
241.2490507214744	0.0
241.25905151120708	0.0
241.26905230093976	0.0
241.27905309067245	0.0
241.28905388040513	0.0
241.29905467013782	0.0
241.30905545987048	0.0
241.31905624960316	0.0
241.32905703933585	0.0
241.33905782906854	0.0
241.34905861880122	0.0
241.3590594085339	0.0
241.36906019826657	0.0
241.37906098799925	0.0
241.38906177773194	0.0
241.39906256746463	0.0
241.4090633571973	0.0
241.41906414693	0.0
241.42906493666266	0.0
241.43906572639534	0.0
241.44906651612803	0.0
241.4590673058607	0.0
241.4690680955934	0.0
241.4790688853261	0.0
241.48906967505874	0.0
241.49907046479143	0.0
241.50907125452412	0.0
241.5190720442568	0.0
241.5290728339895	0.0
241.53907362372217	0.0
241.54907441345483	0.0
241.55907520318752	0.0
241.5690759929202	0.0
241.5790767826529	0.0
241.58907757238558	0.0
241.59907836211826	0.0
241.60907915185092	0.0
241.6190799415836	0.0
241.6290807313163	0.0
241.63908152104898	0.0
241.64908231078167	0.0
241.65908310051435	0.0
241.66908389024704	0.0
241.6790846799797	0.0
241.68908546971238	0.0
241.69908625944507	0.0
241.70908704917775	0.0
241.71908783891044	0.0
241.72908862864313	0.0
241.73908941837578	0.0
241.74909020810847	0.0
241.75909099784116	0.0
241.76909178757384	0.0
241.77909257730653	0.0
241.78909336703921	0.0
241.79909415677187	0.0
241.80909494650456	0.0
241.81909573623724	0.0
241.82909652596993	0.0
241.83909731570262	0.0
241.8490981054353	0.0
241.85909889516796	0.0
241.86909968490065	0.0
241.87910047463333	0.0
241.88910126436602	0.0
241.8991020540987	0.0
241.9091028438314	0.0
241.91910363356405	0.0
241.92910442329674	0.0
241.93910521302942	278.0
241.9491060027621	278.0
241.9591067924948	281.0
241.96910758222748	278.0
241.97910837196014	278.0
241.98910916169282	281.0
241.9991099514255	281.0
242.0091107411582	281.0
242.01911153089088	281.0
242.02911232062357	281.0
242.03911311035623	281.0
242.0491139000889	281.0
242.0591146898216	278.0
242.06911547955428	278.0
242.07911626928697	275.0
242.08911705901966	275.0
242.09911784875231	272.0
242.109118638485	272.0
242.1191194282177	272.0
242.12912021795037	268.0
242.13912100768306	265.0
242.14912179741575	259.0
242.1591225871484	253.0
242.1691233768811	250.0
242.17912416661378	248.0
242.18912495634646	245.0
242.19912574607915	239.0
242.20912653581183	236.0
242.2191273255445	236.0
242.22912811527718	248.0
242.23912890500986	253.0
242.24912969474255	259.0
242.25913048447524	256.0
242.26913127420792	253.0
242.27913206394058	248.0
242.28913285367327	0.0
242.29913364340595	0.0
242.30913443313864	0.0
242.31913522287132	0.0
242.329136012604	0.0
242.33913680233667	0.0
242.34913759206935	0.0
242.35913838180204	268.0
242.36913917153473	268.0
242.3791399612674	272.0
242.3891407510001	278.0
242.39914154073276	278.0
242.40914233046544	278.0
242.41914312019813	275.0
242.42914390993081	0.0
242.4391446996635	0.0
242.4491454893962	0.0
242.45914627912884	0.0
242.46914706886153	0.0
242.47914785859422	0.0
242.4891486483269	0.0
242.4991494380596	0.0
242.50915022779228	0.0
242.51915101752493	0.0
242.52915180725762	0.0
242.5391525969903	0.0
242.549153386723	0.0
242.55915417645568	0.0
242.56915496618836	0.0
242.57915575592102	0.0
242.5891565456537	0.0
242.5991573353864	0.0
242.60915812511908	0.0
242.61915891485177	0.0
242.62915970458445	0.0
242.6391604943171	0.0
242.6491612840498	0.0
242.65916207378248	278.0
242.66916286351517	278.0
242.67916365324785	278.0
242.68916444298054	278.0
242.6991652327132	278.0
242.70916602244588	278.0
242.71916681217857	278.0
242.72916760191126	278.0
242.73916839164394	278.0
242.74916918137663	278.0
242.7591699711093	278.0
242.76917076084197	278.0
242.77917155057466	278.0
242.78917234030735	278.0
242.79917313004003	278.0
242.80917391977272	278.0
242.81917470950538	278.0
242.82917549923806	0.0
242.83917628897075	0.0
242.84917707870343	0.0
242.85917786843612	0.0
242.8691786581688	0.0
242.87917944790146	0.0
242.88918023763415	0.0
242.89918102736684	0.0
242.90918181709952	0.0
242.9191826068322	0.0
242.9291833965649	0.0
242.93918418629755	0.0
242.94918497603024	0.0
242.95918576576292	0.0
242.9691865554956	0.0
242.9791873452283	0.0
242.98918813496098	0.0
242.99918892469364	0.0
243.00918971442633	0.0
243.019190504159	0.0
243.0291912938917	0.0
243.03919208362439	0.0
243.04919287335707	0.0
243.05919366308976	0.0
243.06919445282242	0.0
243.0791952425551	0.0
243.0891960322878	0.0
243.09919682202047	0.0
243.10919761175316	0.0
243.11919840148585	0.0
243.1291991912185	0.0
243.1391999809512	0.0
243.14920077068388	0.0
243.15920156041656	0.0
243.16920235014925	0.0
243.17920313988193	0.0
243.1892039296146	0.0
243.19920471934728	0.0
243.20920550907996	0.0
243.21920629881265	0.0
243.22920708854534	0.0
243.23920787827802	0.0
243.24920866801068	0.0
243.25920945774337	0.0
243.26921024747605	0.0
243.27921103720874	0.0
243.28921182694143	0.0
243.2992126166741	0.0
243.30921340640677	0.0
243.31921419613946	0.0
243.32921498587214	0.0
243.33921577560483	0.0
243.3492165653375	0.0
243.3592173550702	0.0
243.36921814480286	0.0
243.37921893453554	0.0
243.38921972426823	0.0
243.39922051400092	0.0
243.4092213037336	0.0
243.4192220934663	0.0
243.42922288319895	0.0
243.43922367293163	0.0
243.44922446266432	0.0
243.459225252397	0.0
243.4692260421297	0.0
243.47922683186238	0.0
243.48922762159503	0.0
243.49922841132772	0.0
243.5092292010604	0.0
243.5192299907931	0.0
243.52923078052578	0.0
243.53923157025847	0.0
243.54923235999112	0.0
243.5592331497238	0.0
243.5692339394565	0.0
243.57923472918918	0.0
243.58923551892187	0.0
243.59923630865455	0.0
243.6092370983872	0.0
243.6192378881199	0.0
243.62923867785258	0.0
243.63923946758527	0.0
243.64924025731796	0.0
243.65924104705064	0.0
243.6692418367833	0.0
243.679242626516	0.0
243.68924341624867	0.0
243.69924420598136	0.0
243.70924499571404	0.0
243.71924578544673	0.0
243.7292465751794	0.0
243.73924736491207	0.0
243.74924815464476	0.0
243.75924894437745	0.0
243.76924973411013	0.0
243.77925052384282	0.0
243.78925131357548	0.0
243.79925210330816	0.0
243.80925289304085	0.0
243.81925368277354	0.0
243.82925447250622	0.0
243.8392552622389	0.0
243.84925605197157	0.0
243.85925684170425	0.0
243.86925763143694	0.0
243.87925842116962	0.0
243.8892592109023	0.0
243.899260000635	0.0
243.90926079036765	0.0
243.91926158010034	0.0
243.92926236983303	0.0
243.9392631595657	0.0
243.9492639492984	0.0
243.95926473903108	0.0
243.96926552876374	0.0
243.97926631849643	0.0
243.98926710822911	0.0
243.9992678979618	0.0
244.0092686876945	0.0
244.01926947742717	0.0
244.02927026715983	0.0
244.03927105689252	0.0
244.0492718466252	0.0
244.0592726363579	0.0
244.06927342609058	0.0
244.07927421582326	0.0
244.08927500555592	0.0
244.0992757952886	0.0
244.1092765850213	0.0
244.11927737475398	0.0
244.12927816448666	0.0
244.13927895421935	0.0
244.149279743952	0.0
244.1592805336847	0.0
244.16928132341738	0.0
244.17928211315007	0.0
244.18928290288275	0.0
244.19928369261544	0.0
244.2092844823481	0.0
244.21928527208078	0.0
244.22928606181347	0.0
244.23928685154615	0.0
244.24928764127884	0.0
244.25928843101153	0.0
244.26928922074418	0.0
244.27929001047687	0.0
244.28929080020956	0.0
244.29929158994224	0.0
244.30929237967493	0.0
244.31929316940762	0.0
244.32929395914027	0.0
244.33929474887296	0.0
244.34929553860565	0.0
244.35929632833833	0.0
244.36929711807102	0.0
244.3792979078037	0.0
244.38929869753636	0.0
244.39929948726905	0.0
244.40930027700173	0.0
244.41930106673442	0.0
244.4293018564671	0.0
244.4393026461998	0.0
244.44930343593248	0.0
244.45930422566514	0.0
244.46930501539782	0.0
244.4793058051305	0.0
244.4893065948632	0.0
244.49930738459588	0.0
244.50930817432857	0.0
244.51930896406122	0.0
244.5293097537939	0.0
244.5393105435266	0.0
244.54931133325928	0.0
244.55931212299197	0.0
244.56931291272466	0.0
244.5793137024573	0.0
244.58931449219	0.0
244.59931528192269	0.0
244.60931607165537	0.0
244.61931686138806	0.0
244.62931765112074	0.0
244.6393184408534	0.0
244.6493192305861	0.0
244.65932002031877	0.0
244.66932081005146	0.0
244.67932159978415	0.0
244.68932238951683	0.0
244.6993231792495	0.0
244.70932396898218	0.0
244.71932475871486	0.0
244.72932554844755	0.0
244.73932633818023	0.0
244.74932712791292	0.0
244.75932791764558	0.0
244.76932870737826	0.0
244.77932949711095	0.0
244.78933028684364	0.0
244.79933107657632	0.0
244.809331866309	0.0
244.81933265604167	0.0
244.82933344577435	0.0
244.83933423550704	0.0
244.84933502523972	0.0
244.8593358149724	0.0
244.8693366047051	0.0
244.87933739443775	0.0
244.88933818417044	0.0
244.89933897390313	0.0
244.9093397636358	0.0
244.9193405533685	0.0
244.92934134310119	0.0
244.93934213283384	0.0
244.94934292256653	0.0
244.95934371229922	0.0
244.9693445020319	0.0
244.9793452917646	0.0
244.98934608149727	0.0
244.99934687122993	0.0
245.00934766096262	0.0
245.0193484506953	0.0
245.029349240428	0.0
245.03935003016068	0.0
245.04935081989336	0.0
245.05935160962602	0.0
245.0693523993587	0.0
245.0793531890914	0.0
245.08935397882408	0.0
245.09935476855676	0.0
245.10935555828945	0.0
245.1193563480221	0.0
245.1293571377548	0.0
245.13935792748748	0.0
245.14935871722017	0.0
245.15935950695285	0.0
245.16936029668554	0.0
245.1793610864182	0.0
245.18936187615088	0.0
245.19936266588357	0.0
245.20936345561626	0.0
245.21936424534894	0.0
245.22936503508163	0.0
245.23936582481429	0.0
245.24936661454697	0.0
245.25936740427966	0.0
245.26936819401234	0.0
245.27936898374503	0.0
245.28936977347772	0.0
245.29937056321037	0.0
245.30937135294306	0.0
245.31937214267575	0.0
245.32937293240843	0.0
245.33937372214112	0.0
245.3493745118738	0.0
245.35937530160646	0.0
245.36937609133915	0.0
245.37937688107183	0.0
245.38937767080452	0.0
245.3993784605372	0.0
245.4093792502699	0.0
245.41938004000255	0.0
245.42938082973524	0.0
245.43938161946792	0.0
245.4493824092006	0.0
245.4593831989333	0.0
245.46938398866598	0.0
245.47938477839864	0.0
245.48938556813133	0.0
245.499386357864	0.0
245.5093871475967	0.0
245.51938793732938	0.0
245.52938872706207	0.0
245.53938951679473	0.0
245.5493903065274	0.0
245.5593910962601	0.0
245.5693918859928	0.0
245.57939267572547	0.0
245.58939346545816	0.0
245.59939425519082	0.0
245.6093950449235	0.0
245.6193958346562	0.0
245.62939662438887	0.0
245.63939741412156	0.0
245.64939820385425	0.0
245.6593989935869	0.0
245.6693997833196	0.0
245.67940057305228	0.0
245.68940136278496	0.0
245.69940215251765	0.0
245.70940294225034	0.0
245.719403731983	0.0
245.72940452171568	0.0
245.73940531144837	0.0
245.74940610118105	0.0
245.75940689091374	0.0
245.76940768064642	0.0
245.7794084703791	0.0
245.78940926011177	0.0
245.79941004984445	0.0
245.80941083957714	0.0
245.81941162930983	0.0
245.8294124190425	0.0
245.8394132087752	0.0
245.84941399850786	0.0
245.85941478824054	0.0
245.86941557797323	0.0
245.87941636770591	0.0
245.8894171574386	0.0
245.8994179471713	0.0
245.90941873690394	0.0
245.91941952663663	0.0
245.92942031636932	0.0
245.939421106102	0.0
245.9494218958347	0.0
245.95942268556738	0.0
245.96942347530003	0.0
245.97942426503272	0.0
245.9894250547654	0.0
245.9994258444981	0.0
246.00942663423078	0.0
246.01942742396346	0.0
246.02942821369612	0.0
246.0394290034288	0.0
246.0494297931615	0.0
246.05943058289418	0.0
246.06943137262687	0.0
246.07943216235955	0.0
246.0894329520922	0.0
246.0994337418249	0.0
246.10943453155758	0.0
246.11943532129027	0.0
246.12943611102295	0.0
246.13943690075564	0.0
246.1494376904883	0.0
246.15943848022098	0.0
246.16943926995367	0.0
246.17944005968636	0.0
246.18944084941904	0.0
246.19944163915173	0.0
246.2094424288844	0.0
246.21944321861707	0.0
246.22944400834976	0.0
246.23944479808245	0.0
246.24944558781513	0.0
246.25944637754782	0.0
246.26944716728048	0.0
246.27944795701316	0.0
246.28944874674585	0.0
246.29944953647853	0.0
246.30945032621122	0.0
246.3194511159439	0.0
246.32945190567656	0.0
246.33945269540925	0.0
246.34945348514194	0.0
246.35945427487462	0.0
246.3694550646073	0.0
246.37945585434	0.0
246.38945664407265	0.0
246.39945743380534	0.0
246.40945822353802	0.0
246.4194590132707	0.0
246.4294598030034	0.0
246.43946059273608	0.0
246.44946138246874	0.0
246.45946217220143	0.0
246.4694629619341	0.0
246.4794637516668	0.0
246.48946454139949	0.0
246.49946533113217	0.0
246.50946612086483	0.0
246.51946691059752	0.0
246.5294677003302	0.0
246.5394684900629	0.0
246.54946927979557	0.0
246.55947006952826	0.0
246.56947085926092	0.0
246.5794716489936	0.0
246.5894724387263	0.0
246.59947322845898	0.0
246.60947401819166	0.0
246.61947480792435	0.0
246.629475597657	0.0
246.6394763873897	0.0
246.64947717712238	0.0
246.65947796685506	0.0
246.66947875658775	0.0
246.67947954632044	0.0
246.6894803360531	0.0
246.69948112578578	0.0
246.70948191551847	0.0
246.71948270525115	0.0
246.72948349498384	0.0
246.73948428471653	0.0
246.74948507444918	0.0
246.75948586418187	0.0
246.76948665391456	0.0
246.77948744364724	0.0
246.78948823337993	0.0
246.7994890231126	0.0
246.80948981284527	0.0
246.81949060257796	0.0
246.82949139231064	0.0
246.83949218204333	0.0
246.84949297177602	0.0
246.8594937615087	0.0
246.86949455124136	0.0
246.87949534097405	0.0
246.88949613070673	0.0
246.89949692043942	0.0
246.9094977101721	0.0
246.9194984999048	0.0
246.92949928963745	0.0
246.93950007937013	0.0
246.94950086910282	0.0
246.9595016588355	0.0
246.9695024485682	0.0
246.97950323830088	0.0
246.98950402803354	0.0
246.99950481776622	0.0
247.0095056074989	0.0
247.0195063972316	0.0
247.02950718696428	0.0
247.03950797669697	0.0
247.04950876642962	0.0
247.0595095561623	0.0
247.069510345895	0.0
247.07951113562768	0.0
247.08951192536037	0.0
247.09951271509306	0.0
247.1095135048257	0.0
247.1195142945584	0.0
247.12951508429109	0.0
247.13951587402377	0.0
247.14951666375646	0.0
247.15951745348914	0.0
247.16951824322183	0.0
247.1795190329545	0.0
247.18951982268717	0.0
247.19952061241986	0.0
247.20952140215255	0.0
247.21952219188523	0.0
247.22952298161792	0.0
247.23952377135058	0.0
247.24952456108326	0.0
247.25952535081595	0.0
247.26952614054863	0.0
247.27952693028132	0.0
247.289527720014	0.0
247.29952850974666	0.0
247.30952929947935	0.0
247.31953008921204	0.0
247.32953087894472	0.0
247.3395316686774	0.0
247.3495324584101	0.0
247.35953324814275	0.0
247.36953403787544	0.0
247.37953482760813	0.0
247.3895356173408	0.0
247.3995364070735	0.0
247.40953719680618	0.0
247.41953798653884	0.0
247.42953877627153	0.0
247.4395395660042	0.0
247.4495403557369	0.0
247.4595411454696	0.0
247.46954193520227	0.0
247.47954272493493	0.0
247.48954351466762	0.0
247.4995443044003	0.0
247.509545094133	0.0
247.51954588386567	0.0
247.52954667359836	0.0
247.53954746333102	0.0
247.5495482530637	0.0
247.5595490427964	0.0
247.56954983252908	0.0
247.57955062226176	0.0
247.58955141199445	0.0
247.5995522017271	0.0
247.6095529914598	0.0
247.61955378119248	0.0
247.62955457092517	0.0
247.63955536065785	0.0
247.64955615039054	0.0
247.6595569401232	0.0
247.66955772985588	0.0
247.67955851958857	0.0
247.68955930932125	0.0
247.69956009905394	0.0
247.70956088878663	0.0
247.71956167851928	0.0
247.72956246825197	0.0
247.73956325798466	0.0
247.74956404771734	0.0
247.75956483745003	0.0
247.76956562718271	0.0
247.77956641691537	0.0
247.78956720664806	0.0
247.79956799638074	0.0
247.80956878611343	0.0
247.81956957584612	234.0
247.8295703655788	242.0
247.83957115531146	242.0
247.84957194504415	248.0
247.85957273477683	253.0
247.86957352450952	253.0
247.8795743142422	253.0
247.8895751039749	245.0
247.89957589370755	236.0
247.90957668344024	228.0
247.91957747317292	226.0
247.9295782629056	220.0
247.9395790526383	218.0
247.94957984237098	213.0
247.95958063210364	210.0
247.96958142183632	206.0
247.979582211569	206.0
247.9895830013017	203.0
247.99958379103438	203.0
248.00958458076707	203.0
248.01958537049973	206.0
248.0295861602324	210.0
248.0395869499651	215.0
248.04958773969778	220.0
248.05958852943047	226.0
248.06958931916316	245.0
248.07959010889581	250.0
248.0895908986285	250.0
248.0995916883612	250.0
248.10959247809387	245.0
248.11959326782656	236.0
248.12959405755925	231.0
248.1395948472919	228.0
248.1495956370246	231.0
248.15959642675728	236.0
248.16959721648996	248.0
248.17959800622265	253.0
248.18959879595533	259.0
248.199599585688	262.0
248.20960037542068	262.0
248.21960116515336	253.0
248.22960195488605	248.0
248.23960274461874	242.0
248.24960353435142	239.0
248.25960432408408	239.0
248.26960511381677	242.0
248.27960590354945	245.0
248.28960669328214	248.0
248.29960748301482	248.0
248.3096082727475	248.0
248.31960906248017	248.0
248.32960985221285	248.0
248.33961064194554	223.0
248.34961143167823	213.0
248.3596122214109	208.0
248.3696130111436	203.0
248.37961380087626	203.0
248.38961459060894	203.0
248.39961538034163	206.0
248.40961617007432	208.0
248.419616959807	208.0
248.4296177495397	208.0
248.43961853927235	208.0
248.44961932900503	208.0
248.45962011873772	208.0
248.4696209084704	208.0
248.4796216982031	208.0
248.48962248793578	208.0
248.49962327766843	210.0
248.50962406740112	215.0
248.5196248571338	228.0
248.5296256468665	234.0
248.53962643659918	239.0
248.54962722633186	248.0
248.55962801606455	248.0
248.5696288057972	245.0
248.5796295955299	239.0
248.58963038526258	234.0
248.59963117499527	231.0
248.60963196472795	228.0
248.61963275446064	223.0
248.6296335441933	220.0
248.63963433392598	218.0
248.64963512365867	215.0
248.65963591339136	213.0
248.66963670312404	210.0
248.67963749285673	208.0
248.68963828258939	208.0
248.69963907232207	210.0
248.70963986205476	215.0
248.71964065178744	220.0
248.72964144152013	231.0
248.73964223125282	245.0
248.74964302098547	253.0
248.75964381071816	259.0
248.76964460045085	259.0
248.77964539018353	256.0
248.78964617991622	248.0
248.7996469696489	236.0
248.80964775938156	226.0
248.81964854911425	215.0
248.82964933884693	208.0
248.83965012857962	208.0
248.8496509183123	208.0
248.859651708045	215.0
248.86965249777765	218.0
248.87965328751034	220.0
248.88965407724302	220.0
248.8996548669757	218.0
248.9096556567084	210.0
248.91965644644108	181.0
248.92965723617374	177.0
248.93965802590643	175.0
248.9496588156391	177.0
248.9596596053718	179.0
248.96966039510448	181.0
248.97966118483717	183.0
248.98966197456983	183.0
248.9996627643025	185.0
249.0096635540352	185.0
249.0196643437679	0.0
249.02966513350057	0.0
249.03966592323326	0.0
249.04966671296592	0.0
249.0596675026986	0.0
249.0696682924313	0.0
249.07966908216397	0.0
249.08966987189666	0.0
249.09967066162935	0.0
249.109671451362	0.0
249.1196722410947	0.0
249.12967303082738	0.0
249.13967382056006	0.0
249.14967461029275	0.0
249.15967540002544	0.0
249.1696761897581	0.0
249.17967697949078	0.0
249.18967776922347	0.0
249.19967855895615	0.0
249.20967934868884	0.0
249.21968013842152	0.0
249.22968092815418	0.0
249.23968171788687	0.0
249.24968250761955	0.0
249.25968329735224	0.0
249.26968408708493	0.0
249.2796848768176	0.0
249.28968566655027	0.0
249.29968645628296	0.0
249.30968724601564	0.0
249.31968803574833	0.0
249.329688825481	0.0
249.3396896152137	0.0
249.34969040494636	0.0
249.35969119467904	0.0
249.36969198441173	0.0
249.37969277414442	0.0
249.3896935638771	0.0
249.3996943536098	0.0
249.40969514334245	0.0
249.41969593307513	0.0
249.42969672280782	0.0
249.4396975125405	0.0
249.4496983022732	0.0
249.45969909200588	0.0
249.46969988173853	226.0
249.47970067147122	223.0
249.4897014612039	226.0
249.4997022509366	228.0
249.50970304066928	234.0
249.51970383040197	236.0
249.52970462013462	242.0
249.5397054098673	245.0
249.5497061996	248.0
249.55970698933268	245.0
249.56970777906537	236.0
249.57970856879805	231.0
249.5897093585307	223.0
249.5997101482634	218.0
249.60971093799608	215.0
249.61971172772877	215.0
249.62971251746146	210.0
249.63971330719414	203.0
249.6497140969268	194.0
249.6597148866595	190.0
249.66971567639217	187.0
249.67971646612486	185.0
249.68971725585754	183.0
249.69971804559023	183.0
249.7097188353229	185.0
249.71971962505557	185.0
249.72972041478826	185.0
249.73972120452095	185.0
249.74972199425363	185.0
249.75972278398632	183.0
249.76972357371898	181.0
249.77972436345166	181.0
249.78972515318435	185.0
249.79972594291704	192.0
249.80972673264972	201.0
249.8197275223824	213.0
249.82972831211507	226.0
249.83972910184775	236.0
249.84972989158044	245.0
249.85973068131312	253.0
249.8697314710458	256.0
249.8797322607785	250.0
249.88973305051115	245.0
249.89973384024384	242.0
249.90973462997653	239.0
249.9197354197092	239.0
249.9297362094419	239.0
249.93973699917458	239.0
249.94973778890727	239.0
249.95973857863993	242.0
249.96973936837261	242.0
249.9797401581053	242.0
249.989740947838	242.0
249.99974173757067	239.0
250.00974252730336	239.0
250.01974331703602	236.0
250.0297441067687	234.0
250.0397448965014	231.0
250.04974568623408	231.0
250.05974647596676	231.0
250.06974726569945	0.0
250.0797480554321	0.0
250.0897488451648	0.0
250.09974963489748	0.0
250.10975042463016	0.0
250.11975121436285	220.0
250.12975200409554	220.0
250.1397527938282	226.0
250.14975358356088	236.0
250.15975437329357	248.0
250.16975516302625	262.0
250.17975595275894	265.0
250.18975674249162	268.0
250.19975753222428	272.0
250.20975832195697	272.0
250.21975911168965	272.0
250.22975990142234	272.0
250.23976069115503	272.0
250.2497614808877	272.0
250.25976227062037	268.0
250.26976306035306	268.0
250.27976385008574	265.0
250.28976463981843	262.0
250.29976542955112	259.0
250.3097662192838	256.0
250.31976700901646	253.0
250.32976779874915	250.0
250.33976858848183	248.0
250.34976937821452	245.0
250.3597701679472	239.0
250.3697709576799	236.0
250.37977174741255	234.0
250.38977253714523	231.0
250.39977332687792	231.0
250.4097741166106	231.0
250.4197749063433	234.0
250.42977569607598	239.0
250.43977648580864	245.0
250.44977727554132	250.0
250.459778065274	256.0
250.4697788550067	262.0
250.47977964473938	275.0
250.48978043447207	284.0
250.49978122420472	298.0
250.5097820139374	308.0
250.5197828036701	319.0
250.52978359340278	327.0
250.53978438313547	334.0
250.54978517286816	338.0
250.5597859626008	342.0
250.5697867523335	346.0
250.57978754206619	350.0
250.58978833179887	354.0
250.59978912153156	358.0
250.60978991126424	358.0
250.6197907009969	358.0
250.6297914907296	354.0
250.63979228046227	354.0
250.64979307019496	350.0
250.65979385992765	346.0
250.66979464966033	342.0
250.679795439393	342.0
250.68979622912568	342.0
250.69979701885836	342.0
250.70979780859105	346.0
250.71979859832373	354.0
250.72979938805642	367.0
250.73980017778908	371.0
250.74980096752176	371.0
250.75980175725445	367.0
250.76980254698714	367.0
250.77980333671982	363.0
250.7898041264525	363.0
250.79980491618517	358.0
250.80980570591785	354.0
250.81980649565054	354.0
250.82980728538323	350.0
250.8398080751159	346.0
250.8498088648486	342.0
250.85980965458126	338.0
250.86981044431394	334.0
250.87981123404663	331.0
250.8898120237793	327.0
250.899812813512	327.0
250.9098136032447	323.0
250.91981439297734	316.0
250.92981518271003	308.0
250.93981597244272	308.0
250.9498167621754	312.0
250.9598175519081	319.0
250.96981834164077	327.0
250.97981913137343	334.0
250.98981992110612	342.0
250.9998207108388	358.0
251.0098215005715	371.0
251.01982229030418	371.0
251.02982308003686	363.0
251.03982386976952	334.0
251.0498246595022	323.0
251.0598254492349	312.0
251.06982623896758	312.0
251.07982702870027	319.0
251.08982781843295	323.0
251.0998286081656	331.0
251.1098293978983	334.0
251.11983018763098	338.0
251.12983097736367	334.0
251.13983176709635	323.0
251.14983255682904	288.0
251.1598333465617	275.0
251.16983413629438	275.0
251.17983492602707	275.0
251.18983571575976	278.0
251.19983650549244	281.0
251.20983729522513	284.0
251.2198380849578	284.0
251.22983887469047	281.0
251.23983966442316	275.0
251.24984045415584	265.0
251.25984124388853	256.0
251.26984203362122	248.0
251.27984282335387	245.0
251.28984361308656	250.0
251.29984440281925	256.0
251.30984519255193	262.0
251.31984598228462	275.0
251.3298467720173	284.0
251.33984756175	291.0
251.34984835148265	291.0
251.35984914121534	284.0
251.36984993094802	278.0
251.3798507206807	268.0
251.3898515104134	262.0
251.39985230014608	256.0
251.40985308987874	250.0
251.41985387961142	248.0
251.4298546693441	242.0
251.4398554590768	242.0
251.44985624880948	239.0
251.45985703854217	236.0
251.46985782827483	234.0
251.4798586180075	234.0
251.4898594077402	231.0
251.49986019747288	234.0
251.50986098720557	234.0
251.51986177693826	234.0
251.52986256667091	236.0
251.5398633564036	239.0
251.5498641461363	242.0
251.55986493586897	248.0
251.56986572560166	253.0
251.57986651533434	259.0
251.589867305067	268.0
251.5998680947997	275.0
251.60986888453237	278.0
251.61986967426506	278.0
251.62987046399775	278.0
251.63987125373043	272.0
251.6498720434631	268.0
251.65987283319578	265.0
251.66987362292846	262.0
251.67987441266115	259.0
251.68987520239384	253.0
251.69987599212652	250.0
251.70987678185918	248.0
251.71987757159187	248.0
251.72987836132455	245.0
251.73987915105724	239.0
251.74987994078992	236.0
251.7598807305226	234.0
251.76988152025527	231.0
251.77988230998795	231.0
251.78988309972064	234.0
251.79988388945333	236.0
251.809884679186	239.0
251.8198854689187	245.0
251.82988625865136	248.0
251.83988704838404	253.0
251.84988783811673	259.0
251.85988862784941	265.0
251.8698894175821	268.0
251.8798902073148	272.0
251.88989099704744	275.0
251.89989178678013	275.0
251.90989257651282	275.0
251.9198933662455	275.0
251.9298941559782	272.0
251.93989494571088	272.0
251.94989573544353	272.0
251.95989652517622	268.0
251.9698973149089	268.0
251.9798981046416	268.0
251.98989889437428	265.0
251.99989968410696	259.0
252.00990047383962	256.0
252.0199012635723	250.0
252.029902053305	248.0
252.03990284303768	242.0
252.04990363277037	236.0
252.05990442250305	234.0
252.0699052122357	231.0
252.0799060019684	228.0
252.08990679170108	228.0
252.09990758143377	234.0
252.10990837116645	239.0
252.11990916089914	245.0
252.1299099506318	250.0
252.13991074036448	256.0
252.14991153009717	265.0
252.15991231982986	275.0
252.16991310956254	278.0
252.17991389929523	275.0
252.1899146890279	278.0
252.19991547876057	278.0
252.20991626849326	278.0
252.21991705822595	278.0
252.22991784795863	278.0
252.23991863769132	278.0
252.24991942742398	278.0
252.25992021715666	278.0
252.26992100688935	278.0
252.27992179662203	278.0
252.28992258635472	268.0
252.2999233760874	268.0
252.30992416582006	268.0
252.31992495555275	262.0
252.32992574528544	0.0
252.33992653501812	452.0
252.3499273247508	457.0
252.3599281144835	0.0
252.36992890421615	0.0
252.37992969394884	0.0
252.38993048368152	0.0
252.3999312734142	0.0
252.4099320631469	0.0
252.41993285287958	0.0
252.42993364261224	0.0
252.43993443234493	0.0
252.4499352220776	0.0
252.4599360118103	0.0
252.46993680154299	0.0
252.47993759127567	0.0
252.48993838100833	0.0
252.49993917074102	0.0
252.5099399604737	0.0
252.5199407502064	0.0
252.52994153993907	0.0
252.53994232967176	0.0
252.54994311940442	0.0
252.5599439091371	0.0
252.5699446988698	0.0
252.57994548860248	0.0
252.58994627833516	0.0
252.59994706806785	0.0
252.6099478578005	0.0
252.6199486475332	0.0
252.62994943726588	0.0
252.63995022699856	0.0
252.64995101673125	0.0
252.65995180646394	0.0
252.6699525961966	0.0
252.67995338592928	0.0
252.68995417566197	0.0
252.69995496539465	0.0
252.70995575512734	0.0
252.71995654486003	0.0
252.7299573345927	0.0
252.73995812432537	0.0
252.74995891405806	0.0
252.75995970379074	0.0
252.76996049352343	0.0
252.7799612832561	0.0
252.7899620729888	0.0
252.79996286272146	0.0
252.80996365245414	0.0
252.81996444218683	0.0
252.82996523191952	0.0
252.8399660216522	0.0
252.8499668113849	0.0
252.85996760111755	0.0
252.86996839085023	0.0
252.87996918058292	0.0
252.8899699703156	0.0
252.8999707600483	0.0
252.90997154978098	0.0
252.91997233951363	0.0
252.92997312924632	0.0
252.939973918979	0.0
252.9499747087117	0.0
252.95997549844438	0.0
252.96997628817707	0.0
252.97997707790972	0.0
252.9899778676424	0.0
252.9999786573751	0.0
253.00997944710778	0.0
253.01998023684047	0.0
253.02998102657315	0.0
253.0399818163058	0.0
253.0499826060385	0.0
253.05998339577118	0.0
253.06998418550387	0.0
253.07998497523656	0.0
253.08998576496924	0.0
253.0999865547019	0.0
253.1099873444346	0.0
253.11998813416727	0.0
253.12998892389996	0.0
253.13998971363264	0.0
253.14999050336533	0.0
253.159991293098	0.0
253.16999208283067	0.0
253.17999287256336	0.0
253.18999366229605	0.0
253.19999445202873	0.0
253.20999524176142	0.0
253.21999603149408	0.0
253.22999682122676	0.0
253.23999761095945	0.0
253.24999840069214	0.0
253.25999919042482	0.0
253.2699999801575	0.0
253.28000076989017	0.0
253.29000155962285	0.0
253.30000234935554	0.0
253.31000313908822	0.0
253.3200039288209	0.0
253.3300047185536	0.0
253.34000550828625	0.0
253.35000629801894	0.0
253.36000708775163	0.0
253.3700078774843	0.0
253.380008667217	0.0
253.39000945694968	0.0
253.40001024668234	0.0
253.41001103641503	0.0
253.42001182614771	0.0
253.4300126158804	0.0
253.4400134056131	0.0
253.45001419534577	0.0
253.46001498507843	0.0
253.47001577481112	0.0
253.4800165645438	0.0
253.4900173542765	0.0
253.50001814400918	0.0
253.51001893374186	0.0
253.52001972347452	0.0
253.5300205132072	0.0
253.5400213029399	0.0
253.55002209267258	0.0
253.56002288240526	0.0
253.57002367213795	0.0
253.5800244618706	0.0
253.5900252516033	0.0
253.60002604133598	0.0
253.61002683106867	0.0
253.62002762080135	0.0
253.63002841053404	0.0
253.6400292002667	0.0
253.65002998999938	0.0
253.66003077973207	0.0
253.67003156946475	0.0
253.68003235919744	0.0
253.69003314893013	0.0
253.70003393866278	0.0
253.71003472839547	0.0
253.72003551812816	0.0
253.73003630786084	0.0
253.74003709759353	0.0
253.75003788732622	0.0
253.76003867705887	0.0
253.77003946679156	0.0
253.78004025652425	0.0
253.79004104625693	0.0
253.80004183598962	0.0
253.8100426257223	0.0
253.82004341545496	0.0
253.83004420518765	0.0
253.84004499492033	0.0
253.85004578465302	0.0
253.8600465743857	0.0
253.8700473641184	0.0
253.88004815385105	0.0
253.89004894358374	0.0
253.90004973331642	0.0
253.9100505230491	0.0
253.9200513127818	0.0
253.93005210251448	0.0
253.94005289224714	0.0
253.95005368197982	0.0
253.9600544717125	0.0
253.9700552614452	0.0
253.98005605117788	0.0
253.99005684091057	0.0
254.00005763064323	0.0
254.0100584203759	0.0
254.0200592101086	0.0
254.03005999984128	0.0
254.04006078957397	0.0
254.05006157930666	0.0
254.06006236903931	0.0
254.070063158772	262.0
254.0800639485047	268.0
254.09006473823737	278.0
254.10006552797006	278.0
254.11006631770275	281.0
254.12006710743543	281.0
254.1300678971681	278.0
254.14006868690078	278.0
254.15006947663346	275.0
254.16007026636615	275.0
254.17007105609883	278.0
254.18007184583152	281.0
254.19007263556418	284.0
254.20007342529686	294.0
254.21007421502955	305.0
254.22007500476224	308.0
254.23007579449492	312.0
254.2400765842276	312.0
254.25007737396027	312.0
254.26007816369295	312.0
254.27007895342564	312.0
254.28007974315832	316.0
254.290080532891	316.0
254.3000813226237	319.0
254.31008211235635	319.0
254.32008290208904	319.0
254.33008369182173	316.0
254.3400844815544	308.0
254.3500852712871	305.0
254.36008606101979	298.0
254.37008685075244	281.0
254.38008764048513	278.0
254.39008843021782	275.0
254.4000892199505	275.0
254.4100900096832	275.0
254.42009079941587	275.0
254.43009158914853	278.0
254.44009237888122	278.0
254.4500931686139	278.0
254.4600939583466	281.0
254.47009474807928	281.0
254.48009553781196	281.0
254.49009632754462	284.0
254.5000971172773	284.0
254.51009790701	281.0
254.52009869674268	281.0
254.53009948647536	281.0
254.54010027620805	281.0
254.5501010659407	278.0
254.5601018556734	278.0
254.57010264540608	278.0
254.58010343513877	278.0
254.59010422487145	278.0
254.60010501460414	278.0
254.6101058043368	278.0
254.62010659406948	281.0
254.63010738380217	281.0
254.64010817353486	281.0
254.65010896326754	281.0
254.66010975300023	278.0
254.67011054273289	275.0
254.68011133246557	272.0
254.69011212219826	265.0
254.70011291193094	262.0
254.71011370166363	265.0
254.72011449139632	265.0
254.73011528112897	268.0
254.74011607086166	265.0
254.75011686059435	272.0
254.76011765032703	275.0
254.77011844005972	278.0
254.7801192297924	278.0
254.79012001952506	278.0
254.80012080925775	278.0
254.81012159899043	278.0
254.82012238872312	278.0
254.8301231784558	275.0
254.8401239681885	275.0
254.85012475792115	275.0
254.86012554765384	275.0
254.87012633738652	275.0
254.8801271271192	275.0
254.8901279168519	275.0
254.90012870658458	275.0
254.91012949631724	275.0
254.92013028604993	275.0
254.9301310757826	272.0
254.9401318655153	268.0
254.95013265524798	265.0
254.96013344498067	262.0
254.97013423471333	259.0
254.980135024446	262.0
254.9901358141787	265.0
255.0001366039114	268.0
255.01013739364407	272.0
255.02013818337676	275.0
255.03013897310942	278.0
255.0401397628421	278.0
255.0501405525748	278.0
255.06014134230747	281.0
255.07014213204016	281.0
255.08014292177285	278.0
255.0901437115055	281.0
255.1001445012382	281.0
255.11014529097088	281.0
255.12014608070356	281.0
255.13014687043625	281.0
255.14014766016894	278.0
255.1501484499016	278.0
255.16014923963428	272.0
255.17015002936697	268.0
255.18015081909965	259.0
255.19015160883234	248.0
255.20015239856502	234.0
255.21015318829768	226.0
255.22015397803037	220.0
255.23015476776305	218.0
255.24015555749574	215.0
255.25015634722843	215.0
255.2601571369611	215.0
255.27015792669377	215.0
255.28015871642646	215.0
255.29015950615914	215.0
255.30016029589183	215.0
255.31016108562451	213.0
255.3201618753572	213.0
255.33016266508986	210.0
255.34016345482254	210.0
255.35016424455523	210.0
255.36016503428792	208.0
255.3701658240206	208.0
255.3801666137533	208.0
255.39016740348595	208.0
255.40016819321863	208.0
255.41016898295132	208.0
255.420169772684	208.0
255.4301705624167	208.0
255.44017135214938	208.0
255.45017214188204	208.0
255.46017293161472	208.0
255.4701737213474	208.0
255.4801745110801	208.0
255.49017530081278	210.0
255.50017609054547	210.0
255.51017688027815	210.0
255.5201776700108	210.0
255.5301784597435	210.0
255.54017924947618	208.0
255.55018003920887	208.0
255.56018082894155	208.0
255.57018161867424	208.0
255.5801824084069	208.0
255.59018319813958	208.0
255.60018398787227	208.0
255.61018477760496	210.0
255.62018556733764	213.0
255.63018635707033	213.0
255.640187146803	213.0
255.65018793653567	210.0
255.66018872626836	210.0
255.67018951600105	208.0
255.68019030573373	208.0
255.69019109546642	208.0
255.70019188519908	208.0
255.71019267493176	208.0
255.72019346466445	208.0
255.73019425439713	208.0
255.74019504412982	208.0
255.7501958338625	208.0
255.76019662359516	208.0
255.77019741332785	210.0
255.78019820306054	210.0
255.79019899279322	210.0
255.8001997825259	210.0
255.8102005722586	210.0
255.82020136199125	210.0
255.83020215172394	210.0
255.84020294145662	210.0
255.8502037311893	210.0
255.860204520922	210.0
255.87020531065468	210.0
255.88020610038734	210.0
255.89020689012003	210.0
255.9002076798527	208.0
255.9102084695854	206.0
255.92020925931809	203.0
255.93021004905077	199.0
255.94021083878343	192.0
255.95021162851612	181.0
255.9602124182488	169.0
255.9702132079815	161.0
255.98021399771417	152.0
255.99021478744686	145.0
256.0002155771795	144.0
256.01021636691223	142.0
256.0202171566449	142.0
256.03021794637755	145.0
256.04021873611026	149.0
256.0502195258429	152.0
256.06022031557563	156.0
256.0702211053083	158.0
256.080221895041	158.0
256.09022268477366	158.0
256.1002234745063	158.0
256.11022426423904	156.0
256.1202250539717	156.0
256.1302258437044	156.0
256.14022663343707	156.0
256.1502274231697	154.0
256.16022821290244	154.0
256.1702290026351	154.0
256.1802297923678	154.0
256.19023058210047	156.0
256.2002313718332	156.0
256.21023216156584	158.0
256.2202329512985	159.0
256.2302337410312	159.0
256.24023453076387	159.0
256.2502353204966	159.0
256.26023611022924	159.0
256.2702368999619	159.0
256.2802376896946	158.0
256.2902384794273	158.0
256.30023926916	156.0
256.31024005889265	156.0
256.32024084862536	154.0
256.330241638358	154.0
256.3402424280907	154.0
256.3502432178234	154.0
256.36024400755605	156.0
256.37024479728876	156.0
256.3802455870214	158.0
256.3902463767541	159.0
256.4002471664868	159.0
256.41024795621945	159.0
256.42024874595216	159.0
256.4302495356848	159.0
256.44025032541754	158.0
256.4502511151502	158.0
256.46025190488285	158.0
256.47025269461557	156.0
256.4802534843482	156.0
256.49025427408094	156.0
256.5002550638136	156.0
256.51025585354625	156.0
256.52025664327897	159.0
256.5302574330116	161.0
256.54025822274434	165.0
256.550259012477	167.0
256.5602598022097	165.0
256.5702605919424	165.0
256.58026138167503	161.0
256.59026217140774	159.0
256.6002629611404	158.0
256.6102637508731	158.0
256.6202645406058	158.0
256.63026533033843	159.0
256.64026612007115	159.0
256.6502669098038	161.0
256.6602676995365	163.0
256.6702684892692	163.0
256.6802692790019	163.0
256.69027006873455	163.0
256.7002708584672	163.0
256.7102716481999	161.0
256.7202724379326	161.0
256.7302732276653	161.0
256.74027401739795	161.0
256.7502748071306	163.0
256.7602755968633	163.0
256.770276386596	161.0
256.7802771763287	0.0
256.79027796606135	0.0
256.80027875579407	0.0
256.8102795455267	0.0
256.8202803352594	0.0
256.8302811249921	0.0
256.84028191472476	0.0
256.85028270445747	0.0
256.8602834941901	0.0
256.8702842839228	0.0
256.8802850736555	0.0
256.89028586338816	0.0
256.9002866531209	0.0
256.91028744285353	0.0
256.92028823258624	0.0
256.9302890223189	0.0
256.94028981205156	0.0
256.9502906017843	0.0
256.96029139151693	0.0
256.97029218124965	0.0
256.9802929709823	0.0
256.990293760715	0.0
257.0002945504477	0.0
257.01029534018033	0.0
257.02029612991305	0.0
257.0302969196457	0.0
257.0402977093784	0.0
257.0502984991111	0.0
257.06029928884374	0.0
257.07030007857645	0.0
257.0803008683091	0.0
257.0903016580418	0.0
257.1003024477745	0.0
257.1103032375072	0.0
257.12030402723985	0.0
257.1303048169725	0.0
257.1403056067052	0.0
257.1503063964379	0.0
257.1603071861706	0.0
257.17030797590326	0.0
257.1803087656359	0.0
257.19030955536863	0.0
257.2003103451013	0.0
257.210311134834	0.0
257.22031192456666	0.0
257.2303127142994	0.0
257.24031350403203	0.0
257.2503142937647	0.0
257.2603150834974	0.0
257.27031587323006	0.0
257.2803166629628	0.0
257.29031745269543	0.0
257.3003182424281	0.0
257.3103190321608	0.0
257.32031982189346	0.0
257.3303206116262	0.0
257.34032140135884	0.0
257.35032219109155	0.0
257.3603229808242	159.0
257.37032377055687	163.0
257.3803245602896	165.0
257.39032535002224	171.0
257.40032613975495	175.0
257.4103269294876	183.0
257.42032771922027	192.0
257.430328508953	194.0
257.44032929868564	194.0
257.45033008841835	194.0
257.460330878151	190.0
257.4703316678837	187.0
257.4803324576164	183.0
257.49033324734904	181.0
257.50033403708176	177.0
257.5103348268144	173.0
257.52033561654713	171.0
257.5303364062798	169.0
257.54033719601244	165.0
257.55033798574516	163.0
257.5603387754778	159.0
257.57033956521053	158.0
257.5803403549432	158.0
257.5903411446759	158.0
257.60034193440856	158.0
257.6103427241412	156.0
257.62034351387393	154.0
257.6303443036066	152.0
257.6403450933393	152.0
257.65034588307196	156.0
257.6603466728046	161.0
257.67034746253734	169.0
257.68034825227	173.0
257.6903490420027	177.0
257.70034983173537	183.0
257.7103506214681	187.0
257.72035141120074	187.0
257.7303522009334	185.0
257.7403529906661	181.0
257.75035378039877	179.0
257.7603545701315	177.0
257.77035535986414	177.0
257.7803561495968	177.0
257.7903569393295	181.0
257.80035772906217	183.0
257.8103585187949	183.0
257.82035930852754	183.0
257.83036009826026	181.0
257.8403608879929	179.0
257.8503616777256	175.0
257.8603624674583	171.0
257.87036325719095	167.0
257.88036404692366	167.0
257.8903648366563	169.0
257.900365626389	175.0
257.9103664161217	179.0
257.92036720585435	183.0
257.93036799558706	185.0
257.9403687853197	190.0
257.95036957505243	194.0
257.9603703647851	196.0
257.97037115451775	196.0
257.98037194425046	194.0
257.9903727339831	190.0
258.00037352371584	185.0
258.0103743134485	181.0
258.02037510318115	179.0
258.03037589291387	177.0
258.0403766826465	173.0
258.05037747237924	171.0
258.0603782621119	169.0
258.0703790518446	169.0
258.08037984157727	169.0
258.0903806313099	171.0
258.10038142104264	175.0
258.1103822107753	179.0
258.120383000508	185.0
258.13038379024067	192.0
258.14038457997333	199.0
258.15038536970604	206.0
258.1603861594387	210.0
258.1703869491714	215.0
258.1803877389041	215.0
258.1903885286368	213.0
258.20038931836945	210.0
258.2103901081021	206.0
258.2203908978348	201.0
258.2303916875675	196.0
258.2403924773002	190.0
258.25039326703285	185.0
258.2603940567655	181.0
258.2703948464982	175.0
258.2803956362309	173.0
258.2903964259636	171.0
258.30039721569625	171.0
258.31039800542897	171.0
258.3203987951616	175.0
258.3303995848943	181.0
258.340400374627	187.0
258.35040116435965	196.0
258.36040195409237	203.0
258.370402743825	208.0
258.38040353355774	213.0
258.3904043232904	213.0
258.40040511302306	213.0
258.41040590275577	210.0
258.4204066924884	208.0
258.43040748222114	206.0
258.4404082719538	203.0
258.45040906168646	203.0
258.4604098514192	203.0
258.47041064115183	203.0
258.48041143088454	206.0
258.4904122206172	208.0
258.5004130103499	213.0
258.5104138000826	218.0
258.52041458981523	223.0
258.53041537954795	228.0
258.5404161692806	234.0
258.5504169590133	242.0
258.560417748746	248.0
258.57041853847863	248.0
258.58041932821135	248.0
258.590420117944	245.0
258.6004209076767	245.0
258.6104216974094	242.0
258.6204224871421	242.0
258.63042327687475	239.0
258.6404240666074	239.0
258.6504248563401	236.0
258.6604256460728	236.0
258.6704264358055	236.0
258.68042722553815	236.0
258.6904280152708	234.0
258.7004288050035	234.0
258.7104295947362	234.0
258.7204303844689	234.0
258.73043117420156	234.0
258.74043196393427	234.0
258.7504327536669	234.0
258.7604335433996	236.0
258.7704343331323	236.0
258.78043512286496	239.0
258.7904359125977	239.0
258.80043670233033	242.0
258.810437492063	248.0
258.8204382817957	253.0
258.83043907152836	253.0
258.8404398612611	253.0
258.85044065099373	250.0
258.86044144072645	248.0
258.8704422304591	245.0
258.88044302019176	245.0
258.8904438099245	242.0
258.90044459965713	239.0
258.91044538938985	236.0
258.9204461791225	234.0
258.93044696885516	228.0
258.9404477585879	226.0
258.95044854832054	223.0
258.96044933805325	220.0
258.9704501277859	215.0
258.9804509175186	213.0
258.9904517072513	213.0
259.00045249698394	210.0
259.01045328671665	208.0
259.0204540764493	208.0
259.030454866182	208.0
259.0404556559147	208.0
259.05045644564734	208.0
259.06045723538006	208.0
259.0704580251127	208.0
259.08045881484543	208.0
259.0904596045781	208.0
259.1004603943108	206.0
259.11046118404346	206.0
259.1204619737761	208.0
259.13046276350883	208.0
259.1404635532415	208.0
259.1504643429742	208.0
259.16046513270686	208.0
259.1704659224395	208.0
259.18046671217223	208.0
259.1904675019049	206.0
259.2004682916376	206.0
259.21046908137026	206.0
259.220469871103	206.0
259.23047066083564	208.0
259.2404714505683	208.0
259.250472240301	208.0
259.26047303003367	208.0
259.2704738197664	208.0
259.28047460949904	208.0
259.2904753992317	208.0
259.3004761889644	208.0
259.31047697869707	208.0
259.3204777684298	208.0
259.33047855816244	208.0
259.34047934789515	208.0
259.3504801376278	208.0
259.36048092736047	206.0
259.3704817170932	206.0
259.38048250682584	206.0
259.39048329655856	208.0
259.4004840862912	208.0
259.4104848760239	208.0
259.4204856657566	208.0
259.43048645548924	208.0
259.44048724522196	208.0
259.4504880349546	208.0
259.46048882468733	208.0
259.47048961442	208.0
259.48049040415265	208.0
259.49049119388536	208.0
259.500491983618	208.0
259.51049277335073	208.0
259.5204935630834	208.0
259.53049435281605	208.0
259.54049514254876	208.0
259.5504959322814	208.0
259.56049672201414	210.0
259.5704975117468	218.0
259.5804983014795	228.0
259.59049909121217	245.0
259.6004998809448	262.0
259.61050067067754	272.0
259.6205014604102	275.0
259.6305022501429	272.0
259.64050303987557	250.0
259.6505038296082	234.0
259.66050461934094	203.0
259.6705054090736	194.0
259.6805061988063	192.0
259.69050698853897	194.0
259.7005077782717	201.0
259.71050856800434	213.0
259.720509357737	220.0
259.7305101474697	223.0
259.7405109372024	223.0
259.7505117269351	218.0
259.76051251666775	201.0
259.77051330640046	185.0
259.7805140961331	175.0
259.7905148858658	177.0
259.8005156755985	179.0
259.81051646533115	179.0
259.82051725506386	179.0
259.8305180447965	179.0
259.8405188345292	179.0
259.8505196242619	179.0
259.86052041399455	173.0
259.87052120372726	167.0
259.8805219934599	167.0
259.89052278319264	167.0
259.9005235729253	169.0
259.91052436265795	173.0
259.92052515239067	177.0
259.9305259421233	179.0
259.94052673185604	181.0
259.9505275215887	183.0
259.96052831132135	183.0
259.97052910105407	183.0
259.9805298907867	181.0
259.99053068051944	181.0
260.0005314702521	179.0
260.0105322599848	179.0
260.02053304971747	181.0
260.03053383945013	181.0
260.04053462918284	181.0
260.0505354189155	181.0
260.0605362086482	181.0
260.0705369983809	181.0
260.08053778811353	181.0
260.09053857784625	181.0
260.1005393675789	181.0
260.1105401573116	183.0
260.1205409470443	183.0
260.130541736777	185.0
260.14054252650965	183.0
260.1505433162423	183.0
260.160544105975	183.0
260.1705448957077	181.0
260.1805456854404	181.0
260.19054647517305	181.0
260.2005472649057	181.0
260.2105480546384	181.0
260.2205488443711	183.0
260.2305496341038	183.0
260.24055042383645	183.0
260.25055121356917	183.0
260.2605520033018	183.0
260.2705527930345	183.0
260.2805535827672	183.0
260.29055437249986	183.0
260.30055516223257	183.0
260.3105559519652	185.0
260.3205567416979	185.0
260.3305575314306	185.0
260.34055832116326	185.0
260.350559110896	185.0
260.36055990062863	185.0
260.37056069036134	185.0
260.380561480094	183.0
260.39056226982666	181.0
260.4005630595594	179.0
260.41056384929203	177.0
260.42056463902475	177.0
260.4305654287574	177.0
260.44056621849006	177.0
260.4505670082228	179.0
260.46056779795543	183.0
260.47056858768815	185.0
260.4805693774208	187.0
260.4905701671535	187.0
260.5005709568862	0.0
260.51057174661884	0.0
260.52057253635155	0.0
260.5305733260842	0.0
260.5405741158169	0.0
260.5505749055496	0.0
260.56057569528224	0.0
260.57057648501495	0.0
260.5805772747476	0.0
260.5905780644803	0.0
260.600578854213	0.0
260.6105796439457	0.0
260.62058043367836	0.0
260.630581223411	0.0
260.6405820131437	0.0
260.6505828028764	0.0
260.6605835926091	0.0
260.67058438234176	0.0
260.6805851720744	0.0
260.69058596180713	0.0
260.7005867515398	0.0
260.7105875412725	0.0
260.72058833100516	0.0
260.7305891207379	0.0
260.74058991047053	0.0
260.7505907002032	0.0
260.7605914899359	0.0
260.77059227966856	0.0
260.7805930694013	0.0
260.79059385913393	0.0
260.8005946488666	0.0
260.8105954385993	0.0
260.82059622833196	0.0
260.8305970180647	0.0
260.84059780779734	0.0
260.85059859753005	0.0
260.8605993872627	0.0
260.87060017699537	0.0
260.8806009667281	0.0
260.89060175646074	0.0
260.90060254619345	0.0
260.9106033359261	0.0
260.92060412565877	0.0
260.9306049153915	0.0
260.94060570512414	0.0
260.95060649485686	0.0
260.9606072845895	0.0
260.97060807432223	0.0
260.9806088640549	0.0
260.99060965378754	0.0
261.00061044352026	0.0
261.0106112332529	0.0
261.02061202298563	0.0
261.0306128127183	0.0
261.04061360245095	0.0
261.05061439218366	0.0
261.0606151819163	0.0
261.07061597164903	0.0
261.0806167613817	0.0
261.0906175511144	0.0
261.10061834084706	0.0
261.1106191305797	0.0
261.12061992031244	0.0
261.1306207100451	0.0
261.1406214997778	0.0
261.15062228951047	0.0
261.1606230792432	0.0
261.17062386897584	0.0
261.1806246587085	0.0
261.1906254484412	0.0
261.20062623817387	0.0
261.2106270279066	0.0
261.22062781763924	0.0
261.2306286073719	0.0
261.2406293971046	0.0
261.25063018683727	0.0
261.26063097657	0.0
261.27063176630264	0.0
261.28063255603536	0.0
261.290633345768	0.0
261.3006341355007	0.0
261.3106349252334	0.0
261.32063571496604	0.0
261.33063650469876	0.0
261.3406372944314	0.0
261.3506380841641	0.0
261.3606388738968	0.0
261.37063966362945	0.0
261.38064045336216	0.0
261.3906412430948	0.0
261.40064203282753	0.0
261.4106428225602	0.0
261.42064361229285	181.0
261.43064440202556	179.0
261.4406451917582	179.0
261.45064598149094	179.0
261.4606467712236	177.0
261.47064756095625	177.0
261.48064835068897	179.0
261.4906491404216	179.0
261.50064993015434	179.0
261.510650719887	179.0
261.5206515096197	181.0
261.53065229935237	181.0
261.540653089085	183.0
261.55065387881774	183.0
261.5606546685504	185.0
261.5706554582831	185.0
261.58065624801577	185.0
261.59065703774843	183.0
261.60065782748114	183.0
261.6106586172138	183.0
261.6206594069465	183.0
261.6306601966792	183.0
261.6406609864119	183.0
261.65066177614455	183.0
261.6606625658772	183.0
261.6706633556099	183.0
261.6806641453426	183.0
261.6906649350753	183.0
261.70066572480795	183.0
261.7106665145406	183.0
261.7206673042733	183.0
261.730668094006	183.0
261.7406688837387	183.0
261.75066967347135	183.0
261.76067046320406	0.0
261.7706712529367	0.0
261.7806720426694	0.0
261.7906728324021	0.0
261.80067362213475	0.0
261.81067441186747	0.0
261.8206752016001	0.0
261.8306759913328	0.0
261.8406767810655	0.0
261.85067757079815	0.0
261.86067836053087	0.0
261.8706791502635	0.0
261.88067993999624	0.0
261.8906807297289	0.0
261.90068151946156	0.0
261.91068230919427	0.0
261.92068309892693	0.0
261.93068388865964	0.0
261.9406846783923	0.0
261.95068546812496	0.0
261.9606862578577	0.0
261.97068704759033	0.0
261.98068783732305	0.0
261.9906886270557	0.0
262.0006894167884	0.0
262.0106902065211	0.0
262.02069099625373	0.0
262.03069178598645	0.0
262.0406925757191	0.0
262.0506933654518	0.0
262.0606941551845	0.0
262.07069494491714	0.0
262.08069573464985	0.0
262.0906965243825	0.0
262.1006973141152	0.0
262.1106981038479	0.0
262.1206988935806	0.0
262.13069968331325	0.0
262.1407004730459	0.0
262.1507012627786	0.0
262.1607020525113	0.0
262.170702842244	0.0
262.18070363197666	0.0
262.1907044217093	0.0
262.200705211442	0.0
262.2107060011747	0.0
262.2207067909074	0.0
262.23070758064006	0.0
262.2407083703728	0.0
262.25070916010543	0.0
262.2607099498381	0.0
262.2707107395708	0.0
262.28071152930346	0.0
262.2907123190362	0.0
262.30071310876883	0.0
262.3107138985015	0.0
262.3207146882342	0.0
262.33071547796686	0.0
262.3407162676996	0.0
262.35071705743223	0.0
262.36071784716495	0.0
262.3707186368976	0.0
262.38071942663026	0.0
262.390720216363	0.0
262.40072100609564	0.0
262.41072179582835	0.0
262.420722585561	0.0
262.43072337529367	0.0
262.4407241650264	0.0
262.45072495475904	0.0
262.46072574449175	0.0
262.4707265342244	0.0
262.4807273239571	0.0
262.4907281136898	0.0
262.50072890342244	0.0
262.51072969315516	0.0
262.5207304828878	0.0
262.5307312726205	0.0
262.5407320623532	0.0
262.5507328520859	0.0
262.56073364181856	0.0
262.5707344315512	0.0
262.58073522128393	0.0
262.5907360110166	0.0
262.6007368007493	0.0
262.61073759048196	0.0
262.6207383802146	0.0
262.63073916994733	0.0
262.64073995968	0.0
262.6507407494127	0.0
262.66074153914536	0.0
262.6707423288781	0.0
262.68074311861074	0.0
262.6907439083434	0.0
262.7007446980761	0.0
262.71074548780877	0.0
262.7207462775415	0.0
262.73074706727414	0.0
262.7407478570068	0.0
262.7507486467395	0.0
262.76074943647217	0.0
262.7707502262049	0.0
262.78075101593754	0.0
262.79075180567025	0.0
262.8007525954029	0.0
262.81075338513557	0.0
262.8207541748683	0.0
262.83075496460094	0.0
262.84075575433366	0.0
262.8507565440663	0.0
262.860757333799	0.0
262.8707581235317	0.0
262.88075891326434	0.0
262.89075970299706	0.0
262.9007604927297	0.0
262.91076128246243	0.0
262.9207620721951	0.0
262.93076286192775	0.0
262.94076365166046	0.0
262.9507644413931	0.0
262.96076523112583	0.0
262.9707660208585	0.0
262.98076681059115	0.0
262.99076760032386	0.0
263.0007683900565	0.0
263.01076917978924	0.0
263.0207699695219	0.0
263.0307707592546	0.0
263.04077154898727	0.0
263.0507723387199	0.0
263.06077312845264	0.0
263.0707739181853	0.0
263.080774707918	0.0
263.09077549765067	0.0
263.1007762873833	0.0
263.11077707711604	0.0
263.1207778668487	0.0
263.1307786565814	0.0
263.14077944631407	0.0
263.1507802360468	0.0
263.16078102577944	0.0
263.1707818155121	0.0
263.1807826052448	0.0
263.1907833949775	0.0
263.2007841847102	0.0
263.21078497444284	0.0
263.2207857641755	0.0
263.2307865539082	0.0
263.2407873436409	0.0
263.2507881333736	0.0
263.26078892310625	0.0
263.27078971283896	0.0
263.2807905025716	0.0
263.2907912923043	0.0
263.300792082037	0.0
263.31079287176965	0.0
263.32079366150236	0.0
263.330794451235	0.0
263.3407952409677	0.0
263.3507960307004	0.0
263.36079682043305	0.0
263.37079761016577	0.0
263.3807983998984	0.0
263.39079918963114	0.0
263.4007999793638	0.0
263.41080076909645	0.0
263.42080155882917	0.0
263.4308023485618	0.0
263.44080313829454	0.0
263.4508039280272	0.0
263.46080471775986	220.0
263.47080550749257	218.0
263.48080629722523	215.0
263.49080708695794	213.0
263.5008078766906	208.0
263.5108086664233	0.0
263.520809456156	0.0
263.53081024588863	0.0
263.54081103562135	0.0
263.550811825354	0.0
263.5608126150867	0.0
263.5708134048194	234.0
263.58081419455203	253.0
263.59081498428475	256.0
263.6008157740174	259.0
263.6108165637501	259.0
263.6208173534828	256.0
263.6308181432155	248.0
263.64081893294815	231.0
263.6508197226808	218.0
263.6608205124135	210.0
263.6708213021462	206.0
263.6808220918789	203.0
263.69082288161155	203.0
263.7008236713442	199.0
263.7108244610769	201.0
263.7208252508096	203.0
263.7308260405423	203.0
263.74082683027495	206.0
263.75082762000767	206.0
263.7608284097403	203.0
263.770829199473	203.0
263.7808299892057	201.0
263.79083077893836	199.0
263.8008315686711	199.0
263.81083235840373	199.0
263.8208331481364	201.0
263.8308339378691	203.0
263.84083472760176	206.0
263.8508355173345	206.0
263.86083630706713	206.0
263.87083709679985	206.0
263.8808378865325	203.0
263.89083867626516	203.0
263.9008394659979	201.0
263.91084025573053	201.0
263.92084104546325	203.0
263.9308418351959	203.0
263.9408426249286	203.0
263.9508434146613	203.0
263.96084420439394	203.0
263.97084499412665	206.0
263.9808457838593	206.0
263.990846573592	206.0
264.0008473633247	206.0
264.01084815305734	206.0
264.02084894279005	206.0
264.0308497325227	203.0
264.0408505222554	203.0
264.0508513119881	203.0
264.0608521017208	203.0
264.07085289145346	203.0
264.0808536811861	203.0
264.0908544709188	203.0
264.1008552606515	203.0
264.1108560503842	203.0
264.12085684011686	203.0
264.1308576298495	203.0
264.14085841958223	203.0
264.1508592093149	203.0
264.1608599990476	203.0
264.17086078878026	203.0
264.180861578513	203.0
264.19086236824563	203.0
264.2008631579783	203.0
264.210863947711	203.0
264.22086473744366	203.0
264.2308655271764	201.0
264.24086631690903	199.0
264.2508671066417	196.0
264.2608678963744	199.0
264.27086868610706	203.0
264.2808694758398	208.0
264.29087026557244	218.0
264.30087105530515	228.0
264.3108718450378	242.0
264.32087263477047	253.0
264.3308734245032	253.0
264.34087421423584	250.0
264.35087500396855	236.0
264.3608757937012	228.0
264.37087658343387	223.0
264.3808773731666	223.0
264.39087816289924	228.0
264.40087895263196	239.0
264.4108797423646	250.0
264.4208805320973	262.0
264.43088132183	272.0
264.44088211156264	281.0
264.45088290129536	281.0
264.460883691028	278.0
264.47088448076073	268.0
264.4808852704934	262.0
264.49088606022605	223.0
264.50088684995876	223.0
264.5108876396914	228.0
264.52088842942413	239.0
264.5308892191568	250.0
264.5408900088895	256.0
264.55089079862216	262.0
264.5608915883548	262.0
264.57089237808754	253.0
264.5808931678202	242.0
264.5908939575529	223.0
264.60089474728557	208.0
264.6108955370182	199.0
264.62089632675094	196.0
264.6308971164836	196.0
264.6408979062163	201.0
264.65089869594897	206.0
264.6608994856817	208.0
264.67090027541434	210.0
264.680901065147	206.0
264.6909018548797	196.0
264.70090264461237	190.0
264.7109034343451	183.0
264.72090422407774	181.0
264.7309050138104	181.0
264.7409058035431	183.0
264.7509065932758	185.0
264.7609073830085	185.0
264.77090817274114	185.0
264.78090896247386	185.0
264.7909097522065	183.0
264.8009105419392	183.0
264.8109113316719	183.0
264.82091212140455	183.0
264.83091291113726	183.0
264.8409137008699	183.0
264.8509144906026	185.0
264.8609152803353	185.0
264.87091607006795	185.0
264.88091685980066	183.0
264.8909176495333	183.0
264.90091843926604	183.0
264.9109192289987	183.0
264.92092001873135	183.0
264.93092080846407	183.0
264.9409215981967	183.0
264.95092238792944	183.0
264.9609231776621	183.0
264.97092396739475	183.0
264.98092475712747	183.0
264.9909255468601	183.0
265.00092633659284	183.0
265.0109271263255	183.0
265.0209279160582	183.0
265.03092870579087	183.0
265.0409294955235	183.0
265.05093028525624	183.0
265.0609310749889	183.0
265.0709318647216	183.0
265.0809326544543	183.0
265.09093344418693	183.0
265.10093423391965	183.0
265.1109350236523	183.0
265.120935813385	183.0
265.1309366031177	183.0
265.1409373928504	183.0
265.15093818258305	183.0
265.1609389723157	183.0
265.1709397620484	183.0
265.1809405517811	183.0
265.1909413415138	183.0
265.20094213124645	183.0
265.2109429209791	183.0
265.2209437107118	183.0
265.2309445004445	183.0
265.2409452901772	183.0
265.25094607990985	181.0
265.26094686964257	181.0
265.2709476593752	179.0
265.2809484491079	177.0
265.2909492388406	179.0
265.30095002857325	179.0
265.31095081830597	183.0
265.3209516080386	185.0
265.33095239777134	192.0
265.340953187504	199.0
265.35095397723666	206.0
265.36095476696937	210.0
265.37095555670203	215.0
265.38095634643474	215.0
265.3909571361674	215.0
265.40095792590006	213.0
265.4109587156328	206.0
265.42095950536543	203.0
265.43096029509815	203.0
265.4409610848308	206.0
265.4509618745635	210.0
265.4609626642962	218.0
265.47096345402883	231.0
265.48096424376155	239.0
265.4909650334942	248.0
265.5009658232269	250.0
265.5109666129596	250.0
265.52096740269224	248.0
265.53096819242495	245.0
265.5409689821576	239.0
265.5509697718903	236.0
265.560970561623	234.0
265.5709713513557	234.0
265.58097214108835	231.0
265.590972930821	231.0
265.6009737205537	231.0
265.6109745102864	231.0
265.6209753000191	231.0
265.63097608975175	231.0
265.6409768794844	231.0
265.6509776692171	231.0
265.6609784589498	234.0
265.6709792486825	236.0
265.68098003841516	242.0
265.6909808281479	250.0
265.70098161788053	256.0
265.7109824076132	262.0
265.7209831973459	262.0
265.73098398707856	256.0
265.7409847768113	248.0
265.75098556654393	236.0
265.7609863562766	223.0
265.7709871460093	213.0
265.78098793574196	208.0
265.7909887254747	206.0
265.80098951520733	206.0
265.81099030494005	206.0
265.8209910946727	208.0
265.83099188440536	210.0
265.8409926741381	210.0
265.85099346387074	210.0
265.86099425360345	210.0
265.8709950433361	208.0
265.88099583306877	208.0
265.8909966228015	208.0
265.90099741253414	208.0
265.91099820226685	208.0
265.9209989919995	208.0
265.9309997817322	208.0
265.9410005714649	210.0
265.95100136119754	213.0
265.96100215093026	223.0
265.9710029406629	231.0
265.9810037303956	253.0
265.9910045201283	265.0
266.00100530986094	265.0
266.01100609959366	262.0
266.0210068893263	250.0
266.03100767905903	234.0
266.0410084687917	218.0
266.0510092585244	206.0
266.06101004825706	199.0
266.0710108379897	196.0
266.08101162772243	199.0
266.0910124174551	203.0
266.1010132071878	203.0
266.11101399692046	215.0
266.1210147866531	218.0
266.13101557638583	203.0
266.1410163661185	196.0
266.1510171558512	185.0
266.16101794558386	185.0
266.1710187353166	183.0
266.18101952504924	183.0
266.1910203147819	185.0
266.2010211045146	187.0
266.21102189424727	187.0
266.22102268398	187.0
266.23102347371264	187.0
266.2410242634453	185.0
266.251025053178	185.0
266.26102584291067	179.0
266.2710266326434	179.0
266.28102742237604	179.0
266.29102821210876	179.0
266.3010290018414	179.0
266.3110297915741	179.0
266.3210305813068	181.0
266.33103137103944	181.0
266.34103216077216	183.0
266.3510329505048	183.0
266.3610337402375	185.0
266.3710345299702	185.0
266.38103531970285	183.0
266.39103610943556	183.0
266.4010368991682	183.0
266.41103768890093	185.0
266.4210384786336	187.0
266.43103926836625	187.0
266.44104005809896	185.0
266.4510408478316	183.0
266.46104163756434	181.0
266.471042427297	181.0
266.48104321702965	181.0
266.49104400676237	183.0
266.501044796495	185.0
266.51104558622774	187.0
266.5210463759604	190.0
266.5310471656931	190.0
266.54104795542577	192.0
266.5510487451584	190.0
266.56104953489114	0.0
266.5710503246238	0.0
266.5810511143565	0.0
266.59105190408917	0.0
266.6010526938218	0.0
266.61105348355454	0.0
266.6210542732872	0.0
266.6310550630199	0.0
266.6410558527526	0.0
266.6510566424853	0.0
266.66105743221794	0.0
266.6710582219506	0.0
266.6810590116833	0.0
266.691059801416	0.0
266.7010605911487	0.0
266.71106138088135	0.0
266.72106217061406	0.0
266.7310629603467	0.0
266.7410637500794	0.0
266.7510645398121	0.0
266.76106532954475	0.0
266.77106611927746	0.0
266.7810669090101	0.0
266.7910676987428	0.0
266.8010684884755	0.0
266.81106927820815	0.0
266.82107006794087	0.0
266.8310708576735	0.0
266.84107164740624	0.0
266.8510724371389	0.0
266.86107322687155	0.0
266.87107401660427	0.0
266.8810748063369	0.0
266.89107559606964	0.0
266.9010763858023	0.0
266.91107717553496	0.0
266.92107796526767	0.0
266.9310787550003	0.0
266.94107954473304	0.0
266.9510803344657	0.0
266.9610811241984	0.0
266.9710819139311	0.0
266.98108270366373	0.0
266.99108349339645	0.0
267.0010842831291	0.0
267.0110850728618	0.0
267.0210858625945	0.0
267.03108665232713	0.0
267.04108744205985	0.0
267.0510882317925	0.0
267.0610890215252	0.0
267.0710898112579	0.0
267.0810906009906	0.0
267.09109139072325	0.0
267.1010921804559	0.0
267.1110929701886	0.0
267.1210937599213	0.0
267.131094549654	0.0
267.14109533938665	0.0
267.1510961291193	0.0
267.161096918852	0.0
267.1710977085847	0.0
267.1810984983174	0.0
267.19109928805005	0.0
267.20110007778277	0.0
267.2111008675154	0.0
267.2211016572481	0.0
267.2311024469808	0.0
267.24110323671346	0.0
267.25110402644617	0.0
267.26110481617883	0.0
267.2711056059115	0.0
267.2811063956442	0.0
267.29110718537686	0.0
267.3011079751096	0.0
267.31110876484223	0.0
267.32110955457495	0.0
267.3311103443076	0.0
267.34111113404026	0.0
267.351111923773	0.0
267.36111271350563	0.0
267.37111350323835	0.0
267.381114292971	0.0
267.39111508270366	0.0
267.4011158724364	0.0
267.41111666216904	0.0
267.42111745190175	0.0
267.4311182416344	0.0
267.4411190313671	0.0
267.4511198210998	0.0
267.46112061083244	0.0
267.47112140056515	0.0
267.4811221902978	0.0
267.4911229800305	0.0
267.5011237697632	0.0
267.51112455949584	262.0
267.52112534922856	262.0
267.5311261389612	262.0
267.5411269286939	259.0
267.5511277184266	250.0
267.5611285081593	242.0
267.57112929789196	223.0
267.5811300876246	215.0
267.59113087735733	208.0
267.60113166709	206.0
267.6111324568227	203.0
267.62113324655536	203.0
267.631134036288	203.0
267.64113482602073	206.0
267.6511356157534	206.0
267.6611364054861	206.0
267.67113719521876	208.0
267.6811379849515	208.0
267.69113877468413	208.0
267.7011395644168	208.0
267.7111403541495	208.0
267.72114114388216	208.0
267.7311419336149	208.0
267.74114272334754	208.0
267.7511435130802	208.0
267.7611443028129	208.0
267.77114509254557	208.0
267.7811458822783	208.0
267.79114667201094	208.0
267.80114746174365	210.0
267.8111482514763	210.0
267.82114904120897	210.0
267.8311498309417	208.0
267.84115062067434	208.0
267.85115141040706	208.0
267.8611522001397	208.0
267.87115298987237	208.0
267.8811537796051	208.0
267.89115456933774	208.0
267.90115535907046	208.0
267.9111561488031	208.0
267.92115693853583	208.0
267.9311577282685	208.0
267.94115851800115	208.0
267.95115930773386	208.0
267.9611600974665	208.0
267.97116088719923	208.0
267.9811616769319	208.0
267.99116246666455	208.0
268.00116325639726	208.0
268.0111640461299	208.0
268.02116483586263	208.0
268.0311656255953	208.0
268.041166415328	208.0
268.05116720506066	208.0
268.0611679947933	208.0
268.07116878452604	206.0
268.0811695742587	206.0
268.0911703639914	206.0
268.10117115372407	206.0
268.1111719434568	206.0
268.12117273318944	208.0
268.1311735229221	208.0
268.1411743126548	208.0
268.15117510238747	208.0
268.1611758921202	208.0
268.17117668185284	206.0
268.1811774715855	206.0
268.1911782613182	206.0
268.2011790510509	206.0
268.2111798407836	206.0
268.22118063051624	206.0
268.23118142024896	206.0
268.2411822099816	208.0
268.2511829997143	208.0
268.261183789447	208.0
268.27118457917965	208.0
268.28118536891236	208.0
268.291186158645	208.0
268.3011869483777	208.0
268.3111877381104	208.0
268.32118852784305	208.0
268.33118931757576	208.0
268.3411901073084	208.0
268.35119089704114	206.0
268.3611916867738	206.0
268.37119247650645	206.0
268.38119326623917	206.0
268.3911940559718	206.0
268.40119484570454	206.0
268.4111956354372	206.0
268.42119642516985	206.0
268.43119721490257	206.0
268.4411980046352	206.0
268.45119879436794	206.0
268.4611995841006	206.0
268.4712003738333	206.0
268.48120116356597	206.0
268.4912019532986	206.0
268.50120274303134	208.0
268.511203532764	208.0
268.5212043224967	208.0
268.5312051122294	208.0
268.54120590196203	208.0
268.55120669169474	208.0
268.5612074814274	208.0
268.5712082711601	208.0
268.5812090608928	208.0
268.5912098506255	208.0
268.60121064035815	208.0
268.6112114300908	208.0
268.6212122198235	208.0
268.6312130095562	206.0
268.6412137992889	206.0
268.65121458902155	206.0
268.6612153787542	206.0
268.6712161684869	206.0
268.6812169582196	206.0
268.6912177479523	206.0
268.70121853768495	206.0
268.71121932741767	206.0
268.7212201171503	206.0
268.731220906883	206.0
268.7412216966157	206.0
268.75122248634835	208.0
268.76122327608107	208.0
268.7712240658137	208.0
268.7812248555464	208.0
268.7912256452791	206.0
268.80122643501176	206.0
268.81122722474447	206.0
268.82122801447713	206.0
268.83122880420984	206.0
268.8412295939425	206.0
268.85123038367516	206.0
268.8612311734079	206.0
268.87123196314053	206.0
268.88123275287325	206.0
268.8912335426059	208.0
268.90123433233856	206.0
268.9112351220713	206.0
268.92123591180393	206.0
268.93123670153665	206.0
268.9412374912693	206.0
268.951238281002	206.0
268.9612390707347	206.0
268.97123986046734	206.0
268.98124065020005	208.0
268.9912414399327	208.0
269.0012422296654	208.0
269.0112430193981	208.0
269.02124380913074	208.0
269.03124459886345	208.0
269.0412453885961	208.0
269.0512461783288	206.0
269.0612469680615	206.0
269.0712477577942	206.0
269.08124854752685	208.0
269.0912493372595	208.0
269.1012501269922	208.0
269.1112509167249	210.0
269.1212517064576	213.0
269.13125249619026	215.0
269.1412532859229	215.0
269.15125407565563	213.0
269.1612548653883	206.0
269.171255655121	201.0
269.18125644485366	192.0
269.1912572345864	185.0
269.20125802431903	185.0
269.2112588140517	185.0
269.2212596037844	185.0
269.23126039351706	187.0
269.2412611832498	185.0
269.25126197298243	185.0
269.2612627627151	183.0
269.2712635524478	183.0
269.28126434218046	183.0
269.2912651319132	183.0
269.30126592164584	183.0
269.31126671137855	183.0
269.3212675011112	185.0
269.33126829084387	185.0
269.3412690805766	185.0
269.35126987030924	185.0
269.36127066004195	185.0
269.3712714497746	185.0
269.38127223950727	183.0
269.39127302924	183.0
269.40127381897264	183.0
269.41127460870536	183.0
269.421275398438	185.0
269.4312761881707	185.0
269.4412769779034	185.0
269.45127776763604	185.0
269.46127855736876	185.0
269.4712793471014	185.0
269.48128013683413	183.0
269.4912809265668	183.0
269.5012817162995	183.0
269.51128250603216	183.0
269.5212832957648	183.0
269.53128408549753	183.0
269.5412848752302	185.0
269.5512856649629	185.0
269.56128645469556	185.0
269.5712872444282	185.0
269.58128803416093	185.0
269.5912888238936	185.0
269.6012896136263	183.0
269.61129040335896	183.0
269.6212911930917	181.0
269.63129198282434	183.0
269.641292772557	183.0
269.6512935622897	185.0
269.66129435202237	185.0
269.6712951417551	185.0
269.68129593148774	185.0
269.6912967212204	185.0
269.7012975109531	183.0
269.71129830068577	183.0
269.7212990904185	181.0
269.73129988015114	181.0
269.74130066988386	181.0
269.7513014596165	181.0
269.76130224934917	181.0
269.7713030390819	181.0
269.78130382881454	181.0
269.79130461854726	183.0
269.8013054082799	183.0
269.8113061980126	185.0
269.8213069877453	185.0
269.83130777747795	185.0
269.84130856721066	183.0
269.8513093569433	181.0
269.86131014667603	181.0
269.8713109364087	181.0
269.88131172614135	183.0
269.89131251587406	183.0
269.9013133056067	185.0
269.91131409533943	185.0
269.9213148850721	187.0
269.93131567480475	187.0
269.94131646453746	185.0
269.9513172542701	185.0
269.96131804400284	185.0
269.9713188337355	185.0
269.9813196234682	183.0
269.99132041320087	183.0
270.0013212029335	185.0
270.01132199266624	187.0
270.0213227823989	192.0
270.0313235721316	201.0
270.04132436186427	208.0
270.0513251515969	213.0
270.06132594132964	218.0
270.0713267310623	218.0
270.081327520795	215.0
270.0913283105277	215.0
270.1013291002604	199.0
270.11132988999304	190.0
270.1213306797257	185.0
270.1313314694584	181.0
270.1413322591911	179.0
270.1513330489238	181.0
270.16133383865645	183.0
270.1713346283891	187.0
270.1813354181218	192.0
270.1913362078545	196.0
270.2013369975872	201.0
270.21133778731985	206.0
270.22133857705256	208.0
270.2313393667852	210.0
270.2413401565179	213.0
270.2513409462506	213.0
270.26134173598325	210.0
270.27134252571597	208.0
270.2813433154486	203.0
270.2913441051813	196.0
270.301344894914	190.0
270.31134568464665	185.0
270.32134647437937	183.0
270.331347264112	179.0
270.34134805384474	179.0
270.3513488435774	181.0
270.36134963331006	183.0
270.37135042304277	185.0
270.3813512127754	187.0
270.39135200250814	192.0
270.4013527922408	194.0
270.41135358197346	199.0
270.4213543717062	206.0
270.43135516143883	213.0
270.44135595117154	218.0
270.4513567409042	215.0
270.4613575306369	213.0
270.4713583203696	208.0
270.48135911010223	199.0
270.49135989983495	192.0
270.5013606895676	185.0
270.5113614793003	183.0
270.521362269033	183.0
270.53136305876563	183.0
270.54136384849835	183.0
270.551364638231	183.0
270.5613654279637	185.0
270.5713662176964	185.0
270.5813670074291	185.0
270.59136779716175	183.0
270.6013685868944	183.0
270.6113693766271	183.0
270.6213701663598	181.0
270.6313709560925	181.0
270.64137174582515	181.0
270.6513725355578	181.0
270.6613733252905	181.0
270.6713741150232	183.0
270.6813749047559	183.0
270.69137569448856	185.0
270.70137648422127	185.0
270.71137727395393	187.0
270.7213780636866	187.0
270.7313788534193	187.0
270.74137964315196	185.0
270.7513804328847	185.0
270.76138122261733	183.0
270.77138201235	181.0
270.7813828020827	181.0
270.79138359181536	179.0
270.8013843815481	175.0
270.81138517128073	171.0
270.82138596101345	169.0
270.8313867507461	167.0
270.84138754047876	169.0
270.8513883302115	171.0
270.86138911994414	171.0
270.87138990967685	173.0
270.8813906994095	175.0
270.8913914891422	179.0
270.9013922788749	185.0
270.91139306860754	187.0
270.92139385834025	187.0
270.9313946480729	190.0
270.9413954378056	190.0
270.9513962275383	187.0
270.96139701727094	187.0
270.97139780700365	185.0
270.9813985967363	183.0
270.991399386469	183.0
271.0014001762017	181.0
271.0114009659344	179.0
271.02140175566706	177.0
271.0314025453997	173.0
271.04140333513243	169.0
271.0514041248651	165.0
271.0614049145978	161.0
271.07140570433046	158.0
271.0814064940631	156.0
271.09140728379583	154.0
271.1014080735285	156.0
271.1114088632612	158.0
271.12140965299386	159.0
271.1314104427266	163.0
271.14141123245923	167.0
271.1514120221919	171.0
271.1614128119246	177.0
271.17141360165726	181.0
271.18141439139	185.0
271.19141518112264	185.0
271.2014159708553	185.0
271.211416760588	185.0
271.22141755032067	183.0
271.2314183400534	181.0
271.24141912978604	179.0
271.25141991951875	179.0
271.2614207092514	177.0
271.27142149898407	175.0
271.2814222887168	173.0
271.29142307844944	171.0
271.30142386818216	171.0
271.3114246579148	169.0
271.32142544764747	167.0
271.3314262373802	165.0
271.34142702711284	163.0
271.35142781684556	161.0
271.3614286065782	161.0
271.37142939631093	163.0
271.3814301860436	163.0
271.39143097577625	163.0
271.40143176550896	163.0
271.4114325552416	163.0
271.42143334497433	163.0
271.431434134707	171.0
271.44143492443965	173.0
271.45143571417236	175.0
271.461436503905	177.0
271.47143729363773	177.0
271.4814380833704	177.0
271.4914388731031	179.0
271.50143966283576	179.0
271.5114404525684	179.0
271.52144124230114	177.0
271.5314420320338	177.0
271.5414428217665	175.0
271.55144361149917	175.0
271.5614444012318	358.0
271.57144519096454	358.0
271.5814459806972	175.0
271.5914467704299	177.0
271.60144756016257	177.0
271.6114483498953	354.0
271.62144913962794	354.0
271.6314499293606	358.0
271.6414507190933	358.0
271.65145150882597	363.0
271.6614522985587	363.0
271.67145308829134	342.0
271.681453878024	0.0
271.6914546677567	0.0
271.7014554574894	0.0
271.7114562472221	0.0
271.72145703695475	0.0
271.73145782668746	0.0
271.7414586164201	0.0
271.7514594061528	0.0
271.7614601958855	0.0
271.77146098561815	0.0
271.78146177535086	0.0
271.7914625650835	0.0
271.8014633548162	0.0
271.8114641445489	0.0
271.82146493428155	0.0
271.83146572401427	0.0
271.8414665137469	0.0
271.85146730347964	0.0
271.8614680932123	0.0
271.87146888294495	0.0
271.88146967267767	0.0
271.8914704624103	0.0
271.90147125214304	0.0
271.9114720418757	0.0
271.92147283160836	0.0
271.93147362134107	0.0
271.9414744110737	0.0
271.95147520080644	0.0
271.9614759905391	0.0
271.9714767802718	0.0
271.9814775700045	0.0
271.99147835973713	0.0
272.00147914946984	0.0
272.0114799392025	0.0
272.0214807289352	0.0
272.0314815186679	0.0
272.04148230840053	0.0
272.05148309813325	0.0
272.0614838878659	0.0
272.0714846775986	0.0
272.0814854673313	0.0
272.091486257064	0.0
272.10148704679665	0.0
272.1114878365293	0.0
272.121488626262	0.0
272.1314894159947	0.0
272.1414902057274	0.0
272.15149099546005	0.0
272.1614917851927	0.0
272.1714925749254	0.0
272.1814933646581	0.0
272.1914941543908	0.0
272.20149494412345	0.0
272.21149573385617	0.0
272.2214965235888	0.0
272.2314973133215	0.0
272.2414981030542	0.0
272.25149889278686	0.0
272.26149968251957	0.0
272.2715004722522	0.0
272.28150126198494	0.0
272.2915020517176	0.0
272.30150284145026	0.0
272.311503631183	0.0
272.32150442091563	0.0
272.33150521064834	0.0
272.341506000381	0.0
272.35150679011366	0.0
272.3615075798464	0.0
272.37150836957903	0.0
272.38150915931175	0.0
272.3915099490444	0.0
272.4015107387771	0.0
272.4115115285098	0.0
272.42151231824243	0.0
272.43151310797515	0.0
272.4415138977078	0.0
272.4515146874405	0.0
272.4615154771732	0.0
272.47151626690584	0.0
272.48151705663855	0.0
272.4915178463712	0.0
272.5015186361039	0.0
272.5115194258366	0.0
272.5215202155693	0.0
272.53152100530195	0.0
272.5415217950346	0.0
272.5515225847673	0.0
272.5615233745	0.0
272.5715241642327	0.0
272.58152495396536	0.0
272.591525743698	0.0
272.60152653343073	0.0
272.6115273231634	0.0
272.6215281128961	0.0
272.63152890262876	0.0
272.6415296923615	0.0
272.65153048209413	0.0
272.6615312718268	0.0
272.6715320615595	0.0
272.68153285129216	0.0
272.6915336410249	0.0
272.70153443075753	0.0
272.7115352204902	0.0
272.7215360102229	0.0
272.73153679995556	0.0
272.7415375896883	0.0
272.75153837942094	0.0
272.76153916915365	0.0
272.7715399588863	0.0
272.78154074861897	0.0
272.7915415383517	0.0
272.80154232808434	0.0
272.81154311781705	0.0
272.8215439075497	0.0
272.83154469728237	0.0
272.8415454870151	0.0
272.85154627674774	0.0
272.86154706648045	0.0
272.8715478562131	0.0
272.8815486459458	0.0
272.8915494356785	0.0
272.90155022541114	0.0
272.91155101514386	0.0
272.9215518048765	0.0
272.93155259460923	0.0
272.9415533843419	0.0
272.95155417407454	0.0
272.96155496380726	0.0
272.9715557535399	0.0
272.98155654327263	0.0
272.9915573330053	0.0
273.001558122738	0.0
273.01155891247066	0.0
273.0215597022033	0.0
273.03156049193603	0.0
273.0415612816687	0.0
273.0515620714014	0.0
273.06156286113406	0.0
273.0715636508667	0.0
273.08156444059944	0.0
273.0915652303321	0.0
273.1015660200648	0.0
273.11156680979747	0.0
273.1215675995302	0.0
273.13156838926284	0.0
273.1415691789955	0.0
273.1515699687282	0.0
273.16157075846087	0.0
273.1715715481936	0.0
273.18157233792624	0.0
273.1915731276589	0.0
273.2015739173916	0.0
273.21157470712427	0.0
273.221575496857	0.0
273.23157628658964	0.0
273.24157707632236	0.0
273.251577866055	0.0
273.2615786557877	0.0
273.2715794455204	0.0
273.28158023525305	0.0
273.29158102498576	0.0
273.3015818147184	0.0
273.3115826044511	0.0
273.3215833941838	0.0
273.33158418391645	0.0
273.34158497364916	0.0
273.3515857633818	0.0
273.36158655311453	0.0
273.3715873428472	0.0
273.38158813257985	0.0
273.39158892231256	0.0
273.4015897120452	0.0
273.41159050177794	0.0
273.4215912915106	0.0
273.43159208124325	0.0
273.44159287097597	0.0
273.4515936607086	0.0
273.46159445044134	0.0
273.471595240174	0.0
273.4815960299067	0.0
273.49159681963937	0.0
273.501597609372	0.0
273.51159839910474	0.0
273.5215991888374	0.0
273.5315999785701	0.0
273.54160076830277	0.0
273.5516015580355	0.0
273.56160234776814	0.0
273.5716031375008	113.0
273.5816039272335	111.0
273.5916047169662	111.0
273.6016055066989	109.0
273.61160629643155	107.0
273.6216070861642	106.0
273.6316078758969	107.0
273.6416086656296	111.0
273.6516094553623	122.0
273.66161024509495	128.0
273.67161103482766	131.0
273.6816118245603	136.0
273.691612614293	139.0
273.7016134040257	140.0
273.71161419375835	139.0
273.72161498349107	134.0
273.7316157732237	131.0
273.7416165629564	125.0
273.7516173526891	121.0
273.76161814242175	119.0
273.77161893215447	110.0
273.7816197218871	107.0
273.79162051161984	106.0
273.8016213013525	106.0
273.81162209108516	109.0
273.82162288081787	119.0
273.8316236705505	124.0
273.84162446028324	128.0
273.8516252500159	131.0
273.86162603974856	132.0
273.8716268294813	136.0
273.88162761921393	137.0
273.89162840894664	139.0
273.9016291986793	140.0
273.911629988412	139.0
273.9216307781447	139.0
273.93163156787733	139.0
273.94163235761005	139.0
273.9516331473427	139.0
273.9616339370754	139.0
273.9716347268081	139.0
273.98163551654073	137.0
273.99163630627345	137.0
274.0016370960061	136.0
274.0116378857388	134.0
274.0216386754715	132.0
274.0316394652042	134.0
274.04164025493685	136.0
274.0516410446695	137.0
274.0616418344022	140.0
274.0716426241349	145.0
274.0816434138676	150.0
274.09164420360025	159.0
274.1016449933329	163.0
274.1116457830656	165.0
274.1216465727983	165.0
274.131647362531	163.0
274.14164815226366	163.0
274.15164894199637	161.0
274.161649731729	159.0
274.1716505214617	158.0
274.1816513111944	158.0
274.19165210092706	158.0
274.2016528906598	158.0
274.21165368039243	158.0
274.2216544701251	158.0
274.2316552598578	159.0
274.24165604959046	159.0
274.2516568393232	159.0
274.26165762905583	159.0
274.27165841878855	159.0
274.2816592085212	158.0
274.29165999825386	158.0
274.3016607879866	158.0
274.31166157771924	156.0
274.32166236745195	156.0
274.3316631571846	156.0
274.34166394691727	154.0
274.35166473665	154.0
274.36166552638264	154.0
274.37166631611535	154.0
274.381667105848	154.0
274.3916678955807	156.0
274.4016686853134	156.0
274.41166947504604	156.0
274.42167026477875	158.0
274.4316710545114	158.0
274.4416718442441	158.0
274.4516726339768	158.0
274.46167342370944	158.0
274.47167421344216	158.0
274.4816750031748	158.0
274.49167579290753	158.0
274.5016765826402	156.0
274.5116773723729	156.0
274.52167816210556	156.0
274.5316789518382	156.0
274.54167974157093	156.0
274.5516805313036	156.0
274.5616813210363	156.0
274.57168211076896	156.0
274.5816829005016	156.0
274.59168369023433	156.0
274.601684479967	156.0
274.6116852696997	156.0
274.62168605943236	156.0
274.6316868491651	156.0
274.64168763889774	156.0
274.6516884286304	156.0
274.6616892183631	156.0
274.67169000809577	156.0
274.6816907978285	154.0
274.69169158756114	154.0
274.7016923772938	154.0
274.7116931670265	154.0
274.72169395675917	156.0
274.7316947464919	156.0
274.74169553622454	156.0
274.75169632595725	156.0
274.7616971156899	156.0
274.77169790542257	156.0
274.7816986951553	156.0
274.79169948488794	156.0
274.80170027462066	156.0
274.8117010643533	156.0
274.821701854086	158.0
274.8317026438187	159.0
274.84170343355134	163.0
274.85170422328406	165.0
274.8617050130167	169.0
274.87170580274943	171.0
274.8817065924821	171.0
274.89170738221475	171.0
274.90170817194746	169.0
274.9117089616801	167.0
274.92170975141283	165.0
274.9317105411455	163.0
274.9417113308782	161.0
274.95171212061086	159.0
274.9617129103435	159.0
274.97171370007624	158.0
274.9817144898089	158.0
274.9917152795416	158.0
275.00171606927427	158.0
275.0117168590069	158.0
275.02171764873964	158.0
275.0317184384723	158.0
275.041719228205	159.0
275.05172001793767	161.0
275.0617208076704	163.0
275.07172159740304	165.0
275.0817223871357	167.0
275.0917231768684	169.0
275.10172396660107	171.0
275.1117247563338	169.0
275.12172554606644	0.0
275.1317263357991	0.0
275.1417271255318	0.0
275.1517279152645	0.0
275.1617287049972	0.0
275.17172949472985	0.0
275.18173028446256	0.0
275.1917310741952	0.0
275.2017318639279	0.0
275.2117326536606	0.0
275.22173344339325	0.0
275.23173423312596	0.0
275.2417350228586	0.0
275.2517358125913	0.0
275.261736602324	0.0
275.27173739205665	0.0
275.28173818178936	0.0
275.291738971522	0.0
275.30173976125474	0.0
275.3117405509874	0.0
275.32174134072005	0.0
275.33174213045277	0.0
275.3417429201854	0.0
275.35174370991814	0.0
275.3617444996508	0.0
275.37174528938345	0.0
275.38174607911617	0.0
275.3917468688488	0.0
275.40174765858154	0.0
275.4117484483142	0.0
275.4217492380469	0.0
275.4317500277796	0.0
275.44175081751223	0.0
275.45175160724494	0.0
275.4617523969776	0.0
275.4717531867103	0.0
275.481753976443	0.0
275.49175476617563	0.0
275.50175555590835	0.0
275.511756345641	0.0
275.5217571353737	0.0
275.5317579251064	0.0
275.5417587148391	0.0
275.55175950457175	0.0
275.5617602943044	0.0
275.5717610840371	0.0
275.5817618737698	0.0
275.5917626635025	0.0
275.60176345323515	0.0
275.6117642429678	0.0
275.6217650327005	0.0
275.6317658224332	0.0
275.6417666121659	0.0
275.65176740189855	0.0
275.66176819163127	0.0
275.6717689813639	0.0
275.6817697710966	0.0
275.6917705608293	0.0
275.70177135056196	0.0
275.71177214029467	0.0
275.7217729300273	0.0
275.73177371976	0.0
275.7417745094927	0.0
275.75177529922536	0.0
275.7617760889581	0.0
275.77177687869073	0.0
275.78177766842344	0.0
275.7917784581561	0.0
275.80177924788876	0.0
275.8117800376215	0.0
275.82178082735413	0.0
275.83178161708685	0.0
275.8417824068195	312.0
275.85178319655216	0.0
275.8617839862849	0.0
275.87178477601753	0.0
275.88178556575025	0.0
275.8917863554829	0.0
275.9017871452156	0.0
275.9117879349483	0.0
275.92178872468094	0.0
275.93178951441365	0.0
275.9417903041463	0.0
275.951791093879	0.0
275.9617918836117	0.0
275.97179267334434	0.0
275.98179346307705	0.0
275.9917942528097	0.0
276.0017950425424	0.0
276.0117958322751	0.0
276.0217966220078	0.0
276.03179741174046	0.0
276.0417982014731	0.0
276.0517989912058	0.0
276.0617997809385	0.0
276.0718005706712	0.0
276.08180136040386	0.0
276.0918021501365	0.0
276.10180293986923	0.0
276.1118037296019	0.0
276.1218045193346	0.0
276.13180530906726	0.0
276.1418060988	0.0
276.15180688853263	0.0
276.1618076782653	0.0
276.171808467998	0.0
276.18180925773066	0.0
276.1918100474634	0.0
276.20181083719604	0.0
276.2118116269287	0.0
276.2218124166614	0.0
276.23181320639407	0.0
276.2418139961268	0.0
276.25181478585944	0.0
276.26181557559215	0.0
276.2718163653248	0.0
276.28181715505747	0.0
276.2918179447902	0.0
276.30181873452284	0.0
276.31181952425555	0.0
276.3218203139882	0.0
276.3318211037209	0.0
276.3418218934536	0.0
276.35182268318624	0.0
276.36182347291896	0.0
276.3718242626516	0.0
276.38182505238433	0.0
276.391825842117	0.0
276.40182663184964	0.0
276.41182742158236	0.0
276.421828211315	0.0
276.43182900104773	0.0
276.4418297907804	0.0
276.4518305805131	0.0
276.46183137024576	0.0
276.4718321599784	0.0
276.48183294971113	0.0
276.4918337394438	0.0
276.5018345291765	0.0
276.51183531890916	0.0
276.5218361086418	0.0
276.53183689837454	0.0
276.5418376881072	0.0
276.5518384778399	0.0
276.56183926757257	181.0
276.5718400573053	179.0
276.58184084703794	177.0
276.5918416367706	173.0
276.6018424265033	173.0
276.61184321623597	171.0
276.6218440059687	171.0
276.63184479570134	171.0
276.641845585434	171.0
276.6518463751667	171.0
276.66184716489937	173.0
276.6718479546321	175.0
276.68184874436474	175.0
276.69184953409746	177.0
276.7018503238301	179.0
276.7118511135628	181.0
276.7218519032955	181.0
276.73185269302815	181.0
276.74185348276086	179.0
276.7518542724935	179.0
276.7618550622262	177.0
276.7718558519589	175.0
276.78185664169155	171.0
276.79185743142426	171.0
276.8018582211569	169.0
276.81185901088963	169.0
276.8218598006223	169.0
276.83186059035495	171.0
276.84186138008766	173.0
276.8518621698203	177.0
276.86186295955304	179.0
276.8718637492857	181.0
276.88186453901835	183.0
276.89186532875107	183.0
276.9018661184837	183.0
276.91186690821644	181.0
276.9218676979491	181.0
276.9318684876818	177.0
276.94186927741447	175.0
276.9518700671471	171.0
276.96187085687984	169.0
276.9718716466125	167.0
276.9818724363452	167.0
276.99187322607787	165.0
277.00187401581053	167.0
277.01187480554324	171.0
277.0218755952759	173.0
277.0318763850086	177.0
277.0418771747413	0.0
277.051877964474	0.0
277.06187875420665	181.0
277.0718795439393	183.0
277.081880333672	183.0
277.0918811234047	183.0
277.1018819131374	183.0
277.11188270287005	181.0
277.1218834926027	181.0
277.1318842823354	179.0
277.1418850720681	179.0
277.1518858618008	177.0
277.16188665153345	177.0
277.17188744126616	175.0
277.1818882309988	175.0
277.1918890207315	173.0
277.2018898104642	173.0
277.21189060019685	173.0
277.22189138992957	173.0
277.2318921796622	175.0
277.2418929693949	177.0
277.2518937591276	177.0
277.26189454886025	179.0
277.27189533859297	179.0
277.2818961283256	181.0
277.29189691805834	181.0
277.301897707791	181.0
277.31189849752366	181.0
277.3218992872564	181.0
277.33190007698903	181.0
277.34190086672174	179.0
277.3519016564544	179.0
277.36190244618706	179.0
277.3719032359198	179.0
277.38190402565243	177.0
277.39190481538515	177.0
277.4019056051178	177.0
277.4119063948505	175.0
277.4219071845832	175.0
277.43190797431583	173.0
277.44190876404855	171.0
277.4519095537812	169.0
277.4619103435139	165.0
277.4719111332466	163.0
277.48191192297924	161.0
277.49191271271195	159.0
277.5019135024446	159.0
277.5119142921773	0.0
277.52191508191	0.0
277.5319158716427	0.0
277.54191666137535	0.0
277.551917451108	0.0
277.5619182408407	0.0
277.5719190305734	0.0
277.5819198203061	0.0
277.59192061003876	0.0
277.6019213997714	0.0
277.6119221895041	0.0
277.6219229792368	181.0
277.6319237689695	181.0
277.64192455870216	181.0
277.6519253484349	181.0
277.66192613816753	181.0
277.6719269279002	181.0
277.6819277176329	181.0
277.69192850736556	181.0
277.7019292970983	181.0
277.71193008683093	179.0
277.72193087656365	179.0
277.7319316662963	177.0
277.74193245602896	177.0
277.7519332457617	175.0
277.76193403549433	175.0
277.77193482522705	175.0
277.7819356149597	0.0
277.79193640469236	0.0
277.8019371944251	0.0
277.81193798415774	0.0
277.82193877389045	0.0
277.8319395636231	0.0
277.8419403533558	0.0
277.8519411430885	0.0
277.86194193282114	0.0
277.87194272255385	0.0
277.8819435122865	0.0
277.8919443020192	0.0
277.9019450917519	0.0
277.91194588148454	0.0
277.92194667121726	0.0
277.9319474609499	0.0
277.94194825068263	0.0
277.9519490404153	0.0
277.961949830148	0.0
277.97195061988066	0.0
277.9819514096133	0.0
277.99195219934603	0.0
278.0019529890787	0.0
278.0119537788114	0.0
278.02195456854406	0.0
278.0319553582767	0.0
278.04195614800943	0.0
278.0519569377421	0.0
278.0619577274748	0.0
278.07195851720746	0.0
278.0819593069402	0.0
278.09196009667284	0.0
278.1019608864055	0.0
278.1119616761382	0.0
278.12196246587087	0.0
278.1319632556036	0.0
278.14196404533624	0.0
278.1519648350689	0.0
278.1619656248016	0.0
278.17196641453427	0.0
278.181967204267	0.0
278.19196799399964	0.0
278.20196878373235	0.0
278.211969573465	0.0
278.22197036319767	0.0
278.2319711529304	0.0
278.24197194266304	0.0
278.25197273239576	0.0
278.2619735221284	0.0
278.2719743118611	0.0
278.2819751015938	0.0
278.29197589132644	0.0
278.30197668105916	0.0
278.3119774707918	0.0
278.32197826052453	0.0
278.3319790502572	0.0
278.34197983998985	0.0
278.35198062972256	0.0
278.3619814194552	0.0
278.37198220918793	0.0
278.3819829989206	0.0
278.39198378865325	0.0
278.40198457838596	0.0
278.4119853681186	0.0
278.42198615785134	0.0
278.431986947584	0.0
278.4419877373167	0.0
278.45198852704937	0.0
278.461989316782	0.0
278.47199010651474	0.0
278.4819908962474	0.0
278.4919916859801	0.0
278.50199247571277	0.0
278.5119932654454	0.0
278.52199405517814	0.0
278.5319948449108	0.0
278.5419956346435	0.0
278.55199642437617	0.0
278.5619972141089	0.0
278.57199800384154	0.0
278.5819987935742	0.0
278.5919995833069	0.0
278.6020003730396	0.0
278.6120011627723	0.0
278.62200195250495	0.0
278.6320027422376	0.0
278.6420035319703	0.0
278.652004321703	0.0
278.6620051114357	0.0
278.67200590116835	0.0
278.68200669090106	0.0
278.6920074806337	0.0
278.7020082703664	0.0
278.7120090600991	0.0
278.72200984983175	0.0
278.73201063956446	0.0
278.7420114292971	0.0
278.7520122190298	0.0
278.7620130087625	0.0
278.77201379849515	0.0
278.78201458822787	171.0
278.7920153779605	167.0
278.80201616769324	167.0
278.8120169574259	167.0
278.82201774715855	167.0
278.83201853689127	169.0
278.8420193266239	173.0
278.85202011635664	175.0
278.8620209060893	179.0
278.87202169582196	179.0
278.88202248555467	181.0
278.89202327528733	185.0
278.90202406502004	190.0
278.9120248547527	192.0
278.9220256444854	190.0
278.9320264342181	187.0
278.94202722395073	185.0
278.95202801368345	183.0
278.9620288034161	181.0
278.9720295931488	179.0
278.9820303828815	177.0
278.99203117261413	175.0
279.00203196234685	173.0
279.0120327520795	173.0
279.0220335418122	173.0
279.0320343315449	175.0
279.0420351212776	177.0
279.05203591101025	179.0
279.0620367007429	181.0
279.0720374904756	183.0
279.0820382802083	187.0
279.092039069941	190.0
279.10203985967365	192.0
279.11204064940637	192.0
279.122041439139	190.0
279.1320422288717	185.0
279.1420430186044	183.0
279.15204380833705	181.0
279.16204459806977	179.0
279.1720453878024	177.0
279.1820461775351	177.0
279.1920469672678	177.0
279.20204775700046	177.0
279.2120485467332	179.0
279.22204933646583	181.0
279.23205012619854	183.0
279.2420509159312	185.0
279.25205170566386	190.0
279.2620524953966	192.0
279.27205328512923	194.0
279.28205407486195	194.0
279.2920548645946	192.0
279.30205565432726	190.0
279.31205644406	187.0
279.32205723379263	185.0
279.33205802352535	183.0
279.342058813258	181.0
279.3520596029907	179.0
279.3620603927234	175.0
279.37206118245604	175.0
279.38206197218875	173.0
279.3920627619214	175.0
279.4020635516541	177.0
279.4120643413868	179.0
279.42206513111944	183.0
279.43206592085215	185.0
279.4420667105848	187.0
279.4520675003175	190.0
279.4620682900502	190.0
279.4720690797829	187.0
279.48206986951556	187.0
279.4920706592482	185.0
279.5020714489809	183.0
279.5120722387136	183.0
279.5220730284463	181.0
279.53207381817896	179.0
279.5420746079116	179.0
279.55207539764433	177.0
279.562076187377	175.0
279.5720769771097	175.0
279.58207776684236	177.0
279.5920785565751	181.0
279.60207934630773	183.0
279.6120801360404	185.0
279.6220809257731	187.0
279.63208171550576	190.0
279.6420825052385	192.0
279.65208329497113	192.0
279.6620840847038	190.0
279.6720848744365	187.0
279.68208566416916	185.0
279.6920864539019	183.0
279.70208724363454	183.0
279.71208803336725	183.0
279.7220888230999	183.0
279.73208961283257	183.0
279.7420904025653	183.0
279.75209119229794	185.0
279.76209198203065	185.0
279.7720927717633	187.0
279.78209356149597	187.0
279.7920943512287	187.0
279.80209514096134	187.0
279.81209593069406	187.0
279.8220967204267	185.0
279.83209751015943	185.0
279.8420982998921	185.0
279.85209908962474	185.0
279.86209987935746	185.0
279.8721006690901	183.0
279.88210145882283	183.0
279.8921022485555	183.0
279.90210303828815	183.0
279.91210382802086	185.0
279.9221046177535	185.0
279.93210540748623	185.0
279.9421061972189	183.0
279.9521069869516	190.0
279.96210777668426	196.0
279.9721085664169	206.0
279.98210935614964	215.0
279.9921101458823	226.0
280.002110935615	236.0
280.01211172534767	245.0
280.0221125150803	250.0
280.03211330481304	253.0
280.0421140945457	250.0
280.0521148842784	248.0
280.06211567401107	242.0
280.0721164637438	236.0
280.08211725347644	231.0
280.0921180432091	226.0
280.1021188329418	220.0
280.11211962267447	218.0
280.1221204124072	215.0
280.13212120213984	213.0
280.1421219918725	210.0
280.1521227816052	210.0
280.1621235713379	208.0
280.1721243610706	210.0
280.18212515080324	210.0
280.19212594053596	210.0
280.2021267302686	210.0
280.2121275200013	210.0
280.222128309734	210.0
280.23212909946665	210.0
280.24212988919936	210.0
280.252130678932	210.0
280.2621314686647	213.0
280.2721322583974	210.0
280.28213304813005	210.0
280.29213383786276	210.0
280.3021346275954	208.0
280.31213541732814	208.0
280.3221362070608	208.0
280.33213699679345	208.0
280.34213778652617	208.0
280.3521385762588	208.0
280.36213936599154	208.0
280.3721401557242	208.0
280.38214094545685	208.0
280.39214173518957	208.0
280.4021425249222	208.0
280.41214331465494	208.0
280.4221441043876	208.0
280.4321448941203	208.0
280.44214568385297	208.0
280.45214647358563	208.0
280.46214726331834	208.0
280.472148053051	208.0
280.4821488427837	208.0
280.4921496325164	208.0
280.5021504222491	208.0
280.51215121198175	206.0
280.5221520017144	206.0
280.5321527914471	206.0
280.5421535811798	206.0
280.5521543709125	206.0
280.56215516064515	206.0
280.5721559503778	206.0
280.5821567401105	208.0
280.5921575298432	208.0
280.6021583195759	208.0
280.61215910930855	208.0
280.62215989904126	208.0
280.6321606887739	208.0
280.6421614785066	208.0
280.6521622682393	208.0
280.66216305797195	208.0
280.67216384770467	208.0
280.6821646374373	208.0
280.69216542717	208.0
280.7021662169027	208.0
280.71216700663535	208.0
280.72216779636807	208.0
280.7321685861007	208.0
280.74216937583344	208.0
280.7521701655661	210.0
280.76217095529876	210.0
280.77217174503147	208.0
280.78217253476413	208.0
280.79217332449684	208.0
280.8021741142295	208.0
280.81217490396216	208.0
280.8221756936949	208.0
280.83217648342753	208.0
280.84217727316025	206.0
280.8521780628929	208.0
280.8621788526256	208.0
280.8721796423583	208.0
280.88218043209093	208.0
280.89218122182365	208.0
280.9021820115563	208.0
280.912182801289	208.0
280.9221835910217	208.0
280.93218438075434	208.0
280.94218517048705	208.0
280.9521859602197	208.0
280.9621867499524	208.0
280.9721875396851	208.0
280.9821883294178	208.0
280.99218911915045	208.0
281.0021899088831	208.0
281.0121906986158	208.0
281.0221914883485	208.0
281.0321922780812	208.0
281.04219306781386	208.0
281.0521938575465	208.0
281.0621946472792	208.0
281.0721954370119	208.0
281.0821962267446	208.0
281.09219701647726	208.0
281.10219780621	208.0
281.11219859594263	208.0
281.1221993856753	208.0
281.132200175408	208.0
281.14220096514066	208.0
281.1522017548734	208.0
281.16220254460603	208.0
281.1722033343387	208.0
281.1822041240714	208.0
281.19220491380406	208.0
281.2022057035368	208.0
281.21220649326943	208.0
281.22220728300215	208.0
281.2322080727348	208.0
281.24220886246746	208.0
281.2522096522002	208.0
281.26221044193284	208.0
281.27221123166555	208.0
281.2822120213982	210.0
281.29221281113087	210.0
281.3022136008636	210.0
281.31221439059624	210.0
281.32221518032895	208.0
281.3322159700616	208.0
281.3422167597943	206.0
281.352217549527	0.0
281.36221833925964	0.0
281.37221912899236	190.0
281.382219918725	187.0
281.3922207084577	187.0
281.4022214981904	185.0
281.41222228792304	185.0
281.42222307765576	185.0
281.4322238673884	185.0
281.44222465712113	185.0
281.4522254468538	185.0
281.4622262365865	187.0
281.47222702631916	187.0
281.4822278160518	187.0
281.49222860578453	187.0
281.5022293955172	187.0
281.5122301852499	187.0
281.52223097498256	187.0
281.5322317647152	187.0
281.54223255444793	187.0
281.5522333441806	185.0
281.5622341339133	183.0
281.57223492364596	181.0
281.5822357133787	179.0
281.59223650311134	177.0
281.602237292844	173.0
281.6122380825767	171.0
281.62223887230937	171.0
281.6322396620421	171.0
281.64224045177474	171.0
281.6522412415074	171.0
281.6622420312401	173.0
281.67224282097277	177.0
281.6822436107055	179.0
281.69224440043814	181.0
281.70224519017086	183.0
281.7122459799035	185.0
281.7222467696362	187.0
281.7322475593689	187.0
281.74224834910154	187.0
281.75224913883426	185.0
281.7622499285669	185.0
281.7722507182996	183.0
281.7822515080323	183.0
281.79225229776495	181.0
281.80225308749766	181.0
281.8122538772303	181.0
281.82225466696303	179.0
281.8322554566957	179.0
281.84225624642835	179.0
281.85225703616106	177.0
281.8622578258937	175.0
281.87225861562644	173.0
281.8822594053591	171.0
281.8922601950918	171.0
281.90226098482447	171.0
281.9122617745571	171.0
281.92226256428984	171.0
281.9322633540225	173.0
281.9422641437552	175.0
281.95226493348787	175.0
281.9622657232205	177.0
281.97226651295324	179.0
281.9822673026859	181.0
281.9922680924186	181.0
282.00226888215127	183.0
282.012269671884	183.0
282.02227046161664	183.0
282.0322712513493	181.0
282.042272041082	183.0
282.0522728308147	183.0
282.0622736205474	183.0
282.07227441028004	183.0
282.0822752000127	185.0
282.0922759897454	183.0
282.1022767794781	183.0
282.1122775692108	183.0
282.12227835894345	181.0
282.13227914867616	181.0
282.1422799384088	179.0
282.1522807281415	179.0
282.1622815178742	177.0
282.17228230760685	173.0
282.18228309733956	171.0
282.1922838870722	167.0
282.2022846768049	165.0
282.2122854665376	163.0
282.22228625627025	161.0
282.23228704600297	159.0
282.2422878357356	158.0
282.25228862546834	158.0
282.262289415201	159.0
282.27229020493365	159.0
282.28229099466637	159.0
282.292291784399	159.0
282.30229257413174	159.0
282.3122933638644	159.0
282.32229415359706	158.0
282.33229494332977	158.0
282.34229573306243	158.0
282.35229652279514	158.0
282.3622973125278	158.0
282.3722981022605	158.0
282.3822988919932	158.0
282.39229968172583	158.0
282.40230047145855	158.0
282.4123012611912	158.0
282.4223020509239	158.0
282.4323028406566	158.0
282.44230363038923	158.0
282.45230442012195	159.0
282.4623052098546	159.0
282.4723059995873	159.0
282.48230678932	159.0
282.4923075790527	159.0
282.50230836878535	159.0
282.512309158518	159.0
282.5223099482507	159.0
282.5323107379834	159.0
282.5423115277161	159.0
282.55231231744875	159.0
282.5623131071814	159.0
282.5723138969141	159.0
282.5823146866468	158.0
282.5923154763795	158.0
282.60231626611215	158.0
282.61231705584487	156.0
282.6223178455775	156.0
282.6323186353102	158.0
282.6423194250429	158.0
282.65232021477556	158.0
282.66232100450827	159.0
282.67232179424093	159.0
282.6823225839736	161.0
282.6923233737063	161.0
282.70232416343896	161.0
282.7123249531717	161.0
282.72232574290433	159.0
282.73232653263705	158.0
282.7423273223697	158.0
282.75232811210236	158.0
282.7623289018351	156.0
282.77232969156773	158.0
282.78233048130045	158.0
282.7923312710331	159.0
282.80233206076576	159.0
282.8123328504985	161.0
282.82233364023114	161.0
282.83233442996385	161.0
282.8423352196965	161.0
282.8523360094292	161.0
282.8623367991619	159.0
282.87233758889454	159.0
282.88233837862725	158.0
282.8923391683599	156.0
282.9023399580926	156.0
282.9123407478253	156.0
282.92234153755794	158.0
282.93234232729066	159.0
282.9423431170233	161.0
282.952343906756	163.0
282.9623446964887	163.0
282.9723454862214	0.0
282.98234627595406	0.0
282.9923470656867	161.0
283.00234785541943	161.0
283.0123486451521	161.0
283.0223494348848	0.0
283.03235022461746	0.0
283.0423510143501	0.0
283.05235180408283	0.0
283.0623525938155	0.0
283.0723533835482	0.0
283.08235417328086	0.0
283.0923549630136	0.0
283.10235575274623	0.0
283.1123565424789	0.0
283.1223573322116	0.0
283.13235812194426	0.0
283.142358911677	0.0
283.15235970140964	0.0
283.1623604911423	0.0
283.172361280875	0.0
283.18236207060767	0.0
283.1923628603404	0.0
283.20236365007304	0.0
283.21236443980575	0.0
283.2223652295384	0.0
283.23236601927107	0.0
283.2423668090038	0.0
283.25236759873644	0.0
283.26236838846916	0.0
283.2723691782018	0.0
283.2823699679345	0.0
283.2923707576672	0.0
283.30237154739984	0.0
283.31237233713256	0.0
283.3223731268652	0.0
283.33237391659793	0.0
283.3423747063306	0.0
283.35237549606325	0.0
283.36237628579596	0.0
283.3723770755286	0.0
283.38237786526133	0.0
283.392378654994	0.0
283.4023794447267	0.0
283.41238023445936	0.0
283.422381024192	0.0
283.43238181392474	0.0
283.4423826036574	0.0
283.4523833933901	0.0
283.46238418312277	0.0
283.4723849728554	0.0
283.48238576258814	0.0
283.4923865523208	0.0
283.5023873420535	0.0
283.51238813178617	0.0
283.5223889215189	0.0
283.53238971125154	0.0
283.5423905009842	0.0
283.5523912907169	0.0
283.56239208044957	0.0
283.5723928701823	0.0
283.58239365991494	0.0
283.5923944496476	0.0
283.6023952393803	0.0
283.612396029113	0.0
283.6223968188457	0.0
283.63239760857834	0.0
283.64239839831106	0.0
283.6523991880437	0.0
283.6623999777764	0.0
283.6724007675091	0.0
283.68240155724175	0.0
283.69240234697446	0.0
283.7024031367071	0.0
283.7124039264398	0.0
283.7224047161725	0.0
283.73240550590515	0.0
283.74240629563786	0.0
283.7524070853705	0.0
283.76240787510324	0.0
283.7724086648359	0.0
283.78240945456855	0.0
283.79241024430127	0.0
283.8024110340339	0.0
283.81241182376664	0.0
283.8224126134993	0.0
283.83241340323195	0.0
283.84241419296467	0.0
283.8524149826973	0.0
283.86241577243004	0.0
283.8724165621627	0.0
283.8824173518954	181.0
283.89241814162807	181.0
283.9024189313607	183.0
283.91241972109344	187.0
283.9224205108261	190.0
283.9324213005588	185.0
283.9424220902915	183.0
283.95242288002413	177.0
283.96242366975684	171.0
283.9724244594895	167.0
283.9824252492222	161.0
283.9924260389549	158.0
284.0024268286876	154.0
284.01242761842025	154.0
284.0224284081529	156.0
284.0324291978856	159.0
284.0424299876183	165.0
284.052430777351	171.0
284.06243156708365	179.0
284.0724323568163	187.0
284.082433146549	199.0
284.0924339362817	206.0
284.1024347260144	203.0
284.11243551574705	187.0
284.12243630547977	179.0
284.1324370952124	173.0
284.1424378849451	171.0
284.1524386746778	171.0
284.16243946441045	169.0
284.17244025414317	171.0
284.1824410438758	173.0
284.1924418336085	173.0
284.2024426233412	175.0
284.21244341307386	175.0
284.22244420280657	175.0
284.23244499253923	175.0
284.24244578227194	175.0
284.2524465720046	175.0
284.26244736173726	177.0
284.27244815147	177.0
284.28244894120263	177.0
284.29244973093535	177.0
284.302450520668	177.0
284.31245131040066	177.0
284.3224521001334	177.0
284.33245288986603	177.0
284.34245367959875	177.0
284.3524544693314	179.0
284.3624552590641	179.0
284.3724560487968	179.0
284.38245683852944	181.0
284.39245762826215	181.0
284.4024584179948	181.0
284.4124592077275	181.0
284.4224599974602	181.0
284.43246078719284	179.0
284.44246157692555	177.0
284.4524623666582	173.0
284.4624631563909	169.0
284.4724639461236	165.0
284.4824647358563	163.0
284.49246552558895	161.0
284.5024663153216	161.0
284.5124671050543	159.0
284.522467894787	161.0
284.5324686845197	161.0
284.54246947425236	165.0
284.552470263985	167.0
284.56247105371773	171.0
284.5724718434504	173.0
284.5824726331831	173.0
284.59247342291576	175.0
284.6024742126485	175.0
284.61247500238113	173.0
284.6224757921138	171.0
284.6324765818465	169.0
284.64247737157916	163.0
284.6524781613119	154.0
284.66247895104453	147.0
284.67247974077725	142.0
284.6824805305099	139.0
284.69248132024256	137.0
284.7024821099753	137.0
284.71248289970794	137.0
284.72248368944065	137.0
284.7324844791733	139.0
284.74248526890597	139.0
284.7524860586387	139.0
284.76248684837134	139.0
284.77248763810405	139.0
284.7824884278367	139.0
284.7924892175694	139.0
284.8024900073021	139.0
284.81249079703474	139.0
284.82249158676746	139.0
284.8324923765001	139.0
284.8424931662328	139.0
284.8524939559655	139.0
284.86249474569814	139.0
284.87249553543086	139.0
284.8824963251635	139.0
284.89249711489623	139.0
284.9024979046289	139.0
284.9124986943616	139.0
284.92249948409426	140.0
284.9325002738269	140.0
284.94250106355963	140.0
284.9525018532923	139.0
284.962502643025	139.0
284.97250343275766	139.0
284.9825042224903	137.0
284.99250501222303	137.0
285.0025058019557	137.0
285.0125065916884	137.0
285.02250738142106	139.0
285.0325081711538	139.0
285.04250896088644	140.0
285.0525097506191	140.0
285.0625105403518	142.0
285.07251133008447	142.0
285.0825121198172	142.0
285.09251290954984	142.0
285.1025136992825	0.0
285.1125144890152	0.0
285.12251527874787	0.0
285.1325160684806	0.0
285.14251685821324	0.0
285.15251764794596	0.0
285.1625184376786	0.0
285.17251922741127	0.0
285.182520017144	0.0
285.19252080687664	0.0
285.20252159660936	0.0
285.212522386342	0.0
285.2225231760747	0.0
285.2325239658074	0.0
285.24252475554005	0.0
285.25252554527276	0.0
285.2625263350054	0.0
285.27252712473813	0.0
285.2825279144708	0.0
285.29252870420345	0.0
285.30252949393616	0.0
285.3125302836688	0.0
285.32253107340154	0.0
285.3325318631342	0.0
285.34253265286685	0.0
285.35253344259957	0.0
285.3625342323322	0.0
285.37253502206494	0.0
285.3825358117976	0.0
285.3925366015303	0.0
285.40253739126297	0.0
285.4125381809956	0.0
285.42253897072834	0.0
285.432539760461	0.0
285.4425405501937	0.0
285.45254133992637	0.0
285.462542129659	0.0
285.47254291939174	0.0
285.4825437091244	0.0
285.4925444988571	0.0
285.5025452885898	0.0
285.5125460783225	0.0
285.52254686805514	0.0
285.5325476577878	0.0
285.5425484475205	0.0
285.5525492372532	0.0
285.5625500269859	0.0
285.57255081671855	0.0
285.5825516064512	0.0
285.5925523961839	0.0
285.6025531859166	0.0
285.6125539756493	0.0
285.62255476538195	0.0
285.63255555511466	0.0
285.6425563448473	0.0
285.65255713458	0.0
285.6625579243127	0.0
285.67255871404535	0.0
285.68255950377807	0.0
285.6925602935107	0.0
285.7025610832434	0.0
285.7125618729761	0.0
285.72256266270875	0.0
285.73256345244147	0.0
285.7425642421741	0.0
285.75256503190684	0.0
285.7625658216395	0.0
285.77256661137216	0.0
285.78256740110487	0.0
285.7925681908375	0.0
285.80256898057024	0.0
285.8125697703029	0.0
285.82257056003556	0.0
285.8325713497683	0.0
285.84257213950093	0.0
285.85257292923365	0.0
285.8625737189663	0.0
285.872574508699	0.0
285.8825752984317	0.0
285.89257608816433	0.0
285.90257687789705	0.0
285.9125776676297	0.0
285.9225784573624	0.0
285.9325792470951	0.0
285.94258003682774	0.0
285.95258082656045	0.0
285.9625816162931	0.0
285.9725824060258	0.0
285.9825831957585	0.0
285.9925839854912	0.0
286.00258477522385	0.0
286.0125855649565	0.0
286.0225863546892	0.0
286.0325871444219	0.0
286.0425879341546	0.0
286.05258872388725	0.0
286.06258951361997	0.0
286.0725903033526	0.0
286.0825910930853	0.0
286.092591882818	0.0
286.10259267255066	0.0
286.11259346228337	0.0
286.12259425201603	0.0
286.1325950417487	0.0
286.1425958314814	0.0
286.15259662121406	0.0
286.1625974109468	0.0
286.17259820067943	0.0
286.18259899041215	0.0
286.1925997801448	0.0
286.20260056987746	0.0
286.2126013596102	0.0
286.22260214934283	0.0
286.23260293907555	0.0
286.2426037288082	0.0
286.25260451854086	0.0
286.2626053082736	0.0
286.27260609800624	0.0
286.28260688773895	0.0
286.2926076774716	0.0
286.3026084672043	0.0
286.312609256937	0.0
286.32261004666964	114.0
286.33261083640235	114.0
286.342611626135	114.0
286.3526124158677	114.0
286.3626132056004	115.0
286.37261399533304	115.0
286.38261478506575	117.0
286.3926155747984	117.0
286.4026163645311	117.0
286.4126171542638	117.0
286.4226179439965	115.0
286.43261873372916	115.0
286.4426195234618	114.0
286.45262031319453	114.0
286.4626211029272	114.0
286.4726218926599	114.0
286.48262268239256	114.0
286.4926234721252	113.0
286.50262426185793	113.0
286.5126250515906	113.0
286.5226258413233	113.0
286.53262663105596	115.0
286.5426274207887	118.0
286.55262821052133	121.0
286.562629000254	125.0
286.5726297899867	128.0
286.58263057971936	131.0
286.5926313694521	134.0
286.60263215918474	136.0
286.6126329489174	137.0
286.6226337386501	139.0
286.63263452838277	139.0
286.6426353181155	139.0
286.65263610784814	137.0
286.66263689758085	136.0
286.6726376873135	134.0
286.68263847704617	132.0
286.6926392667789	131.0
286.70264005651154	129.0
286.71264084624426	128.0
286.7226416359769	126.0
286.73264242570957	126.0
286.7426432154423	122.0
286.75264400517494	119.0
286.76264479490766	117.0
286.7726455846403	114.0
286.78264637437303	113.0
286.7926471641057	111.0
286.80264795383835	111.0
286.81264874357106	110.0
286.8226495333037	110.0
286.83265032303643	111.0
286.8426511127691	114.0
286.85265190250175	118.0
286.86265269223446	124.0
286.8726534819671	128.0
286.88265427169983	131.0
286.8926550614325	134.0
286.9026558511652	137.0
286.91265664089786	137.0
286.9226574306305	139.0
286.93265822036324	139.0
286.9426590100959	139.0
286.9526597998286	139.0
286.96266058956127	139.0
286.9726613792939	139.0
286.98266216902664	139.0
286.9926629587593	137.0
287.002663748492	137.0
287.01266453822467	136.0
287.0226653279574	134.0
287.03266611769004	131.0
287.0426669074227	126.0
287.0526676971554	124.0
287.0626684868881	121.0
287.0726692766208	118.0
287.08267006635344	114.0
287.0926708560861	111.0
287.1026716458188	111.0
287.1126724355515	111.0
287.1226732252842	113.0
287.13267401501685	115.0
287.14267480474956	118.0
287.1526755944822	121.0
287.1626763842149	124.0
287.1726771739476	126.0
287.18267796368025	129.0
287.19267875341296	132.0
287.2026795431456	134.0
287.2126803328783	137.0
287.222681122611	137.0
287.23268191234365	139.0
287.24268270207637	137.0
287.252683491809	137.0
287.26268428154174	137.0
287.2726850712744	137.0
287.28268586100705	137.0
287.29268665073977	137.0
287.3026874404724	136.0
287.31268823020514	136.0
287.3226890199378	134.0
287.33268980967046	131.0
287.34269059940317	128.0
287.3526913891358	126.0
287.36269217886854	122.0
287.3726929686012	119.0
287.3826937583339	117.0
287.3926945480666	115.0
287.40269533779923	114.0
287.41269612753194	114.0
287.4226969172646	114.0
287.4326977069973	115.0
287.44269849673	115.0
287.4526992864627	136.0
287.46270007619535	140.0
287.472700865928	145.0
287.4827016556607	150.0
287.4927024453934	156.0
287.5027032351261	0.0
287.51270402485875	0.0
287.5227048145914	0.0
287.5327056043241	0.0
287.5427063940568	0.0
287.5527071837895	0.0
287.56270797352215	0.0
287.57270876325487	0.0
287.5827095529875	0.0
287.5927103427202	0.0
287.6027111324529	0.0
287.61271192218555	0.0
287.62271271191827	0.0
287.6327135016509	0.0
287.6427142913836	0.0
287.6527150811163	0.0
287.66271587084896	0.0
287.67271666058167	0.0
287.6827174503143	0.0
287.69271824004704	0.0
287.7027190297797	0.0
287.71271981951236	0.0
287.7227206092451	0.0
287.73272139897773	0.0
287.74272218871045	0.0
287.7527229784431	0.0
287.76272376817576	0.0
287.7727245579085	0.0
287.78272534764113	0.0
287.79272613737385	0.0
287.8027269271065	0.0
287.8127277168392	0.0
287.8227285065719	0.0
287.83272929630454	0.0
287.84273008603725	0.0
287.8527308757699	0.0
287.8627316655026	0.0
287.8727324552353	0.0
287.88273324496794	0.0
287.89273403470065	0.0
287.9027348244333	0.0
287.912735614166	0.0
287.9227364038987	0.0
287.9327371936314	0.0
287.94273798336405	0.0
287.9527387730967	0.0
287.9627395628294	0.0
287.9727403525621	0.0
287.9827411422948	0.0
287.99274193202746	0.0
288.0027427217601	0.0
288.01274351149283	0.0
288.0227443012255	0.0
288.0327450909582	0.0
288.04274588069086	0.0
288.0527466704236	0.0
288.06274746015623	0.0
288.0727482498889	0.0
288.0827490396216	0.0
288.09274982935426	0.0
288.102750619087	0.0
288.11275140881963	0.0
288.1227521985523	0.0
288.132752988285	0.0
288.14275377801766	0.0
288.1527545677504	0.0
288.16275535748304	0.0
288.17275614721575	0.0
288.1827569369484	0.0
288.19275772668107	0.0
288.2027585164138	0.0
288.21275930614644	0.0
288.22276009587915	0.0
288.2327608856118	0.0
288.24276167534447	0.0
288.2527624650772	0.0
288.26276325480984	0.0
288.27276404454255	0.0
288.2827648342752	0.0
288.2927656240079	0.0
288.3027664137406	0.0
288.31276720347324	0.0
288.32276799320596	0.0
288.3327687829386	0.0
288.34276957267133	0.0
288.352770362404	0.0
288.36277115213665	0.0
288.37277194186936	0.0
288.382772731602	0.0
288.39277352133473	0.0
288.4027743110674	0.0
288.4127751008001	0.0
288.42277589053276	0.0
288.4327766802654	0.0
288.44277746999813	0.0
288.4527782597308	0.0
288.4627790494635	0.0
288.47277983919616	0.0
288.4827806289288	0.0
288.49278141866154	0.0
288.5027822083942	0.0
288.5127829981269	0.0
288.52278378785957	0.0
288.5327845775923	0.0
288.54278536732494	0.0
288.5527861570576	0.0
288.5627869467903	0.0
288.57278773652297	0.0
288.5827885262557	0.0
288.59278931598834	0.0
288.602790105721	0.0
288.6127908954537	0.0
288.62279168518637	0.0
288.6327924749191	0.0
288.64279326465174	0.0
288.65279405438446	0.0
288.6627948441171	0.0
288.6727956338498	0.0
288.6827964235825	0.0
288.69279721331515	0.0
288.70279800304786	0.0
288.7127987927805	0.0
288.7227995825132	0.0
288.7328003722459	0.0
288.74280116197855	0.0
288.75280195171126	0.0
288.7628027414439	0.0
288.77280353117663	0.0
288.7828043209093	0.0
288.79280511064195	0.0
288.80280590037466	0.0
288.8128066901073	0.0
288.82280747984004	0.0
288.8328082695727	0.0
288.8428090593054	0.0
288.85280984903807	0.0
288.8628106387707	0.0
288.87281142850344	0.0
288.8828122182361	0.0
288.8928130079688	0.0
288.90281379770147	0.0
288.9128145874341	0.0
288.92281537716684	0.0
288.9328161668995	0.0
288.9428169566322	0.0
288.9528177463649	0.0
288.9628185360976	0.0
288.97281932583024	0.0
288.9828201155629	0.0
288.9928209052956	0.0
289.0028216950283	0.0
289.012822484761	0.0
289.02282327449365	0.0
289.0328240642263	0.0
289.042824853959	0.0
289.0528256436917	0.0
289.0628264334244	0.0
289.07282722315705	0.0
289.08282801288976	0.0
289.0928288026224	0.0
289.1028295923551	0.0
289.1128303820878	0.0
289.12283117182045	0.0
289.13283196155317	0.0
289.1428327512858	0.0
289.1528335410185	0.0
289.1628343307512	0.0
289.17283512048385	0.0
289.18283591021657	0.0
289.1928366999492	0.0
289.20283748968194	0.0
289.2128382794146	0.0
289.22283906914726	0.0
289.23283985887997	0.0
289.2428406486126	0.0
289.25284143834534	0.0
289.262842228078	0.0
289.27284301781066	0.0
289.2828438075434	0.0
289.29284459727603	0.0
289.30284538700874	0.0
289.3128461767414	0.0
289.3228469664741	0.0
289.3328477562068	0.0
289.34284854593943	0.0
289.35284933567215	0.0
289.3628501254048	0.0
289.3728509151375	0.0
289.3828517048702	0.0
289.39285249460283	0.0
289.40285328433555	0.0
289.4128540740682	0.0
289.4228548638009	0.0
289.4328556535336	0.0
289.4428564432663	0.0
289.45285723299895	0.0
289.4628580227316	0.0
289.4728588124643	0.0
289.482859602197	0.0
289.4928603919297	0.0
289.50286118166235	0.0
289.512861971395	0.0
289.5228627611277	0.0
289.5328635508604	0.0
289.5428643405931	0.0
289.55286513032576	0.0
289.56286592005847	0.0
289.5728667097911	0.0
289.5828674995238	0.0
289.5928682892565	0.0
289.60286907898916	0.0
289.6128698687219	0.0
289.62287065845453	0.0
289.6328714481872	0.0
289.6428722379199	0.0
289.65287302765256	0.0
289.6628738173853	0.0
289.67287460711793	0.0
289.68287539685065	0.0
289.6928761865833	0.0
289.70287697631596	0.0
289.7128777660487	0.0
289.72287855578134	0.0
289.73287934551405	0.0
289.7428801352467	0.0
289.75288092497937	0.0
289.7628817147121	0.0
289.77288250444474	0.0
289.78288329417745	0.0
289.7928840839101	0.0
289.8028848736428	0.0
289.8128856633755	0.0
289.82288645310814	0.0
289.83288724284085	0.0
289.8428880325735	0.0
289.8528888223062	0.0
289.8628896120389	0.0
289.87289040177154	0.0
289.88289119150426	0.0
289.8928919812369	0.0
289.90289277096963	0.0
289.9128935607023	0.0
289.922894350435	0.0
289.93289514016766	0.0
289.9428959299003	0.0
289.95289671963303	0.0
289.9628975093657	0.0
289.9728982990984	0.0
289.98289908883106	0.0
289.9928998785637	0.0
290.00290066829643	0.0
290.0129014580291	0.0
290.0229022477618	0.0
290.03290303749446	0.0
290.0429038272272	0.0
290.05290461695984	0.0
290.0629054066925	0.0
290.0729061964252	0.0
290.08290698615787	0.0
290.0929077758906	0.0
290.10290856562324	0.0
290.1129093553559	0.0
290.1229101450886	0.0
290.13291093482127	0.0
290.142911724554	0.0
290.15291251428664	0.0
290.16291330401936	0.0
290.172914093752	0.0
290.18291488348467	0.0
290.1929156732174	0.0
290.20291646295004	0.0
290.21291725268276	0.0
290.2229180424154	0.0
290.23291883214813	0.0
290.2429196218808	0.0
290.25292041161345	0.0
290.26292120134616	0.0
290.2729219910788	0.0
290.28292278081153	0.0
290.2929235705442	0.0
290.30292436027685	0.0
290.31292515000956	0.0
290.3229259397422	0.0
290.33292672947493	0.0
290.3429275192076	0.0
290.3529283089403	0.0
290.36292909867296	0.0
290.3729298884056	0.0
290.38293067813834	0.0
290.392931467871	0.0
290.4029322576037	0.0
290.41293304733637	0.0
290.422933837069	0.0
290.43293462680174	0.0
290.4429354165344	0.0
290.4529362062671	0.0
290.46293699599977	0.0
290.4729377857325	0.0
290.48293857546514	0.0
290.4929393651978	0.0
290.5029401549305	0.0
290.51294094466317	0.0
290.5229417343959	0.0
290.53294252412854	0.0
290.5429433138612	0.0
290.5529441035939	0.0
290.5629448933266	0.0
290.5729456830593	0.0
290.58294647279195	0.0
290.59294726252466	0.0
290.6029480522573	0.0
290.61294884199	0.0
290.6229496317227	0.0
290.63295042145535	0.0
290.64295121118806	0.0
290.6529520009207	0.0
290.6629527906534	0.0
290.6729535803861	0.0
290.68295437011875	0.0
290.69295515985146	0.0
290.7029559495841	0.0
290.71295673931684	0.0
290.7229575290495	0.0
290.73295831878215	0.0
290.74295910851487	0.0
290.7529598982475	0.0
290.76296068798024	0.0
290.7729614777129	0.0
290.78296226744555	0.0
290.79296305717827	0.0
290.8029638469109	0.0
290.81296463664364	0.0
290.8229654263763	0.0
290.832966216109	0.0
290.8429670058417	0.0
290.85296779557433	0.0
290.86296858530704	0.0
290.8729693750397	0.0
290.8829701647724	0.0
290.8929709545051	0.0
290.90297174423773	0.0
290.91297253397045	0.0
290.9229733237031	0.0
290.9329741134358	0.0
290.9429749031685	0.0
290.9529756929012	0.0
290.96297648263385	0.0
290.9729772723665	0.0
290.9829780620992	0.0
290.9929788518319	0.0
291.0029796415646	0.0
291.01298043129725	0.0
291.0229812210299	0.0
291.0329820107626	0.0
291.0429828004953	0.0
291.052983590228	0.0
291.06298437996065	0.0
291.07298516969337	0.0
291.082985959426	0.0
291.0929867491587	0.0
291.1029875388914	0.0
291.11298832862406	0.0
291.12298911835677	0.0
291.1329899080894	0.0
291.1429906978221	0.0
291.1529914875548	0.0
291.16299227728746	0.0
291.1729930670202	0.0
291.18299385675283	0.0
291.19299464648554	0.0
291.2029954362182	0.0
291.21299622595086	0.0
291.2229970156836	0.0
291.23299780541623	0.0
291.24299859514895	0.0
291.2529993848816	0.0
291.26300017461426	0.0
291.273000964347	0.0
291.28300175407963	0.0
291.29300254381235	0.0
291.303003333545	0.0
291.3130041232777	0.0
291.3230049130104	0.0
291.33300570274304	0.0
291.34300649247575	0.0
291.3530072822084	0.0
291.3630080719411	0.0
291.3730088616738	0.0
291.38300965140644	0.0
291.39301044113915	0.0
291.4030112308718	0.0
291.4130120206045	0.0
291.4230128103372	0.0
291.4330136000699	0.0
291.44301438980256	0.0
291.4530151795352	0.0
291.46301596926793	0.0
291.4730167590006	0.0
291.4830175487333	0.0
291.49301833846596	0.0
291.5030191281986	0.0
291.51301991793133	0.0
291.523020707664	0.0
291.5330214973967	0.0
291.54302228712936	0.0
291.5530230768621	0.0
291.56302386659473	0.0
291.5730246563274	0.0
291.5830254460601	0.0
291.59302623579276	0.0
291.6030270255255	0.0
291.61302781525814	0.0
291.62302860499085	0.0
291.6330293947235	0.0
291.64303018445617	0.0
291.6530309741889	0.0
291.66303176392154	0.0
291.67303255365425	0.0
291.6830333433869	0.0
291.69303413311957	0.0
291.7030349228523	0.0
291.71303571258494	0.0
291.72303650231765	0.0
291.7330372920503	0.0
291.743038081783	0.0
291.7530388715157	0.0
291.76303966124834	0.0
291.77304045098106	0.0
291.7830412407137	0.0
291.79304203044643	0.0
291.8030428201791	0.0
291.81304360991174	0.0
291.82304439964446	0.0
291.8330451893771	0.0
291.84304597910983	0.0
291.8530467688425	0.0
291.8630475585752	0.0
291.87304834830786	0.0
291.8830491380405	0.0
291.89304992777323	0.0
291.9030507175059	0.0
291.9130515072386	0.0
291.92305229697126	0.0
291.9330530867039	0.0
291.94305387643664	0.0
291.9530546661693	0.0
291.963055455902	0.0
291.97305624563467	0.0
291.9830570353674	0.0
291.99305782510004	0.0
292.0030586148327	0.0
292.0130594045654	0.0
292.02306019429807	0.0
292.0330609840308	0.0
292.04306177376344	0.0
292.0530625634961	0.0
292.0630633532288	0.0
292.07306414296147	0.0
292.0830649326942	0.0
292.09306572242684	0.0
292.10306651215956	0.0
292.1130673018922	0.0
292.1230680916249	0.0
292.1330688813576	0.0
292.14306967109025	0.0
292.15307046082296	0.0
292.1630712505556	0.0
292.1730720402883	0.0
292.183072830021	0.0
292.19307361975365	0.0
292.20307440948636	0.0
292.213075199219	0.0
292.22307598895173	0.0
292.2330767786844	0.0
292.24307756841705	0.0
292.25307835814976	0.0
292.2630791478824	0.0
292.27307993761514	0.0
292.2830807273478	0.0
292.29308151708045	0.0
292.30308230681317	0.0
292.3130830965458	0.0
292.32308388627854	0.0
292.3330846760112	0.0
292.3430854657439	0.0
292.35308625547657	0.0
292.3630870452092	0.0
292.37308783494194	0.0
292.3830886246746	0.0
292.3930894144073	0.0
292.40309020413997	0.0
292.41309099387263	0.0
292.42309178360534	0.0
292.433092573338	0.0
292.4430933630707	0.0
292.4530941528034	0.0
292.4630949425361	0.0
292.47309573226875	0.0
292.4830965220014	0.0
292.4930973117341	0.0
292.5030981014668	0.0
292.5130988911995	0.0
292.52309968093215	0.0
292.5331004706648	0.0
292.5431012603975	0.0
292.5531020501302	0.0
292.5631028398629	0.0
292.57310362959555	0.0
292.58310441932827	0.0
292.5931052090609	0.0
292.6031059987936	0.0
292.6131067885263	0.0
292.62310757825895	0.0
292.63310836799167	0.0
292.6431091577243	0.0
292.653109947457	0.0
292.6631107371897	0.0
292.67311152692236	0.0
292.68311231665507	0.0
292.6931131063877	0.0
292.70311389612044	0.0
292.7131146858531	0.0
292.72311547558576	0.0
292.7331162653185	0.0
292.74311705505113	0.0
292.75311784478384	0.0
292.7631186345165	0.0
292.77311942424916	0.0
292.7831202139819	0.0
292.79312100371453	0.0
292.80312179344725	0.0
292.8131225831799	0.0
292.8231233729126	0.0
292.8331241626453	0.0
292.84312495237793	0.0
292.85312574211065	0.0
292.8631265318433	0.0
292.873127321576	0.0
292.8831281113087	0.0
292.89312890104134	0.0
292.90312969077405	0.0
292.9131304805067	0.0
292.9231312702394	0.0
292.9331320599721	0.0
292.9431328497048	0.0
292.95313363943745	0.0
292.9631344291701	0.0
292.9731352189028	0.0
292.9831360086355	0.0
292.9931367983682	0.0
293.00313758810086	0.0
293.01313837783357	0.0
293.0231391675662	0.0
293.0331399572989	0.0
293.0431407470316	0.0
293.05314153676426	0.0
293.063142326497	0.0
293.07314311622963	0.0
293.0831439059623	0.0
293.093144695695	0.0
293.10314548542766	0.0
293.1131462751604	0.0
293.12314706489303	0.0
293.13314785462575	0.0
293.1431486443584	0.0
293.15314943409106	0.0
293.1631502238238	0.0
293.17315101355643	0.0
293.18315180328915	0.0
293.1931525930218	0.0
293.20315338275446	0.0
293.2131541724872	0.0
293.22315496221984	0.0
293.23315575195255	0.0
293.2431565416852	0.0
293.2531573314179	0.0
293.2631581211506	0.0
293.27315891088324	0.0
293.28315970061595	0.0
293.2931604903486	0.0
293.3031612800813	0.0
293.313162069814	0.0
293.32316285954664	0.0
293.33316364927936	0.0
293.343164439012	0.0
293.35316522874473	0.0
293.3631660184774	0.0
293.3731668082101	0.0
293.38316759794276	0.0
293.3931683876754	0.0
293.40316917740813	0.0
293.4131699671408	0.0
293.4231707568735	0.0
293.43317154660616	0.0
293.4431723363388	0.0
293.45317312607153	0.0
293.4631739158042	0.0
293.4731747055369	0.0
293.48317549526956	0.0
293.4931762850023	0.0
293.50317707473494	0.0
293.5131778644676	0.0
293.5231786542003	0.0
293.53317944393297	0.0
293.5431802336657	0.0
293.55318102339834	0.0
293.563181813131	0.0
293.5731826028637	0.0
293.58318339259637	0.0
293.5931841823291	0.0
293.60318497206174	0.0
293.61318576179445	0.0
293.6231865515271	0.0
293.63318734125977	0.0
293.6431881309925	0.0
293.65318892072514	0.0
293.66318971045786	0.0
293.6731905001905	0.0
293.6831912899232	0.0
293.6931920796559	0.0
293.70319286938854	0.0
293.71319365912126	0.0
293.7231944488539	0.0
293.73319523858663	0.0
293.7431960283193	0.0
293.75319681805195	0.0
293.76319760778466	0.0
293.7731983975173	0.0
293.78319918725003	0.0
293.7931999769827	0.0
293.80320076671535	0.0
293.81320155644806	0.0
293.8232023461807	0.0
293.83320313591344	0.0
293.8432039256461	0.0
293.8532047153788	0.0
293.86320550511147	0.0
293.8732062948441	0.0
293.88320708457684	0.0
293.8932078743095	0.0
293.9032086640422	0.0
293.91320945377487	0.0
293.9232102435075	0.0
293.93321103324024	0.0
293.9432118229729	0.0
293.9532126127056	0.0
293.96321340243827	0.0
293.973214192171	0.0
293.98321498190364	0.0
293.9932157716363	0.0
294.003216561369	0.0
294.0132173511017	0.0
294.0232181408344	0.0
294.03321893056705	0.0
294.0432197202997	0.0
294.0532205100324	0.0
294.0632212997651	0.0
294.0732220894978	0.0
294.08322287923045	0.0
294.09322366896316	0.0
294.1032244586958	0.0
294.1132252484285	0.0
294.1232260381612	0.0
294.13322682789385	0.0
294.14322761762656	0.0
294.1532284073592	0.0
294.1632291970919	0.0
294.1732299868246	0.0
294.18323077655725	0.0
294.19323156628997	0.0
294.2032323560226	0.0
294.21323314575534	0.0
294.223233935488	0.0
294.23323472522065	0.0
294.24323551495337	0.0
294.253236304686	0.0
294.26323709441874	0.0
294.2732378841514	0.0
294.28323867388406	0.0
294.29323946361677	0.0
294.30324025334943	0.0
294.31324104308214	0.0
294.3232418328148	0.0
294.3332426225475	0.0
294.3432434122802	0.0
294.35324420201283	0.0
294.36324499174555	0.0
294.3732457814782	0.0
294.3832465712109	0.0
294.3932473609436	0.0
294.4032481506763	0.0
294.41324894040895	0.0
294.4232497301416	0.0
294.4332505198743	0.0
294.443251309607	0.0
294.4532520993397	0.0
294.46325288907235	0.0
294.473253678805	0.0
294.4832544685377	0.0
294.4932552582704	0.0
294.5032560480031	0.0
294.51325683773575	0.0
294.52325762746847	0.0
294.5332584172011	0.0
294.5432592069338	0.0
294.5532599966665	0.0
294.56326078639916	0.0
294.57326157613187	0.0
294.5832623658645	0.0
294.5932631555972	0.0
294.6032639453299	0.0
294.61326473506256	0.0
294.6232655247953	0.0
294.63326631452793	0.0
294.64326710426064	0.0
294.6532678939933	0.0
294.66326868372596	0.0
294.6732694734587	0.0
294.68327026319133	0.0
294.69327105292405	0.0
294.7032718426567	0.0
294.71327263238936	0.0
294.7232734221221	0.0
294.73327421185473	0.0
294.74327500158745	0.0
294.7532757913201	0.0
294.7632765810528	0.0
294.7732773707855	0.0
294.78327816051814	0.0
294.79327895025085	0.0
294.8032797399835	0.0
294.8132805297162	0.0
294.8232813194489	0.0
294.83328210918154	0.0
294.84328289891425	0.0
294.8532836886469	0.0
294.8632844783796	0.0
294.8732852681123	0.0
294.883286057845	0.0
294.89328684757766	0.0
294.9032876373103	0.0
294.913288427043	0.0
294.9232892167757	0.0
294.9332900065084	0.0
294.94329079624106	0.0
294.9532915859737	0.0
294.96329237570643	0.0
294.9732931654391	0.0
294.9832939551718	0.0
294.99329474490446	0.0
295.0032955346372	0.0
295.01329632436983	0.0
295.0232971141025	0.0
295.0332979038352	0.0
295.04329869356786	0.0
295.0532994833006	0.0
295.06330027303324	0.0
295.0733010627659	0.0
295.0833018524986	0.0
295.09330264223127	0.0
295.103303431964	0.0
295.11330422169664	0.0
295.12330501142935	0.0
295.133305801162	0.0
295.14330659089467	0.0
295.1533073806274	0.0
295.16330817036004	0.0
295.17330896009275	0.0
295.1833097498254	0.0
295.19331053955807	0.0
295.2033113292908	0.0
295.21331211902344	0.0
295.22331290875616	0.0
295.2333136984888	0.0
295.24331448822153	0.0
295.2533152779542	0.0
295.26331606768684	0.0
295.27331685741956	0.0
295.2833176471522	0.0
295.29331843688493	0.0
295.3033192266176	0.0
295.31332001635025	0.0
295.32332080608296	0.0
295.3333215958156	0.0
295.34332238554833	0.0
295.353323175281	0.0
295.3633239650137	0.0
295.37332475474636	0.0
295.383325544479	0.0
295.39332633421174	0.0
295.4033271239444	0.0
295.4133279136771	0.0
295.42332870340977	0.0
295.4333294931424	0.0
295.44333028287514	0.0
295.4533310726078	0.0
295.4633318623405	0.0
295.47333265207317	0.0
295.4833334418059	0.0
295.49333423153854	0.0
295.5033350212712	0.0
295.5133358110039	0.0
295.52333660073657	0.0
295.5333373904693	0.0
295.54333818020194	0.0
295.5533389699346	0.0
295.5633397596673	0.0
295.5733405494	0.0
295.5833413391327	0.0
295.59334212886534	0.0
295.60334291859806	0.0
295.6133437083307	0.0
295.6233444980634	0.0
295.6333452877961	0.0
295.64334607752875	0.0
295.65334686726146	0.0
295.6633476569941	0.0
295.6733484467268	0.0
295.6833492364595	0.0
295.69335002619215	0.0
295.70335081592486	0.0
295.7133516056575	0.0
295.72335239539024	0.0
295.7333531851229	0.0
295.74335397485555	0.0
295.75335476458827	0.0
295.7633555543209	0.0
295.77335634405364	0.0
295.7833571337863	0.0
295.793357923519	0.0
295.80335871325167	0.0
295.8133595029843	0.0
295.82336029271704	0.0
295.8333610824497	0.0
295.8433618721824	0.0
295.85336266191507	0.0
295.86336345164773	0.0
295.87336424138044	0.0
295.8833650311131	0.0
295.8933658208458	0.0
295.9033666105785	0.0
295.9133674003112	0.0
295.92336819004385	0.0
295.9333689797765	0.0
295.9433697695092	0.0
295.9533705592419	0.0
295.9633713489746	0.0
295.97337213870725	0.0
295.9833729284399	0.0
295.9933737181726	0.0
296.0033745079053	0.0
296.013375297638	0.0
296.02337608737065	0.0
296.03337687710336	0.0
296.043377666836	0.0
296.0533784565687	0.0
296.0633792463014	0.0
296.07338003603405	0.0
296.08338082576677	0.0
296.0933816154994	0.0
296.1033824052321	0.0
296.1133831949648	0.0
296.12338398469745	0.0
296.13338477443017	0.0
296.1433855641628	0.0
296.15338635389554	0.0
296.1633871436282	0.0
296.17338793336086	0.0
296.18338872309357	0.0
296.19338951282623	0.0
296.20339030255894	0.0
296.2133910922916	0.0
296.22339188202426	0.0
296.233392671757	0.0
296.24339346148963	0.0
296.25339425122235	0.0
296.263395040955	0.0
296.2733958306877	0.0
296.2833966204204	0.0
296.29339741015303	0.0
296.30339819988575	0.0
296.3133989896184	0.0
296.3233997793511	0.0
296.3334005690838	0.0
296.34340135881644	0.0
296.35340214854915	0.0
296.3634029382818	0.0
296.3734037280145	0.0
296.3834045177472	0.0
296.3934053074799	0.0
296.40340609721255	0.0
296.4134068869452	0.0
296.4234076766779	0.0
296.4334084664106	0.0
296.4434092561433	0.0
296.45341004587596	0.0
296.4634108356086	0.0
296.4734116253413	0.0
296.483412415074	0.0
296.4934132048067	0.0
296.50341399453936	0.0
296.5134147842721	0.0
296.52341557400473	0.0
296.5334163637374	0.0
296.5434171534701	0.0
296.55341794320276	0.0
296.5634187329355	0.0
296.57341952266813	0.0
296.5834203124008	0.0
296.5934211021335	0.0
296.60342189186616	0.0
296.6134226815989	0.0
296.62342347133153	0.0
296.63342426106425	0.0
296.6434250507969	0.0
296.65342584052956	0.0
296.6634266302623	0.0
296.67342741999494	0.0
296.68342820972765	0.0
296.6934289994603	0.0
296.70342978919297	0.0
296.7134305789257	0.0
296.72343136865834	0.0
296.73343215839105	0.0
296.7434329481237	0.0
296.7534337378564	0.0
296.7634345275891	0.0
296.77343531732174	0.0
296.78343610705446	0.0
296.7934368967871	0.0
296.8034376865198	0.0
296.8134384762525	0.0
296.82343926598514	0.0
296.83344005571786	0.0
296.8434408454505	0.0
296.85344163518323	0.0
296.8634424249159	0.0
296.8734432146486	0.0
296.88344400438126	0.0
296.8934447941139	0.0
296.90344558384663	0.0
296.9134463735793	0.0
296.923447163312	0.0
296.93344795304466	0.0
296.9434487427773	0.0
296.95344953251004	0.0
296.9634503222427	0.0
296.9734511119754	0.0
296.98345190170807	0.0
296.9934526914408	0.0
297.00345348117344	0.0
297.0134542709061	0.0
297.0234550606388	0.0
297.03345585037147	0.0
297.0434566401042	0.0
297.05345742983684	0.0
297.0634582195695	0.0
297.0734590093022	0.0
297.08345979903487	0.0
297.0934605887676	0.0
297.10346137850024	0.0
297.11346216823296	0.0
297.1234629579656	0.0
297.1334637476983	0.0
297.143464537431	0.0
297.15346532716364	0.0
297.16346611689636	0.0
297.173466906629	0.0
297.18346769636173	0.0
297.1934684860944	0.0
297.20346927582705	0.0
297.21347006555976	0.0
297.2234708552924	0.0
297.23347164502513	0.0
297.2434724347578	0.0
297.25347322449045	0.0
297.26347401422316	0.0
297.2734748039558	0.0
297.28347559368854	0.0
297.2934763834212	0.0
297.3034771731539	0.0
297.31347796288657	0.0
297.3234787526192	0.0
297.33347954235194	0.0
297.3434803320846	0.0
297.3534811218173	0.0
297.36348191154997	0.0
297.3734827012826	0.0
297.38348349101534	0.0
297.393484280748	0.0
297.4034850704807	0.0
297.41348586021337	0.0
297.4234866499461	0.0
297.43348743967874	0.0
297.4434882294114	0.0
297.4534890191441	0.0
297.4634898088768	0.0
297.4734905986095	0.0
297.48349138834215	0.0
297.4934921780748	0.0
297.5034929678075	0.0
297.5134937575402	0.0
297.5234945472729	0.0
297.53349533700555	0.0
297.54349612673826	0.0
297.5534969164709	0.0
297.5634977062036	0.0
297.5734984959363	0.0
297.58349928566895	0.0
297.59350007540166	0.0
297.6035008651343	0.0
297.613501654867	0.0
297.6235024445997	0.0
297.63350323433235	0.0
297.64350402406507	0.0
297.6535048137977	0.0
297.66350560353044	0.0
297.6735063932631	0.0
297.68350718299575	0.0
297.69350797272847	0.0
297.7035087624611	0.0
297.71350955219384	0.0
297.7235103419265	0.0
297.73351113165916	0.0
297.74351192139187	0.0
297.75351271112453	0.0
297.76351350085724	0.0
297.7735142905899	0.0
297.7835150803226	0.0
297.7935158700553	0.0
297.80351665978793	0.0
297.81351744952065	0.0
297.8235182392533	0.0
297.833519028986	0.0
297.8435198187187	0.0
297.85352060845133	0.0
297.86352139818405	0.0
297.8735221879167	0.0
297.8835229776494	0.0
297.8935237673821	0.0
297.9035245571148	0.0
297.91352534684745	0.0
297.9235261365801	0.0
297.9335269263128	0.0
297.9435277160455	0.0
297.9535285057782	0.0
297.96352929551085	0.0
297.9735300852435	0.0
297.9835308749762	0.0
297.9935316647089	0.0
298.0035324544416	0.0
298.01353324417425	0.0
298.02353403390697	0.0
298.0335348236396	0.0
298.0435356133723	0.0
298.053536403105	0.0
298.06353719283766	0.0
298.0735379825704	0.0
298.08353877230303	0.0
298.0935395620357	0.0
298.1035403517684	0.0
298.11354114150106	0.0
298.1235419312338	0.0
298.13354272096643	0.0
298.14354351069915	0.0
298.1535443004318	0.0
298.16354509016446	0.0
298.1735458798972	0.0
298.18354666962983	0.0
298.19354745936255	0.0
298.2035482490952	0.0
298.21354903882786	0.0
298.2235498285606	0.0
298.23355061829324	0.0
298.24355140802595	0.0
298.2535521977586	0.0
298.2635529874913	0.0
298.273553777224	0.0
298.28355456695664	0.0
298.29355535668935	0.0
298.303556146422	0.0
298.3135569361547	0.0
298.3235577258874	0.0
298.33355851562004	0.0
298.34355930535276	0.0
298.3535600950854	0.0
298.3635608848181	0.0
298.3735616745508	0.0
298.3835624642835	0.0
298.39356325401616	0.0
298.4035640437488	0.0
298.41356483348153	0.0
298.4235656232142	0.0
298.4335664129469	0.0
298.44356720267956	0.0
298.4535679924122	0.0
298.46356878214493	0.0
298.4735695718776	0.0
298.4835703616103	0.0
298.49357115134296	0.0
298.5035719410757	0.0
298.51357273080833	0.0
298.523573520541	0.0
298.5335743102737	0.0
298.54357510000636	0.0
298.5535758897391	0.0
298.56357667947174	0.0
298.57357746920445	0.0
298.5835782589371	0.0
298.59357904866977	0.0
298.6035798384025	0.0
298.61358062813514	0.0
298.62358141786785	0.0
298.6335822076005	0.0
298.64358299733317	0.0
298.6535837870659	0.0
298.66358457679854	0.0
298.67358536653126	0.0
298.6835861562639	0.0
298.6935869459966	0.0
298.7035877357293	0.0
298.71358852546194	0.0
298.72358931519466	0.0
298.7335901049273	0.0
298.74359089466003	0.0
298.7535916843927	0.0
298.76359247412535	0.0
298.77359326385806	0.0
298.7835940535907	0.0
298.79359484332343	0.0
298.8035956330561	0.0
298.8135964227888	0.0
298.82359721252146	0.0
298.8335980022541	0.0
298.84359879198684	0.0
298.8535995817195	0.0
298.8636003714522	0.0
298.87360116118487	0.0
298.8836019509175	0.0
298.89360274065024	0.0
298.9036035303829	0.0
298.9136043201156	0.0
298.92360510984827	0.0
298.933605899581	0.0
298.94360668931364	0.0
298.9536074790463	0.0
298.963608268779	0.0
298.97360905851167	0.0
298.9836098482444	0.0
298.99361063797704	0.0
299.0036114277097	0.0
299.0136122174424	0.0
299.0236130071751	0.0
299.0336137969078	0.0
299.04361458664044	0.0
299.05361537637316	0.0
299.0636161661058	0.0
299.0736169558385	0.0
299.0836177455712	0.0
299.09361853530385	0.0
299.10361932503656	0.0
299.1136201147692	0.0
299.1236209045019	0.0
299.1336216942346	0.0
299.14362248396725	0.0
299.15362327369996	0.0
299.1636240634326	0.0
299.17362485316534	0.0
299.183625642898	0.0
299.19362643263065	0.0
299.20362722236337	0.0
299.213628012096	0.0
299.22362880182874	0.0
299.2336295915614	0.0
299.24363038129405	0.0
299.25363117102677	0.0
299.2636319607594	0.0
299.27363275049214	0.0
299.2836335402248	0.0
299.2936343299575	0.0
299.30363511969017	0.0
299.3136359094228	0.0
299.32363669915554	0.0
299.3336374888882	0.0
299.3436382786209	0.0
299.3536390683536	0.0
299.36363985808623	0.0
299.37364064781895	0.0
299.3836414375516	0.0
299.3936422272843	0.0
299.403643017017	0.0
299.4136438067497	0.0
299.42364459648235	0.0
299.433645386215	0.0
299.4436461759477	0.0
299.4536469656804	0.0
299.4636477554131	0.0
299.47364854514575	0.0
299.4836493348784	0.0
299.4936501246111	0.0
299.5036509143438	0.0
299.5136517040765	0.0
299.52365249380915	0.0
299.53365328354187	0.0
299.5436540732745	0.0
299.5536548630072	0.0
299.5636556527399	0.0
299.57365644247255	0.0
299.58365723220527	0.0
299.5936580219379	0.0
299.6036588116706	0.0
299.6136596014033	0.0
299.62366039113596	0.0
299.63366118086867	0.0
299.64366197060133	0.0
299.65366276033404	0.0
299.6636635500667	0.0
299.67366433979936	0.0
299.6836651295321	0.0
299.69366591926473	0.0
299.70366670899745	0.0
299.7136674987301	0.0
299.72366828846276	0.0
299.7336690781955	0.0
299.74366986792813	0.0
299.75367065766085	0.0
299.7636714473935	0.0
299.7736722371262	0.0
299.7836730268589	0.0
299.79367381659154	0.0
299.80367460632425	0.0
299.8136753960569	0.0
299.8236761857896	0.0
299.8336769755223	0.0
299.84367776525494	0.0
299.85367855498765	0.0
299.8636793447203	0.0
299.873680134453	0.0
299.8836809241857	0.0
299.8936817139184	0.0
299.90368250365105	0.0
299.9136832933837	0.0
299.9236840831164	0.0
299.9336848728491	0.0
299.9436856625818	0.0
299.95368645231446	0.0
299.9636872420472	0.0
299.97368803177983	0.0
299.9836888215125	0.0
299.9936896112452	0.0
300.00369040097786	0.0
300.0136911907106	0.0
300.02369198044323	0.0
300.0336927701759	0.0
300.0436935599086	0.0
300.05369434964126	0.0
300.063695139374	0.0
300.07369592910663	0.0
300.08369671883935	0.0
300.093697508572	0.0
300.10369829830466	0.0
300.1136990880374	0.0
300.12369987777004	0.0
300.13370066750275	0.0
300.1437014572354	0.0
300.15370224696807	0.0
300.1637030367008	0.0
300.17370382643344	0.0
300.18370461616615	0.0
300.1937054058988	0.0
300.2037061956315	0.0
300.2137069853642	0.0
300.22370777509684	0.0
300.23370856482956	0.0
300.2437093545622	0.0
300.2537101442949	0.0
300.2637109340276	0.0
300.27371172376024	0.0
300.28371251349296	0.0
300.2937133032256	0.0
300.30371409295833	0.0
300.313714882691	0.0
300.3237156724237	0.0
300.33371646215636	0.0
300.343717251889	0.0
300.35371804162173	0.0
300.3637188313544	0.0
300.3737196210871	0.0
300.38372041081976	0.0
300.3937212005524	0.0
300.40372199028513	0.0
300.4137227800178	0.0
300.4237235697505	0.0
300.43372435948316	0.0
300.4437251492159	0.0
300.45372593894854	0.0
300.4637267286812	0.0
300.4737275184139	0.0
300.48372830814657	0.0
300.4937290978793	0.0
300.50372988761194	0.0
300.5137306773446	0.0
300.5237314670773	0.0
300.53373225680997	0.0
300.5437330465427	0.0
300.55373383627534	0.0
300.56373462600806	0.0
300.5737354157407	0.0
300.5837362054734	0.0
300.5937369952061	0.0
300.60373778493874	0.0
300.61373857467146	0.0
300.6237393644041	0.0
300.6337401541368	0.0
300.6437409438695	0.0
300.65374173360215	0.0
300.66374252333486	0.0
300.6737433130675	0.0
300.68374410280023	0.0
300.6937448925329	0.0
300.70374568226555	0.0
300.71374647199826	0.0
300.7237472617309	0.0
300.73374805146364	0.0
300.7437488411963	0.0
300.75374963092895	0.0
300.76375042066167	0.0
300.7737512103943	0.0
300.78375200012704	0.0
300.7937527898597	0.0
300.8037535795924	0.0
300.81375436932507	0.0
300.8237551590577	0.0
300.83375594879044	0.0
300.8437567385231	0.0
300.8537575282558	0.0
300.86375831798847	0.0
300.8737591077211	0.0
300.88375989745384	0.0
300.8937606871865	0.0
300.9037614769192	0.0
300.9137622666519	0.0
300.9237630563846	0.0
300.93376384611724	0.0
300.9437646358499	0.0
300.9537654255826	0.0
300.9637662153153	0.0
300.973767005048	0.0
300.98376779478065	0.0
300.9937685845133	0.0
301.003769374246	0.0
301.0137701639787	0.0
301.0237709537114	0.0
301.03377174344405	0.0
301.04377253317676	0.0
301.0537733229094	0.0
301.0637741126421	0.0
301.0737749023748	0.0
301.08377569210745	0.0
301.09377648184017	0.0
301.1037772715728	0.0
301.1137780613055	0.0
301.1237788510382	0.0
301.13377964077085	0.0
301.14378043050357	0.0
301.1537812202362	0.0
301.16378200996894	0.0
301.1737827997016	0.0
301.18378358943426	0.0
301.19378437916697	0.0
301.2037851688996	0.0
301.21378595863234	0.0
301.223786748365	0.0
301.23378753809766	0.0
301.2437883278304	0.0
301.25378911756303	0.0
301.26378990729575	0.0
301.2737906970284	0.0
301.2837914867611	0.0
301.2937922764938	0.0
301.30379306622643	0.0
301.31379385595915	0.0
301.3237946456918	0.0
301.3337954354245	0.0
301.3437962251572	0.0
301.3537970148899	0.0
301.36379780462255	0.0
301.3737985943552	0.0
301.3837993840879	0.0
301.3938001738206	0.0
301.4038009635533	0.0
301.41380175328595	0.0
301.4238025430186	0.0
301.4338033327513	0.0
301.443804122484	0.0
301.4538049122167	0.0
301.46380570194935	0.0
301.47380649168207	0.0
301.4838072814147	0.0
301.4938080711474	0.0
301.5038088608801	0.0
301.51380965061276	0.0
301.52381044034547	0.0
301.53381123007813	0.0
301.5438120198108	0.0
301.5538128095435	0.0
301.56381359927616	0.0
301.5738143890089	0.0
301.58381517874153	0.0
301.59381596847425	0.0
301.6038167582069	0.0
301.61381754793956	0.0
301.6238183376723	0.0
301.63381912740493	0.0
301.64381991713765	0.0
301.6538207068703	0.0
301.66382149660296	0.0
301.6738222863357	0.0
301.68382307606834	0.0
301.69382386580105	0.0
301.7038246555337	0.0
301.7138254452664	0.0
301.7238262349991	0.0
301.73382702473174	0.0
301.74382781446445	0.0
301.7538286041971	0.0
301.7638293939298	0.0
301.7738301836625	0.0
301.78383097339514	0.0
301.79383176312786	0.0
301.8038325528605	0.0
301.8138333425932	0.0
301.8238341323259	0.0
301.8338349220586	0.0
301.84383571179126	0.0
301.8538365015239	0.0
301.86383729125663	0.0
301.8738380809893	0.0
301.883838870722	0.0
301.89383966045466	0.0
301.9038404501873	0.0
301.91384123992003	0.0
301.9238420296527	0.0
301.9338428193854	0.0
301.94384360911806	0.0
301.9538443988508	0.0
301.96384518858343	0.0
301.9738459783161	0.0
301.9838467680488	0.0
301.99384755778146	0.0
302.0038483475142	0.0
302.01384913724684	0.0
302.0238499269795	0.0
302.0338507167122	0.0
302.04385150644487	0.0
302.0538522961776	0.0
302.06385308591024	0.0
302.07385387564295	0.0
302.0838546653756	0.0
302.09385545510827	0.0
302.103856244841	0.0
302.11385703457364	0.0
302.12385782430636	0.0
302.133858614039	0.0
302.14385940377167	0.0
302.1538601935044	0.0
302.16386098323704	0.0
302.17386177296976	0.0
302.1838625627024	0.0
302.19386335243513	0.0
302.2038641421678	0.0
302.21386493190045	0.0
302.22386572163316	0.0
302.2338665113658	0.0
302.24386730109853	0.0
302.2538680908312	0.0
302.26386888056385	0.0
302.27386967029656	0.0
302.2838704600292	0.0
302.29387124976193	0.0
302.3038720394946	0.0
302.3138728292273	0.0
302.32387361895996	0.0
302.3338744086926	0.0
302.34387519842534	0.0
302.353875988158	0.0
302.3638767778907	0.0
302.37387756762337	0.0
302.383878357356	0.0
302.39387914708874	0.0
302.4038799368214	0.0
302.4138807265541	0.0
302.42388151628677	0.0
302.4338823060195	0.0
302.44388309575214	0.0
302.4538838854848	0.0
302.4638846752175	0.0
302.4738854649502	0.0
302.4838862546829	0.0
302.49388704441554	0.0
302.5038878341482	0.0
302.5138886238809	0.0
302.5238894136136	0.0
302.5338902033463	0.0
302.54389099307895	0.0
302.55389178281166	0.0
302.5638925725443	0.0
302.573893362277	0.0
302.5838941520097	0.0
302.59389494174235	0.0
302.60389573147506	0.0
302.6138965212077	0.0
302.6238973109404	0.0
302.6338981006731	0.0
302.64389889040575	0.0
302.65389968013847	0.0
302.6639004698711	0.0
302.67390125960384	0.0
302.6839020493365	0.0
302.69390283906915	0.0
302.70390362880187	0.0
302.7139044185345	0.0
302.72390520826724	0.0
302.7339059979999	0.0
302.7439067877326	0.0
302.75390757746527	0.0
302.7639083671979	0.0
302.77390915693064	0.0
302.7839099466633	0.0
302.793910736396	0.0
302.8039115261287	0.0
302.81391231586133	0.0
302.82391310559404	0.0
302.8339138953267	0.0
302.8439146850594	0.0
302.8539154747921	0.0
302.8639162645248	0.0
302.87391705425745	0.0
302.8839178439901	0.0
302.8939186337228	0.0
302.9039194234555	0.0
302.9139202131882	0.0
302.92392100292085	0.0
302.9339217926535	0.0
302.9439225823862	0.0
302.9539233721189	0.0
302.9639241618516	0.0
302.97392495158425	0.0
302.98392574131697	0.0
302.9939265310496	0.0
303.0039273207823	0.0
303.013928110515	0.0
303.02392890024765	0.0
303.03392968998037	0.0
303.043930479713	0.0
303.0539312694457	0.0
303.0639320591784	0.0
303.07393284891106	0.0
303.08393363864377	0.0
303.09393442837643	0.0
303.10393521810914	0.0
303.1139360078418	0.0
303.12393679757446	0.0
303.1339375873072	0.0
303.14393837703983	0.0
303.15393916677255	0.0
303.1639399565052	0.0
303.17394074623786	0.0
303.1839415359706	0.0
303.19394232570323	0.0
303.20394311543595	0.0
303.2139439051686	0.0
303.2239446949013	0.0
303.233945484634	0.0
303.24394627436664	0.0
303.25394706409935	0.0
303.263947853832	0.0
303.2739486435647	0.0
303.2839494332974	0.0
303.29395022303004	0.0
303.30395101276275	0.0
303.3139518024954	0.0
303.3239525922281	0.0
303.3339533819608	0.0
303.3439541716935	0.0
303.35395496142615	0.0
303.3639557511588	0.0
303.3739565408915	0.0
303.3839573306242	0.0
303.3939581203569	0.0
303.40395891008956	0.0
303.4139596998222	0.0
303.42396048955493	0.0
303.4339612792876	0.0
303.4439620690203	0.0
303.45396285875296	0.0
303.4639636484857	0.0
303.47396443821833	0.0
303.483965227951	0.0
303.4939660176837	0.0
303.50396680741636	0.0
303.5139675971491	0.0
303.52396838688173	0.0
303.5339691766144	0.0
303.5439699663471	0.0
303.55397075607976	0.0
303.5639715458125	0.0
303.57397233554514	0.0
303.58397312527785	0.0
303.5939739150105	0.0
303.60397470474317	0.0
303.6139754944759	0.0
303.62397628420854	0.0
303.63397707394125	0.0
303.6439778636739	0.0
303.65397865340657	0.0
303.6639794431393	0.0
303.67398023287194	0.0
303.68398102260466	0.0
303.6939818123373	0.0
303.70398260207	0.0
303.7139833918027	0.0
303.72398418153534	0.0
303.73398497126806	0.0
303.7439857610007	0.0
303.75398655073343	0.0
303.7639873404661	0.0
303.77398813019875	0.0
303.78398891993146	0.0
303.7939897096641	0.0
303.80399049939683	0.0
303.8139912891295	0.0
303.8239920788622	0.0
303.83399286859486	0.0
303.8439936583275	0.0
303.85399444806023	0.0
303.8639952377929	0.0
303.8739960275256	0.0
303.88399681725826	0.0
303.8939976069909	0.0
303.90399839672364	0.0
303.9139991864563	0.0
303.923999976189	0.0
303.93400076592167	0.0
303.9440015556544	0.0
303.95400234538704	0.0
303.9640031351197	0.0
303.9740039248524	0.0
303.98400471458507	0.0
303.9940055043178	0.0
304.00400629405044	0.0
304.0140070837831	0.0
304.0240078735158	0.0
304.03400866324847	0.0
304.0440094529812	0.0
304.05401024271384	0.0
304.06401103244656	0.0
304.0740118221792	0.0
304.0840126119119	0.0
304.0940134016446	0.0
304.10401419137725	0.0
304.11401498110996	0.0
304.1240157708426	0.0
304.13401656057533	0.0
304.144017350308	0.0
304.15401814004065	0.0
304.16401892977336	0.0
304.174019719506	0.0
304.18402050923874	0.0
304.1940212989714	0.0
304.20402208870405	0.0
304.21402287843677	0.0
304.2240236681694	0.0
304.23402445790214	0.0
304.2440252476348	0.0
304.2540260373675	0.0
304.26402682710017	0.0
304.2740276168328	0.0
304.28402840656554	0.0
304.2940291962982	0.0
304.3040299860309	0.0
304.31403077576357	0.0
304.3240315654962	0.0
304.33403235522894	0.0
304.3440331449616	0.0
304.3540339346943	0.0
304.364034724427	0.0
304.3740355141597	0.0
304.38403630389234	0.0
304.394037093625	0.0
304.4040378833577	0.0
304.4140386730904	0.0
304.4240394628231	0.0
304.43404025255575	0.0
304.4440410422884	0.0
304.4540418320211	0.0
304.4640426217538	0.0
304.4740434114865	0.0
304.48404420121915	0.0
304.49404499095186	0.0
304.5040457806845	0.0
304.5140465704172	0.0
304.5240473601499	0.0
304.53404814988255	0.0
304.54404893961527	0.0
304.5540497293479	0.0
304.5640505190806	0.0
304.5740513088133	0.0
304.58405209854595	0.0
304.59405288827867	0.0
304.6040536780113	0.0
304.61405446774404	0.0
304.6240552574767	0.0
304.63405604720936	0.0
304.64405683694207	0.0
304.6540576266747	0.0
304.66405841640744	0.0
304.6740592061401	0.0
304.68405999587276	0.0
304.6940607856055	0.0
304.70406157533813	0.0
304.71406236507084	0.0
304.7240631548035	0.0
304.7340639445362	0.0
304.7440647342689	0.0
304.75406552400153	0.0
304.76406631373425	0.0
304.7740671034669	0.0
304.7840678931996	0.0
304.7940686829323	0.0
304.80406947266493	0.0
304.81407026239765	0.0
304.8240710521303	0.0
304.834071841863	0.0
304.8440726315957	0.0
304.8540734213284	0.0
304.86407421106105	0.0
304.8740750007937	0.0
304.8840757905264	0.0
304.8940765802591	0.0
304.9040773699918	0.0
304.91407815972445	0.0
304.9240789494571	0.0
304.9340797391898	0.0
304.9440805289225	0.0
304.9540813186552	0.0
304.96408210838786	0.0
304.97408289812057	0.0
304.98408368785323	0.0
304.9940844775859	0.0
305.0040852673186	0.0
305.01408605705126	0.0
305.024086846784	0.0
305.03408763651663	0.0
305.0440884262493	0.0
305.054089215982	0.0
305.06409000571466	0.0
305.0740907954474	0.0
305.08409158518003	0.0
305.09409237491275	0.0
305.1040931646454	0.0
305.11409395437806	0.0
305.1240947441108	0.0
305.13409553384344	0.0
305.14409632357615	0.0
305.1540971133088	0.0
305.16409790304147	0.0
305.1740986927742	0.0
305.18409948250684	0.0
305.19410027223955	0.0
305.2041010619722	0.0
305.2141018517049	0.0
305.2241026414376	0.0
305.23410343117024	0.0
305.24410422090295	0.0
305.2541050106356	0.0
305.2641058003683	0.0
305.274106590101	0.0
305.28410737983364	0.0
305.29410816956636	0.0
305.304108959299	0.0
305.31410974903173	0.0
305.3241105387644	0.0
305.3341113284971	0.0
305.34411211822976	0.0
305.3541129079624	0.0
305.36411369769513	0.0
305.3741144874278	0.0
305.3841152771605	0.0
305.39411606689316	0.0
305.4041168566258	0.0
305.41411764635853	0.0
305.4241184360912	0.0
305.4341192258239	0.0
305.44412001555656	0.0
305.4541208052893	0.0
305.46412159502194	0.0
305.4741223847546	0.0
305.4841231744873	0.0
305.49412396421997	0.0
305.5041247539527	0.0
305.51412554368534	0.0
305.52412633341805	0.0
305.5341271231507	0.0
305.54412791288337	0.0
305.5541287026161	0.0
305.56412949234874	0.0
305.57413028208146	0.0
305.5841310718141	0.0
305.59413186154677	0.0
305.6041326512795	0.0
305.61413344101214	0.0
305.62413423074486	0.0
305.6341350204775	0.0
305.64413581021023	0.0
305.6541365999429	0.0
305.66413738967555	0.0
305.67413817940826	0.0
305.6841389691409	0.0
305.69413975887363	0.0
305.7041405486063	0.0
305.71414133833895	0.0
305.72414212807166	0.0
305.7341429178043	0.0
305.74414370753703	0.0
305.7541444972697	0.0
305.7641452870024	0.0
305.77414607673506	0.0
305.7841468664677	0.0
305.79414765620044	0.0
305.8041484459331	0.0
305.8141492356658	0.0
305.82415002539847	0.0
305.8341508151311	0.0
305.84415160486384	0.0
305.8541523945965	0.0
305.8641531843292	0.0
305.87415397406187	0.0
305.8841547637946	0.0
305.89415555352724	0.0
305.9041563432599	0.0
305.9141571329926	0.0
305.92415792272527	0.0
305.934158712458	0.0
305.94415950219064	0.0
305.9541602919233	0.0
305.964161081656	0.0
305.9741618713887	0.0
305.9841626611214	0.0
305.99416345085405	0.0
306.00416424058676	0.0
306.0141650303194	0.0
306.0241658200521	0.0
306.0341666097848	0.0
306.04416739951745	0.0
306.05416818925016	0.0
306.0641689789828	0.0
306.0741697687155	0.0
306.0841705584482	0.0
306.09417134818085	0.0
306.10417213791357	0.0
306.1141729276462	0.0
306.12417371737894	0.0
306.1341745071116	0.0
306.14417529684425	0.0
306.15417608657697	0.0
306.1641768763096	0.0
306.17417766604234	0.0
306.184178455775	0.0
306.19417924550766	0.0
306.20418003524037	0.0
306.214180824973	0.0
306.22418161470574	0.0
306.2341824044384	0.0
306.2441831941711	0.0
306.2541839839038	0.0
306.26418477363643	0.0
306.27418556336914	0.0
306.2841863531018	0.0
306.2941871428345	0.0
306.3041879325672	0.0
306.31418872229983	0.0
306.32418951203255	0.0
306.3341903017652	0.0
306.3441910914979	0.0
306.3541918812306	0.0
306.3641926709633	0.0
306.37419346069595	0.0
306.3841942504286	0.0
306.3941950401613	0.0
306.404195829894	0.0
306.4141966196267	0.0
306.42419740935935	0.0
306.434198199092	0.0
306.4441989888247	0.0
306.4541997785574	0.0
306.4642005682901	0.0
306.47420135802275	0.0
306.48420214775547	0.0
306.4942029374881	0.0
306.5042037272208	0.0
306.5142045169535	0.0
306.52420530668616	0.0
306.53420609641887	0.0
306.5442068861515	0.0
306.5542076758842	0.0
306.5642084656169	0.0
306.57420925534956	0.0
306.5842100450823	0.0
306.59421083481493	0.0
306.60421162454764	0.0
306.6142124142803	0.0
306.62421320401296	0.0
306.6342139937457	0.0
306.64421478347833	0.0
306.65421557321105	0.0
306.6642163629437	0.0
306.67421715267636	0.0
306.6842179424091	0.0
306.69421873214174	0.0
306.70421952187445	0.0
306.7142203116071	0.0
306.7242211013398	0.0
306.7342218910725	0.0
306.74422268080514	0.0
306.75422347053785	0.0
306.7642242602705	0.0
306.7742250500032	0.0
306.7842258397359	0.0
306.79422662946854	0.0
306.80422741920125	0.0
306.8142282089339	0.0
306.8242289986666	0.0
306.8342297883993	0.0
306.844230578132	0.0
306.85423136786466	0.0
306.8642321575973	0.0
306.87423294733003	0.0
306.8842337370627	0.0
306.8942345267954	0.0
306.90423531652806	0.0
306.9142361062608	0.0
306.92423689599343	0.0
306.9342376857261	0.0
306.9442384754588	0.0
306.95423926519146	0.0
306.9642400549242	0.0
306.97424084465683	0.0
306.9842416343895	0.0
306.9942424241222	0.0
307.00424321385486	0.0
307.0142440035876	0.0
307.02424479332024	0.0
307.03424558305295	0.0
307.0442463727856	0.0
307.05424716251827	0.0
307.064247952251	0.0
307.07424874198364	0.0
307.08424953171635	0.0
307.094250321449	0.0
307.10425111118167	0.0
307.1142519009144	0.0
307.12425269064704	0.0
307.13425348037975	0.0
307.1442542701124	0.0
307.1542550598451	0.0
307.1642558495778	0.0
307.17425663931044	0.0
307.18425742904316	0.0
307.1942582187758	0.0
307.20425900850853	0.0
307.2142597982412	0.0
307.22426058797384	0.0
307.23426137770656	0.0
307.2442621674392	0.0
307.25426295717193	0.0
307.2642637469046	0.0
307.2742645366373	0.0
307.28426532636996	0.0
307.2942661161026	0.0
307.30426690583533	0.0
307.314267695568	0.0
307.3242684853007	0.0
307.33426927503336	0.0
307.344270064766	0.0
307.35427085449874	0.0
307.3642716442314	0.0
307.3742724339641	0.0
307.38427322369677	0.0
307.3942740134295	0.0
307.40427480316214	0.0
307.4142755928948	0.0
307.4242763826275	0.0
307.43427717236017	0.0
307.4442779620929	0.0
307.45427875182554	0.0
307.4642795415582	0.0
307.4742803312909	0.0
307.48428112102357	0.0
307.4942819107563	0.0
307.50428270048894	0.0
307.51428349022166	0.0
307.5242842799543	0.0
307.534285069687	0.0
307.5442858594197	0.0
307.55428664915235	0.0
307.56428743888506	0.0
307.5742882286177	0.0
307.5842890183504	0.0
307.5942898080831	0.0
307.60429059781575	0.0
307.61429138754846	0.0
307.6242921772811	0.0
307.63429296701383	0.0
307.6442937567465	0.0
307.65429454647915	0.0
307.66429533621186	0.0
307.6742961259445	0.0
307.68429691567724	0.0
307.6942977054099	0.0
307.70429849514255	0.0
307.71429928487527	0.0
307.7243000746079	0.0
307.73430086434064	0.0
307.7443016540733	0.0
307.754302443806	0.0
307.76430323353867	0.0
307.7743040232713	0.0
307.78430481300404	0.0
307.7943056027367	0.0
307.8043063924694	0.0
307.81430718220207	0.0
307.82430797193473	0.0
307.83430876166744	0.0
307.8443095514001	0.0
307.8543103411328	0.0
307.8643111308655	0.0
307.8743119205982	0.0
307.88431271033085	0.0
307.8943135000635	0.0
307.9043142897962	0.0
307.9143150795289	0.0
307.9243158692616	0.0
307.93431665899425	0.0
307.9443174487269	0.0
307.9543182384596	0.0
307.9643190281923	0.0
307.974319817925	0.0
307.98432060765765	0.0
307.99432139739037	0.0
308.004322187123	0.0
308.0143229768557	0.0
308.0243237665884	0.0
308.03432455632105	0.0
308.04432534605377	0.0
308.0543261357864	0.0
308.0643269255191	0.0
308.0743277152518	0.0
308.08432850498446	0.0
308.09432929471717	0.0
308.1043300844498	0.0
308.11433087418254	0.0
308.1243316639152	0.0
308.13433245364786	0.0
308.1443332433806	0.0
308.15433403311323	0.0
308.16433482284594	0.0
308.1743356125786	0.0
308.18433640231126	0.0
308.194337192044	0.0
308.20433798177663	0.0
308.21433877150935	0.0
308.224339561242	0.0
308.2343403509747	0.0
308.2443411407074	0.0
308.25434193044003	0.0
308.26434272017275	0.0
308.2743435099054	0.0
308.2843442996381	0.0
308.2943450893708	0.0
308.3043458791035	0.0
308.31434666883615	0.0
308.3243474585688	0.0
308.3343482483015	0.0
308.3443490380342	0.0
308.3543498277669	0.0
308.36435061749955	0.0
308.3743514072322	0.0
308.3843521969649	0.0
308.3943529866976	0.0
308.4043537764303	0.0
308.41435456616296	0.0
308.42435535589567	0.0
308.4343561456283	0.0
308.444356935361	0.0
308.4543577250937	0.0
308.46435851482636	0.0
308.4743593045591	0.0
308.48436009429173	0.0
308.4943608840244	0.0
308.5043616737571	0.0
308.51436246348976	0.0
308.5243632532225	0.0
308.53436404295513	0.0
308.54436483268785	0.0
308.5543656224205	0.0
308.56436641215316	0.0
308.5743672018859	0.0
308.58436799161854	0.0
308.59436878135125	0.0
308.6043695710839	0.0
308.61437036081657	0.0
308.6243711505493	0.0
308.63437194028194	0.0
308.64437273001465	0.0
308.6543735197473	0.0
308.66437430948	0.0
308.6743750992127	0.0
308.68437588894534	0.0
308.69437667867805	0.0
308.7043774684107	0.0
308.7143782581434	0.0
308.7243790478761	0.0
308.73437983760874	0.0
308.74438062734146	0.0
308.7543814170741	0.0
308.76438220680683	0.0
308.7743829965395	0.0
308.7843837862722	0.0
308.79438457600486	0.0
308.8043853657375	0.0
308.81438615547023	0.0
308.8243869452029	0.0
308.8343877349356	0.0
308.84438852466826	0.0
308.8543893144009	0.0
308.86439010413363	0.0
308.8743908938663	0.0
308.884391683599	0.0
308.89439247333166	0.0
308.9043932630644	0.0
308.91439405279704	0.0
308.9243948425297	0.0
308.9343956322624	0.0
308.94439642199507	0.0
308.9543972117278	0.0
308.96439800146044	0.0
308.9743987911931	0.0
308.9843995809258	0.0
308.99440037065847	0.0
309.0044011603912	0.0
309.01440195012384	0.0
309.02440273985655	0.0
309.0344035295892	0.0
309.04440431932187	0.0
309.0544051090546	0.0
309.06440589878724	0.0
309.07440668851996	0.0
309.0844074782526	0.0
309.0944082679853	0.0
309.104409057718	0.0
309.11440984745064	0.0
309.12441063718336	0.0
309.134411426916	0.0
309.14441221664873	0.0
309.1544130063814	0.0
309.16441379611405	0.0
309.17441458584676	0.0
309.1844153755794	0.0
309.19441616531213	0.0
309.2044169550448	0.0
309.21441774477745	0.0
309.22441853451016	0.0
309.2344193242428	0.0
309.24442011397554	0.0
309.2544209037082	0.0
309.2644216934409	0.0
309.27442248317357	0.0
309.2844232729062	0.0
309.29442406263894	0.0
309.3044248523716	0.0
309.3144256421043	0.0
309.32442643183697	0.0
309.3344272215696	0.0
309.34442801130234	0.0
309.354428801035	0.0
309.3644295907677	0.0
309.37443038050037	0.0
309.3844311702331	0.0
309.39443195996574	0.0
309.4044327496984	0.0
309.4144335394311	0.0
309.4244343291638	0.0
309.4344351188965	0.0
309.44443590862915	0.0
309.4544366983618	0.0
309.4644374880945	0.0
309.4744382778272	0.0
309.4844390675599	0.0
309.49443985729255	0.0
309.50444064702526	0.0
309.5144414367579	0.0
309.5244422264906	0.0
309.5344430162233	0.0
309.54444380595595	0.0
309.55444459568866	0.0
309.5644453854213	0.0
309.574446175154	0.0
309.5844469648867	0.0
309.59444775461935	0.0
309.60444854435207	0.0
309.6144493340847	0.0
309.62445012381744	0.0
309.6344509135501	0.0
309.64445170328275	0.0
309.65445249301547	0.0
309.6644532827481	0.0
309.67445407248084	0.0
309.6844548622135	0.0
309.6944556519462	0.0
309.7044564416789	0.0
309.71445723141153	0.0
309.72445802114424	0.0
309.7344588108769	0.0
309.7444596006096	0.0
309.7544603903423	0.0
309.76446118007493	0.0
309.77446196980765	0.0
309.7844627595403	0.0
309.794463549273	0.0
309.8044643390057	0.0
309.8144651287384	0.0
309.82446591847105	0.0
309.8344667082037	0.0
309.8444674979364	0.0
309.8544682876691	0.0
309.8644690774018	0.0
309.87446986713445	0.0
309.8844706568671	0.0
309.8944714465998	0.0
309.9044722363325	0.0
309.9144730260652	0.0
309.92447381579785	0.0
309.93447460553057	0.0
309.9444753952632	0.0
309.9544761849959	0.0
309.9644769747286	0.0
309.97447776446126	0.0
309.98447855419397	0.0
309.9944793439266	0.0
310.0044801336593	0.0
310.014480923392	0.0
310.02448171312466	0.0
310.0344825028574	0.0
310.04448329259003	0.0
310.05448408232274	0.0
310.0644848720554	0.0
310.07448566178806	0.0
310.0844864515208	0.0
310.09448724125343	0.0
310.10448803098615	0.0
310.1144888207188	0.0
310.12448961045146	0.0
310.1344904001842	0.0
310.14449118991683	0.0
310.15449197964955	0.0
310.1644927693822	0.0
310.1744935591149	0.0
310.1844943488476	0.0
310.19449513858024	0.0
310.20449592831295	0.0
310.2144967180456	0.0
310.2244975077783	0.0
310.234498297511	0.0
310.24449908724364	0.0
310.25449987697635	0.0
310.264500666709	0.0
310.2745014564417	0.0
310.2845022461744	0.0
310.2945030359071	0.0
310.30450382563976	0.0
310.3145046153724	0.0
310.3245054051051	0.0
310.3345061948378	0.0
310.3445069845705	0.0
310.35450777430316	0.0
310.3645085640358	0.0
310.37450935376853	0.0
310.3845101435012	0.0
310.3945109332339	0.0
310.40451172296656	0.0
310.4145125126993	0.0
310.42451330243193	0.0
310.4345140921646	0.0
310.4445148818973	0.0
310.45451567162996	0.0
310.4645164613627	0.0
310.47451725109534	0.0
310.484518040828	0.0
310.4945188305607	0.0
310.50451962029337	0.0
310.5145204100261	0.0
310.52452119975874	0.0
310.53452198949145	0.0
310.5445227792241	0.0
310.55452356895677	0.0
310.5645243586895	0.0
310.57452514842214	0.0
310.58452593815485	0.0
310.5945267278875	0.0
310.60452751762017	0.0
310.6145283073529	0.0
310.62452909708554	0.0
310.63452988681826	0.0
310.6445306765509	0.0
310.65453146628363	0.0
310.6645322560163	0.0
310.67453304574894	0.0
310.68453383548166	0.0
310.6945346252143	0.0
310.70453541494703	0.0
310.7145362046797	0.0
310.72453699441235	0.0
310.73453778414506	0.0
310.7445385738777	0.0
310.75453936361043	0.0
310.7645401533431	0.0
310.7745409430758	0.0
310.78454173280846	0.0
310.7945425225411	0.0
310.80454331227384	0.0
310.8145441020065	0.0
310.8245448917392	0.0
310.83454568147187	0.0
310.8445464712045	0.0
310.85454726093724	0.0
310.8645480506699	0.0
310.8745488404026	0.0
310.88454963013527	0.0
310.894550419868	0.0
310.90455120960064	0.0
310.9145519993333	0.0
310.924552789066	0.0
310.93455357879867	0.0
310.9445543685314	0.0
310.95455515826404	0.0
310.9645559479967	0.0
310.9745567377294	0.0
310.9845575274621	0.0
310.9945583171948	0.0
311.00455910692745	0.0
311.01455989666016	0.0
311.0245606863928	0.0
311.0345614761255	0.0
311.0445622658582	0.0
311.05456305559085	0.0
311.06456384532356	0.0
311.0745646350562	0.0
311.08456542478893	0.0
311.0945662145216	0.0
311.10456700425425	0.0
311.11456779398696	0.0
311.1245685837196	0.0
311.13456937345234	0.0
311.144570163185	0.0
311.15457095291765	0.0
311.16457174265037	0.0
311.174572532383	0.0
311.18457332211574	0.0
311.1945741118484	0.0
311.2045749015811	0.0
311.21457569131377	0.0
311.2245764810464	0.0
311.23457727077914	0.0
311.2445780605118	0.0
311.2545788502445	0.0
311.26457963997717	0.0
311.27458042970983	0.0
311.28458121944254	0.0
311.2945820091752	0.0
311.3045827989079	0.0
311.3145835886406	0.0
311.3245843783733	0.0
311.33458516810595	0.0
311.3445859578386	0.0
311.3545867475713	0.0
311.364587537304	0.0
311.3745883270367	0.0
311.38458911676935	0.0
311.394589906502	0.0
311.4045906962347	0.0
311.4145914859674	0.0
311.4245922757001	0.0
311.43459306543275	0.0
311.44459385516546	0.0
311.4545946448981	0.0
311.4645954346308	0.0
311.4745962243635	0.0
311.48459701409615	0.0
311.49459780382887	0.0
311.5045985935615	0.0
311.5145993832942	0.0
311.5246001730269	0.0
311.53460096275955	0.0
311.54460175249227	0.0
311.5546025422249	0.0
311.56460333195764	0.0
311.5746041216903	0.0
311.58460491142296	0.0
311.5946057011557	0.0
311.60460649088833	0.0
311.61460728062104	0.0
311.6246080703537	0.0
311.63460886008636	0.0
311.6446096498191	0.0
311.65461043955173	0.0
311.66461122928445	0.0
311.6746120190171	0.0
311.6846128087498	0.0
311.6946135984825	0.0
311.70461438821513	0.0
311.71461517794785	0.0
311.7246159676805	0.0
311.7346167574132	0.0
311.7446175471459	0.0
311.75461833687854	0.0
311.76461912661125	0.0
311.7746199163439	0.0
311.7846207060766	0.0
311.7946214958093	0.0
311.804622285542	0.0
311.81462307527465	0.0
311.8246238650073	0.0
311.83462465474	0.0
311.8446254444727	0.0
311.8546262342054	0.0
311.86462702393806	0.0
311.8746278136707	0.0
311.8846286034034	0.0
311.8946293931361	0.0
311.9046301828688	0.0
311.91463097260146	0.0
311.9246317623342	0.0
311.93463255206683	0.0
311.9446333417995	0.0
311.9546341315322	0.0
311.96463492126486	0.0
311.9746357109976	0.0
311.98463650073023	0.0
311.9946372904629	0.0
312.0046380801956	0.0
312.01463886992826	0.0
312.024639659661	0.0
312.03464044939363	0.0
312.04464123912635	0.0
312.054642028859	0.0
312.06464281859166	0.0
312.0746436083244	0.0
312.08464439805704	0.0
312.09464518778975	0.0
312.1046459775224	0.0
312.11464676725507	0.0
312.1246475569878	0.0
312.13464834672044	0.0
312.14464913645315	0.0
312.1546499261858	0.0
312.1646507159185	0.0
312.1746515056512	0.0
312.18465229538384	0.0
312.19465308511656	0.0
312.2046538748492	0.0
312.21465466458193	0.0
312.2246554543146	0.0
312.23465624404724	0.0
312.24465703377996	0.0
312.2546578235126	0.0
312.26465861324533	0.0
312.274659402978	0.0
312.2846601927107	0.0
312.29466098244336	0.0
312.304661772176	0.0
312.31466256190873	0.0
312.3246633516414	0.0
312.3346641413741	0.0
312.34466493110676	0.0
312.3546657208394	0.0
312.36466651057214	0.0
312.3746673003048	0.0
312.3846680900375	0.0
312.39466887977017	0.0
312.4046696695029	0.0
312.41467045923554	0.0
312.4246712489682	0.0
312.4346720387009	0.0
312.44467282843357	0.0
312.4546736181663	0.0
312.46467440789894	0.0
312.47467519763165	0.0
312.4846759873643	0.0
312.49467677709697	0.0
312.5046775668297	0.0
312.51467835656234	0.0
312.52467914629506	0.0
312.5346799360277	0.0
312.5446807257604	0.0
312.5546815154931	0.0
312.56468230522574	0.0
312.57468309495846	0.0
312.5846838846911	0.0
312.59468467442383	0.0
312.6046854641565	0.0
312.61468625388915	0.0
312.62468704362186	0.0
312.6346878333545	0.0
312.64468862308723	0.0
312.6546894128199	0.0
312.66469020255255	0.0
312.67469099228526	0.0
312.6846917820179	0.0
312.69469257175064	0.0
312.7046933614833	0.0
312.714694151216	0.0
312.72469494094867	0.0
312.7346957306813	0.0
312.74469652041404	0.0
312.7546973101467	0.0
312.7646980998794	0.0
312.77469888961207	0.0
312.7846996793447	0.0
312.79470046907744	0.0
312.8047012588101	0.0
312.8147020485428	0.0
312.82470283827547	0.0
312.8347036280082	0.0
312.84470441774084	0.0
312.8547052074735	0.0
312.8647059972062	0.0
312.8747067869389	0.0
312.8847075766716	0.0
312.89470836640425	0.0
312.9047091561369	0.0
312.9147099458696	0.0
312.9247107356023	0.0
312.934711525335	0.0
312.94471231506765	0.0
312.95471310480036	0.0
312.964713894533	0.0
312.9747146842657	0.0
312.9847154739984	0.0
312.99471626373105	0.0
313.00471705346376	0.0
313.0147178431964	0.0
313.0247186329291	0.0
313.0347194226618	0.0
313.04472021239445	0.0
313.05472100212717	0.0
313.0647217918598	0.0
313.07472258159254	0.0
313.0847233713252	0.0
313.09472416105785	0.0
313.10472495079057	0.0
313.1147257405232	0.0
313.12472653025594	0.0
313.1347273199886	0.0
313.14472810972126	0.0
313.15472889945397	0.0
313.16472968918663	0.0
313.17473047891934	0.0
313.184731268652	0.0
313.1947320583847	0.0
313.2047328481174	0.0
313.21473363785003	0.0
313.22473442758275	0.0
313.2347352173154	0.0
313.2447360070481	0.0
313.2547367967808	0.0
313.26473758651343	0.0
313.27473837624615	0.0
313.2847391659788	0.0
313.2947399557115	0.0
313.3047407454442	0.0
313.3147415351769	0.0
313.32474232490955	0.0
313.3347431146422	0.0
313.3447439043749	0.0
313.3547446941076	0.0
313.3647454838403	0.0
313.37474627357295	0.0
313.3847470633056	0.0
313.3947478530383	0.0
313.404748642771	0.0
313.4147494325037	0.0
313.42475022223636	0.0
313.43475101196907	0.0
313.4447518017017	0.0
313.4547525914344	0.0
313.4647533811671	0.0
313.47475417089976	0.0
313.4847549606325	0.0
313.49475575036513	0.0
313.5047565400978	0.0
313.5147573298305	0.0
313.52475811956316	0.0
313.5347589092959	0.0
313.54475969902853	0.0
313.55476048876125	0.0
313.5647612784939	0.0
313.57476206822656	0.0
313.5847628579593	0.0
313.59476364769193	0.0
313.60476443742465	0.0
313.6147652271573	0.0
313.62476601688996	0.0
313.6347668066227	0.0
313.64476759635534	0.0
313.65476838608805	0.0
313.6647691758207	0.0
313.6747699655534	0.0
313.6847707552861	0.0
313.69477154501874	0.0
313.70477233475145	0.0
313.7147731244841	0.0
313.7247739142168	0.0
313.7347747039495	0.0
313.74477549368214	0.0
313.75477628341486	0.0
313.7647770731475	0.0
313.7747778628802	0.0
313.7847786526129	0.0
313.7947794423456	0.0
313.80478023207826	0.0
313.8147810218109	0.0
313.82478181154363	0.0
313.8347826012763	0.0
313.844783391009	0.0
313.85478418074166	0.0
313.8647849704744	0.0
313.87478576020703	0.0
313.8847865499397	0.0
313.8947873396724	0.0
313.90478812940506	177.0
313.9147889191378	177.0
313.92478970887043	181.0
313.9347904986031	192.0
313.9447912883358	206.0
313.95479207806846	203.0
313.9647928678012	203.0
313.97479365753384	203.0
313.98479444726655	203.0
313.9947952369992	201.0
314.00479602673187	201.0
314.0147968164646	194.0
314.02479760619724	187.0
314.03479839592995	185.0
314.0447991856626	183.0
314.05479997539527	183.0
314.064800765128	181.0
314.07480155486064	181.0
314.08480234459336	183.0
314.094803134326	319.0
314.10480392405873	319.0
314.1148047137914	0.0
314.12480550352404	213.0
314.13480629325676	380.0
314.1448070829894	384.0
314.15480787272213	380.0
314.1648086624548	223.0
314.17480945218745	220.0
314.18481024192016	0.0
314.1948110316528	0.0
314.20481182138553	0.0
314.2148126111182	0.0
314.2248134008509	0.0
314.23481419058356	0.0
314.2448149803162	0.0
314.25481577004894	0.0
314.2648165597816	0.0
314.2748173495143	0.0
314.28481813924697	0.0
314.2948189289796	0.0
314.30481971871234	0.0
314.314820508445	0.0
314.3248212981777	0.0
314.33482208791037	0.0
314.3448228776431	0.0
314.35482366737574	0.0
314.3648244571084	0.0
314.3748252468411	0.0
314.38482603657377	0.0
314.3948268263065	0.0
314.40482761603914	0.0
314.4148284057718	0.0
314.4248291955045	0.0
314.4348299852372	0.0
314.4448307749699	0.0
314.45483156470254	0.0
314.46483235443526	0.0
314.4748331441679	0.0
314.4848339339006	0.0
314.4948347236333	0.0
314.50483551336595	0.0
314.51483630309866	0.0
314.5248370928313	0.0
314.534837882564	0.0
314.5448386722967	0.0
314.55483946202935	0.0
314.56484025176206	0.0
314.5748410414947	0.0
314.58484183122744	0.0
314.5948426209601	0.0
314.60484341069275	0.0
314.61484420042547	0.0
314.6248449901581	0.0
314.63484577989084	0.0
314.6448465696235	0.0
314.65484735935615	0.0
314.66484814908887	0.0
314.6748489388215	0.0
314.68484972855424	0.0
314.6948505182869	0.0
314.7048513080196	0.0
314.71485209775227	0.0
314.72485288748493	0.0
314.73485367721764	0.0
314.7448544669503	0.0
314.754855256683	0.0
314.7648560464157	0.0
314.77485683614833	0.0
314.78485762588105	0.0
314.7948584156137	0.0
314.8048592053464	0.0
314.8148599950791	0.0
314.8248607848118	0.0
314.83486157454445	0.0
314.8448623642771	0.0
314.8548631540098	0.0
314.8648639437425	0.0
314.8748647334752	0.0
314.88486552320785	0.0
314.8948663129405	0.0
314.9048671026732	0.0
314.9148678924059	0.0
314.9248686821386	0.0
314.93486947187125	0.0
314.94487026160397	0.0
314.9548710513366	0.0
314.9648718410693	0.0
314.974872630802	0.0
314.98487342053465	0.0
314.99487421026737	0.0
315.004875	0.0
