nmi	nmi (simclr + lora)	difference (nmi)
0.048610054701791965	0.6493502273184096	0.6007401726166177
