0.0	0.0
0.010000675767569958	0.0
0.020001351535139916	0.0
0.03000202730270987	0.0
0.04000270307027983	0.0
0.05000337883784979	0.0
0.06000405460541974	0.0
0.07000473037298971	0.0
0.08000540614055966	0.0
0.09000608190812961	0.0
0.10000675767569958	0.0
0.11000743344326953	0.0
0.12000810921083949	0.0
0.13000878497840945	0.0
0.14000946074597942	0.0
0.15001013651354936	0.0
0.16001081228111932	0.0
0.1700114880486893	0.0
0.18001216381625923	0.0
0.1900128395838292	0.0
0.20001351535139916	0.0
0.2100141911189691	0.0
0.22001486688653907	0.0
0.23001554265410903	0.0
0.24001621842167897	0.0
0.25001689418924894	0.0
0.2600175699568189	0.0
0.2700182457243889	0.0
0.28001892149195884	0.0
0.29001959725952875	0.0
0.3000202730270987	0.0
0.3100209487946687	0.0
0.32002162456223865	0.0
0.3300223003298086	0.0
0.3400229760973786	0.0
0.35002365186494855	0.0
0.36002432763251846	0.0
0.3700250034000884	0.0
0.3800256791676584	0.0
0.39002635493522836	0.0
0.4000270307027983	0.0
0.4100277064703683	0.0
0.4200283822379382	0.0
0.43002905800550817	0.0
0.44002973377307814	0.0
0.4500304095406481	0.0
0.46003108530821807	0.0
0.47003176107578803	0.0
0.48003243684335795	0.0
0.4900331126109279	0.0
0.5000337883784979	0.0
0.5100344641460679	0.0
0.5200351399136378	0.0
0.5300358156812077	0.0
0.5400364914487777	0.0
0.5500371672163477	0.0
0.5600378429839177	0.0
0.5700385187514876	0.0
0.5800391945190575	0.0
0.5900398702866275	0.0
0.6000405460541974	0.0
0.6100412218217675	0.0
0.6200418975893374	0.0
0.6300425733569074	0.0
0.6400432491244773	0.0
0.6500439248920472	0.0
0.6600446006596172	0.0
0.6700452764271871	0.0
0.6800459521947572	0.0
0.6900466279623271	0.0
0.7000473037298971	0.0
0.710047979497467	0.0
0.7200486552650369	0.0
0.7300493310326069	0.0
0.7400500068001769	0.0
0.7500506825677469	0.0
0.7600513583353168	0.0
0.7700520341028867	0.0
0.7800527098704567	0.0
0.7900533856380266	0.0
0.8000540614055967	0.0
0.8100547371731666	0.0
0.8200554129407366	0.0
0.8300560887083065	0.0
0.8400567644758764	0.0
0.8500574402434464	0.0
0.8600581160110163	0.0
0.8700587917785864	0.0
0.8800594675461563	0.0
0.8900601433137263	0.0
0.9000608190812962	0.0
0.9100614948488661	0.0
0.9200621706164361	0.0
0.930062846384006	0.0
0.9400635221515761	0.0
0.950064197919146	0.0
0.9600648736867159	0.0
0.9700655494542859	0.0
0.9800662252218558	0.0
0.9900669009894258	0.0
1.0000675767569958	0.0
1.0100682525245657	0.0
1.0200689282921358	0.0
1.0300696040597057	0.0
1.0400702798272756	0.0
1.0500709555948455	0.0
1.0600716313624154	0.0
1.0700723071299856	0.0
1.0800729828975555	0.0
1.0900736586651254	0.0
1.1000743344326953	0.0
1.1100750102002652	0.0
1.1200756859678354	0.0
1.1300763617354053	0.0
1.1400770375029752	0.0
1.150077713270545	0.0
1.160078389038115	0.0
1.1700790648056851	0.0
1.180079740573255	0.0
1.190080416340825	0.0
1.2000810921083949	0.0
1.210081767875965	0.0
1.220082443643535	0.0
1.2300831194111048	0.0
1.2400837951786747	0.0
1.2500844709462446	0.0
1.2600851467138148	0.0
1.2700858224813847	0.0
1.2800864982489546	0.0
1.2900871740165245	0.0
1.3000878497840944	0.0
1.3100885255516646	0.0
1.3200892013192345	0.0
1.3300898770868044	0.0
1.3400905528543743	0.0
1.3500912286219442	0.0
1.3600919043895143	0.0
1.3700925801570842	0.0
1.3800932559246541	0.0
1.390093931692224	0.0
1.4000946074597942	0.0
1.410095283227364	0.0
1.420095958994934	0.0
1.430096634762504	0.0
1.4400973105300738	0.0
1.450097986297644	0.0
1.4600986620652139	0.0
1.4700993378327838	0.0
1.4801000136003537	0.0
1.4901006893679236	0.0
1.5001013651354937	0.0
1.5101020409030637	0.0
1.5201027166706336	0.0
1.5301033924382035	0.0
1.5401040682057734	0.0
1.5501047439733435	0.0
1.5601054197409134	0.0
1.5701060955084833	0.0
1.5801067712760533	0.0
1.5901074470436234	0.0
1.6001081228111933	0.0
1.6101087985787632	0.0
1.6201094743463331	0.0
1.630110150113903	0.0
1.6401108258814732	0.0
1.650111501649043	0.0
1.660112177416613	0.0
1.670112853184183	0.0
1.6801135289517528	0.0
1.690114204719323	0.0
1.7001148804868929	0.0
1.7101155562544628	0.0
1.7201162320220327	0.0
1.7301169077896026	0.0
1.7401175835571727	0.0
1.7501182593247426	0.0
1.7601189350923125	0.0
1.7701196108598825	0.0
1.7801202866274526	0.0
1.7901209623950225	0.0
1.8001216381625924	0.0
1.8101223139301623	0.0
1.8201229896977322	0.0
1.8301236654653024	0.0
1.8401243412328723	0.0
1.8501250170004422	0.0
1.860125692768012	0.0
1.870126368535582	0.0
1.8801270443031521	0.0
1.890127720070722	0.0
1.900128395838292	0.0
1.9101290716058619	0.0
1.9201297473734318	0.0
1.930130423141002	0.0
1.9401310989085718	0.0
1.9501317746761417	0.0
1.9601324504437116	0.0
1.9701331262112818	0.0
1.9801338019788517	0.0
1.9901344777464216	0.0
2.0001351535139915	0.0
2.0101358292815616	0.0
2.0201365050491313	0.0
2.0301371808167015	0.0
2.0401378565842716	0.0
2.0501385323518413	0.0
2.0601392081194114	0.0
2.070139883886981	0.0
2.0801405596545512	0.0
2.0901412354221214	0.0
2.100141911189691	0.0
2.110142586957261	0.0
2.120143262724831	0.0
2.130143938492401	0.0
2.140144614259971	0.0
2.150145290027541	0.0
2.160145965795111	0.0
2.1701466415626807	0.0
2.180147317330251	0.0
2.190147993097821	0.0
2.2001486688653906	0.0
2.2101493446329608	0.0
2.2201500204005304	0.0
2.2301506961681006	0.0
2.2401513719356707	0.0
2.2501520477032404	0.0
2.2601527234708105	0.0
2.27015339923838	0.0
2.2801540750059504	0.0
2.2901547507735205	0.0
2.30015542654109	0.0
2.3101561023086603	0.0
2.32015677807623	0.0
2.3301574538438	0.0
2.3401581296113703	0.0
2.35015880537894	0.0
2.36015948114651	0.0
2.3701601569140798	0.0
2.38016083268165	0.0
2.39016150844922	0.0
2.4001621842167897	0.0
2.41016285998436	0.0
2.42016353575193	0.0
2.4301642115194997	0.0
2.44016488728707	0.0
2.4501655630546395	0.0
2.4601662388222096	0.0
2.4701669145897798	0.0
2.4801675903573495	0.0
2.4901682661249196	0.0
2.5001689418924893	0.0
2.5101696176600594	0.0
2.5201702934276295	0.0
2.5301709691951992	0.0
2.5401716449627694	0.0
2.550172320730339	0.0
2.560172996497909	0.0
2.5701736722654793	0.0
2.580174348033049	0.0
2.590175023800619	0.0
2.600175699568189	0.0
2.610176375335759	0.0
2.620177051103329	0.0
2.630177726870899	0.0
2.640178402638469	0.0
2.6501790784060386	0.0
2.6601797541736087	0.0
2.670180429941179	0.0
2.6801811057087486	0.0
2.6901817814763187	0.0
2.7001824572438884	0.0
2.7101831330114585	0.0
2.7201838087790287	0.0
2.7301844845465983	0.0
2.7401851603141685	0.0
2.7501858360817386	0.0
2.7601865118493083	0.0
2.7701871876168784	0.0
2.780187863384448	0.0
2.7901885391520183	0.0
2.8001892149195884	0.0
2.810189890687158	0.0
2.820190566454728	0.0
2.830191242222298	0.0
2.840191917989868	0.0
2.850192593757438	0.0
2.860193269525008	0.0
2.870193945292578	0.0
2.8801946210601477	0.0
2.890195296827718	0.0
2.900195972595288	0.0
2.9101966483628576	0.0
2.9201973241304278	0.0
2.9301979998979975	0.0
2.9401986756655676	0.0
2.9501993514331377	0.0
2.9602000272007074	0.0
2.9702007029682775	0.0
2.9802013787358472	0.0
2.9902020545034174	0.0
3.0002027302709875	0.0
3.010203406038557	0.0
3.0202040818061273	0.0
3.030204757573697	0.0
3.040205433341267	0.0
3.0502061091088373	0.0
3.060206784876407	0.0
3.070207460643977	0.0
3.080208136411547	0.0
3.090208812179117	0.0
3.100209487946687	0.0
3.1102101637142567	0.0
3.120210839481827	0.0
3.130211515249397	0.0
3.1402121910169667	0.0
3.150212866784537	0.0
3.1602135425521065	0.0
3.1702142183196766	0.0
3.180214894087247	0.0
3.1902155698548165	0.0
3.2002162456223866	0.0
3.2102169213899563	0.0
3.2202175971575264	0.0
3.2302182729250966	0.0
3.2402189486926662	0.0
3.2502196244602364	0.0
3.260220300227806	0.0
3.270220975995376	0.0
3.2802216517629463	0.0
3.290222327530516	0.0
3.300223003298086	0.0
3.310223679065656	0.0
3.320224354833226	0.0
3.330225030600796	0.0
3.340225706368366	0.0
3.350226382135936	0.0
3.3602270579035056	0.0
3.3702277336710758	0.0
3.380228409438646	0.0
3.3902290852062156	0.0
3.4002297609737857	0.0
3.4102304367413554	0.0
3.4202311125089255	0.0
3.4302317882764957	0.0
3.4402324640440654	0.0
3.4502331398116355	0.0
3.460233815579205	0.0
3.4702344913467753	0.0
3.4802351671143454	0.0
3.490235842881915	0.0
3.5002365186494853	0.0
3.5102371944170554	0.0
3.520237870184625	0.0
3.530238545952195	0.0
3.540239221719765	0.0
3.550239897487335	0.0
3.560240573254905	0.0
3.570241249022475	0.0
3.580241924790045	0.0
3.5902426005576147	0.0
3.600243276325185	0.0
3.610243952092755	0.0
3.6202446278603246	0.0
3.6302453036278948	0.0
3.6402459793954645	0.0
3.6502466551630346	0.0
3.6602473309306047	0.0
3.6702480066981744	0.0
3.6802486824657445	0.0
3.6902493582333142	0.0
3.7002500340008844	0.0
3.7102507097684545	0.0
3.720251385536024	0.0
3.7302520613035943	0.0
3.740252737071164	0.0
3.750253412838734	0.0
3.7602540886063043	0.0
3.770254764373874	0.0
3.780255440141444	0.0
3.790256115909014	0.0
3.800256791676584	0.0
3.810257467444154	0.0
3.8202581432117237	0.0
3.830258818979294	0.0
3.8402594947468636	0.0
3.8502601705144337	0.0
3.860260846282004	0.0
3.8702615220495735	0.0
3.8802621978171437	0.0
3.890262873584714	0.0
3.9002635493522835	0.0
3.9102642251198536	0.0
3.9202649008874233	0.0
3.9302655766549934	0.0
3.9402662524225636	0.0
3.9502669281901333	0.0
3.9602676039577034	0.0
3.970268279725273	0.0
3.980268955492843	0.0
3.9902696312604133	0.0
4.000270307027983	0.0
4.010270982795553	0.0
4.020271658563123	0.0
4.030272334330693	0.0
4.040273010098263	0.0
4.050273685865833	0.0
4.060274361633403	0.0
4.070275037400973	0.0
4.080275713168543	0.0
4.090276388936113	0.0
4.100277064703683	0.0
4.110277740471252	0.0
4.120278416238823	0.0
4.1302790920063925	0.0
4.140279767773962	0.0
4.150280443541533	0.0
4.1602811193091025	0.0
4.170281795076672	0.0
4.180282470844243	0.0
4.1902831466118124	0.0
4.200283822379382	0.0
4.210284498146952	0.0
4.220285173914522	0.0
4.230285849682092	0.0
4.240286525449662	0.0
4.250287201217232	0.0
4.260287876984802	0.0
4.270288552752372	0.0
4.280289228519942	0.0
4.290289904287512	0.0
4.300290580055082	0.0
4.310291255822651	0.0
4.320291931590222	0.0
4.330292607357792	0.0
4.340293283125361	0.0
4.350293958892932	0.0
4.360294634660502	0.0
4.370295310428071	0.0
4.380295986195642	0.0
4.3902966619632116	0.0
4.400297337730781	0.0
4.410298013498352	0.0
4.4202986892659215	0.0
4.430299365033491	0.0
4.440300040801061	0.0
4.4503007165686315	0.0
4.460301392336201	0.0
4.470302068103771	0.0
4.480302743871341	0.0
4.490303419638911	0.0
4.500304095406481	0.0
4.510304771174051	0.0
4.520305446941621	0.0
4.530306122709191	0.0
4.54030679847676	0.0
4.550307474244331	0.0
4.560308150011901	0.0
4.57030882577947	0.0
4.580309501547041	0.0
4.590310177314611	0.0
4.60031085308218	0.0
4.610311528849751	0.0
4.620312204617321	0.0
4.63031288038489	0.0
4.64031355615246	0.0
4.650314231920031	0.0
4.6603149076876	0.0
4.67031558345517	0.0
4.6803162592227405	0.0
4.69031693499031	0.0
4.70031761075788	0.0
4.7103182865254505	0.0
4.72031896229302	0.0
4.73031963806059	0.0
4.7403203138281595	0.0
4.75032098959573	0.0
4.7603216653633	0.0
4.7703223411308695	0.0
4.78032301689844	0.0
4.79032369266601	0.0
4.8003243684335795	0.0
4.81032504420115	0.0
4.82032571996872	0.0
4.830326395736289	0.0
4.84032707150386	0.0
4.85032774727143	0.0
4.860328423038999	0.0
4.870329098806569	0.0
4.88032977457414	0.0
4.890330450341709	0.0
4.900331126109279	0.0
4.91033180187685	0.0
4.920332477644419	0.0
4.930333153411989	0.0
4.9403338291795595	0.0
4.950334504947129	0.0
4.960335180714699	0.0
4.970335856482269	0.0
4.980336532249839	0.0
4.990337208017409	0.0
5.000337883784979	0.0
5.010338559552549	0.0
5.020339235320119	0.0
5.0303399110876885	0.0
5.040340586855259	0.0
5.050341262622829	0.0
5.0603419383903985	0.0
5.070342614157968	0.0
5.080343289925539	0.0
5.090343965693108	0.0
5.100344641460678	0.0
5.110345317228249	0.0
5.120345992995818	0.0
5.130346668763388	0.0
5.140347344530959	0.0
5.150348020298528	0.0
5.160348696066098	0.0
5.170349371833669	0.0
5.180350047601238	0.0
5.190350723368808	0.0
5.200351399136378	0.0
5.210352074903948	0.0
5.220352750671518	0.0
5.230353426439088	0.0
5.240354102206658	0.0
5.250354777974228	0.0
5.260355453741798	0.0
5.270356129509368	0.0
5.280356805276938	0.0
5.2903574810445075	0.0
5.300358156812077	0.0
5.310358832579648	0.0
5.3203595083472175	0.0
5.330360184114787	0.0
5.340360859882358	0.0
5.3503615356499274	0.0
5.360362211417497	0.0
5.370362887185068	0.0
5.380363562952637	0.0
5.390364238720207	0.0
5.400364914487777	0.0
5.410365590255347	0.0
5.420366266022917	0.0
5.430366941790487	0.0
5.440367617558057	0.0
5.450368293325627	0.0
5.460368969093197	0.0
5.470369644860767	0.0
5.480370320628337	0.0
5.490370996395907	0.0
5.500371672163477	0.0
5.510372347931047	0.0
5.520373023698617	0.0
5.530373699466186	0.0
5.540374375233757	0.0
5.5503750510013266	0.0
5.560375726768896	0.0
5.570376402536467	0.0
5.5803770783040365	0.0
5.590377754071606	0.0
5.600378429839177	0.0
5.6103791056067465	0.0
5.620379781374316	0.0
5.630380457141886	0.0
5.640381132909456	0.0
5.650381808677026	0.0
5.660382484444596	0.0
5.670383160212166	0.0
5.680383835979736	0.0
5.690384511747306	0.0
5.700385187514876	0.0
5.710385863282446	0.0
5.720386539050016	0.0
5.730387214817585	0.0
5.740387890585156	0.0
5.750388566352726	0.0
5.760389242120295	0.0
5.770389917887866	0.0
5.780390593655436	0.0
5.790391269423005	0.0
5.800391945190576	0.0
5.810392620958146	0.0
5.820393296725715	0.0
5.830393972493285	0.0
5.8403946482608555	0.0
5.850395324028425	0.0
5.860395999795995	0.0
5.8703966755635655	0.0
5.880397351331135	0.0
5.890398027098705	0.0
5.900398702866275	0.0
5.910399378633845	0.0
5.920400054401415	0.0
5.930400730168985	0.0
5.940401405936555	0.0
5.950402081704125	0.0
5.9604027574716945	0.0
5.970403433239265	0.0
5.980404109006835	0.0
5.990404784774404	0.0
6.000405460541975	0.0
6.010406136309545	0.0
6.020406812077114	0.0
6.030407487844685	0.0
6.040408163612255	0.0
6.050408839379824	0.0
6.060409515147394	0.0
6.070410190914965	0.0
6.080410866682534	0.0
6.090411542450104	0.0
6.1004122182176745	0.0
6.110412893985244	0.0
6.120413569752814	0.0
6.1304142455203845	0.0
6.140414921287954	0.0
6.150415597055524	0.0
6.160416272823094	0.0
6.170416948590664	0.0
6.180417624358234	0.0
6.1904183001258035	0.0
6.200418975893374	0.0
6.210419651660944	0.0
6.2204203274285135	0.0
6.230421003196084	0.0
6.240421678963654	0.0
6.250422354731223	0.0
6.260423030498794	0.0
6.270423706266364	0.0
6.280424382033933	0.0
6.290425057801503	0.0
6.300425733569074	0.0
6.310426409336643	0.0
6.320427085104213	0.0
6.330427760871784	0.0
6.340428436639353	0.0
6.350429112406923	0.0
6.360429788174494	0.0
6.370430463942063	0.0
6.380431139709633	0.0
6.390431815477203	0.0
6.400432491244773	0.0
6.410433167012343	0.0
6.420433842779913	0.0
6.430434518547483	0.0
6.440435194315053	0.0
6.4504358700826225	0.0
6.460436545850193	0.0
6.470437221617763	0.0
6.4804378973853325	0.0
6.490438573152902	0.0
6.500439248920473	0.0
6.5104399246880424	0.0
6.520440600455612	0.0
6.530441276223183	0.0
6.540441951990752	0.0
6.550442627758322	0.0
6.560443303525893	0.0
6.570443979293462	0.0
6.580444655061032	0.0
6.590445330828603	0.0
6.600446006596172	0.0
6.610446682363742	0.0
6.620447358131312	0.0
6.630448033898882	0.0
6.640448709666452	0.0
6.650449385434022	0.0
6.660450061201592	0.0
6.670450736969162	0.0
6.680451412736732	0.0
6.690452088504302	0.0
6.700452764271872	0.0
6.7104534400394416	0.0
6.720454115807011	0.0
6.730454791574582	0.0
6.7404554673421515	0.0
6.750456143109721	0.0
6.760456818877292	0.0
6.7704574946448615	0.0
6.780458170412431	0.0
6.790458846180002	0.0
6.800459521947571	0.0
6.810460197715141	0.0
6.820460873482711	0.0
6.830461549250281	0.0
6.840462225017851	0.0
6.850462900785421	0.0
6.860463576552991	0.0
6.870464252320561	0.0
6.880464928088131	0.0
6.890465603855701	0.0
6.900466279623271	0.0
6.910466955390841	0.0
6.92046763115841	0.0
6.930468306925981	0.0
6.940468982693551	0.0
6.95046965846112	0.0
6.960470334228691	0.0
6.970471009996261	0.0
6.98047168576383	0.0
6.990472361531401	0.0
7.0004730372989705	0.0
7.01047371306654	0.0
7.020474388834111	0.0
7.0304750646016805	0.0
7.04047574036925	0.0
7.05047641613682	0.0
7.06047709190439	0.0
7.07047776767196	0.0
7.08047844343953	0.0
7.0904791192071	0.0
7.10047979497467	0.0
7.11048047074224	0.0
7.12048114650981	0.0
7.13048182227738	0.0
7.14048249804495	0.0
7.150483173812519	0.0
7.16048384958009	0.0
7.17048452534766	0.0
7.180485201115229	0.0
7.1904858768828	0.0
7.20048655265037	0.0
7.210487228417939	0.0
7.22048790418551	0.0
7.23048857995308	0.0
7.240489255720649	0.0
7.250489931488219	0.0
7.2604906072557895	0.0
7.270491283023359	0.0
7.280491958790929	0.0
7.2904926345584995	0.0
7.300493310326069	0.0
7.310493986093639	0.0
7.3204946618612095	0.0
7.330495337628779	0.0
7.340496013396349	0.0
7.350496689163919	0.0
7.360497364931489	0.0
7.370498040699059	0.0
7.3804987164666285	0.0
7.390499392234199	0.0
7.400500068001769	0.0
7.410500743769338	0.0
7.420501419536909	0.0
7.430502095304479	0.0
7.440502771072048	0.0
7.450503446839619	0.0
7.460504122607189	0.0
7.470504798374758	0.0
7.480505474142328	0.0
7.490506149909899	0.0
7.500506825677468	0.0
7.510507501445038	0.0
7.520508177212609	0.0
7.530508852980178	0.0
7.540509528747748	0.0
7.5505102045153185	0.0
7.560510880282888	0.0
7.570511556050458	0.0
7.580512231818028	0.0
7.590512907585598	0.0
7.600513583353168	0.0
7.6105142591207375	0.0
7.620514934888308	0.0
7.630515610655878	0.0
7.6405162864234475	0.0
7.650516962191018	0.0
7.660517637958588	0.0
7.6705183137261574	0.0
7.680518989493727	0.0
7.690519665261298	0.0
7.700520341028867	0.0
7.710521016796437	0.0
7.720521692564008	0.0
7.730522368331577	0.0
7.740523044099147	0.0
7.750523719866718	0.0
7.760524395634287	0.0
7.770525071401857	0.0
7.780525747169428	0.0
7.790526422936997	0.0
7.800527098704567	0.0
7.810527774472137	0.0
7.820528450239707	0.0
7.830529126007277	0.0
7.840529801774847	0.0
7.850530477542417	0.0
7.860531153309987	0.0
7.8705318290775566	0.0
7.880532504845127	0.0
7.890533180612697	0.0
7.9005338563802665	0.0
7.910534532147836	0.0
7.920535207915407	0.0
7.9305358836829765	0.0
7.940536559450546	0.0
7.950537235218117	0.0
7.960537910985686	0.0
7.970538586753256	0.0
7.980539262520827	0.0
7.990539938288396	0.0
8.000540614055966	0.0
8.010541289823536	0.0
8.020541965591105	0.0
8.030542641358677	0.0
8.040543317126247	0.0
8.050543992893816	0.0
8.060544668661386	0.0
8.070545344428956	0.0
8.080546020196525	0.0
8.090546695964095	0.0
8.100547371731667	0.0
8.110548047499236	0.0
8.120548723266806	0.0
8.130549399034376	0.0
8.140550074801945	0.0
8.150550750569515	0.0
8.160551426337086	0.0
8.170552102104656	0.0
8.180552777872226	0.0
8.190553453639795	0.0
8.200554129407365	0.0
8.210554805174935	0.0
8.220555480942505	0.0
8.230556156710076	0.0
8.240556832477646	0.0
8.250557508245215	0.0
8.260558184012785	0.0
8.270558859780355	0.0
8.280559535547924	0.0
8.290560211315494	0.0
8.300560887083066	0.0
8.310561562850635	0.0
8.320562238618205	0.0
8.330562914385775	0.0
8.340563590153344	0.0
8.350564265920914	0.0
8.360564941688486	0.0
8.370565617456055	0.0
8.380566293223625	0.0
8.390566968991195	0.0
8.400567644758764	0.0
8.410568320526334	0.0
8.420568996293904	0.0
8.430569672061475	0.0
8.440570347829045	0.0
8.450571023596614	0.0
8.460571699364184	0.0
8.470572375131754	0.0
8.480573050899324	0.0
8.490573726666895	0.0
8.500574402434465	0.0
8.510575078202034	0.0
8.520575753969604	0.0
8.530576429737174	0.0
8.540577105504743	0.0
8.550577781272313	0.0
8.560578457039885	0.0
8.570579132807454	0.0
8.580579808575024	0.0
8.590580484342594	0.0
8.600581160110163	0.0
8.610581835877733	0.0
8.620582511645303	0.0
8.630583187412874	0.0
8.640583863180444	0.0
8.650584538948014	0.0
8.660585214715583	0.0
8.670585890483153	0.0
8.680586566250723	0.0
8.690587242018294	0.0
8.700587917785864	0.0
8.710588593553434	0.0
8.720589269321003	0.0
8.730589945088573	0.0
8.740590620856143	0.0
8.750591296623712	0.0
8.760591972391284	0.0
8.770592648158853	0.0
8.780593323926423	0.0
8.790593999693993	0.0
8.800594675461562	0.0
8.810595351229132	0.0
8.820596026996704	0.0
8.830596702764273	0.0
8.840597378531843	0.0
8.850598054299413	0.0
8.860598730066982	0.0
8.870599405834552	0.0
8.880600081602122	0.0
8.890600757369693	0.0
8.900601433137263	0.0
8.910602108904833	0.0
8.920602784672402	0.0
8.930603460439972	0.0
8.940604136207542	0.0
8.950604811975111	0.0
8.960605487742683	0.0
8.970606163510253	0.0
8.980606839277822	0.0
8.990607515045392	0.0
9.000608190812962	0.0
9.010608866580531	0.0
9.020609542348103	0.0
9.030610218115672	0.0
9.040610893883242	0.0
9.050611569650812	0.0
9.060612245418382	0.0
9.070612921185951	0.0
9.08061359695352	0.0
9.090614272721092	0.0
9.100614948488662	0.0
9.110615624256232	0.0
9.120616300023801	0.0
9.130616975791371	0.0
9.14061765155894	0.0
9.150618327326512	0.0
9.160619003094082	0.0
9.170619678861652	0.0
9.180620354629221	0.0
9.190621030396791	0.0
9.20062170616436	0.0
9.21062238193193	0.0
9.220623057699502	0.0
9.230623733467072	0.0
9.240624409234641	0.0
9.250625085002211	0.0
9.26062576076978	0.0
9.27062643653735	0.0
9.28062711230492	0.0
9.290627788072491	0.0
9.300628463840061	0.0
9.31062913960763	0.0
9.3206298153752	0.0
9.33063049114277	0.0
9.34063116691034	0.0
9.350631842677911	0.0
9.360632518445481	0.0
9.37063319421305	0.0
9.38063386998062	0.0
9.39063454574819	0.0
9.40063522151576	0.0
9.41063589728333	0.0
9.420636573050901	0.0
9.43063724881847	0.0
9.44063792458604	0.0
9.45063860035361	0.0
9.46063927612118	0.0
9.47063995188875	0.0
9.480640627656319	0.0
9.49064130342389	0.0
9.50064197919146	0.0
9.51064265495903	0.0
9.5206433307266	0.0
9.53064400649417	0.0
9.540644682261739	0.0
9.55064535802931	0.0
9.56064603379688	0.0
9.57064670956445	0.0
9.58064738533202	0.0
9.59064806109959	0.0
9.600648736867159	0.0
9.610649412634729	0.0
9.6206500884023	0.0
9.63065076416987	0.0
9.64065143993744	0.0
9.65065211570501	0.0
9.660652791472579	0.0
9.670653467240149	0.0
9.68065414300772	0.0
9.69065481877529	0.0
9.70065549454286	0.0
9.710656170310429	0.0
9.720656846077999	0.0
9.730657521845568	0.0
9.740658197613138	0.0
9.75065887338071	0.0
9.76065954914828	0.0
9.770660224915849	0.0
9.780660900683419	0.0
9.790661576450988	0.0
9.800662252218558	0.0
9.810662927986128	0.0
9.8206636037537	0.0
9.830664279521269	0.0
9.840664955288839	0.0
9.850665631056408	0.0
9.860666306823978	0.0
9.870666982591548	0.0
9.880667658359119	0.0
9.890668334126689	0.0
9.900669009894258	0.0
9.910669685661828	0.0
9.920670361429398	0.0
9.930671037196968	0.0
9.940671712964537	0.0
9.950672388732109	248.0
9.960673064499678	248.0
9.970673740267248	248.0
9.980674416034818	248.0
9.990675091802387	248.0
10.000675767569957	248.0
10.010676443337529	248.0
10.020677119105098	245.0
10.030677794872668	245.0
10.040678470640238	245.0
10.050679146407807	245.0
10.060679822175377	245.0
10.070680497942947	245.0
10.080681173710518	245.0
10.090681849478088	242.0
10.100682525245658	234.0
10.110683201013227	223.0
10.120683876780797	220.0
10.130684552548367	220.0
10.140685228315936	218.0
10.150685904083508	218.0
10.160686579851077	220.0
10.170687255618647	226.0
10.180687931386217	242.0
10.190688607153787	236.0
10.200689282921356	239.0
10.210689958688928	239.0
10.220690634456497	239.0
10.230691310224067	239.0
10.240691985991637	236.0
10.250692661759206	236.0
10.260693337526776	236.0
10.270694013294346	236.0
10.280694689061917	236.0
10.290695364829487	239.0
10.300696040597057	239.0
10.310696716364626	242.0
10.320697392132196	245.0
10.330698067899766	248.0
10.340698743667337	248.0
10.350699419434907	248.0
10.360700095202477	248.0
10.370700770970046	245.0
10.380701446737616	245.0
10.390702122505186	242.0
10.400702798272755	234.0
10.410703474040327	231.0
10.420704149807896	223.0
10.430704825575466	218.0
10.440705501343036	215.0
10.450706177110606	213.0
10.460706852878175	208.0
10.470707528645745	206.0
10.480708204413316	206.0
10.490708880180886	208.0
10.500709555948456	208.0
10.510710231716025	210.0
10.520710907483595	210.0
10.530711583251165	213.0
10.540712259018736	213.0
10.550712934786306	215.0
10.560713610553876	218.0
10.570714286321445	220.0
10.580714962089015	220.0
10.590715637856585	220.0
10.600716313624154	220.0
10.610716989391726	220.0
10.620717665159296	220.0
10.630718340926865	218.0
10.640719016694435	218.0
10.650719692462005	215.0
10.660720368229574	206.0
10.670721043997146	218.0
10.680721719764716	218.0
10.690722395532285	218.0
10.700723071299855	218.0
10.710723747067425	218.0
10.720724422834994	218.0
10.730725098602564	215.0
10.740725774370135	215.0
10.750726450137705	215.0
10.760727125905275	215.0
10.770727801672844	215.0
10.780728477440414	218.0
10.790729153207984	218.0
10.800729828975554	218.0
10.810730504743125	0.0
10.820731180510695	0.0
10.830731856278264	0.0
10.840732532045834	0.0
10.850733207813404	213.0
10.860733883580973	213.0
10.870734559348545	213.0
10.880735235116115	213.0
10.890735910883684	213.0
10.900736586651254	213.0
10.910737262418824	213.0
10.920737938186393	213.0
10.930738613953963	213.0
10.940739289721535	213.0
10.950739965489104	213.0
10.960740641256674	215.0
10.970741317024244	215.0
10.980741992791813	215.0
10.990742668559383	215.0
11.000743344326954	215.0
11.010744020094524	215.0
11.020744695862094	215.0
11.030745371629664	215.0
11.040746047397233	215.0
11.050746723164803	213.0
11.060747398932373	213.0
11.070748074699944	213.0
11.080748750467514	213.0
11.090749426235083	213.0
11.100750102002653	213.0
11.110750777770223	213.0
11.120751453537792	215.0
11.130752129305362	215.0
11.140752805072934	218.0
11.150753480840503	215.0
11.160754156608073	213.0
11.170754832375643	213.0
11.180755508143212	213.0
11.190756183910782	213.0
11.200756859678354	215.0
11.210757535445923	215.0
11.220758211213493	213.0
11.230758886981063	213.0
11.240759562748632	210.0
11.250760238516202	210.0
11.260760914283772	210.0
11.270761590051343	210.0
11.280762265818913	213.0
11.290762941586483	213.0
11.300763617354052	215.0
11.310764293121622	218.0
11.320764968889192	218.0
11.330765644656761	218.0
11.340766320424333	218.0
11.350766996191902	215.0
11.360767671959472	215.0
11.370768347727042	215.0
11.380769023494612	213.0
11.390769699262181	213.0
11.400770375029753	213.0
11.410771050797322	210.0
11.420771726564892	210.0
11.430772402332462	210.0
11.440773078100031	210.0
11.450773753867601	210.0
11.46077442963517	213.0
11.470775105402742	213.0
11.480775781170312	215.0
11.490776456937882	0.0
11.500777132705451	0.0
11.510777808473021	0.0
11.52077848424059	218.0
11.530779160008162	218.0
11.540779835775732	215.0
11.550780511543302	213.0
11.560781187310871	213.0
11.570781863078441	210.0
11.58078253884601	210.0
11.59078321461358	210.0
11.600783890381152	210.0
11.610784566148721	213.0
11.620785241916291	213.0
11.63078591768386	213.0
11.64078659345143	215.0
11.650787269219	215.0
11.66078794498657	0.0
11.670788620754141	0.0
11.680789296521711	215.0
11.69078997228928	215.0
11.70079064805685	215.0
11.71079132382442	215.0
11.72079199959199	215.0
11.730792675359561	213.0
11.740793351127131	213.0
11.7507940268947	213.0
11.76079470266227	213.0
11.77079537842984	213.0
11.78079605419741	213.0
11.79079672996498	213.0
11.80079740573255	213.0
11.81079808150012	215.0
11.82079875726769	215.0
11.83079943303526	218.0
11.84080010880283	218.0
11.8508007845704	218.0
11.86080146033797	218.0
11.87080213610554	218.0
11.88080281187311	218.0
11.89080348764068	215.0
11.90080416340825	215.0
11.91080483917582	213.0
11.920805514943389	0.0
11.93080619071096	0.0
11.94080686647853	0.0
11.9508075422461	0.0
11.96080821801367	0.0
11.97080889378124	0.0
11.980809569548809	0.0
11.990810245316379	0.0
12.00081092108395	0.0
12.01081159685152	0.0
12.02081227261909	0.0
12.030812948386659	0.0
12.040813624154229	0.0
12.050814299921798	0.0
12.06081497568937	0.0
12.07081565145694	0.0
12.08081632722451	0.0
12.090817002992079	0.0
12.100817678759649	0.0
12.110818354527218	0.0
12.120819030294788	0.0
12.13081970606236	0.0
12.14082038182993	0.0
12.150821057597499	0.0
12.160821733365069	0.0
12.170822409132638	0.0
12.180823084900208	0.0
12.19082376066778	0.0
12.200824436435349	0.0
12.210825112202919	0.0
12.220825787970488	0.0
12.230826463738058	0.0
12.240827139505628	0.0
12.250827815273198	0.0
12.260828491040769	0.0
12.270829166808339	0.0
12.280829842575908	0.0
12.290830518343478	0.0
12.300831194111048	0.0
12.310831869878617	0.0
12.320832545646187	0.0
12.330833221413759	0.0
12.340833897181328	0.0
12.350834572948898	0.0
12.360835248716468	0.0
12.370835924484037	0.0
12.380836600251607	0.0
12.390837276019179	0.0
12.400837951786748	0.0
12.410838627554318	0.0
12.420839303321888	0.0
12.430839979089457	0.0
12.440840654857027	0.0
12.450841330624597	0.0
12.460842006392168	0.0
12.470842682159738	0.0
12.480843357927307	0.0
12.490844033694877	0.0
12.500844709462447	0.0
12.510845385230017	0.0
12.520846060997588	0.0
12.530846736765158	0.0
12.540847412532727	0.0
12.550848088300297	0.0
12.560848764067867	0.0
12.570849439835436	0.0
12.580850115603006	0.0
12.590850791370578	0.0
12.600851467138147	0.0
12.610852142905717	0.0
12.620852818673287	0.0
12.630853494440856	0.0
12.640854170208426	0.0
12.650854845975996	0.0
12.660855521743567	0.0
12.670856197511137	0.0
12.680856873278707	0.0
12.690857549046276	0.0
12.700858224813846	0.0
12.710858900581416	0.0
12.720859576348987	0.0
12.730860252116557	0.0
12.740860927884126	0.0
12.750861603651696	0.0
12.760862279419266	0.0
12.770862955186836	0.0
12.780863630954405	0.0
12.790864306721977	0.0
12.800864982489546	0.0
12.810865658257116	0.0
12.820866334024686	0.0
12.830867009792255	0.0
12.840867685559825	0.0
12.850868361327397	0.0
12.860869037094966	0.0
12.870869712862536	0.0
12.880870388630106	0.0
12.890871064397675	0.0
12.900871740165245	0.0
12.910872415932815	0.0
12.920873091700386	0.0
12.930873767467956	0.0
12.940874443235526	0.0
12.950875119003095	0.0
12.960875794770665	0.0
12.970876470538235	0.0
12.980877146305804	0.0
12.990877822073376	0.0
13.000878497840946	0.0
13.010879173608515	0.0
13.020879849376085	0.0
13.030880525143655	0.0
13.040881200911224	0.0
13.050881876678796	0.0
13.060882552446365	0.0
13.070883228213935	0.0
13.080883903981505	0.0
13.090884579749074	0.0
13.100885255516644	0.0
13.110885931284214	0.0
13.120886607051785	0.0
13.130887282819355	0.0
13.140887958586925	0.0
13.150888634354494	0.0
13.160889310122064	0.0
13.170889985889634	0.0
13.180890661657205	0.0
13.190891337424775	0.0
13.200892013192345	0.0
13.210892688959914	0.0
13.220893364727484	0.0
13.230894040495054	0.0
13.240894716262623	0.0
13.250895392030195	0.0
13.260896067797765	0.0
13.270896743565334	0.0
13.280897419332904	0.0
13.290898095100474	0.0
13.300898770868043	0.0
13.310899446635613	0.0
13.320900122403184	0.0
13.330900798170754	0.0
13.340901473938324	0.0
13.350902149705894	0.0
13.360902825473463	0.0
13.370903501241033	0.0
13.380904177008604	0.0
13.390904852776174	0.0
13.400905528543744	0.0
13.410906204311313	0.0
13.420906880078883	0.0
13.430907555846453	0.0
13.440908231614022	0.0
13.450908907381594	0.0
13.460909583149164	0.0
13.470910258916733	0.0
13.480910934684303	0.0
13.490911610451873	0.0
13.500912286219442	0.0
13.510912961987012	0.0
13.520913637754584	0.0
13.530914313522153	0.0
13.540914989289723	0.0
13.550915665057293	0.0
13.560916340824862	0.0
13.570917016592432	0.0
13.580917692360003	0.0
13.590918368127573	0.0
13.600919043895143	0.0
13.610919719662713	0.0
13.620920395430282	0.0
13.630921071197852	0.0
13.640921746965422	0.0
13.650922422732993	0.0
13.660923098500563	0.0
13.670923774268132	0.0
13.680924450035702	0.0
13.690925125803272	0.0
13.700925801570842	0.0
13.710926477338413	0.0
13.720927153105983	0.0
13.730927828873552	0.0
13.740928504641122	0.0
13.750929180408692	0.0
13.760929856176261	0.0
13.770930531943831	0.0
13.780931207711403	0.0
13.790931883478972	0.0
13.800932559246542	0.0
13.810933235014112	0.0
13.820933910781681	0.0
13.830934586549251	0.0
13.84093526231682	0.0
13.850935938084392	0.0
13.860936613851962	0.0
13.870937289619532	0.0
13.880937965387101	0.0
13.890938641154671	0.0
13.90093931692224	0.0
13.910939992689812	0.0
13.920940668457382	0.0
13.930941344224951	0.0
13.940942019992521	0.0
13.95094269576009	0.0
13.96094337152766	0.0
13.97094404729523	0.0
13.980944723062802	0.0
13.990945398830371	0.0
14.000946074597941	0.0
14.01094675036551	0.0
14.02094742613308	0.0
14.03094810190065	0.0
14.040948777668222	0.0
14.050949453435791	0.0
14.060950129203361	0.0
14.07095080497093	0.0
14.0809514807385	210.0
14.09095215650607	213.0
14.10095283227364	213.0
14.110953508041211	215.0
14.12095418380878	215.0
14.13095485957635	215.0
14.14095553534392	218.0
14.15095621111149	215.0
14.16095688687906	215.0
14.17095756264663	215.0
14.1809582384142	215.0
14.19095891418177	215.0
14.20095958994934	215.0
14.21096026571691	215.0
14.22096094148448	215.0
14.23096161725205	215.0
14.24096229301962	215.0
14.25096296878719	215.0
14.26096364455476	215.0
14.27096432032233	215.0
14.2809649960899	215.0
14.29096567185747	218.0
14.300966347625039	220.0
14.31096702339261	220.0
14.32096769916018	218.0
14.33096837492775	218.0
14.34096905069532	218.0
14.350969726462889	215.0
14.360970402230459	215.0
14.37097107799803	213.0
14.3809717537656	213.0
14.39097242953317	210.0
14.40097310530074	208.0
14.410973781068309	208.0
14.420974456835879	206.0
14.430975132603448	208.0
14.44097580837102	208.0
14.45097648413859	213.0
14.46097715990616	215.0
14.470977835673729	218.0
14.480978511441299	226.0
14.490979187208868	234.0
14.500979862976438	245.0
14.51098053874401	265.0
14.520981214511579	278.0
14.530981890279149	291.0
14.540982566046718	291.0
14.550983241814288	291.0
14.560983917581858	288.0
14.57098459334943	278.0
14.580985269116999	268.0
14.590985944884569	262.0
14.600986620652138	256.0
14.610987296419708	250.0
14.620987972187278	245.0
14.630988647954847	239.0
14.640989323722419	239.0
14.650989999489989	239.0
14.660990675257558	242.0
14.670991351025128	245.0
14.680992026792698	245.0
14.690992702560267	248.0
14.700993378327839	248.0
14.710994054095409	248.0
14.720994729862978	245.0
14.730995405630548	239.0
14.740996081398118	234.0
14.750996757165687	228.0
14.760997432933257	223.0
14.770998108700828	215.0
14.780998784468398	208.0
14.790999460235968	203.0
14.801000136003537	201.0
14.811000811771107	203.0
14.821001487538677	213.0
14.831002163306247	218.0
14.841002839073818	220.0
14.851003514841388	215.0
14.861004190608957	208.0
14.871004866376527	203.0
14.881005542144097	199.0
14.891006217911666	192.0
14.901006893679238	185.0
14.911007569446808	181.0
14.921008245214377	175.0
14.931008920981947	173.0
14.941009596749517	173.0
14.951010272517086	175.0
14.961010948284656	177.0
14.971011624052228	179.0
14.981012299819797	183.0
14.991012975587367	185.0
15.001013651354937	187.0
15.011014327122506	187.0
15.021015002890076	187.0
15.031015678657647	185.0
15.041016354425217	181.0
15.051017030192787	177.0
15.061017705960356	175.0
15.071018381727926	173.0
15.081019057495496	173.0
15.091019733263066	173.0
15.101020409030637	173.0
15.111021084798207	173.0
15.121021760565776	175.0
15.131022436333346	177.0
15.141023112100916	179.0
15.151023787868485	183.0
15.161024463636055	185.0
15.171025139403627	187.0
15.181025815171196	190.0
15.191026490938766	190.0
15.201027166706336	187.0
15.211027842473905	187.0
15.221028518241475	187.0
15.231029194009047	185.0
15.241029869776616	185.0
15.251030545544186	183.0
15.261031221311756	185.0
15.271031897079325	187.0
15.281032572846895	190.0
15.291033248614465	192.0
15.301033924382036	192.0
15.311034600149606	192.0
15.321035275917176	190.0
15.331035951684745	185.0
15.341036627452315	181.0
15.351037303219885	179.0
15.361037978987454	167.0
15.371038654755026	163.0
15.381039330522595	161.0
15.391040006290165	158.0
15.401040682057735	158.0
15.411041357825304	156.0
15.421042033592874	154.0
15.431042709360446	154.0
15.441043385128015	158.0
15.451044060895585	159.0
15.461044736663155	163.0
15.471045412430724	167.0
15.481046088198294	171.0
15.491046763965864	175.0
15.501047439733435	177.0
15.511048115501005	177.0
15.521048791268575	177.0
15.531049467036144	177.0
15.541050142803714	179.0
15.551050818571284	179.0
15.561051494338855	177.0
15.571052170106425	175.0
15.581052845873995	175.0
15.591053521641564	173.0
15.601054197409134	175.0
15.611054873176704	175.0
15.621055548944273	175.0
15.631056224711845	177.0
15.641056900479414	177.0
15.651057576246984	179.0
15.661058252014554	181.0
15.671058927782124	181.0
15.681059603549693	181.0
15.691060279317263	181.0
15.701060955084834	179.0
15.711061630852404	177.0
15.721062306619974	175.0
15.731062982387543	173.0
15.741063658155113	173.0
15.751064333922683	171.0
15.761065009690254	171.0
15.771065685457824	171.0
15.781066361225394	169.0
15.791067036992963	171.0
15.801067712760533	173.0
15.811068388528103	175.0
15.821069064295672	179.0
15.831069740063244	181.0
15.841070415830814	183.0
15.851071091598383	183.0
15.861071767365953	183.0
15.871072443133523	181.0
15.881073118901092	177.0
15.891073794668664	171.0
15.901074470436233	165.0
15.911075146203803	154.0
15.921075821971373	132.0
15.931076497738943	132.0
15.941077173506512	0.0
15.951077849274082	0.0
15.961078525041653	0.0
15.971079200809223	0.0
15.981079876576793	0.0
15.991080552344362	0.0
16.001081228111932	0.0
16.011081903879504	0.0
16.02108257964707	0.0
16.031083255414643	0.0
16.04108393118221	0.0
16.051084606949782	0.0
16.061085282717354	0.0
16.07108595848492	0.0
16.081086634252493	0.0
16.09108731002006	0.0
16.101087985787633	0.0
16.1110886615552	0.0
16.121089337322772	0.0
16.131090013090343	0.0
16.14109068885791	0.0
16.151091364625483	0.0
16.16109204039305	0.0
16.171092716160622	0.0
16.18109339192819	0.0
16.19109406769576	0.0
16.201094743463333	0.0
16.2110954192309	0.0
16.221096094998472	0.0
16.23109677076604	0.0
16.24109744653361	0.0
16.25109812230118	0.0
16.26109879806875	0.0
16.271099473836323	0.0
16.28110014960389	0.0
16.291100825371462	0.0
16.30110150113903	0.0
16.3111021769066	0.0
16.321102852674173	0.0
16.33110352844174	0.0
16.341104204209312	0.0
16.35110487997688	0.0
16.36110555574445	0.0
16.37110623151202	0.0
16.38110690727959	0.0
16.391107583047162	0.0
16.40110825881473	0.0
16.411108934582302	0.0
16.42110961034987	0.0
16.43111028611744	0.0
16.44111096188501	0.0
16.45111163765258	0.0
16.461112313420152	0.0
16.47111298918772	0.0
16.48111366495529	0.0
16.49111434072286	0.0
16.50111501649043	0.0
16.511115692258	0.0
16.52111636802557	0.0
16.53111704379314	0.0
16.54111771956071	0.0
16.55111839532828	0.0
16.56111907109585	0.0
16.57111974686342	0.0
16.58112042263099	0.0
16.59112109839856	0.0
16.60112177416613	0.0
16.6111224499337	0.0
16.62112312570127	0.0
16.63112380146884	0.0
16.64112447723641	0.0
16.65112515300398	0.0
16.66112582877155	0.0
16.67112650453912	0.0
16.68112718030669	0.0
16.69112785607426	0.0
16.701128531841828	0.0
16.7111292076094	0.0
16.72112988337697	0.0
16.73113055914454	0.0
16.74113123491211	0.0
16.75113191067968	0.0
16.76113258644725	0.0
16.771133262214818	0.0
16.78113393798239	0.0
16.79113461374996	0.0
16.80113528951753	0.0
16.8111359652851	0.0
16.821136641052668	0.0
16.83113731682024	0.0
16.841137992587807	0.0
16.85113866835538	0.0
16.86113934412295	0.0
16.871140019890518	0.0
16.88114069565809	0.0
16.891141371425658	0.0
16.90114204719323	0.0
16.911142722960797	0.0
16.92114339872837	0.0
16.93114407449594	0.0
16.941144750263508	0.0
16.95114542603108	0.0
16.961146101798647	0.0
16.97114677756622	0.0
16.98114745333379	0.0
16.991148129101358	0.0
17.00114880486893	0.0
17.011149480636497	0.0
17.02115015640407	0.0
17.031150832171637	0.0
17.041151507939208	0.0
17.05115218370678	0.0
17.061152859474348	0.0
17.07115353524192	0.0
17.081154211009487	0.0
17.09115488677706	0.0
17.101155562544626	0.0
17.111156238312198	0.0
17.12115691407977	0.0
17.131157589847337	0.0
17.14115826561491	0.0
17.151158941382477	0.0
17.161159617150048	0.0
17.171160292917616	0.0
17.181160968685187	0.0
17.19116164445276	0.0
17.201162320220327	0.0
17.2111629959879	0.0
17.221163671755466	0.0
17.231164347523038	0.0
17.241165023290606	0.0
17.251165699058177	0.0
17.26116637482575	0.0
17.271167050593316	0.0
17.281167726360888	0.0
17.291168402128456	0.0
17.301169077896027	0.0
17.3111697536636	0.0
17.321170429431167	0.0
17.331171105198738	0.0
17.341171780966306	0.0
17.351172456733877	0.0
17.361173132501445	0.0
17.371173808269017	0.0
17.38117448403659	0.0
17.391175159804156	0.0
17.401175835571728	0.0
17.411176511339296	0.0
17.421177187106867	0.0
17.431177862874435	0.0
17.441178538642006	0.0
17.451179214409578	0.0
17.461179890177146	0.0
17.471180565944717	0.0
17.481181241712285	0.0
17.491181917479857	0.0
17.501182593247425	0.0
17.511183269014996	0.0
17.521183944782567	0.0
17.531184620550135	0.0
17.541185296317707	0.0
17.551185972085275	0.0
17.561186647852846	0.0
17.571187323620414	0.0
17.581187999387986	0.0
17.591188675155557	0.0
17.601189350923125	0.0
17.611190026690696	0.0
17.621190702458264	0.0
17.631191378225836	0.0
17.641192053993407	0.0
17.651192729760975	0.0
17.661193405528547	0.0
17.671194081296115	0.0
17.681194757063686	0.0
17.691195432831254	0.0
17.701196108598825	0.0
17.711196784366397	0.0
17.721197460133965	0.0
17.731198135901536	0.0
17.741198811669104	0.0
17.751199487436676	0.0
17.761200163204244	0.0
17.771200838971815	0.0
17.781201514739386	0.0
17.791202190506954	0.0
17.801202866274526	0.0
17.811203542042094	0.0
17.821204217809665	0.0
17.831204893577233	0.0
17.841205569344805	0.0
17.851206245112376	0.0
17.861206920879944	0.0
17.871207596647515	0.0
17.881208272415083	0.0
17.891208948182655	0.0
17.901209623950223	0.0
17.911210299717794	0.0
17.921210975485366	0.0
17.931211651252934	0.0
17.941212327020505	0.0
17.951213002788073	0.0
17.961213678555644	0.0
17.971214354323216	0.0
17.981215030090784	0.0
17.991215705858355	0.0
18.001216381625923	0.0
18.011217057393495	0.0
18.021217733161063	0.0
18.031218408928634	0.0
18.041219084696205	0.0
18.051219760463773	0.0
18.061220436231345	0.0
18.071221111998913	0.0
18.081221787766484	0.0
18.091222463534052	0.0
18.101223139301624	0.0
18.111223815069195	0.0
18.121224490836763	0.0
18.131225166604334	0.0
18.141225842371902	0.0
18.151226518139474	0.0
18.16122719390704	0.0
18.171227869674613	0.0
18.181228545442185	0.0
18.191229221209753	0.0
18.201229896977324	0.0
18.211230572744892	0.0
18.221231248512463	0.0
18.23123192428003	0.0
18.241232600047603	0.0
18.251233275815174	0.0
18.261233951582742	0.0
18.271234627350314	0.0
18.28123530311788	0.0
18.291235978885453	0.0
18.301236654653025	0.0
18.311237330420592	0.0
18.321238006188164	0.0
18.331238681955732	0.0
18.341239357723303	0.0
18.35124003349087	0.0
18.361240709258443	0.0
18.371241385026014	0.0
18.381242060793582	0.0
18.391242736561153	0.0
18.40124341232872	0.0
18.411244088096293	0.0
18.42124476386386	0.0
18.431245439631432	0.0
18.441246115399004	0.0
18.45124679116657	0.0
18.461247466934143	0.0
18.47124814270171	0.0
18.481248818469282	0.0
18.49124949423685	0.0
18.501250170004422	0.0
18.511250845771993	0.0
18.52125152153956	0.0
18.531252197307133	0.0
18.5412528730747	0.0
18.551253548842272	0.0
18.56125422460984	0.0
18.57125490037741	0.0
18.581255576144983	0.0
18.59125625191255	0.0
18.601256927680122	0.0
18.61125760344769	0.0
18.62125827921526	0.0
18.63125895498283	0.0
18.6412596307504	0.0
18.651260306517973	0.0
18.66126098228554	0.0
18.671261658053112	0.0
18.68126233382068	0.0
18.69126300958825	0.0
18.701263685355823	0.0
18.71126436112339	0.0
18.721265036890962	0.0
18.73126571265853	0.0
18.7412663884261	0.0
18.75126706419367	0.0
18.76126773996124	0.0
18.771268415728812	0.0
18.78126909149638	0.0
18.79126976726395	0.0
18.80127044303152	0.0
18.81127111879909	0.0
18.82127179456666	0.0
18.83127247033423	0.0
18.841273146101802	0.0
18.85127382186937	0.0
18.86127449763694	0.0
18.87127517340451	0.0
18.88127584917208	0.0
18.89127652493965	0.0
18.90127720070722	0.0
18.91127787647479	0.0
18.92127855224236	0.0
18.93127922800993	0.0
18.9412799037775	0.0
18.95128057954507	0.0
18.961281255312638	0.0
18.97128193108021	0.0
18.98128260684778	0.0
18.99128328261535	0.0
19.00128395838292	0.0
19.01128463415049	0.0
19.02128530991806	0.0
19.03128598568563	0.0
19.0412866614532	0.0
19.05128733722077	0.0
19.06128801298834	0.0
19.07128868875591	0.0
19.081289364523478	0.0
19.09129004029105	0.0
19.10129071605862	0.0
19.11129139182619	0.0
19.12129206759376	0.0
19.13129274336133	0.0
19.1412934191289	0.0
19.151294094896468	0.0
19.16129477066404	220.0
19.17129544643161	0.0
19.18129612219918	0.0
19.19129679796675	0.0
19.201297473734318	0.0
19.21129814950189	0.0
19.221298825269457	0.0
19.23129950103703	0.0
19.2413001768046	0.0
19.251300852572168	0.0
19.26130152833974	0.0
19.271302204107307	0.0
19.28130287987488	0.0
19.291303555642447	0.0
19.30130423141002	0.0
19.31130490717759	0.0
19.321305582945158	0.0
19.33130625871273	0.0
19.341306934480297	0.0
19.35130761024787	0.0
19.36130828601544	0.0
19.371308961783008	0.0
19.38130963755058	0.0
19.391310313318147	0.0
19.40131098908572	0.0
19.411311664853287	0.0
19.421312340620858	0.0
19.43131301638843	0.0
19.441313692155997	0.0
19.45131436792357	0.0
19.461315043691137	0.0
19.47131571945871	0.0
19.481316395226276	0.0
19.491317070993848	0.0
19.50131774676142	0.0
19.511318422528987	0.0
19.52131909829656	0.0
19.531319774064126	0.0
19.541320449831698	0.0
19.551321125599266	0.0
19.561321801366837	0.0
19.57132247713441	284.0
19.581323152901977	284.0
19.591323828669548	284.0
19.601324504437116	281.0
19.611325180204688	275.0
19.621325855972255	272.0
19.631326531739827	262.0
19.6413272075074	0.0
19.651327883274966	0.0
19.661328559042538	245.0
19.671329234810106	242.0
19.681329910577677	239.0
19.69133058634525	236.0
19.701331262112816	236.0
19.711331937880388	236.0
19.721332613647956	239.0
19.731333289415527	239.0
19.741333965183095	239.0
19.751334640950667	239.0
19.761335316718238	239.0
19.771335992485806	242.0
19.781336668253378	242.0
19.791337344020945	245.0
19.801338019788517	248.0
19.811338695556085	253.0
19.821339371323656	256.0
19.831340047091228	259.0
19.841340722858796	262.0
19.851341398626367	262.0
19.861342074393935	265.0
19.871342750161507	265.0
19.881343425929074	262.0
19.891344101696646	256.0
19.901344777464217	0.0
19.911345453231785	0.0
19.921346128999357	0.0
19.931346804766925	213.0
19.941347480534496	213.0
19.951348156302064	210.0
19.961348832069636	210.0
19.971349507837207	210.0
19.981350183604775	213.0
19.991350859372346	213.0
20.001351535139914	215.0
20.011352210907486	218.0
20.021352886675057	218.0
20.031353562442625	218.0
20.041354238210197	220.0
20.051354913977764	220.0
20.061355589745336	215.0
20.071356265512904	210.0
20.081356941280475	206.0
20.091357617048047	203.0
20.101358292815615	201.0
20.111358968583186	201.0
20.121359644350754	199.0
20.131360320118326	203.0
20.141360995885893	208.0
20.151361671653465	213.0
20.161362347421036	220.0
20.171363023188604	226.0
20.181363698956176	234.0
20.191364374723744	248.0
20.201365050491315	250.0
20.211365726258883	250.0
20.221366402026455	253.0
20.231367077794026	253.0
20.241367753561594	253.0
20.251368429329165	253.0
20.261369105096733	253.0
20.271369780864305	253.0
20.281370456631873	250.0
20.291371132399444	242.0
20.301371808167016	239.0
20.311372483934583	239.0
20.321373159702155	239.0
20.331373835469723	239.0
20.341374511237294	239.0
20.351375187004866	239.0
20.361375862772434	242.0
20.371376538540005	242.0
20.381377214307573	242.0
20.391377890075145	245.0
20.401378565842712	250.0
20.411379241610284	256.0
20.421379917377855	265.0
20.431380593145423	0.0
20.441381268912995	0.0
20.451381944680563	0.0
20.461382620448134	0.0
20.471383296215702	0.0
20.481383971983274	0.0
20.491384647750845	0.0
20.501385323518413	0.0
20.511385999285984	0.0
20.521386675053552	0.0
20.531387350821124	0.0
20.54138802658869	0.0
20.551388702356263	0.0
20.561389378123835	0.0
20.571390053891403	0.0
20.581390729658974	0.0
20.591391405426542	0.0
20.601392081194113	0.0
20.61139275696168	0.0
20.621393432729253	0.0
20.631394108496824	0.0
20.641394784264392	0.0
20.651395460031964	0.0
20.66139613579953	0.0
20.671396811567103	0.0
20.681397487334674	0.0
20.691398163102242	0.0
20.701398838869814	0.0
20.71139951463738	0.0
20.721400190404953	0.0
20.73140086617252	0.0
20.741401541940093	0.0
20.751402217707664	0.0
20.761402893475232	0.0
20.771403569242803	0.0
20.78140424501037	0.0
20.791404920777943	0.0
20.80140559654551	0.0
20.811406272313082	0.0
20.821406948080654	0.0
20.83140762384822	0.0
20.841408299615793	0.0
20.85140897538336	0.0
20.861409651150932	0.0
20.8714103269185	0.0
20.88141100268607	0.0
20.891411678453643	0.0
20.90141235422121	0.0
20.911413029988783	0.0
20.92141370575635	0.0
20.931414381523922	0.0
20.94141505729149	0.0
20.95141573305906	0.0
20.961416408826633	0.0
20.9714170845942	0.0
20.981417760361772	0.0
20.99141843612934	0.0
21.00141911189691	0.0
21.011419787664483	0.0
21.02142046343205	0.0
21.031421139199622	0.0
21.04142181496719	0.0
21.051422490734762	0.0
21.06142316650233	0.0
21.0714238422699	0.0
21.081424518037473	0.0
21.09142519380504	0.0
21.101425869572612	0.0
21.11142654534018	490.0
21.12142722110775	490.0
21.13142789687532	490.0
21.14142857264289	0.0
21.151429248410462	0.0
21.16142992417803	0.0
21.1714305999456	0.0
21.18143127571317	0.0
21.19143195148074	0.0
21.20143262724831	0.0
21.21143330301588	0.0
21.221433978783452	0.0
21.23143465455102	0.0
21.24143533031859	0.0
21.25143600608616	0.0
21.26143668185373	0.0
21.2714373576213	0.0
21.28143803338887	0.0
21.29143870915644	0.0
21.30143938492401	0.0
21.31144006069158	0.0
21.32144073645915	0.0
21.33144141222672	0.0
21.34144208799429	0.0
21.35144276376186	0.0
21.36144343952943	0.0
21.371444115297	0.0
21.38144479106457	0.0
21.39144546683214	0.0
21.40144614259971	0.0
21.41144681836728	0.0
21.42144749413485	0.0
21.43144816990242	0.0
21.44144884566999	0.0
21.45144952143756	0.0
21.461450197205128	0.0
21.4714508729727	0.0
21.48145154874027	0.0
21.49145222450784	0.0
21.50145290027541	0.0
21.511453576042978	0.0
21.52145425181055	0.0
21.531454927578118	0.0
21.54145560334569	0.0
21.55145627911326	0.0
21.56145695488083	0.0
21.5714576306484	0.0
21.581458306415968	0.0
21.59145898218354	0.0
21.601459657951107	0.0
21.61146033371868	0.0
21.62146100948625	0.0
21.631461685253818	0.0
21.64146236102139	0.0
21.651463036788957	0.0
21.66146371255653	0.0
21.6714643883241	0.0
21.681465064091668	0.0
21.69146573985924	0.0
21.701466415626808	0.0
21.71146709139438	0.0
21.721467767161947	0.0
21.73146844292952	0.0
21.74146911869709	0.0
21.751469794464658	0.0
21.76147047023223	220.0
21.771471145999797	220.0
21.78147182176737	218.0
21.791472497534937	215.0
21.801473173302508	213.0
21.81147384907008	210.0
21.821474524837647	210.0
21.83147520060522	210.0
21.841475876372787	213.0
21.851476552140358	213.0
21.861477227907926	215.0
21.871477903675498	215.0
21.88147857944307	213.0
21.891479255210637	213.0
21.90147993097821	213.0
21.911480606745776	213.0
21.921481282513348	210.0
21.931481958280916	210.0
21.941482634048487	210.0
21.95148330981606	213.0
21.961483985583627	213.0
21.971484661351198	215.0
21.981485337118766	215.0
21.991486012886337	215.0
22.00148668865391	218.0
22.011487364421477	218.0
22.02148804018905	218.0
22.031488715956616	215.0
22.041489391724188	215.0
22.051490067491756	213.0
22.061490743259327	213.0
22.0714914190269	213.0
22.081492094794466	213.0
22.091492770562038	213.0
22.101493446329606	213.0
22.111494122097177	213.0
22.121494797864745	213.0
22.131495473632317	213.0
22.141496149399888	213.0
22.151496825167456	213.0
22.161497500935027	213.0
22.171498176702595	213.0
22.181498852470167	213.0
22.191499528237735	213.0
22.201500204005306	210.0
22.211500879772878	208.0
22.221501555540446	206.0
22.231502231308017	206.0
22.241502907075585	206.0
22.251503582843156	208.0
22.261504258610724	210.0
22.271504934378296	210.0
22.281505610145867	0.0
22.291506285913435	0.0
22.301506961681007	0.0
22.311507637448575	0.0
22.321508313216146	0.0
22.331508988983718	0.0
22.341509664751285	0.0
22.351510340518857	0.0
22.361511016286425	0.0
22.371511692053996	0.0
22.381512367821564	0.0
22.391513043589136	0.0
22.401513719356707	0.0
22.411514395124275	0.0
22.421515070891846	0.0
22.431515746659414	0.0
22.441516422426986	0.0
22.451517098194554	0.0
22.461517773962125	0.0
22.471518449729697	0.0
22.481519125497265	0.0
22.491519801264836	0.0
22.501520477032404	0.0
22.511521152799975	0.0
22.521521828567543	0.0
22.531522504335115	0.0
22.541523180102686	0.0
22.551523855870254	0.0
22.561524531637826	0.0
22.571525207405394	0.0
22.581525883172965	0.0
22.591526558940533	0.0
22.601527234708104	0.0
22.611527910475676	0.0
22.621528586243244	0.0
22.631529262010815	0.0
22.641529937778383	0.0
22.651530613545955	0.0
22.661531289313523	0.0
22.671531965081094	0.0
22.681532640848665	0.0
22.691533316616233	0.0
22.701533992383805	0.0
22.711534668151373	0.0
22.721535343918944	0.0
22.731536019686516	0.0
22.741536695454084	0.0
22.751537371221655	0.0
22.761538046989223	0.0
22.771538722756794	0.0
22.781539398524362	0.0
22.791540074291934	0.0
22.801540750059505	0.0
22.811541425827073	0.0
22.821542101594645	0.0
22.831542777362213	0.0
22.841543453129784	0.0
22.851544128897352	0.0
22.861544804664923	0.0
22.871545480432495	0.0
22.881546156200063	0.0
22.891546831967634	0.0
22.901547507735202	0.0
22.911548183502774	0.0
22.92154885927034	0.0
22.931549535037913	0.0
22.941550210805485	0.0
22.951550886573052	0.0
22.961551562340624	0.0
22.971552238108192	0.0
22.981552913875763	0.0
22.99155358964333	0.0
23.001554265410903	0.0
23.011554941178474	0.0
23.021555616946042	0.0
23.031556292713613	0.0
23.04155696848118	0.0
23.051557644248753	0.0
23.061558320016324	0.0
23.071558995783892	0.0
23.081559671551464	0.0
23.09156034731903	0.0
23.101561023086603	0.0
23.11156169885417	0.0
23.121562374621742	0.0
23.131563050389314	0.0
23.141563726156882	0.0
23.151564401924453	0.0
23.16156507769202	0.0
23.171565753459593	0.0
23.18156642922716	0.0
23.191567104994732	0.0
23.201567780762304	0.0
23.21156845652987	0.0
23.221569132297443	0.0
23.23156980806501	0.0
23.241570483832582	0.0
23.25157115960015	0.0
23.26157183536772	0.0
23.271572511135293	0.0
23.28157318690286	0.0
23.291573862670433	0.0
23.301574538438	0.0
23.311575214205572	0.0
23.32157588997314	0.0
23.33157656574071	0.0
23.341577241508283	0.0
23.35157791727585	0.0
23.361578593043422	0.0
23.37157926881099	0.0
23.38157994457856	0.0
23.391580620346133	0.0
23.4015812961137	0.0
23.411581971881272	0.0
23.42158264764884	0.0
23.43158332341641	0.0
23.44158399918398	0.0
23.45158467495155	0.0
23.461585350719123	0.0
23.47158602648669	0.0
23.481586702254262	0.0
23.49158737802183	0.0
23.5015880537894	0.0
23.51158872955697	0.0
23.52158940532454	0.0
23.531590081092112	0.0
23.54159075685968	0.0
23.55159143262725	0.0
23.56159210839482	0.0
23.57159278416239	0.0
23.58159345992996	0.0
23.59159413569753	0.0
23.6015948114651	0.0
23.61159548723267	0.0
23.62159616300024	0.0
23.63159683876781	0.0
23.64159751453538	0.0
23.65159819030295	0.0
23.66159886607052	0.0
23.67159954183809	0.0
23.68160021760566	0.0
23.69160089337323	0.0
23.7016015691408	0.0
23.71160224490837	0.0
23.72160292067594	0.0
23.73160359644351	0.0
23.74160427221108	0.0
23.75160494797865	0.0
23.76160562374622	0.0
23.77160629951379	0.0
23.78160697528136	0.0
23.79160765104893	0.0
23.8016083268165	0.0
23.81160900258407	0.0
23.82160967835164	0.0
23.83161035411921	0.0
23.841611029886778	0.0
23.85161170565435	0.0
23.86161238142192	0.0
23.87161305718949	0.0
23.88161373295706	0.0
23.891614408724628	0.0
23.9016150844922	0.0
23.911615760259767	0.0
23.92161643602734	0.0
23.93161711179491	0.0
23.94161778756248	0.0
23.95161846333005	0.0
23.961619139097618	0.0
23.97161981486519	0.0
23.981620490632757	0.0
23.99162116640033	0.0
24.0016218421679	0.0
24.011622517935468	0.0
24.02162319370304	0.0
24.031623869470607	0.0
24.04162454523818	0.0
24.05162522100575	0.0
24.061625896773318	0.0
24.07162657254089	0.0
24.081627248308457	0.0
24.09162792407603	0.0
24.101628599843597	0.0
24.11162927561117	0.0
24.12162995137874	0.0
24.131630627146308	0.0
24.14163130291388	0.0
24.151631978681447	0.0
24.16163265444902	0.0
24.171633330216586	0.0
24.181634005984158	0.0
24.19163468175173	0.0
24.201635357519297	0.0
24.21163603328687	0.0
24.221636709054437	0.0
24.231637384822008	0.0
24.241638060589576	0.0
24.251638736357148	0.0
24.26163941212472	0.0
24.271640087892287	0.0
24.28164076365986	0.0
24.291641439427426	0.0
24.301642115194998	0.0
24.311642790962566	0.0
24.321643466730137	0.0
24.33164414249771	0.0
24.341644818265276	0.0
24.351645494032848	0.0
24.361646169800416	0.0
24.371646845567987	0.0
24.38164752133556	0.0
24.391648197103127	0.0
24.401648872870698	0.0
24.411649548638266	0.0
24.421650224405838	0.0
24.431650900173405	0.0
24.441651575940977	0.0
24.45165225170855	0.0
24.461652927476116	0.0
24.471653603243688	0.0
24.481654279011256	0.0
24.491654954778827	0.0
24.501655630546395	0.0
24.511656306313967	0.0
24.521656982081538	0.0
24.531657657849106	0.0
24.541658333616677	0.0
24.551659009384245	0.0
24.561659685151817	0.0
24.571660360919385	0.0
24.581661036686956	0.0
24.591661712454528	0.0
24.601662388222096	0.0
24.611663063989667	0.0
24.621663739757235	0.0
24.631664415524806	0.0
24.641665091292374	0.0
24.651665767059946	0.0
24.661666442827517	0.0
24.671667118595085	0.0
24.681667794362657	0.0
24.691668470130224	0.0
24.701669145897796	0.0
24.711669821665367	0.0
24.721670497432935	0.0
24.731671173200507	0.0
24.741671848968075	0.0
24.751672524735646	0.0
24.761673200503214	0.0
24.771673876270786	0.0
24.781674552038357	0.0
24.791675227805925	0.0
24.801675903573496	0.0
24.811676579341064	0.0
24.821677255108636	0.0
24.831677930876204	0.0
24.841678606643775	0.0
24.851679282411347	0.0
24.861679958178915	0.0
24.871680633946486	0.0
24.881681309714054	0.0
24.891681985481625	0.0
24.901682661249193	0.0
24.911683337016765	0.0
24.921684012784336	0.0
24.931684688551904	0.0
24.941685364319476	0.0
24.951686040087043	0.0
24.961686715854615	0.0
24.971687391622183	0.0
24.981688067389754	0.0
24.991688743157326	0.0
25.001689418924894	0.0
25.011690094692465	0.0
25.021690770460033	0.0
25.031691446227605	0.0
25.041692121995176	0.0
25.051692797762744	0.0
25.061693473530315	0.0
25.071694149297883	0.0
25.081694825065455	0.0
25.091695500833023	0.0
25.101696176600594	0.0
25.111696852368166	0.0
25.121697528135734	0.0
25.131698203903305	0.0
25.141698879670873	0.0
25.151699555438444	0.0
25.161700231206012	0.0
25.171700906973584	0.0
25.181701582741155	0.0
25.191702258508723	0.0
25.201702934276295	0.0
25.211703610043863	0.0
25.221704285811434	0.0
25.231704961579002	0.0
25.241705637346573	0.0
25.251706313114145	0.0
25.261706988881713	0.0
25.271707664649284	0.0
25.281708340416852	0.0
25.291709016184424	0.0
25.30170969195199	0.0
25.311710367719563	0.0
25.321711043487134	0.0
25.331711719254702	0.0
25.341712395022274	0.0
25.35171307078984	0.0
25.361713746557413	0.0
25.371714422324985	0.0
25.381715098092553	0.0
25.391715773860124	0.0
25.401716449627692	0.0
25.411717125395263	0.0
25.42171780116283	0.0
25.431718476930403	0.0
25.441719152697974	0.0
25.451719828465542	0.0
25.461720504233114	0.0
25.47172118000068	0.0
25.481721855768253	0.0
25.49172253153582	0.0
25.501723207303392	0.0
25.511723883070964	0.0
25.52172455883853	0.0
25.531725234606103	0.0
25.54172591037367	0.0
25.551726586141243	0.0
25.56172726190881	0.0
25.571727937676382	0.0
25.581728613443953	0.0
25.59172928921152	0.0
25.601729964979093	0.0
25.61173064074666	0.0
25.621731316514232	0.0
25.6317319922818	0.0
25.64173266804937	0.0
25.651733343816943	0.0
25.66173401958451	0.0
25.671734695352082	0.0
25.68173537111965	0.0
25.691736046887222	0.0
25.701736722654793	0.0
25.71173739842236	0.0
25.721738074189933	0.0
25.7317387499575	0.0
25.741739425725072	0.0
25.75174010149264	0.0
25.76174077726021	0.0
25.771741453027783	0.0
25.78174212879535	0.0
25.791742804562922	0.0
25.80174348033049	0.0
25.81174415609806	0.0
25.82174483186563	0.0
25.8317455076332	0.0
25.841746183400772	0.0
25.85174685916834	0.0
25.861747534935912	0.0
25.87174821070348	0.0
25.88174888647105	0.0
25.89174956223862	0.0
25.90175023800619	0.0
25.911750913773762	0.0
25.92175158954133	0.0
25.9317522653089	0.0
25.94175294107647	0.0
25.95175361684404	0.0
25.96175429261161	0.0
25.97175496837918	0.0
25.98175564414675	0.0
25.99175631991432	0.0
26.00175699568189	0.0
26.01175767144946	0.0
26.02175834721703	0.0
26.031759022984602	0.0
26.04175969875217	0.0
26.05176037451974	0.0
26.06176105028731	0.0
26.07176172605488	0.0
26.08176240182245	0.0
26.09176307759002	0.0
26.10176375335759	0.0
26.11176442912516	0.0
26.12176510489273	0.0
26.1317657806603	0.0
26.14176645642787	0.0
26.151767132195438	0.0
26.16176780796301	0.0
26.17176848373058	0.0
26.18176915949815	0.0
26.19176983526572	0.0
26.20177051103329	0.0
26.21177118680086	0.0
26.221771862568428	0.0
26.231772538336	0.0
26.24177321410357	0.0
26.25177388987114	0.0
26.26177456563871	0.0
26.271775241406278	0.0
26.28177591717385	0.0
26.291776592941417	0.0
26.30177726870899	0.0
26.31177794447656	0.0
26.321778620244128	0.0
26.3317792960117	0.0
26.341779971779268	0.0
26.35178064754684	0.0
26.36178132331441	0.0
26.37178199908198	0.0
26.38178267484955	0.0
26.391783350617118	0.0
26.40178402638469	0.0
26.411784702152257	0.0
26.42178537791983	0.0
26.4317860536874	0.0
26.441786729454968	0.0
26.45178740522254	0.0
26.461788080990107	0.0
26.47178875675768	0.0
26.481789432525247	0.0
26.491790108292818	0.0
26.50179078406039	0.0
26.511791459827958	0.0
26.52179213559553	0.0
26.531792811363097	0.0
26.54179348713067	0.0
26.551794162898236	0.0
26.561794838665808	0.0
26.57179551443338	0.0
26.581796190200947	0.0
26.59179686596852	0.0
26.601797541736087	0.0
26.611798217503658	0.0
26.621798893271226	0.0
26.631799569038797	0.0
26.64180024480637	0.0
26.651800920573937	0.0
26.66180159634151	0.0
26.671802272109076	0.0
26.681802947876648	0.0
26.691803623644216	0.0
26.701804299411787	0.0
26.71180497517936	0.0
26.721805650946926	0.0
26.731806326714498	0.0
26.741807002482066	0.0
26.751807678249637	0.0
26.76180835401721	0.0
26.771809029784777	0.0
26.781809705552348	0.0
26.791810381319916	0.0
26.801811057087487	0.0
26.811811732855055	0.0
26.821812408622627	0.0
26.8318130843902	0.0
26.841813760157766	0.0
26.851814435925338	0.0
26.861815111692906	0.0
26.871815787460477	0.0
26.881816463228045	0.0
26.891817138995616	0.0
26.901817814763188	0.0
26.911818490530756	0.0
26.921819166298327	0.0
26.931819842065895	0.0
26.941820517833467	0.0
26.951821193601035	0.0
26.961821869368606	0.0
26.971822545136177	0.0
26.981823220903745	0.0
26.991823896671317	0.0
27.001824572438885	0.0
27.011825248206456	0.0
27.021825923974024	0.0
27.031826599741596	0.0
27.041827275509167	0.0
27.051827951276735	0.0
27.061828627044306	0.0
27.071829302811874	0.0
27.081829978579446	0.0
27.091830654347017	0.0
27.101831330114585	0.0
27.111832005882157	0.0
27.121832681649725	0.0
27.131833357417296	0.0
27.141834033184864	0.0
27.151834708952435	0.0
27.161835384720007	0.0
27.171836060487575	0.0
27.181836736255146	0.0
27.191837412022714	0.0
27.201838087790286	0.0
27.211838763557854	0.0
27.221839439325425	0.0
27.231840115092997	0.0
27.241840790860564	0.0
27.251841466628136	0.0
27.261842142395704	0.0
27.271842818163275	0.0
27.281843493930843	0.0
27.291844169698415	0.0
27.301844845465986	0.0
27.311845521233554	0.0
27.321846197001125	0.0
27.331846872768693	0.0
27.341847548536265	0.0
27.351848224303833	0.0
27.361848900071404	0.0
27.371849575838976	0.0
27.381850251606544	0.0
27.391850927374115	0.0
27.401851603141683	0.0
27.411852278909254	0.0
27.421852954676826	0.0
27.431853630444394	0.0
27.441854306211965	0.0
27.451854981979533	0.0
27.461855657747105	0.0
27.471856333514673	0.0
27.481857009282244	0.0
27.491857685049816	0.0
27.501858360817383	0.0
27.511859036584955	0.0
27.521859712352523	0.0
27.531860388120094	0.0
27.541861063887662	0.0
27.551861739655234	0.0
27.561862415422805	0.0
27.571863091190373	0.0
27.581863766957945	0.0
27.591864442725512	0.0
27.601865118493084	0.0
27.611865794260652	0.0
27.621866470028223	0.0
27.631867145795795	0.0
27.641867821563363	0.0
27.651868497330934	0.0
27.661869173098502	0.0
27.671869848866073	0.0
27.68187052463364	0.0
27.691871200401213	0.0
27.701871876168784	0.0
27.711872551936352	0.0
27.721873227703924	0.0
27.73187390347149	0.0
27.741874579239063	0.0
27.751875255006635	0.0
27.761875930774202	0.0
27.771876606541774	0.0
27.781877282309342	0.0
27.791877958076913	0.0
27.80187863384448	0.0
27.811879309612053	0.0
27.821879985379624	0.0
27.831880661147192	0.0
27.841881336914764	0.0
27.85188201268233	0.0
27.861882688449903	0.0
27.87188336421747	0.0
27.881884039985042	0.0
27.891884715752614	0.0
27.90188539152018	0.0
27.911886067287753	0.0
27.92188674305532	0.0
27.931887418822892	0.0
27.94188809459046	0.0
27.951888770358032	0.0
27.961889446125603	0.0
27.97189012189317	0.0
27.981890797660743	0.0
27.99189147342831	0.0
28.001892149195882	0.0
28.01189282496345	0.0
28.02189350073102	0.0
28.031894176498593	0.0
28.04189485226616	0.0
28.051895528033732	0.0
28.0618962038013	0.0
28.07189687956887	0.0
28.081897555336443	0.0
28.09189823110401	0.0
28.101898906871583	0.0
28.11189958263915	0.0
28.121900258406722	0.0
28.13190093417429	0.0
28.14190160994186	0.0
28.151902285709433	0.0
28.161902961477	0.0
28.171903637244572	0.0
28.18190431301214	0.0
28.19190498877971	0.0
28.20190566454728	0.0
28.21190634031485	0.0
28.221907016082422	0.0
28.23190769184999	0.0
28.24190836761756	0.0
28.25190904338513	0.0
28.2619097191527	0.0
28.27191039492027	0.0
28.28191107068784	0.0
28.291911746455412	0.0
28.30191242222298	0.0
28.31191309799055	0.0
28.32191377375812	0.0
28.33191444952569	0.0
28.34191512529326	0.0
28.35191580106083	0.0
28.3619164768284	0.0
28.37191715259597	0.0
28.38191782836354	0.0
28.39191850413111	0.0
28.40191917989868	0.0
28.411919855666252	0.0
28.42192053143382	0.0
28.43192120720139	0.0
28.44192188296896	0.0
28.45192255873653	0.0
28.4619232345041	0.0
28.47192391027167	0.0
28.48192458603924	0.0
28.49192526180681	0.0
28.50192593757438	0.0
28.51192661334195	0.0
28.52192728910952	0.0
28.531927964877088	0.0
28.54192864064466	0.0
28.55192931641223	0.0
28.5619299921798	0.0
28.57193066794737	0.0
28.58193134371494	0.0
28.59193201948251	0.0
28.601932695250078	0.0
28.61193337101765	0.0
28.62193404678522	0.0
28.63193472255279	0.0
28.64193539832036	0.0
28.651936074087928	0.0
28.6619367498555	0.0
28.671937425623067	0.0
28.68193810139064	0.0
28.69193877715821	0.0
28.701939452925778	0.0
28.71194012869335	0.0
28.721940804460917	0.0
28.73194148022849	0.0
28.74194215599606	0.0
28.75194283176363	0.0
28.7619435075312	0.0
28.771944183298768	0.0
28.78194485906634	0.0
28.791945534833907	0.0
28.80194621060148	0.0
28.81194688636905	0.0
28.821947562136618	0.0
28.83194823790419	0.0
28.841948913671757	0.0
28.85194958943933	0.0
28.861950265206897	0.0
28.871950940974468	0.0
28.88195161674204	0.0
28.891952292509608	0.0
28.90195296827718	0.0
28.911953644044747	0.0
28.92195431981232	0.0
28.931954995579886	0.0
28.941955671347458	0.0
28.95195634711503	0.0
28.961957022882597	0.0
28.97195769865017	0.0
28.981958374417736	0.0
28.991959050185308	0.0
29.001959725952876	0.0
29.011960401720447	0.0
29.02196107748802	0.0
29.031961753255587	0.0
29.041962429023158	0.0
29.051963104790726	0.0
29.061963780558298	0.0
29.07196445632587	0.0
29.081965132093437	0.0
29.09196580786101	0.0
29.101966483628576	0.0
29.111967159396148	0.0
29.121967835163716	0.0
29.131968510931287	0.0
29.14196918669886	0.0
29.151969862466427	0.0
29.161970538233998	0.0
29.171971214001566	0.0
29.181971889769137	0.0
29.191972565536705	0.0
29.201973241304277	0.0
29.211973917071848	0.0
29.221974592839416	0.0
29.231975268606988	0.0
29.241975944374555	0.0
29.251976620142127	0.0
29.261977295909695	0.0
29.271977971677266	0.0
29.281978647444838	0.0
29.291979323212406	0.0
29.301979998979977	0.0
29.311980674747545	0.0
29.321981350515117	0.0
29.331982026282684	0.0
29.341982702050256	0.0
29.351983377817827	0.0
29.361984053585395	0.0
29.371984729352967	0.0
29.381985405120535	0.0
29.391986080888106	0.0
29.401986756655678	0.0
29.411987432423246	0.0
29.421988108190817	0.0
29.431988783958385	0.0
29.441989459725956	0.0
29.451990135493524	0.0
29.461990811261096	0.0
29.471991487028667	0.0
29.481992162796235	0.0
29.491992838563807	0.0
29.501993514331375	0.0
29.511994190098946	0.0
29.521994865866514	0.0
29.531995541634085	0.0
29.541996217401657	0.0
29.551996893169225	0.0
29.561997568936796	0.0
29.571998244704364	0.0
29.581998920471936	0.0
29.591999596239503	0.0
29.602000272007075	0.0
29.612000947774646	0.0
29.622001623542214	0.0
29.632002299309786	0.0
29.642002975077354	0.0
29.652003650844925	0.0
29.662004326612493	0.0
29.672005002380065	0.0
29.682005678147636	0.0
29.692006353915204	0.0
29.702007029682775	0.0
29.712007705450343	0.0
29.722008381217915	0.0
29.732009056985486	0.0
29.742009732753054	0.0
29.752010408520626	0.0
29.762011084288194	0.0
29.772011760055765	0.0
29.782012435823333	0.0
29.792013111590904	0.0
29.802013787358476	0.0
29.812014463126044	0.0
29.822015138893615	0.0
29.832015814661183	0.0
29.842016490428755	0.0
29.852017166196323	0.0
29.862017841963894	0.0
29.872018517731465	0.0
29.882019193499033	0.0
29.892019869266605	0.0
29.902020545034173	0.0
29.912021220801744	0.0
29.922021896569312	0.0
29.932022572336884	0.0
29.942023248104455	0.0
29.952023923872023	0.0
29.962024599639594	0.0
29.972025275407162	0.0
29.982025951174734	0.0
29.9920266269423	0.0
30.002027302709873	0.0
30.012027978477445	0.0
30.022028654245013	0.0
30.032029330012584	0.0
30.042030005780152	0.0
30.052030681547723	0.0
30.062031357315295	0.0
30.072032033082863	0.0
30.082032708850434	0.0
30.092033384618002	0.0
30.102034060385574	0.0
30.11203473615314	0.0
30.122035411920713	0.0
30.132036087688284	0.0
30.142036763455852	0.0
30.152037439223424	0.0
30.16203811499099	0.0
30.172038790758563	0.0
30.18203946652613	0.0
30.192040142293703	0.0
30.202040818061274	0.0
30.212041493828842	0.0
30.222042169596413	0.0
30.23204284536398	0.0
30.242043521131553	0.0
30.25204419689912	0.0
30.262044872666692	0.0
30.272045548434264	0.0
30.28204622420183	0.0
30.292046899969403	0.0
30.30204757573697	0.0
30.312048251504542	0.0
30.32204892727211	0.0
30.332049603039682	0.0
30.342050278807253	0.0
30.35205095457482	0.0
30.362051630342393	0.0
30.37205230610996	0.0
30.382052981877532	0.0
30.392053657645103	0.0
30.40205433341267	0.0
30.412055009180243	0.0
30.42205568494781	0.0
30.432056360715382	0.0
30.44205703648295	0.0
30.45205771225052	0.0
30.462058388018093	0.0
30.47205906378566	0.0
30.482059739553232	0.0
30.4920604153208	0.0
30.502061091088372	0.0
30.51206176685594	0.0
30.52206244262351	0.0
30.532063118391083	0.0
30.54206379415865	0.0
30.552064469926222	0.0
30.56206514569379	0.0
30.57206582146136	0.0
30.58206649722893	0.0
30.5920671729965	0.0
30.602067848764072	0.0
30.61206852453164	0.0
30.62206920029921	0.0
30.63206987606678	0.0
30.64207055183435	0.0
30.65207122760192	0.0
30.66207190336949	0.0
30.672072579137062	0.0
30.68207325490463	0.0
30.6920739306722	0.0
30.70207460643977	0.0
30.71207528220734	0.0
30.72207595797491	0.0
30.73207663374248	0.0
30.74207730951005	0.0
30.75207798527762	0.0
30.76207866104519	0.0
30.77207933681276	0.0
30.78208001258033	0.0
30.7920806883479	0.0
30.80208136411547	0.0
30.81208203988304	0.0
30.82208271565061	0.0
30.83208339141818	0.0
30.84208406718575	0.0
30.85208474295332	0.0
30.86208541872089	0.0
30.87208609448846	0.0
30.88208677025603	0.0
30.8920874460236	0.0
30.90208812179117	0.0
30.912088797558738	0.0
30.92208947332631	0.0
30.93209014909388	0.0
30.94209082486145	0.0
30.95209150062902	0.0
30.962092176396588	0.0
30.97209285216416	0.0
30.982093527931728	0.0
30.9920942036993	0.0
31.00209487946687	0.0
31.01209555523444	0.0
31.02209623100201	0.0
31.032096906769578	0.0
31.04209758253715	0.0
31.052098258304717	0.0
31.06209893407229	0.0
31.07209960983986	0.0
31.082100285607428	0.0
31.092100961375	0.0
31.102101637142567	0.0
31.11210231291014	0.0
31.12210298867771	0.0
31.132103664445278	0.0
31.14210434021285	0.0
31.152105015980418	0.0
31.16210569174799	0.0
31.172106367515557	0.0
31.18210704328313	0.0
31.1921077190507	0.0
31.202108394818268	0.0
31.21210907058584	0.0
31.222109746353407	0.0
31.23211042212098	0.0
31.242111097888547	0.0
31.252111773656118	0.0
31.26211244942369	0.0
31.272113125191257	0.0
31.28211380095883	0.0
31.292114476726397	0.0
31.30211515249397	0.0
31.312115828261536	0.0
31.322116504029108	0.0
31.33211717979668	0.0
31.342117855564247	0.0
31.35211853133182	0.0
31.362119207099386	0.0
31.372119882866958	0.0
31.382120558634526	0.0
31.392121234402097	0.0
31.40212191016967	0.0
31.412122585937237	0.0
31.422123261704808	0.0
31.432123937472376	0.0
31.442124613239947	0.0
31.45212528900752	0.0
31.462125964775087	0.0
31.47212664054266	0.0
31.482127316310226	0.0
31.492127992077798	0.0
31.502128667845366	0.0
31.512129343612937	0.0
31.52213001938051	0.0
31.532130695148076	0.0
31.542131370915648	0.0
31.552132046683216	0.0
31.562132722450787	0.0
31.572133398218355	0.0
31.582134073985927	0.0
31.592134749753498	0.0
31.602135425521066	0.0
31.612136101288637	0.0
31.622136777056205	0.0
31.632137452823777	0.0
31.642138128591345	0.0
31.652138804358916	0.0
31.662139480126488	0.0
31.672140155894056	0.0
31.682140831661627	0.0
31.692141507429195	0.0
31.702142183196766	0.0
31.712142858964334	0.0
31.722143534731906	0.0
31.732144210499477	0.0
31.742144886267045	0.0
31.752145562034617	0.0
31.762146237802185	0.0
31.772146913569756	0.0
31.782147589337328	0.0
31.792148265104895	0.0
31.802148940872467	0.0
31.812149616640035	0.0
31.822150292407606	0.0
31.832150968175174	0.0
31.842151643942746	0.0
31.852152319710317	0.0
31.862152995477885	0.0
31.872153671245457	0.0
31.882154347013024	0.0
31.892155022780596	0.0
31.902155698548164	0.0
31.912156374315735	0.0
31.922157050083307	0.0
31.932157725850875	0.0
31.942158401618446	0.0
31.952159077386014	0.0
31.962159753153585	0.0
31.972160428921153	0.0
31.982161104688725	0.0
31.992161780456296	0.0
32.002162456223864	256.0
32.012163131991436	256.0
32.02216380775901	256.0
32.03216448352657	256.0
32.04216515929414	256.0
32.052165835061714	256.0
32.062166510829286	256.0
32.07216718659686	256.0
32.08216786236442	256.0
32.09216853813199	256.0
32.102169213899565	259.0
32.112169889667136	259.0
32.12217056543471	0.0
32.13217124120227	0.0
32.14217191696984	0.0
32.152172592737415	0.0
32.162173268504986	0.0
32.17217394427255	0.0
32.18217462004012	0.0
32.192175295807694	0.0
32.202175971575265	0.0
32.21217664734284	0.0
32.2221773231104	0.0
32.23217799887797	0.0
32.242178674645544	0.0
32.252179350413115	0.0
32.26218002618069	0.0
32.27218070194825	0.0
32.28218137771582	0.0
32.292182053483394	0.0
32.302182729250966	0.0
32.31218340501854	0.0
32.3221840807861	0.0
32.33218475655367	0.0
32.342185432321244	0.0
32.352186108088816	0.0
32.36218678385638	0.0
32.37218745962395	0.0
32.38218813539152	0.0
32.392188811159095	0.0
32.402189486926666	0.0
32.41219016269423	0.0
32.4221908384618	0.0
32.43219151422937	0.0
32.442192189996945	0.0
32.452192865764516	0.0
32.46219354153208	0.0
32.47219421729965	0.0
32.48219489306722	220.0
32.492195568834795	220.0
32.50219624460236	0.0
32.51219692036993	0.0
32.5221975961375	0.0
32.532198271905074	0.0
32.542198947672645	0.0
32.55219962344021	0.0
32.56220029920778	0.0
32.57220097497535	0.0
32.582201650742924	215.0
32.592202326510495	215.0
32.60220300227806	215.0
32.61220367804563	213.0
32.6222043538132	213.0
32.632205029580774	213.0
32.642205705348346	215.0
32.65220638111591	215.0
32.66220705688348	215.0
32.67220773265105	218.0
32.682208408418624	215.0
32.69220908418619	215.0
32.70220975995376	215.0
32.71221043572133	213.0
32.7222111114889	210.0
32.732211787256475	210.0
32.74221246302404	210.0
32.75221313879161	210.0
32.76221381455918	210.0
32.77221449032675	210.0
32.782215166094325	210.0
32.79221584186189	213.0
32.80221651762946	213.0
32.81221719339703	223.0
32.822217869164604	223.0
32.83221854493217	223.0
32.84221922069974	0.0
32.85221989646731	0.0
32.86222057223488	0.0
32.872221248002454	0.0
32.88222192377002	0.0
32.89222259953759	0.0
32.90222327530516	0.0
32.91222395107273	0.0
32.922224626840304	0.0
32.93222530260787	0.0
32.94222597837544	239.0
32.95222665414301	239.0
32.96222732991058	242.0
32.972228005678154	245.0
32.98222868144572	245.0
32.99222935721329	245.0
33.00223003298086	245.0
33.01223070874843	245.0
33.022231384516	245.0
33.03223206028357	236.0
33.04223273605114	234.0
33.05223341181871	228.0
33.06223408758628	228.0
33.07223476335385	203.0
33.08223543912142	201.0
33.09223611488899	199.0
33.10223679065656	199.0
33.11223746642413	206.0
33.1222381421917	210.0
33.13223881795927	213.0
33.14223949372684	218.0
33.15224016949441	220.0
33.16224084526198	223.0
33.17224152102955	223.0
33.18224219679712	226.0
33.19224287256469	223.0
33.20224354833226	192.0
33.21224422409983	187.0
33.2222448998674	181.0
33.23224557563497	179.0
33.24224625140254	181.0
33.25224692717011	183.0
33.26224760293768	183.0
33.27224827870525	185.0
33.28224895447282	190.0
33.29224963024039	190.0
33.30225030600796	190.0
33.31225098177553	187.0
33.3222516575431	183.0
33.33225233331067	179.0
33.34225300907824	175.0
33.352253684845806	173.0
33.36225436061338	171.0
33.37225503638095	169.0
33.38225571214852	169.0
33.39225638791609	171.0
33.402257063683656	173.0
33.41225773945123	177.0
33.4222584152188	179.0
33.43225909098637	183.0
33.44225976675394	185.0
33.452260442521506	185.0
33.46226111828908	187.0
33.47226179405665	187.0
33.48226246982422	187.0
33.492263145591785	185.0
33.50226382135936	185.0
33.51226449712693	183.0
33.5222651728945	181.0
33.53226584866207	183.0
33.542266524429635	183.0
33.55226720019721	185.0
33.56226787596478	187.0
33.57226855173235	190.0
33.58226922749992	192.0
33.592269903267486	192.0
33.60227057903506	190.0
33.61227125480263	187.0
33.6222719305702	183.0
33.63227260633777	177.0
33.642273282105336	171.0
33.65227395787291	165.0
33.66227463364048	161.0
33.67227530940805	159.0
33.682275985175615	159.0
33.692276660943186	158.0
33.70227733671076	158.0
33.71227801247833	158.0
33.7222786882459	159.0
33.732279364013465	163.0
33.742280039781036	167.0
33.75228071554861	171.0
33.76228139131618	175.0
33.77228206708375	177.0
33.782282742851315	179.0
33.79228341861889	181.0
33.80228409438646	183.0
33.81228477015403	181.0
33.822285445921594	179.0
33.832286121689165	177.0
33.84228679745674	177.0
33.85228747322431	175.0
33.86228814899188	175.0
33.872288824759444	175.0
33.882289500527015	175.0
33.89229017629459	175.0
33.90229085206216	177.0
33.91229152782973	177.0
33.922292203597294	179.0
33.932292879364866	181.0
33.94229355513244	183.0
33.95229423090001	183.0
33.96229490666758	185.0
33.972295582435144	185.0
33.982296258202716	183.0
33.99229693397029	181.0
34.00229760973786	179.0
34.01229828550542	177.0
34.022298961272995	175.0
34.032299637040566	173.0
34.04230031280814	171.0
34.05230098857571	171.0
34.06230166434327	171.0
34.072302340110845	171.0
34.082303015878416	175.0
34.09230369164599	177.0
34.10230436741356	179.0
34.112305043181124	183.0
34.122305718948695	185.0
34.13230639471627	187.0
34.14230707048384	187.0
34.1523077462514	183.0
34.162308422018974	179.0
34.172309097786545	177.0
34.18230977355412	173.0
34.19231044932169	169.0
34.20231112508925	161.0
34.212311800856824	152.0
34.222312476624396	145.0
34.23231315239197	144.0
34.24231382815954	0.0
34.2523145039271	0.0
34.262315179694674	0.0
34.272315855462246	0.0
34.28231653122982	0.0
34.29231720699739	0.0
34.30231788276495	0.0
34.312318558532525	0.0
34.322319234300096	0.0
34.33231991006767	0.0
34.34232058583523	0.0
34.3523212616028	0.0
34.362321937370375	0.0
34.372322613137946	0.0
34.38232328890552	0.0
34.39232396467308	0.0
34.40232464044065	0.0
34.412325316208225	0.0
34.4223259919758	0.0
34.43232666774337	0.0
34.44232734351093	0.0
34.452328019278504	0.0
34.462328695046075	0.0
34.47232937081365	0.0
34.48233004658121	0.0
34.49233072234878	0.0
34.502331398116354	0.0
34.512332073883925	0.0
34.5223327496515	0.0
34.53233342541906	0.0
34.54233410118663	0.0
34.552334776954204	0.0
34.562335452721776	0.0
34.57233612848935	0.0
34.58233680425691	0.0
34.59233748002448	0.0
34.602338155792054	0.0
34.612338831559626	0.0
34.6223395073272	0.0
34.63234018309476	0.0
34.64234085886233	0.0
34.652341534629905	0.0
34.662342210397476	0.0
34.67234288616504	0.0
34.68234356193261	0.0
34.69234423770018	0.0
34.702344913467755	0.0
34.712345589235326	0.0
34.72234626500289	0.0
34.73234694077046	0.0
34.742347616538034	0.0
34.752348292305605	0.0
34.76234896807318	0.0
34.77234964384074	0.0
34.78235031960831	0.0
34.792350995375884	0.0
34.802351671143455	0.0
34.81235234691102	0.0
34.82235302267859	0.0
34.83235369844616	0.0
34.842354374213734	0.0
34.852355049981306	0.0
34.86235572574887	0.0
34.87235640151644	0.0
34.88235707728401	0.0
34.892357753051584	0.0
34.902358428819156	0.0
34.91235910458672	0.0
34.92235978035429	0.0
34.93236045612186	0.0
34.942361131889434	0.0
34.952361807657006	0.0
34.96236248342457	0.0
34.97236315919214	0.0
34.98236383495971	0.0
34.992364510727285	0.0
35.00236518649485	0.0
35.01236586226242	0.0
35.02236653802999	0.0
35.03236721379756	0.0
35.042367889565135	0.0
35.0523685653327	0.0
35.06236924110027	0.0
35.07236991686784	0.0
35.082370592635414	0.0
35.092371268402985	0.0
35.10237194417055	0.0
35.11237261993812	0.0
35.12237329570569	0.0
35.132373971473264	0.0
35.14237464724083	0.0
35.1523753230084	0.0
35.16237599877597	0.0
35.17237667454354	0.0
35.182377350311114	0.0
35.19237802607868	0.0
35.20237870184625	0.0
35.21237937761382	0.0
35.22238005338139	0.0
35.232380729148964	0.0
35.24238140491653	0.0
35.2523820806841	0.0
35.26238275645167	0.0
35.27238343221924	0.0
35.282384107986815	0.0
35.29238478375438	0.0
35.30238545952195	0.0
35.31238613528952	0.0
35.32238681105709	0.0
35.33238748682466	0.0
35.34238816259223	0.0
35.3523888383598	0.0
35.36238951412737	0.0
35.37239018989494	0.0
35.38239086566251	0.0
35.39239154143008	0.0
35.40239221719765	0.0
35.41239289296522	0.0
35.422393568732794	0.0
35.43239424450036	0.0
35.44239492026793	0.0
35.4523955960355	0.0
35.46239627180307	0.0
35.47239694757064	0.0
35.48239762333821	0.0
35.49239829910578	0.0
35.50239897487335	0.0
35.51239965064092	0.0
35.52240032640849	0.0
35.53240100217606	0.0
35.54240167794363	0.0
35.5524023537112	0.0
35.56240302947877	0.0
35.57240370524634	0.0
35.58240438101391	0.0
35.59240505678148	0.0
35.60240573254905	0.0
35.61240640831662	0.0
35.62240708408419	0.0
35.63240775985176	0.0
35.64240843561933	0.0
35.6524091113869	0.0
35.662409787154466	0.0
35.67241046292204	0.0
35.68241113868961	0.0
35.69241181445718	0.0
35.70241249022475	0.0
35.71241316599232	0.0
35.72241384175989	0.0
35.73241451752746	0.0
35.74241519329503	0.0
35.7524158690626	0.0
35.76241654483017	0.0
35.77241722059774	0.0
35.78241789636531	0.0
35.79241857213288	0.0
35.802419247900445	0.0
35.81241992366802	0.0
35.82242059943559	0.0
35.83242127520316	0.0
35.84242195097073	0.0
35.852422626738296	0.0
35.86242330250587	0.0
35.87242397827344	0.0
35.88242465404101	0.0
35.89242532980858	0.0
35.902426005576146	0.0
35.91242668134372	0.0
35.92242735711129	0.0
35.93242803287886	0.0
35.94242870864643	0.0
35.952429384413996	0.0
35.96243006018157	0.0
35.97243073594914	0.0
35.98243141171671	0.0
35.992432087484275	0.0
36.002432763251846	0.0
36.01243343901942	0.0
36.02243411478699	0.0
36.03243479055456	0.0
36.042435466322125	0.0
36.0524361420897	0.0
36.06243681785727	0.0
36.07243749362484	0.0
36.08243816939241	0.0
36.092438845159975	0.0
36.10243952092755	0.0
36.11244019669512	0.0
36.12244087246269	0.0
36.132441548230254	0.0
36.142442223997826	0.0
36.1524428997654	0.0
36.16244357553297	0.0
36.17244425130054	0.0
36.182444927068104	0.0
36.192445602835676	0.0
36.20244627860325	0.0
36.21244695437082	0.0
36.22244763013839	0.0
36.232448305905955	0.0
36.242448981673526	213.0
36.2524496574411	213.0
36.26245033320867	208.0
36.27245100897624	206.0
36.282451684743805	206.0
36.292452360511376	206.0
36.30245303627895	208.0
36.31245371204652	210.0
36.32245438781408	210.0
36.332455063581655	213.0
36.34245573934923	215.0
36.3524564151168	218.0
36.36245709088437	218.0
36.372457766651934	218.0
36.382458442419505	218.0
36.39245911818708	218.0
36.40245979395465	220.0
36.41246046972222	220.0
36.422461145489784	220.0
36.432461821257355	220.0
36.44246249702493	220.0
36.4524631727925	220.0
36.46246384856006	218.0
36.472464524327634	0.0
36.482465200095206	0.0
36.49246587586278	0.0
36.50246655163035	0.0
36.51246722739791	0.0
36.522467903165484	0.0
36.532468578933056	0.0
36.54246925470063	0.0
36.5524699304682	0.0
36.56247060623576	0.0
36.572471282003335	0.0
36.582471957770906	0.0
36.59247263353848	215.0
36.60247330930605	215.0
36.61247398507361	215.0
36.622474660841185	215.0
36.632475336608756	215.0
36.64247601237633	215.0
36.65247668814389	215.0
36.662477363911464	213.0
36.672478039679035	213.0
36.68247871544661	213.0
36.69247939121418	213.0
36.70248006698174	215.0
36.712480742749314	220.0
36.722481418516885	223.0
36.73248209428446	228.0
36.74248277005203	234.0
36.75248344581959	242.0
36.762484121587164	250.0
36.772484797354736	259.0
36.78248547312231	265.0
36.79248614888987	275.0
36.80248682465744	281.0
36.812487500425014	284.0
36.822488176192586	284.0
36.83248885196016	284.0
36.84248952772772	281.0
36.85249020349529	278.0
36.862490879262864	275.0
36.872491555030436	272.0
36.88249223079801	268.0
36.89249290656557	262.0
36.90249358233314	256.0
36.912494258100715	253.0
36.922494933868286	248.0
36.93249560963585	245.0
36.94249628540342	242.0
36.95249696117099	239.0
36.962497636938565	236.0
36.972498312706136	236.0
36.9824989884737	236.0
36.99249966424127	236.0
37.002500340008844	236.0
37.012501015776415	236.0
37.02250169154399	236.0
37.03250236731155	239.0
37.04250304307912	239.0
37.052503718846694	242.0
37.062504394614265	245.0
37.07250507038184	248.0
37.0825057461494	250.0
37.09250642191697	0.0
37.102507097684544	0.0
37.112507773452116	0.0
37.12250844921968	259.0
37.13250912498725	259.0
37.14250980075482	262.0
37.152510476522394	259.0
37.162511152289966	259.0
37.17251182805753	259.0
37.1825125038251	256.0
37.19251317959267	253.0
37.202513855360245	248.0
37.212514531127816	242.0
37.22251520689538	236.0
37.23251588266295	234.0
37.24251655843052	228.0
37.252517234198095	226.0
37.26251790996566	223.0
37.27251858573323	220.0
37.2825192615008	218.0
37.292519937268374	218.0
37.302520613035945	218.0
37.31252128880351	215.0
37.32252196457108	215.0
37.33252264033865	213.0
37.342523316106224	213.0
37.352523991873795	213.0
37.36252466764136	213.0
37.37252534340893	215.0
37.3825260191765	215.0
37.392526694944074	213.0
37.402527370711645	210.0
37.41252804647921	208.0
37.42252872224678	208.0
37.43252939801435	206.0
37.442530073781924	203.0
37.45253074954949	203.0
37.46253142531706	206.0
37.47253210108463	208.0
37.4825327768522	213.0
37.492533452619774	215.0
37.50253412838734	218.0
37.51253480415491	218.0
37.52253547992248	220.0
37.53253615569005	220.0
37.542536831457625	220.0
37.55253750722519	220.0
37.56253818299276	218.0
37.57253885876033	218.0
37.5825395345279	215.0
37.59254021029547	215.0
37.60254088606304	215.0
37.61254156183061	215.0
37.62254223759818	215.0
37.632542913365754	215.0
37.64254358913332	215.0
37.65254426490089	215.0
37.66254494066846	218.0
37.67254561643603	218.0
37.682546292203604	218.0
37.69254696797117	215.0
37.70254764373874	215.0
37.71254831950631	215.0
37.72254899527388	218.0
37.732549671041454	218.0
37.74255034680902	218.0
37.75255102257659	220.0
37.76255169834416	226.0
37.77255237411173	228.0
37.7825530498793	236.0
37.79255372564687	242.0
37.80255440141444	256.0
37.81255507718201	268.0
37.82255575294958	275.0
37.83255642871715	278.0
37.84255710448472	281.0
37.85255778025229	284.0
37.86255845601986	284.0
37.87255913178743	284.0
37.882559807555	281.0
37.89256048332257	275.0
37.90256115909014	272.0
37.91256183485771	268.0
37.922562510625276	262.0
37.93256318639285	259.0
37.94256386216042	253.0
37.95256453792799	248.0
37.96256521369556	242.0
37.97256588946313	239.0
37.9825665652307	234.0
37.99256724099827	231.0
38.00256791676584	234.0
38.01256859253341	236.0
38.02256926830098	242.0
38.03256994406855	245.0
38.04257061983612	250.0
38.05257129560369	259.0
38.06257197137126	265.0
38.07257264713883	272.0
38.0825733229064	278.0
38.09257399867397	281.0
38.10257467444154	284.0
38.112575350209106	284.0
38.12257602597668	284.0
38.13257670174425	281.0
38.14257737751182	278.0
38.15257805327939	275.0
38.162578729046956	275.0
38.17257940481453	268.0
38.1825800805821	265.0
38.19258075634967	262.0
38.20258143211724	259.0
38.212582107884806	259.0
38.22258278365238	256.0
38.23258345941995	253.0
38.24258413518752	250.0
38.252584810955085	248.0
38.26258548672266	245.0
38.27258616249023	242.0
38.2825868382578	242.0
38.29258751402537	239.0
38.302588189792935	242.0
38.31258886556051	242.0
38.32258954132808	248.0
38.33259021709565	253.0
38.34259089286322	262.0
38.352591568630785	275.0
38.36259224439836	291.0
38.37259292016593	305.0
38.3825935959335	327.0
38.39259427170107	338.0
38.402594947468636	338.0
38.41259562323621	338.0
38.42259629900378	338.0
38.43259697477135	331.0
38.442597650538914	323.0
38.452598326306486	312.0
38.46259900207406	305.0
38.47259967784163	298.0
38.4826003536092	288.0
38.492601029376765	281.0
38.502601705144336	275.0
38.51260238091191	272.0
38.52260305667948	268.0
38.53260373244705	268.0
38.542604408214615	272.0
38.552605083982186	275.0
38.56260575974976	278.0
38.57260643551733	281.0
38.582607111284894	284.0
38.592607787052465	284.0
38.60260846282004	284.0
38.61260913858761	284.0
38.62260981435518	284.0
38.632610490122744	278.0
38.642611165890315	275.0
38.65261184165789	268.0
38.66261251742546	262.0
38.67261319319303	256.0
38.682613868960594	250.0
38.692614544728166	245.0
38.70261522049574	242.0
38.71261589626331	239.0
38.72261657203088	239.0
38.732617247798444	242.0
38.742617923566016	242.0
38.75261859933359	245.0
38.76261927510116	248.0
38.77261995086872	250.0
38.782620626636295	250.0
38.792621302403866	250.0
38.80262197817144	250.0
38.81262265393901	250.0
38.82262332970657	250.0
38.832624005474145	253.0
38.842624681241716	253.0
38.85262535700929	256.0
38.86262603277686	259.0
38.87262670854442	265.0
38.882627384311995	275.0
38.892628060079566	284.0
38.90262873584714	298.0
38.9126294116147	305.0
38.922630087382274	305.0
38.932630763149845	294.0
38.94263143891742	284.0
38.95263211468499	272.0
38.96263279045255	259.0
38.972633466220124	245.0
38.982634141987695	239.0
38.99263481775527	234.0
39.00263549352284	231.0
39.0126361692904	231.0
39.022636845057974	231.0
39.032637520825546	234.0
39.04263819659312	236.0
39.05263887236069	236.0
39.06263954812825	239.0
39.072640223895824	239.0
39.082640899663396	239.0
39.09264157543097	239.0
39.10264225119853	239.0
39.1126429269661	239.0
39.122643602733675	236.0
39.132644278501246	236.0
39.14264495426882	236.0
39.15264563003638	234.0
39.16264630580395	234.0
39.172646981571525	236.0
39.182647657339096	236.0
39.19264833310667	239.0
39.20264900887423	245.0
39.212649684641804	250.0
39.222650360409375	253.0
39.23265103617695	256.0
39.24265171194451	259.0
39.25265238771208	262.0
39.262653063479654	262.0
39.272653739247225	262.0
39.2826544150148	259.0
39.29265509078236	256.0
39.30265576654993	253.0
39.312656442317504	250.0
39.322657118085075	250.0
39.33265779385265	248.0
39.34265846962021	245.0
39.35265914538778	245.0
39.362659821155354	242.0
39.372660496922926	239.0
39.3826611726905	239.0
39.39266184845806	239.0
39.40266252422563	239.0
39.412663199993204	242.0
39.422663875760776	242.0
39.43266455152834	242.0
39.44266522729591	239.0
39.45266590306348	239.0
39.462666578831055	236.0
39.472667254598626	236.0
39.48266793036619	236.0
39.49266860613376	236.0
39.50266928190133	234.0
39.512669957668905	236.0
39.522670633436476	236.0
39.53267130920404	239.0
39.54267198497161	242.0
39.552672660739184	245.0
39.562673336506755	248.0
39.57267401227432	250.0
39.58267468804189	253.0
39.59267536380946	253.0
39.602676039577034	253.0
39.612676715344605	250.0
39.62267739111217	250.0
39.63267806687974	250.0
39.64267874264731	248.0
39.652679418414884	245.0
39.662680094182456	245.0
39.67268076995002	242.0
39.68268144571759	242.0
39.69268212148516	239.0
39.702682797252734	236.0
39.712683473020306	0.0
39.72268414878787	0.0
39.73268482455544	0.0
39.74268550032301	223.0
39.752686176090585	220.0
39.76268685185815	220.0
39.77268752762572	220.0
39.78268820339329	218.0
39.79268887916086	215.0
39.802689554928435	215.0
39.812690230696	213.0
39.82269090646357	213.0
39.83269158223114	213.0
39.84269225799871	213.0
39.852692933766285	213.0
39.86269360953385	215.0
39.87269428530142	215.0
39.88269496106899	0.0
39.892695636836564	0.0
39.90269631260413	0.0
39.9126969883717	0.0
39.92269766413927	0.0
39.93269833990684	0.0
39.942699015674414	213.0
39.95269969144198	213.0
39.96270036720955	213.0
39.97270104297712	213.0
39.98270171874469	213.0
39.992702394512264	213.0
40.00270307027983	213.0
40.0127037460474	213.0
40.02270442181497	215.0
40.03270509758254	215.0
40.042705773350114	215.0
40.05270644911768	215.0
40.06270712488525	213.0
40.07270780065282	213.0
40.08270847642039	210.0
40.09270915218796	210.0
40.10270982795553	210.0
40.1127105037231	210.0
40.12271117949067	208.0
40.13271185525824	206.0
40.14271253102581	203.0
40.15271320679338	201.0
40.16271388256095	201.0
40.17271455832852	0.0
40.182715234096094	0.0
40.19271590986366	0.0
40.20271658563123	0.0
40.2127172613988	0.0
40.22271793716637	0.0
40.23271861293394	0.0
40.24271928870151	0.0
40.25271996446908	0.0
40.26272064023665	0.0
40.27272131600422	0.0
40.28272199177179	0.0
40.29272266753936	0.0
40.30272334330693	0.0
40.3127240190745	0.0
40.32272469484207	0.0
40.33272537060964	0.0
40.34272604637721	0.0
40.35272672214478	0.0
40.36272739791235	0.0
40.37272807367992	0.0
40.38272874944749	0.0
40.39272942521506	0.0
40.40273010098263	0.0
40.4127307767502	0.0
40.422731452517766	0.0
40.43273212828534	0.0
40.44273280405291	0.0
40.45273347982048	0.0
40.46273415558805	0.0
40.472734831355616	0.0
40.48273550712319	0.0
40.49273618289076	0.0
40.50273685865833	0.0
40.5127375344259	0.0
40.52273821019347	0.0
40.53273888596104	0.0
40.54273956172861	0.0
40.55274023749618	0.0
40.562740913263745	0.0
40.57274158903132	0.0
40.58274226479889	0.0
40.59274294056646	0.0
40.60274361633403	0.0
40.612744292101596	0.0
40.62274496786917	0.0
40.63274564363674	0.0
40.64274631940431	0.0
40.65274699517188	0.0
40.662747670939446	0.0
40.67274834670702	0.0
40.68274902247459	0.0
40.69274969824216	0.0
40.70275037400973	0.0
40.712751049777296	0.0
40.72275172554487	0.0
40.73275240131244	0.0
40.74275307708001	0.0
40.752753752847575	0.0
40.762754428615146	0.0
40.77275510438272	0.0
40.78275578015029	0.0
40.79275645591786	0.0
40.802757131685425	0.0
40.812757807452996	0.0
40.82275848322057	0.0
40.83275915898814	0.0
40.84275983475571	0.0
40.852760510523275	0.0
40.86276118629085	0.0
40.87276186205842	0.0
40.88276253782599	0.0
40.892763213593554	0.0
40.902763889361125	0.0
40.9127645651287	0.0
40.92276524089627	0.0
40.93276591666384	0.0
40.942766592431404	0.0
40.952767268198976	0.0
40.96276794396655	248.0
40.97276861973412	248.0
40.98276929550169	0.0
40.992769971269254	0.0
41.002770647036826	0.0
41.0127713228044	0.0
41.02277199857197	0.0
41.03277267433954	0.0
41.042773350107105	0.0
41.052774025874676	0.0
41.06277470164225	0.0
41.07277537740982	0.0
41.08277605317738	0.0
41.092776728944955	0.0
41.102777404712526	0.0
41.1127780804801	0.0
41.12277875624767	0.0
41.132779432015234	0.0
41.142780107782805	0.0
41.15278078355038	0.0
41.16278145931795	0.0
41.17278213508552	0.0
41.182782810853084	0.0
41.192783486620655	0.0
41.20278416238823	0.0
41.2127848381558	0.0
41.22278551392336	0.0
41.232786189690934	0.0
41.242786865458505	0.0
41.25278754122608	0.0
41.26278821699365	0.0
41.27278889276121	0.0
41.282789568528784	0.0
41.292790244296356	0.0
41.30279092006393	0.0
41.3127915958315	0.0
41.32279227159906	0.0
41.332792947366634	0.0
41.342793623134206	0.0
41.35279429890178	0.0
41.36279497466935	0.0
41.37279565043691	0.0
41.382796326204485	0.0
41.392797001972056	0.0
41.40279767773963	0.0
41.41279835350719	0.0
41.42279902927476	0.0
41.432799705042335	0.0
41.442800380809906	0.0
41.45280105657748	0.0
41.46280173234504	0.0
41.472802408112614	0.0
41.482803083880185	0.0
41.49280375964776	0.0
41.50280443541533	0.0
41.51280511118289	0.0
41.522805786950464	0.0
41.532806462718035	0.0
41.54280713848561	0.0
41.55280781425317	0.0
41.56280849002074	0.0
41.572809165788314	0.0
41.582809841555886	0.0
41.59281051732346	0.0
41.60281119309102	0.0
41.61281186885859	0.0
41.622812544626164	0.0
41.632813220393736	0.0
41.64281389616131	0.0
41.65281457192887	0.0
41.66281524769644	0.0
41.672815923464015	0.0
41.682816599231586	0.0
41.69281727499916	0.0
41.70281795076672	0.0
41.71281862653429	0.0
41.722819302301865	0.0
41.732819978069436	0.0
41.742820653837	0.0
41.75282132960457	0.0
41.76282200537214	0.0
41.772822681139715	0.0
41.782823356907286	0.0
41.79282403267485	0.0
41.80282470844242	0.0
41.812825384209994	0.0
41.822826059977565	0.0
41.83282673574514	0.0
41.8428274115127	0.0
41.85282808728027	0.0
41.862828763047844	0.0
41.872829438815415	0.0
41.88283011458298	0.0
41.89283079035055	0.0
41.90283146611812	0.0
41.912832141885694	0.0
41.922832817653266	0.0
41.93283349342083	0.0
41.9428341691884	0.0
41.95283484495597	0.0
41.962835520723544	0.0
41.972836196491116	0.0
41.98283687225868	0.0
41.99283754802625	0.0
42.00283822379382	0.0
42.012838899561395	0.0
42.022839575328966	0.0
42.03284025109653	0.0
42.0428409268641	0.0
42.05284160263167	0.0
42.062842278399245	0.0
42.07284295416681	0.0
42.08284362993438	0.0
42.09284430570195	0.0
42.102844981469524	0.0
42.112845657237095	0.0
42.12284633300466	0.0
42.13284700877223	0.0
42.1428476845398	0.0
42.152848360307374	0.0
42.162849036074945	0.0
42.17284971184251	0.0
42.18285038761008	0.0
42.19285106337765	0.0
42.202851739145224	0.0
42.21285241491279	0.0
42.22285309068036	0.0
42.23285376644793	0.0
42.2428544422155	0.0
42.252855117983074	0.0
42.26285579375064	0.0
42.27285646951821	0.0
42.28285714528578	0.0
42.29285782105335	0.0
42.302858496820924	0.0
42.31285917258849	0.0
42.32285984835606	0.0
42.33286052412363	0.0
42.3428611998912	0.0
42.352861875658775	0.0
42.36286255142634	0.0
42.37286322719391	0.0
42.38286390296148	0.0
42.39286457872905	0.0
42.40286525449662	0.0
42.41286593026419	0.0
42.42286660603176	0.0
42.43286728179933	0.0
42.442867957566904	0.0
42.45286863333447	0.0
42.46286930910204	0.0
42.47286998486961	0.0
42.48287066063718	0.0
42.492871336404754	0.0
42.50287201217232	0.0
42.51287268793989	0.0
42.52287336370746	0.0
42.53287403947503	0.0
42.5428747152426	0.0
42.55287539101017	0.0
42.56287606677774	0.0
42.57287674254531	0.0
42.58287741831288	0.0
42.59287809408045	0.0
42.60287876984802	0.0
42.61287944561559	0.0
42.62288012138316	0.0
42.63288079715073	0.0
42.6428814729183	0.0
42.65288214868587	0.0
42.66288282445344	0.0
42.67288350022101	0.0
42.68288417598858	0.0
42.69288485175615	0.0
42.70288552752372	0.0
42.71288620329129	0.0
42.72288687905886	0.0
42.732887554826426	0.0
42.742888230594	0.0
42.75288890636157	0.0
42.76288958212914	0.0
42.77289025789671	0.0
42.78289093366428	0.0
42.79289160943185	0.0
42.80289228519942	0.0
42.81289296096699	0.0
42.82289363673456	0.0
42.83289431250213	0.0
42.8428949882697	0.0
42.85289566403727	0.0
42.86289633980484	0.0
42.872897015572406	0.0
42.88289769133998	0.0
42.89289836710755	0.0
42.90289904287512	0.0
42.91289971864269	239.0
42.922900394410256	231.0
42.93290107017783	0.0
42.9429017459454	0.0
42.95290242171297	0.0
42.96290309748054	0.0
42.972903773248106	0.0
42.98290444901568	0.0
42.99290512478325	0.0
43.00290580055082	0.0
43.01290647631839	0.0
43.022907152085956	0.0
43.03290782785353	0.0
43.0429085036211	0.0
43.05290917938867	0.0
43.062909855156235	0.0
43.07291053092381	0.0
43.08291120669138	0.0
43.09291188245895	0.0
43.10291255822652	0.0
43.112913233994085	0.0
43.12291390976166	0.0
43.13291458552923	0.0
43.1429152612968	0.0
43.15291593706437	0.0
43.162916612831935	0.0
43.17291728859951	0.0
43.18291796436708	0.0
43.19291864013465	0.0
43.202919315902214	0.0
43.212919991669786	0.0
43.22292066743736	0.0
43.23292134320493	0.0
43.2429220189725	0.0
43.252922694740064	0.0
43.262923370507636	0.0
43.27292404627521	0.0
43.28292472204278	0.0
43.29292539781035	0.0
43.302926073577915	0.0
43.312926749345486	0.0
43.32292742511306	0.0
43.33292810088063	0.0
43.3429287766482	0.0
43.352929452415765	0.0
43.362930128183336	0.0
43.37293080395091	0.0
43.38293147971848	0.0
43.392932155486044	0.0
43.402932831253615	0.0
43.41293350702119	0.0
43.42293418278876	0.0
43.43293485855633	0.0
43.442935534323894	0.0
43.452936210091465	0.0
43.46293688585904	0.0
43.47293756162661	0.0
43.48293823739418	0.0
43.492938913161744	0.0
43.502939588929316	0.0
43.51294026469689	0.0
43.52294094046446	0.0
43.53294161623202	0.0
43.542942291999594	0.0
43.552942967767166	0.0
43.56294364353474	0.0
43.57294431930231	0.0
43.58294499506987	0.0
43.592945670837445	0.0
43.602946346605016	0.0
43.61294702237259	0.0
43.62294769814016	0.0
43.63294837390772	0.0
43.642949049675295	0.0
43.652949725442866	0.0
43.66295040121044	0.0
43.67295107697801	0.0
43.68295175274557	0.0
43.692952428513145	0.0
43.702953104280716	0.0
43.71295378004829	0.0
43.72295445581585	0.0
43.732955131583424	0.0
43.742955807350995	0.0
43.75295648311857	0.0
43.76295715888614	0.0
43.7729578346537	0.0
43.782958510421274	0.0
43.792959186188845	0.0
43.80295986195642	0.0
43.81296053772399	0.0
43.82296121349155	0.0
43.832961889259124	0.0
43.842962565026696	0.0
43.85296324079427	0.0
43.86296391656183	0.0
43.8729645923294	0.0
43.882965268096974	0.0
43.892965943864546	0.0
43.90296661963212	0.0
43.91296729539968	0.0
43.92296797116725	0.0
43.932968646934825	0.0
43.942969322702396	0.0
43.95296999846997	0.0
43.96297067423753	0.0
43.9729713500051	0.0
43.982972025772675	0.0
43.992972701540246	0.0
44.00297337730782	0.0
44.01297405307538	0.0
44.022974728842954	0.0
44.032975404610525	0.0
44.0429760803781	0.0
44.05297675614566	0.0
44.06297743191323	0.0
44.072978107680804	0.0
44.082978783448375	0.0
44.09297945921595	0.0
44.10298013498351	0.0
44.11298081075108	0.0
44.122981486518654	0.0
44.132982162286226	0.0
44.1429828380538	0.0
44.15298351382136	0.0
44.16298418958893	0.0
44.172984865356504	210.0
44.182985541124076	210.0
44.19298621689164	210.0
44.20298689265921	213.0
44.21298756842678	213.0
44.222988244194354	213.0
44.232988919961926	213.0
44.24298959572949	213.0
44.25299027149706	215.0
44.26299094726463	215.0
44.272991623032205	218.0
44.282992298799776	215.0
44.29299297456734	215.0
44.30299365033491	213.0
44.31299432610248	213.0
44.322995001870055	213.0
44.332995677637626	210.0
44.34299635340519	210.0
44.35299702917276	210.0
44.362997704940334	210.0
44.372998380707905	210.0
44.38299905647547	210.0
44.39299973224304	210.0
44.40300040801061	213.0
44.413001083778184	213.0
44.423001759545755	213.0
44.43300243531332	215.0
44.44300311108089	215.0
44.45300378684846	215.0
44.463004462616034	215.0
44.473005138383606	215.0
44.48300581415117	213.0
44.49300648991874	213.0
44.50300716568631	213.0
44.513007841453884	210.0
44.52300851722145	210.0
44.53300919298902	213.0
44.54300986875659	213.0
44.55301054452416	213.0
44.563011220291735	213.0
44.5730118960593	213.0
44.58301257182687	213.0
44.59301324759444	213.0
44.60301392336201	213.0
44.613014599129585	213.0
44.62301527489715	215.0
44.63301595066472	215.0
44.64301662643229	215.0
44.65301730219986	215.0
44.663017977967435	213.0
44.673018653735	213.0
44.68301932950257	210.0
44.69302000527014	210.0
44.703020681037714	208.0
44.71302135680528	208.0
44.72302203257285	210.0
44.73302270834042	215.0
44.74302338410799	223.0
44.753024059875564	239.0
44.76302473564313	262.0
44.7730254114107	294.0
44.78302608717827	298.0
44.79302676294584	298.0
44.803027438713414	301.0
44.81302811448098	294.0
44.82302879024855	275.0
44.83302946601612	262.0
44.84303014178369	250.0
44.85303081755126	242.0
44.86303149331883	234.0
44.8730321690864	228.0
44.88303284485397	226.0
44.89303352062154	226.0
44.90303419638911	226.0
44.91303487215668	231.0
44.92303554792425	239.0
44.93303622369182	248.0
44.94303689945939	253.0
44.95303757522696	256.0
44.96303825099453	256.0
44.9730389267621	253.0
44.98303960252967	250.0
44.993040278297244	248.0
45.00304095406481	239.0
45.01304162983238	231.0
45.02304230559995	223.0
45.03304298136752	218.0
45.04304365713509	213.0
45.05304433290266	208.0
45.06304500867023	208.0
45.0730456844378	208.0
45.08304636020537	215.0
45.09304703597294	223.0
45.10304771174051	223.0
45.11304838750808	220.0
45.12304906327565	213.0
45.13304973904322	203.0
45.14305041481079	194.0
45.15305109057836	190.0
45.16305176634593	183.0
45.1730524421135	177.0
45.183053117881066	175.0
45.19305379364864	173.0
45.20305446941621	175.0
45.21305514518378	179.0
45.22305582095135	181.0
45.233056496718916	185.0
45.24305717248649	187.0
45.25305784825406	187.0
45.26305852402163	190.0
45.2730591997892	190.0
45.283059875556766	187.0
45.29306055132434	181.0
45.30306122709191	177.0
45.31306190285948	175.0
45.323062578627045	173.0
45.33306325439462	171.0
45.34306393016219	169.0
45.35306460592976	169.0
45.36306528169733	169.0
45.373065957464895	173.0
45.38306663323247	175.0
45.39306730900004	177.0
45.40306798476761	181.0
45.41306866053518	185.0
45.423069336302746	185.0
45.43307001207032	187.0
45.44307068783789	187.0
45.45307136360546	185.0
45.46307203937303	185.0
45.473072715140596	185.0
45.48307339090817	185.0
45.49307406667574	185.0
45.50307474244331	185.0
45.513075418210875	185.0
45.523076093978446	187.0
45.53307676974602	187.0
45.54307744551359	187.0
45.55307812128116	190.0
45.563078797048725	190.0
45.573079472816296	187.0
45.58308014858387	183.0
45.59308082435144	179.0
45.60308150011901	177.0
45.613082175886575	173.0
45.62308285165415	167.0
45.63308352742172	163.0
45.64308420318929	159.0
45.653084878956854	158.0
45.663085554724425	156.0
45.673086230492	154.0
45.68308690625957	154.0
45.69308758202714	156.0
45.703088257794704	158.0
45.713088933562275	161.0
45.72308960932985	165.0
45.73309028509742	169.0
45.74309096086499	173.0
45.753091636632554	175.0
45.763092312400126	177.0
45.7730929881677	177.0
45.78309366393527	179.0
45.79309433970284	179.0
45.803095015470404	177.0
45.813095691237976	177.0
45.82309636700555	177.0
45.83309704277312	175.0
45.84309771854068	173.0
45.853098394308255	173.0
45.863099070075826	171.0
45.8730997458434	171.0
45.88310042161097	171.0
45.89310109737853	169.0
45.903101773146105	169.0
45.913102448913676	167.0
45.92310312468125	169.0
45.93310380044882	171.0
45.943104476216384	175.0
45.953105151983955	179.0
45.96310582775153	183.0
45.9731065035191	187.0
45.98310717928666	192.0
45.993107855054234	199.0
46.003108530821805	203.0
46.01310920658938	206.0
46.02310988235695	206.0
46.03311055812451	206.0
46.043111233892084	206.0
46.053111909659656	208.0
46.06311258542723	208.0
46.0731132611948	208.0
46.08311393696236	206.0
46.093114612729934	0.0
46.103115288497506	208.0
46.11311596426508	0.0
46.12311664003265	0.0
46.13311731580021	0.0
46.143117991567784	0.0
46.153118667335356	0.0
46.16311934310293	0.0
46.17312001887049	0.0
46.18312069463806	0.0
46.193121370405635	0.0
46.203122046173206	0.0
46.21312272194078	0.0
46.22312339770834	0.0
46.23312407347591	0.0
46.243124749243485	0.0
46.253125425011056	0.0
46.26312610077863	0.0
46.27312677654619	0.0
46.283127452313764	0.0
46.293128128081335	0.0
46.30312880384891	0.0
46.31312947961647	0.0
46.32313015538404	0.0
46.333130831151614	0.0
46.343131506919185	0.0
46.35313218268676	0.0
46.36313285845432	0.0
46.37313353422189	0.0
46.383134209989464	0.0
46.393134885757036	0.0
46.40313556152461	0.0
46.41313623729217	0.0
46.42313691305974	0.0
46.433137588827314	0.0
46.443138264594886	0.0
46.45313894036246	0.0
46.46313961613002	0.0
46.47314029189759	0.0
46.483140967665165	0.0
46.493141643432736	0.0
46.5031423192003	0.0
46.51314299496787	0.0
46.52314367073544	0.0
46.533144346503015	0.0
46.543145022270586	0.0
46.55314569803815	0.0
46.56314637380572	0.0
46.57314704957329	0.0
46.583147725340865	0.0
46.59314840110844	0.0
46.603149076876	0.0
46.61314975264357	0.0
46.623150428411144	0.0
46.633151104178715	0.0
46.64315177994628	0.0
46.65315245571385	0.0
46.66315313148142	0.0
46.673153807248994	0.0
46.683154483016565	0.0
46.69315515878413	0.0
46.7031558345517	0.0
46.71315651031927	291.0
46.723157186086844	0.0
46.733157861854416	0.0
46.74315853762198	0.0
46.75315921338955	0.0
46.76315988915712	0.0
46.773160564924694	0.0
46.783161240692266	0.0
46.79316191645983	0.0
46.8031625922274	248.0
46.81316326799497	0.0
46.823163943762545	0.0
46.83316461953011	0.0
46.84316529529768	0.0
46.85316597106525	0.0
46.86316664683282	234.0
46.873167322600395	234.0
46.88316799836796	234.0
46.89316867413553	234.0
46.9031693499031	234.0
46.913170025670674	236.0
46.923170701438245	236.0
46.93317137720581	236.0
46.94317205297338	239.0
46.95317272874095	242.0
46.963173404508524	248.0
46.97317408027609	250.0
46.98317475604366	256.0
46.99317543181123	259.0
47.0031761075788	265.0
47.013176783346374	268.0
47.02317745911394	268.0
47.03317813488151	268.0
47.04317881064908	265.0
47.05317948641665	262.0
47.063180162184224	256.0
47.07318083795179	253.0
47.08318151371936	245.0
47.09318218948693	242.0
47.1031828652545	0.0
47.113183541022075	0.0
47.12318421678964	0.0
47.13318489255721	0.0
47.14318556832478	0.0
47.15318624409235	0.0
47.16318691985992	0.0
47.17318759562749	0.0
47.18318827139506	0.0
47.19318894716263	0.0
47.2031896229302	0.0
47.21319029869777	0.0
47.22319097446534	0.0
47.23319165023291	0.0
47.24319232600048	0.0
47.253193001768054	0.0
47.26319367753562	0.0
47.27319435330319	0.0
47.28319502907076	0.0
47.29319570483833	0.0
47.3031963806059	0.0
47.31319705637347	0.0
47.32319773214104	0.0
47.33319840790861	0.0
47.34319908367618	0.0
47.35319975944375	0.0
47.36320043521132	215.0
47.37320111097889	215.0
47.38320178674646	215.0
47.39320246251403	213.0
47.4032031382816	213.0
47.41320381404917	0.0
47.42320448981674	0.0
47.43320516558431	0.0
47.44320584135188	0.0
47.45320651711945	0.0
47.46320719288702	215.0
47.47320786865459	215.0
47.48320854442216	215.0
47.493209220189726	213.0
47.5032098959573	213.0
47.51321057172487	213.0
47.52321124749244	215.0
47.53321192326001	218.0
47.54321259902758	218.0
47.55321327479515	220.0
47.56321395056272	223.0
47.57321462633029	228.0
47.58321530209786	236.0
47.59321597786543	0.0
47.603216653633	0.0
47.61321732940057	265.0
47.62321800516814	272.0
47.633218680935705	278.0
47.64321935670328	281.0
47.65322003247085	281.0
47.66322070823842	281.0
47.67322138400599	281.0
47.683222059773556	278.0
47.69322273554113	278.0
47.7032234113087	275.0
47.71322408707627	275.0
47.72322476284384	272.0
47.733225438611406	265.0
47.74322611437898	259.0
47.75322679014655	253.0
47.76322746591412	250.0
47.77322814168169	245.0
47.783228817449256	242.0
47.79322949321683	239.0
47.8032301689844	236.0
47.81323084475197	236.0
47.823231520519535	239.0
47.833232196287106	242.0
47.84323287205468	242.0
47.85323354782225	245.0
47.86323422358982	248.0
47.873234899357385	513.0
47.88323557512496	519.0
47.89323625089253	531.0
47.9032369266601	0.0
47.91323760242767	0.0
47.923238278195235	281.0
47.93323895396281	284.0
47.94323962973038	288.0
47.95324030549795	288.0
47.963240981265514	288.0
47.973241657033086	284.0
47.98324233280066	284.0
47.99324300856823	281.0
48.0032436843358	278.0
48.013244360103364	278.0
48.023245035870936	275.0
48.03324571163851	275.0
48.04324638740608	272.0
48.05324706317365	268.0
48.063247738941214	265.0
48.073248414708786	259.0
48.08324909047636	256.0
48.09324976624393	250.0
48.1032504420115	245.0
48.113251117779065	242.0
48.123251793546636	239.0
48.13325246931421	236.0
48.14325314508178	234.0
48.15325382084934	231.0
48.163254496616915	231.0
48.173255172384486	231.0
48.18325584815206	231.0
48.19325652391963	231.0
48.203257199687194	228.0
48.213257875454765	228.0
48.22325855122234	228.0
48.23325922698991	228.0
48.24325990275748	0.0
48.253260578525044	0.0
48.263261254292615	0.0
48.27326193006019	0.0
48.28326260582776	0.0
48.29326328159532	0.0
48.303263957362894	0.0
48.313264633130466	0.0
48.32326530889804	0.0
48.33326598466561	0.0
48.34326666043317	0.0
48.353267336200744	0.0
48.363268011968316	0.0
48.37326868773589	0.0
48.38326936350346	0.0
48.39327003927102	0.0
48.403270715038595	0.0
48.413271390806166	0.0
48.42327206657374	0.0
48.43327274234131	0.0
48.44327341810887	0.0
48.453274093876445	0.0
48.463274769644016	0.0
48.47327544541159	0.0
48.48327612117915	0.0
48.49327679694672	0.0
48.503277472714295	0.0
48.51327814848187	0.0
48.52327882424944	0.0
48.533279500017	0.0
48.543280175784574	0.0
48.553280851552145	0.0
48.56328152731972	0.0
48.57328220308729	0.0
48.58328287885485	0.0
48.593283554622424	0.0
48.603284230389995	0.0
48.61328490615757	0.0
48.62328558192513	0.0
48.6332862576927	0.0
48.643286933460274	0.0
48.653287609227846	0.0
48.66328828499542	0.0
48.67328896076298	0.0
48.68328963653055	0.0
48.693290312298124	0.0
48.703290988065696	0.0
48.71329166383327	0.0
48.72329233960083	0.0
48.7332930153684	0.0
48.743293691135975	0.0
48.753294366903546	0.0
48.76329504267112	0.0
48.77329571843868	0.0
48.78329639420625	0.0
48.793297069973825	0.0
48.803297745741396	0.0
48.81329842150896	0.0
48.82329909727653	0.0
48.833299773044104	0.0
48.843300448811675	0.0
48.85330112457925	0.0
48.86330180034681	0.0
48.87330247611438	0.0
48.883303151881954	0.0
48.893303827649525	0.0
48.9033045034171	0.0
48.91330517918466	0.0
48.92330585495223	0.0
48.933306530719804	0.0
48.943307206487376	0.0
48.95330788225494	0.0
48.96330855802251	0.0
48.97330923379008	0.0
48.983309909557654	0.0
48.993310585325226	0.0
49.00331126109279	0.0
49.01331193686036	0.0
49.02331261262793	0.0
49.033313288395505	0.0
49.043313964163076	0.0
49.05331463993064	0.0
49.06331531569821	0.0
49.07331599146578	0.0
49.083316667233355	0.0
49.093317343000926	0.0
49.10331801876849	0.0
49.11331869453606	0.0
49.12331937030363	0.0
49.133320046071205	284.0
49.14332072183877	284.0
49.15332139760634	281.0
49.16332207337391	278.0
49.173322749141484	272.0
49.183323424909055	268.0
49.19332410067662	262.0
49.20332477644419	259.0
49.21332545221176	0.0
49.223326127979334	0.0
49.233326803746905	0.0
49.24332747951447	0.0
49.25332815528204	0.0
49.26332883104961	0.0
49.273329506817184	0.0
49.28333018258475	0.0
49.29333085835232	0.0
49.30333153411989	0.0
49.31333220988746	0.0
49.323332885655034	0.0
49.3333335614226	0.0
49.34333423719017	0.0
49.35333491295774	0.0
49.36333558872531	0.0
49.373336264492885	0.0
49.38333694026045	0.0
49.39333761602802	291.0
49.40333829179559	288.0
49.41333896756316	288.0
49.423339643330735	288.0
49.4333403190983	288.0
49.44334099486587	288.0
49.45334167063344	288.0
49.463342346401014	288.0
49.47334302216858	288.0
49.48334369793615	284.0
49.49334437370372	281.0
49.50334504947129	275.0
49.513345725238864	268.0
49.52334640100643	265.0
49.533347076774	0.0
49.54334775254157	0.0
49.55334842830914	0.0
49.563349104076714	0.0
49.57334977984428	0.0
49.58335045561185	0.0
49.59335113137942	0.0
49.60335180714699	0.0
49.61335248291456	0.0
49.62335315868213	0.0
49.6333538344497	0.0
49.64335451021727	0.0
49.65335518598484	0.0
49.66335586175241	0.0
49.67335653751998	0.0
49.68335721328755	0.0
49.69335788905512	0.0
49.70335856482269	0.0
49.71335924059026	0.0
49.72335991635783	0.0
49.7333605921254	0.0
49.74336126789297	0.0
49.75336194366054	0.0
49.76336261942811	0.0
49.77336329519568	0.0
49.78336397096325	0.0
49.79336464673082	0.0
49.80336532249839	0.0
49.81336599826596	0.0
49.82336667403353	0.0
49.8333673498011	0.0
49.84336802556867	0.0
49.85336870133624	0.0
49.86336937710381	0.0
49.87337005287138	0.0
49.88337072863895	0.0
49.89337140440652	0.0
49.90337208017409	0.0
49.91337275594166	0.0
49.92337343170923	0.0
49.9333741074768	0.0
49.943374783244366	0.0
49.95337545901194	0.0
49.96337613477951	0.0
49.97337681054708	0.0
49.98337748631465	0.0
49.993378162082216	0.0
50.00337883784979	0.0
50.01337951361736	0.0
50.02338018938493	0.0
50.0333808651525	0.0
50.043381540920066	0.0
50.05338221668764	0.0
50.06338289245521	0.0
50.07338356822278	0.0
50.08338424399035	0.0
50.093384919757916	0.0
50.10338559552549	0.0
50.11338627129306	0.0
50.12338694706063	0.0
50.133387622828195	0.0
50.14338829859577	0.0
50.15338897436334	0.0
50.16338965013091	0.0
50.17339032589848	0.0
50.183391001666045	0.0
50.19339167743362	0.0
50.20339235320119	0.0
50.21339302896876	0.0
50.22339370473633	0.0
50.233394380503896	0.0
50.24339505627147	0.0
50.25339573203904	0.0
50.26339640780661	0.0
50.273397083574174	0.0
50.283397759341746	0.0
50.29339843510932	0.0
50.30339911087689	0.0
50.31339978664446	250.0
50.323400462412025	248.0
50.333401138179596	242.0
50.34340181394717	239.0
50.35340248971474	239.0
50.36340316548231	239.0
50.373403841249875	242.0
50.383404517017446	245.0
50.39340519278502	250.0
50.40340586855259	256.0
50.41340654432016	259.0
50.423407220087725	265.0
50.4334078958553	268.0
50.44340857162287	275.0
50.45340924739044	284.0
50.463409923158004	284.0
50.473410598925575	284.0
50.48341127469315	284.0
50.49341195046072	281.0
50.50341262622829	281.0
50.513413301995854	278.0
50.523413977763425	278.0
50.533414653531	275.0
50.54341532929857	272.0
50.55341600506614	265.0
50.563416680833704	262.0
50.573417356601276	256.0
50.58341803236885	253.0
50.59341870813642	250.0
50.60341938390398	250.0
50.613420059671554	248.0
50.623420735439126	245.0
50.6334214112067	239.0
50.64342208697427	239.0
50.65342276274183	236.0
50.663423438509405	236.0
50.673424114276976	236.0
50.68342479004455	239.0
50.69342546581212	239.0
50.70342614157968	239.0
50.713426817347255	239.0
50.723427493114826	239.0
50.7334281688824	242.0
50.74342884464997	248.0
50.753429520417534	250.0
50.763430196185105	253.0
50.77343087195268	256.0
50.78343154772025	259.0
50.79343222348781	262.0
50.803432899255384	265.0
50.813433575022955	268.0
50.82343425079053	275.0
50.8334349265581	278.0
50.84343560232566	284.0
50.853436278093234	288.0
50.863436953860806	291.0
50.87343762962838	291.0
50.88343830539595	288.0
50.89343898116351	288.0
50.903439656931084	284.0
50.913440332698656	284.0
50.92344100846623	284.0
50.93344168423379	284.0
50.94344236000136	284.0
50.953443035768935	284.0
50.963443711536506	284.0
50.97344438730408	284.0
50.98344506307164	284.0
50.99344573883921	284.0
51.003446414606785	284.0
51.013447090374356	284.0
51.02344776614193	284.0
51.03344844190949	288.0
51.04344911767706	288.0
51.053449793444635	288.0
51.063450469212206	288.0
51.07345114497978	288.0
51.08345182074734	288.0
51.093452496514914	288.0
51.103453172282485	288.0
51.11345384805006	288.0
51.12345452381762	288.0
51.13345519958519	288.0
51.143455875352764	288.0
51.153456551120335	288.0
51.16345722688791	288.0
51.17345790265547	288.0
51.18345857842304	288.0
51.193459254190614	288.0
51.203459929958186	288.0
51.21346060572576	288.0
51.22346128149332	0.0
51.23346195726089	0.0
51.243462633028464	0.0
51.253463308796036	0.0
51.2634639845636	0.0
51.27346466033117	0.0
51.28346533609874	0.0
51.293466011866315	0.0
51.303466687633886	0.0
51.31346736340145	0.0
51.32346803916902	0.0
51.33346871493659	0.0
51.343469390704165	0.0
51.353470066471736	0.0
51.3634707422393	0.0
51.37347141800687	0.0
51.383472093774444	0.0
51.393472769542015	0.0
51.40347344530959	0.0
51.41347412107715	0.0
51.42347479684472	0.0
51.433475472612294	0.0
51.443476148379865	0.0
51.45347682414743	0.0
51.463477499915	0.0
51.47347817568257	0.0
51.483478851450144	0.0
51.493479527217715	0.0
51.50348020298528	0.0
51.51348087875285	0.0
51.52348155452042	0.0
51.533482230287994	0.0
51.543482906055566	0.0
51.55348358182313	0.0
51.5634842575907	0.0
51.57348493335827	0.0
51.583485609125844	0.0
51.59348628489341	0.0
51.60348696066098	0.0
51.61348763642855	0.0
51.62348831219612	0.0
51.633488987963695	0.0
51.64348966373126	0.0
51.65349033949883	0.0
51.6634910152664	0.0
51.67349169103397	0.0
51.683492366801545	0.0
51.69349304256911	0.0
51.70349371833668	0.0
51.71349439410425	0.0
51.723495069871824	0.0
51.733495745639395	0.0
51.74349642140696	0.0
51.75349709717453	0.0
51.7634977729421	0.0
51.773498448709674	0.0
51.78349912447724	0.0
51.79349980024481	0.0
51.80350047601238	0.0
51.81350115177995	0.0
51.823501827547524	0.0
51.83350250331509	0.0
51.84350317908266	0.0
51.85350385485023	0.0
51.8635045306178	0.0
51.873505206385374	0.0
51.88350588215294	0.0
51.89350655792051	0.0
51.90350723368808	0.0
51.91350790945565	0.0
51.92350858522322	0.0
51.93350926099079	0.0
51.94350993675836	0.0
51.95351061252593	0.0
51.9635112882935	0.0
51.97351196406107	0.0
51.98351263982864	0.0
51.99351331559621	0.0
52.00351399136378	0.0
52.01351466713135	0.0
52.02351534289892	0.0
52.03351601866649	0.0
52.04351669443406	0.0
52.05351737020163	0.0
52.063518045969204	0.0
52.07351872173677	0.0
52.08351939750434	0.0
52.09352007327191	0.0
52.10352074903948	0.0
52.11352142480705	0.0
52.12352210057462	0.0
52.13352277634219	0.0
52.14352345210976	0.0
52.15352412787733	0.0
52.1635248036449	0.0
52.17352547941247	0.0
52.18352615518004	0.0
52.19352683094761	0.0
52.20352750671518	0.0
52.21352818248275	0.0
52.22352885825032	0.0
52.23352953401789	0.0
52.24353020978546	0.0
52.253530885553026	0.0
52.2635315613206	0.0
52.27353223708817	0.0
52.28353291285574	0.0
52.29353358862331	0.0
52.303534264390876	0.0
52.31353494015845	0.0
52.32353561592602	0.0
52.33353629169359	0.0
52.34353696746116	0.0
52.35353764322873	0.0
52.3635383189963	0.0
52.37353899476387	0.0
52.38353967053144	0.0
52.39354034629901	0.0
52.40354102206658	0.0
52.41354169783415	0.0
52.42354237360172	0.0
52.43354304936929	327.0
52.443543725136855	0.0
52.45354440090443	0.0
52.463545076672	0.0
52.47354575243957	0.0
52.48354642820714	0.0
52.493547103974706	0.0
52.50354777974228	0.0
52.51354845550985	0.0
52.52354913127742	0.0
52.53354980704499	0.0
52.543550482812556	0.0
52.55355115858013	0.0
52.5635518343477	0.0
52.57355251011527	0.0
52.583553185882835	0.0
52.593553861650406	0.0
52.60355453741798	0.0
52.61355521318555	0.0
52.62355588895312	0.0
52.633556564720685	0.0
52.643557240488256	0.0
52.65355791625583	0.0
52.6635585920234	0.0
52.67355926779097	0.0
52.683559943558535	0.0
52.69356061932611	0.0
52.70356129509368	0.0
52.71356197086125	0.0
52.72356264662882	0.0
52.733563322396385	0.0
52.74356399816396	0.0
52.75356467393153	0.0
52.7635653496991	0.0
52.773566025466664	0.0
52.783566701234236	0.0
52.79356737700181	0.0
52.80356805276938	0.0
52.81356872853695	0.0
52.823569404304514	0.0
52.833570080072086	0.0
52.84357075583966	0.0
52.85357143160723	0.0
52.8635721073748	0.0
52.873572783142365	0.0
52.883573458909936	0.0
52.89357413467751	0.0
52.90357481044508	0.0
52.91357548621264	0.0
52.923576161980215	0.0
52.933576837747786	0.0
52.94357751351536	0.0
52.95357818928293	0.0
52.96357886505049	0.0
52.973579540818065	0.0
52.983580216585636	0.0
52.99358089235321	0.0
53.00358156812078	0.0
53.013582243888344	0.0
53.023582919655915	0.0
53.03358359542349	0.0
53.04358427119106	0.0
53.05358494695863	0.0
53.063585622726194	0.0
53.073586298493765	0.0
53.08358697426134	0.0
53.09358765002891	0.0
53.10358832579647	0.0
53.113589001564044	0.0
53.123589677331616	0.0
53.13359035309919	0.0
53.14359102886676	0.0
53.15359170463432	0.0
53.163592380401894	0.0
53.173593056169466	0.0
53.18359373193704	0.0
53.19359440770461	0.0
53.20359508347217	0.0
53.213595759239745	0.0
53.223596435007316	0.0
53.23359711077489	0.0
53.24359778654245	0.0
53.25359846231002	0.0
53.263599138077595	0.0
53.273599813845166	0.0
53.28360048961274	0.0
53.2936011653803	0.0
53.303601841147874	0.0
53.313602516915445	0.0
53.32360319268302	0.0
53.33360386845059	0.0
53.34360454421815	0.0
53.353605219985724	0.0
53.363605895753295	0.0
53.37360657152087	0.0
53.38360724728843	0.0
53.393607923056	0.0
53.403608598823574	0.0
53.413609274591145	0.0
53.42360995035872	0.0
53.43361062612628	0.0
53.44361130189385	0.0
53.453611977661424	0.0
53.463612653428996	0.0
53.47361332919657	0.0
53.48361400496413	0.0
53.4936146807317	0.0
53.503615356499274	0.0
53.513616032266846	0.0
53.52361670803442	0.0
53.53361738380198	0.0
53.54361805956955	0.0
53.553618735337125	0.0
53.563619411104696	0.0
53.57362008687226	0.0
53.58362076263983	0.0
53.5936214384074	0.0
53.603622114174975	0.0
53.613622789942546	0.0
53.62362346571011	0.0
53.63362414147768	0.0
53.643624817245254	0.0
53.653625493012825	0.0
53.6636261687804	0.0
53.67362684454796	0.0
53.68362752031553	0.0
53.693628196083104	0.0
53.703628871850675	0.0
53.71362954761824	0.0
53.72363022338581	0.0
53.73363089915338	0.0
53.743631574920954	0.0
53.753632250688526	0.0
53.76363292645609	0.0
53.77363360222366	0.0
53.78363427799123	0.0
53.793634953758804	0.0
53.803635629526376	0.0
53.81363630529394	0.0
53.82363698106151	0.0
53.83363765682908	0.0
53.843638332596655	0.0
53.853639008364226	0.0
53.86363968413179	0.0
53.87364035989936	0.0
53.88364103566693	0.0
53.893641711434505	0.0
53.90364238720207	0.0
53.91364306296964	0.0
53.92364373873721	0.0
53.93364441450478	0.0
53.943645090272355	0.0
53.95364576603992	0.0
53.96364644180749	0.0
53.97364711757506	0.0
53.983647793342634	0.0
53.993648469110205	0.0
54.00364914487777	0.0
54.01364982064534	0.0
54.02365049641291	0.0
54.033651172180484	0.0
54.04365184794805	0.0
54.05365252371562	0.0
54.06365319948319	0.0
54.07365387525076	0.0
54.083654551018334	0.0
54.0936552267859	0.0
54.10365590255347	0.0
54.11365657832104	0.0
54.12365725408861	0.0
54.133657929856184	0.0
54.14365860562375	0.0
54.15365928139132	0.0
54.16365995715889	0.0
54.17366063292646	0.0
54.183661308694035	0.0
54.1936619844616	0.0
54.20366266022917	0.0
54.21366333599674	0.0
54.22366401176431	0.0
54.23366468753188	0.0
54.24366536329945	0.0
54.25366603906702	0.0
54.26366671483459	0.0
54.273667390602164	0.0
54.28366806636973	0.0
54.2936687421373	0.0
54.30366941790487	0.0
54.31367009367244	0.0
54.323670769440014	0.0
54.33367144520758	0.0
54.34367212097515	0.0
54.35367279674272	0.0
54.36367347251029	0.0
54.37367414827786	0.0
54.38367482404543	0.0
54.393675499813	0.0
54.40367617558057	0.0
54.41367685134814	0.0
54.42367752711571	0.0
54.43367820288328	0.0
54.44367887865085	0.0
54.45367955441842	0.0
54.46368023018599	0.0
54.47368090595356	0.0
54.48368158172113	0.0
54.4936822574887	0.0
54.50368293325627	0.0
54.51368360902384	0.0
54.52368428479141	0.0
54.53368496055898	0.0
54.54368563632655	0.0
54.55368631209412	0.0
54.563686987861686	0.0
54.57368766362926	0.0
54.58368833939683	0.0
54.5936890151644	0.0
54.60368969093197	0.0
54.61369036669954	0.0
54.62369104246711	0.0
54.63369171823468	0.0
54.64369239400225	0.0
54.65369306976982	0.0
54.66369374553739	0.0
54.67369442130496	0.0
54.68369509707253	0.0
54.6936957728401	0.0
54.703696448607666	0.0
54.71369712437524	0.0
54.72369780014281	0.0
54.73369847591038	0.0
54.74369915167795	0.0
54.753699827445516	0.0
54.76370050321309	0.0
54.77370117898066	0.0
54.78370185474823	0.0
54.7937025305158	0.0
54.803703206283366	0.0
54.81370388205094	0.0
54.82370455781851	0.0
54.83370523358608	0.0
54.84370590935365	0.0
54.853706585121216	0.0
54.86370726088879	0.0
54.87370793665636	0.0
54.88370861242393	0.0
54.893709288191495	0.0
54.903709963959066	0.0
54.91371063972664	0.0
54.92371131549421	0.0
54.93371199126178	0.0
54.943712667029345	0.0
54.95371334279692	0.0
54.96371401856449	0.0
54.97371469433206	0.0
54.98371537009963	0.0
54.993716045867195	0.0
55.00371672163477	0.0
55.01371739740234	0.0
55.02371807316991	0.0
55.033718748937474	0.0
55.043719424705046	0.0
55.05372010047262	0.0
55.06372077624019	0.0
55.07372145200776	0.0
55.083722127775324	0.0
55.093722803542896	0.0
55.10372347931047	0.0
55.11372415507804	0.0
55.12372483084561	0.0
55.133725506613175	0.0
55.143726182380746	0.0
55.15372685814832	0.0
55.16372753391589	0.0
55.17372820968346	0.0
55.183728885451025	0.0
55.193729561218596	0.0
55.20373023698617	0.0
55.21373091275374	0.0
55.223731588521304	0.0
55.233732264288875	0.0
55.24373294005645	0.0
55.25373361582402	0.0
55.26373429159159	0.0
55.273734967359154	0.0
55.283735643126725	0.0
55.2937363188943	0.0
55.30373699466187	0.0
55.31373767042944	0.0
55.323738346197004	0.0
55.333739021964575	0.0
55.34373969773215	0.0
55.35374037349972	0.0
55.36374104926728	0.0
55.373741725034854	0.0
55.383742400802426	0.0
55.39374307657	0.0
55.40374375233757	0.0
55.41374442810513	0.0
55.423745103872704	0.0
55.433745779640276	0.0
55.44374645540785	0.0
55.45374713117542	0.0
55.46374780694298	0.0
55.473748482710555	0.0
55.483749158478126	0.0
55.4937498342457	0.0
55.50375051001327	0.0
55.51375118578083	0.0
55.523751861548405	0.0
55.533752537315976	0.0
55.54375321308355	0.0
55.55375388885111	0.0
55.563754564618684	0.0
55.573755240386255	0.0
55.58375591615383	0.0
55.5937565919214	0.0
55.60375726768896	0.0
55.613757943456534	0.0
55.623758619224105	0.0
55.63375929499168	0.0
55.64375997075925	0.0
55.65376064652681	0.0
55.663761322294384	0.0
55.673761998061956	0.0
55.68376267382953	0.0
55.69376334959709	0.0
55.70376402536466	0.0
55.713764701132234	0.0
55.723765376899806	0.0
55.73376605266738	0.0
55.74376672843494	0.0
55.75376740420251	0.0
55.763768079970085	0.0
55.773768755737656	0.0
55.78376943150523	0.0
55.79377010727279	0.0
55.80377078304036	0.0
55.813771458807935	0.0
55.823772134575506	0.0
55.83377281034308	0.0
55.84377348611064	0.0
55.85377416187821	0.0
55.863774837645785	0.0
55.87377551341336	0.0
55.88377618918092	0.0
55.89377686494849	0.0
55.903777540716064	0.0
55.913778216483635	0.0
55.92377889225121	0.0
55.93377956801877	0.0
55.94378024378634	0.0
55.953780919553914	0.0
55.963781595321485	0.0
55.97378227108906	0.0
55.98378294685662	0.0
55.99378362262419	0.0
56.003784298391764	0.0
56.013784974159336	0.0
56.0237856499269	0.0
56.03378632569447	0.0
56.04378700146204	0.0
56.053787677229614	0.0
56.063788352997186	0.0
56.07378902876475	0.0
56.08378970453232	0.0
56.09379038029989	0.0
56.103791056067465	0.0
56.113791731835036	0.0
56.1237924076026	0.0
56.13379308337017	0.0
56.14379375913774	0.0
56.153794434905315	0.0
56.163795110672886	0.0
56.17379578644045	0.0
56.18379646220802	0.0
56.193797137975594	0.0
56.203797813743165	0.0
56.21379848951073	0.0
56.2237991652783	0.0
56.23379984104587	0.0
56.243800516813444	0.0
56.253801192581015	0.0
56.26380186834858	0.0
56.27380254411615	0.0
56.28380321988372	0.0
56.293803895651294	0.0
56.303804571418866	0.0
56.31380524718643	0.0
56.323805922954	0.0
56.33380659872157	0.0
56.343807274489144	0.0
56.35380795025671	0.0
56.36380862602428	0.0
56.37380930179185	0.0
56.38380997755942	0.0
56.393810653326994	0.0
56.40381132909456	0.0
56.41381200486213	0.0
56.4238126806297	0.0
56.43381335639727	0.0
56.443814032164845	0.0
56.45381470793241	0.0
56.46381538369998	0.0
56.47381605946755	0.0
56.48381673523512	0.0
56.493817411002695	0.0
56.50381808677026	0.0
56.51381876253783	0.0
56.5238194383054	0.0
56.533820114072974	0.0
56.54382078984054	0.0
56.55382146560811	0.0
56.56382214137568	0.0
56.57382281714325	0.0
56.583823492910824	0.0
56.59382416867839	0.0
56.60382484444596	0.0
56.61382552021353	0.0
56.6238261959811	0.0
56.633826871748674	0.0
56.64382754751624	0.0
56.65382822328381	0.0
56.66382889905138	0.0
56.67382957481895	0.0
56.68383025058652	0.0
56.69383092635409	0.0
56.70383160212166	0.0
56.71383227788923	0.0
56.7238329536568	0.0
56.73383362942437	0.0
56.74383430519194	0.0
56.75383498095951	0.0
56.76383565672708	0.0
56.77383633249465	0.0
56.78383700826222	0.0
56.79383768402979	0.0
56.80383835979736	0.0
56.81383903556493	0.0
56.823839711332504	0.0
56.83384038710007	0.0
56.84384106286764	0.0
56.85384173863521	0.0
56.86384241440278	0.0
56.87384309017035	0.0
56.88384376593792	0.0
56.89384444170549	0.0
56.90384511747306	0.0
56.91384579324063	0.0
56.9238464690082	0.0
56.93384714477577	0.0
56.94384782054334	0.0
56.95384849631091	0.0
56.96384917207848	0.0
56.97384984784605	0.0
56.98385052361362	0.0
56.99385119938119	0.0
57.00385187514876	0.0
57.013852550916326	0.0
57.0238532266839	0.0
57.03385390245147	0.0
57.04385457821904	0.0
57.05385525398661	0.0
57.063855929754176	0.0
57.07385660552175	0.0
57.08385728128932	0.0
57.09385795705689	0.0
57.10385863282446	0.0
57.113859308592026	0.0
57.1238599843596	0.0
57.13386066012717	0.0
57.14386133589474	0.0
57.15386201166231	0.0
57.16386268742988	0.0
57.17386336319745	0.0
57.18386403896502	0.0
57.19386471473259	0.0
57.203865390500155	0.0
57.21386606626773	0.0
57.2238667420353	0.0
57.23386741780287	0.0
57.24386809357044	0.0
57.253868769338006	0.0
57.26386944510558	0.0
57.27387012087315	0.0
57.28387079664072	0.0
57.29387147240829	0.0
57.303872148175856	0.0
57.31387282394343	0.0
57.323873499711	0.0
57.33387417547857	0.0
57.343874851246134	0.0
57.353875527013706	0.0
57.36387620278128	0.0
57.37387687854885	0.0
57.38387755431642	0.0
57.393878230083985	0.0
57.403878905851556	0.0
57.41387958161913	0.0
57.4238802573867	0.0
57.43388093315427	0.0
57.443881608921835	0.0
57.453882284689406	0.0
57.46388296045698	0.0
57.47388363622455	0.0
57.48388431199212	0.0
57.493884987759685	0.0
57.50388566352726	0.0
57.51388633929483	0.0
57.5238870150624	0.0
57.533887690829964	0.0
57.543888366597535	0.0
57.55388904236511	0.0
57.56388971813268	0.0
57.57389039390025	0.0
57.583891069667814	0.0
57.593891745435386	0.0
57.60389242120296	0.0
57.61389309697053	0.0
57.6238937727381	0.0
57.633894448505664	0.0
57.643895124273236	0.0
57.65389580004081	0.0
57.66389647580838	0.0
57.67389715157594	0.0
57.683897827343515	0.0
57.693898503111086	0.0
57.70389917887866	0.0
57.71389985464623	0.0
57.72390053041379	0.0
57.733901206181365	0.0
57.743901881948936	0.0
57.75390255771651	0.0
57.76390323348408	0.0
57.77390390925164	0.0
57.783904585019215	0.0
57.79390526078679	0.0
57.80390593655436	0.0
57.81390661232193	0.0
57.823907288089494	0.0
57.833907963857065	0.0
57.84390863962464	0.0
57.85390931539221	0.0
57.86390999115977	0.0
57.873910666927344	0.0
57.883911342694915	0.0
57.89391201846249	0.0
57.90391269423006	0.0
57.91391336999762	0.0
57.923914045765194	0.0
57.933914721532766	0.0
57.94391539730034	0.0
57.95391607306791	0.0
57.96391674883547	0.0
57.973917424603044	0.0
57.983918100370616	0.0
57.99391877613819	0.0
58.00391945190575	0.0
58.01392012767332	0.0
58.023920803440895	0.0
58.033921479208466	0.0
58.04392215497604	0.0
58.0539228307436	0.0
58.06392350651117	0.0
58.073924182278745	0.0
58.083924858046316	0.0
58.09392553381389	0.0
58.10392620958145	0.0
58.113926885349024	0.0
58.123927561116595	0.0
58.13392823688417	0.0
58.14392891265174	0.0
58.1539295884193	0.0
58.163930264186874	0.0
58.173930939954445	0.0
58.18393161572202	0.0
58.19393229148958	0.0
58.20393296725715	0.0
58.213933643024724	0.0
58.223934318792296	0.0
58.23393499455987	0.0
58.24393567032743	0.0
58.253936346095	0.0
58.263937021862574	0.0
58.273937697630146	0.0
58.28393837339772	0.0
58.29393904916528	0.0
58.30393972493285	0.0
58.313940400700425	0.0
58.323941076467996	0.0
58.33394175223556	0.0
58.34394242800313	0.0
58.3539431037707	0.0
58.363943779538275	0.0
58.373944455305846	0.0
58.38394513107341	0.0
58.39394580684098	0.0
58.40394648260855	0.0
58.413947158376125	0.0
58.423947834143696	0.0
58.43394850991126	0.0
58.44394918567883	0.0
58.453949861446404	0.0
58.463950537213975	0.0
58.47395121298155	0.0
58.48395188874911	0.0
58.49395256451668	0.0
58.503953240284254	0.0
58.513953916051825	0.0
58.52395459181939	0.0
58.53395526758696	0.0
58.54395594335453	0.0
58.553956619122104	0.0
58.563957294889676	0.0
58.57395797065724	0.0
58.58395864642481	0.0
58.59395932219238	0.0
58.603959997959954	0.0
58.613960673727526	0.0
58.62396134949509	0.0
58.63396202526266	0.0
58.64396270103023	0.0
58.653963376797805	0.0
58.66396405256537	0.0
58.67396472833294	0.0
58.68396540410051	0.0
58.69396607986808	0.0
58.703966755635655	0.0
58.71396743140322	0.0
58.72396810717079	0.0
58.73396878293836	0.0
58.743969458705934	0.0
58.753970134473505	0.0
58.76397081024107	0.0
58.77397148600864	0.0
58.78397216177621	0.0
58.793972837543784	0.0
58.803973513311355	0.0
58.81397418907892	0.0
58.82397486484649	0.0
58.83397554061406	0.0
58.843976216381634	0.0
58.8539768921492	0.0
58.86397756791677	0.0
58.87397824368434	0.0
58.88397891945191	0.0
58.893979595219484	0.0
58.90398027098705	0.0
58.91398094675462	0.0
58.92398162252219	0.0
58.93398229828976	0.0
58.943982974057334	0.0
58.9539836498249	0.0
58.96398432559247	0.0
58.97398500136004	0.0
58.98398567712761	0.0
58.99398635289518	0.0
59.00398702866275	0.0
59.01398770443032	0.0
59.02398838019789	0.0
59.03398905596546	0.0
59.04398973173303	0.0
59.0539904075006	0.0
59.06399108326817	0.0
59.07399175903574	0.0
59.083992434803314	0.0
59.09399311057088	0.0
59.10399378633845	0.0
59.11399446210602	0.0
59.12399513787359	0.0
59.133995813641164	0.0
59.14399648940873	0.0
59.1539971651763	0.0
59.16399784094387	0.0
59.17399851671144	0.0
59.18399919247901	0.0
59.19399986824658	0.0
59.20400054401415	0.0
59.21400121978172	0.0
59.22400189554929	0.0
59.23400257131686	0.0
59.24400324708443	0.0
59.254003922852	0.0
59.26400459861957	0.0
59.27400527438714	0.0
59.28400595015471	0.0
59.29400662592228	0.0
59.30400730168985	0.0
59.31400797745742	0.0
59.324008653224986	0.0
59.33400932899256	0.0
59.34401000476013	0.0
59.3540106805277	0.0
59.36401135629527	0.0
59.374012032062836	0.0
59.38401270783041	0.0
59.39401338359798	0.0
59.40401405936555	0.0
59.41401473513312	0.0
59.42401541090069	0.0
59.43401608666826	0.0
59.44401676243583	0.0
59.4540174382034	0.0
59.46401811397097	0.0
59.47401878973854	0.0
59.48401946550611	0.0
59.49402014127368	0.0
59.50402081704125	0.0
59.514021492808816	0.0
59.52402216857639	0.0
59.53402284434396	0.0
59.54402352011153	0.0
59.5540241958791	0.0
59.564024871646666	0.0
59.57402554741424	0.0
59.58402622318181	0.0
59.59402689894938	0.0
59.60402757471695	0.0
59.614028250484516	0.0
59.62402892625209	0.0
59.63402960201966	0.0
59.64403027778723	0.0
59.654030953554795	0.0
59.664031629322366	0.0
59.67403230508994	0.0
59.68403298085751	0.0
59.69403365662508	0.0
59.704034332392645	0.0
59.71403500816022	0.0
59.72403568392779	0.0
59.73403635969536	0.0
59.74403703546293	0.0
59.754037711230495	0.0
59.76403838699807	0.0
59.77403906276564	0.0
59.78403973853321	0.0
59.79404041430078	0.0
59.804041090068345	0.0
59.81404176583592	0.0
59.82404244160349	0.0
59.83404311737106	0.0
59.844043793138624	0.0
59.854044468906196	0.0
59.86404514467377	0.0
59.87404582044134	0.0
59.88404649620891	0.0
59.894047171976474	0.0
59.904047847744046	0.0
59.91404852351162	0.0
59.92404919927919	0.0
59.93404987504676	0.0
59.944050550814325	0.0
59.954051226581896	0.0
59.96405190234947	0.0
59.97405257811704	0.0
59.9840532538846	0.0
59.994053929652175	0.0
60.004054605419746	0.0
60.01405528118732	0.0
60.02405595695489	0.0
60.034056632722454	0.0
60.044057308490025	0.0
60.0540579842576	0.0
60.06405866002517	0.0
60.07405933579274	0.0
60.084060011560304	0.0
60.094060687327875	0.0
60.10406136309545	0.0
60.11406203886302	0.0
60.12406271463059	0.0
60.134063390398154	0.0
60.144064066165726	0.0
60.1540647419333	0.0
60.16406541770087	0.0
60.17406609346843	0.0
60.184066769236004	0.0
60.194067445003576	0.0
60.20406812077115	0.0
60.21406879653872	0.0
60.22406947230628	0.0
60.234070148073855	0.0
60.244070823841426	0.0
60.254071499609	0.0
60.26407217537657	0.0
60.27407285114413	0.0
60.284073526911705	319.0
60.294074202679276	323.0
60.30407487844685	312.0
60.31407555421441	0.0
60.32407622998198	0.0
60.334076905749555	0.0
60.344077581517126	0.0
60.3540782572847	248.0
60.36407893305226	242.0
60.374079608819834	231.0
60.384080284587405	228.0
60.39408096035498	226.0
60.40408163612255	228.0
60.41408231189011	236.0
60.424082987657684	242.0
60.434083663425255	250.0
60.44408433919283	259.0
60.4540850149604	268.0
60.46408569072796	275.0
60.474086366495534	272.0
60.484087042263106	265.0
60.49408771803068	259.0
60.50408839379824	250.0
60.51408906956581	245.0
60.524089745333384	239.0
60.534090421100956	236.0
60.54409109686853	234.0
60.55409177263609	236.0
60.56409244840366	239.0
60.574093124171235	245.0
60.584093799938806	248.0
60.59409447570638	253.0
60.60409515147394	256.0
60.61409582724151	259.0
60.624096503009085	259.0
60.634097178776656	259.0
60.64409785454422	256.0
60.65409853031179	250.0
60.664099206079364	242.0
60.674099881846935	234.0
60.68410055761451	223.0
60.69410123338207	218.0
60.70410190914964	213.0
60.714102584917214	210.0
60.724103260684785	208.0
60.73410393645236	208.0
60.74410461221992	208.0
60.75410528798749	210.0
60.764105963755064	213.0
60.774106639522635	215.0
60.78410731529021	215.0
60.79410799105777	215.0
60.80410866682534	215.0
60.814109342592914	213.0
60.824110018360486	213.0
60.83411069412805	210.0
60.84411136989562	210.0
60.85411204566319	210.0
60.864112721430764	213.0
60.874113397198336	215.0
60.8841140729659	218.0
60.89411474873347	218.0
60.90411542450104	220.0
60.914116100268615	220.0
60.924116776036186	220.0
60.93411745180375	218.0
60.94411812757132	218.0
60.95411880333889	218.0
60.964119479106465	215.0
60.97412015487403	215.0
60.9841208306416	215.0
60.99412150640917	218.0
61.004122182176744	218.0
61.014122857944315	220.0
61.02412353371188	220.0
61.03412420947945	223.0
61.04412488524702	226.0
61.054125561014594	226.0
61.064126236782165	226.0
61.07412691254973	228.0
61.0841275883173	231.0
61.09412826408487	236.0
61.104128939852444	248.0
61.114129615620016	256.0
61.12413029138758	265.0
61.13413096715515	275.0
61.14413164292272	284.0
61.154132318690294	294.0
61.16413299445786	294.0
61.17413367022543	294.0
61.184134345993	291.0
61.19413502176057	288.0
61.204135697528145	288.0
61.21413637329571	284.0
61.22413704906328	281.0
61.23413772483085	275.0
61.24413840059842	268.0
61.254139076365995	262.0
61.26413975213356	259.0
61.27414042790113	253.0
61.2841411036687	250.0
61.29414177943627	248.0
61.30414245520384	242.0
61.31414313097141	239.0
61.32414380673898	239.0
61.33414448250655	236.0
61.344145158274124	239.0
61.35414583404169	239.0
61.36414650980926	242.0
61.37414718557683	245.0
61.3841478613444	250.0
61.394148537111974	253.0
61.40414921287954	259.0
61.41414988864711	265.0
61.42415056441468	272.0
61.43415124018225	284.0
61.44415191594982	275.0
61.45415259171739	281.0
61.46415326748496	288.0
61.47415394325253	291.0
61.4841546190201	291.0
61.49415529478767	291.0
61.50415597055524	288.0
61.51415664632281	284.0
61.52415732209038	281.0
61.53415799785795	278.0
61.54415867362552	275.0
61.55415934939309	268.0
61.56416002516066	262.0
61.57416070092823	256.0
61.5841613766958	253.0
61.59416205246337	248.0
61.60416272823094	245.0
61.61416340399851	242.0
61.62416407976608	239.0
61.63416475553365	236.0
61.64416543130122	234.0
61.65416610706879	234.0
61.66416678283636	236.0
61.67416745860393	239.0
61.6841681343715	239.0
61.69416881013907	245.0
61.70416948590664	250.0
61.71417016167421	253.0
61.72417083744178	256.0
61.73417151320935	256.0
61.74417218897692	253.0
61.75417286474449	250.0
61.76417354051206	248.0
61.774174216279626	242.0
61.7841748920472	242.0
61.79417556781477	242.0
61.80417624358234	245.0
61.81417691934991	245.0
61.824177595117476	248.0
61.83417827088505	250.0
61.84417894665262	250.0
61.85417962242019	253.0
61.86418029818776	253.0
61.874180973955326	256.0
61.8841816497229	256.0
61.89418232549047	253.0
61.90418300125804	253.0
61.91418367702561	250.0
61.924184352793176	248.0
61.93418502856075	245.0
61.94418570432832	242.0
61.95418638009589	239.0
61.964187055863455	234.0
61.97418773163103	231.0
61.9841884073986	228.0
61.99418908316617	228.0
62.00418975893374	226.0
62.014190434701305	223.0
62.02419111046888	223.0
62.03419178623645	223.0
62.04419246200402	223.0
62.05419313777159	220.0
62.064193813539156	220.0
62.07419448930673	220.0
62.0841951650743	218.0
62.09419584084187	218.0
62.104196516609434	218.0
62.114197192377006	218.0
62.12419786814458	0.0
62.13419854391215	0.0
62.14419921967972	0.0
62.154199895447285	0.0
62.164200571214856	0.0
62.17420124698243	0.0
62.18420192275	0.0
62.19420259851757	0.0
62.204203274285135	0.0
62.214203950052706	0.0
62.22420462582028	0.0
62.23420530158785	0.0
62.24420597735542	0.0
62.254206653122985	0.0
62.264207328890556	0.0
62.27420800465813	0.0
62.2842086804257	0.0
62.294209356193264	0.0
62.304210031960835	0.0
62.31421070772841	0.0
62.32421138349598	0.0
62.33421205926355	0.0
62.344212735031114	0.0
62.354213410798685	0.0
62.36421408656626	0.0
62.37421476233383	0.0
62.3842154381014	250.0
62.394216113868964	0.0
62.404216789636536	0.0
62.41421746540411	0.0
62.42421814117168	0.0
62.43421881693924	0.0
62.444219492706814	0.0
62.454220168474386	0.0
62.46422084424196	0.0
62.47422152000953	0.0
62.48422219577709	0.0
62.494222871544665	0.0
62.504223547312236	0.0
62.51422422307981	0.0
62.52422489884738	0.0
62.53422557461494	0.0
62.544226250382515	0.0
62.554226926150086	0.0
62.56422760191766	0.0
62.57422827768523	0.0
62.584228953452794	0.0
62.594229629220365	0.0
62.60423030498794	0.0
62.61423098075551	259.0
62.62423165652307	256.0
62.634232332290644	250.0
62.644233008058215	248.0
62.65423368382579	245.0
62.66423435959336	242.0
62.67423503536092	239.0
62.684235711128494	239.0
62.694236386896065	242.0
62.70423706266364	242.0
62.71423773843121	245.0
62.72423841419877	242.0
62.734239089966344	245.0
62.744239765733916	250.0
62.75424044150149	256.0
62.76424111726905	259.0
62.77424179303662	265.0
62.784242468804194	268.0
62.794243144571766	275.0
62.80424382033934	278.0
62.8142444961069	281.0
62.82424517187447	284.0
62.834245847642045	284.0
62.844246523409616	284.0
62.85424719917719	284.0
62.86424787494475	288.0
62.87424855071232	288.0
62.884249226479895	288.0
62.894249902247466	284.0
62.90425057801504	284.0
62.9142512537826	284.0
62.924251929550174	281.0
62.934252605317745	278.0
62.94425328108532	272.0
62.95425395685288	265.0
62.96425463262045	259.0
62.974255308388024	253.0
62.984255984155595	248.0
62.99425665992317	245.0
63.00425733569073	245.0
63.0142580114583	245.0
63.024258687225874	245.0
63.034259362993446	245.0
63.04426003876102	245.0
63.05426071452858	245.0
63.06426139029615	245.0
63.074262066063724	245.0
63.084262741831296	245.0
63.09426341759886	248.0
63.10426409336643	253.0
63.114264769134	256.0
63.124265444901575	262.0
63.134266120669146	0.0
63.14426679643671	0.0
63.15426747220428	0.0
63.16426814797185	0.0
63.174268823739425	0.0
63.184269499506996	0.0
63.19427017527456	0.0
63.20427085104213	0.0
63.2142715268097	0.0
63.224272202577275	0.0
63.234272878344846	0.0
63.24427355411241	278.0
63.25427422987998	278.0
63.264274905647554	275.0
63.274275581415125	268.0
63.28427625718269	265.0
63.29427693295026	262.0
63.30427760871783	256.0
63.314278284485404	253.0
63.324278960252975	248.0
63.33427963602054	245.0
63.34428031178811	242.0
63.35428098755568	239.0
63.364281663323254	239.0
63.374282339090826	239.0
63.38428301485839	239.0
63.39428369062596	242.0
63.40428436639353	245.0
63.414285042161104	250.0
63.42428571792867	253.0
63.43428639369624	259.0
63.44428706946381	265.0
63.45428774523138	268.0
63.464288420998955	272.0
63.47428909676652	278.0
63.48428977253409	281.0
63.49429044830166	284.0
63.50429112406923	288.0
63.514291799836805	288.0
63.52429247560437	288.0
63.53429315137194	288.0
63.54429382713951	288.0
63.554294502907084	288.0
63.564295178674655	288.0
63.57429585444222	284.0
63.58429653020979	284.0
63.59429720597736	281.0
63.604297881744934	275.0
63.6142985575125	268.0
63.62429923328007	262.0
63.63429990904764	259.0
63.64430058481521	256.0
63.654301260582784	253.0
63.66430193635035	250.0
63.67430261211792	248.0
63.68430328788549	245.0
63.69430396365306	245.0
63.704304639420634	245.0
63.7143053151882	248.0
63.72430599095577	245.0
63.73430666672334	0.0
63.74430734249091	0.0
63.75430801825848	0.0
63.76430869402605	0.0
63.77430936979362	0.0
63.78431004556119	0.0
63.79431072132876	0.0
63.80431139709633	0.0
63.8143120728639	0.0
63.82431274863147	0.0
63.83431342439904	0.0
63.84431410016661	0.0
63.85431477593418	0.0
63.86431545170175	0.0
63.87431612746932	0.0
63.88431680323689	0.0
63.894317479004464	0.0
63.90431815477203	0.0
63.9143188305396	0.0
63.92431950630717	0.0
63.93432018207474	0.0
63.94432085784231	0.0
63.95432153360988	0.0
63.96432220937745	0.0
63.97432288514502	0.0
63.98432356091259	0.0
63.99432423668016	0.0
64.00432491244773	0.0
64.0143255882153	0.0
64.02432626398287	0.0
64.03432693975044	0.0
64.04432761551801	0.0
64.05432829128559	0.0
64.06432896705314	0.0
64.07432964282071	0.0
64.08433031858829	0.0
64.09433099435586	0.0
64.10433167012343	0.0
64.114332345891	0.0
64.12433302165857	0.0
64.13433369742614	0.0
64.14433437319371	0.0
64.15433504896129	0.0
64.16433572472884	0.0
64.17433640049641	0.0
64.18433707626399	0.0
64.19433775203156	0.0
64.20433842779913	0.0
64.2143391035667	0.0
64.22433977933427	0.0
64.23434045510184	0.0
64.24434113086942	0.0
64.25434180663697	0.0
64.26434248240454	0.0
64.27434315817212	0.0
64.28434383393969	0.0
64.29434450970726	0.0
64.30434518547483	0.0
64.3143458612424	0.0
64.32434653700997	0.0
64.33434721277754	0.0
64.3443478885451	0.0
64.35434856431267	0.0
64.36434924008024	0.0
64.37434991584782	0.0
64.38435059161539	0.0
64.39435126738296	0.0
64.40435194315053	0.0
64.4143526189181	0.0
64.42435329468567	0.0
64.43435397045324	0.0
64.4443546462208	0.0
64.45435532198837	0.0
64.46435599775594	0.0
64.47435667352352	0.0
64.48435734929109	0.0
64.49435802505866	0.0
64.50435870082623	0.0
64.5143593765938	0.0
64.52436005236137	0.0
64.53436072812893	0.0
64.5443614038965	0.0
64.55436207966407	0.0
64.56436275543165	0.0
64.57436343119922	0.0
64.58436410696679	0.0
64.59436478273436	0.0
64.60436545850193	0.0
64.6143661342695	0.0
64.62436681003707	0.0
64.63436748580463	256.0
64.6443681615722	253.0
64.65436883733977	250.0
64.66436951310735	248.0
64.67437018887492	248.0
64.68437086464249	250.0
64.69437154041006	253.0
64.70437221617763	253.0
64.7143728919452	256.0
64.72437356771276	256.0
64.73437424348033	259.0
64.7443749192479	259.0
64.75437559501547	262.0
64.76437627078305	262.0
64.77437694655062	265.0
64.78437762231819	265.0
64.79437829808576	262.0
64.80437897385333	259.0
64.8143796496209	253.0
64.82438032538846	250.0
64.83438100115603	248.0
64.8443816769236	245.0
64.85438235269118	242.0
64.86438302845875	242.0
64.87438370422632	239.0
64.88438437999389	236.0
64.89438505576146	239.0
64.90438573152903	242.0
64.91438640729659	245.0
64.92438708306416	248.0
64.93438775883173	248.0
64.9443884345993	245.0
64.95438911036688	245.0
64.96438978613445	245.0
64.97439046190202	245.0
64.98439113766959	245.0
64.99439181343716	245.0
65.00439248920472	245.0
65.01439316497229	245.0
65.02439384073986	248.0
65.03439451650743	248.0
65.044395192275	248.0
65.05439586804258	250.0
65.06439654381015	250.0
65.07439721957772	253.0
65.08439789534529	259.0
65.09439857111286	262.0
65.10439924688042	265.0
65.11439992264799	268.0
65.12440059841556	275.0
65.13440127418313	281.0
65.1444019499507	288.0
65.15440262571828	288.0
65.16440330148585	288.0
65.17440397725342	284.0
65.18440465302099	284.0
65.19440532878855	284.0
65.20440600455612	284.0
65.21440668032369	284.0
65.22440735609126	284.0
65.23440803185883	281.0
65.2444087076264	281.0
65.25440938339398	281.0
65.26441005916155	281.0
65.27441073492912	281.0
65.28441141069669	0.0
65.29441208646425	0.0
65.30441276223182	0.0
65.31441343799939	0.0
65.32441411376696	0.0
65.33441478953453	0.0
65.3444154653021	0.0
65.35441614106968	0.0
65.36441681683725	0.0
65.37441749260482	0.0
65.38441816837238	0.0
65.39441884413995	0.0
65.40441951990752	0.0
65.41442019567509	0.0
65.42442087144266	0.0
65.43442154721023	0.0
65.4444222229778	0.0
65.45442289874538	0.0
65.46442357451295	0.0
65.47442425028052	0.0
65.48442492604808	0.0
65.49442560181565	0.0
65.50442627758322	0.0
65.51442695335079	0.0
65.52442762911836	0.0
65.53442830488594	0.0
65.5444289806535	0.0
65.55442965642108	0.0
65.56443033218865	0.0
65.5744310079562	0.0
65.58443168372378	0.0
65.59443235949135	0.0
65.60443303525892	0.0
65.61443371102649	0.0
65.62443438679406	0.0
65.63443506256164	0.0
65.64443573832921	0.0
65.65443641409678	0.0
65.66443708986434	0.0
65.67443776563191	0.0
65.68443844139948	0.0
65.69443911716705	0.0
65.70443979293462	0.0
65.7144404687022	0.0
65.72444114446976	0.0
65.73444182023734	0.0
65.74444249600491	0.0
65.75444317177248	0.0
65.76444384754004	0.0
65.77444452330761	0.0
65.78444519907518	0.0
65.79444587484275	0.0
65.80444655061032	0.0
65.8144472263779	0.0
65.82444790214547	0.0
65.83444857791304	0.0
65.84444925368061	288.0
65.85444992944817	288.0
65.86445060521574	0.0
65.87445128098331	291.0
65.88445195675088	291.0
65.89445263251845	291.0
65.90445330828602	294.0
65.9144539840536	291.0
65.92445465982117	291.0
65.93445533558874	291.0
65.94445601135631	291.0
65.95445668712387	0.0
65.96445736289144	0.0
65.97445803865901	0.0
65.98445871442658	0.0
65.99445939019415	0.0
66.00446006596172	0.0
66.0144607417293	0.0
66.02446141749687	0.0
66.03446209326444	291.0
66.044462769032	0.0
66.05446344479957	0.0
66.06446412056714	0.0
66.07446479633471	0.0
66.08446547210228	0.0
66.09446614786985	0.0
66.10446682363742	0.0
66.114467499405	0.0
66.12446817517257	0.0
66.13446885094012	0.0
66.1444695267077	0.0
66.15447020247527	0.0
66.16447087824284	0.0
66.17447155401041	0.0
66.18447222977798	288.0
66.19447290554555	288.0
66.20447358131312	0.0
66.2144742570807	0.0
66.22447493284827	0.0
66.23447560861582	0.0
66.2444762843834	0.0
66.25447696015097	0.0
66.26447763591854	0.0
66.27447831168611	0.0
66.28447898745368	0.0
66.29447966322125	0.0
66.30448033898882	0.0
66.3144810147564	0.0
66.32448169052395	0.0
66.33448236629152	0.0
66.3444830420591	0.0
66.35448371782667	0.0
66.36448439359424	0.0
66.37448506936181	0.0
66.38448574512938	291.0
66.39448642089695	291.0
66.40448709666452	291.0
66.4144877724321	291.0
66.42448844819965	0.0
66.43448912396723	0.0
66.4444897997348	0.0
66.45449047550237	0.0
66.46449115126994	0.0
66.47449182703751	0.0
66.48449250280508	288.0
66.49449317857265	288.0
66.50449385434023	291.0
66.51449453010778	291.0
66.52449520587535	291.0
66.53449588164293	291.0
66.5444965574105	294.0
66.55449723317807	294.0
66.56449790894564	294.0
66.57449858471321	294.0
66.58449926048078	291.0
66.59449993624835	291.0
66.60450061201593	0.0
66.61450128778348	0.0
66.62450196355105	0.0
66.63450263931863	0.0
66.6445033150862	0.0
66.65450399085377	0.0
66.66450466662134	0.0
66.67450534238891	0.0
66.68450601815648	0.0
66.69450669392405	0.0
66.70450736969161	0.0
66.71450804545918	0.0
66.72450872122675	0.0
66.73450939699433	0.0
66.7445100727619	0.0
66.75451074852947	294.0
66.76451142429704	0.0
66.77451210006461	0.0
66.78451277583218	0.0
66.79451345159974	0.0
66.80451412736731	0.0
66.81451480313488	0.0
66.82451547890246	0.0
66.83451615467003	0.0
66.8445168304376	0.0
66.85451750620517	0.0
66.86451818197274	0.0
66.87451885774031	0.0
66.88451953350788	0.0
66.89452020927544	0.0
66.90452088504301	0.0
66.91452156081058	0.0
66.92452223657816	0.0
66.93452291234573	0.0
66.9445235881133	0.0
66.95452426388087	0.0
66.96452493964844	0.0
66.97452561541601	0.0
66.98452629118357	0.0
66.99452696695114	0.0
67.00452764271871	0.0
67.01452831848628	0.0
67.02452899425386	0.0
67.03452967002143	0.0
67.044530345789	0.0
67.05453102155657	0.0
67.06453169732414	0.0
67.07453237309171	0.0
67.08453304885927	0.0
67.09453372462684	0.0
67.10453440039441	0.0
67.11453507616199	0.0
67.12453575192956	0.0
67.13453642769713	0.0
67.1445371034647	0.0
67.15453777923227	0.0
67.16453845499984	0.0
67.1745391307674	0.0
67.18453980653497	0.0
67.19454048230254	0.0
67.20454115807011	0.0
67.21454183383769	0.0
67.22454250960526	0.0
67.23454318537283	0.0
67.2445438611404	0.0
67.25454453690797	0.0
67.26454521267554	0.0
67.2745458884431	0.0
67.28454656421067	0.0
67.29454723997824	0.0
67.30454791574581	0.0
67.31454859151339	0.0
67.32454926728096	0.0
67.33454994304853	0.0
67.3445506188161	0.0
67.35455129458367	0.0
67.36455197035123	0.0
67.3745526461188	0.0
67.38455332188637	0.0
67.39455399765394	0.0
67.40455467342152	0.0
67.41455534918909	0.0
67.42455602495666	0.0
67.43455670072423	0.0
67.4445573764918	0.0
67.45455805225936	0.0
67.46455872802693	0.0
67.4745594037945	0.0
67.48456007956207	0.0
67.49456075532964	0.0
67.50456143109722	0.0
67.51456210686479	0.0
67.52456278263236	0.0
67.53456345839993	0.0
67.5445641341675	0.0
67.55456480993506	0.0
67.56456548570263	0.0
67.5745661614702	0.0
67.58456683723777	0.0
67.59456751300534	0.0
67.60456818877292	0.0
67.61456886454049	0.0
67.62456954030806	0.0
67.63457021607563	0.0
67.64457089184319	0.0
67.65457156761076	0.0
67.66457224337833	0.0
67.6745729191459	0.0
67.68457359491347	0.0
67.69457427068104	0.0
67.70457494644862	0.0
67.71457562221619	0.0
67.72457629798376	0.0
67.73457697375133	0.0
67.74457764951889	0.0
67.75457832528646	0.0
67.76457900105403	0.0
67.7745796768216	291.0
67.78458035258917	294.0
67.79458102835675	294.0
67.80458170412432	291.0
67.81458237989189	294.0
67.82458305565946	294.0
67.83458373142702	291.0
67.84458440719459	288.0
67.85458508296216	288.0
67.86458575872973	291.0
67.8745864344973	291.0
67.88458711026487	291.0
67.89458778603245	291.0
67.90458846180002	291.0
67.91458913756759	291.0
67.92458981333516	291.0
67.93459048910272	291.0
67.94459116487029	291.0
67.95459184063786	291.0
67.96459251640543	291.0
67.974593192173	291.0
67.98459386794057	291.0
67.99459454370815	291.0
68.00459521947572	288.0
68.01459589524329	288.0
68.02459657101085	291.0
68.03459724677842	288.0
68.04459792254599	288.0
68.05459859831356	288.0
68.06459927408113	0.0
68.0745999498487	0.0
68.08460062561628	0.0
68.09460130138385	0.0
68.10460197715142	291.0
68.11460265291898	291.0
68.12460332868655	291.0
68.13460400445412	294.0
68.14460468022169	294.0
68.15460535598926	294.0
68.16460603175683	291.0
68.1746067075244	291.0
68.18460738329198	291.0
68.19460805905955	288.0
68.20460873482712	288.0
68.21460941059468	288.0
68.22461008636225	288.0
68.23461076212982	0.0
68.24461143789739	0.0
68.25461211366496	0.0
68.26461278943253	0.0
68.2746134652001	0.0
68.28461414096768	0.0
68.29461481673525	0.0
68.3046154925028	0.0
68.31461616827038	0.0
68.32461684403795	0.0
68.33461751980552	0.0
68.34461819557309	0.0
68.35461887134066	0.0
68.36461954710823	0.0
68.3746202228758	0.0
68.38462089864338	0.0
68.39462157441095	0.0
68.4046222501785	0.0
68.41462292594608	0.0
68.42462360171365	0.0
68.43462427748122	0.0
68.44462495324879	0.0
68.45462562901636	0.0
68.46462630478393	0.0
68.4746269805515	0.0
68.48462765631908	0.0
68.49462833208663	0.0
68.5046290078542	0.0
68.51462968362178	0.0
68.52463035938935	0.0
68.53463103515692	0.0
68.54463171092449	0.0
68.55463238669206	0.0
68.56463306245963	0.0
68.5746337382272	0.0
68.58463441399478	0.0
68.59463508976233	0.0
68.6046357655299	0.0
68.61463644129748	0.0
68.62463711706505	0.0
68.63463779283262	0.0
68.64463846860019	0.0
68.65463914436776	0.0
68.66463982013533	0.0
68.6746404959029	0.0
68.68464117167046	0.0
68.69464184743804	0.0
68.7046425232056	0.0
68.71464319897318	0.0
68.72464387474075	0.0
68.73464455050832	0.0
68.74464522627589	0.0
68.75464590204346	0.0
68.76464657781104	0.0
68.77464725357859	0.0
68.78464792934616	0.0
68.79464860511374	0.0
68.8046492808813	0.0
68.81464995664888	0.0
68.82465063241645	0.0
68.83465130818402	0.0
68.8446519839516	0.0
68.85465265971916	0.0
68.86465333548674	0.0
68.8746540112543	0.0
68.88465468702186	0.0
68.89465536278944	0.0
68.90465603855701	0.0
68.91465671432458	0.0
68.92465739009215	0.0
68.93465806585972	0.0
68.9446587416273	0.0
68.95465941739486	0.0
68.96466009316242	0.0
68.97466076893	0.0
68.98466144469757	0.0
68.99466212046514	0.0
69.00466279623271	0.0
69.01466347200028	0.0
69.02466414776785	0.0
69.03466482353542	0.0
69.044665499303	0.0
69.05466617507057	0.0
69.06466685083812	0.0
69.0746675266057	0.0
69.08466820237327	0.0
69.09466887814084	0.0
69.10466955390841	0.0
69.11467022967598	0.0
69.12467090544355	0.0
69.13467158121112	0.0
69.1446722569787	0.0
69.15467293274625	0.0
69.16467360851382	0.0
69.1746742842814	0.0
69.18467496004897	0.0
69.19467563581654	0.0
69.20467631158411	0.0
69.21467698735168	0.0
69.22467766311925	0.0
69.23467833888682	0.0
69.2446790146544	0.0
69.25467969042195	0.0
69.26468036618952	0.0
69.2746810419571	0.0
69.28468171772467	0.0
69.29468239349224	0.0
69.30468306925981	0.0
69.31468374502738	0.0
69.32468442079495	0.0
69.33468509656252	0.0
69.34468577233008	0.0
69.35468644809765	0.0
69.36468712386522	0.0
69.3746877996328	0.0
69.38468847540037	0.0
69.39468915116794	0.0
69.40468982693551	0.0
69.41469050270308	0.0
69.42469117847065	0.0
69.43469185423821	0.0
69.44469253000578	0.0
69.45469320577335	0.0
69.46469388154092	0.0
69.4746945573085	0.0
69.48469523307607	0.0
69.49469590884364	0.0
69.50469658461121	0.0
69.51469726037878	0.0
69.52469793614635	0.0
69.53469861191391	0.0
69.54469928768148	0.0
69.55469996344905	0.0
69.56470063921662	0.0
69.5747013149842	0.0
69.58470199075177	0.0
69.59470266651934	0.0
69.60470334228691	0.0
69.61470401805448	0.0
69.62470469382204	0.0
69.63470536958961	0.0
69.64470604535718	0.0
69.65470672112475	0.0
69.66470739689233	0.0
69.6747080726599	0.0
69.68470874842747	0.0
69.69470942419504	0.0
69.70471009996261	0.0
69.71471077573018	0.0
69.72471145149774	0.0
69.73471212726531	0.0
69.74471280303288	0.0
69.75471347880045	0.0
69.76471415456803	0.0
69.7747148303356	0.0
69.78471550610317	0.0
69.79471618187074	0.0
69.80471685763831	0.0
69.81471753340587	0.0
69.82471820917344	0.0
69.83471888494101	0.0
69.84471956070858	0.0
69.85472023647615	0.0
69.86472091224373	0.0
69.8747215880113	0.0
69.88472226377887	0.0
69.89472293954644	0.0
69.90472361531401	0.0
69.91472429108157	338.0
69.92472496684914	342.0
69.93472564261671	350.0
69.94472631838428	350.0
69.95472699415186	342.0
69.96472766991943	338.0
69.974728345687	331.0
69.98472902145457	323.0
69.99472969722214	316.0
70.0047303729897	312.0
70.01473104875727	312.0
70.02473172452484	312.0
70.03473240029241	316.0
70.04473307605998	316.0
70.05473375182756	319.0
70.06473442759513	319.0
70.0747351033627	323.0
70.08473577913027	327.0
70.09473645489783	327.0
70.1047371306654	354.0
70.11473780643297	354.0
70.12473848220054	354.0
70.13473915796811	350.0
70.14473983373568	342.0
70.15474050950326	316.0
70.16474118527083	312.0
70.1747418610384	308.0
70.18474253680597	305.0
70.19474321257353	305.0
70.2047438883411	308.0
70.21474456410867	316.0
70.22474523987624	327.0
70.23474591564381	334.0
70.24474659141138	350.0
70.25474726717896	354.0
70.26474794294653	354.0
70.2747486187141	354.0
70.28474929448166	346.0
70.29474997024923	327.0
70.3047506460168	319.0
70.31475132178437	316.0
70.32475199755194	312.0
70.33475267331951	308.0
70.34475334908709	301.0
70.35475402485466	294.0
70.36475470062223	291.0
70.3747553763898	288.0
70.38475605215736	288.0
70.39475672792493	288.0
70.4047574036925	0.0
70.41475807946007	0.0
70.42475875522764	0.0
70.43475943099521	294.0
70.44476010676279	294.0
70.45476078253036	294.0
70.46476145829793	294.0
70.47476213406549	291.0
70.48476280983306	288.0
70.49476348560063	284.0
70.5047641613682	284.0
70.51476483713577	284.0
70.52476551290334	284.0
70.53476618867091	284.0
70.54476686443849	284.0
70.55476754020606	284.0
70.56476821597363	284.0
70.57476889174119	284.0
70.58476956750876	288.0
70.59477024327633	288.0
70.6047709190439	291.0
70.61477159481147	291.0
70.62477227057904	291.0
70.63477294634662	294.0
70.64477362211419	294.0
70.65477429788176	291.0
70.66477497364932	291.0
70.67477564941689	291.0
70.68477632518446	288.0
70.69477700095203	288.0
70.7047776767196	288.0
70.71477835248717	288.0
70.72477902825474	291.0
70.73477970402232	291.0
70.74478037978989	291.0
70.75478105555744	288.0
70.76478173132502	288.0
70.77478240709259	288.0
70.78478308286016	288.0
70.79478375862773	288.0
70.8047844343953	288.0
70.81478511016287	288.0
70.82478578593044	288.0
70.83478646169802	288.0
70.84478713746559	291.0
70.85478781323314	291.0
70.86478848900072	288.0
70.87478916476829	288.0
70.88478984053586	288.0
70.89479051630343	288.0
70.904791192071	288.0
70.91479186783857	288.0
70.92479254360615	291.0
70.93479321937372	291.0
70.94479389514127	291.0
70.95479457090885	291.0
70.96479524667642	291.0
70.97479592244399	291.0
70.98479659821156	291.0
70.99479727397913	291.0
71.0047979497467	288.0
71.01479862551427	288.0
71.02479930128185	288.0
71.03479997704942	288.0
71.04480065281697	288.0
71.05480132858455	291.0
71.06480200435212	291.0
71.07480268011969	291.0
71.08480335588726	291.0
71.09480403165483	291.0
71.1048047074224	291.0
71.11480538318997	288.0
71.12480605895755	288.0
71.1348067347251	288.0
71.14480741049267	291.0
71.15480808626025	291.0
71.16480876202782	291.0
71.17480943779539	294.0
71.18481011356296	294.0
71.19481078933053	294.0
71.2048114650981	294.0
71.21481214086567	294.0
71.22481281663325	291.0
71.2348134924008	291.0
71.24481416816838	291.0
71.25481484393595	284.0
71.26481551970352	278.0
71.27481619547109	272.0
71.28481687123866	262.0
71.29481754700623	253.0
71.3048182227738	239.0
71.31481889854138	231.0
71.32481957430893	228.0
71.3348202500765	231.0
71.34482092584408	239.0
71.35482160161165	248.0
71.36482227737922	259.0
71.37482295314679	265.0
71.38482362891436	281.0
71.39482430468193	291.0
71.4048249804495	323.0
71.41482565621706	327.0
71.42482633198463	327.0
71.4348270077522	323.0
71.44482768351978	305.0
71.45482835928735	275.0
71.46482903505492	262.0
71.47482971082249	250.0
71.48483038659006	239.0
71.49483106235763	234.0
71.5048317381252	231.0
71.51483241389276	231.0
71.52483308966033	236.0
71.5348337654279	242.0
71.54483444119548	245.0
71.55483511696305	250.0
71.56483579273062	256.0
71.57483646849819	262.0
71.58483714426576	268.0
71.59483782003333	268.0
71.60483849580089	268.0
71.61483917156846	262.0
71.62483984733603	256.0
71.6348405231036	248.0
71.64484119887118	242.0
71.65484187463875	236.0
71.66484255040632	234.0
71.67484322617389	231.0
71.68484390194146	228.0
71.69484457770903	231.0
71.70484525347659	236.0
71.71484592924416	239.0
71.72484660501173	245.0
71.7348472807793	248.0
71.74484795654688	250.0
71.75484863231445	253.0
71.76484930808202	253.0
71.77484998384959	250.0
71.78485065961716	248.0
71.79485133538472	242.0
71.80485201115229	234.0
71.81485268691986	231.0
71.82485336268743	226.0
71.834854038455	220.0
71.84485471422258	218.0
71.85485538999015	215.0
71.86485606575772	213.0
71.87485674152529	213.0
71.88485741729286	213.0
71.89485809306042	215.0
71.90485876882799	218.0
71.91485944459556	220.0
71.92486012036314	223.0
71.9348607961307	220.0
71.94486147189828	218.0
71.95486214766585	218.0
71.96486282343342	215.0
71.97486349920099	215.0
71.98486417496855	213.0
71.99486485073612	215.0
72.00486552650369	215.0
72.01486620227126	215.0
72.02486687803884	218.0
72.03486755380641	218.0
72.04486822957398	218.0
72.05486890534155	218.0
72.06486958110912	218.0
72.07487025687668	218.0
72.08487093264425	218.0
72.09487160841182	218.0
72.1048722841794	218.0
72.11487295994696	215.0
72.12487363571454	215.0
72.13487431148211	213.0
72.14487498724968	0.0
72.15487566301725	0.0
72.16487633878482	288.0
72.17487701455238	288.0
72.18487769031995	288.0
72.19487836608752	288.0
72.2048790418551	291.0
72.21487971762267	291.0
72.22488039339024	291.0
72.23488106915781	291.0
72.24488174492538	291.0
72.25488242069295	291.0
72.26488309646051	291.0
72.27488377222808	291.0
72.28488444799565	291.0
72.29488512376322	291.0
72.3048857995308	291.0
72.31488647529837	291.0
72.32488715106594	291.0
72.33488782683351	291.0
72.34488850260108	291.0
72.35488917836865	291.0
72.36488985413621	291.0
72.37489052990378	291.0
72.38489120567135	288.0
72.39489188143892	288.0
72.4048925572065	288.0
72.41489323297407	288.0
72.42489390874164	288.0
72.43489458450921	284.0
72.44489526027678	281.0
72.45489593604434	275.0
72.46489661181191	268.0
72.47489728757948	262.0
72.48489796334705	256.0
72.49489863911462	250.0
72.5048993148822	248.0
72.51489999064977	245.0
72.52490066641734	242.0
72.53490134218491	242.0
72.54490201795248	245.0
72.55490269372004	248.0
72.56490336948761	253.0
72.57490404525518	259.0
72.58490472102275	268.0
72.59490539679032	272.0
72.6049060725579	0.0
72.61490674832547	0.0
72.62490742409304	0.0
72.63490809986061	0.0
72.64490877562817	0.0
72.65490945139574	0.0
72.66491012716331	0.0
72.67491080293088	0.0
72.68491147869845	0.0
72.69491215446602	0.0
72.7049128302336	0.0
72.71491350600117	253.0
72.72491418176874	253.0
72.7349148575363	253.0
72.74491553330387	256.0
72.75491620907144	256.0
72.76491688483901	256.0
72.77491756060658	256.0
72.78491823637415	256.0
72.79491891214172	253.0
72.8049195879093	250.0
72.81492026367687	248.0
72.82492093944444	248.0
72.834921615212	245.0
72.84492229097957	245.0
72.85492296674714	245.0
72.86492364251471	248.0
72.87492431828228	245.0
72.88492499404985	245.0
72.89492566981743	245.0
72.904926345585	245.0
72.91492702135257	245.0
72.92492769712013	245.0
72.9349283728877	245.0
72.94492904865527	248.0
72.95492972442284	248.0
72.96493040019041	245.0
72.97493107595798	248.0
72.98493175172555	245.0
72.99493242749313	245.0
73.0049331032607	245.0
73.01493377902827	245.0
73.02493445479583	245.0
73.0349351305634	248.0
73.04493580633097	248.0
73.05493648209854	248.0
73.06493715786611	245.0
73.07493783363368	242.0
73.08493850940125	239.0
73.09493918516883	239.0
73.1049398609364	236.0
73.11494053670395	234.0
73.12494121247153	231.0
73.1349418882391	228.0
73.14494256400667	228.0
73.15494323977424	228.0
73.16494391554181	0.0
73.17494459130938	0.0
73.18494526707696	0.0
73.19494594284453	0.0
73.2049466186121	0.0
73.21494729437966	0.0
73.22494797014723	0.0
73.2349486459148	0.0
73.24494932168237	0.0
73.25494999744994	0.0
73.26495067321751	0.0
73.27495134898508	0.0
73.28495202475266	0.0
73.29495270052023	0.0
73.30495337628778	0.0
73.31495405205536	0.0
73.32495472782293	0.0
73.3349554035905	0.0
73.34495607935807	0.0
73.35495675512564	0.0
73.36495743089321	0.0
73.37495810666078	0.0
73.38495878242836	0.0
73.39495945819591	0.0
73.40496013396348	0.0
73.41496080973106	0.0
73.42496148549863	0.0
73.4349621612662	0.0
73.44496283703377	0.0
73.45496351280134	0.0
73.46496418856891	0.0
73.47496486433648	0.0
73.48496554010406	0.0
73.49496621587161	0.0
73.50496689163919	0.0
73.51496756740676	0.0
73.52496824317433	0.0
73.5349689189419	0.0
73.54496959470947	0.0
73.55497027047704	0.0
73.56497094624461	0.0
73.57497162201219	0.0
73.58497229777974	0.0
73.59497297354731	0.0
73.60497364931489	0.0
73.61497432508246	0.0
73.62497500085003	0.0
73.6349756766176	0.0
73.64497635238517	0.0
73.65497702815274	0.0
73.66497770392031	0.0
73.67497837968789	0.0
73.68497905545544	0.0
73.69497973122301	0.0
73.70498040699059	0.0
73.71498108275816	0.0
73.72498175852573	0.0
73.7349824342933	0.0
73.74498311006087	0.0
73.75498378582844	0.0
73.76498446159601	0.0
73.77498513736357	0.0
73.78498581313114	0.0
73.79498648889872	0.0
73.80498716466629	0.0
73.81498784043386	0.0
73.82498851620143	0.0
73.834989191969	0.0
73.84498986773657	0.0
73.85499054350414	0.0
73.8649912192717	0.0
73.87499189503927	0.0
73.88499257080684	0.0
73.89499324657442	0.0
73.90499392234199	0.0
73.91499459810956	0.0
73.92499527387713	0.0
73.9349959496447	0.0
73.94499662541227	0.0
73.95499730117984	0.0
73.9649979769474	0.0
73.97499865271497	0.0
73.98499932848254	0.0
73.99500000425012	0.0
74.00500068001769	0.0
74.01500135578526	0.0
74.02500203155283	0.0
74.0350027073204	0.0
74.04500338308797	0.0
74.05500405885553	0.0
74.0650047346231	0.0
74.07500541039067	0.0
74.08500608615824	0.0
74.09500676192582	0.0
74.10500743769339	0.0
74.11500811346096	0.0
74.12500878922853	0.0
74.1350094649961	0.0
74.14501014076367	0.0
74.15501081653123	0.0
74.1650114922988	0.0
74.17501216806637	0.0
74.18501284383395	0.0
74.19501351960152	0.0
74.20501419536909	0.0
74.21501487113666	0.0
74.22501554690423	0.0
74.2350162226718	0.0
74.24501689843936	0.0
74.25501757420693	0.0
74.2650182499745	0.0
74.27501892574207	0.0
74.28501960150965	0.0
74.29502027727722	0.0
74.30502095304479	0.0
74.31502162881236	0.0
74.32502230457993	0.0
74.3350229803475	0.0
74.34502365611506	0.0
74.35502433188263	0.0
74.3650250076502	0.0
74.37502568341777	0.0
74.38502635918535	0.0
74.39502703495292	0.0
74.40502771072049	0.0
74.41502838648806	0.0
74.42502906225563	0.0
74.43502973802319	0.0
74.44503041379076	0.0
74.45503108955833	0.0
74.4650317653259	0.0
74.47503244109348	0.0
74.48503311686105	0.0
74.49503379262862	0.0
74.50503446839619	0.0
74.51503514416376	0.0
74.52503581993132	0.0
74.53503649569889	0.0
74.54503717146646	0.0
74.55503784723403	0.0
74.5650385230016	0.0
74.57503919876918	0.0
74.58503987453675	0.0
74.59504055030432	0.0
74.60504122607189	0.0
74.61504190183946	0.0
74.62504257760702	0.0
74.63504325337459	0.0
74.64504392914216	0.0
74.65504460490973	0.0
74.6650452806773	0.0
74.67504595644488	0.0
74.68504663221245	0.0
74.69504730798002	0.0
74.70504798374759	0.0
74.71504865951515	0.0
74.72504933528272	0.0
74.73505001105029	0.0
74.74505068681786	0.0
74.75505136258543	0.0
74.765052038353	0.0
74.77505271412058	0.0
74.78505338988815	0.0
74.79505406565572	0.0
74.80505474142329	0.0
74.81505541719085	0.0
74.82505609295842	0.0
74.83505676872599	0.0
74.84505744449356	0.0
74.85505812026113	0.0
74.8650587960287	0.0
74.87505947179628	0.0
74.88506014756385	0.0
74.89506082333142	0.0
74.90506149909898	0.0
74.91506217486655	0.0
74.92506285063412	0.0
74.93506352640169	0.0
74.94506420216926	0.0
74.95506487793683	0.0
74.9650655537044	0.0
74.97506622947198	0.0
74.98506690523955	0.0
74.99506758100712	0.0
75.00506825677468	0.0
75.01506893254225	0.0
75.02506960830982	0.0
75.03507028407739	0.0
75.04507095984496	0.0
75.05507163561253	0.0
75.0650723113801	0.0
75.07507298714768	0.0
75.08507366291525	0.0
75.0950743386828	0.0
75.10507501445038	0.0
75.11507569021795	0.0
75.12507636598552	0.0
75.13507704175309	0.0
75.14507771752066	0.0
75.15507839328824	0.0
75.1650790690558	0.0
75.17507974482338	0.0
75.18508042059094	0.0
75.1950810963585	0.0
75.20508177212608	0.0
75.21508244789365	0.0
75.22508312366122	0.0
75.23508379942879	0.0
75.24508447519636	0.0
75.25508515096394	0.0
75.26508582673151	0.0
75.27508650249908	0.0
75.28508717826664	0.0
75.29508785403421	0.0
75.30508852980178	0.0
75.31508920556935	0.0
75.32508988133692	0.0
75.3350905571045	0.0
75.34509123287206	0.0
75.35509190863964	0.0
75.36509258440721	0.0
75.37509326017476	0.0
75.38509393594234	0.0
75.39509461170991	0.0
75.40509528747748	0.0
75.41509596324505	0.0
75.42509663901262	0.0
75.4350973147802	0.0
75.44509799054777	0.0
75.45509866631534	0.0
75.46509934208291	0.0
75.47510001785047	0.0
75.48510069361804	0.0
75.49510136938561	0.0
75.50510204515318	0.0
75.51510272092075	0.0
75.52510339668832	0.0
75.5351040724559	0.0
75.54510474822347	0.0
75.55510542399104	0.0
75.5651060997586	0.0
75.57510677552617	0.0
75.58510745129374	0.0
75.59510812706131	0.0
75.60510880282888	0.0
75.61510947859645	0.0
75.62511015436402	0.0
75.6351108301316	0.0
75.64511150589917	0.0
75.65511218166674	0.0
75.6651128574343	0.0
75.67511353320187	0.0
75.68511420896944	0.0
75.69511488473701	0.0
75.70511556050458	0.0
75.71511623627215	0.0
75.72511691203972	0.0
75.7351175878073	0.0
75.74511826357487	0.0
75.75511893934242	0.0
75.76511961511	0.0
75.77512029087757	0.0
75.78512096664514	0.0
75.79512164241271	0.0
75.80512231818028	0.0
75.81512299394785	0.0
75.82512366971542	0.0
75.835124345483	0.0
75.84512502125055	0.0
75.85512569701812	0.0
75.8651263727857	0.0
75.87512704855327	0.0
75.88512772432084	0.0
75.89512840008841	0.0
75.90512907585598	0.0
75.91512975162355	0.0
75.92513042739112	0.0
75.9351311031587	0.0
75.94513177892625	0.0
75.95513245469382	0.0
75.9651331304614	0.0
75.97513380622897	0.0
75.98513448199654	0.0
75.99513515776411	0.0
76.00513583353168	0.0
76.01513650929925	0.0
76.02513718506682	0.0
76.03513786083438	0.0
76.04513853660195	0.0
76.05513921236953	0.0
76.0651398881371	0.0
76.07514056390467	0.0
76.08514123967224	0.0
76.09514191543981	0.0
76.10514259120738	0.0
76.11514326697495	0.0
76.12514394274253	0.0
76.13514461851008	0.0
76.14514529427765	0.0
76.15514597004523	0.0
76.1651466458128	0.0
76.17514732158037	0.0
76.18514799734794	0.0
76.19514867311551	0.0
76.20514934888308	0.0
76.21515002465065	0.0
76.22515070041821	0.0
76.23515137618578	0.0
76.24515205195335	0.0
76.25515272772093	0.0
76.2651534034885	0.0
76.27515407925607	0.0
76.28515475502364	0.0
76.29515543079121	0.0
76.30515610655878	0.0
76.31515678232635	0.0
76.32515745809391	0.0
76.33515813386148	0.0
76.34515880962905	0.0
76.35515948539663	0.0
76.3651601611642	0.0
76.37516083693177	0.0
76.38516151269934	0.0
76.39516218846691	0.0
76.40516286423448	0.0
76.41516354000204	0.0
76.42516421576961	0.0
76.43516489153718	0.0
76.44516556730476	0.0
76.45516624307233	0.0
76.4651669188399	0.0
76.47516759460747	0.0
76.48516827037504	0.0
76.49516894614261	0.0
76.50516962191017	0.0
76.51517029767774	0.0
76.52517097344531	0.0
76.53517164921288	0.0
76.54517232498046	0.0
76.55517300074803	0.0
76.5651736765156	0.0
76.57517435228317	0.0
76.58517502805074	0.0
76.59517570381831	0.0
76.60517637958587	0.0
76.61517705535344	0.0
76.62517773112101	0.0
76.63517840688858	0.0
76.64517908265616	0.0
76.65517975842373	0.0
76.6651804341913	0.0
76.67518110995887	0.0
76.68518178572644	0.0
76.695182461494	0.0
76.70518313726157	0.0
76.71518381302914	0.0
76.72518448879671	0.0
76.73518516456429	0.0
76.74518584033186	0.0
76.75518651609943	0.0
76.765187191867	0.0
76.77518786763457	0.0
76.78518854340214	0.0
76.7951892191697	0.0
76.80518989493727	0.0
76.81519057070484	0.0
76.82519124647241	0.0
76.83519192223999	0.0
76.84519259800756	0.0
76.85519327377513	0.0
76.8651939495427	0.0
76.87519462531027	0.0
76.88519530107783	0.0
76.8951959768454	0.0
76.90519665261297	0.0
76.91519732838054	0.0
76.92519800414811	0.0
76.93519867991569	0.0
76.94519935568326	0.0
76.95520003145083	0.0
76.9652007072184	0.0
76.97520138298597	0.0
76.98520205875353	0.0
76.9952027345211	0.0
77.00520341028867	0.0
77.01520408605624	0.0
77.02520476182382	0.0
77.03520543759139	0.0
77.04520611335896	0.0
77.05520678912653	0.0
77.0652074648941	0.0
77.07520814066166	0.0
77.08520881642923	0.0
77.0952094921968	0.0
77.10521016796437	0.0
77.11521084373194	0.0
77.12521151949952	0.0
77.13521219526709	0.0
77.14521287103466	0.0
77.15521354680223	0.0
77.16521422256979	0.0
77.17521489833736	0.0
77.18521557410493	0.0
77.1952162498725	0.0
77.20521692564007	0.0
77.21521760140764	0.0
77.22521827717522	0.0
77.23521895294279	0.0
77.24521962871036	0.0
77.25522030447793	0.0
77.26522098024549	0.0
77.27522165601306	0.0
77.28522233178063	0.0
77.2952230075482	0.0
77.30522368331577	0.0
77.31522435908335	0.0
77.32522503485092	0.0
77.33522571061849	0.0
77.34522638638606	0.0
77.35522706215362	0.0
77.36522773792119	0.0
77.37522841368876	0.0
77.38522908945633	0.0
77.3952297652239	0.0
77.40523044099147	0.0
77.41523111675905	0.0
77.42523179252662	0.0
77.43523246829419	0.0
77.44523314406176	0.0
77.45523381982932	0.0
77.46523449559689	0.0
77.47523517136446	0.0
77.48523584713203	0.0
77.4952365228996	0.0
77.50523719866717	0.0
77.51523787443475	0.0
77.52523855020232	0.0
77.53523922596989	0.0
77.54523990173745	0.0
77.55524057750502	0.0
77.56524125327259	0.0
77.57524192904016	0.0
77.58524260480773	0.0
77.5952432805753	0.0
77.60524395634287	0.0
77.61524463211045	0.0
77.62524530787802	0.0
77.63524598364559	0.0
77.64524665941315	0.0
77.65524733518072	0.0
77.66524801094829	0.0
77.67524868671586	0.0
77.68524936248343	0.0
77.695250038251	0.0
77.70525071401858	0.0
77.71525138978615	0.0
77.72525206555372	0.0
77.73525274132128	0.0
77.74525341708885	0.0
77.75525409285642	0.0
77.76525476862399	0.0
77.77525544439156	0.0
77.78525612015913	0.0
77.7952567959267	0.0
77.80525747169428	0.0
77.81525814746185	0.0
77.8252588232294	0.0
77.83525949899698	0.0
77.84526017476455	0.0
77.85526085053212	0.0
77.86526152629969	0.0
77.87526220206726	0.0
77.88526287783483	0.0
77.8952635536024	0.0
77.90526422936998	0.0
77.91526490513755	0.0
77.9252655809051	0.0
77.93526625667268	0.0
77.94526693244025	0.0
77.95526760820782	0.0
77.96526828397539	338.0
77.97526895974296	338.0
77.98526963551053	338.0
77.9952703112781	334.0
78.00527098704568	334.0
78.01527166281323	331.0
78.0252723385808	327.0
78.03527301434838	323.0
78.04527369011595	323.0
78.05527436588352	323.0
78.06527504165109	323.0
78.07527571741866	323.0
78.08527639318623	319.0
78.0952770689538	319.0
78.10527774472138	323.0
78.11527842048893	319.0
78.1252790962565	319.0
78.13527977202408	319.0
78.14528044779165	319.0
78.15528112355922	319.0
78.16528179932679	319.0
78.17528247509436	319.0
78.18528315086193	319.0
78.1952838266295	319.0
78.20528450239706	319.0
78.21528517816463	319.0
78.2252858539322	323.0
78.23528652969978	323.0
78.24528720546735	323.0
78.25528788123492	323.0
78.26528855700249	323.0
78.27528923277006	323.0
78.28528990853764	323.0
78.2952905843052	323.0
78.30529126007276	323.0
78.31529193584034	323.0
78.3252926116079	323.0
78.33529328737548	323.0
78.34529396314305	327.0
78.35529463891062	331.0
78.36529531467819	331.0
78.37529599044576	334.0
78.38529666621334	334.0
78.39529734198089	338.0
78.40529801774846	342.0
78.41529869351604	342.0
78.42529936928361	342.0
78.43530004505118	342.0
78.44530072081875	331.0
78.45530139658632	327.0
78.4653020723539	323.0
78.47530274812146	323.0
78.48530342388902	319.0
78.4953040996566	319.0
78.50530477542416	0.0
78.51530545119174	294.0
78.52530612695931	294.0
78.53530680272688	291.0
78.54530747849445	291.0
78.55530815426202	291.0
78.5653088300296	291.0
78.57530950579716	291.0
78.58531018156472	291.0
78.5953108573323	291.0
78.60531153309987	291.0
78.61531220886744	291.0
78.62531288463501	291.0
78.63531356040258	291.0
78.64531423617015	0.0
78.65531491193772	0.0
78.6653155877053	0.0
78.67531626347285	0.0
78.68531693924042	0.0
78.695317615008	0.0
78.70531829077557	0.0
78.71531896654314	0.0
78.72531964231071	0.0
78.73532031807828	0.0
78.74532099384585	0.0
78.75532166961342	0.0
78.765322345381	0.0
78.77532302114855	0.0
78.78532369691612	0.0
78.7953243726837	0.0
78.80532504845127	0.0
78.81532572421884	0.0
78.82532639998641	0.0
78.83532707575398	0.0
78.84532775152155	0.0
78.85532842728912	0.0
78.86532910305668	0.0
78.87532977882425	0.0
78.88533045459182	0.0
78.8953311303594	0.0
78.90533180612697	0.0
78.91533248189454	0.0
78.92533315766211	0.0
78.93533383342968	0.0
78.94533450919725	0.0
78.95533518496482	0.0
78.96533586073238	0.0
78.97533653649995	0.0
78.98533721226752	0.0
78.9953378880351	0.0
79.00533856380267	0.0
79.01533923957024	0.0
79.02533991533781	0.0
79.03534059110538	0.0
79.04534126687295	0.0
79.05534194264051	0.0
79.06534261840808	0.0
79.07534329417565	0.0
79.08534396994322	0.0
79.0953446457108	0.0
79.10534532147837	0.0
79.11534599724594	0.0
79.12534667301351	0.0
79.13534734878108	0.0
79.14534802454864	0.0
79.15534870031621	0.0
79.16534937608378	0.0
79.17535005185135	0.0
79.18535072761892	0.0
79.1953514033865	0.0
79.20535207915407	0.0
79.21535275492164	0.0
79.22535343068921	0.0
79.23535410645678	0.0
79.24535478222434	0.0
79.25535545799191	0.0
79.26535613375948	0.0
79.27535680952705	0.0
79.28535748529463	0.0
79.2953581610622	0.0
79.30535883682977	0.0
79.31535951259734	0.0
79.32536018836491	0.0
79.33536086413247	0.0
79.34536153990004	0.0
79.35536221566761	0.0
79.36536289143518	0.0
79.37536356720275	0.0
79.38536424297033	0.0
79.3953649187379	0.0
79.40536559450547	0.0
79.41536627027304	0.0
79.42536694604061	0.0
79.43536762180817	0.0
79.44536829757574	0.0
79.45536897334331	0.0
79.46536964911088	0.0
79.47537032487845	0.0
79.48537100064603	0.0
79.4953716764136	0.0
79.50537235218117	0.0
79.51537302794874	0.0
79.5253737037163	0.0
79.53537437948387	0.0
79.54537505525144	0.0
79.55537573101901	0.0
79.56537640678658	0.0
79.57537708255416	0.0
79.58537775832173	0.0
79.5953784340893	0.0
79.60537910985687	0.0
79.61537978562444	0.0
79.625380461392	0.0
79.63538113715957	0.0
79.64538181292714	0.0
79.65538248869471	0.0
79.66538316446228	0.0
79.67538384022986	0.0
79.68538451599743	0.0
79.695385191765	0.0
79.70538586753257	0.0
79.71538654330013	0.0
79.7253872190677	0.0
79.73538789483527	0.0
79.74538857060284	0.0
79.75538924637041	0.0
79.76538992213798	0.0
79.77539059790556	0.0
79.78539127367313	0.0
79.7953919494407	0.0
79.80539262520826	0.0
79.81539330097583	0.0
79.8253939767434	0.0
79.83539465251097	0.0
79.84539532827854	0.0
79.85539600404611	0.0
79.86539667981368	0.0
79.87539735558126	0.0
79.88539803134883	0.0
79.8953987071164	0.0
79.90539938288396	0.0
79.91540005865153	0.0
79.9254007344191	0.0
79.93540141018667	0.0
79.94540208595424	0.0
79.95540276172181	0.0
79.96540343748939	0.0
79.97540411325696	0.0
79.98540478902453	0.0
79.99540546479209	0.0
80.00540614055966	0.0
80.01540681632723	0.0
80.0254074920948	0.0
80.03540816786237	0.0
80.04540884362994	0.0
80.05540951939751	0.0
80.06541019516509	0.0
80.07541087093266	0.0
80.08541154670023	0.0
80.09541222246779	0.0
80.10541289823536	0.0
80.11541357400293	0.0
80.1254142497705	0.0
80.13541492553807	0.0
80.14541560130564	0.0
80.15541627707321	0.0
80.16541695284079	0.0
80.17541762860836	0.0
80.18541830437591	0.0
80.19541898014349	0.0
80.20541965591106	0.0
80.21542033167863	0.0
80.2254210074462	0.0
80.23542168321377	0.0
80.24542235898134	0.0
80.25542303474892	0.0
80.26542371051649	0.0
80.27542438628406	0.0
80.28542506205162	0.0
80.29542573781919	0.0
80.30542641358676	0.0
80.31542708935433	0.0
80.3254277651219	0.0
80.33542844088947	0.0
80.34542911665704	0.0
80.35542979242462	0.0
80.36543046819219	0.0
80.37543114395974	0.0
80.38543181972732	0.0
80.39543249549489	0.0
80.40543317126246	0.0
80.41543384703003	0.0
80.4254345227976	0.0
80.43543519856517	0.0
80.44543587433274	0.0
80.45543655010032	0.0
80.46543722586787	0.0
80.47543790163544	0.0
80.48543857740302	0.0
80.49543925317059	0.0
80.50543992893816	0.0
80.51544060470573	0.0
80.5254412804733	0.0
80.53544195624087	0.0
80.54544263200845	0.0
80.55544330777602	0.0
80.56544398354357	0.0
80.57544465931115	0.0
80.58544533507872	0.0
80.59544601084629	0.0
80.60544668661386	0.0
80.61544736238143	0.0
80.625448038149	0.0
80.63544871391657	0.0
80.64544938968415	0.0
80.6554500654517	0.0
80.66545074121927	0.0
80.67545141698685	0.0
80.68545209275442	0.0
80.69545276852199	0.0
80.70545344428956	0.0
80.71545412005713	0.0
80.7254547958247	0.0
80.73545547159227	0.0
80.74545614735985	0.0
80.7554568231274	0.0
80.76545749889497	0.0
80.77545817466255	0.0
80.78545885043012	0.0
80.79545952619769	0.0
80.80546020196526	0.0
80.81546087773283	0.0
80.8254615535004	0.0
80.83546222926797	0.0
80.84546290503553	0.0
80.8554635808031	0.0
80.86546425657068	0.0
80.87546493233825	0.0
80.88546560810582	0.0
80.89546628387339	0.0
80.90546695964096	0.0
80.91546763540853	0.0
80.9254683111761	0.0
80.93546898694368	0.0
80.94546966271123	0.0
80.9554703384788	0.0
80.96547101424638	0.0
80.97547169001395	0.0
80.98547236578152	0.0
80.99547304154909	0.0
81.00547371731666	0.0
81.01547439308423	0.0
81.0254750688518	0.0
81.03547574461936	0.0
81.04547642038693	0.0
81.0554770961545	0.0
81.06547777192208	0.0
81.07547844768965	0.0
81.08547912345722	0.0
81.09547979922479	0.0
81.10548047499236	0.0
81.11548115075993	0.0
81.12548182652749	0.0
81.13548250229506	0.0
81.14548317806263	0.0
81.1554838538302	0.0
81.16548452959778	0.0
81.17548520536535	0.0
81.18548588113292	0.0
81.19548655690049	0.0
81.20548723266806	0.0
81.21548790843563	0.0
81.22548858420319	0.0
81.23548925997076	0.0
81.24548993573833	0.0
81.2554906115059	0.0
81.26549128727348	0.0
81.27549196304105	0.0
81.28549263880862	0.0
81.29549331457619	0.0
81.30549399034376	0.0
81.31549466611132	0.0
81.32549534187889	0.0
81.33549601764646	0.0
81.34549669341403	0.0
81.3554973691816	0.0
81.36549804494918	0.0
81.37549872071675	0.0
81.38549939648432	0.0
81.39550007225189	0.0
81.40550074801946	0.0
81.41550142378702	0.0
81.42550209955459	0.0
81.43550277532216	0.0
81.44550345108973	0.0
81.4555041268573	354.0
81.46550480262488	354.0
81.47550547839245	354.0
81.48550615416002	354.0
81.49550682992759	354.0
81.50550750569515	350.0
81.51550818146272	350.0
81.52550885723029	350.0
81.53550953299786	350.0
81.54551020876544	354.0
81.555510884533	354.0
81.56551156030058	358.0
81.57551223606815	358.0
81.58551291183572	363.0
81.59551358760329	367.0
81.60551426337085	371.0
81.61551493913842	371.0
81.62551561490599	371.0
81.63551629067356	358.0
81.64551696644114	354.0
81.65551764220871	354.0
81.66551831797628	354.0
81.67551899374385	350.0
81.68551966951142	350.0
81.69552034527898	354.0
81.70552102104655	354.0
81.71552169681412	354.0
81.7255223725817	358.0
81.73552304834926	358.0
81.74552372411684	358.0
81.75552439988441	358.0
81.76552507565198	358.0
81.77552575141955	358.0
81.78552642718711	0.0
81.79552710295468	0.0
81.80552777872225	0.0
81.81552845448982	0.0
81.8255291302574	0.0
81.83552980602497	0.0
81.84553048179254	0.0
81.85553115756011	0.0
81.86553183332768	0.0
81.87553250909525	0.0
81.88553318486281	0.0
81.89553386063038	0.0
81.90553453639795	0.0
81.91553521216552	0.0
81.9255358879331	0.0
81.93553656370067	0.0
81.94553723946824	0.0
81.95553791523581	0.0
81.96553859100338	0.0
81.97553926677094	0.0
81.98553994253851	0.0
81.99554061830608	0.0
82.00554129407365	0.0
82.01554196984122	0.0
82.0255426456088	0.0
82.03554332137637	0.0
82.04554399714394	0.0
82.05554467291151	0.0
82.06554534867908	0.0
82.07554602444664	0.0
82.08554670021421	0.0
82.09554737598178	0.0
82.10554805174935	0.0
82.11554872751692	0.0
82.1255494032845	0.0
82.13555007905207	0.0
82.14555075481964	0.0
82.15555143058721	0.0
82.16555210635477	0.0
82.17555278212234	0.0
82.18555345788991	0.0
82.19555413365748	0.0
82.20555480942505	0.0
82.21555548519262	0.0
82.2255561609602	0.0
82.23555683672777	0.0
82.24555751249534	0.0
82.2555581882629	0.0
82.26555886403047	0.0
82.27555953979804	0.0
82.28556021556561	0.0
82.29556089133318	0.0
82.30556156710075	0.0
82.31556224286832	0.0
82.3255629186359	0.0
82.33556359440347	0.0
82.34556427017104	0.0
82.3555649459386	0.0
82.36556562170617	0.0
82.37556629747374	0.0
82.38556697324131	0.0
82.39556764900888	0.0
82.40556832477645	0.0
82.41556900054402	0.0
82.4255696763116	0.0
82.43557035207917	0.0
82.44557102784673	0.0
82.4555717036143	0.0
82.46557237938187	0.0
82.47557305514944	0.0
82.48557373091701	0.0
82.49557440668458	0.0
82.50557508245215	0.0
82.51557575821973	0.0
82.5255764339873	0.0
82.53557710975487	0.0
82.54557778552243	0.0
82.55557846129	0.0
82.56557913705757	0.0
82.57557981282514	0.0
82.58558048859271	0.0
82.59558116436028	0.0
82.60558184012785	0.0
82.61558251589543	0.0
82.625583191663	0.0
82.63558386743055	0.0
82.64558454319813	0.0
82.6555852189657	0.0
82.66558589473327	0.0
82.67558657050084	0.0
82.68558724626841	0.0
82.69558792203598	0.0
82.70558859780355	0.0
82.71558927357113	0.0
82.7255899493387	0.0
82.73559062510625	0.0
82.74559130087383	0.0
82.7555919766414	0.0
82.76559265240897	0.0
82.77559332817654	0.0
82.78559400394411	0.0
82.79559467971168	0.0
82.80559535547926	0.0
82.81559603124683	0.0
82.82559670701438	0.0
82.83559738278196	0.0
82.84559805854953	0.0
82.8555987343171	0.0
82.86559941008467	0.0
82.87560008585224	0.0
82.88560076161981	0.0
82.89560143738738	0.0
82.90560211315496	0.0
82.91560278892251	0.0
82.92560346469008	0.0
82.93560414045766	0.0
82.94560481622523	0.0
82.9556054919928	0.0
82.96560616776037	0.0
82.97560684352794	0.0
82.98560751929551	0.0
82.99560819506308	0.0
83.00560887083066	0.0
83.01560954659821	0.0
83.02561022236578	0.0
83.03561089813336	0.0
83.04561157390093	0.0
83.0556122496685	0.0
83.06561292543607	0.0
83.07561360120364	0.0
83.08561427697121	0.0
83.09561495273879	0.0
83.10561562850634	0.0
83.11561630427391	0.0
83.12561698004149	0.0
83.13561765580906	0.0
83.14561833157663	0.0
83.1556190073442	0.0
83.16561968311177	1003.0
83.17562035887934	0.0
83.18562103464691	0.0
83.19562171041449	0.0
83.20562238618204	0.0
83.21562306194961	0.0
83.22562373771719	0.0
83.23562441348476	0.0
83.24562508925233	0.0
83.2556257650199	0.0
83.26562644078747	0.0
83.27562711655504	0.0
83.28562779232261	0.0
83.29562846809017	0.0
83.30562914385774	0.0
83.31562981962531	0.0
83.32563049539289	0.0
83.33563117116046	0.0
83.34563184692803	0.0
83.3556325226956	0.0
83.36563319846317	0.0
83.37563387423074	0.0
83.38563454999831	0.0
83.39563522576587	0.0
83.40563590153344	0.0
83.41563657730102	0.0
83.42563725306859	0.0
83.43563792883616	0.0
83.44563860460373	0.0
83.4556392803713	0.0
83.46563995613887	0.0
83.47564063190644	0.0
83.485641307674	0.0
83.49564198344157	0.0
83.50564265920914	0.0
83.51564333497672	0.0
83.52564401074429	0.0
83.53564468651186	0.0
83.54564536227943	0.0
83.555646038047	0.0
83.56564671381457	0.0
83.57564738958213	0.0
83.5856480653497	0.0
83.59564874111727	0.0
83.60564941688484	0.0
83.61565009265242	0.0
83.62565076841999	0.0
83.63565144418756	0.0
83.64565211995513	0.0
83.6556527957227	0.0
83.66565347149027	0.0
83.67565414725783	0.0
83.6856548230254	0.0
83.69565549879297	0.0
83.70565617456054	0.0
83.71565685032812	0.0
83.72565752609569	0.0
83.73565820186326	0.0
83.74565887763083	0.0
83.7556595533984	0.0
83.76566022916596	0.0
83.77566090493353	0.0
83.7856615807011	0.0
83.79566225646867	0.0
83.80566293223625	272.0
83.81566360800382	288.0
83.82566428377139	288.0
83.83566495953896	291.0
83.84566563530653	0.0
83.8556663110741	0.0
83.86566698684166	0.0
83.87566766260923	0.0
83.8856683383768	234.0
83.89566901414437	231.0
83.90566968991195	228.0
83.91567036567952	231.0
83.92567104144709	236.0
83.93567171721466	242.0
83.94567239298223	256.0
83.95567306874979	265.0
83.96567374451736	268.0
83.97567442028493	278.0
83.9856750960525	284.0
83.99567577182007	288.0
84.00567644758765	288.0
84.01567712335522	288.0
84.02567779912279	284.0
84.03567847489036	281.0
84.04567915065793	281.0
84.05567982642549	278.0
84.06568050219306	278.0
84.07568117796063	281.0
84.0856818537282	284.0
84.09568252949578	294.0
84.10568320526335	305.0
84.11568388103092	319.0
84.12568455679849	331.0
84.13568523256606	338.0
84.14568590833362	346.0
84.15568658410119	354.0
84.16568725986876	358.0
84.17568793563633	363.0
84.1856886114039	363.0
84.19568928717148	363.0
84.20568996293905	327.0
84.21569063870662	319.0
84.22569131447419	319.0
84.23569199024175	319.0
84.24569266600932	319.0
84.25569334177689	331.0
84.26569401754446	338.0
84.27569469331203	346.0
84.2856953690796	354.0
84.29569604484718	363.0
84.30569672061475	363.0
84.31569739638232	367.0
84.32569807214989	0.0
84.33569874791745	0.0
84.34569942368502	0.0
84.35570009945259	0.0
84.36570077522016	0.0
84.37570145098773	0.0
84.3857021267553	0.0
84.39570280252288	354.0
84.40570347829045	354.0
84.41570415405802	350.0
84.42570482982558	350.0
84.43570550559315	350.0
84.44570618136072	354.0
84.45570685712829	358.0
84.46570753289586	363.0
84.47570820866343	363.0
84.485708884431	0.0
84.49570956019858	0.0
84.50571023596615	367.0
84.51571091173372	367.0
84.52571158750128	367.0
84.53571226326885	367.0
84.54571293903642	367.0
84.55571361480399	371.0
84.56571429057156	371.0
84.57571496633913	375.0
84.5857156421067	375.0
84.59571631787428	380.0
84.60571699364185	375.0
84.6157176694094	375.0
84.62571834517698	375.0
84.63571902094455	371.0
84.64571969671212	367.0
84.65572037247969	367.0
84.66572104824726	363.0
84.67572172401483	354.0
84.6857223997824	350.0
84.69572307554998	342.0
84.70572375131755	331.0
84.7157244270851	323.0
84.72572510285268	0.0
84.73572577862025	0.0
84.74572645438782	0.0
84.75572713015539	0.0
84.76572780592296	0.0
84.77572848169054	0.0
84.7857291574581	0.0
84.79572983322568	0.0
84.80573050899324	0.0
84.8157311847608	0.0
84.82573186052838	0.0
84.83573253629595	0.0
84.84573321206352	0.0
84.8557338878311	0.0
84.86573456359866	354.0
84.87573523936624	354.0
84.88573591513381	354.0
84.89573659090136	354.0
84.90573726666894	354.0
84.91573794243651	354.0
84.92573861820408	358.0
84.93573929397165	358.0
84.94573996973922	363.0
84.9557406455068	367.0
84.96574132127436	363.0
84.97574199704194	363.0
84.98574267280951	354.0
84.99574334857707	350.0
85.00574402434464	350.0
85.01574470011221	346.0
85.02574537587978	338.0
85.03574605164735	331.0
85.04574672741492	323.0
85.0557474031825	316.0
85.06574807895007	316.0
85.07574875471764	0.0
85.0857494304852	0.0
85.09575010625277	0.0
85.10575078202034	0.0
85.11575145778791	0.0
85.12575213355548	0.0
85.13575280932305	0.0
85.14575348509062	0.0
85.1557541608582	0.0
85.16575483662577	0.0
85.17575551239334	0.0
85.1857561881609	0.0
85.19575686392847	0.0
85.20575753969604	0.0
85.21575821546361	0.0
85.22575889123118	0.0
85.23575956699875	0.0
85.24576024276632	0.0
85.2557609185339	0.0
85.26576159430147	0.0
85.27576227006902	0.0
85.2857629458366	0.0
85.29576362160417	0.0
85.30576429737174	0.0
85.31576497313931	0.0
85.32576564890688	0.0
85.33576632467445	0.0
85.34576700044202	0.0
85.3557676762096	0.0
85.36576835197717	0.0
85.37576902774472	0.0
85.3857697035123	0.0
85.39577037927987	0.0
85.40577105504744	0.0
85.41577173081501	0.0
85.42577240658258	0.0
85.43577308235015	0.0
85.44577375811772	0.0
85.4557744338853	288.0
85.46577510965285	288.0
85.47577578542042	288.0
85.485776461188	288.0
85.49577713695557	288.0
85.50577781272314	288.0
85.51577848849071	288.0
85.52577916425828	288.0
85.53577984002585	284.0
85.54578051579342	284.0
85.55578119156098	281.0
85.56578186732855	281.0
85.57578254309612	278.0
85.5857832188637	278.0
85.59578389463127	281.0
85.60578457039884	281.0
85.61578524616641	284.0
85.62578592193398	288.0
85.63578659770155	288.0
85.64578727346913	288.0
85.65578794923668	288.0
85.66578862500425	288.0
85.67578930077183	288.0
85.6857899765394	288.0
85.69579065230697	291.0
85.70579132807454	291.0
85.71579200384211	291.0
85.72579267960968	291.0
85.73579335537725	291.0
85.74579403114481	291.0
85.75579470691238	291.0
85.76579538267995	0.0
85.77579605844753	291.0
85.7857967342151	291.0
85.79579740998267	288.0
85.80579808575024	288.0
85.81579876151781	288.0
85.82579943728538	0.0
85.83580011305295	0.0
85.84580078882051	0.0
85.85580146458808	0.0
85.86580214035565	0.0
85.87580281612323	0.0
85.8858034918908	0.0
85.89580416765837	0.0
85.90580484342594	0.0
85.91580551919351	0.0
85.92580619496108	0.0
85.93580687072864	0.0
85.94580754649621	0.0
85.95580822226378	0.0
85.96580889803136	0.0
85.97580957379893	0.0
85.9858102495665	0.0
85.99581092533407	0.0
86.00581160110164	0.0
86.01581227686921	0.0
86.02581295263678	0.0
86.03581362840434	0.0
86.04581430417191	0.0
86.05581497993948	0.0
86.06581565570706	0.0
86.07581633147463	0.0
86.0858170072422	0.0
86.09581768300977	0.0
86.10581835877734	0.0
86.11581903454491	0.0
86.12581971031247	0.0
86.13582038608004	0.0
86.14582106184761	0.0
86.15582173761518	0.0
86.16582241338276	0.0
86.17582308915033	0.0
86.1858237649179	0.0
86.19582444068547	0.0
86.20582511645304	0.0
86.2158257922206	0.0
86.22582646798817	0.0
86.23582714375574	0.0
86.24582781952331	0.0
86.25582849529088	0.0
86.26582917105846	0.0
86.27582984682603	0.0
86.2858305225936	0.0
86.29583119836117	0.0
86.30583187412874	0.0
86.3158325498963	0.0
86.32583322566387	0.0
86.33583390143144	0.0
86.34583457719901	0.0
86.35583525296659	0.0
86.36583592873416	0.0
86.37583660450173	0.0
86.3858372802693	0.0
86.39583795603687	0.0
86.40583863180443	0.0
86.415839307572	0.0
86.42583998333957	0.0
86.43584065910714	0.0
86.44584133487471	0.0
86.45584201064229	0.0
86.46584268640986	0.0
86.47584336217743	0.0
86.485844037945	0.0
86.49584471371257	0.0
86.50584538948013	0.0
86.5158460652477	0.0
86.52584674101527	0.0
86.53584741678284	0.0
86.54584809255041	0.0
86.55584876831799	0.0
86.56584944408556	0.0
86.57585011985313	0.0
86.5858507956207	0.0
86.59585147138826	0.0
86.60585214715583	0.0
86.6158528229234	0.0
86.62585349869097	0.0
86.63585417445854	0.0
86.64585485022612	0.0
86.65585552599369	0.0
86.66585620176126	0.0
86.67585687752883	0.0
86.6858575532964	0.0
86.69585822906396	0.0
86.70585890483153	0.0
86.7158595805991	0.0
86.72586025636667	0.0
86.73586093213424	0.0
86.74586160790182	0.0
86.75586228366939	0.0
86.76586295943696	0.0
86.77586363520453	0.0
86.78586431097209	0.0
86.79586498673966	0.0
86.80586566250723	0.0
86.8158663382748	0.0
86.82586701404237	0.0
86.83586768980994	0.0
86.84586836557752	0.0
86.85586904134509	0.0
86.86586971711266	0.0
86.87587039288022	0.0
86.88587106864779	0.0
86.89587174441536	0.0
86.90587242018293	0.0
86.9158730959505	0.0
86.92587377171807	0.0
86.93587444748565	0.0
86.94587512325322	0.0
86.95587579902079	0.0
86.96587647478836	0.0
86.97587715055592	0.0
86.98587782632349	0.0
86.99587850209106	0.0
87.00587917785863	0.0
87.0158798536262	0.0
87.02588052939377	0.0
87.03588120516135	0.0
87.04588188092892	0.0
87.05588255669649	0.0
87.06588323246405	0.0
87.07588390823162	0.0
87.08588458399919	0.0
87.09588525976676	0.0
87.10588593553433	0.0
87.1158866113019	0.0
87.12588728706947	0.0
87.13588796283705	0.0
87.14588863860462	323.0
87.15588931437219	323.0
87.16588999013975	331.0
87.17589066590732	338.0
87.18589134167489	346.0
87.19589201744246	350.0
87.20589269321003	350.0
87.2158933689776	350.0
87.22589404474517	334.0
87.23589472051275	327.0
87.24589539628032	319.0
87.25589607204788	319.0
87.26589674781545	319.0
87.27589742358302	319.0
87.28589809935059	323.0
87.29589877511816	338.0
87.30589945088573	350.0
87.3159001266533	350.0
87.32590080242088	354.0
87.33590147818845	354.0
87.34590215395602	354.0
87.35590282972358	354.0
87.36590350549115	354.0
87.37590418125872	354.0
87.38590485702629	354.0
87.39590553279386	354.0
87.40590620856143	354.0
87.415906884329	354.0
87.42590756009658	354.0
87.43590823586415	350.0
87.4459089116317	350.0
87.45590958739928	354.0
87.46591026316685	354.0
87.47591093893442	358.0
87.48591161470199	367.0
87.49591229046956	371.0
87.50591296623713	371.0
87.5159136420047	367.0
87.52591431777228	363.0
87.53591499353983	354.0
87.5459156693074	338.0
87.55591634507498	319.0
87.56591702084255	319.0
87.57591769661012	319.0
87.58591837237769	319.0
87.59591904814526	319.0
87.60591972391283	319.0
87.6159203996804	319.0
87.62592107544798	323.0
87.63592175121553	323.0
87.6459224269831	346.0
87.65592310275068	350.0
87.66592377851825	346.0
87.67592445428582	346.0
87.68592513005339	331.0
87.69592580582096	319.0
87.70592648158853	319.0
87.7159271573561	319.0
87.72592783312366	319.0
87.73592850889123	323.0
87.7459291846588	278.0
87.75592986042638	275.0
87.76593053619395	275.0
87.77593121196152	275.0
87.78593188772909	278.0
87.79593256349666	284.0
87.80593323926423	288.0
87.8159339150318	288.0
87.82593459079936	288.0
87.83593526656693	291.0
87.8459359423345	288.0
87.85593661810208	288.0
87.86593729386965	288.0
87.87593796963722	288.0
87.88593864540479	284.0
87.89593932117236	284.0
87.90593999693994	281.0
87.91594067270749	281.0
87.92594134847506	281.0
87.93594202424264	281.0
87.9459427000102	284.0
87.95594337577778	284.0
87.96594405154535	288.0
87.97594472731292	291.0
87.98594540308049	291.0
87.99594607884806	291.0
88.00594675461564	291.0
88.01594743038319	291.0
88.02594810615076	291.0
88.03594878191834	291.0
88.04594945768591	291.0
88.05595013345348	291.0
88.06595080922105	288.0
88.07595148498862	288.0
88.0859521607562	288.0
88.09595283652376	288.0
88.10595351229132	284.0
88.1159541880589	288.0
88.12595486382646	288.0
88.13595553959404	288.0
88.14595621536161	288.0
88.15595689112918	288.0
88.16595756689675	288.0
88.17595824266432	288.0
88.1859589184319	288.0
88.19595959419945	288.0
88.20596026996702	288.0
88.2159609457346	288.0
88.22596162150217	288.0
88.23596229726974	288.0
88.24596297303731	284.0
88.25596364880488	284.0
88.26596432457245	284.0
88.27596500034002	284.0
88.2859656761076	284.0
88.29596635187515	284.0
88.30596702764272	288.0
88.3159677034103	288.0
88.32596837917787	0.0
88.33596905494544	0.0
88.34596973071301	0.0
88.35597040648058	0.0
88.36597108224815	0.0
88.37597175801572	0.0
88.38597243378328	0.0
88.39597310955085	0.0
88.40597378531842	0.0
88.415974461086	0.0
88.42597513685357	0.0
88.43597581262114	0.0
88.44597648838871	0.0
88.45597716415628	0.0
88.46597783992385	0.0
88.47597851569142	0.0
88.48597919145898	0.0
88.49597986722655	284.0
88.50598054299412	288.0
88.5159812187617	288.0
88.52598189452927	288.0
88.53598257029684	288.0
88.54598324606441	288.0
88.55598392183198	288.0
88.56598459759955	284.0
88.57598527336711	284.0
88.58598594913468	284.0
88.59598662490225	284.0
88.60598730066982	284.0
88.6159879764374	284.0
88.62598865220497	284.0
88.63598932797254	284.0
88.64599000374011	288.0
88.65599067950768	288.0
88.66599135527525	288.0
88.67599203104281	288.0
88.68599270681038	288.0
88.69599338257795	288.0
88.70599405834552	288.0
88.7159947341131	288.0
88.72599540988067	288.0
88.73599608564824	288.0
88.74599676141581	288.0
88.75599743718338	288.0
88.76599811295094	288.0
88.77599878871851	288.0
88.78599946448608	288.0
88.79600014025365	288.0
88.80600081602122	288.0
88.8160014917888	288.0
88.82600216755637	291.0
88.83600284332394	294.0
88.84600351909151	301.0
88.85600419485907	312.0
88.86600487062664	323.0
88.87600554639421	327.0
88.88600622216178	0.0
88.89600689792935	0.0
88.90600757369693	0.0
88.9160082494645	294.0
88.92600892523207	294.0
88.93600960099964	291.0
88.94601027676721	291.0
88.95601095253477	288.0
88.96601162830234	284.0
88.97601230406991	278.0
88.98601297983748	275.0
88.99601365560505	268.0
89.00601433137263	268.0
89.0160150071402	275.0
89.02601568290777	281.0
89.03601635867534	288.0
89.0460170344429	291.0
89.05601771021047	291.0
89.06601838597804	291.0
89.07601906174561	0.0
89.08601973751318	0.0
89.09602041328075	0.0
89.10602108904833	0.0
89.1160217648159	0.0
89.12602244058347	228.0
89.13602311635104	226.0
89.1460237921186	223.0
89.15602446788617	226.0
89.16602514365374	226.0
89.17602581942131	231.0
89.18602649518888	239.0
89.19602717095646	248.0
89.20602784672403	253.0
89.2160285224916	259.0
89.22602919825917	262.0
89.23602987402673	262.0
89.2460305497943	262.0
89.25603122556187	259.0
89.26603190132944	253.0
89.27603257709701	245.0
89.28603325286458	242.0
89.29603392863216	239.0
89.30603460439973	236.0
89.3160352801673	236.0
89.32603595593487	236.0
89.33603663170243	236.0
89.34603730747	236.0
89.35603798323757	239.0
89.36603865900514	239.0
89.37603933477271	242.0
89.38604001054028	242.0
89.39604068630786	242.0
89.40604136207543	239.0
89.416042037843	239.0
89.42604271361056	236.0
89.43604338937813	234.0
89.4460440651457	234.0
89.45604474091327	234.0
89.46604541668084	234.0
89.47604609244841	236.0
89.48604676821599	239.0
89.49604744398356	245.0
89.50604811975113	250.0
89.51604879551869	253.0
89.52604947128626	256.0
89.53605014705383	259.0
89.5460508228214	259.0
89.55605149858897	259.0
89.56605217435654	259.0
89.57605285012411	253.0
89.58605352589169	250.0
89.59605420165926	248.0
89.60605487742683	245.0
89.61605555319439	245.0
89.62605622896196	239.0
89.63605690472953	236.0
89.6460575804971	236.0
89.65605825626467	239.0
89.66605893203224	239.0
89.67605960779981	242.0
89.68606028356739	245.0
89.69606095933496	245.0
89.70606163510251	245.0
89.71606231087009	242.0
89.72606298663766	242.0
89.73606366240523	242.0
89.7460643381728	239.0
89.75606501394037	236.0
89.76606568970794	236.0
89.77606636547551	236.0
89.78606704124309	236.0
89.79606771701066	239.0
89.80606839277822	239.0
89.81606906854579	242.0
89.82606974431336	245.0
89.83607042008093	245.0
89.8460710958485	248.0
89.85607177161607	250.0
89.86607244738364	250.0
89.87607312315122	253.0
89.88607379891879	253.0
89.89607447468634	253.0
89.90607515045392	253.0
89.91607582622149	253.0
89.92607650198906	248.0
89.93607717775663	242.0
89.9460778535242	236.0
89.95607852929177	234.0
89.96607920505934	231.0
89.97607988082692	226.0
89.98608055659449	223.0
89.99608123236204	220.0
90.00608190812962	218.0
90.01608258389719	215.0
90.02608325966476	213.0
90.03608393543233	210.0
90.0460846111999	208.0
90.05608528696747	208.0
90.06608596273504	210.0
90.07608663850262	210.0
90.08608731427017	213.0
90.09608799003774	215.0
90.10608866580532	215.0
90.11608934157289	215.0
90.12609001734046	215.0
90.13609069310803	215.0
90.1460913688756	213.0
90.15609204464317	213.0
90.16609272041075	213.0
90.1760933961783	213.0
90.18609407194587	213.0
90.19609474771345	213.0
90.20609542348102	213.0
90.21609609924859	213.0
90.22609677501616	213.0
90.23609745078373	215.0
90.2460981265513	215.0
90.25609880231887	218.0
90.26609947808645	218.0
90.276100153854	218.0
90.28610082962157	215.0
90.29610150538915	208.0
90.30610218115672	199.0
90.31610285692429	194.0
90.32610353269186	0.0
90.33610420845943	0.0
90.346104884227	0.0
90.35610555999457	0.0
90.36610623576213	0.0
90.3761069115297	0.0
90.38610758729727	0.0
90.39610826306485	0.0
90.40610893883242	0.0
90.41610961459999	250.0
90.42611029036756	245.0
90.43611096613513	242.0
90.4461116419027	242.0
90.45611231767028	242.0
90.46611299343783	242.0
90.4761136692054	242.0
90.48611434497298	242.0
90.49611502074055	242.0
90.50611569650812	242.0
90.51611637227569	245.0
90.52611704804326	245.0
90.53611772381083	245.0
90.5461183995784	245.0
90.55611907534596	245.0
90.56611975111353	242.0
90.5761204268811	242.0
90.58612110264868	242.0
90.59612177841625	242.0
90.60612245418382	245.0
90.61612312995139	245.0
90.62612380571896	0.0
90.63612448148653	0.0
90.64612515725409	0.0
90.65612583302166	0.0
90.66612650878923	0.0
90.6761271845568	0.0
90.68612786032438	0.0
90.69612853609195	0.0
90.70612921185952	0.0
90.71612988762709	0.0
90.72613056339466	0.0
90.73613123916223	0.0
90.74613191492979	0.0
90.75613259069736	0.0
90.76613326646493	0.0
90.7761339422325	0.0
90.78613461800008	0.0
90.79613529376765	0.0
90.80613596953522	0.0
90.81613664530279	0.0
90.82613732107036	0.0
90.83613799683792	0.0
90.84613867260549	0.0
90.85613934837306	0.0
90.86614002414063	0.0
90.8761406999082	0.0
90.88614137567578	0.0
90.89614205144335	0.0
90.90614272721092	0.0
90.91614340297849	0.0
90.92614407874606	0.0
90.93614475451362	0.0
90.94614543028119	0.0
90.95614610604876	0.0
90.96614678181633	0.0
90.9761474575839	0.0
90.98614813335148	0.0
90.99614880911905	250.0
91.00614948488662	250.0
91.01615016065419	250.0
91.02615083642175	250.0
91.03615151218932	253.0
91.04615218795689	253.0
91.05615286372446	256.0
91.06615353949203	256.0
91.0761542152596	256.0
91.08615489102718	259.0
91.09615556679475	259.0
91.10615624256232	259.0
91.11615691832989	259.0
91.12615759409745	259.0
91.13615826986502	259.0
91.14615894563259	256.0
91.15615962140016	0.0
91.16616029716774	0.0
91.1761609729353	0.0
91.18616164870288	0.0
91.19616232447045	0.0
91.20616300023802	0.0
91.21616367600558	250.0
91.22616435177315	250.0
91.23616502754072	253.0
91.2461657033083	253.0
91.25616637907586	0.0
91.26616705484344	0.0
91.27616773061101	0.0
91.28616840637858	0.0
91.29616908214615	0.0
91.30616975791371	0.0
91.31617043368128	0.0
91.32617110944885	0.0
91.33617178521642	234.0
91.346172460984	234.0
91.35617313675156	231.0
91.36617381251914	226.0
91.37617448828671	226.0
91.38617516405428	223.0
91.39617583982185	223.0
91.40617651558941	223.0
91.41617719135698	220.0
91.42617786712455	220.0
91.43617854289212	220.0
91.4461792186597	220.0
91.45617989442727	223.0
91.46618057019484	223.0
91.47618124596241	220.0
91.48618192172998	220.0
91.49618259749754	220.0
91.50618327326511	218.0
91.51618394903268	218.0
91.52618462480025	218.0
91.53618530056782	218.0
91.5461859763354	215.0
91.55618665210297	215.0
91.56618732787054	210.0
91.57618800363811	206.0
91.58618867940568	203.0
91.59618935517324	0.0
91.60619003094081	0.0
91.61619070670838	206.0
91.62619138247595	208.0
91.63619205824352	208.0
91.6461927340111	208.0
91.65619340977867	210.0
91.66619408554624	210.0
91.67619476131381	0.0
91.68619543708137	0.0
91.69619611284894	0.0
91.70619678861651	0.0
91.71619746438408	0.0
91.72619814015165	0.0
91.73619881591922	0.0
91.7461994916868	0.0
91.75620016745437	0.0
91.76620084322194	0.0
91.77620151898951	0.0
91.78620219475707	0.0
91.79620287052464	0.0
91.80620354629221	0.0
91.81620422205978	0.0
91.82620489782735	0.0
91.83620557359492	0.0
91.8462062493625	0.0
91.85620692513007	0.0
91.86620760089764	0.0
91.8762082766652	0.0
91.88620895243277	0.0
91.89620962820034	0.0
91.90621030396791	0.0
91.91621097973548	0.0
91.92621165550305	0.0
91.93621233127062	215.0
91.9462130070382	0.0
91.95621368280577	215.0
91.96621435857332	213.0
91.9762150343409	213.0
91.98621571010847	213.0
91.99621638587604	213.0
92.00621706164361	210.0
92.01621773741118	210.0
92.02621841317875	210.0
92.03621908894632	213.0
92.0462197647139	215.0
92.05622044048147	220.0
92.06622111624903	220.0
92.0762217920166	220.0
92.08622246778417	218.0
92.09622314355174	215.0
92.10622381931931	210.0
92.11622449508688	206.0
92.12622517085445	201.0
92.13622584662203	201.0
92.1462265223896	201.0
92.15622719815715	199.0
92.16622787392473	199.0
92.1762285496923	199.0
92.18622922545987	0.0
92.19622990122744	0.0
92.20623057699501	262.0
92.21623125276258	268.0
92.22623192853015	275.0
92.23623260429773	281.0
92.2462332800653	284.0
92.25623395583285	288.0
92.26623463160043	288.0
92.276235307368	288.0
92.28623598313557	288.0
92.29623665890314	288.0
92.30623733467071	288.0
92.31623801043828	284.0
92.32623868620585	284.0
92.33623936197343	281.0
92.34624003774098	281.0
92.35624071350856	275.0
92.36624138927613	272.0
92.3762420650437	265.0
92.38624274081127	259.0
92.39624341657884	253.0
92.40624409234641	248.0
92.41624476811398	242.0
92.42624544388156	239.0
92.43624611964913	236.0
92.44624679541668	234.0
92.45624747118426	239.0
92.46624814695183	245.0
92.4762488227194	248.0
92.48624949848697	253.0
92.49625017425454	256.0
92.50625085002211	262.0
92.51625152578968	268.0
92.52625220155726	275.0
92.53625287732481	281.0
92.54625355309238	284.0
92.55625422885996	284.0
92.56625490462753	281.0
92.5762555803951	281.0
92.58625625616267	278.0
92.59625693193024	275.0
92.60625760769781	272.0
92.61625828346538	268.0
92.62625895923294	265.0
92.63625963500051	259.0
92.64626031076808	256.0
92.65626098653566	253.0
92.66626166230323	253.0
92.6762623380708	250.0
92.68626301383837	248.0
92.69626368960594	245.0
92.70626436537351	242.0
92.71626504114109	242.0
92.72626571690864	242.0
92.73626639267621	242.0
92.74626706844379	245.0
92.75626774421136	245.0
92.76626841997893	248.0
92.7762690957465	250.0
92.78626977151407	250.0
92.79627044728164	253.0
92.80627112304921	256.0
92.81627179881677	262.0
92.82627247458434	272.0
92.83627315035191	281.0
92.84627382611949	291.0
92.85627450188706	301.0
92.86627517765463	316.0
92.8762758534222	327.0
92.88627652918977	338.0
92.89627720495734	346.0
92.90627788072491	350.0
92.91627855649247	354.0
92.92627923226004	358.0
92.93627990802761	363.0
92.94628058379519	367.0
92.95628125956276	371.0
92.96628193533033	384.0
92.9762826110979	402.0
92.98628328686547	402.0
92.99628396263304	398.0
93.0062846384006	389.0
93.01628531416817	380.0
93.02628598993574	375.0
93.03628666570332	375.0
93.04628734147089	371.0
93.05628801723846	371.0
93.06628869300603	367.0
93.0762893687736	354.0
93.08629004454117	350.0
93.09629072030874	346.0
93.1062913960763	342.0
93.11629207184387	346.0
93.12629274761144	346.0
93.13629342337902	350.0
93.14629409914659	350.0
93.15629477491416	354.0
93.16629545068173	358.0
93.1762961264493	363.0
93.18629680221687	367.0
93.19629747798443	371.0
93.206298153752	375.0
93.21629882951957	380.0
93.22629950528714	380.0
93.23630018105472	384.0
93.24630085682229	380.0
93.25630153258986	371.0
93.26630220835743	367.0
93.276302884125	363.0
93.28630355989256	358.0
93.29630423566013	354.0
93.3063049114277	350.0
93.31630558719527	342.0
93.32630626296285	338.0
93.33630693873042	331.0
93.34630761449799	323.0
93.35630829026556	319.0
93.36630896603313	319.0
93.3763096418007	316.0
93.38631031756826	316.0
93.39631099333583	316.0
93.4063116691034	316.0
93.41631234487097	319.0
93.42631302063855	323.0
93.43631369640612	327.0
93.44631437217369	346.0
93.45631504794126	346.0
93.46631572370883	350.0
93.47631639947639	346.0
93.48631707524396	334.0
93.49631775101153	331.0
93.5063184267791	323.0
93.51631910254667	319.0
93.52631977831425	316.0
93.53632045408182	312.0
93.54632112984939	312.0
93.55632180561696	301.0
93.56632248138453	294.0
93.57632315715209	284.0
93.58632383291966	284.0
93.59632450868723	281.0
93.6063251844548	278.0
93.61632586022237	278.0
93.62632653598995	281.0
93.63632721175752	284.0
93.64632788752509	0.0
93.65632856329266	0.0
93.66632923906022	284.0
93.67632991482779	284.0
93.68633059059536	284.0
93.69633126636293	284.0
93.7063319421305	284.0
93.71633261789808	281.0
93.72633329366565	281.0
93.73633396943322	281.0
93.74633464520079	284.0
93.75633532096836	284.0
93.76633599673592	284.0
93.77633667250349	284.0
93.78633734827106	284.0
93.79633802403863	288.0
93.8063386998062	288.0
93.81633937557378	288.0
93.82634005134135	288.0
93.83634072710892	284.0
93.84634140287649	284.0
93.85634207864405	284.0
93.86634275441162	281.0
93.87634343017919	278.0
93.88634410594676	278.0
93.89634478171433	278.0
93.9063454574819	278.0
93.91634613324948	278.0
93.92634680901705	275.0
93.93634748478462	275.0
93.94634816055218	278.0
93.95634883631975	278.0
93.96634951208732	281.0
93.97635018785489	0.0
93.98635086362246	0.0
93.99635153939003	0.0
94.0063522151576	288.0
94.01635289092518	288.0
94.02635356669275	284.0
94.03635424246032	281.0
94.04635491822788	281.0
94.05635559399545	281.0
94.06635626976302	284.0
94.07635694553059	0.0
94.08635762129816	284.0
94.09635829706573	284.0
94.1063589728333	288.0
94.11635964860088	288.0
94.12636032436845	284.0
94.136361000136	284.0
94.14636167590358	284.0
94.15636235167115	284.0
94.16636302743872	284.0
94.17636370320629	284.0
94.18636437897386	284.0
94.19636505474143	284.0
94.206365730509	284.0
94.21636640627658	281.0
94.22636708204415	284.0
94.2363677578117	284.0
94.24636843357928	284.0
94.25636910934685	284.0
94.26636978511442	284.0
94.27637046088199	288.0
94.28637113664956	288.0
94.29637181241714	288.0
94.3063724881847	288.0
94.31637316395228	284.0
94.32637383971984	281.0
94.3363745154874	278.0
94.34637519125498	268.0
94.35637586702255	259.0
94.36637654279012	253.0
94.37637721855769	245.0
94.38637789432526	236.0
94.39637857009284	228.0
94.4063792458604	226.0
94.41637992162798	228.0
94.42638059739554	231.0
94.43638127316311	234.0
94.44638194893068	239.0
94.45638262469825	245.0
94.46638330046582	253.0
94.4763839762334	259.0
94.48638465200096	265.0
94.49638532776854	278.0
94.50638600353611	288.0
94.51638667930366	291.0
94.52638735507124	294.0
94.53638803083881	298.0
94.54638870660638	294.0
94.55638938237395	291.0
94.56639005814152	281.0
94.5763907339091	275.0
94.58639140967666	268.0
94.59639208544424	259.0
94.6063927612118	253.0
94.61639343697937	250.0
94.62639411274694	245.0
94.63639478851451	239.0
94.64639546428208	236.0
94.65639614004965	234.0
94.66639681581722	236.0
94.6763974915848	239.0
94.68639816735237	242.0
94.69639884311994	248.0
94.7063995188875	250.0
94.71640019465507	256.0
94.72640087042264	259.0
94.73640154619021	268.0
94.74640222195778	272.0
94.75640289772535	305.0
94.76640357349292	0.0
94.7764042492605	0.0
94.78640492502807	350.0
94.79640560079562	346.0
94.8064062765632	334.0
94.81640695233077	319.0
94.82640762809834	312.0
94.83640830386591	301.0
94.84640897963348	291.0
94.85640965540105	281.0
94.86641033116862	275.0
94.8764110069362	272.0
94.88641168270377	268.0
94.89641235847132	268.0
94.9064130342389	275.0
94.91641371000647	278.0
94.92641438577404	284.0
94.93641506154161	291.0
94.94641573730918	298.0
94.95641641307675	298.0
94.96641708884432	298.0
94.9764177646119	298.0
94.98641844037945	291.0
94.99641911614702	284.0
95.0064197919146	278.0
95.01642046768217	268.0
95.02642114344974	262.0
95.03642181921731	250.0
95.04642249498488	239.0
95.05642317075245	234.0
95.06642384652002	228.0
95.0764245222876	228.0
95.08642519805515	234.0
95.09642587382272	239.0
95.1064265495903	248.0
95.11642722535787	253.0
95.12642790112544	259.0
95.13642857689301	265.0
95.14642925266058	265.0
95.15642992842815	265.0
95.16643060419572	259.0
95.17643127996328	253.0
95.18643195573085	248.0
95.19643263149842	242.0
95.206433307266	239.0
95.21643398303357	236.0
95.22643465880114	234.0
95.23643533456871	234.0
95.24643601033628	236.0
95.25643668610385	239.0
95.26643736187141	242.0
95.27643803763898	242.0
95.28643871340655	242.0
95.29643938917413	242.0
95.3064400649417	242.0
95.31644074070927	242.0
95.32644141647684	242.0
95.33644209224441	239.0
95.34644276801198	239.0
95.35644344377955	236.0
95.36644411954711	234.0
95.37644479531468	231.0
95.38644547108225	231.0
95.39644614684983	231.0
95.4064468226174	236.0
95.41644749838497	242.0
95.42644817415254	248.0
95.43644884992011	253.0
95.44644952568768	259.0
95.45645020145524	262.0
95.46645087722281	265.0
95.47645155299038	262.0
95.48645222875795	256.0
95.49645290452553	253.0
95.5064535802931	250.0
95.51645425606067	248.0
95.52645493182824	248.0
95.53645560759581	245.0
95.54645628336338	245.0
95.55645695913094	242.0
95.56645763489851	239.0
95.57645831066608	236.0
95.58645898643366	236.0
95.59645966220123	236.0
95.6064603379688	239.0
95.61646101373637	242.0
95.62646168950394	242.0
95.63646236527151	239.0
95.64646304103907	239.0
95.65646371680664	239.0
95.66646439257421	236.0
95.67646506834178	234.0
95.68646574410936	234.0
95.69646641987693	236.0
95.7064670956445	239.0
95.71646777141207	242.0
95.72646844717964	248.0
95.73646912294721	253.0
95.74646979871477	259.0
95.75647047448234	265.0
95.76647115024991	265.0
95.77647182601748	265.0
95.78647250178506	262.0
95.79647317755263	256.0
95.8064738533202	250.0
95.81647452908777	248.0
95.82647520485534	242.0
95.8364758806229	234.0
95.84647655639047	231.0
95.85647723215804	226.0
95.86647790792561	223.0
95.87647858369318	220.0
95.88647925946076	218.0
95.89647993522833	218.0
95.9064806109959	213.0
95.91648128676347	213.0
95.92648196253103	213.0
95.9364826382986	213.0
95.94648331406617	213.0
95.95648398983374	213.0
95.96648466560131	213.0
95.97648534136889	213.0
95.98648601713646	213.0
95.99648669290403	213.0
96.0064873686716	213.0
96.01648804443917	215.0
96.02648872020673	218.0
96.0364893959743	218.0
96.04649007174187	218.0
96.05649074750944	218.0
96.06649142327701	218.0
96.07649209904459	218.0
96.08649277481216	218.0
96.09649345057973	0.0
96.1064941263473	0.0
96.11649480211486	0.0
96.12649547788243	0.0
96.13649615365	0.0
96.14649682941757	0.0
96.15649750518514	0.0
96.16649818095271	0.0
96.17649885672029	0.0
96.18649953248786	0.0
96.19650020825543	215.0
96.206500884023	215.0
96.21650155979056	215.0
96.22650223555813	215.0
96.2365029113257	215.0
96.24650358709327	213.0
96.25650426286084	213.0
96.26650493862842	210.0
96.27650561439599	208.0
96.28650629016356	206.0
96.29650696593113	203.0
96.30650764169869	199.0
96.31650831746626	199.0
96.32650899323383	199.0
96.3365096690014	0.0
96.34651034476897	0.0
96.35651102053654	0.0
96.36651169630412	0.0
96.37651237207169	0.0
96.38651304783926	0.0
96.39651372360683	0.0
96.40651439937439	0.0
96.41651507514196	0.0
96.42651575090953	0.0
96.4365164266771	0.0
96.44651710244467	0.0
96.45651777821224	0.0
96.46651845397982	0.0
96.47651912974739	0.0
96.48651980551496	0.0
96.49652048128252	0.0
96.50652115705009	0.0
96.51652183281766	0.0
96.52652250858523	196.0
96.5365231843528	192.0
96.54652386012037	187.0
96.55652453588795	183.0
96.56652521165552	177.0
96.57652588742309	173.0
96.58652656319065	171.0
96.59652723895822	171.0
96.60652791472579	171.0
96.61652859049336	173.0
96.62652926626093	175.0
96.6365299420285	179.0
96.64653061779607	181.0
96.65653129356365	187.0
96.66653196933122	192.0
96.67653264509879	194.0
96.68653332086635	196.0
96.69653399663392	213.0
96.70653467240149	215.0
96.71653534816906	218.0
96.72653602393663	220.0
96.7365366997042	223.0
96.74653737547177	220.0
96.75653805123935	215.0
96.76653872700692	213.0
96.77653940277447	213.0
96.78654007854205	213.0
96.79654075430962	215.0
96.80654143007719	215.0
96.81654210584476	218.0
96.82654278161233	218.0
96.8365434573799	218.0
96.84654413314748	218.0
96.85654480891505	213.0
96.86654548468262	210.0
96.87654616045018	248.0
96.88654683621775	250.0
96.89654751198532	250.0
96.90654818775289	250.0
96.91654886352046	248.0
96.92654953928803	248.0
96.9365502150556	248.0
96.94655089082318	248.0
96.95655156659075	248.0
96.9665522423583	250.0
96.97655291812588	256.0
96.98655359389345	262.0
96.99655426966102	262.0
97.00655494542859	262.0
97.01655562119616	0.0
97.02655629696373	0.0
97.0365569727313	0.0
97.04655764849888	0.0
97.05655832426645	0.0
97.066559000034	0.0
97.07655967580158	0.0
97.08656035156915	0.0
97.09656102733672	0.0
97.10656170310429	0.0
97.11656237887186	0.0
97.12656305463943	0.0
97.136563730407	0.0
97.14656440617458	0.0
97.15656508194213	0.0
97.1665657577097	0.0
97.17656643347728	0.0
97.18656710924485	0.0
97.19656778501242	0.0
97.20656846077999	0.0
97.21656913654756	0.0
97.22656981231513	0.0
97.2365704880827	0.0
97.24657116385026	0.0
97.25657183961783	0.0
97.2665725153854	0.0
97.27657319115298	0.0
97.28657386692055	0.0
97.29657454268812	0.0
97.30657521845569	0.0
97.31657589422326	0.0
97.32657656999083	0.0
97.3365772457584	0.0
97.34657792152596	0.0
97.35657859729353	0.0
97.3665792730611	0.0
97.37657994882868	0.0
97.38658062459625	0.0
97.39658130036382	0.0
97.40658197613139	0.0
97.41658265189896	0.0
97.42658332766653	0.0
97.43658400343409	0.0
97.44658467920166	0.0
97.45658535496923	0.0
97.4665860307368	0.0
97.47658670650438	0.0
97.48658738227195	0.0
97.49658805803952	0.0
97.50658873380709	0.0
97.51658940957466	0.0
97.52659008534224	0.0
97.53659076110979	0.0
97.54659143687736	0.0
97.55659211264494	0.0
97.5665927884125	0.0
97.57659346418008	0.0
97.58659413994765	0.0
97.59659481571522	0.0
97.60659549148279	0.0
97.61659616725036	218.0
97.62659684301792	218.0
97.63659751878549	218.0
97.64659819455306	220.0
97.65659887032064	220.0
97.66659954608821	220.0
97.67660022185578	220.0
97.68660089762335	220.0
97.69660157339092	228.0
97.7066022491585	220.0
97.71660292492606	215.0
97.72660360069362	210.0
97.7366042764612	210.0
97.74660495222876	210.0
97.75660562799634	215.0
97.76660630376391	218.0
97.77660697953148	223.0
97.78660765529905	226.0
97.79660833106662	231.0
97.8066090068342	236.0
97.81660968260175	242.0
97.82661035836932	259.0
97.8366110341369	272.0
97.84661170990447	281.0
97.85661238567204	291.0
97.86661306143961	294.0
97.87661373720718	294.0
97.88661441297475	294.0
97.89661508874232	265.0
97.90661576450988	0.0
97.91661644027745	0.0
97.92661711604502	0.0
97.9366177918126	0.0
97.94661846758017	0.0
97.95661914334774	0.0
97.96661981911531	0.0
97.97662049488288	228.0
97.98662117065045	228.0
97.99662184641802	234.0
98.00662252218558	236.0
98.01662319795315	239.0
98.02662387372072	0.0
98.0366245494883	0.0
98.04662522525587	0.0
98.05662590102344	0.0
98.06662657679101	0.0
98.07662725255858	0.0
98.08662792832615	0.0
98.09662860409371	0.0
98.10662927986128	0.0
98.11662995562885	0.0
98.12663063139642	0.0
98.136631307164	0.0
98.14663198293157	0.0
98.15663265869914	0.0
98.16663333446671	0.0
98.17663401023428	0.0
98.18663468600185	0.0
98.19663536176941	0.0
98.20663603753698	183.0
98.21663671330455	181.0
98.22663738907212	181.0
98.2366380648397	179.0
98.24663874060727	177.0
98.25663941637484	175.0
98.26664009214241	175.0
98.27664076790998	177.0
98.28664144367754	179.0
98.29664211944511	181.0
98.30664279521268	183.0
98.31664347098025	183.0
98.32664414674782	183.0
98.3366448225154	181.0
98.34664549828297	179.0
98.35664617405054	177.0
98.36664684981811	177.0
98.37664752558567	177.0
98.38664820135324	179.0
98.39664887712081	179.0
98.40664955288838	181.0
98.41665022865595	185.0
98.42665090442352	0.0
98.4366515801911	0.0
98.44665225595867	0.0
98.45665293172624	0.0
98.46665360749381	0.0
98.47665428326137	0.0
98.48665495902894	0.0
98.49665563479651	0.0
98.50665631056408	0.0
98.51665698633165	0.0
98.52665766209923	0.0
98.5366583378668	0.0
98.54665901363437	0.0
98.55665968940194	0.0
98.5666603651695	0.0
98.57666104093707	0.0
98.58666171670464	0.0
98.59666239247221	0.0
98.60666306823978	0.0
98.61666374400735	0.0
98.62666441977493	0.0
98.6366650955425	0.0
98.64666577131007	0.0
98.65666644707764	0.0
98.6666671228452	0.0
98.67666779861277	0.0
98.68666847438034	0.0
98.69666915014791	0.0
98.70666982591548	0.0
98.71667050168305	0.0
98.72667117745063	0.0
98.7366718532182	0.0
98.74667252898577	0.0
98.75667320475333	0.0
98.7666738805209	0.0
98.77667455628847	0.0
98.78667523205604	0.0
98.79667590782361	0.0
98.80667658359118	0.0
98.81667725935876	0.0
98.82667793512633	0.0
98.8366786108939	0.0
98.84667928666147	0.0
98.85667996242903	0.0
98.8666806381966	0.0
98.87668131396417	0.0
98.88668198973174	0.0
98.89668266549931	0.0
98.90668334126688	0.0
98.91668401703446	0.0
98.92668469280203	0.0
98.9366853685696	0.0
98.94668604433716	0.0
98.95668672010473	0.0
98.9666873958723	0.0
98.97668807163987	0.0
98.98668874740744	0.0
98.99668942317501	0.0
99.00669009894258	0.0
99.01669077471016	0.0
99.02669145047773	0.0
99.03669212624528	0.0
99.04669280201286	0.0
99.05669347778043	0.0
99.066694153548	0.0
99.07669482931557	0.0
99.08669550508314	0.0
99.09669618085071	0.0
99.10669685661829	0.0
99.11669753238586	0.0
99.12669820815343	0.0
99.13669888392099	0.0
99.14669955968856	0.0
99.15670023545613	0.0
99.1667009112237	0.0
99.17670158699127	0.0
99.18670226275884	0.0
99.19670293852641	0.0
99.20670361429399	0.0
99.21670429006156	0.0
99.22670496582911	0.0
99.23670564159669	0.0
99.24670631736426	0.0
99.25670699313183	0.0
99.2667076688994	0.0
99.27670834466697	0.0
99.28670902043454	0.0
99.29670969620211	0.0
99.30671037196969	0.0
99.31671104773726	145.0
99.32671172350481	145.0
99.33671239927239	144.0
99.34671307503996	144.0
99.35671375080753	142.0
99.3667144265751	140.0
99.37671510234267	140.0
99.38671577811024	139.0
99.39671645387781	139.0
99.40671712964539	139.0
99.41671780541294	142.0
99.42671848118052	0.0
99.43671915694809	0.0
99.44671983271566	0.0
99.45672050848323	0.0
99.4667211842508	0.0
99.47672186001837	0.0
99.48672253578594	0.0
99.49672321155352	0.0
99.50672388732109	0.0
99.51672456308864	0.0
99.52672523885622	0.0
99.53672591462379	0.0
99.54672659039136	0.0
99.55672726615893	0.0
99.5667279419265	0.0
99.57672861769407	0.0
99.58672929346164	0.0
99.59672996922922	0.0
99.60673064499677	0.0
99.61673132076434	0.0
99.62673199653192	0.0
99.63673267229949	0.0
99.64673334806706	0.0
99.65673402383463	0.0
99.6667346996022	0.0
99.67673537536977	0.0
99.68673605113734	0.0
99.6967367269049	0.0
99.70673740267247	0.0
99.71673807844005	0.0
99.72673875420762	0.0
99.73673942997519	0.0
99.74674010574276	0.0
99.75674078151033	0.0
99.7667414572779	0.0
99.77674213304547	0.0
99.78674280881305	0.0
99.7967434845806	0.0
99.80674416034817	0.0
99.81674483611575	0.0
99.82674551188332	0.0
99.83674618765089	0.0
99.84674686341846	0.0
99.85674753918603	0.0
99.8667482149536	0.0
99.87674889072117	0.0
99.88674956648873	0.0
99.8967502422563	0.0
99.90675091802387	0.0
99.91675159379145	0.0
99.92675226955902	0.0
99.93675294532659	0.0
99.94675362109416	0.0
99.95675429686173	0.0
99.9667549726293	0.0
99.97675564839687	0.0
99.98675632416443	0.0
99.996756999932	0.0
100.00675767569957	0.0
100.01675835146715	0.0
100.02675902723472	0.0
100.03675970300229	0.0
100.04676037876986	0.0
100.05676105453743	0.0
100.066761730305	0.0
100.07676240607256	0.0
100.08676308184013	0.0
100.0967637576077	0.0
100.10676443337528	0.0
100.11676510914285	0.0
100.12676578491042	0.0
100.13676646067799	0.0
100.14676713644556	0.0
100.15676781221313	0.0
100.1667684879807	0.0
100.17676916374826	0.0
100.18676983951583	0.0
100.1967705152834	0.0
100.20677119105098	0.0
100.21677186681855	0.0
100.22677254258612	0.0
100.23677321835369	0.0
100.24677389412126	0.0
100.25677456988883	0.0
100.26677524565639	0.0
100.27677592142396	0.0
100.28677659719153	0.0
100.2967772729591	0.0
100.30677794872668	0.0
100.31677862449425	0.0
100.32677930026182	0.0
100.33677997602939	0.0
100.34678065179696	0.0
100.35678132756452	0.0
100.36678200333209	0.0
100.37678267909966	0.0
100.38678335486723	0.0
100.3967840306348	0.0
100.40678470640238	0.0
100.41678538216995	0.0
100.42678605793752	0.0
100.43678673370509	0.0
100.44678740947266	0.0
100.45678808524022	0.0
100.46678876100779	0.0
100.47678943677536	0.0
100.48679011254293	0.0
100.4967907883105	0.0
100.50679146407808	0.0
100.51679213984565	0.0
100.52679281561322	0.0
100.53679349138079	0.0
100.54679416714835	0.0
100.55679484291592	0.0
100.56679551868349	0.0
100.57679619445106	0.0
100.58679687021863	0.0
100.5967975459862	0.0
100.60679822175378	0.0
100.61679889752135	0.0
100.62679957328892	0.0
100.63680024905649	0.0
100.64680092482405	0.0
100.65680160059162	0.0
100.66680227635919	0.0
100.67680295212676	0.0
100.68680362789434	0.0
100.6968043036619	0.0
100.70680497942948	0.0
100.71680565519705	0.0
100.72680633096462	0.0
100.73680700673218	0.0
100.74680768249975	0.0
100.75680835826732	0.0
100.76680903403489	0.0
100.77680970980246	0.0
100.78681038557004	0.0
100.7968110613376	0.0
100.80681173710518	0.0
100.81681241287275	0.0
100.82681308864032	0.0
100.83681376440788	0.0
100.84681444017545	0.0
100.85681511594302	0.0
100.8668157917106	0.0
100.87681646747816	0.0
100.88681714324574	0.0
100.89681781901331	0.0
100.90681849478088	0.0
100.91681917054845	0.0
100.92681984631601	0.0
100.93682052208358	0.0
100.94682119785115	0.0
100.95682187361872	0.0
100.9668225493863	0.0
100.97682322515386	0.0
100.98682390092144	0.0
100.99682457668901	0.0
101.00682525245658	0.0
101.01682592822414	0.0
101.02682660399171	0.0
101.03682727975928	0.0
101.04682795552685	0.0
101.05682863129442	0.0
101.066829307062	0.0
101.07682998282957	0.0
101.08683065859714	0.0
101.09683133436471	0.0
101.10683201013228	0.0
101.11683268589984	0.0
101.12683336166741	0.0
101.13683403743498	0.0
101.14683471320255	0.0
101.15683538897012	0.0
101.1668360647377	0.0
101.17683674050527	0.0
101.18683741627284	0.0
101.19683809204041	0.0
101.20683876780797	0.0
101.21683944357554	0.0
101.22684011934311	0.0
101.23684079511068	0.0
101.24684147087825	0.0
101.25684214664582	0.0
101.2668428224134	0.0
101.27684349818097	0.0
101.28684417394854	0.0
101.29684484971611	0.0
101.30684552548367	0.0
101.31684620125124	0.0
101.32684687701881	0.0
101.33684755278638	0.0
101.34684822855395	0.0
101.35684890432152	0.0
101.3668495800891	0.0
101.37685025585667	0.0
101.38685093162424	0.0
101.3968516073918	0.0
101.40685228315937	0.0
101.41685295892694	0.0
101.42685363469451	0.0
101.43685431046208	0.0
101.44685498622965	0.0
101.45685566199722	0.0
101.4668563377648	0.0
101.47685701353237	0.0
101.48685768929994	0.0
101.4968583650675	0.0
101.50685904083507	0.0
101.51685971660264	0.0
101.52686039237021	0.0
101.53686106813778	0.0
101.54686174390535	0.0
101.55686241967292	0.0
101.5668630954405	0.0
101.57686377120807	0.0
101.58686444697562	0.0
101.5968651227432	0.0
101.60686579851077	0.0
101.61686647427834	0.0
101.62686715004591	0.0
101.63686782581348	0.0
101.64686850158105	0.0
101.65686917734863	0.0
101.6668698531162	0.0
101.67687052888375	0.0
101.68687120465133	0.0
101.6968718804189	0.0
101.70687255618647	0.0
101.71687323195404	0.0
101.72687390772161	0.0
101.73687458348918	0.0
101.74687525925675	0.0
101.75687593502433	0.0
101.7668766107919	0.0
101.77687728655945	0.0
101.78687796232703	0.0
101.7968786380946	0.0
101.80687931386217	0.0
101.81687998962974	0.0
101.82688066539731	0.0
101.83688134116488	0.0
101.84688201693245	0.0
101.85688269270003	0.0
101.86688336846758	0.0
101.87688404423515	0.0
101.88688472000273	0.0
101.8968853957703	0.0
101.90688607153787	0.0
101.91688674730544	0.0
101.92688742307301	0.0
101.93688809884058	0.0
101.94688877460815	0.0
101.95688945037573	0.0
101.96689012614328	0.0
101.97689080191086	0.0
101.98689147767843	0.0
101.996892153446	0.0
102.00689282921357	0.0
102.01689350498114	0.0
102.02689418074871	0.0
102.03689485651628	0.0
102.04689553228386	0.0
102.05689620805141	0.0
102.06689688381898	0.0
102.07689755958656	0.0
102.08689823535413	0.0
102.0968989111217	0.0
102.10689958688927	0.0
102.11690026265684	0.0
102.12690093842441	0.0
102.13690161419198	0.0
102.14690228995956	0.0
102.15690296572711	0.0
102.16690364149468	0.0
102.17690431726226	0.0
102.18690499302983	0.0
102.1969056687974	0.0
102.20690634456497	0.0
102.21690702033254	0.0
102.22690769610011	0.0
102.23690837186768	0.0
102.24690904763524	0.0
102.25690972340281	0.0
102.26691039917038	0.0
102.27691107493796	0.0
102.28691175070553	0.0
102.2969124264731	0.0
102.30691310224067	0.0
102.31691377800824	0.0
102.32691445377581	0.0
102.33691512954337	0.0
102.34691580531094	0.0
102.35691648107851	0.0
102.36691715684609	0.0
102.37691783261366	0.0
102.38691850838123	0.0
102.3969191841488	0.0
102.40691985991637	0.0
102.41692053568394	0.0
102.42692121145151	0.0
102.43692188721907	0.0
102.44692256298664	0.0
102.45692323875421	0.0
102.46692391452179	0.0
102.47692459028936	0.0
102.48692526605693	0.0
102.4969259418245	0.0
102.50692661759207	0.0
102.51692729335964	0.0
102.5269279691272	0.0
102.53692864489477	0.0
102.54692932066234	0.0
102.55692999642991	0.0
102.56693067219749	0.0
102.57693134796506	0.0
102.58693202373263	0.0
102.5969326995002	0.0
102.60693337526777	0.0
102.61693405103534	0.0
102.6269347268029	0.0
102.63693540257047	0.0
102.64693607833804	0.0
102.65693675410562	0.0
102.66693742987319	0.0
102.67693810564076	0.0
102.68693878140833	0.0
102.6969394571759	0.0
102.70694013294347	0.0
102.71694080871103	0.0
102.7269414844786	0.0
102.73694216024617	0.0
102.74694283601374	0.0
102.75694351178132	0.0
102.76694418754889	0.0
102.77694486331646	0.0
102.78694553908403	0.0
102.7969462148516	0.0
102.80694689061917	0.0
102.81694756638673	0.0
102.8269482421543	0.0
102.83694891792187	0.0
102.84694959368944	0.0
102.85695026945702	0.0
102.86695094522459	0.0
102.87695162099216	0.0
102.88695229675973	0.0
102.8969529725273	0.0
102.90695364829486	0.0
102.91695432406243	0.0
102.92695499983	0.0
102.93695567559757	0.0
102.94695635136515	0.0
102.95695702713272	0.0
102.96695770290029	0.0
102.97695837866786	0.0
102.98695905443543	0.0
102.99695973020299	0.0
103.00696040597056	0.0
103.01696108173813	0.0
103.0269617575057	0.0
103.03696243327327	0.0
103.04696310904085	0.0
103.05696378480842	0.0
103.06696446057599	0.0
103.07696513634356	0.0
103.08696581211113	0.0
103.09696648787869	0.0
103.10696716364626	0.0
103.11696783941383	0.0
103.1269685151814	0.0
103.13696919094897	0.0
103.14696986671655	0.0
103.15697054248412	0.0
103.16697121825169	0.0
103.17697189401926	0.0
103.18697256978682	0.0
103.19697324555439	0.0
103.20697392132196	0.0
103.21697459708953	0.0
103.2269752728571	0.0
103.23697594862467	0.0
103.24697662439225	0.0
103.25697730015982	0.0
103.26697797592739	0.0
103.27697865169496	0.0
103.28697932746252	0.0
103.29698000323009	0.0
103.30698067899766	0.0
103.31698135476523	0.0
103.3269820305328	0.0
103.33698270630038	0.0
103.34698338206795	0.0
103.35698405783552	0.0
103.36698473360309	0.0
103.37698540937065	0.0
103.38698608513822	0.0
103.39698676090579	0.0
103.40698743667336	0.0
103.41698811244093	0.0
103.4269887882085	0.0
103.43698946397608	0.0
103.44699013974365	0.0
103.45699081551122	0.0
103.46699149127879	0.0
103.47699216704635	0.0
103.48699284281392	0.0
103.49699351858149	0.0
103.50699419434906	0.0
103.51699487011663	0.0
103.5269955458842	0.0
103.53699622165178	0.0
103.54699689741935	0.0
103.55699757318692	0.0
103.56699824895448	0.0
103.57699892472205	0.0
103.58699960048962	0.0
103.59700027625719	0.0
103.60700095202476	0.0
103.61700162779233	0.0
103.6270023035599	0.0
103.63700297932748	0.0
103.64700365509505	0.0
103.6570043308626	0.0
103.66700500663018	0.0
103.67700568239775	0.0
103.68700635816532	0.0
103.69700703393289	0.0
103.70700770970046	0.0
103.71700838546803	0.0
103.7270090612356	0.0
103.73700973700318	0.0
103.74701041277075	0.0
103.7570110885383	0.0
103.76701176430588	0.0
103.77701244007345	0.0
103.78701311584102	0.0
103.79701379160859	0.0
103.80701446737616	0.0
103.81701514314373	0.0
103.8270158189113	0.0
103.83701649467888	0.0
103.84701717044643	0.0
103.857017846214	0.0
103.86701852198158	0.0
103.87701919774915	0.0
103.88701987351672	0.0
103.89702054928429	0.0
103.90702122505186	0.0
103.91702190081944	0.0
103.927022576587	0.0
103.93702325235458	0.0
103.94702392812214	0.0
103.9570246038897	0.0
103.96702527965728	0.0
103.97702595542485	0.0
103.98702663119242	0.0
103.99702730695999	0.0
104.00702798272756	0.0
104.01702865849514	0.0
104.0270293342627	0.0
104.03703001003026	0.0
104.04703068579784	0.0
104.05703136156541	0.0
104.06703203733298	0.0
104.07703271310055	0.0
104.08703338886812	0.0
104.0970340646357	0.0
104.10703474040326	0.0
104.11703541617084	0.0
104.12703609193841	0.0
104.13703676770596	0.0
104.14703744347354	0.0
104.15703811924111	0.0
104.16703879500868	0.0
104.17703947077625	0.0
104.18704014654382	0.0
104.1970408223114	0.0
104.20704149807896	0.0
104.21704217384654	0.0
104.2270428496141	0.0
104.23704352538167	0.0
104.24704420114924	0.0
104.25704487691681	0.0
104.26704555268438	288.0
104.27704622845195	288.0
104.28704690421952	0.0
104.2970475799871	0.0
104.30704825575467	0.0
104.31704893152222	0.0
104.3270496072898	0.0
104.33705028305737	0.0
104.34705095882494	0.0
104.35705163459251	256.0
104.36705231036008	250.0
104.37705298612765	0.0
104.38705366189522	0.0
104.3970543376628	0.0
104.40705501343037	236.0
104.41705568919792	236.0
104.4270563649655	236.0
104.43705704073307	236.0
104.44705771650064	236.0
104.45705839226821	236.0
104.46705906803578	239.0
104.47705974380335	242.0
104.48706041957092	248.0
104.4970610953385	253.0
104.50706177110605	256.0
104.51706244687362	262.0
104.5270631226412	268.0
104.53706379840877	275.0
104.54706447417634	281.0
104.55706514994391	284.0
104.56706582571148	288.0
104.57706650147905	288.0
104.58706717724662	288.0
104.5970678530142	284.0
104.60706852878175	284.0
104.61706920454932	281.0
104.6270698803169	278.0
104.63707055608447	272.0
104.64707123185204	268.0
104.65707190761961	262.0
104.66707258338718	256.0
104.67707325915475	250.0
104.68707393492232	245.0
104.69707461068988	242.0
104.70707528645745	239.0
104.71707596222502	236.0
104.7270766379926	236.0
104.73707731376017	239.0
104.74707798952774	239.0
104.75707866529531	242.0
104.76707934106288	245.0
104.77708001683045	248.0
104.78708069259802	250.0
104.79708136836558	253.0
104.80708204413315	256.0
104.81708271990072	262.0
104.8270833956683	268.0
104.83708407143587	275.0
104.84708474720344	281.0
104.85708542297101	288.0
104.86708609873858	288.0
104.87708677450615	288.0
104.88708745027371	288.0
104.89708812604128	288.0
104.90708880180885	284.0
104.91708947757643	284.0
104.927090153344	284.0
104.93709082911157	284.0
104.94709150487914	284.0
104.95709218064671	284.0
104.96709285641428	0.0
104.97709353218184	0.0
104.98709420794941	0.0
104.99709488371698	0.0
105.00709555948455	0.0
105.01709623525213	0.0
105.0270969110197	0.0
105.03709758678727	0.0
105.04709826255484	0.0
105.05709893832241	0.0
105.06709961408998	0.0
105.07710028985754	0.0
105.08710096562511	0.0
105.09710164139268	0.0
105.10710231716025	0.0
105.11710299292783	0.0
105.1271036686954	0.0
105.13710434446297	0.0
105.14710502023054	0.0
105.15710569599811	0.0
105.16710637176567	0.0
105.17710704753324	0.0
105.18710772330081	0.0
105.19710839906838	291.0
105.20710907483596	288.0
105.21710975060353	288.0
105.2271104263711	288.0
105.23711110213867	288.0
105.24711177790624	288.0
105.25711245367381	288.0
105.26711312944137	288.0
105.27711380520894	288.0
105.28711448097651	288.0
105.29711515674408	288.0
105.30711583251166	291.0
105.31711650827923	291.0
105.3271171840468	291.0
105.33711785981437	291.0
105.34711853558194	291.0
105.3571192113495	288.0
105.36711988711707	288.0
105.37712056288464	288.0
105.38712123865221	288.0
105.39712191441978	288.0
105.40712259018736	284.0
105.41712326595493	284.0
105.4271239417225	284.0
105.43712461749007	288.0
105.44712529325764	288.0
105.4571259690252	288.0
105.46712664479277	288.0
105.47712732056034	288.0
105.48712799632791	291.0
105.49712867209549	291.0
105.50712934786306	291.0
105.51713002363063	288.0
105.5271306993982	288.0
105.53713137516577	288.0
105.54713205093333	284.0
105.5571327267009	284.0
105.56713340246847	284.0
105.57713407823604	284.0
105.58713475400361	288.0
105.59713542977119	288.0
105.60713610553876	288.0
105.61713678130633	288.0
105.6271374570739	288.0
105.63713813284146	291.0
105.64713880860903	291.0
105.6571394843766	291.0
105.66714016014417	288.0
105.67714083591174	288.0
105.68714151167931	284.0
105.69714218744689	284.0
105.70714286321446	281.0
105.71714353898203	281.0
105.7271442147496	278.0
105.73714489051716	272.0
105.74714556628473	265.0
105.7571462420523	256.0
105.76714691781987	250.0
105.77714759358744	245.0
105.78714826935501	239.0
105.79714894512259	231.0
105.80714962089016	228.0
105.81715029665773	231.0
105.82715097242529	231.0
105.83715164819286	236.0
105.84715232396043	239.0
105.857152999728	245.0
105.86715367549557	250.0
105.87715435126314	259.0
105.88715502703072	265.0
105.89715570279829	272.0
105.90715637856586	281.0
105.91715705433343	284.0
105.92715773010099	284.0
105.93715840586856	284.0
105.94715908163613	284.0
105.9571597574037	284.0
105.96716043317127	281.0
105.97716110893884	275.0
105.98716178470642	268.0
105.99716246047399	262.0
106.00716313624156	256.0
106.01716381200912	253.0
106.02716448777669	250.0
106.03716516354426	245.0
106.04716583931183	242.0
106.0571665150794	239.0
106.06716719084697	236.0
106.07716786661454	239.0
106.08716854238212	242.0
106.09716921814969	245.0
106.10716989391726	248.0
106.11717056968482	253.0
106.12717124545239	262.0
106.13717192121996	0.0
106.14717259698753	0.0
106.1571732727551	0.0
106.16717394852267	334.0
106.17717462429025	342.0
106.18717530005782	342.0
106.19717597582539	334.0
106.20717665159295	331.0
106.21717732736052	305.0
106.22717800312809	288.0
106.23717867889566	281.0
106.24717935466323	288.0
106.2571800304308	275.0
106.26718070619837	272.0
106.27718138196595	268.0
106.28718205773352	268.0
106.29718273350107	272.0
106.30718340926865	275.0
106.31718408503622	278.0
106.32718476080379	281.0
106.33718543657136	284.0
106.34718611233893	291.0
106.3571867881065	294.0
106.36718746387407	294.0
106.37718813964165	291.0
106.38718881540922	288.0
106.39718949117677	281.0
106.40719016694435	278.0
106.41719084271192	272.0
106.42719151847949	268.0
106.43719219424706	262.0
106.44719287001463	256.0
106.4571935457822	250.0
106.46719422154978	248.0
106.47719489731735	248.0
106.4871955730849	250.0
106.49719624885248	253.0
106.50719692462005	253.0
106.51719760038762	253.0
106.52719827615519	256.0
106.53719895192276	256.0
106.54719962769033	256.0
106.5572003034579	256.0
106.56720097922548	256.0
106.57720165499305	259.0
106.5872023307606	262.0
106.59720300652818	272.0
106.60720368229575	284.0
106.61720435806332	298.0
106.62720503383089	308.0
106.63720570959846	312.0
106.64720638536603	308.0
106.6572070611336	298.0
106.66720773690118	288.0
106.67720841266873	272.0
106.6872090884363	250.0
106.69720976420388	245.0
106.70721043997145	239.0
106.71721111573902	236.0
106.72721179150659	236.0
106.73721246727416	236.0
106.74721314304173	239.0
106.7572138188093	242.0
106.76721449457686	242.0
106.77721517034443	242.0
106.787215846112	242.0
106.79721652187958	242.0
106.80721719764715	242.0
106.81721787341472	239.0
106.82721854918229	236.0
106.83721922494986	234.0
106.84721990071743	231.0
106.857220576485	231.0
106.86722125225256	231.0
106.87722192802013	228.0
106.8872226037877	228.0
106.89722327955528	231.0
106.90722395532285	234.0
106.91722463109042	239.0
106.92722530685799	248.0
106.93722598262556	250.0
106.94722665839313	256.0
106.95722733416069	256.0
106.96722800992826	259.0
106.97722868569583	259.0
106.9872293614634	259.0
106.99723003723098	256.0
107.00723071299855	256.0
107.01723138876612	250.0
107.02723206453369	248.0
107.03723274030126	245.0
107.04723341606883	245.0
107.05723409183639	242.0
107.06723476760396	239.0
107.07723544337153	239.0
107.0872361191391	239.0
107.09723679490668	242.0
107.10723747067425	245.0
107.11723814644182	245.0
107.12723882220939	245.0
107.13723949797696	242.0
107.14724017374452	242.0
107.15724084951209	242.0
107.16724152527966	242.0
107.17724220104724	242.0
107.1872428768148	239.0
107.19724355258238	239.0
107.20724422834995	242.0
107.21724490411752	242.0
107.22724557988509	245.0
107.23724625565266	245.0
107.24724693142022	248.0
107.2572476071878	250.0
107.26724828295536	253.0
107.27724895872294	253.0
107.28724963449051	256.0
107.29725031025808	256.0
107.30725098602565	256.0
107.31725166179322	256.0
107.3272523375608	253.0
107.33725301332835	250.0
107.34725368909592	248.0
107.3572543648635	245.0
107.36725504063106	242.0
107.37725571639864	239.0
107.38725639216621	236.0
107.39725706793378	234.0
107.40725774370135	231.0
107.41725841946892	226.0
107.42725909523648	223.0
107.43725977100405	220.0
107.44726044677162	218.0
107.4572611225392	215.0
107.46726179830677	215.0
107.47726247407434	213.0
107.48726314984191	213.0
107.49726382560948	213.0
107.50726450137705	213.0
107.51726517714462	213.0
107.52726585291218	213.0
107.53726652867975	213.0
107.54726720444732	213.0
107.5572678802149	215.0
107.56726855598247	215.0
107.57726923175004	256.0
107.58726990751761	218.0
107.59727058328518	218.0
107.60727125905275	220.0
107.61727193482031	220.0
107.62727261058788	218.0
107.63727328635545	215.0
107.64727396212302	213.0
107.6572746378906	210.0
107.66727531365817	210.0
107.67727598942574	208.0
107.68727666519331	208.0
107.69727734096088	208.0
107.70727801672845	256.0
107.71727869249601	256.0
107.72727936826358	259.0
107.73728004403115	262.0
107.74728071979872	265.0
107.7572813955663	268.0
107.76728207133387	272.0
107.77728274710144	281.0
107.78728342286901	291.0
107.79728409863658	291.0
107.80728477440414	288.0
107.81728545017171	281.0
107.82728612593928	275.0
107.83728680170685	268.0
107.84728747747442	262.0
107.857288153242	259.0
107.86728882900957	253.0
107.87728950477714	250.0
107.88729018054471	248.0
107.89729085631228	248.0
107.90729153207984	245.0
107.91729220784741	248.0
107.92729288361498	248.0
107.93729355938255	248.0
107.94729423515012	248.0
107.9572949109177	245.0
107.96729558668527	245.0
107.97729626245284	245.0
107.98729693822041	245.0
107.99729761398797	245.0
108.00729828975554	248.0
108.01729896552311	248.0
108.02729964129068	248.0
108.03730031705825	248.0
108.04730099282583	248.0
108.0573016685934	248.0
108.06730234436097	248.0
108.07730302012854	250.0
108.0873036958961	250.0
108.09730437166367	250.0
108.10730504743124	250.0
108.11730572319881	250.0
108.12730639896638	253.0
108.13730707473395	256.0
108.14730775050153	256.0
108.1573084262691	259.0
108.16730910203667	262.0
108.17730977780424	262.0
108.1873104535718	262.0
108.19731112933937	259.0
108.20731180510694	259.0
108.21731248087451	256.0
108.22731315664208	250.0
108.23731383240965	248.0
108.24731450817723	248.0
108.2573151839448	248.0
108.26731585971237	248.0
108.27731653547993	248.0
108.2873172112475	248.0
108.29731788701507	248.0
108.30731856278264	248.0
108.31731923855021	245.0
108.32731991431778	245.0
108.33732059008535	245.0
108.34732126585293	242.0
108.3573219416205	245.0
108.36732261738807	245.0
108.37732329315563	245.0
108.3873239689232	245.0
108.39732464469077	245.0
108.40732532045834	245.0
108.41732599622591	245.0
108.42732667199348	245.0
108.43732734776106	245.0
108.44732802352863	245.0
108.4573286992962	245.0
108.46732937506376	245.0
108.47733005083133	245.0
108.4873307265989	245.0
108.49733140236647	245.0
108.50733207813404	248.0
108.51733275390161	248.0
108.52733342966918	250.0
108.53733410543676	250.0
108.54733478120433	253.0
108.5573354569719	253.0
108.56733613273946	256.0
108.57733680850703	256.0
108.5873374842746	256.0
108.59733816004217	259.0
108.60733883580974	259.0
108.61733951157731	259.0
108.62734018734488	259.0
108.63734086311246	259.0
108.64734153888003	256.0
108.65734221464758	256.0
108.66734289041516	256.0
108.67734356618273	253.0
108.6873442419503	253.0
108.69734491771787	250.0
108.70734559348544	250.0
108.71734626925301	250.0
108.72734694502059	250.0
108.73734762078816	250.0
108.74734829655571	250.0
108.75734897232329	250.0
108.76734964809086	250.0
108.77735032385843	248.0
108.787350999626	245.0
108.79735167539357	242.0
108.80735235116114	242.0
108.81735302692871	236.0
108.82735370269629	234.0
108.83735437846386	234.0
108.84735505423141	231.0
108.85735572999899	228.0
108.86735640576656	228.0
108.87735708153413	226.0
108.8873577573017	223.0
108.89735843306927	223.0
108.90735910883684	223.0
108.91735978460441	223.0
108.92736046037199	223.0
108.93736113613954	220.0
108.94736181190711	220.0
108.95736248767469	218.0
108.96736316344226	218.0
108.97736383920983	218.0
108.9873645149774	218.0
108.99736519074497	218.0
109.00736586651254	218.0
109.01736654228012	218.0
109.02736721804769	218.0
109.03736789381524	218.0
109.04736856958282	218.0
109.05736924535039	218.0
109.06736992111796	218.0
109.07737059688553	218.0
109.0873712726531	215.0
109.09737194842067	215.0
109.10737262418824	215.0
109.11737329995582	218.0
109.12737397572337	218.0
109.13737465149094	218.0
109.14737532725852	220.0
109.15737600302609	220.0
109.16737667879366	218.0
109.17737735456123	218.0
109.1873780303288	218.0
109.19737870609637	215.0
109.20737938186394	215.0
109.21738005763152	215.0
109.22738073339907	218.0
109.23738140916664	218.0
109.24738208493422	218.0
109.25738276070179	220.0
109.26738343646936	220.0
109.27738411223693	220.0
109.2873847880045	218.0
109.29738546377207	218.0
109.30738613953964	215.0
109.3173868153072	215.0
109.32738749107477	215.0
109.33738816684235	215.0
109.34738884260992	218.0
109.35738951837749	218.0
109.36739019414506	218.0
109.37739086991263	218.0
109.3873915456802	218.0
109.39739222144777	218.0
109.40739289721533	218.0
109.4173935729829	218.0
109.42739424875047	218.0
109.43739492451805	218.0
109.44739560028562	0.0
109.45739627605319	220.0
109.46739695182076	0.0
109.47739762758833	0.0
109.4873983033559	0.0
109.49739897912347	0.0
109.50739965489103	0.0
109.5174003306586	0.0
109.52740100642617	0.0
109.53740168219375	0.0
109.54740235796132	0.0
109.55740303372889	0.0
109.56740370949646	0.0
109.57740438526403	0.0
109.5874050610316	0.0
109.59740573679916	0.0
109.60740641256673	0.0
109.6174070883343	0.0
109.62740776410187	0.0
109.63740843986945	0.0
109.64740911563702	0.0
109.65740979140459	0.0
109.66741046717216	0.0
109.67741114293973	0.0
109.6874118187073	0.0
109.69741249447486	0.0
109.70741317024243	0.0
109.71741384601	0.0
109.72741452177758	0.0
109.73741519754515	0.0
109.74741587331272	0.0
109.75741654908029	0.0
109.76741722484786	0.0
109.77741790061543	0.0
109.78741857638299	0.0
109.79741925215056	0.0
109.80741992791813	0.0
109.8174206036857	0.0
109.82742127945328	0.0
109.83742195522085	0.0
109.84742263098842	0.0
109.85742330675599	0.0
109.86742398252356	0.0
109.87742465829113	0.0
109.88742533405869	0.0
109.89742600982626	0.0
109.90742668559383	0.0
109.9174273613614	0.0
109.92742803712898	0.0
109.93742871289655	0.0
109.94742938866412	0.0
109.95743006443169	0.0
109.96743074019926	0.0
109.97743141596682	0.0
109.98743209173439	0.0
109.99743276750196	0.0
110.00743344326953	0.0
110.0174341190371	0.0
110.02743479480468	0.0
110.03743547057225	0.0
110.04743614633982	0.0
110.05743682210739	0.0
110.06743749787495	0.0
110.07743817364252	0.0
110.08743884941009	0.0
110.09743952517766	0.0
110.10744020094523	0.0
110.1174408767128	0.0
110.12744155248038	0.0
110.13744222824795	0.0
110.14744290401552	0.0
110.15744357978309	0.0
110.16744425555065	0.0
110.17744493131822	0.0
110.18744560708579	0.0
110.19744628285336	0.0
110.20744695862093	0.0
110.2174476343885	0.0
110.22744831015608	0.0
110.23744898592365	0.0
110.24744966169122	0.0
110.25745033745878	0.0
110.26745101322635	0.0
110.27745168899392	0.0
110.28745236476149	0.0
110.29745304052906	0.0
110.30745371629664	0.0
110.3174543920642	0.0
110.32745506783178	0.0
110.33745574359935	0.0
110.34745641936692	0.0
110.35745709513448	0.0
110.36745777090205	0.0
110.37745844666962	0.0
110.38745912243719	0.0
110.39745979820476	0.0
110.40746047397234	291.0
110.4174611497399	288.0
110.42746182550748	284.0
110.43746250127505	281.0
110.44746317704261	275.0
110.45746385281018	268.0
110.46746452857775	262.0
110.47746520434532	253.0
110.4874658801129	250.0
110.49746655588046	245.0
110.50746723164804	242.0
110.51746790741561	239.0
110.52746858318318	239.0
110.53746925895075	239.0
110.54746993471831	239.0
110.55747061048588	239.0
110.56747128625345	242.0
110.57747196202102	239.0
110.5874726377886	239.0
110.59747331355616	239.0
110.60747398932374	242.0
110.61747466509131	245.0
110.62747534085888	248.0
110.63747601662644	253.0
110.64747669239401	256.0
110.65747736816158	262.0
110.66747804392915	265.0
110.67747871969672	265.0
110.6874793954643	265.0
110.69748007123187	265.0
110.70748074699944	259.0
110.71748142276701	256.0
110.72748209853457	248.0
110.73748277430214	239.0
110.74748345006971	234.0
110.75748412583728	231.0
110.76748480160485	226.0
110.77748547737242	223.0
110.78748615314	220.0
110.79748682890757	218.0
110.80748750467514	218.0
110.81748818044271	215.0
110.82748885621027	215.0
110.83748953197784	215.0
110.84749020774541	215.0
110.85749088351298	215.0
110.86749155928055	213.0
110.87749223504812	210.0
110.8874929108157	208.0
110.89749358658327	203.0
110.90749426235084	201.0
110.9174949381184	199.0
110.92749561388597	199.0
110.93749628965354	199.0
110.94749696542111	199.0
110.95749764118868	203.0
110.96749831695625	206.0
110.97749899272382	210.0
110.9874996684914	215.0
110.99750034425897	218.0
111.00750102002654	220.0
111.0175016957941	220.0
111.02750237156167	218.0
111.03750304732924	218.0
111.04750372309681	218.0
111.05750439886438	215.0
111.06750507463195	215.0
111.07750575039952	213.0
111.0875064261671	213.0
111.09750710193467	213.0
111.10750777770222	213.0
111.1175084534698	213.0
111.12750912923737	213.0
111.13750980500494	215.0
111.14751048077251	215.0
111.15751115654008	218.0
111.16751183230765	220.0
111.17751250807522	226.0
111.1875131838428	228.0
111.19751385961037	236.0
111.20751453537792	242.0
111.2175152111455	250.0
111.22751588691307	262.0
111.23751656268064	272.0
111.24751723844821	281.0
111.25751791421578	288.0
111.26751858998335	291.0
111.27751926575093	291.0
111.2875199415185	291.0
111.29752061728605	288.0
111.30752129305363	284.0
111.3175219688212	278.0
111.32752264458877	275.0
111.33752332035634	268.0
111.34752399612391	265.0
111.35752467189148	259.0
111.36752534765905	262.0
111.37752602342663	256.0
111.38752669919418	250.0
111.39752737496175	248.0
111.40752805072933	245.0
111.4175287264969	242.0
111.42752940226447	239.0
111.43753007803204	239.0
111.44753075379961	239.0
111.45753142956718	242.0
111.46753210533475	245.0
111.47753278110233	248.0
111.48753345686988	250.0
111.49753413263745	253.0
111.50753480840503	259.0
111.5175354841726	265.0
111.52753615994017	272.0
111.53753683570774	281.0
111.54753751147531	284.0
111.55753818724288	288.0
111.56753886301045	291.0
111.57753953877801	291.0
111.58754021454558	288.0
111.59754089031316	288.0
111.60754156608073	284.0
111.6175422418483	281.0
111.62754291761587	281.0
111.63754359338344	278.0
111.64754426915101	275.0
111.65754494491858	268.0
111.66754562068616	265.0
111.67754629645371	262.0
111.68754697222128	256.0
111.69754764798886	253.0
111.70754832375643	248.0
111.717548999524	242.0
111.72754967529157	236.0
111.73755035105914	234.0
111.74755102682671	236.0
111.75755170259428	239.0
111.76755237836184	242.0
111.77755305412941	245.0
111.78755372989698	248.0
111.79755440566456	250.0
111.80755508143213	253.0
111.8175557571997	256.0
111.82755643296727	259.0
111.83755710873484	265.0
111.84755778450241	268.0
111.85755846026998	272.0
111.86755913603754	281.0
111.87755981180511	288.0
111.88756048757269	291.0
111.89756116334026	294.0
111.90756183910783	291.0
111.9175625148754	291.0
111.92756319064297	288.0
111.93756386641054	288.0
111.94756454217811	284.0
111.95756521794567	284.0
111.96756589371324	284.0
111.97756656948081	284.0
111.98756724524839	284.0
111.99756792101596	284.0
112.00756859678353	284.0
112.0175692725511	284.0
112.02756994831867	284.0
112.03757062408624	284.0
112.0475712998538	284.0
112.05757197562137	284.0
112.06757265138894	284.0
112.07757332715651	288.0
112.08757400292409	288.0
112.09757467869166	288.0
112.10757535445923	284.0
112.1175760302268	288.0
112.12757670599437	288.0
112.13757738176194	288.0
112.1475780575295	288.0
112.15757873329707	288.0
112.16757940906464	288.0
112.17758008483221	288.0
112.18758076059979	288.0
112.19758143636736	288.0
112.20758211213493	288.0
112.2175827879025	288.0
112.22758346367007	288.0
112.23758413943763	288.0
112.2475848152052	288.0
112.25758549097277	288.0
112.26758616674034	288.0
112.27758684250792	288.0
112.28758751827549	288.0
112.29758819404306	288.0
112.30758886981063	288.0
112.3175895455782	288.0
112.32759022134577	288.0
112.33759089711333	288.0
112.3475915728809	284.0
112.35759224864847	288.0
112.36759292441604	288.0
112.37759360018362	284.0
112.38759427595119	284.0
112.39759495171876	284.0
112.40759562748633	284.0
112.4175963032539	284.0
112.42759697902146	284.0
112.43759765478903	284.0
112.4475983305566	284.0
112.45759900632417	284.0
112.46759968209174	288.0
112.47760035785932	288.0
112.48760103362689	288.0
112.49760170939446	288.0
112.50760238516203	288.0
112.5176030609296	288.0
112.52760373669716	288.0
112.53760441246473	288.0
112.5476050882323	291.0
112.55760576399987	288.0
112.56760643976745	288.0
112.57760711553502	288.0
112.58760779130259	288.0
112.59760846707016	288.0
112.60760914283773	288.0
112.61760981860529	288.0
112.62761049437286	288.0
112.63761117014043	291.0
112.647611845908	291.0
112.65761252167557	291.0
112.66761319744315	291.0
112.67761387321072	291.0
112.68761454897829	291.0
112.69761522474586	288.0
112.70761590051342	291.0
112.71761657628099	291.0
112.72761725204856	291.0
112.73761792781613	291.0
112.7476186035837	291.0
112.75761927935127	291.0
112.76761995511885	291.0
112.77762063088642	291.0
112.78762130665399	291.0
112.79762198242156	0.0
112.80762265818912	0.0
112.81762333395669	0.0
112.82762400972426	0.0
112.83762468549183	0.0
112.8476253612594	291.0
112.85762603702698	291.0
112.86762671279455	291.0
112.87762738856212	291.0
112.88762806432969	291.0
112.89762874009725	291.0
112.90762941586482	291.0
112.91763009163239	291.0
112.92763076739996	291.0
112.93763144316753	291.0
112.9476321189351	291.0
112.95763279470268	291.0
112.96763347047025	291.0
112.97763414623782	291.0
112.98763482200539	0.0
112.99763549777295	0.0
113.00763617354052	0.0
113.01763684930809	0.0
113.02763752507566	0.0
113.03763820084323	0.0
113.0476388766108	0.0
113.05763955237838	0.0
113.06764022814595	0.0
113.07764090391352	0.0
113.08764157968108	0.0
113.09764225544865	0.0
113.10764293121622	0.0
113.11764360698379	0.0
113.12764428275136	0.0
113.13764495851893	0.0
113.1476456342865	0.0
113.15764631005408	0.0
113.16764698582165	0.0
113.17764766158922	0.0
113.18764833735678	0.0
113.19764901312435	0.0
113.20764968889192	0.0
113.21765036465949	0.0
113.22765104042706	0.0
113.23765171619463	0.0
113.2476523919622	0.0
113.25765306772978	0.0
113.26765374349735	0.0
113.2776544192649	0.0
113.28765509503248	0.0
113.29765577080005	0.0
113.30765644656762	0.0
113.31765712233519	0.0
113.32765779810276	0.0
113.33765847387033	0.0
113.3476591496379	0.0
113.35765982540548	0.0
113.36766050117303	0.0
113.3776611769406	0.0
113.38766185270818	0.0
113.39766252847575	0.0
113.40766320424332	0.0
113.41766388001089	0.0
113.42766455577846	0.0
113.43766523154603	0.0
113.4476659073136	0.0
113.45766658308118	0.0
113.46766725884873	0.0
113.4776679346163	0.0
113.48766861038388	0.0
113.49766928615145	0.0
113.50766996191902	0.0
113.51767063768659	0.0
113.52767131345416	0.0
113.53767198922174	0.0
113.5476726649893	0.0
113.55767334075686	0.0
113.56767401652444	0.0
113.577674692292	0.0
113.58767536805958	0.0
113.59767604382715	0.0
113.60767671959472	0.0
113.61767739536229	0.0
113.62767807112986	0.0
113.63767874689744	0.0
113.64767942266501	0.0
113.65768009843256	0.0
113.66768077420014	0.0
113.67768144996771	0.0
113.68768212573528	0.0
113.69768280150285	0.0
113.70768347727042	0.0
113.717684153038	0.0
113.72768482880556	0.0
113.73768550457314	0.0
113.7476861803407	0.0
113.75768685610826	0.0
113.76768753187584	0.0
113.77768820764341	0.0
113.78768888341098	0.0
113.79768955917855	0.0
113.80769023494612	0.0
113.8176909107137	0.0
113.82769158648127	0.0
113.83769226224884	0.0
113.8476929380164	0.0
113.85769361378397	0.0
113.86769428955154	0.0
113.87769496531911	0.0
113.88769564108668	0.0
113.89769631685425	0.0
113.90769699262182	0.0
113.9176976683894	0.0
113.92769834415697	0.0
113.93769901992452	0.0
113.9476996956921	0.0
113.95770037145967	0.0
113.96770104722724	0.0
113.97770172299481	0.0
113.98770239876238	0.0
113.99770307452995	0.0
114.00770375029752	0.0
114.0177044260651	0.0
114.02770510183265	0.0
114.03770577760022	0.0
114.0477064533678	0.0
114.05770712913537	0.0
114.06770780490294	0.0
114.07770848067051	0.0
114.08770915643808	0.0
114.09770983220565	0.0
114.10771050797322	0.0
114.1177111837408	0.0
114.12771185950835	0.0
114.13771253527592	0.0
114.1477132110435	0.0
114.15771388681107	0.0
114.16771456257864	0.0
114.17771523834621	0.0
114.18771591411378	0.0
114.19771658988135	0.0
114.20771726564892	0.0
114.21771794141648	0.0
114.22771861718405	0.0
114.23771929295162	0.0
114.2477199687192	0.0
114.25772064448677	0.0
114.26772132025434	0.0
114.27772199602191	0.0
114.28772267178948	0.0
114.29772334755705	0.0
114.30772402332462	0.0
114.31772469909218	0.0
114.32772537485975	0.0
114.33772605062732	0.0
114.3477267263949	0.0
114.35772740216247	0.0
114.36772807793004	0.0
114.37772875369761	0.0
114.38772942946518	0.0
114.39773010523275	0.0
114.40773078100031	0.0
114.41773145676788	0.0
114.42773213253545	0.0
114.43773280830302	0.0
114.4477334840706	0.0
114.45773415983817	0.0
114.46773483560574	0.0
114.47773551137331	0.0
114.48773618714088	0.0
114.49773686290845	0.0
114.50773753867601	0.0
114.51773821444358	0.0
114.52773889021115	0.0
114.53773956597873	0.0
114.5477402417463	0.0
114.55774091751387	0.0
114.56774159328144	0.0
114.57774226904901	0.0
114.58774294481658	0.0
114.59774362058414	0.0
114.60774429635171	0.0
114.61774497211928	0.0
114.62774564788685	0.0
114.63774632365443	0.0
114.647746999422	0.0
114.65774767518957	0.0
114.66774835095714	0.0
114.67774902672471	0.0
114.68774970249227	0.0
114.69775037825984	0.0
114.70775105402741	0.0
114.71775172979498	0.0
114.72775240556255	0.0
114.73775308133013	0.0
114.7477537570977	0.0
114.75775443286527	0.0
114.76775510863284	0.0
114.77775578440041	0.0
114.78775646016797	0.0
114.79775713593554	0.0
114.80775781170311	0.0
114.81775848747068	0.0
114.82775916323826	0.0
114.83775983900583	0.0
114.8477605147734	0.0
114.85776119054097	0.0
114.86776186630854	0.0
114.8777625420761	0.0
114.88776321784367	0.0
114.89776389361124	0.0
114.90776456937881	0.0
114.91776524514638	0.0
114.92776592091396	0.0
114.93776659668153	0.0
114.9477672724491	0.0
114.95776794821667	0.0
114.96776862398424	0.0
114.9777692997518	0.0
114.98776997551937	0.0
114.99777065128694	0.0
115.00777132705451	0.0
115.01777200282208	0.0
115.02777267858966	0.0
115.03777335435723	0.0
115.0477740301248	0.0
115.05777470589237	0.0
115.06777538165993	0.0
115.0777760574275	0.0
115.08777673319507	0.0
115.09777740896264	0.0
115.10777808473021	0.0
115.11777876049779	0.0
115.12777943626536	0.0
115.13778011203293	0.0
115.1477807878005	0.0
115.15778146356806	0.0
115.16778213933563	0.0
115.1777828151032	0.0
115.18778349087077	0.0
115.19778416663834	0.0
115.20778484240591	0.0
115.21778551817349	0.0
115.22778619394106	0.0
115.23778686970863	0.0
115.2477875454762	0.0
115.25778822124376	0.0
115.26778889701133	0.0
115.2777895727789	0.0
115.28779024854647	0.0
115.29779092431404	0.0
115.30779160008161	0.0
115.31779227584919	0.0
115.32779295161676	0.0
115.33779362738433	0.0
115.34779430315189	0.0
115.35779497891946	0.0
115.36779565468703	0.0
115.3777963304546	0.0
115.38779700622217	0.0
115.39779768198974	0.0
115.40779835775731	0.0
115.41779903352489	0.0
115.42779970929246	0.0
115.43780038506003	0.0
115.44780106082759	0.0
115.45780173659516	0.0
115.46780241236273	0.0
115.4778030881303	0.0
115.48780376389787	0.0
115.49780443966544	0.0
115.50780511543302	0.0
115.51780579120059	0.0
115.52780646696816	0.0
115.53780714273572	0.0
115.54780781850329	0.0
115.55780849427086	0.0
115.56780917003843	0.0
115.577809845806	0.0
115.58781052157357	0.0
115.59781119734114	0.0
115.60781187310872	0.0
115.61781254887629	0.0
115.62781322464386	0.0
115.63781390041142	0.0
115.64781457617899	0.0
115.65781525194656	0.0
115.66781592771413	0.0
115.6778166034817	0.0
115.68781727924927	0.0
115.69781795501684	0.0
115.70781863078442	0.0
115.71781930655199	0.0
115.72781998231955	0.0
115.73782065808712	0.0
115.74782133385469	0.0
115.75782200962226	0.0
115.76782268538983	0.0
115.7778233611574	0.0
115.78782403692497	0.0
115.79782471269255	0.0
115.80782538846012	0.0
115.81782606422767	0.0
115.82782673999525	0.0
115.83782741576282	0.0
115.84782809153039	0.0
115.85782876729796	0.0
115.86782944306553	0.0
115.8778301188331	0.0
115.88783079460067	0.0
115.89783147036825	0.0
115.90783214613582	0.0
115.91783282190337	0.0
115.92783349767095	0.0
115.93783417343852	0.0
115.94783484920609	0.0
115.95783552497366	0.0
115.96783620074123	0.0
115.9778368765088	0.0
115.98783755227637	215.0
115.99783822804395	218.0
116.0078389038115	220.0
116.01783957957907	228.0
116.02784025534665	0.0
116.03784093111422	0.0
116.04784160688179	0.0
116.05784228264936	284.0
116.06784295841693	291.0
116.0778436341845	301.0
116.08784430995208	305.0
116.09784498571965	308.0
116.1078456614872	0.0
116.11784633725478	0.0
116.12784701302235	0.0
116.13784768878992	256.0
116.14784836455749	239.0
116.15784904032506	226.0
116.16784971609263	220.0
116.1778503918602	220.0
116.18785106762778	223.0
116.19785174339533	226.0
116.2078524191629	234.0
116.21785309493048	239.0
116.22785377069805	248.0
116.23785444646562	256.0
116.24785512223319	262.0
116.25785579800076	268.0
116.26785647376833	272.0
116.2778571495359	268.0
116.28785782530348	262.0
116.29785850107103	256.0
116.3078591768386	245.0
116.31785985260618	239.0
116.32786052837375	234.0
116.33786120414132	231.0
116.34786187990889	231.0
116.35786255567646	234.0
116.36786323144403	239.0
116.3778639072116	245.0
116.38786458297916	250.0
116.39786525874673	253.0
116.4078659345143	256.0
116.41786661028188	259.0
116.42786728604945	259.0
116.43786796181702	256.0
116.44786863758459	256.0
116.45786931335216	250.0
116.46786998911973	236.0
116.47787066488729	220.0
116.48787134065486	226.0
116.49787201642243	220.0
116.50787269219	215.0
116.51787336795758	213.0
116.52787404372515	213.0
116.53787471949272	213.0
116.54787539526029	215.0
116.55787607102786	215.0
116.56787674679543	218.0
116.57787742256299	220.0
116.58787809833056	220.0
116.59787877409813	223.0
116.6078794498657	223.0
116.61788012563328	223.0
116.62788080140085	220.0
116.63788147716842	220.0
116.64788215293599	218.0
116.65788282870356	215.0
116.66788350447112	215.0
116.67788418023869	215.0
116.68788485600626	215.0
116.69788553177384	218.0
116.7078862075414	218.0
116.71788688330898	218.0
116.72788755907655	218.0
116.73788823484412	218.0
116.74788891061169	218.0
116.75788958637926	218.0
116.76789026214682	218.0
116.77789093791439	218.0
116.78789161368196	218.0
116.79789228944954	218.0
116.8078929652171	218.0
116.81789364098468	218.0
116.82789431675225	215.0
116.83789499251982	215.0
116.84789566828739	215.0
116.85789634405495	215.0
116.86789701982252	218.0
116.8778976955901	223.0
116.88789837135766	228.0
116.89789904712524	234.0
116.90789972289281	239.0
116.91790039866038	250.0
116.92790107442795	259.0
116.93790175019552	272.0
116.9479024259631	281.0
116.95790310173065	288.0
116.96790377749822	291.0
116.9779044532658	291.0
116.98790512903336	291.0
116.99790580480094	288.0
117.00790648056851	284.0
117.01790715633608	278.0
117.02790783210365	268.0
117.03790850787122	262.0
117.04790918363878	259.0
117.05790985940635	253.0
117.06791053517392	250.0
117.0779112109415	248.0
117.08791188670907	242.0
117.09791256247664	239.0
117.10791323824421	239.0
117.11791391401178	239.0
117.12791458977935	239.0
117.13791526554691	242.0
117.14791594131448	245.0
117.15791661708205	248.0
117.16791729284962	250.0
117.1779179686172	253.0
117.18791864438477	256.0
117.19791932015234	259.0
117.20791999591991	265.0
117.21792067168748	275.0
117.22792134745505	281.0
117.23792202322261	281.0
117.24792269899018	268.0
117.25792337475775	262.0
117.26792405052532	256.0
117.2779247262929	250.0
117.28792540206047	248.0
117.29792607782804	248.0
117.30792675359561	250.0
117.31792742936318	268.0
117.32792810513074	278.0
117.33792878089831	278.0
117.34792945666588	272.0
117.35793013243345	262.0
117.36793080820102	256.0
117.3779314839686	250.0
117.38793215973617	248.0
117.39793283550374	245.0
117.40793351127131	239.0
117.41793418703888	236.0
117.42793486280644	234.0
117.43793553857401	231.0
117.44793621434158	231.0
117.45793689010915	234.0
117.46793756587672	234.0
117.4779382416443	239.0
117.48793891741187	242.0
117.49793959317944	245.0
117.50794026894701	248.0
117.51794094471457	250.0
117.52794162048214	256.0
117.53794229624971	259.0
117.54794297201728	259.0
117.55794364778485	256.0
117.56794432355242	248.0
117.57794499932	245.0
117.58794567508757	245.0
117.59794635085514	248.0
117.60794702662271	250.0
117.61794770239027	253.0
117.62794837815784	256.0
117.63794905392541	259.0
117.64794972969298	262.0
117.65795040546055	262.0
117.66795108122813	259.0
117.6779517569957	256.0
117.68795243276327	253.0
117.69795310853084	248.0
117.7079537842984	242.0
117.71795446006597	236.0
117.72795513583354	231.0
117.73795581160111	226.0
117.74795648736868	223.0
117.75795716313625	223.0
117.76795783890383	223.0
117.7779585146714	223.0
117.78795919043897	223.0
117.79795986620653	223.0
117.8079605419741	220.0
117.81796121774167	218.0
117.82796189350924	218.0
117.83796256927681	0.0
117.84796324504438	0.0
117.85796392081195	0.0
117.86796459657953	0.0
117.8779652723471	0.0
117.88796594811467	0.0
117.89796662388223	0.0
117.9079672996498	218.0
117.91796797541737	218.0
117.92796865118494	218.0
117.93796932695251	218.0
117.94797000272008	218.0
117.95797067848765	218.0
117.96797135425523	218.0
117.9779720300228	218.0
117.98797270579036	220.0
117.99797338155793	223.0
118.0079740573255	226.0
118.01797473309307	234.0
118.02797540886064	239.0
118.03797608462821	245.0
118.04797676039578	250.0
118.05797743616336	259.0
118.06797811193093	265.0
118.0779787876985	272.0
118.08797946346606	278.0
118.09798013923363	284.0
118.1079808150012	288.0
118.11798149076877	291.0
118.12798216653634	291.0
118.13798284230391	291.0
118.14798351807148	291.0
118.15798419383906	291.0
118.16798486960663	288.0
118.17798554537418	288.0
118.18798622114176	288.0
118.19798689690933	288.0
118.2079875726769	284.0
118.21798824844447	281.0
118.22798892421204	278.0
118.23798959997961	272.0
118.24799027574718	268.0
118.25799095151476	262.0
118.26799162728233	256.0
118.27799230304988	250.0
118.28799297881746	245.0
118.29799365458503	242.0
118.3079943303526	239.0
118.31799500612017	239.0
118.32799568188774	236.0
118.33799635765531	236.0
118.34799703342289	239.0
118.35799770919046	239.0
118.36799838495801	242.0
118.37799906072559	245.0
118.38799973649316	253.0
118.39800041226073	259.0
118.4080010880283	262.0
118.41800176379587	268.0
118.42800243956344	272.0
118.43800311533101	281.0
118.44800379109859	288.0
118.45800446686614	291.0
118.46800514263371	294.0
118.47800581840129	294.0
118.48800649416886	294.0
118.49800716993643	291.0
118.508007845704	288.0
118.51800852147157	288.0
118.52800919723914	284.0
118.53800987300671	284.0
118.54801054877429	281.0
118.55801122454184	278.0
118.56801190030941	275.0
118.57801257607699	265.0
118.58801325184456	262.0
118.59801392761213	259.0
118.6080146033797	253.0
118.61801527914727	250.0
118.62801595491484	245.0
118.63801663068242	242.0
118.64801730644997	239.0
118.65801798221754	239.0
118.66801865798512	239.0
118.67801933375269	239.0
118.68802000952026	245.0
118.69802068528783	250.0
118.7080213610554	256.0
118.71802203682297	262.0
118.72802271259054	265.0
118.73802338835812	272.0
118.74802406412567	275.0
118.75802473989324	281.0
118.76802541566082	291.0
118.77802609142839	291.0
118.78802676719596	291.0
118.79802744296353	291.0
118.8080281187311	288.0
118.81802879449867	0.0
118.82802947026624	0.0
118.8380301460338	288.0
118.84803082180137	288.0
118.85803149756894	288.0
118.86803217333652	284.0
118.87803284910409	281.0
118.88803352487166	275.0
118.89803420063923	268.0
118.9080348764068	265.0
118.91803555217437	259.0
118.92803622794194	253.0
118.9380369037095	248.0
118.94803757947707	245.0
118.95803825524465	242.0
118.96803893101222	239.0
118.97803960677979	239.0
118.98804028254736	239.0
118.99804095831493	242.0
119.0080416340825	248.0
119.01804230985007	256.0
119.02804298561763	265.0
119.0380436613852	268.0
119.04804433715277	272.0
119.05804501292035	278.0
119.06804568868792	284.0
119.07804636445549	288.0
119.08804704022306	288.0
119.09804771599063	288.0
119.1080483917582	288.0
119.11804906752576	288.0
119.12804974329333	288.0
119.1380504190609	288.0
119.14805109482847	288.0
119.15805177059605	284.0
119.16805244636362	284.0
119.17805312213119	281.0
119.18805379789876	278.0
119.19805447366633	272.0
119.2080551494339	265.0
119.21805582520146	262.0
119.22805650096903	259.0
119.2380571767366	253.0
119.24805785250418	250.0
119.25805852827175	245.0
119.26805920403932	245.0
119.27805987980689	245.0
119.28806055557446	245.0
119.29806123134203	248.0
119.30806190710959	250.0
119.31806258287716	0.0
119.32806325864473	0.0
119.3380639344123	0.0
119.34806461017988	0.0
119.35806528594745	0.0
119.36806596171502	0.0
119.37806663748259	0.0
119.38806731325016	0.0
119.39806798901773	0.0
119.40806866478529	0.0
119.41806934055286	0.0
119.42807001632043	0.0
119.438070692088	0.0
119.44807136785558	0.0
119.45807204362315	0.0
119.46807271939072	0.0
119.47807339515829	0.0
119.48807407092586	0.0
119.49807474669342	0.0
119.50807542246099	0.0
119.51807609822856	0.0
119.52807677399613	0.0
119.5380774497637	0.0
119.54807812553128	0.0
119.55807880129885	0.0
119.56807947706642	0.0
119.57808015283399	0.0
119.58808082860156	0.0
119.59808150436912	0.0
119.60808218013669	0.0
119.61808285590426	0.0
119.62808353167183	0.0
119.6380842074394	0.0
119.64808488320698	0.0
119.65808555897455	0.0
119.66808623474212	0.0
119.67808691050969	0.0
119.68808758627725	0.0
119.69808826204482	0.0
119.70808893781239	0.0
119.71808961357996	0.0
119.72809028934753	0.0
119.7380909651151	0.0
119.74809164088268	0.0
119.75809231665025	0.0
119.76809299241782	0.0
119.77809366818538	0.0
119.78809434395295	0.0
119.79809501972052	0.0
119.80809569548809	0.0
119.81809637125566	0.0
119.82809704702323	0.0
119.8380977227908	0.0
119.84809839855838	0.0
119.85809907432595	0.0
119.86809975009352	0.0
119.87810042586108	0.0
119.88810110162865	0.0
119.89810177739622	0.0
119.90810245316379	0.0
119.91810312893136	0.0
119.92810380469894	0.0
119.9381044804665	0.0
119.94810515623408	0.0
119.95810583200165	0.0
119.9681065077692	0.0
119.97810718353678	0.0
119.98810785930435	0.0
119.99810853507192	0.0
120.00810921083949	0.0
120.01810988660706	0.0
120.02811056237464	0.0
120.0381112381422	0.0
120.04811191390978	0.0
120.05811258967735	0.0
120.06811326544491	0.0
120.07811394121248	0.0
120.08811461698005	0.0
120.09811529274762	0.0
120.1081159685152	265.0
120.11811664428276	262.0
120.12811732005034	256.0
120.13811799581791	253.0
120.14811867158548	245.0
120.15811934735304	239.0
120.16812002312061	236.0
120.17812069888818	231.0
120.18812137465575	231.0
120.19812205042332	231.0
120.2081227261909	234.0
120.21812340195847	236.0
120.22812407772604	242.0
120.23812475349361	248.0
120.24812542926118	253.0
120.25812610502874	259.0
120.26812678079631	265.0
120.27812745656388	272.0
120.28812813233145	278.0
120.29812880809902	278.0
120.3081294838666	275.0
120.31813015963417	272.0
120.32813083540174	268.0
120.33813151116931	262.0
120.34813218693687	256.0
120.35813286270444	253.0
120.36813353847201	248.0
120.37813421423958	242.0
120.38813489000715	239.0
120.39813556577472	236.0
120.4081362415423	236.0
120.41813691730987	239.0
120.42813759307744	239.0
120.438138268845	242.0
120.44813894461257	242.0
120.45813962038014	242.0
120.46814029614771	242.0
120.47814097191528	245.0
120.48814164768285	245.0
120.49814232345042	248.0
120.508142999218	250.0
120.51814367498557	253.0
120.52814435075314	256.0
120.5381450265207	259.0
120.54814570228827	262.0
120.55814637805584	265.0
120.56814705382341	272.0
120.57814772959098	275.0
120.58814840535855	281.0
120.59814908112612	288.0
120.6081497568937	291.0
120.61815043266127	291.0
120.62815110842882	288.0
120.6381517841964	288.0
120.64815245996397	288.0
120.65815313573154	288.0
120.66815381149911	284.0
120.67815448726668	284.0
120.68815516303425	284.0
120.69815583880182	284.0
120.7081565145694	284.0
120.71815719033697	284.0
120.72815786610452	288.0
120.7381585418721	288.0
120.74815921763967	288.0
120.75815989340724	291.0
120.76816056917481	291.0
120.77816124494238	288.0
120.78816192070995	288.0
120.79816259647752	288.0
120.8081632722451	288.0
120.81816394801265	288.0
120.82816462378022	288.0
120.8381652995478	284.0
120.84816597531537	284.0
120.85816665108294	284.0
120.86816732685051	284.0
120.87816800261808	284.0
120.88816867838565	284.0
120.89816935415323	284.0
120.9081700299208	284.0
120.91817070568835	284.0
120.92817138145593	284.0
120.9381720572235	284.0
120.94817273299107	284.0
120.95817340875864	284.0
120.96817408452621	284.0
120.97817476029378	284.0
120.98817543606135	284.0
120.99817611182893	284.0
121.00817678759648	284.0
121.01817746336405	284.0
121.02817813913163	284.0
121.0381788148992	284.0
121.04817949066677	284.0
121.05818016643434	284.0
121.06818084220191	284.0
121.07818151796948	288.0
121.08818219373705	288.0
121.09818286950461	288.0
121.10818354527218	288.0
121.11818422103975	284.0
121.12818489680733	284.0
121.1381855725749	284.0
121.14818624834247	284.0
121.15818692411004	281.0
121.16818759987761	281.0
121.17818827564518	284.0
121.18818895141276	288.0
121.19818962718031	288.0
121.20819030294788	288.0
121.21819097871546	288.0
121.22819165448303	291.0
121.2381923302506	291.0
121.24819300601817	291.0
121.25819368178574	291.0
121.26819435755331	291.0
121.27819503332088	291.0
121.28819570908844	291.0
121.29819638485601	288.0
121.30819706062358	288.0
121.31819773639116	288.0
121.32819841215873	288.0
121.3381990879263	288.0
121.34819976369387	288.0
121.35820043946144	284.0
121.36820111522901	284.0
121.37820179099658	284.0
121.38820246676414	284.0
121.39820314253171	284.0
121.40820381829928	288.0
121.41820449406686	288.0
121.42820516983443	288.0
121.438205845602	288.0
121.44820652136957	288.0
121.45820719713714	288.0
121.46820787290471	288.0
121.47820854867227	284.0
121.48820922443984	281.0
121.49820990020741	281.0
121.50821057597499	278.0
121.51821125174256	281.0
121.52821192751013	288.0
121.5382126032777	291.0
121.54821327904527	291.0
121.55821395481284	291.0
121.56821463058041	288.0
121.57821530634797	284.0
121.58821598211554	284.0
121.59821665788311	281.0
121.60821733365069	0.0
121.61821800941826	0.0
121.62821868518583	0.0
121.6382193609534	0.0
121.64822003672097	0.0
121.65822071248854	0.0
121.6682213882561	0.0
121.67822206402367	0.0
121.68822273979124	0.0
121.69822341555881	0.0
121.70822409132639	0.0
121.71822476709396	0.0
121.72822544286153	0.0
121.7382261186291	0.0
121.74822679439667	0.0
121.75822747016423	0.0
121.7682281459318	0.0
121.77822882169937	0.0
121.78822949746694	0.0
121.79823017323451	0.0
121.80823084900209	0.0
121.81823152476966	0.0
121.82823220053723	0.0
121.8382328763048	0.0
121.84823355207237	0.0
121.85823422783993	0.0
121.8682349036075	0.0
121.87823557937507	0.0
121.88823625514264	0.0
121.89823693091022	0.0
121.90823760667779	0.0
121.91823828244536	0.0
121.92823895821293	0.0
121.9382396339805	0.0
121.94824030974806	0.0
121.95824098551563	0.0
121.9682416612832	0.0
121.97824233705077	0.0
121.98824301281834	0.0
121.99824368858592	0.0
122.00824436435349	0.0
122.01824504012106	0.0
122.02824571588863	0.0
122.0382463916562	0.0
122.04824706742376	0.0
122.05824774319133	0.0
122.0682484189589	0.0
122.07824909472647	0.0
122.08824977049404	0.0
122.09825044626162	0.0
122.10825112202919	0.0
122.11825179779676	0.0
122.12825247356433	0.0
122.13825314933189	0.0
122.14825382509946	0.0
122.15825450086703	0.0
122.1682551766346	0.0
122.17825585240217	0.0
122.18825652816975	0.0
122.19825720393732	0.0
122.20825787970489	0.0
122.21825855547246	0.0
122.22825923124003	0.0
122.23825990700759	0.0
122.24826058277516	0.0
122.25826125854273	0.0
122.2682619343103	0.0
122.27826261007787	0.0
122.28826328584545	0.0
122.29826396161302	0.0
122.30826463738059	0.0
122.31826531314816	0.0
122.32826598891572	0.0
122.33826666468329	0.0
122.34826734045086	0.0
122.35826801621843	0.0
122.368268691986	0.0
122.37826936775357	0.0
122.38827004352115	0.0
122.39827071928872	0.0
122.40827139505629	0.0
122.41827207082385	0.0
122.42827274659142	0.0
122.43827342235899	0.0
122.44827409812656	0.0
122.45827477389413	0.0
122.4682754496617	0.0
122.47827612542928	0.0
122.48827680119685	0.0
122.49827747696442	0.0
122.50827815273199	0.0
122.51827882849955	0.0
122.52827950426712	0.0
122.53828018003469	0.0
122.54828085580226	0.0
122.55828153156983	0.0
122.5682822073374	0.0
122.57828288310498	0.0
122.58828355887255	0.0
122.59828423464012	0.0
122.60828491040768	0.0
122.61828558617525	0.0
122.62828626194282	0.0
122.63828693771039	0.0
122.64828761347796	0.0
122.65828828924553	0.0
122.6682889650131	0.0
122.67828964078068	0.0
122.68829031654825	0.0
122.69829099231582	0.0
122.70829166808338	0.0
122.71829234385095	0.0
122.72829301961852	0.0
122.73829369538609	291.0
122.74829437115366	291.0
122.75829504692123	291.0
122.7682957226888	291.0
122.77829639845638	291.0
122.78829707422395	291.0
122.7982977499915	288.0
122.80829842575908	0.0
122.81829910152665	0.0
122.82829977729422	0.0
122.83830045306179	0.0
122.84830112882936	0.0
122.85830180459693	0.0
122.8683024803645	291.0
122.87830315613208	291.0
122.88830383189963	0.0
122.8983045076672	0.0
122.90830518343478	0.0
122.91830585920235	0.0
122.92830653496992	0.0
122.93830721073749	0.0
122.94830788650506	0.0
122.95830856227263	0.0
122.9683092380402	0.0
122.97830991380778	0.0
122.98831058957533	0.0
122.9983112653429	0.0
123.00831194111048	0.0
123.01831261687805	0.0
123.02831329264562	0.0
123.03831396841319	0.0
123.04831464418076	0.0
123.05831531994833	0.0
123.0683159957159	0.0
123.07831667148346	0.0
123.08831734725104	0.0
123.0983180230186	0.0
123.10831869878618	0.0
123.11831937455375	0.0
123.12832005032132	0.0
123.13832072608889	0.0
123.14832140185646	0.0
123.15832207762404	0.0
123.1683227533916	0.0
123.17832342915916	0.0
123.18832410492674	0.0
123.1983247806943	0.0
123.20832545646188	0.0
123.21832613222945	0.0
123.22832680799702	0.0
123.23832748376459	0.0
123.24832815953216	0.0
123.25832883529974	0.0
123.2683295110673	0.0
123.27833018683486	0.0
123.28833086260244	0.0
123.29833153837001	0.0
123.30833221413758	0.0
123.31833288990515	0.0
123.32833356567272	0.0
123.3383342414403	0.0
123.34833491720786	0.0
123.35833559297544	0.0
123.368336268743	0.0
123.37833694451056	0.0
123.38833762027814	0.0
123.39833829604571	0.0
123.40833897181328	0.0
123.41833964758085	0.0
123.42834032334842	0.0
123.438340999116	0.0
123.44834167488357	0.0
123.45834235065112	0.0
123.4683430264187	0.0
123.47834370218627	0.0
123.48834437795384	0.0
123.49834505372141	0.0
123.50834572948898	0.0
123.51834640525655	0.0
123.52834708102412	0.0
123.5383477567917	0.0
123.54834843255925	0.0
123.55834910832682	0.0
123.5683497840944	0.0
123.57835045986197	0.0
123.58835113562954	0.0
123.59835181139711	0.0
123.60835248716468	0.0
123.61835316293225	0.0
123.62835383869982	0.0
123.6383545144674	0.0
123.64835519023495	0.0
123.65835586600252	0.0
123.6683565417701	0.0
123.67835721753767	0.0
123.68835789330524	0.0
123.69835856907281	0.0
123.70835924484038	0.0
123.71835992060795	0.0
123.72836059637552	0.0
123.73836127214308	0.0
123.74836194791065	0.0
123.75836262367822	0.0
123.7683632994458	0.0
123.77836397521337	0.0
123.78836465098094	0.0
123.79836532674851	0.0
123.80836600251608	0.0
123.81836667828365	0.0
123.82836735405122	0.0
123.83836802981878	0.0
123.84836870558635	0.0
123.85836938135392	0.0
123.8683700571215	0.0
123.87837073288907	0.0
123.88837140865664	0.0
123.89837208442421	0.0
123.90837276019178	0.0
123.91837343595935	0.0
123.92837411172691	0.0
123.93837478749448	0.0
123.94837546326205	0.0
123.95837613902962	0.0
123.9683768147972	0.0
123.97837749056477	0.0
123.98837816633234	0.0
123.99837884209991	0.0
124.00837951786748	0.0
124.01838019363505	0.0
124.02838086940261	0.0
124.03838154517018	0.0
124.04838222093775	0.0
124.05838289670533	0.0
124.0683835724729	0.0
124.07838424824047	334.0
124.08838492400804	331.0
124.09838559977561	327.0
124.10838627554318	319.0
124.11838695131074	316.0
124.12838762707831	316.0
124.13838830284588	0.0
124.14838897861345	0.0
124.15838965438103	0.0
124.1683903301486	319.0
124.17839100591617	327.0
124.18839168168374	342.0
124.19839235745131	350.0
124.20839303321887	358.0
124.21839370898644	363.0
124.22839438475401	367.0
124.23839506052158	367.0
124.24839573628915	367.0
124.25839641205673	363.0
124.2683970878243	358.0
124.27839776359187	354.0
124.28839843935944	354.0
124.29839911512701	350.0
124.30839979089457	350.0
124.31840046666214	350.0
124.32840114242971	350.0
124.33840181819728	350.0
124.34840249396485	350.0
124.35840316973243	354.0
124.3684038455	354.0
124.37840452126757	354.0
124.38840519703514	358.0
124.3984058728027	358.0
124.40840654857027	358.0
124.41840722433784	363.0
124.42840790010541	358.0
124.43840857587298	358.0
124.44840925164056	358.0
124.45840992740813	358.0
124.4684106031757	358.0
124.47841127894327	363.0
124.48841195471084	367.0
124.4984126304784	367.0
124.50841330624597	367.0
124.51841398201354	367.0
124.52841465778111	367.0
124.53841533354868	367.0
124.54841600931626	367.0
124.55841668508383	363.0
124.5684173608514	358.0
124.57841803661897	354.0
124.58841871238653	350.0
124.5984193881541	346.0
124.60842006392167	342.0
124.61842073968924	338.0
124.62842141545681	334.0
124.63842209122438	331.0
124.64842276699196	327.0
124.65842344275953	323.0
124.6684241185271	319.0
124.67842479429467	316.0
124.68842547006223	312.0
124.6984261458298	308.0
124.70842682159737	305.0
124.71842749736494	301.0
124.72842817313251	298.0
124.73842884890009	294.0
124.74842952466766	291.0
124.75843020043523	288.0
124.7684308762028	288.0
124.77843155197036	288.0
124.78843222773793	284.0
124.7984329035055	288.0
124.80843357927307	288.0
124.81843425504064	288.0
124.82843493080821	288.0
124.83843560657579	291.0
124.84843628234336	291.0
124.85843695811093	291.0
124.86843763387849	291.0
124.87843830964606	288.0
124.88843898541363	284.0
124.8984396611812	281.0
124.90844033694877	275.0
124.91844101271634	268.0
124.92844168848391	262.0
124.93844236425149	256.0
124.94844304001906	256.0
124.95844371578663	256.0
124.96844439155419	259.0
124.97844506732176	265.0
124.98844574308933	272.0
124.9984464188569	275.0
125.00844709462447	281.0
125.01844777039204	284.0
125.02844844615962	284.0
125.03844912192719	288.0
125.04844979769476	284.0
125.05845047346232	284.0
125.06845114922989	284.0
125.07845182499746	284.0
125.08845250076503	284.0
125.0984531765326	288.0
125.10845385230017	288.0
125.11845452806774	288.0
125.12845520383532	288.0
125.13845587960289	288.0
125.14845655537046	288.0
125.15845723113802	291.0
125.16845790690559	291.0
125.17845858267316	291.0
125.18845925844073	288.0
125.1984599342083	288.0
125.20846060997587	288.0
125.21846128574344	288.0
125.22846196151102	288.0
125.23846263727859	288.0
125.24846331304614	288.0
125.25846398881372	291.0
125.26846466458129	294.0
125.27846534034886	301.0
125.28846601611643	308.0
125.298466691884	312.0
125.30846736765157	323.0
125.31846804341914	334.0
125.32846871918672	342.0
125.33846939495429	354.0
125.34847007072185	358.0
125.35847074648942	358.0
125.36847142225699	354.0
125.37847209802456	346.0
125.38847277379213	338.0
125.3984734495597	327.0
125.40847412532727	319.0
125.41847480109485	319.0
125.42847547686242	316.0
125.43847615262997	316.0
125.44847682839755	316.0
125.45847750416512	319.0
125.46847817993269	323.0
125.47847885570026	331.0
125.48847953146783	342.0
125.4984802072354	350.0
125.50848088300297	358.0
125.51848155877055	367.0
125.5284822345381	371.0
125.53848291030567	371.0
125.54848358607325	367.0
125.55848426184082	358.0
125.56848493760839	350.0
125.57848561337596	342.0
125.58848628914353	334.0
125.5984869649111	331.0
125.60848764067867	323.0
125.61848831644625	323.0
125.6284889922138	323.0
125.63848966798137	323.0
125.64849034374895	323.0
125.65849101951652	323.0
125.66849169528409	323.0
125.67849237105166	323.0
125.68849304681923	319.0
125.6984937225868	319.0
125.70849439835438	316.0
125.71849507412193	316.0
125.7284957498895	316.0
125.73849642565708	316.0
125.74849710142465	316.0
125.75849777719222	319.0
125.76849845295979	319.0
125.77849912872736	319.0
125.78849980449493	319.0
125.7985004802625	319.0
125.80850115603008	323.0
125.81850183179763	319.0
125.8285025075652	319.0
125.83850318333278	319.0
125.84850385910035	319.0
125.85850453486792	319.0
125.86850521063549	319.0
125.87850588640306	319.0
125.88850656217063	319.0
125.8985072379382	319.0
125.90850791370576	323.0
125.91850858947333	323.0
125.9285092652409	323.0
125.93850994100848	327.0
125.94851061677605	331.0
125.95851129254362	331.0
125.96851196831119	334.0
125.97851264407876	334.0
125.98851331984633	334.0
125.9985139956139	334.0
126.00851467138146	331.0
126.01851534714903	331.0
126.0285160229166	327.0
126.03851669868418	323.0
126.04851737445175	323.0
126.05851805021932	319.0
126.06851872598689	319.0
126.07851940175446	319.0
126.08852007752203	319.0
126.09852075328959	323.0
126.10852142905716	323.0
126.11852210482473	319.0
126.1285227805923	319.0
126.13852345635988	316.0
126.14852413212745	316.0
126.15852480789502	316.0
126.16852548366259	319.0
126.17852615943016	323.0
126.18852683519772	323.0
126.19852751096529	323.0
126.20852818673286	327.0
126.21852886250043	327.0
126.228529538268	331.0
126.23853021403558	334.0
126.24853088980315	338.0
126.25853156557072	342.0
126.26853224133829	346.0
126.27853291710586	346.0
126.28853359287342	350.0
126.29853426864099	346.0
126.30853494440856	346.0
126.31853562017614	342.0
126.3285362959437	338.0
126.33853697171128	334.0
126.34853764747885	327.0
126.35853832324642	323.0
126.36853899901399	323.0
126.37853967478155	319.0
126.38854035054912	319.0
126.39854102631669	319.0
126.40854170208426	319.0
126.41854237785184	316.0
126.4285430536194	319.0
126.43854372938698	319.0
126.44854440515455	319.0
126.45854508092212	319.0
126.46854575668969	323.0
126.47854643245725	323.0
126.48854710822482	323.0
126.4985477839924	327.0
126.50854845975996	327.0
126.51854913552754	327.0
126.52854981129511	327.0
126.53855048706268	327.0
126.54855116283025	327.0
126.55855183859782	327.0
126.56855251436538	331.0
126.57855319013295	334.0
126.58855386590052	334.0
126.5985545416681	338.0
126.60855521743566	334.0
126.61855589320324	334.0
126.62855656897081	331.0
126.63855724473838	331.0
126.64855792050595	327.0
126.65855859627352	323.0
126.66855927204108	319.0
126.67855994780865	316.0
126.68856062357622	312.0
126.6985612993438	308.0
126.70856197511137	305.0
126.71856265087894	301.0
126.72856332664651	298.0
126.73856400241408	294.0
126.74856467818165	294.0
126.75856535394921	294.0
126.76856602971678	294.0
126.77856670548435	294.0
126.78856738125192	294.0
126.7985680570195	294.0
126.80856873278707	291.0
126.81856940855464	291.0
126.82857008432221	291.0
126.83857076008978	291.0
126.84857143585734	291.0
126.85857211162491	291.0
126.86857278739248	288.0
126.87857346316005	284.0
126.88857413892762	284.0
126.8985748146952	284.0
126.90857549046277	284.0
126.91857616623034	284.0
126.92857684199791	284.0
126.93857751776548	288.0
126.94857819353304	288.0
126.95857886930061	291.0
126.96857954506818	291.0
126.97858022083575	294.0
126.98858089660332	291.0
126.9985815723709	288.0
127.00858224813847	281.0
127.01858292390604	275.0
127.02858359967361	268.0
127.03858427544117	265.0
127.04858495120874	262.0
127.05858562697631	262.0
127.06858630274388	262.0
127.07858697851145	262.0
127.08858765427902	262.0
127.0985883300466	268.0
127.10858900581417	0.0
127.11858968158174	0.0
127.12859035734931	0.0
127.13859103311687	0.0
127.14859170888444	0.0
127.15859238465201	0.0
127.16859306041958	0.0
127.17859373618715	0.0
127.18859441195472	0.0
127.1985950877223	0.0
127.20859576348987	0.0
127.21859643925744	0.0
127.228597115025	0.0
127.23859779079257	0.0
127.24859846656014	0.0
127.25859914232771	0.0
127.26859981809528	0.0
127.27860049386285	0.0
127.28860116963043	0.0
127.298601845398	0.0
127.30860252116557	0.0
127.31860319693314	0.0
127.3286038727007	0.0
127.33860454846827	0.0
127.34860522423584	0.0
127.35860590000341	0.0
127.36860657577098	0.0
127.37860725153855	0.0
127.38860792730613	0.0
127.3986086030737	0.0
127.40860927884127	0.0
127.41860995460883	0.0
127.4286106303764	0.0
127.43861130614397	0.0
127.44861198191154	0.0
127.45861265767911	0.0
127.46861333344668	0.0
127.47861400921425	0.0
127.48861468498183	0.0
127.4986153607494	0.0
127.50861603651695	0.0
127.51861671228453	0.0
127.5286173880521	0.0
127.53861806381967	0.0
127.54861873958724	0.0
127.55861941535481	0.0
127.56862009112238	0.0
127.57862076688996	0.0
127.58862144265753	0.0
127.5986221184251	0.0
127.60862279419266	0.0
127.61862346996023	0.0
127.6286241457278	0.0
127.63862482149537	0.0
127.64862549726294	0.0
127.65862617303051	0.0
127.66862684879808	0.0
127.67862752456566	0.0
127.68862820033323	0.0
127.69862887610078	0.0
127.70862955186836	0.0
127.71863022763593	0.0
127.7286309034035	0.0
127.73863157917107	0.0
127.74863225493864	0.0
127.75863293070621	0.0
127.76863360647378	0.0
127.77863428224136	0.0
127.78863495800893	0.0
127.79863563377648	0.0
127.80863630954406	0.0
127.81863698531163	0.0
127.8286376610792	0.0
127.83863833684677	0.0
127.84863901261434	0.0
127.85863968838191	0.0
127.86864036414948	0.0
127.87864103991706	0.0
127.88864171568461	0.0
127.89864239145219	0.0
127.90864306721976	0.0
127.91864374298733	0.0
127.9286444187549	0.0
127.93864509452247	0.0
127.94864577029004	0.0
127.95864644605761	0.0
127.96864712182519	0.0
127.97864779759276	0.0
127.98864847336031	0.0
127.99864914912789	0.0
128.00864982489546	0.0
128.01865050066303	0.0
128.0286511764306	0.0
128.03865185219817	0.0
128.04865252796574	0.0
128.05865320373331	0.0
128.06865387950089	0.0
128.07865455526846	0.0
128.08865523103603	0.0
128.0986559068036	0.0
128.10865658257117	0.0
128.11865725833874	0.0
128.1286579341063	0.0
128.13865860987386	0.0
128.14865928564143	0.0
128.158659961409	0.0
128.16866063717657	0.0
128.17866131294414	0.0
128.18866198871171	0.0
128.1986626644793	0.0
128.20866334024686	0.0
128.21866401601443	0.0
128.228664691782	0.0
128.23866536754957	0.0
128.24866604331714	334.0
128.25866671908472	338.0
128.2686673948523	342.0
128.27866807061986	346.0
128.28866874638743	350.0
128.298669422155	350.0
128.30867009792257	350.0
128.31867077369012	346.0
128.3286714494577	346.0
128.33867212522526	342.0
128.34867280099283	338.0
128.3586734767604	331.0
128.36867415252797	327.0
128.37867482829554	327.0
128.38867550406312	323.0
128.3986761798307	323.0
128.40867685559826	327.0
128.41867753136583	327.0
128.4286782071334	327.0
128.43867888290097	331.0
128.44867955866854	331.0
128.45868023443612	331.0
128.4686809102037	334.0
128.47868158597126	354.0
128.48868226173883	363.0
128.49868293750637	0.0
128.50868361327394	0.0
128.51868428904152	0.0
128.5286849648091	0.0
128.53868564057666	0.0
128.54868631634423	0.0
128.5586869921118	0.0
128.56868766787937	0.0
128.57868834364695	0.0
128.58868901941452	0.0
128.5986896951821	0.0
128.60869037094966	0.0
128.61869104671723	0.0
128.6286917224848	0.0
128.63869239825237	0.0
128.64869307401995	0.0
128.65869374978752	0.0
128.6686944255551	0.0
128.67869510132266	0.0
128.6886957770902	0.0
128.69869645285777	0.0
128.70869712862535	0.0
128.71869780439292	0.0
128.7286984801605	0.0
128.73869915592806	0.0
128.74869983169563	0.0
128.7587005074632	0.0
128.76870118323077	0.0
128.77870185899835	0.0
128.78870253476592	0.0
128.7987032105335	0.0
128.80870388630106	0.0
128.81870456206863	0.0
128.8287052378362	0.0
128.83870591360377	0.0
128.84870658937135	0.0
128.85870726513892	0.0
128.8687079409065	0.0
128.87870861667403	0.0
128.8887092924416	0.0
128.89870996820918	0.0
128.90871064397675	0.0
128.91871131974432	0.0
128.9287119955119	0.0
128.93871267127946	0.0
128.94871334704703	342.0
128.9587140228146	342.0
128.96871469858218	342.0
128.97871537434975	342.0
128.98871605011732	342.0
128.9987167258849	342.0
129.00871740165246	342.0
129.01871807742003	342.0
129.0287187531876	342.0
129.03871942895518	342.0
129.04872010472275	342.0
129.05872078049032	338.0
129.06872145625786	334.0
129.07872213202543	331.0
129.088722807793	327.0
129.09872348356058	327.0
129.10872415932815	327.0
129.11872483509572	327.0
129.1287255108633	331.0
129.13872618663086	331.0
129.14872686239843	331.0
129.158727538166	331.0
129.16872821393358	327.0
129.17872888970115	327.0
129.18872956546872	327.0
129.1987302412363	327.0
129.20873091700386	327.0
129.21873159277143	327.0
129.228732268539	327.0
129.23873294430658	327.0
129.24873362007415	327.0
129.2587342958417	327.0
129.26873497160926	331.0
129.27873564737683	331.0
129.2887363231444	331.0
129.29873699891198	334.0
129.30873767467955	334.0
129.31873835044712	334.0
129.3287390262147	338.0
129.33873970198226	342.0
129.34874037774983	342.0
129.3587410535174	346.0
129.36874172928498	346.0
129.37874240505255	346.0
129.38874308082012	342.0
129.3987437565877	342.0
129.40874443235526	338.0
129.41874510812283	334.0
129.4287457838904	331.0
129.43874645965798	331.0
129.44874713542552	327.0
129.4587478111931	327.0
129.46874848696066	327.0
129.47874916272823	331.0
129.4887498384958	331.0
129.49875051426338	331.0
129.50875119003095	331.0
129.51875186579852	331.0
129.5287525415661	327.0
129.53875321733366	327.0
129.54875389310124	327.0
129.5587545688688	327.0
129.56875524463638	327.0
129.57875592040395	327.0
129.58875659617152	327.0
129.5987572719391	327.0
129.60875794770666	327.0
129.61875862347424	327.0
129.6287592992418	327.0
129.63875997500935	327.0
129.64876065077692	327.0
129.6587613265445	331.0
129.66876200231206	334.0
129.67876267807964	338.0
129.6887633538472	338.0
129.69876402961478	342.0
129.70876470538235	342.0
129.71876538114992	342.0
129.7287660569175	342.0
129.73876673268506	342.0
129.74876740845264	338.0
129.7587680842202	338.0
129.76876875998778	334.0
129.77876943575535	331.0
129.78877011152292	331.0
129.7987707872905	327.0
129.80877146305806	327.0
129.8187721388256	327.0
129.82877281459318	331.0
129.83877349036075	331.0
129.84877416612832	331.0
129.8587748418959	331.0
129.86877551766347	331.0
129.87877619343104	327.0
129.8887768691986	327.0
129.89877754496618	327.0
129.90877822073375	327.0
129.91877889650132	327.0
129.9287795722689	327.0
129.93878024803647	331.0
129.94878092380404	331.0
129.9587815995716	334.0
129.96878227533918	334.0
129.97878295110675	334.0
129.98878362687432	338.0
129.9987843026419	342.0
130.00878497840944	342.0
130.018785654177	342.0
130.02878632994458	338.0
130.03878700571215	338.0
130.04878768147972	334.0
130.0587883572473	334.0
130.06878903301487	331.0
130.07878970878244	331.0
130.08879038455	327.0
130.09879106031758	327.0
130.10879173608515	327.0
130.11879241185272	327.0
130.1287930876203	327.0
130.13879376338787	327.0
130.14879443915544	327.0
130.158795114923	327.0
130.16879579069058	327.0
130.17879646645815	323.0
130.18879714222572	323.0
130.19879781799327	323.0
130.20879849376084	327.0
130.2187991695284	327.0
130.22879984529598	327.0
130.23880052106355	331.0
130.24880119683112	331.0
130.2588018725987	334.0
130.26880254836627	334.0
130.27880322413384	334.0
130.2888038999014	334.0
130.29880457566898	334.0
130.30880525143655	334.0
130.31880592720412	334.0
130.3288066029717	334.0
130.33880727873927	334.0
130.34880795450684	334.0
130.3588086302744	334.0
130.36880930604198	334.0
130.37880998180955	334.0
130.3888106575771	334.0
130.39881133334467	334.0
130.40881200911224	334.0
130.4188126848798	331.0
130.42881336064738	327.0
130.43881403641495	327.0
130.44881471218252	323.0
130.4588153879501	323.0
130.46881606371767	323.0
130.47881673948524	323.0
130.4888174152528	323.0
130.49881809102038	323.0
130.50881876678795	319.0
130.51881944255553	316.0
130.5288201183231	316.0
130.53882079409067	316.0
130.54882146985824	316.0
130.5588221456258	312.0
130.56882282139338	312.0
130.57882349716093	312.0
130.5888241729285	312.0
130.59882484869607	312.0
130.60882552446364	308.0
130.6188262002312	305.0
130.62882687599878	0.0
130.63882755176635	0.0
130.64882822753393	0.0
130.6588289033015	294.0
130.66882957906907	294.0
130.67883025483664	294.0
130.6888309306042	0.0
130.69883160637178	291.0
130.70883228213935	291.0
130.71883295790693	291.0
130.7288336336745	291.0
130.73883430944207	291.0
130.74883498520964	291.0
130.7588356609772	291.0
130.76883633674476	291.0
130.77883701251233	291.0
130.7888376882799	291.0
130.79883836404747	291.0
130.80883903981504	291.0
130.8188397155826	291.0
130.82884039135018	291.0
130.83884106711776	291.0
130.84884174288533	291.0
130.8588424186529	291.0
130.86884309442047	291.0
130.87884377018804	291.0
130.8888444459556	291.0
130.89884512172318	291.0
130.90884579749076	291.0
130.91884647325833	291.0
130.9288471490259	291.0
130.93884782479347	291.0
130.94884850056104	291.0
130.95884917632858	291.0
130.96884985209616	291.0
130.97885052786373	291.0
130.9888512036313	291.0
130.99885187939887	291.0
131.00885255516644	291.0
131.018853230934	291.0
131.02885390670158	291.0
131.03885458246916	291.0
131.04885525823673	291.0
131.0588559340043	291.0
131.06885660977187	291.0
131.07885728553944	291.0
131.088857961307	291.0
131.09885863707458	0.0
131.10885931284216	291.0
131.11885998860973	291.0
131.1288606643773	291.0
131.13886134014484	0.0
131.1488620159124	0.0
131.15886269167999	0.0
131.16886336744756	0.0
131.17886404321513	0.0
131.1888647189827	0.0
131.19886539475027	0.0
131.20886607051784	0.0
131.2188667462854	0.0
131.22886742205299	0.0
131.23886809782056	0.0
131.24886877358813	0.0
131.2588694493557	0.0
131.26887012512327	0.0
131.27887080089084	0.0
131.28887147665841	0.0
131.298872152426	284.0
131.30887282819356	284.0
131.31887350396113	284.0
131.32887417972867	284.0
131.33887485549624	288.0
131.34887553126381	284.0
131.3588762070314	281.0
131.36887688279896	268.0
131.37887755856653	259.0
131.3888782343341	250.0
131.39887891010167	245.0
131.40887958586924	239.0
131.41888026163682	236.0
131.4288809374044	234.0
131.43888161317196	236.0
131.44888228893953	250.0
131.4588829647071	268.0
131.46888364047467	284.0
131.47888431624224	288.0
131.48888499200982	288.0
131.4988856677774	288.0
131.50888634354496	288.0
131.5188870193125	288.0
131.52888769508007	288.0
131.53888837084764	288.0
131.54888904661522	288.0
131.5588897223828	288.0
131.56889039815036	288.0
131.57889107391793	288.0
131.5888917496855	288.0
131.59889242545307	288.0
131.60889310122064	288.0
131.61889377698822	291.0
131.6288944527558	291.0
131.63889512852336	291.0
131.64889580429093	291.0
131.6588964800585	284.0
131.66889715582607	278.0
131.67889783159364	275.0
131.68889850736122	272.0
131.6988991831288	272.0
131.70889985889633	268.0
131.7189005346639	268.0
131.72890121043147	268.0
131.73890188619905	275.0
131.74890256196662	281.0
131.7589032377342	288.0
131.76890391350176	288.0
131.77890458926933	288.0
131.7889052650369	288.0
131.79890594080447	288.0
131.80890661657205	288.0
131.81890729233962	288.0
131.8289079681072	288.0
131.83890864387476	284.0
131.84890931964233	0.0
131.8589099954099	284.0
131.86891067117747	284.0
131.87891134694505	288.0
131.88891202271262	288.0
131.89891269848016	288.0
131.90891337424773	288.0
131.9189140500153	288.0
131.92891472578287	288.0
131.93891540155045	288.0
131.94891607731802	288.0
131.9589167530856	288.0
131.96891742885316	288.0
131.97891810462073	288.0
131.9889187803883	288.0
131.99891945615587	288.0
132.00892013192345	288.0
132.01892080769102	288.0
132.0289214834586	288.0
132.03892215922616	288.0
132.04892283499373	288.0
132.0589235107613	288.0
132.06892418652887	288.0
132.07892486229645	288.0
132.088925538064	288.0
132.09892621383156	291.0
132.10892688959913	291.0
132.1189275653667	291.0
132.12892824113428	291.0
132.13892891690185	291.0
132.14892959266942	291.0
132.158930268437	291.0
132.16893094420456	291.0
132.17893161997213	291.0
132.1889322957397	291.0
132.19893297150728	291.0
132.20893364727485	288.0
132.21893432304242	288.0
132.22893499881	288.0
132.23893567457756	288.0
132.24893635034513	288.0
132.2589370261127	288.0
132.26893770188025	291.0
132.27893837764782	291.0
132.2889390534154	298.0
132.29893972918296	308.0
132.30894040495053	319.0
132.3189410807181	331.0
132.32894175648568	342.0
132.33894243225325	350.0
132.34894310802082	354.0
132.3589437837884	354.0
132.36894445955596	354.0
132.37894513532353	350.0
132.3889458110911	342.0
132.39894648685868	331.0
132.40894716262625	323.0
132.41894783839382	319.0
132.4289485141614	316.0
132.43894918992896	312.0
132.44894986569653	312.0
132.45895054146408	316.0
132.46895121723165	323.0
132.47895189299922	331.0
132.4889525687668	342.0
132.49895324453436	350.0
132.50895392030193	358.0
132.5189545960695	367.0
132.52895527183708	371.0
132.53895594760465	380.0
132.54895662337222	375.0
132.5589572991398	371.0
132.56895797490736	367.0
132.57895865067493	363.0
132.5889593264425	358.0
132.59896000221008	350.0
132.60896067797765	346.0
132.61896135374522	338.0
132.6289620295128	334.0
132.63896270528036	331.0
132.6489633810479	327.0
132.65896405681548	323.0
132.66896473258305	319.0
132.67896540835062	316.0
132.6889660841182	316.0
132.69896675988576	316.0
132.70896743565334	316.0
132.7189681114209	319.0
132.72896878718848	323.0
132.73896946295605	327.0
132.74897013872362	331.0
132.7589708144912	338.0
132.76897149025876	342.0
132.77897216602634	350.0
132.7889728417939	354.0
132.79897351756148	358.0
132.80897419332905	363.0
132.81897486909662	367.0
132.8289755448642	367.0
132.83897622063174	367.0
132.8489768963993	363.0
132.85897757216688	354.0
132.86897824793445	350.0
132.87897892370202	346.0
132.8889795994696	342.0
132.89898027523716	334.0
132.90898095100474	331.0
132.9189816267723	327.0
132.92898230253988	323.0
132.93898297830745	323.0
132.94898365407502	319.0
132.9589843298426	319.0
132.96898500561016	323.0
132.97898568137774	327.0
132.9889863571453	331.0
132.99898703291288	334.0
133.00898770868045	338.0
133.01898838444802	346.0
133.02898906021557	354.0
133.03898973598314	363.0
133.0489904117507	363.0
133.05899108751828	363.0
133.06899176328585	363.0
133.07899243905342	358.0
133.088993114821	354.0
133.09899379058857	350.0
133.10899446635614	342.0
133.1189951421237	334.0
133.12899581789128	334.0
133.13899649365885	327.0
133.14899716942642	319.0
133.158997845194	316.0
133.16899852096157	312.0
133.17899919672914	312.0
133.1889998724967	312.0
133.19900054826428	312.0
133.20900122403185	316.0
133.2190018997994	319.0
133.22900257556697	327.0
133.23900325133454	334.0
133.2490039271021	342.0
133.25900460286968	354.0
133.26900527863725	358.0
133.27900595440482	358.0
133.2890066301724	358.0
133.29900730593997	358.0
133.30900798170754	354.0
133.3190086574751	346.0
133.32900933324268	342.0
133.33901000901025	338.0
133.34901068477782	331.0
133.3590113605454	323.0
133.36901203631297	319.0
133.37901271208054	319.0
133.3890133878481	316.0
133.39901406361568	316.0
133.40901473938322	316.0
133.4190154151508	319.0
133.42901609091837	327.0
133.43901676668594	334.0
133.4490174424535	338.0
133.45901811822108	342.0
133.46901879398865	346.0
133.47901946975622	354.0
133.4890201455238	363.0
133.49902082129137	367.0
133.50902149705894	367.0
133.5190221728265	358.0
133.52902284859408	346.0
133.53902352436165	338.0
133.54902420012922	331.0
133.5590248758968	323.0
133.56902555166437	316.0
133.57902622743194	312.0
133.58902690319948	312.0
133.59902757896705	312.0
133.60902825473462	316.0
133.6190289305022	323.0
133.62902960626977	334.0
133.63903028203734	346.0
133.6490309578049	354.0
133.65903163357248	363.0
133.66903230934005	371.0
133.67903298510763	371.0
133.6890336608752	371.0
133.69903433664277	367.0
133.70903501241034	358.0
133.7190356881779	350.0
133.72903636394548	346.0
133.73903703971305	342.0
133.74903771548063	338.0
133.7590383912482	342.0
133.76903906701577	346.0
133.7790397427833	350.0
133.78904041855088	358.0
133.79904109431845	371.0
133.80904177008603	375.0
133.8190424458536	380.0
133.82904312162117	380.0
133.83904379738874	375.0
133.8490444731563	367.0
133.85904514892388	363.0
133.86904582469145	354.0
133.87904650045903	350.0
133.8890471762266	350.0
133.89904785199417	350.0
133.90904852776174	350.0
133.9190492035293	350.0
133.92904987929688	354.0
133.93905055506445	367.0
133.94905123083203	384.0
133.9590519065996	393.0
133.96905258236714	393.0
133.9790532581347	380.0
133.98905393390228	371.0
133.99905460966986	363.0
134.00905528543743	354.0
134.019055961205	346.0
134.02905663697257	338.0
134.03905731274014	327.0
134.0490579885077	319.0
134.05905866427528	316.0
134.06905934004286	316.0
134.07906001581043	319.0
134.089060691578	323.0
134.09906136734557	327.0
134.10906204311314	331.0
134.1190627188807	334.0
134.12906339464828	338.0
134.13906407041586	338.0
134.14906474618343	342.0
134.15906542195097	342.0
134.16906609771854	338.0
134.1790667734861	331.0
134.18906744925368	327.0
134.19906812502126	319.0
134.20906880078883	312.0
134.2190694765564	308.0
134.22907015232397	301.0
134.23907082809154	298.0
134.2490715038591	294.0
134.25907217962668	294.0
134.26907285539426	291.0
134.27907353116183	291.0
134.2890742069294	291.0
134.29907488269697	291.0
134.30907555846454	291.0
134.3190762342321	291.0
134.32907690999969	291.0
134.33907758576726	291.0
134.3490782615348	291.0
134.35907893730237	291.0
134.36907961306994	288.0
134.3790802888375	288.0
134.38908096460509	288.0
134.39908164037266	288.0
134.40908231614023	288.0
134.4190829919078	288.0
134.42908366767537	288.0
134.43908434344294	288.0
134.44908501921051	288.0
134.45908569497809	288.0
134.46908637074566	288.0
134.47908704651323	288.0
134.4890877222808	288.0
134.49908839804837	288.0
134.50908907381594	288.0
134.51908974958351	288.0
134.5290904253511	288.0
134.53909110111863	288.0
134.5490917768862	288.0
134.55909245265377	288.0
134.56909312842134	288.0
134.57909380418891	288.0
134.5890944799565	284.0
134.59909515572406	284.0
134.60909583149163	281.0
134.6190965072592	284.0
134.62909718302677	284.0
134.63909785879434	291.0
134.64909853456192	301.0
134.6590992103295	308.0
134.66909988609706	319.0
134.67910056186463	346.0
134.6891012376322	363.0
134.69910191339977	367.0
134.70910258916734	367.0
134.71910326493492	358.0
134.72910394070246	350.0
134.73910461647003	334.0
134.7491052922376	323.0
134.75910596800517	316.0
134.76910664377274	312.0
134.77910731954032	308.0
134.7891079953079	312.0
134.79910867107546	316.0
134.80910934684303	323.0
134.8191100226106	331.0
134.82911069837817	342.0
134.83911137414574	350.0
134.84911204991332	358.0
134.8591127256809	367.0
134.86911340144846	367.0
134.87911407721603	371.0
134.8891147529836	367.0
134.89911542875117	367.0
134.90911610451872	363.0
134.9191167802863	354.0
134.92911745605386	354.0
134.93911813182143	350.0
134.949118807589	350.0
134.95911948335657	346.0
134.96912015912415	346.0
134.97912083489172	350.0
134.9891215106593	350.0
134.99912218642686	354.0
135.00912286219443	354.0
135.019123537962	358.0
135.02912421372957	371.0
135.03912488949715	371.0
135.04912556526472	371.0
135.0591262410323	371.0
135.06912691679986	371.0
135.07912759256743	367.0
135.089128268335	367.0
135.09912894410255	363.0
135.10912961987012	363.0
135.1191302956377	363.0
135.12913097140526	367.0
135.13913164717283	371.0
135.1491323229404	375.0
135.15913299870797	380.0
135.16913367447555	380.0
135.17913435024312	375.0
135.1891350260107	375.0
135.19913570177826	371.0
135.20913637754583	367.0
135.2191370533134	363.0
135.22913772908097	358.0
135.23913840484855	350.0
135.24913908061612	346.0
135.2591397563837	338.0
135.26914043215126	331.0
135.27914110791883	327.0
135.28914178368638	323.0
135.29914245945395	319.0
135.30914313522152	319.0
135.3191438109891	319.0
135.32914448675666	323.0
135.33914516252423	327.0
135.3491458382918	331.0
135.35914651405938	338.0
135.36914718982695	342.0
135.37914786559452	346.0
135.3891485413621	354.0
135.39914921712966	358.0
135.40914989289723	358.0
135.4191505686648	358.0
135.42915124443238	363.0
135.43915192019995	363.0
135.44915259596752	358.0
135.4591532717351	358.0
135.46915394750266	358.0
135.4791546232702	358.0
135.48915529903778	363.0
135.49915597480535	363.0
135.50915665057292	363.0
135.5191573263405	363.0
135.52915800210806	363.0
135.53915867787563	358.0
135.5491593536432	358.0
135.55916002941078	354.0
135.56916070517835	350.0
135.57916138094592	346.0
135.5891620567135	342.0
135.59916273248106	334.0
135.60916340824863	331.0
135.6191640840162	327.0
135.62916475978378	327.0
135.63916543555135	327.0
135.64916611131892	331.0
135.6591667870865	334.0
135.66916746285403	334.0
135.6791681386216	338.0
135.68916881438918	350.0
135.69916949015675	350.0
135.70917016592432	346.0
135.7191708416919	338.0
135.72917151745946	331.0
135.73917219322703	323.0
135.7491728689946	312.0
135.75917354476218	308.0
135.76917422052975	301.0
135.77917489629732	291.0
135.7891755720649	288.0
135.79917624783246	284.0
135.80917692360003	284.0
135.8191775993676	284.0
135.82917827513518	284.0
135.83917895090275	288.0
135.84917962667032	288.0
135.85918030243786	288.0
135.86918097820543	288.0
135.879181653973	284.0
135.88918232974058	284.0
135.89918300550815	284.0
135.90918368127572	284.0
135.9191843570433	284.0
135.92918503281086	284.0
135.93918570857844	284.0
135.949186384346	284.0
135.95918706011358	284.0
135.96918773588115	288.0
135.97918841164872	291.0
135.9891890874163	291.0
135.99918976318386	291.0
136.00919043895144	294.0
136.019191114719	291.0
136.02919179048658	291.0
136.03919246625415	291.0
136.0491931420217	294.0
136.05919381778926	291.0
136.06919449355684	291.0
136.0791951693244	288.0
136.08919584509198	288.0
136.09919652085955	284.0
136.10919719662712	284.0
136.1191978723947	284.0
136.12919854816226	284.0
136.13919922392984	288.0
136.1491998996974	288.0
136.15920057546498	288.0
136.16920125123255	288.0
136.17920192700012	288.0
136.1892026027677	288.0
136.19920327853526	288.0
136.20920395430284	288.0
136.2192046300704	288.0
136.22920530583795	288.0
136.23920598160552	284.0
136.2492066573731	284.0
136.25920733314067	284.0
136.26920800890824	288.0
136.2792086846758	288.0
136.28920936044338	288.0
136.29921003621095	288.0
136.30921071197852	291.0
136.3192113877461	291.0
136.32921206351367	291.0
136.33921273928124	291.0
136.3492134150488	291.0
136.35921409081638	291.0
136.36921476658395	291.0
136.37921544235152	291.0
136.3892161181191	291.0
136.39921679388667	288.0
136.40921746965424	288.0
136.41921814542178	288.0
136.42921882118935	288.0
136.43921949695692	288.0
136.4492201727245	288.0
136.45922084849207	291.0
136.46922152425964	291.0
136.4792222000272	291.0
136.48922287579478	291.0
136.49922355156235	291.0
136.50922422732992	291.0
136.5192249030975	291.0
136.52922557886507	291.0
136.53922625463264	291.0
136.5492269304002	291.0
136.55922760616778	288.0
136.56922828193535	288.0
136.57922895770292	288.0
136.5892296334705	288.0
136.59923030923807	288.0
136.6092309850056	288.0
136.61923166077318	288.0
136.62923233654075	288.0
136.63923301230832	291.0
136.6492336880759	291.0
136.65923436384347	291.0
136.66923503961104	294.0
136.6792357153786	294.0
136.68923639114618	294.0
136.69923706691375	294.0
136.70923774268132	291.0
136.7192384184489	291.0
136.72923909421647	291.0
136.73923976998404	291.0
136.7492404457516	291.0
136.75924112151918	291.0
136.76924179728675	291.0
136.77924247305432	291.0
136.7892431488219	291.0
136.79924382458944	291.0
136.809244500357	291.0
136.81924517612458	291.0
136.82924585189215	291.0
136.83924652765972	291.0
136.8492472034273	291.0
136.85924787919487	291.0
136.86924855496244	291.0
136.87924923073	291.0
136.88924990649758	291.0
136.89925058226515	291.0
136.90925125803273	291.0
136.9192519338003	291.0
136.92925260956787	291.0
136.93925328533544	291.0
136.949253961103	291.0
136.95925463687058	291.0
136.96925531263815	291.0
136.97925598840573	291.0
136.98925666417327	291.0
136.99925733994084	291.0
137.0092580157084	291.0
137.01925869147598	294.0
137.02925936724355	294.0
137.03926004301113	294.0
137.0492607187787	294.0
137.05926139454627	291.0
137.06926207031384	288.0
137.0792627460814	284.0
137.08926342184898	281.0
137.09926409761655	275.0
137.10926477338413	268.0
137.1192654491517	256.0
137.12926612491927	242.0
137.13926680068684	228.0
137.1492674764544	220.0
137.15926815222198	218.0
137.16926882798955	218.0
137.1792695037571	223.0
137.18927017952467	231.0
137.19927085529224	239.0
137.2092715310598	250.0
137.21927220682738	262.0
137.22927288259496	268.0
137.23927355836253	284.0
137.2492742341301	298.0
137.25927490989767	301.0
137.26927558566524	301.0
137.2792762614328	298.0
137.28927693720038	288.0
137.29927761296796	275.0
137.30927828873553	262.0
137.3192789645031	250.0
137.32927964027067	239.0
137.33928031603824	231.0
137.3492809918058	226.0
137.35928166757338	226.0
137.36928234334093	226.0
137.3792830191085	228.0
137.38928369487607	234.0
137.39928437064364	242.0
137.4092850464112	253.0
137.41928572217878	259.0
137.42928639794636	262.0
137.43928707371393	265.0
137.4492877494815	265.0
137.45928842524907	262.0
137.46928910101664	256.0
137.4792897767842	248.0
137.48929045255178	239.0
137.49929112831936	234.0
137.50929180408693	231.0
137.5192924798545	228.0
137.52929315562207	231.0
137.53929383138964	234.0
137.54929450715719	239.0
137.55929518292476	242.0
137.56929585869233	248.0
137.5792965344599	250.0
137.58929721022747	256.0
137.59929788599504	256.0
137.6092985617626	256.0
137.61929923753019	253.0
137.62929991329776	248.0
137.63930058906533	242.0
137.6493012648329	234.0
137.65930194060047	228.0
137.66930261636804	220.0
137.67930329213561	215.0
137.6893039679032	210.0
137.69930464367076	208.0
137.70930531943833	206.0
137.7193059952059	206.0
137.72930667097347	208.0
137.73930734674101	210.0
137.7493080225086	210.0
137.75930869827616	213.0
137.76930937404373	213.0
137.7793100498113	213.0
137.78931072557887	215.0
137.79931140134644	215.0
137.80931207711401	215.0
137.8193127528816	215.0
137.82931342864916	215.0
137.83931410441673	218.0
137.8493147801843	218.0
137.85931545595187	218.0
137.86931613171944	220.0
137.87931680748702	218.0
137.8893174832546	218.0
137.89931815902216	215.0
137.90931883478973	213.0
137.9193195105573	210.0
137.92932018632484	210.0
137.93932086209242	208.0
137.94932153786	210.0
137.95932221362756	210.0
137.96932288939513	213.0
137.9793235651627	213.0
137.98932424093027	213.0
137.99932491669784	210.0
138.00932559246542	208.0
138.019326268233	203.0
138.02932694400056	199.0
138.03932761976813	194.0
138.0493282955357	0.0
138.05932897130327	0.0
138.06932964707084	0.0
138.07933032283842	0.0
138.089330998606	0.0
138.09933167437356	0.0
138.10933235014113	0.0
138.11933302590867	0.0
138.12933370167625	0.0
138.13933437744382	0.0
138.1493350532114	0.0
138.15933572897896	0.0
138.16933640474653	0.0
138.1793370805141	0.0
138.18933775628167	0.0
138.19933843204925	0.0
138.20933910781682	0.0
138.2193397835844	0.0
138.22934045935196	0.0
138.23934113511953	0.0
138.2493418108871	0.0
138.25934248665467	0.0
138.26934316242225	0.0
138.27934383818982	0.0
138.2893445139574	0.0
138.29934518972496	0.0
138.3093458654925	0.0
138.31934654126007	0.0
138.32934721702765	0.0
138.33934789279522	0.0
138.3493485685628	0.0
138.35934924433036	0.0
138.36934992009793	0.0
138.3793505958655	0.0
138.38935127163307	0.0
138.39935194740065	0.0
138.40935262316822	0.0
138.4193532989358	0.0
138.42935397470336	0.0
138.43935465047093	0.0
138.4493553262385	0.0
138.45935600200607	0.0
138.46935667777365	0.0
138.47935735354122	0.0
138.4893580293088	0.0
138.49935870507633	0.0
138.5093593808439	0.0
138.51936005661148	0.0
138.52936073237905	278.0
138.53936140814662	272.0
138.5493620839142	265.0
138.55936275968176	259.0
138.56936343544933	253.0
138.5793641112169	248.0
138.58936478698448	245.0
138.59936546275205	242.0
138.60936613851962	242.0
138.6193668142872	242.0
138.62936749005476	245.0
138.63936816582233	250.0
138.6493688415899	256.0
138.65936951735748	262.0
138.66937019312505	265.0
138.67937086889262	275.0
138.68937154466016	281.0
138.69937222042773	0.0
138.7093728961953	0.0
138.71937357196288	0.0
138.72937424773045	0.0
138.73937492349802	281.0
138.7493755992656	281.0
138.75937627503316	253.0
138.76937695080073	250.0
138.7793776265683	250.0
138.78937830233588	250.0
138.79937897810345	253.0
138.80937965387102	256.0
138.8193803296386	259.0
138.82938100540616	262.0
138.83938168117373	262.0
138.8493823569413	0.0
138.85938303270888	0.0
138.86938370847642	0.0
138.879384384244	0.0
138.88938506001156	0.0
138.89938573577913	0.0
138.9093864115467	0.0
138.91938708731428	0.0
138.92938776308185	0.0
138.93938843884942	0.0
138.949389114617	0.0
138.95938979038456	0.0
138.96939046615213	0.0
138.9793911419197	0.0
138.98939181768728	0.0
138.99939249345485	0.0
139.00939316922242	0.0
139.01939384499	0.0
139.02939452075756	0.0
139.03939519652513	0.0
139.0493958722927	0.0
139.05939654806025	0.0
139.06939722382782	0.0
139.0793978995954	0.0
139.08939857536296	234.0
139.09939925113054	231.0
139.1093999268981	228.0
139.11940060266568	228.0
139.12940127843325	226.0
139.13940195420082	0.0
139.1494026299684	0.0
139.15940330573596	223.0
139.16940398150354	223.0
139.1794046572711	223.0
139.18940533303868	220.0
139.19940600880625	218.0
139.20940668457382	218.0
139.2194073603414	218.0
139.22940803610896	218.0
139.23940871187654	218.0
139.24940938764408	218.0
139.25941006341165	218.0
139.26941073917922	218.0
139.2794114149468	218.0
139.28941209071436	218.0
139.29941276648194	215.0
139.3094134422495	215.0
139.31941411801708	218.0
139.32941479378465	218.0
139.33941546955222	218.0
139.3494161453198	218.0
139.35941682108736	218.0
139.36941749685494	218.0
139.3794181726225	0.0
139.38941884839008	0.0
139.39941952415765	0.0
139.40942019992522	0.0
139.4194208756928	0.0
139.42942155146036	0.0
139.4394222272279	0.0
139.44942290299548	218.0
139.45942357876305	218.0
139.46942425453062	0.0
139.4794249302982	0.0
139.48942560606577	0.0
139.49942628183334	0.0
139.5094269576009	0.0
139.51942763336848	0.0
139.52942830913605	215.0
139.53942898490362	215.0
139.5494296606712	213.0
139.55943033643877	210.0
139.56943101220634	210.0
139.5794316879739	208.0
139.58943236374148	208.0
139.59943303950905	210.0
139.60943371527662	210.0
139.6194343910442	213.0
139.62943506681174	0.0
139.6394357425793	0.0
139.64943641834688	0.0
139.65943709411445	0.0
139.66943776988202	0.0
139.6794384456496	220.0
139.68943912141717	226.0
139.69943979718474	228.0
139.7094404729523	236.0
139.71944114871988	265.0
139.72944182448745	275.0
139.73944250025502	281.0
139.7494431760226	0.0
139.75944385179017	0.0
139.76944452755774	0.0
139.7794452033253	0.0
139.78944587909288	0.0
139.79944655486045	0.0
139.80944723062802	0.0
139.81944790639557	0.0
139.82944858216314	0.0
139.8394492579307	0.0
139.84944993369828	0.0
139.85945060946585	0.0
139.86945128523342	0.0
139.879451961001	0.0
139.88945263676857	0.0
139.89945331253614	0.0
139.9094539883037	0.0
139.91945466407128	0.0
139.92945533983885	0.0
139.93945601560642	0.0
139.949456691374	0.0
139.95945736714157	0.0
139.96945804290914	0.0
139.9794587186767	0.0
139.98945939444428	0.0
139.99946007021182	0.0
140.0094607459794	0.0
140.01946142174697	0.0
140.02946209751454	0.0
140.0394627732821	0.0
140.04946344904968	0.0
140.05946412481725	0.0
140.06946480058483	0.0
140.0794654763524	0.0
140.08946615211997	0.0
140.09946682788754	0.0
140.1094675036551	0.0
140.11946817942268	0.0
140.12946885519025	0.0
140.13946953095783	0.0
140.1494702067254	0.0
140.15947088249297	0.0
140.16947155826054	0.0
140.1794722340281	0.0
140.18947290979565	0.0
140.19947358556323	0.0
140.2094742613308	0.0
140.21947493709837	0.0
140.22947561286594	0.0
140.2394762886335	0.0
140.24947696440108	0.0
140.25947764016865	0.0
140.26947831593623	0.0
140.2794789917038	0.0
140.28947966747137	288.0
140.29948034323894	288.0
140.3094810190065	288.0
140.31948169477408	288.0
140.32948237054165	288.0
140.33948304630923	288.0
140.3494837220768	288.0
140.35948439784437	288.0
140.36948507361194	291.0
140.37948574937948	298.0
140.38948642514706	312.0
140.39948710091463	319.0
140.4094877766822	0.0
140.41948845244977	0.0
140.42948912821734	0.0
140.4394898039849	0.0
140.44949047975248	0.0
140.45949115552006	0.0
140.46949183128763	0.0
140.4794925070552	0.0
140.48949318282277	0.0
140.49949385859034	0.0
140.5094945343579	0.0
140.51949521012548	0.0
140.52949588589306	0.0
140.53949656166063	0.0
140.5494972374282	0.0
140.55949791319577	0.0
140.5694985889633	0.0
140.57949926473088	0.0
140.58949994049846	0.0
140.59950061626603	0.0
140.6095012920336	0.0
140.61950196780117	0.0
140.62950264356874	0.0
140.6395033193363	0.0
140.64950399510388	0.0
140.65950467087146	0.0
140.66950534663903	0.0
140.6795060224066	0.0
140.68950669817417	0.0
140.69950737394174	0.0
140.7095080497093	0.0
140.71950872547689	0.0
140.72950940124446	0.0
140.73951007701203	0.0
140.7495107527796	0.0
140.75951142854714	0.0
140.7695121043147	0.0
140.77951278008229	0.0
140.78951345584986	0.0
140.79951413161743	0.0
140.809514807385	0.0
140.81951548315257	0.0
140.82951615892014	0.0
140.8395168346877	0.0
140.84951751045529	0.0
140.85951818622286	0.0
140.86951886199043	0.0
140.879519537758	0.0
140.88952021352557	0.0
140.89952088929314	0.0
140.90952156506071	0.0
140.9195222408283	0.0
140.92952291659586	0.0
140.93952359236343	0.0
140.94952426813097	0.0
140.95952494389854	0.0
140.96952561966611	0.0
140.9795262954337	294.0
140.98952697120126	294.0
140.99952764696883	298.0
141.0095283227364	298.0
141.01952899850397	0.0
141.02952967427154	0.0
141.03953035003912	0.0
141.0495310258067	0.0
141.05953170157426	0.0
141.06953237734183	0.0
141.0795330531094	291.0
141.08953372887697	0.0
141.09953440464454	0.0
141.10953508041212	0.0
141.1195357561797	0.0
141.12953643194726	0.0
141.1395371077148	0.0
141.14953778348237	0.0
141.15953845924994	0.0
141.16953913501752	0.0
141.1795398107851	0.0
141.18954048655266	0.0
141.19954116232023	0.0
141.2095418380878	0.0
141.21954251385537	0.0
141.22954318962294	0.0
141.23954386539052	0.0
141.2495445411581	0.0
141.25954521692566	0.0
141.26954589269323	0.0
141.2795465684608	0.0
141.28954724422837	0.0
141.29954791999594	0.0
141.30954859576352	0.0
141.31954927153106	0.0
141.32954994729863	0.0
141.3395506230662	0.0
141.34955129883377	0.0
141.35955197460135	0.0
141.36955265036892	0.0
141.3795533261365	0.0
141.38955400190406	0.0
141.39955467767163	0.0
141.4095553534392	0.0
141.41955602920677	0.0
141.42955670497435	0.0
141.43955738074192	0.0
141.4495580565095	0.0
141.45955873227706	0.0
141.46955940804463	0.0
141.4795600838122	0.0
141.48956075957977	0.0
141.49956143534735	0.0
141.5095621111149	0.0
141.51956278688246	0.0
141.52956346265003	0.0
141.5395641384176	0.0
141.54956481418517	0.0
141.55956548995275	0.0
141.56956616572032	0.0
141.5795668414879	0.0
141.58956751725546	0.0
141.59956819302303	0.0
141.6095688687906	0.0
141.61956954455817	0.0
141.62957022032575	0.0
141.63957089609332	0.0
141.6495715718609	0.0
141.65957224762846	0.0
141.66957292339603	0.0
141.6795735991636	0.0
141.68957427493118	0.0
141.69957495069872	0.0
141.7095756264663	0.0
141.71957630223386	0.0
141.72957697800143	0.0
141.739577653769	0.0
141.74957832953658	0.0
141.75957900530415	0.0
141.76957968107172	0.0
141.7795803568393	0.0
141.78958103260686	0.0
141.79958170837443	0.0
141.809582384142	0.0
141.81958305990958	0.0
141.82958373567715	0.0
141.83958441144472	0.0
141.8495850872123	0.0
141.85958576297986	319.0
141.86958643874743	319.0
141.879587114515	323.0
141.88958779028255	334.0
141.89958846605012	338.0
141.9095891418177	327.0
141.91958981758526	342.0
141.92959049335283	342.0
141.9395911691204	342.0
141.94959184488798	338.0
141.95959252065555	338.0
141.96959319642312	334.0
141.9795938721907	334.0
141.98959454795826	334.0
141.99959522372583	334.0
142.0095958994934	331.0
142.01959657526098	327.0
142.02959725102855	323.0
142.03959792679612	327.0
142.0495986025637	327.0
142.05959927833126	327.0
142.06959995409883	327.0
142.07960062986638	327.0
142.08960130563395	323.0
142.09960198140152	323.0
142.1096026571691	323.0
142.11960333293666	323.0
142.12960400870423	323.0
142.1396046844718	323.0
142.14960536023938	323.0
142.15960603600695	327.0
142.16960671177452	327.0
142.1796073875421	327.0
142.18960806330966	331.0
142.19960873907723	331.0
142.2096094148448	327.0
142.21961009061238	327.0
142.22961076637995	331.0
142.23961144214752	334.0
142.2496121179151	338.0
142.25961279368266	346.0
142.2696134694502	346.0
142.27961414521778	346.0
142.28961482098535	338.0
142.29961549675292	334.0
142.3096161725205	327.0
142.31961684828806	323.0
142.32961752405564	316.0
142.3396181998232	312.0
142.34961887559078	308.0
142.35961955135835	305.0
142.36962022712592	298.0
142.3796209028935	294.0
142.38962157866106	291.0
142.39962225442864	291.0
142.4096229301962	288.0
142.41962360596378	288.0
142.42962428173135	288.0
142.43962495749892	284.0
142.4496256332665	284.0
142.45962630903404	288.0
142.4696269848016	288.0
142.47962766056918	288.0
142.48962833633675	288.0
142.49962901210432	291.0
142.5096296878719	291.0
142.51963036363946	294.0
142.52963103940704	294.0
142.5396317151746	294.0
142.54963239094218	294.0
142.55963306670975	291.0
142.56963374247732	291.0
142.5796344182449	288.0
142.58963509401246	284.0
142.59963576978004	281.0
142.6096364455476	278.0
142.61963712131518	278.0
142.62963779708275	0.0
142.6396384728503	0.0
142.64963914861787	0.0
142.65963982438544	0.0
142.669640500153	327.0
142.67964117592058	327.0
142.68964185168815	327.0
142.69964252745572	327.0
142.7096432032233	327.0
142.71964387899087	327.0
142.72964455475844	327.0
142.739645230526	327.0
142.74964590629358	327.0
142.75964658206115	327.0
142.76964725782872	327.0
142.7796479335963	327.0
142.78964860936387	327.0
142.79964928513144	327.0
142.809649960899	327.0
142.81965063666658	327.0
142.82965131243412	327.0
142.8396519882017	327.0
142.84965266396927	327.0
142.85965333973684	327.0
142.8696540155044	331.0
142.87965469127198	331.0
142.88965536703955	334.0
142.89965604280712	334.0
142.9096567185747	338.0
142.91965739434227	342.0
142.92965807010984	342.0
142.9396587458774	338.0
142.94965942164498	338.0
142.95966009741255	342.0
142.96966077318012	342.0
142.9796614489477	342.0
142.98966212471527	338.0
142.99966280048284	334.0
143.0096634762504	331.0
143.01966415201795	331.0
143.02966482778552	327.0
143.0396655035531	327.0
143.04966617932067	327.0
143.05966685508824	327.0
143.0696675308558	327.0
143.07966820662338	327.0
143.08966888239095	327.0
143.09966955815852	327.0
143.1096702339261	323.0
143.11967090969367	323.0
143.12967158546124	319.0
143.1396722612288	316.0
143.14967293699638	316.0
143.15967361276395	316.0
143.16967428853152	312.0
143.1796749642991	312.0
143.18967564006667	312.0
143.19967631583424	312.0
143.20967699160178	312.0
143.21967766736935	312.0
143.22967834313692	312.0
143.2396790189045	312.0
143.24967969467207	312.0
143.25968037043964	312.0
143.2696810462072	312.0
143.27968172197478	308.0
143.28968239774235	308.0
143.29968307350993	305.0
143.3096837492775	301.0
143.31968442504507	298.0
143.32968510081264	298.0
143.3396857765802	294.0
143.34968645234778	294.0
143.35968712811535	291.0
143.36968780388293	291.0
143.3796884796505	291.0
143.38968915541807	294.0
143.3996898311856	294.0
143.40969050695318	291.0
143.41969118272075	0.0
143.42969185848833	0.0
143.4396925342559	226.0
143.44969321002347	226.0
143.45969388579104	226.0
143.4696945615586	226.0
143.47969523732618	228.0
143.48969591309375	228.0
143.49969658886133	228.0
143.5096972646289	228.0
143.51969794039647	226.0
143.52969861616404	226.0
143.5396992919316	226.0
143.54969996769918	226.0
143.55970064346675	0.0
143.56970131923433	0.0
143.5797019950019	0.0
143.58970267076944	0.0
143.599703346537	0.0
143.60970402230458	0.0
143.61970469807216	0.0
143.62970537383973	0.0
143.6397060496073	0.0
143.64970672537487	0.0
143.65970740114244	0.0
143.66970807691	0.0
143.67970875267758	0.0
143.68970942844516	0.0
143.69971010421273	0.0
143.7097107799803	0.0
143.71971145574787	0.0
143.72971213151544	0.0
143.739712807283	0.0
143.74971348305058	0.0
143.75971415881816	0.0
143.76971483458573	0.0
143.77971551035327	0.0
143.78971618612084	0.0
143.7997168618884	0.0
143.80971753765598	0.0
143.81971821342356	0.0
143.82971888919113	0.0
143.8397195649587	0.0
143.84972024072627	0.0
143.85972091649384	0.0
143.8697215922614	0.0
143.87972226802898	0.0
143.88972294379656	0.0
143.89972361956413	0.0
143.9097242953317	0.0
143.91972497109927	291.0
143.92972564686684	294.0
143.9397263226344	291.0
143.94972699840199	288.0
143.95972767416953	281.0
143.9697283499371	278.0
143.97972902570467	275.0
143.98972970147224	275.0
143.9997303772398	278.0
144.00973105300739	281.0
144.01973172877496	288.0
144.02973240454253	298.0
144.0397330803101	316.0
144.04973375607767	319.0
144.05973443184524	327.0
144.06973510761281	334.0
144.07973578338039	342.0
144.08973645914796	350.0
144.09973713491553	346.0
144.1097378106831	323.0
144.11973848645067	316.0
144.12973916221824	312.0
144.13973983798581	308.0
144.14974051375336	308.0
144.15974118952093	312.0
144.1697418652885	319.0
144.17974254105607	327.0
144.18974321682364	331.0
144.19974389259121	334.0
144.2097445683588	358.0
144.21974524412636	358.0
144.22974591989393	358.0
144.2397465956615	358.0
144.24974727142907	358.0
144.25974794719664	358.0
144.26974862296422	358.0
144.2797492987318	358.0
144.28974997449936	0.0
144.29975065026693	358.0
144.3097513260345	358.0
144.31975200180207	358.0
144.32975267756964	354.0
144.3397533533372	358.0
144.34975402910476	358.0
144.35975470487233	363.0
144.3697553806399	363.0
144.37975605640747	363.0
144.38975673217504	363.0
144.39975740794262	363.0
144.4097580837102	363.0
144.41975875947776	363.0
144.42975943524533	363.0
144.4397601110129	363.0
144.44976078678047	358.0
144.45976146254804	358.0
144.46976213831562	358.0
144.4797628140832	358.0
144.48976348985076	358.0
144.49976416561833	358.0
144.5097648413859	358.0
144.51976551715347	358.0
144.52976619292102	363.0
144.5397668686886	363.0
144.54976754445616	363.0
144.55976822022373	367.0
144.5697688959913	367.0
144.57976957175887	367.0
144.58977024752645	367.0
144.59977092329402	363.0
144.6097715990616	363.0
144.61977227482916	358.0
144.62977295059673	358.0
144.6397736263643	358.0
144.64977430213187	354.0
144.65977497789945	354.0
144.66977565366702	354.0
144.6797763294346	354.0
144.68977700520216	354.0
144.69977768096973	354.0
144.7097783567373	363.0
144.71977903250485	363.0
144.72977970827242	363.0
144.73978038404	358.0
144.74978105980756	354.0
144.75978173557513	346.0
144.7697824113427	338.0
144.77978308711027	0.0
144.78978376287785	0.0
144.79978443864542	0.0
144.809785114413	0.0
144.81978579018056	0.0
144.82978646594813	0.0
144.8397871417157	0.0
144.84978781748327	0.0
144.85978849325085	0.0
144.86978916901842	0.0
144.879789844786	0.0
144.88979052055356	0.0
144.89979119632113	0.0
144.90979187208868	0.0
144.91979254785625	0.0
144.92979322362382	0.0
144.9397938993914	0.0
144.94979457515896	0.0
144.95979525092653	0.0
144.9697959266941	0.0
144.97979660246168	0.0
144.98979727822925	0.0
144.99979795399682	0.0
145.0097986297644	0.0
145.01979930553196	0.0
145.02979998129953	0.0
145.0398006570671	0.0
145.04980133283468	0.0
145.05980200860225	0.0
145.06980268436982	0.0
145.0798033601374	0.0
145.08980403590496	0.0
145.0998047116725	0.0
145.10980538744008	0.0
145.11980606320765	0.0
145.12980673897522	0.0
145.1398074147428	0.0
145.14980809051036	0.0
145.15980876627793	0.0
145.1698094420455	0.0
145.17981011781308	0.0
145.18981079358065	0.0
145.19981146934822	0.0
145.2098121451158	0.0
145.21981282088336	0.0
145.22981349665093	0.0
145.2398141724185	0.0
145.24981484818608	0.0
145.25981552395365	0.0
145.26981619972122	0.0
145.27981687548876	0.0
145.28981755125633	0.0
145.2998182270239	0.0
145.30981890279148	0.0
145.31981957855905	0.0
145.32982025432662	0.0
145.3398209300942	0.0
145.34982160586176	0.0
145.35982228162933	0.0
145.3698229573969	0.0
145.37982363316448	0.0
145.38982430893205	0.0
145.39982498469962	0.0
145.4098256604672	0.0
145.41982633623476	0.0
145.42982701200233	0.0
145.4398276877699	0.0
145.44982836353748	0.0
145.45982903930505	363.0
145.4698297150726	363.0
145.47983039084016	363.0
145.48983106660774	363.0
145.4998317423753	363.0
145.50983241814288	363.0
145.51983309391045	363.0
145.52983376967802	0.0
145.5398344454456	0.0
145.54983512121316	0.0
145.55983579698074	0.0
145.5698364727483	0.0
145.57983714851588	0.0
145.58983782428345	0.0
145.59983850005102	0.0
145.6098391758186	0.0
145.61983985158616	0.0
145.62984052735374	0.0
145.6398412031213	0.0
145.64984187888888	0.0
145.65984255465642	0.0
145.669843230424	0.0
145.67984390619156	0.0
145.68984458195914	0.0
145.6998452577267	0.0
145.70984593349428	0.0
145.71984660926185	0.0
145.72984728502942	0.0
145.739847960797	0.0
145.74984863656456	0.0
145.75984931233214	0.0
145.7698499880997	0.0
145.77985066386728	0.0
145.78985133963485	0.0
145.79985201540242	0.0
145.80985269117	0.0
145.81985336693756	0.0
145.82985404270514	0.0
145.8398547184727	0.0
145.84985539424025	0.0
145.85985607000782	0.0
145.8698567457754	0.0
145.87985742154297	0.0
145.88985809731054	0.0
145.8998587730781	0.0
145.90985944884568	0.0
145.91986012461325	0.0
145.92986080038082	0.0
145.9398614761484	0.0
145.94986215191597	0.0
145.95986282768354	0.0
145.9698635034511	0.0
145.97986417921868	0.0
145.98986485498625	0.0
145.99986553075382	0.0
146.0098662065214	0.0
146.01986688228897	0.0
146.02986755805654	0.0
146.03986823382408	0.0
146.04986890959165	0.0
146.05986958535922	0.0
146.0698702611268	0.0
146.07987093689437	0.0
146.08987161266194	0.0
146.0998722884295	0.0
146.10987296419708	0.0
146.11987363996465	0.0
146.12987431573222	0.0
146.1398749914998	0.0
146.14987566726737	0.0
146.15987634303494	0.0
146.1698770188025	0.0
146.17987769457008	0.0
146.18987837033765	0.0
146.19987904610522	0.0
146.2098797218728	0.0
146.21988039764037	0.0
146.2298810734079	0.0
146.23988174917548	0.0
146.24988242494305	0.0
146.25988310071062	0.0
146.2698837764782	0.0
146.27988445224577	0.0
146.28988512801334	0.0
146.2998858037809	0.0
146.30988647954848	0.0
146.31988715531605	0.0
146.32988783108362	0.0
146.3398885068512	0.0
146.34988918261877	0.0
146.35988985838634	298.0
146.3698905341539	298.0
146.37989120992148	294.0
146.38989188568905	291.0
146.39989256145662	0.0
146.4098932372242	0.0
146.41989391299174	0.0
146.4298945887593	284.0
146.43989526452688	288.0
146.44989594029445	291.0
146.45989661606203	294.0
146.4698972918296	305.0
146.47989796759717	316.0
146.48989864336474	0.0
146.4998993191323	0.0
146.50989999489988	0.0
146.51990067066745	0.0
146.52990134643503	0.0
146.5399020222026	0.0
146.54990269797017	0.0
146.55990337373774	0.0
146.5699040495053	0.0
146.57990472527288	0.0
146.58990540104045	319.0
146.599906076808	319.0
146.60990675257557	319.0
146.61990742834314	323.0
146.6299081041107	334.0
146.63990877987828	0.0
146.64990945564585	0.0
146.65991013141343	0.0
146.669910807181	0.0
146.67991148294857	0.0
146.68991215871614	0.0
146.6999128344837	0.0
146.70991351025128	0.0
146.71991418601885	354.0
146.72991486178643	354.0
146.739915537554	354.0
146.74991621332157	354.0
146.75991688908914	354.0
146.7699175648567	350.0
146.77991824062428	350.0
146.78991891639183	350.0
146.7999195921594	0.0
146.80992026792697	0.0
146.81992094369454	0.0
146.8299216194621	0.0
146.83992229522968	0.0
146.84992297099726	0.0
146.85992364676483	0.0
146.8699243225324	0.0
146.87992499829997	0.0
146.88992567406754	0.0
146.8999263498351	0.0
146.90992702560268	0.0
146.91992770137026	0.0
146.92992837713783	0.0
146.9399290529054	0.0
146.94992972867297	0.0
146.95993040444054	0.0
146.9699310802081	0.0
146.97993175597566	0.0
146.98993243174323	0.0
146.9999331075108	0.0
147.00993378327837	0.0
147.01993445904594	0.0
147.0299351348135	0.0
147.03993581058108	0.0
147.04993648634866	0.0
147.05993716211623	0.0
147.0699378378838	0.0
147.07993851365137	0.0
147.08993918941894	0.0
147.0999398651865	0.0
147.10994054095409	0.0
147.11994121672166	0.0
147.12994189248923	0.0
147.1399425682568	0.0
147.14994324402437	0.0
147.15994391979194	0.0
147.16994459555949	0.0
147.17994527132706	0.0
147.18994594709463	0.0
147.1999466228622	0.0
147.20994729862977	0.0
147.21994797439734	0.0
147.2299486501649	0.0
147.23994932593249	0.0
147.24995000170006	0.0
147.25995067746763	0.0
147.2699513532352	0.0
147.27995202900277	0.0
147.28995270477034	0.0
147.29995338053791	0.0
147.3099540563055	0.0
147.31995473207306	0.0
147.32995540784063	0.0
147.3399560836082	0.0
147.34995675937577	0.0
147.35995743514331	0.0
147.3699581109109	0.0
147.37995878667846	0.0
147.38995946244603	0.0
147.3999601382136	0.0
147.40996081398117	0.0
147.41996148974874	0.0
147.42996216551632	0.0
147.4399628412839	0.0
147.44996351705146	0.0
147.45996419281903	0.0
147.4699648685866	0.0
147.47996554435417	0.0
147.48996622012174	0.0
147.49996689588932	0.0
147.5099675716569	0.0
147.51996824742446	0.0
147.52996892319203	0.0
147.5399695989596	0.0
147.54997027472714	0.0
147.55997095049472	0.0
147.5699716262623	0.0
147.57997230202986	0.0
147.58997297779743	0.0
147.599973653565	0.0
147.60997432933257	0.0
147.61997500510014	0.0
147.62997568086772	0.0
147.6399763566353	0.0
147.64997703240286	0.0
147.65997770817043	0.0
147.669978383938	0.0
147.67997905970557	0.0
147.68997973547314	0.0
147.69998041124072	0.0
147.7099810870083	0.0
147.71998176277586	0.0
147.7299824385434	0.0
147.73998311431097	0.0
147.74998379007855	0.0
147.75998446584612	0.0
147.7699851416137	0.0
147.77998581738126	0.0
147.78998649314883	0.0
147.7999871689164	0.0
147.80998784468397	0.0
147.81998852045155	0.0
147.82998919621912	0.0
147.8399898719867	0.0
147.84999054775426	0.0
147.85999122352183	0.0
147.8699918992894	0.0
147.87999257505697	0.0
147.88999325082455	0.0
147.89999392659212	0.0
147.9099946023597	0.0
147.91999527812723	0.0
147.9299959538948	0.0
147.93999662966237	0.0
147.94999730542995	0.0
147.95999798119752	0.0
147.9699986569651	0.0
147.97999933273266	0.0
147.99000000850023	0.0
148.0000006842678	0.0
148.01000136003537	0.0
148.02000203580295	0.0
148.03000271157052	0.0
148.0400033873381	0.0
148.05000406310566	0.0
148.06000473887323	0.0
148.0700054146408	0.0
148.08000609040838	0.0
148.09000676617595	0.0
148.10000744194352	0.0
148.11000811771106	0.0
148.12000879347863	0.0
148.1300094692462	0.0
148.14001014501378	0.0
148.15001082078135	0.0
148.16001149654892	0.0
148.1700121723165	0.0
148.18001284808406	0.0
148.19001352385163	0.0
148.2000141996192	0.0
148.21001487538678	0.0
148.22001555115435	0.0
148.23001622692192	0.0
148.2400169026895	0.0
148.25001757845706	0.0
148.26001825422463	0.0
148.2700189299922	0.0
148.28001960575978	0.0
148.29002028152735	0.0
148.3000209572949	0.0
148.31002163306246	0.0
148.32002230883003	0.0
148.3300229845976	0.0
148.34002366036518	0.0
148.35002433613275	0.0
148.36002501190032	0.0
148.3700256876679	0.0
148.38002636343546	0.0
148.39002703920303	0.0
148.4000277149706	0.0
148.41002839073818	0.0
148.42002906650575	873.0
148.43002974227332	863.0
148.4400304180409	853.0
148.45003109380846	853.0
148.46003176957603	853.0
148.4700324453436	284.0
148.48003312111118	281.0
148.49003379687872	284.0
148.5000344726463	0.0
148.51003514841386	0.0
148.52003582418143	0.0
148.530036499949	0.0
148.54003717571658	0.0
148.55003785148415	0.0
148.56003852725172	0.0
148.5700392030193	350.0
148.58003987878686	350.0
148.59004055455443	354.0
148.600041230322	342.0
148.61004190608958	327.0
148.62004258185715	0.0
148.63004325762472	0.0
148.6400439333923	0.0
148.65004460915986	0.0
148.66004528492743	0.0
148.670045960695	0.0
148.68004663646255	0.0
148.69004731223012	0.0
148.7000479879977	0.0
148.71004866376526	0.0
148.72004933953284	0.0
148.7300500153004	0.0
148.74005069106798	0.0
148.75005136683555	0.0
148.76005204260312	0.0
148.7700527183707	0.0
148.78005339413826	0.0
148.79005406990584	0.0
148.8000547456734	0.0
148.81005542144098	0.0
148.82005609720855	0.0
148.83005677297612	0.0
148.8400574487437	0.0
148.85005812451126	0.0
148.86005880027884	0.0
148.87005947604638	0.0
148.88006015181395	0.0
148.89006082758152	0.0
148.9000615033491	0.0
148.91006217911666	0.0
148.92006285488424	0.0
148.9300635306518	0.0
148.94006420641938	0.0
148.95006488218695	0.0
148.96006555795452	0.0
148.9700662337221	0.0
148.98006690948966	0.0
148.99006758525724	0.0
149.0000682610248	0.0
149.01006893679238	0.0
149.02006961255995	0.0
149.03007028832752	0.0
149.0400709640951	0.0
149.05007163986264	0.0
149.0600723156302	250.0
149.07007299139778	253.0
149.08007366716535	259.0
149.09007434293292	265.0
149.1000750187005	272.0
149.11007569446807	275.0
149.12007637023564	275.0
149.1300770460032	268.0
149.14007772177078	265.0
149.15007839753835	259.0
149.16007907330592	253.0
149.1700797490735	248.0
149.18008042484107	242.0
149.19008110060864	236.0
149.2000817763762	236.0
149.21008245214378	239.0
149.22008312791135	242.0
149.23008380367892	248.0
149.24008447944647	250.0
149.25008515521404	256.0
149.2600858309816	259.0
149.27008650674918	268.0
149.28008718251675	278.0
149.29008785828432	281.0
149.3000885340519	284.0
149.31008920981947	275.0
149.32008988558704	265.0
149.3300905613546	253.0
149.34009123712218	245.0
149.35009191288975	242.0
149.36009258865732	239.0
149.3700932644249	236.0
149.38009394019247	239.0
149.39009461596004	239.0
149.4000952917276	242.0
149.41009596749518	245.0
149.42009664326275	248.0
149.4300973190303	250.0
149.44009799479787	253.0
149.45009867056544	259.0
149.460099346333	259.0
149.47010002210058	259.0
149.48010069786815	259.0
149.49010137363572	256.0
149.5001020494033	253.0
149.51010272517087	248.0
149.52010340093844	239.0
149.530104076706	231.0
149.54010475247358	223.0
149.55010542824115	213.0
149.56010610400872	203.0
149.5701067797763	203.0
149.58010745554387	203.0
149.59010813131144	208.0
149.600108807079	213.0
149.61010948284658	0.0
149.62011015861412	0.0
149.6301108343817	0.0
149.64011151014927	0.0
149.65011218591684	0.0
149.6601128616844	0.0
149.67011353745198	0.0
149.68011421321955	0.0
149.69011488898713	0.0
149.7001155647547	0.0
149.71011624052227	0.0
149.72011691628984	0.0
149.7301175920574	218.0
149.74011826782498	210.0
149.75011894359255	208.0
149.76011961936013	208.0
149.7701202951277	206.0
149.78012097089527	208.0
149.79012164666284	210.0
149.8001223224304	213.0
149.81012299819795	218.0
149.82012367396553	220.0
149.8301243497331	223.0
149.84012502550067	223.0
149.85012570126824	220.0
149.8601263770358	215.0
149.87012705280338	208.0
149.88012772857095	199.0
149.89012840433853	194.0
149.9001290801061	190.0
149.91012975587367	185.0
149.92013043164124	0.0
149.9301311074088	0.0
149.94013178317638	0.0
149.95013245894395	0.0
149.96013313471153	0.0
149.9701338104791	0.0
149.98013448624667	0.0
149.99013516201424	0.0
150.00013583778178	0.0
150.01013651354936	0.0
150.02013718931693	0.0
150.0301378650845	0.0
150.04013854085207	0.0
150.05013921661964	0.0
150.0601398923872	0.0
150.07014056815478	0.0
150.08014124392236	0.0
150.09014191968993	0.0
150.1001425954575	0.0
150.11014327122507	0.0
150.12014394699264	0.0
150.1301446227602	0.0
150.14014529852778	0.0
150.15014597429536	0.0
150.16014665006293	0.0
150.1701473258305	0.0
150.18014800159807	0.0
150.1901486773656	0.0
150.20014935313318	0.0
150.21015002890076	0.0
150.22015070466833	0.0
150.2301513804359	0.0
150.24015205620347	0.0
150.25015273197104	0.0
150.2601534077386	0.0
150.27015408350618	0.0
150.28015475927376	0.0
150.29015543504133	0.0
150.3001561108089	0.0
150.31015678657647	0.0
150.32015746234404	0.0
150.3301581381116	0.0
150.34015881387919	0.0
150.35015948964676	0.0
150.36016016541433	0.0
150.37016084118187	0.0
150.38016151694944	0.0
150.390162192717	0.0
150.40016286848459	0.0
150.41016354425216	0.0
150.42016422001973	0.0
150.4301648957873	0.0
150.44016557155487	0.0
150.45016624732244	0.0
150.46016692309001	0.0
150.47016759885759	0.0
150.48016827462516	0.0
150.49016895039273	0.0
150.5001696261603	0.0
150.51017030192787	190.0
150.52017097769544	192.0
150.53017165346301	194.0
150.5401723292306	192.0
150.55017300499816	0.0
150.5601736807657	0.0
150.57017435653327	0.0
150.58017503230084	0.0
150.59017570806841	0.0
150.600176383836	0.0
150.61017705960356	161.0
150.62017773537113	158.0
150.6301784111387	158.0
150.64017908690627	158.0
150.65017976267384	158.0
150.66018043844142	159.0
150.670181114209	159.0
150.68018178997656	161.0
150.69018246574413	165.0
150.7001831415117	171.0
150.71018381727927	173.0
150.72018449304684	0.0
150.73018516881442	0.0
150.740185844582	0.0
150.75018652034953	0.0
150.7601871961171	0.0
150.77018787188467	0.0
150.78018854765224	149.0
150.79018922341982	147.0
150.8001898991874	147.0
150.81019057495496	145.0
150.82019125072253	145.0
150.8301919264901	144.0
150.84019260225767	144.0
150.85019327802524	144.0
150.86019395379282	144.0
150.8701946295604	145.0
150.88019530532796	144.0
150.89019598109553	144.0
150.9001966568631	142.0
150.91019733263067	140.0
150.92019800839824	140.0
150.93019868416582	139.0
150.94019935993336	139.0
150.95020003570093	131.0
150.9602007114685	0.0
150.97020138723607	0.0
150.98020206300365	0.0
150.99020273877122	0.0
151.0002034145388	0.0
151.01020409030636	0.0
151.02020476607393	0.0
151.0302054418415	0.0
151.04020611760907	0.0
151.05020679337665	0.0
151.06020746914422	0.0
151.0702081449118	0.0
151.08020882067936	0.0
151.09020949644693	0.0
151.1002101722145	0.0
151.11021084798207	0.0
151.12021152374965	0.0
151.1302121995172	0.0
151.14021287528476	0.0
151.15021355105233	0.0
151.1602142268199	0.0
151.17021490258747	0.0
151.18021557835505	0.0
151.19021625412262	0.0
151.2002169298902	0.0
151.21021760565776	0.0
151.22021828142533	0.0
151.2302189571929	0.0
151.24021963296047	0.0
151.25022030872805	0.0
151.26022098449562	0.0
151.2702216602632	0.0
151.28022233603076	0.0
151.29022301179833	0.0
151.3002236875659	0.0
151.31022436333348	0.0
151.32022503910102	0.0
151.3302257148686	0.0
151.34022639063616	0.0
151.35022706640373	0.0
151.3602277421713	0.0
151.37022841793888	0.0
151.38022909370645	0.0
151.39022976947402	0.0
151.4002304452416	0.0
151.41023112100916	0.0
151.42023179677673	0.0
151.4302324725443	0.0
151.44023314831188	0.0
151.45023382407945	0.0
151.46023449984702	0.0
151.4702351756146	0.0
151.48023585138216	0.0
151.49023652714973	0.0
151.5002372029173	0.0
151.51023787868485	0.0
151.52023855445242	0.0
151.53023923022	0.0
151.54023990598756	0.0
151.55024058175513	0.0
151.5602412575227	0.0
151.57024193329028	0.0
151.58024260905785	0.0
151.59024328482542	0.0
151.600243960593	0.0
151.61024463636056	0.0
151.62024531212813	0.0
151.6302459878957	0.0
151.64024666366328	0.0
151.65024733943085	0.0
151.66024801519842	0.0
151.670248690966	0.0
151.68024936673356	0.0
151.6902500425011	0.0
151.70025071826868	0.0
151.71025139403625	0.0
151.72025206980382	0.0
151.7302527455714	0.0
151.74025342133896	0.0
151.75025409710653	0.0
151.7602547728741	0.0
151.77025544864168	0.0
151.78025612440925	0.0
151.79025680017682	0.0
151.8002574759444	0.0
151.81025815171196	0.0
151.82025882747953	0.0
151.8302595032471	0.0
151.84026017901468	0.0
151.85026085478225	0.0
151.86026153054982	0.0
151.8702622063174	0.0
151.88026288208493	0.0
151.8902635578525	0.0
151.90026423362008	0.0
151.91026490938765	0.0
151.92026558515522	0.0
151.9302662609228	0.0
151.94026693669036	0.0
151.95026761245794	0.0
151.9602682882255	0.0
151.97026896399308	0.0
151.98026963976065	0.0
151.99027031552822	0.0
152.0002709912958	0.0
152.01027166706336	0.0
152.02027234283094	0.0
152.0302730185985	0.0
152.04027369436608	0.0
152.05027437013365	0.0
152.06027504590122	0.0
152.07027572166876	0.0
152.08027639743634	0.0
152.0902770732039	0.0
152.10027774897148	0.0
152.11027842473905	0.0
152.12027910050662	0.0
152.1302797762742	0.0
152.14028045204176	0.0
152.15028112780934	0.0
152.1602818035769	0.0
152.17028247934448	0.0
152.18028315511205	0.0
152.19028383087962	0.0
152.2002845066472	0.0
152.21028518241476	0.0
152.22028585818234	0.0
152.2302865339499	0.0
152.24028720971748	0.0
152.25028788548505	0.0
152.2602885612526	0.0
152.27028923702017	0.0
152.28028991278774	0.0
152.2902905885553	0.0
152.30029126432288	0.0
152.31029194009045	0.0
152.32029261585802	0.0
152.3302932916256	0.0
152.34029396739317	0.0
152.35029464316074	0.0
152.3602953189283	0.0
152.37029599469588	0.0
152.38029667046345	0.0
152.39029734623102	0.0
152.4002980219986	0.0
152.41029869776617	0.0
152.42029937353374	0.0
152.4303000493013	0.0
152.44030072506888	0.0
152.45030140083642	0.0
152.460302076604	0.0
152.47030275237157	0.0
152.48030342813914	0.0
152.4903041039067	0.0
152.50030477967428	0.0
152.51030545544185	0.0
152.52030613120942	0.0
152.530306806977	0.0
152.54030748274457	0.0
152.55030815851214	0.0
152.5603088342797	0.0
152.57030951004728	0.0
152.58031018581485	0.0
152.59031086158242	0.0
152.60031153735	0.0
152.61031221311757	0.0
152.62031288888514	0.0
152.6303135646527	0.0
152.64031424042025	0.0
152.65031491618782	0.0
152.6603155919554	0.0
152.67031626772297	0.0
152.68031694349054	0.0
152.6903176192581	0.0
152.70031829502568	0.0
152.71031897079325	0.0
152.72031964656082	0.0
152.7303203223284	0.0
152.74032099809597	0.0
152.75032167386354	0.0
152.7603223496311	0.0
152.77032302539868	0.0
152.78032370116625	0.0
152.79032437693382	0.0
152.8003250527014	0.0
152.81032572846897	0.0
152.82032640423654	0.0
152.83032708000408	0.0
152.84032775577165	0.0
152.85032843153922	0.0
152.8603291073068	0.0
152.87032978307437	0.0
152.88033045884194	0.0
152.8903311346095	0.0
152.90033181037708	0.0
152.91033248614465	0.0
152.92033316191223	371.0
152.9303338376798	371.0
152.94033451344737	371.0
152.95033518921494	367.0
152.9603358649825	367.0
152.97033654075008	367.0
152.98033721651765	367.0
152.99033789228523	367.0
153.0003385680528	371.0
153.01033924382034	371.0
153.0203399195879	371.0
153.03034059535548	371.0
153.04034127112305	367.0
153.05034194689063	0.0
153.0603426226582	0.0
153.07034329842577	346.0
153.08034397419334	338.0
153.0903446499609	334.0
153.10034532572848	331.0
153.11034600149605	327.0
153.12034667726363	0.0
153.1303473530312	323.0
153.14034802879877	327.0
153.15034870456634	327.0
153.1603493803339	331.0
153.17035005610148	334.0
153.18035073186905	338.0
153.19035140763663	342.0
153.20035208340417	350.0
153.21035275917174	354.0
153.2203534349393	358.0
153.23035411070688	363.0
153.24035478647446	358.0
153.25035546224203	358.0
153.2603561380096	354.0
153.27035681377717	350.0
153.28035748954474	350.0
153.2903581653123	350.0
153.30035884107988	350.0
153.31035951684746	358.0
153.32036019261503	363.0
153.3303608683826	367.0
153.34036154415017	371.0
153.35036221991774	371.0
153.3603628956853	367.0
153.37036357145288	363.0
153.38036424722046	363.0
153.390364922988	354.0
153.40036559875557	350.0
153.41036627452314	346.0
153.4203669502907	342.0
153.43036762605828	334.0
153.44036830182586	323.0
153.45036897759343	319.0
153.460369653361	316.0
153.47037032912857	316.0
153.48037100489614	316.0
153.4903716806637	319.0
153.50037235643128	327.0
153.51037303219886	338.0
153.52037370796643	346.0
153.530374383734	346.0
153.54037505950157	342.0
153.55037573526914	342.0
153.5603764110367	334.0
153.57037708680429	319.0
153.58037776257183	305.0
153.5903784383394	294.0
153.60037911410697	291.0
153.61037978987454	305.0
153.6203804656421	298.0
153.63038114140969	281.0
153.64038181717726	281.0
153.65038249294483	281.0
153.6603831687124	281.0
153.67038384447997	281.0
153.68038452024754	281.0
153.69038519601511	284.0
153.7003858717827	284.0
153.71038654755026	288.0
153.72038722331783	288.0
153.7303878990854	288.0
153.74038857485297	288.0
153.75038925062054	288.0
153.76038992638811	284.0
153.77039060215566	272.0
153.78039127792323	265.0
153.7903919536908	265.0
153.80039262945837	305.0
153.81039330522594	305.0
153.82039398099352	301.0
153.8303946567611	288.0
153.84039533252866	288.0
153.85039600829623	288.0
153.8603966840638	288.0
153.87039735983137	288.0
153.88039803559894	288.0
153.89039871136652	288.0
153.9003993871341	288.0
153.91040006290166	288.0
153.92040073866923	288.0
153.9304014144368	288.0
153.94040209020437	288.0
153.95040276597194	288.0
153.9604034417395	284.0
153.97040411750706	284.0
153.98040479327463	284.0
153.9904054690422	284.0
154.00040614480977	284.0
154.01040682057734	288.0
154.02040749634492	288.0
154.0304081721125	288.0
154.04040884788006	288.0
154.05040952364763	288.0
154.0604101994152	288.0
154.07041087518277	288.0
154.08041155095034	288.0
154.09041222671792	288.0
154.1004129024855	288.0
154.11041357825306	288.0
154.12041425402063	288.0
154.1304149297882	288.0
154.14041560555577	288.0
154.15041628132332	288.0
154.1604169570909	288.0
154.17041763285846	288.0
154.18041830862603	288.0
154.1904189843936	288.0
154.20041966016117	288.0
154.21042033592875	288.0
154.22042101169632	288.0
154.2304216874639	288.0
154.24042236323146	0.0
154.25042303899903	288.0
154.2604237147666	288.0
154.27042439053417	288.0
154.28042506630175	288.0
154.29042574206932	291.0
154.3004264178369	291.0
154.31042709360446	291.0
154.32042776937203	288.0
154.33042844513957	288.0
154.34042912090715	288.0
154.35042979667472	288.0
154.3604304724423	284.0
154.37043114820986	284.0
154.38043182397743	284.0
154.390432499745	284.0
154.40043317551257	281.0
154.41043385128015	281.0
154.42043452704772	284.0
154.4304352028153	284.0
154.44043587858286	284.0
154.45043655435043	288.0
154.460437230118	288.0
154.47043790588557	288.0
154.48043858165315	288.0
154.49043925742072	288.0
154.5004399331883	288.0
154.51044060895586	284.0
154.5204412847234	284.0
154.53044196049098	284.0
154.54044263625855	284.0
154.55044331202612	284.0
154.5604439877937	284.0
154.57044466356126	284.0
154.58044533932883	288.0
154.5904460150964	288.0
154.60044669086398	288.0
154.61044736663155	288.0
154.62044804239912	288.0
154.6304487181667	291.0
154.64044939393426	291.0
154.65045006970183	288.0
154.6604507454694	288.0
154.67045142123698	288.0
154.68045209700455	284.0
154.69045277277212	281.0
154.7004534485397	281.0
154.71045412430723	278.0
154.7204548000748	272.0
154.73045547584238	268.0
154.74045615160995	268.0
154.75045682737752	0.0
154.7604575031451	0.0
154.77045817891266	0.0
154.78045885468023	0.0
154.7904595304478	0.0
154.80046020621538	0.0
154.81046088198295	0.0
154.82046155775052	0.0
154.8304622335181	0.0
154.84046290928566	0.0
154.85046358505323	0.0
154.8604642608208	0.0
154.87046493658838	0.0
154.88046561235595	0.0
154.89046628812352	0.0
154.90046696389106	0.0
154.91046763965863	0.0
154.9204683154262	0.0
154.93046899119378	0.0
154.94046966696135	0.0
154.95047034272892	0.0
154.9604710184965	0.0
154.97047169426406	0.0
154.98047237003163	0.0
154.9904730457992	0.0
155.00047372156678	0.0
155.01047439733435	0.0
155.02047507310192	0.0
155.0304757488695	0.0
155.04047642463706	0.0
155.05047710040463	0.0
155.0604777761722	0.0
155.07047845193978	0.0
155.08047912770735	0.0
155.0904798034749	0.0
155.10048047924246	0.0
155.11048115501004	0.0
155.1204818307776	0.0
155.13048250654518	0.0
155.14048318231275	0.0
155.15048385808032	0.0
155.1604845338479	0.0
155.17048520961546	0.0
155.18048588538304	0.0
155.1904865611506	0.0
155.20048723691818	0.0
155.21048791268575	0.0
155.22048858845332	0.0
155.2304892642209	0.0
155.24048993998846	0.0
155.25049061575604	323.0
155.2604912915236	323.0
155.27049196729118	323.0
155.28049264305872	319.0
155.2904933188263	319.0
155.30049399459386	316.0
155.31049467036144	316.0
155.320495346129	312.0
155.33049602189658	312.0
155.34049669766415	312.0
155.35049737343172	312.0
155.3604980491993	316.0
155.37049872496686	316.0
155.38049940073444	316.0
155.390500076502	298.0
155.40050075226958	298.0
155.41050142803715	294.0
155.42050210380472	294.0
155.4305027795723	0.0
155.44050345533987	0.0
155.45050413110744	0.0
155.460504806875	0.0
155.47050548264255	0.0
155.48050615841012	0.0
155.4905068341777	0.0
155.50050750994527	0.0
155.51050818571284	0.0
155.5205088614804	0.0
155.53050953724798	0.0
155.54051021301555	0.0
155.55051088878312	0.0
155.5605115645507	0.0
155.57051224031827	0.0
155.58051291608584	0.0
155.5905135918534	0.0
155.60051426762098	0.0
155.61051494338855	0.0
155.62051561915612	0.0
155.6305162949237	0.0
155.64051697069127	0.0
155.6505176464588	0.0
155.66051832222638	0.0
155.67051899799395	0.0
155.68051967376152	0.0
155.6905203495291	0.0
155.70052102529667	0.0
155.71052170106424	0.0
155.7205223768318	0.0
155.73052305259938	0.0
155.74052372836695	0.0
155.75052440413452	0.0
155.7605250799021	0.0
155.77052575566967	0.0
155.78052643143724	0.0
155.7905271072048	0.0
155.80052778297238	0.0
155.81052845873995	0.0
155.82052913450752	0.0
155.8305298102751	0.0
155.84053048604264	0.0
155.8505311618102	0.0
155.86053183757778	0.0
155.87053251334535	0.0
155.88053318911292	0.0
155.8905338648805	0.0
155.90053454064807	0.0
155.91053521641564	0.0
155.9205358921832	288.0
155.93053656795078	288.0
155.94053724371835	288.0
155.95053791948592	284.0
155.9605385952535	284.0
155.97053927102107	278.0
155.98053994678864	268.0
155.9905406225562	262.0
156.00054129832378	253.0
156.01054197409135	250.0
156.02054264985892	248.0
156.03054332562647	0.0
156.04054400139404	0.0
156.0505446771616	0.0
156.06054535292918	0.0
156.07054602869675	0.0
156.08054670446433	294.0
156.0905473802319	291.0
156.10054805599947	288.0
156.11054873176704	288.0
156.1205494075346	288.0
156.13055008330218	288.0
156.14055075906975	288.0
156.15055143483733	288.0
156.1605521106049	288.0
156.17055278637247	0.0
156.18055346214004	0.0
156.1905541379076	0.0
156.20055481367518	0.0
156.21055548944275	0.0
156.2205561652103	0.0
156.23055684097787	0.0
156.24055751674544	288.0
156.250558192513	288.0
156.26055886828058	0.0
156.27055954404815	0.0
156.28056021981573	0.0
156.2905608955833	0.0
156.30056157135087	0.0
156.31056224711844	0.0
156.320562922886	0.0
156.33056359865358	0.0
156.34056427442115	0.0
156.35056495018873	0.0
156.3605656259563	275.0
156.37056630172387	281.0
156.38056697749144	284.0
156.390567653259	284.0
156.40056832902658	284.0
156.41056900479413	284.0
156.4205696805617	284.0
156.43057035632927	284.0
156.44057103209684	284.0
156.4505717078644	281.0
156.46057238363198	281.0
156.47057305939956	281.0
156.48057373516713	281.0
156.4905744109347	284.0
156.50057508670227	284.0
156.51057576246984	288.0
156.5205764382374	288.0
156.53057711400498	288.0
156.54057778977256	288.0
156.55057846554013	288.0
156.5605791413077	288.0
156.57057981707527	288.0
156.58058049284284	288.0
156.5905811686104	284.0
156.60058184437796	284.0
156.61058252014553	284.0
156.6205831959131	284.0
156.63058387168067	281.0
156.64058454744824	281.0
156.6505852232158	281.0
156.66058589898338	281.0
156.67058657475096	284.0
156.68058725051853	291.0
156.6905879262861	301.0
156.70058860205367	312.0
156.71058927782124	331.0
156.7205899535888	346.0
156.73059062935639	363.0
156.74059130512396	367.0
156.75059198089153	363.0
156.7605926566591	358.0
156.77059333242667	346.0
156.7805940081942	334.0
156.79059468396179	323.0
156.80059535972936	316.0
156.81059603549693	312.0
156.8205967112645	312.0
156.83059738703207	316.0
156.84059806279964	319.0
156.85059873856721	327.0
156.86059941433479	334.0
156.87060009010236	346.0
156.88060076586993	354.0
156.8906014416375	358.0
156.90060211740507	363.0
156.91060279317264	367.0
156.92060346894021	363.0
156.9306041447078	363.0
156.94060482047536	358.0
156.95060549624293	358.0
156.9606061720105	354.0
156.97060684777804	354.0
156.98060752354561	350.0
156.9906081993132	350.0
157.00060887508076	350.0
157.01060955084833	350.0
157.0206102266159	354.0
157.03061090238347	354.0
157.04061157815104	358.0
157.05061225391862	358.0
157.0606129296862	363.0
157.07061360545376	358.0
157.08061428122133	354.0
157.0906149569889	350.0
157.10061563275647	342.0
157.11061630852404	331.0
157.12061698429162	323.0
157.1306176600592	319.0
157.14061833582676	316.0
157.15061901159433	312.0
157.16061968736187	312.0
157.17062036312944	316.0
157.18062103889702	319.0
157.1906217146646	327.0
157.20062239043216	334.0
157.21062306619973	342.0
157.2206237419673	346.0
157.23062441773487	346.0
157.24062509350244	342.0
157.25062576927002	334.0
157.2606264450376	323.0
157.27062712080516	312.0
157.28062779657273	301.0
157.2906284723403	298.0
157.30062914810787	291.0
157.31062982387544	288.0
157.32063049964302	281.0
157.3306311754106	281.0
157.34063185117816	278.0
157.3506325269457	284.0
157.36063320271327	288.0
157.37063387848085	291.0
157.38063455424842	291.0
157.390635230016	291.0
157.40063590578356	291.0
157.41063658155113	288.0
157.4206372573187	288.0
157.43063793308627	288.0
157.44063860885385	284.0
157.45063928462142	0.0
157.460639960389	0.0
157.47064063615656	0.0
157.48064131192413	0.0
157.4906419876917	0.0
157.50064266345927	0.0
157.51064333922685	0.0
157.52064401499442	0.0
157.530644690762	0.0
157.54064536652953	0.0
157.5506460422971	0.0
157.56064671806467	0.0
157.57064739383225	0.0
157.58064806959982	0.0
157.5906487453674	0.0
157.60064942113496	0.0
157.61065009690253	0.0
157.6206507726701	0.0
157.63065144843767	0.0
157.64065212420525	0.0
157.65065279997282	0.0
157.6606534757404	0.0
157.67065415150796	0.0
157.68065482727553	0.0
157.6906555030431	0.0
157.70065617881068	0.0
157.71065685457825	0.0
157.72065753034582	0.0
157.73065820611336	0.0
157.74065888188093	0.0
157.7506595576485	0.0
157.76066023341608	0.0
157.77066090918365	0.0
157.78066158495122	0.0
157.7906622607188	0.0
157.80066293648636	0.0
157.81066361225393	0.0
157.8206642880215	0.0
157.83066496378908	0.0
157.84066563955665	0.0
157.85066631532422	0.0
157.8606669910918	0.0
157.87066766685936	0.0
157.88066834262693	0.0
157.8906690183945	0.0
157.90066969416208	0.0
157.91067036992965	0.0
157.9206710456972	0.0
157.93067172146476	0.0
157.94067239723233	0.0
157.9506730729999	0.0
157.96067374876748	0.0
157.97067442453505	0.0
157.98067510030262	0.0
157.9906757760702	0.0
158.00067645183776	0.0
158.01067712760533	0.0
158.0206778033729	0.0
158.03067847914048	0.0
158.04067915490805	0.0
158.05067983067562	0.0
158.0606805064432	0.0
158.07068118221076	0.0
158.08068185797833	0.0
158.0906825337459	0.0
158.10068320951345	0.0
158.11068388528102	0.0
158.1206845610486	0.0
158.13068523681616	0.0
158.14068591258373	0.0
158.1506865883513	0.0
158.16068726411888	0.0
158.17068793988645	0.0
158.18068861565402	0.0
158.1906892914216	0.0
158.20068996718916	0.0
158.21069064295673	0.0
158.2206913187243	0.0
158.23069199449188	0.0
158.24069267025945	0.0
158.25069334602702	0.0
158.2606940217946	0.0
158.27069469756216	0.0
158.28069537332973	0.0
158.29069604909728	0.0
158.30069672486485	0.0
158.31069740063242	0.0
158.3206980764	0.0
158.33069875216756	0.0
158.34069942793514	0.0
158.3507001037027	0.0
158.36070077947028	0.0
158.37070145523785	0.0
158.38070213100542	0.0
158.390702806773	0.0
158.40070348254056	0.0
158.41070415830814	0.0
158.4207048340757	0.0
158.43070550984328	0.0
158.44070618561085	0.0
158.45070686137842	0.0
158.460707537146	0.0
158.47070821291356	0.0
158.4807088886811	0.0
158.49070956444868	0.0
158.50071024021625	0.0
158.51071091598382	0.0
158.5207115917514	0.0
158.53071226751896	284.0
158.54071294328654	284.0
158.5507136190541	284.0
158.56071429482168	284.0
158.57071497058925	284.0
158.58071564635682	0.0
158.5907163221244	0.0
158.60071699789196	0.0
158.61071767365954	288.0
158.6207183494271	288.0
158.63071902519468	288.0
158.64071970096225	288.0
158.65072037672982	288.0
158.6607210524974	288.0
158.67072172826494	288.0
158.6807224040325	288.0
158.69072307980008	0.0
158.70072375556765	0.0
158.71072443133522	291.0
158.7207251071028	291.0
158.73072578287037	291.0
158.74072645863794	291.0
158.7507271344055	291.0
158.76072781017308	294.0
158.77072848594065	301.0
158.78072916170822	305.0
158.7907298374758	312.0
158.80073051324337	319.0
158.81073118901094	334.0
158.8207318647785	346.0
158.83073254054608	350.0
158.84073321631365	350.0
158.85073389208122	342.0
158.86073456784877	331.0
158.87073524361634	319.0
158.8807359193839	308.0
158.89073659515148	294.0
158.90073727091905	284.0
158.91073794668662	278.0
158.9207386224542	275.0
158.93073929822177	275.0
158.94073997398934	281.0
158.9507406497569	284.0
158.96074132552448	288.0
158.97074200129205	291.0
158.98074267705962	298.0
158.9907433528272	298.0
159.00074402859477	294.0
159.01074470436234	291.0
159.0207453801299	284.0
159.03074605589748	275.0
159.04074673166505	265.0
159.0507474074326	253.0
159.06074808320017	239.0
159.07074875896774	234.0
159.0807494347353	226.0
159.09075011050288	223.0
159.10075078627045	223.0
159.11075146203802	226.0
159.1207521378056	234.0
159.13075281357317	239.0
159.14075348934074	248.0
159.1507541651083	253.0
159.16075484087588	256.0
159.17075551664345	256.0
159.18075619241102	256.0
159.1907568681786	256.0
159.20075754394617	253.0
159.21075821971374	248.0
159.2207588954813	245.0
159.23075957124888	239.0
159.24076024701642	236.0
159.250760922784	236.0
159.26076159855157	236.0
159.27076227431914	236.0
159.2807629500867	236.0
159.29076362585428	236.0
159.30076430162185	236.0
159.31076497738943	236.0
159.320765653157	236.0
159.33076632892457	239.0
159.34076700469214	239.0
159.3507676804597	239.0
159.36076835622728	239.0
159.37076903199485	236.0
159.38076970776243	236.0
159.39077038353	236.0
159.40077105929757	234.0
159.41077173506514	234.0
159.42077241083268	236.0
159.43077308660025	242.0
159.44077376236783	248.0
159.4507744381354	253.0
159.46077511390297	253.0
159.47077578967054	256.0
159.4807764654381	256.0
159.49077714120568	256.0
159.50077781697325	256.0
159.51077849274083	256.0
159.5207791685084	253.0
159.53077984427597	253.0
159.54078052004354	250.0
159.5507811958111	245.0
159.56078187157868	242.0
159.57078254734625	239.0
159.58078322311383	239.0
159.5907838988814	239.0
159.60078457464897	239.0
159.6107852504165	239.0
159.62078592618408	239.0
159.63078660195166	239.0
159.64078727771923	239.0
159.6507879534868	239.0
159.66078862925437	239.0
159.67078930502194	239.0
159.6807899807895	239.0
159.69079065655708	239.0
159.70079133232466	239.0
159.71079200809223	236.0
159.7207926838598	236.0
159.73079335962737	236.0
159.74079403539494	239.0
159.7507947111625	242.0
159.76079538693008	245.0
159.77079606269766	248.0
159.78079673846523	250.0
159.7907974142328	253.0
159.80079809000034	253.0
159.8107987657679	256.0
159.82079944153548	256.0
159.83080011730306	256.0
159.84080079307063	253.0
159.8508014688382	250.0
159.86080214460577	248.0
159.87080282037334	245.0
159.8808034961409	239.0
159.89080417190848	236.0
159.90080484767606	234.0
159.91080552344363	234.0
159.9208061992112	231.0
159.93080687497877	228.0
159.94080755074634	226.0
159.9508082265139	223.0
159.96080890228149	220.0
159.97080957804906	215.0
159.98081025381663	213.0
159.99081092958417	213.0
160.00081160535174	210.0
160.0108122811193	215.0
160.02081295688689	215.0
160.03081363265446	215.0
160.04081430842203	213.0
160.0508149841896	213.0
160.06081565995717	213.0
160.07081633572474	213.0
160.08081701149231	213.0
160.0908176872599	215.0
160.10081836302746	215.0
160.11081903879503	215.0
160.1208197145626	213.0
160.13082039033017	213.0
160.14082106609774	210.0
160.15082174186531	210.0
160.1608224176329	210.0
160.17082309340046	210.0
160.180823769168	210.0
160.19082444493557	213.0
160.20082512070314	213.0
160.21082579647071	281.0
160.2208264722383	278.0
160.23082714800586	275.0
160.24082782377343	265.0
160.250828499541	259.0
160.26082917530857	256.0
160.27082985107614	253.0
160.28083052684372	253.0
160.2908312026113	256.0
160.30083187837886	256.0
160.31083255414643	256.0
160.320833229914	256.0
160.33083390568157	256.0
160.34083458144914	253.0
160.35083525721672	253.0
160.3608359329843	253.0
160.37083660875183	256.0
160.3808372845194	262.0
160.39083796028697	265.0
160.40083863605454	272.0
160.41083931182212	278.0
160.4208399875897	281.0
160.43084066335726	0.0
160.44084133912483	0.0
160.4508420148924	0.0
160.46084269065997	0.0
160.47084336642754	0.0
160.48084404219512	0.0
160.4908447179627	0.0
160.50084539373026	0.0
160.51084606949783	0.0
160.5208467452654	0.0
160.53084742103297	0.0
160.54084809680054	0.0
160.55084877256812	0.0
160.56084944833566	0.0
160.57085012410323	0.0
160.5808507998708	0.0
160.59085147563837	0.0
160.60085215140595	0.0
160.61085282717352	0.0
160.6208535029411	0.0
160.63085417870866	0.0
160.64085485447623	0.0
160.6508555302438	0.0
160.66085620601137	0.0
160.67085688177895	0.0
160.68085755754652	0.0
160.6908582333141	0.0
160.70085890908166	0.0
160.71085958484923	0.0
160.7208602606168	0.0
160.73086093638437	0.0
160.74086161215192	0.0
160.7508622879195	0.0
160.76086296368706	0.0
160.77086363945463	0.0
160.7808643152222	0.0
160.79086499098977	0.0
160.80086566675735	0.0
160.81086634252492	0.0
160.8208670182925	0.0
160.83086769406006	0.0
160.84086836982763	0.0
160.8508690455952	0.0
160.86086972136277	0.0
160.87087039713035	0.0
160.88087107289792	0.0
160.8908717486655	0.0
160.90087242443306	0.0
160.91087310020063	0.0
160.9208737759682	0.0
160.93087445173575	0.0
160.94087512750332	0.0
160.9508758032709	0.0
160.96087647903846	0.0
160.97087715480603	0.0
160.9808778305736	0.0
160.99087850634118	0.0
161.00087918210875	0.0
161.01087985787632	0.0
161.0208805336439	0.0
161.03088120941146	0.0
161.04088188517903	0.0
161.0508825609466	0.0
161.06088323671418	0.0
161.07088391248175	0.0
161.08088458824932	0.0
161.0908852640169	0.0
161.10088593978446	0.0
161.11088661555203	0.0
161.12088729131958	0.0
161.13088796708715	0.0
161.14088864285472	0.0
161.1508893186223	0.0
161.16088999438986	0.0
161.17089067015743	0.0
161.180891345925	0.0
161.19089202169258	0.0
161.20089269746015	0.0
161.21089337322772	0.0
161.2208940489953	0.0
161.23089472476286	0.0
161.24089540053043	0.0
161.250896076298	0.0
161.26089675206558	0.0
161.27089742783315	0.0
161.28089810360072	0.0
161.2908987793683	0.0
161.30089945513586	0.0
161.3109001309034	0.0
161.32090080667098	0.0
161.33090148243855	0.0
161.34090215820612	0.0
161.3509028339737	0.0
161.36090350974126	0.0
161.37090418550883	0.0
161.3809048612764	0.0
161.39090553704398	0.0
161.40090621281155	0.0
161.41090688857912	0.0
161.4209075643467	0.0
161.43090824011426	0.0
161.44090891588183	0.0
161.4509095916494	0.0
161.46091026741698	0.0
161.47091094318455	0.0
161.48091161895212	0.0
161.4909122947197	0.0
161.50091297048724	0.0
161.5109136462548	0.0
161.52091432202238	0.0
161.53091499778995	0.0
161.54091567355752	0.0
161.5509163493251	0.0
161.56091702509266	0.0
161.57091770086024	0.0
161.5809183766278	0.0
161.59091905239538	0.0
161.60091972816295	0.0
161.61092040393052	0.0
161.6209210796981	0.0
161.63092175546566	0.0
161.64092243123324	0.0
161.6509231070008	0.0
161.66092378276838	0.0
161.67092445853595	0.0
161.68092513430352	0.0
161.69092581007106	0.0
161.70092648583864	0.0
161.7109271616062	0.0
161.72092783737378	0.0
161.73092851314135	0.0
161.74092918890892	0.0
161.7509298646765	0.0
161.76093054044406	0.0
161.77093121621164	0.0
161.7809318919792	0.0
161.79093256774678	0.0
161.80093324351435	0.0
161.81093391928192	0.0
161.8209345950495	0.0
161.83093527081706	0.0
161.84093594658464	0.0
161.8509366223522	0.0
161.86093729811978	0.0
161.87093797388735	0.0
161.8809386496549	0.0
161.89093932542247	0.0
161.90094000119004	0.0
161.9109406769576	0.0
161.92094135272518	0.0
161.93094202849275	0.0
161.94094270426032	0.0
161.9509433800279	0.0
161.96094405579547	0.0
161.97094473156304	0.0
161.9809454073306	0.0
161.99094608309818	0.0
162.00094675886575	0.0
162.01094743463332	0.0
162.0209481104009	0.0
162.03094878616847	0.0
162.04094946193604	0.0
162.0509501377036	0.0
162.06095081347115	0.0
162.07095148923872	0.0
162.0809521650063	0.0
162.09095284077387	0.0
162.10095351654144	0.0
162.110954192309	0.0
162.12095486807658	0.0
162.13095554384415	0.0
162.14095621961172	0.0
162.1509568953793	0.0
162.16095757114687	0.0
162.17095824691444	0.0
162.180958922682	0.0
162.19095959844958	0.0
162.20096027421715	0.0
162.21096094998472	0.0
162.2209616257523	0.0
162.23096230151987	0.0
162.24096297728744	0.0
162.25096365305498	0.0
162.26096432882255	0.0
162.27096500459012	0.0
162.2809656803577	0.0
162.29096635612527	0.0
162.30096703189284	0.0
162.3109677076604	0.0
162.32096838342798	0.0
162.33096905919555	0.0
162.34096973496312	0.0
162.3509704107307	0.0
162.36097108649827	0.0
162.37097176226584	0.0
162.3809724380334	0.0
162.39097311380098	0.0
162.40097378956855	0.0
162.41097446533612	0.0
162.4209751411037	0.0
162.43097581687127	0.0
162.4409764926388	0.0
162.45097716840638	0.0
162.46097784417395	0.0
162.47097851994153	0.0
162.4809791957091	0.0
162.49097987147667	0.0
162.50098054724424	0.0
162.5109812230118	0.0
162.52098189877938	0.0
162.53098257454695	0.0
162.54098325031453	0.0
162.5509839260821	0.0
162.56098460184967	0.0
162.57098527761724	0.0
162.5809859533848	0.0
162.59098662915238	0.0
162.60098730491995	0.0
162.61098798068753	0.0
162.6209886564551	0.0
162.63098933222264	0.0
162.6409900079902	275.0
162.65099068375778	275.0
162.66099135952535	278.0
162.67099203529293	278.0
162.6809927110605	278.0
162.69099338682807	278.0
162.70099406259564	275.0
162.7109947383632	272.0
162.72099541413078	268.0
162.73099608989835	265.0
162.74099676566593	259.0
162.7509974414335	253.0
162.76099811720107	248.0
162.77099879296864	242.0
162.7809994687362	236.0
162.79100014450378	234.0
162.80100082027135	231.0
162.81100149603893	231.0
162.82100217180647	231.0
162.83100284757404	231.0
162.8410035233416	231.0
162.85100419910918	231.0
162.86100487487676	234.0
162.87100555064433	234.0
162.8810062264119	236.0
162.89100690217947	242.0
162.90100757794704	245.0
162.9110082537146	248.0
162.92100892948218	250.0
162.93100960524976	253.0
162.94101028101733	256.0
162.9510109567849	256.0
162.96101163255247	253.0
162.97101230832004	253.0
162.9810129840876	248.0
162.99101365985518	245.0
163.00101433562276	239.0
163.0110150113903	234.0
163.02101568715787	228.0
163.03101636292544	228.0
163.041017038693	223.0
163.05101771446058	220.0
163.06101839022816	218.0
163.07101906599573	213.0
163.0810197417633	210.0
163.09102041753087	210.0
163.10102109329844	208.0
163.111021769066	210.0
163.12102244483359	210.0
163.13102312060116	210.0
163.14102379636873	208.0
163.1510244721363	206.0
163.16102514790387	206.0
163.17102582367144	203.0
163.181026499439	201.0
163.19102717520659	203.0
163.20102785097413	206.0
163.2110285267417	208.0
163.22102920250927	210.0
163.23102987827684	213.0
163.2410305540444	215.0
163.25103122981199	218.0
163.26103190557956	220.0
163.27103258134713	223.0
163.2810332571147	220.0
163.29103393288227	218.0
163.30103460864984	215.0
163.31103528441741	213.0
163.321035960185	213.0
163.33103663595256	213.0
163.34103731172013	215.0
163.3510379874877	215.0
163.36103866325527	215.0
163.37103933902284	215.0
163.3810400147904	213.0
163.39104069055796	210.0
163.40104136632553	210.0
163.4110420420931	208.0
163.42104271786067	208.0
163.43104339362824	210.0
163.44104406939582	213.0
163.4510447451634	218.0
163.46104542093096	223.0
163.47104609669853	231.0
163.4810467724661	239.0
163.49104744823367	245.0
163.50104812400124	259.0
163.51104879976882	272.0
163.5210494755364	281.0
163.53105015130396	291.0
163.54105082707153	294.0
163.5510515028391	294.0
163.56105217860667	294.0
163.57105285437422	291.0
163.5810535301418	284.0
163.59105420590936	278.0
163.60105488167693	275.0
163.6110555574445	268.0
163.62105623321207	262.0
163.63105690897964	259.0
163.64105758474722	253.0
163.6510582605148	250.0
163.66105893628236	245.0
163.67105961204993	242.0
163.6810602878175	236.0
163.69106096358507	236.0
163.70106163935264	234.0
163.71106231512022	234.0
163.7210629908878	234.0
163.73106366665536	234.0
163.74106434242293	236.0
163.7510650181905	239.0
163.76106569395805	242.0
163.77106636972562	245.0
163.7810670454932	250.0
163.79106772126076	256.0
163.80106839702833	265.0
163.8110690727959	275.0
163.82106974856347	281.0
163.83107042433105	288.0
163.84107110009862	288.0
163.8510717758662	291.0
163.86107245163376	291.0
163.87107312740133	288.0
163.8810738031689	284.0
163.89107447893647	281.0
163.90107515470405	278.0
163.91107583047162	275.0
163.9210765062392	272.0
163.93107718200676	265.0
163.94107785777433	259.0
163.95107853354187	253.0
163.96107920930945	248.0
163.97107988507702	245.0
163.9810805608446	242.0
163.99108123661216	239.0
164.00108191237973	239.0
164.0110825881473	239.0
164.02108326391487	242.0
164.03108393968245	245.0
164.04108461545002	248.0
164.0510852912176	250.0
164.06108596698516	253.0
164.07108664275273	256.0
164.0810873185203	259.0
164.09108799428788	262.0
164.10108867005545	262.0
164.11108934582302	268.0
164.1210900215906	272.0
164.13109069735816	281.0
164.1410913731257	288.0
164.15109204889328	288.0
164.16109272466085	288.0
164.17109340042842	288.0
164.181094076196	284.0
164.19109475196356	284.0
164.20109542773113	284.0
164.2110961034987	284.0
164.22109677926628	284.0
164.23109745503385	284.0
164.24109813080142	284.0
164.251098806569	284.0
164.26109948233656	284.0
164.27110015810413	284.0
164.2811008338717	284.0
164.29110150963928	284.0
164.30110218540685	284.0
164.31110286117442	284.0
164.321103536942	284.0
164.33110421270953	284.0
164.3411048884771	284.0
164.35110556424468	284.0
164.36110624001225	284.0
164.37110691577982	284.0
164.3811075915474	284.0
164.39110826731496	284.0
164.40110894308253	284.0
164.4111096188501	284.0
164.42111029461768	284.0
164.43111097038525	0.0
164.44111164615282	0.0
164.4511123219204	0.0
164.46111299768796	0.0
164.47111367345553	0.0
164.4811143492231	288.0
164.49111502499068	288.0
164.50111570075825	288.0
164.5111163765258	288.0
164.52111705229336	284.0
164.53111772806093	284.0
164.5411184038285	284.0
164.55111907959608	281.0
164.56111975536365	281.0
164.57112043113122	281.0
164.5811211068988	284.0
164.59112178266636	284.0
164.60112245843393	284.0
164.6111231342015	284.0
164.62112380996908	284.0
164.63112448573665	288.0
164.64112516150422	288.0
164.6511258372718	284.0
164.66112651303936	284.0
164.67112718880693	284.0
164.6811278645745	284.0
164.69112854034208	284.0
164.70112921610962	284.0
164.7111298918772	288.0
164.72113056764476	288.0
164.73113124341234	288.0
164.7411319191799	288.0
164.75113259494748	288.0
164.76113327071505	288.0
164.77113394648262	288.0
164.7811346222502	288.0
164.79113529801776	288.0
164.80113597378534	288.0
164.8111366495529	288.0
164.82113732532048	288.0
164.83113800108805	288.0
164.84113867685562	288.0
164.8511393526232	288.0
164.86114002839076	288.0
164.87114070415834	288.0
164.8811413799259	288.0
164.89114205569345	288.0
164.90114273146102	288.0
164.9111434072286	288.0
164.92114408299616	284.0
164.93114475876374	284.0
164.9411454345313	284.0
164.95114611029888	284.0
164.96114678606645	281.0
164.97114746183402	275.0
164.9811481376016	272.0
164.99114881336916	268.0
165.00114948913674	265.0
165.0111501649043	262.0
165.02115084067188	284.0
165.03115151643945	284.0
165.04115219220702	284.0
165.0511528679746	284.0
165.06115354374217	284.0
165.07115421950974	284.0
165.08115489527728	284.0
165.09115557104485	288.0
165.10115624681242	0.0
165.11115692258	288.0
165.12115759834757	291.0
165.13115827411514	0.0
165.1411589498827	0.0
165.15115962565028	0.0
165.16116030141785	0.0
165.17116097718542	0.0
165.181161652953	0.0
165.19116232872057	0.0
165.20116300448814	0.0
165.2111636802557	0.0
165.22116435602328	0.0
165.23116503179085	0.0
165.24116570755842	0.0
165.251166383326	0.0
165.26116705909357	0.0
165.2711677348611	0.0
165.28116841062868	262.0
165.29116908639625	259.0
165.30116976216382	0.0
165.3111704379314	0.0
165.32117111369897	0.0
165.33117178946654	0.0
165.3411724652341	0.0
165.35117314100168	0.0
165.36117381676925	0.0
165.37117449253682	0.0
165.3811751683044	0.0
165.39117584407197	0.0
165.40117651983954	0.0
165.4111771956071	0.0
165.42117787137468	0.0
165.43117854714225	0.0
165.44117922290982	0.0
165.4511798986774	0.0
165.46118057444494	0.0
165.4711812502125	0.0
165.48118192598008	0.0
165.49118260174765	0.0
165.50118327751522	0.0
165.5111839532828	0.0
165.52118462905037	0.0
165.53118530481794	0.0
165.5411859805855	0.0
165.55118665635308	0.0
165.56118733212065	0.0
165.57118800788822	0.0
165.5811886836558	0.0
165.59118935942337	0.0
165.60119003519094	0.0
165.6111907109585	0.0
165.62119138672608	0.0
165.63119206249365	0.0
165.64119273826122	0.0
165.65119341402877	0.0
165.66119408979634	0.0
165.6711947655639	0.0
165.68119544133148	0.0
165.69119611709905	291.0
165.70119679286663	288.0
165.7111974686342	288.0
165.72119814440177	0.0
165.73119882016934	0.0
165.7411994959369	0.0
165.75120017170448	0.0
165.76120084747205	0.0
165.77120152323963	0.0
165.7812021990072	0.0
165.79120287477477	0.0
165.80120355054234	0.0
165.8112042263099	0.0
165.82120490207748	0.0
165.83120557784503	0.0
165.8412062536126	0.0
165.85120692938017	0.0
165.86120760514774	0.0
165.8712082809153	0.0
165.88120895668288	0.0
165.89120963245045	0.0
165.90121030821803	0.0
165.9112109839856	0.0
165.92121165975317	0.0
165.93121233552074	0.0
165.9412130112883	0.0
165.95121368705588	0.0
165.96121436282345	0.0
165.97121503859103	291.0
165.9812157143586	291.0
165.99121639012617	288.0
166.00121706589374	288.0
166.0112177416613	288.0
166.02121841742886	288.0
166.03121909319643	0.0
166.041219768964	291.0
166.05122044473157	291.0
166.06122112049914	291.0
166.0712217962667	291.0
166.08122247203428	291.0
166.09122314780186	291.0
166.10122382356943	291.0
166.111224499337	0.0
166.12122517510457	0.0
166.13122585087214	0.0
166.1412265266397	0.0
166.15122720240728	0.0
166.16122787817486	0.0
166.17122855394243	0.0
166.18122922971	0.0
166.19122990547757	0.0
166.20123058124514	0.0
166.21123125701268	0.0
166.22123193278026	0.0
166.23123260854783	0.0
166.2412332843154	0.0
166.25123396008297	0.0
166.26123463585054	0.0
166.2712353116181	0.0
166.28123598738568	0.0
166.29123666315326	0.0
166.30123733892083	0.0
166.3112380146884	0.0
166.32123869045597	0.0
166.33123936622354	0.0
166.3412400419911	0.0
166.35124071775869	0.0
166.36124139352626	0.0
166.37124206929383	0.0
166.3812427450614	0.0
166.39124342082897	0.0
166.4012440965965	0.0
166.41124477236409	288.0
166.42124544813166	0.0
166.43124612389923	288.0
166.4412467996668	0.0
166.45124747543437	0.0
166.46124815120194	0.0
166.47124882696951	0.0
166.48124950273709	0.0
166.49125017850466	0.0
166.50125085427223	0.0
166.5112515300398	0.0
166.52125220580737	0.0
166.53125288157494	0.0
166.54125355734251	0.0
166.5512542331101	0.0
166.56125490887766	0.0
166.57125558464523	0.0
166.5812562604128	0.0
166.59125693618034	0.0
166.60125761194791	0.0
166.6112582877155	0.0
166.62125896348306	0.0
166.63125963925063	0.0
166.6412603150182	0.0
166.65126099078577	0.0
166.66126166655334	0.0
166.67126234232092	0.0
166.6812630180885	0.0
166.69126369385606	0.0
166.70126436962363	0.0
166.7112650453912	0.0
166.72126572115877	0.0
166.73126639692634	0.0
166.74126707269392	0.0
166.7512677484615	0.0
166.76126842422906	0.0
166.77126909999663	0.0
166.78126977576417	0.0
166.79127045153174	0.0
166.80127112729932	0.0
166.8112718030669	0.0
166.82127247883446	0.0
166.83127315460203	0.0
166.8412738303696	0.0
166.85127450613717	0.0
166.86127518190474	0.0
166.87127585767232	0.0
166.8812765334399	0.0
166.89127720920746	0.0
166.90127788497503	0.0
166.9112785607426	0.0
166.92127923651017	0.0
166.93127991227774	0.0
166.94128058804532	0.0
166.9512812638129	0.0
166.96128193958046	0.0
166.971282615348	0.0
166.98128329111557	0.0
166.99128396688315	0.0
167.00128464265072	0.0
167.0112853184183	0.0
167.02128599418586	0.0
167.03128666995343	0.0
167.041287345721	0.0
167.05128802148857	0.0
167.06128869725615	0.0
167.07128937302372	0.0
167.0812900487913	0.0
167.09129072455886	0.0
167.10129140032643	0.0
167.111292076094	0.0
167.12129275186157	0.0
167.13129342762915	0.0
167.14129410339672	0.0
167.15129477916426	0.0
167.16129545493183	0.0
167.1712961306994	0.0
167.18129680646697	0.0
167.19129748223455	0.0
167.20129815800212	0.0
167.2112988337697	0.0
167.22129950953726	0.0
167.23130018530483	0.0
167.2413008610724	0.0
167.25130153683997	0.0
167.26130221260755	0.0
167.27130288837512	0.0
167.2813035641427	0.0
167.29130423991026	0.0
167.30130491567783	0.0
167.3113055914454	0.0
167.32130626721298	0.0
167.33130694298055	0.0
167.3413076187481	0.0
167.35130829451566	0.0
167.36130897028323	0.0
167.3713096460508	0.0
167.38131032181838	0.0
167.39131099758595	0.0
167.40131167335352	0.0
167.4113123491211	0.0
167.42131302488866	0.0
167.43131370065623	0.0
167.4413143764238	0.0
167.45131505219138	0.0
167.46131572795895	0.0
167.47131640372652	0.0
167.4813170794941	0.0
167.49131775526166	0.0
167.50131843102923	0.0
167.5113191067968	0.0
167.52131978256438	0.0
167.53132045833192	0.0
167.5413211340995	0.0
167.55132180986706	0.0
167.56132248563463	0.0
167.5713231614022	0.0
167.58132383716978	0.0
167.59132451293735	0.0
167.60132518870492	0.0
167.6113258644725	0.0
167.62132654024006	0.0
167.63132721600763	0.0
167.6413278917752	0.0
167.65132856754278	0.0
167.66132924331035	0.0
167.67132991907792	0.0
167.6813305948455	0.0
167.69133127061306	0.0
167.70133194638063	272.0
167.7113326221482	272.0
167.72133329791575	268.0
167.73133397368332	262.0
167.7413346494509	259.0
167.75133532521846	253.0
167.76133600098603	248.0
167.7713366767536	242.0
167.78133735252118	239.0
167.79133802828875	236.0
167.80133870405632	234.0
167.8113393798239	234.0
167.82134005559146	234.0
167.83134073135903	234.0
167.8413414071266	234.0
167.85134208289418	234.0
167.86134275866175	234.0
167.87134343442932	234.0
167.8813441101969	236.0
167.89134478596446	236.0
167.90134546173203	239.0
167.91134613749958	239.0
167.92134681326715	239.0
167.93134748903472	239.0
167.9413481648023	242.0
167.95134884056986	242.0
167.96134951633744	245.0
167.971350192105	248.0
167.98135086787258	248.0
167.99135154364015	248.0
168.00135221940772	245.0
168.0113528951753	245.0
168.02135357094286	242.0
168.03135424671044	242.0
168.041354922478	242.0
168.05135559824558	245.0
168.06135627401315	245.0
168.07135694978072	245.0
168.0813576255483	245.0
168.09135830131586	245.0
168.1013589770834	245.0
168.11135965285098	245.0
168.12136032861855	245.0
168.13136100438612	245.0
168.1413616801537	245.0
168.15136235592126	245.0
168.16136303168884	245.0
168.1713637074564	245.0
168.18136438322398	245.0
168.19136505899155	245.0
168.20136573475912	245.0
168.2113664105267	245.0
168.22136708629426	248.0
168.23136776206184	253.0
168.2413684378294	262.0
168.25136911359698	272.0
168.26136978936455	288.0
168.27137046513212	0.0
168.2813711408997	0.0
168.29137181666724	0.0
168.3013724924348	0.0
168.31137316820238	0.0
168.32137384396995	250.0
168.33137451973752	250.0
168.3413751955051	248.0
168.35137587127267	0.0
168.36137654704024	0.0
168.3713772228078	0.0
168.38137789857538	0.0
168.39137857434295	0.0
168.40137925011052	294.0
168.4113799258781	294.0
168.42138060164567	294.0
168.43138127741324	291.0
168.4413819531808	291.0
168.45138262894838	291.0
168.46138330471595	291.0
168.4713839804835	288.0
168.48138465625107	288.0
168.49138533201864	288.0
168.5013860077862	284.0
168.51138668355378	284.0
168.52138735932135	284.0
168.53138803508892	284.0
168.5413887108565	284.0
168.55138938662407	288.0
168.56139006239164	288.0
168.5713907381592	288.0
168.58139141392678	288.0
168.59139208969435	288.0
168.60139276546192	288.0
168.6113934412295	288.0
168.62139411699707	288.0
168.63139479276464	288.0
168.6413954685322	288.0
168.65139614429978	288.0
168.66139682006732	288.0
168.6713974958349	291.0
168.68139817160247	291.0
168.69139884737004	291.0
168.7013995231376	291.0
168.71140019890518	291.0
168.72140087467275	291.0
168.73140155044032	291.0
168.7414022262079	291.0
168.75140290197547	291.0
168.76140357774304	291.0
168.7714042535106	288.0
168.78140492927818	281.0
168.79140560504575	275.0
168.80140628081332	265.0
168.8114069565809	262.0
168.82140763234847	259.0
168.83140830811604	265.0
168.8414089838836	272.0
168.85140965965115	275.0
168.86141033541873	281.0
168.8714110111863	284.0
168.88141168695387	284.0
168.89141236272144	281.0
168.901413038489	281.0
168.91141371425658	281.0
168.92141439002415	281.0
168.93141506579173	281.0
168.9414157415593	284.0
168.95141641732687	288.0
168.96141709309444	291.0
168.971417768862	291.0
168.98141844462958	288.0
168.99141912039715	288.0
169.00141979616473	288.0
169.0114204719323	288.0
169.02142114769987	288.0
169.03142182346744	288.0
169.04142249923498	288.0
169.05142317500255	288.0
169.06142385077013	288.0
169.0714245265377	288.0
169.08142520230527	284.0
169.09142587807284	284.0
169.1014265538404	288.0
169.11142722960798	291.0
169.12142790537555	298.0
169.13142858114313	305.0
169.1414292569107	316.0
169.15142993267827	331.0
169.16143060844584	346.0
169.1714312842134	358.0
169.18143195998098	375.0
169.19143263574855	380.0
169.20143331151613	371.0
169.2114339872837	358.0
169.22143466305127	346.0
169.2314353388188	338.0
169.24143601458638	331.0
169.25143669035396	319.0
169.26143736612153	316.0
169.2714380418891	312.0
169.28143871765667	312.0
169.29143939342424	316.0
169.3014400691918	319.0
169.31144074495938	323.0
169.32144142072696	331.0
169.33144209649453	334.0
169.3414427722621	338.0
169.35144344802967	334.0
169.36144412379724	327.0
169.3714447995648	323.0
169.38144547533238	316.0
169.39144615109996	308.0
169.40144682686753	298.0
169.4114475026351	288.0
169.42144817840264	281.0
169.4314488541702	278.0
169.44144952993778	278.0
169.45145020570536	278.0
169.46145088147293	281.0
169.4714515572405	284.0
169.48145223300807	291.0
169.49145290877564	294.0
169.5014535845432	298.0
169.51145426031079	294.0
169.52145493607836	291.0
169.53145561184593	288.0
169.5414562876135	281.0
169.55145696338107	275.0
169.56145763914864	265.0
169.5714583149162	256.0
169.58145899068379	250.0
169.59145966645136	242.0
169.60146034221893	236.0
169.61146101798647	236.0
169.62146169375404	239.0
169.6314623695216	242.0
169.64146304528919	245.0
169.65146372105676	250.0
169.66146439682433	250.0
169.6714650725919	253.0
169.68146574835947	253.0
169.69146642412704	253.0
169.70146709989461	253.0
169.7114677756622	253.0
169.72146845142976	253.0
169.73146912719733	253.0
169.7414698029649	253.0
169.75147047873247	256.0
169.76147115450004	259.0
169.77147183026761	265.0
169.7814725060352	275.0
169.79147318180273	288.0
169.8014738575703	301.0
169.81147453333787	308.0
169.82147520910544	305.0
169.83147588487302	288.0
169.8414765606406	275.0
169.85147723640816	268.0
169.86147791217573	259.0
169.8714785879433	250.0
169.88147926371087	242.0
169.89147993947844	239.0
169.90148061524602	236.0
169.9114812910136	236.0
169.92148196678116	239.0
169.93148264254873	242.0
169.9414833183163	242.0
169.95148399408387	242.0
169.96148466985144	239.0
169.97148534561902	239.0
169.98148602138656	236.0
169.99148669715413	236.0
170.0014873729217	236.0
170.01148804868927	236.0
170.02148872445684	236.0
170.03148940022442	236.0
170.041490075992	236.0
170.05149075175956	236.0
170.06149142752713	239.0
170.0714921032947	245.0
170.08149277906227	248.0
170.09149345482984	253.0
170.10149413059742	256.0
170.111494806365	259.0
170.12149548213256	262.0
170.13149615790013	262.0
170.1414968336677	262.0
170.15149750943527	259.0
170.16149818520284	256.0
170.1714988609704	253.0
170.18149953673796	253.0
170.19150021250553	250.0
170.2015008882731	248.0
170.21150156404067	245.0
170.22150223980825	242.0
170.23150291557582	242.0
170.2415035913434	242.0
170.25150426711096	242.0
170.26150494287853	242.0
170.2715056186461	245.0
170.28150629441367	242.0
170.29150697018125	242.0
170.30150764594882	239.0
170.3115083217164	236.0
170.32150899748396	236.0
170.33150967325153	236.0
170.3415103490191	236.0
170.35151102478667	236.0
170.36151170055422	239.0
170.3715123763218	239.0
170.38151305208936	242.0
170.39151372785693	245.0
170.4015144036245	248.0
170.41151507939207	250.0
170.42151575515965	253.0
170.43151643092722	256.0
170.4415171066948	259.0
170.45151778246236	259.0
170.46151845822993	256.0
170.4715191339975	253.0
170.48151980976508	248.0
170.49152048553265	242.0
170.50152116130022	239.0
170.5115218370678	234.0
170.52152251283536	231.0
170.53152318860293	228.0
170.5415238643705	226.0
170.55152454013805	223.0
170.56152521590562	218.0
170.5715258916732	215.0
170.58152656744076	213.0
170.59152724320833	210.0
170.6015279189759	210.0
170.61152859474348	210.0
170.62152927051105	210.0
170.63152994627862	213.0
170.6415306220462	213.0
170.65153129781376	213.0
170.66153197358133	215.0
170.6715326493489	215.0
170.68153332511648	215.0
170.69153400088405	215.0
170.70153467665162	215.0
170.7115353524192	215.0
170.72153602818676	215.0
170.73153670395433	215.0
170.74153737972188	215.0
170.75153805548945	215.0
170.76153873125702	218.0
170.7715394070246	218.0
170.78154008279216	218.0
170.79154075855973	215.0
170.8015414343273	213.0
170.81154211009488	206.0
170.82154278586245	203.0
170.83154346163002	201.0
170.8415441373976	199.0
170.85154481316516	228.0
170.86154548893273	228.0
170.8715461647003	228.0
170.88154684046788	0.0
170.89154751623545	0.0
170.90154819200302	0.0
170.9115488677706	0.0
170.92154954353816	0.0
170.9315502193057	0.0
170.94155089507328	0.0
170.95155157084085	0.0
170.96155224660842	0.0
170.971552922376	0.0
170.98155359814356	0.0
170.99155427391113	0.0
171.0015549496787	0.0
171.01155562544628	0.0
171.02155630121385	0.0
171.03155697698142	0.0
171.041557652749	0.0
171.05155832851656	0.0
171.06155900428413	0.0
171.0715596800517	0.0
171.08156035581928	0.0
171.09156103158685	0.0
171.10156170735442	0.0
171.11156238312196	0.0
171.12156305888954	0.0
171.1315637346571	0.0
171.14156441042468	0.0
171.15156508619225	0.0
171.16156576195982	0.0
171.1715664377274	0.0
171.18156711349496	0.0
171.19156778926254	0.0
171.2015684650301	0.0
171.21156914079768	0.0
171.22156981656525	0.0
171.23157049233282	0.0
171.2415711681004	0.0
171.25157184386796	0.0
171.26157251963554	0.0
171.2715731954031	0.0
171.28157387117068	0.0
171.29157454693825	0.0
171.3015752227058	0.0
171.31157589847336	0.0
171.32157657424094	0.0
171.3315772500085	0.0
171.34157792577608	0.0
171.35157860154365	0.0
171.36157927731122	0.0
171.3715799530788	0.0
171.38158062884636	0.0
171.39158130461394	0.0
171.4015819803815	0.0
171.41158265614908	0.0
171.42158333191665	0.0
171.43158400768422	0.0
171.4415846834518	0.0
171.45158535921937	0.0
171.46158603498694	0.0
171.4715867107545	0.0
171.48158738652208	0.0
171.49158806228962	0.0
171.5015887380572	0.0
171.51158941382477	0.0
171.52159008959234	0.0
171.5315907653599	0.0
171.54159144112748	0.0
171.55159211689505	0.0
171.56159279266262	0.0
171.5715934684302	0.0
171.58159414419777	0.0
171.59159481996534	0.0
171.6015954957329	0.0
171.61159617150048	0.0
171.62159684726805	0.0
171.63159752303562	0.0
171.6415981988032	0.0
171.65159887457077	0.0
171.66159955033834	0.0
171.6716002261059	0.0
171.68160090187345	0.0
171.69160157764102	0.0
171.7016022534086	0.0
171.71160292917617	0.0
171.72160360494374	0.0
171.7316042807113	0.0
171.74160495647888	0.0
171.75160563224645	0.0
171.76160630801402	0.0
171.7716069837816	0.0
171.78160765954917	0.0
171.79160833531674	0.0
171.8016090110843	0.0
171.81160968685188	0.0
171.82161036261945	0.0
171.83161103838702	0.0
171.8416117141546	0.0
171.85161238992217	0.0
171.86161306568974	0.0
171.87161374145728	0.0
171.88161441722485	0.0
171.89161509299242	0.0
171.90161576876	0.0
171.91161644452757	0.0
171.92161712029514	0.0
171.9316177960627	0.0
171.94161847183028	0.0
171.95161914759785	0.0
171.96161982336542	0.0
171.971620499133	0.0
171.98162117490057	0.0
171.99162185066814	0.0
172.0016225264357	0.0
172.01162320220328	0.0
172.02162387797085	0.0
172.03162455373842	0.0
172.041625229506	0.0
172.05162590527357	0.0
172.0616265810411	0.0
172.07162725680868	0.0
172.08162793257625	0.0
172.09162860834383	0.0
172.1016292841114	0.0
172.11162995987897	0.0
172.12163063564654	0.0
172.1316313114141	0.0
172.14163198718168	0.0
172.15163266294925	0.0
172.16163333871683	0.0
172.1716340144844	0.0
172.18163469025197	0.0
172.19163536601954	0.0
172.2016360417871	0.0
172.21163671755468	0.0
172.22163739332225	0.0
172.23163806908983	0.0
172.24163874485737	0.0
172.25163942062494	0.0
172.2616400963925	0.0
172.27164077216008	0.0
172.28164144792765	0.0
172.29164212369523	0.0
172.3016427994628	0.0
172.31164347523037	0.0
172.32164415099794	0.0
172.3316448267655	0.0
172.34164550253308	0.0
172.35164617830065	0.0
172.36164685406823	0.0
172.3716475298358	0.0
172.38164820560337	0.0
172.39164888137094	0.0
172.4016495571385	256.0
172.41165023290608	256.0
172.42165090867366	256.0
172.4316515844412	256.0
172.44165226020877	256.0
172.45165293597634	256.0
172.4616536117439	256.0
172.47165428751148	256.0
172.48165496327906	256.0
172.49165563904663	253.0
172.5016563148142	253.0
172.51165699058177	253.0
172.52165766634934	253.0
172.5316583421169	250.0
172.54165901788448	250.0
172.55165969365206	250.0
172.56166036941963	250.0
172.5716610451872	250.0
172.58166172095477	253.0
172.59166239672234	250.0
172.6016630724899	248.0
172.61166374825748	245.0
172.62166442402503	242.0
172.6316650997926	239.0
172.64166577556017	239.0
172.65166645132774	239.0
172.6616671270953	242.0
172.67166780286288	242.0
172.68166847863046	236.0
172.69166915439803	236.0
172.7016698301656	234.0
172.71167050593317	234.0
172.72167118170074	231.0
172.7316718574683	231.0
172.74167253323589	228.0
172.75167320900346	226.0
172.76167388477103	226.0
172.7716745605386	223.0
172.78167523630617	223.0
172.79167591207374	223.0
172.8016765878413	223.0
172.81167726360886	223.0
172.82167793937643	223.0
172.831678615144	220.0
172.84167929091157	218.0
172.85167996667914	218.0
172.86168064244671	215.0
172.87168131821429	218.0
172.88168199398186	218.0
172.89168266974943	220.0
172.901683345517	220.0
172.91168402128457	220.0
172.92168469705214	220.0
172.93168537281971	218.0
172.9416860485873	218.0
172.95168672435486	218.0
172.96168740012243	218.0
172.97168807589	218.0
172.98168875165757	218.0
172.99168942742514	218.0
173.0016901031927	218.0
173.01169077896026	218.0
173.02169145472783	218.0
173.0316921304954	218.0
173.04169280626297	218.0
173.05169348203054	218.0
173.06169415779812	218.0
173.0716948335657	218.0
173.08169550933326	218.0
173.09169618510083	218.0
173.1016968608684	218.0
173.11169753663597	218.0
173.12169821240354	218.0
173.13169888817112	218.0
173.1416995639387	218.0
173.15170023970626	218.0
173.16170091547383	218.0
173.1717015912414	218.0
173.18170226700897	0.0
173.19170294277652	0.0
173.2017036185441	0.0
173.21170429431166	0.0
173.22170497007923	0.0
173.2317056458468	0.0
173.24170632161437	0.0
173.25170699738194	0.0
173.26170767314952	0.0
173.2717083489171	0.0
173.28170902468466	0.0
173.29170970045223	0.0
173.3017103762198	0.0
173.31171105198737	0.0
173.32171172775494	0.0
173.33171240352252	0.0
173.3417130792901	0.0
173.35171375505766	0.0
173.36171443082523	0.0
173.3717151065928	0.0
173.38171578236035	0.0
173.39171645812792	0.0
173.4017171338955	0.0
173.41171780966306	0.0
173.42171848543063	0.0
173.4317191611982	0.0
173.44171983696577	0.0
173.45172051273335	0.0
173.46172118850092	0.0
173.4717218642685	0.0
173.48172254003606	0.0
173.49172321580363	226.0
173.5017238915712	226.0
173.51172456733877	220.0
173.52172524310635	218.0
173.53172591887392	218.0
173.5417265946415	218.0
173.55172727040906	218.0
173.5617279461766	218.0
173.57172862194417	218.0
173.58172929771175	218.0
173.59172997347932	218.0
173.6017306492469	215.0
173.61173132501446	213.0
173.62173200078203	210.0
173.6317326765496	206.0
173.64173335231717	201.0
173.65173402808475	196.0
173.66173470385232	192.0
173.6717353796199	187.0
173.68173605538746	177.0
173.69173673115503	173.0
173.7017374069226	173.0
173.71173808269018	179.0
173.72173875845775	201.0
173.73173943422532	208.0
173.7417401099929	215.0
173.75174078576043	218.0
173.761741461528	215.0
173.77174213729558	215.0
173.78174281306315	215.0
173.79174348883072	215.0
173.8017441645983	215.0
173.81174484036586	215.0
173.82174551613343	213.0
173.831746191901	213.0
173.84174686766858	215.0
173.85174754343615	215.0
173.86174821920372	215.0
173.8717488949713	215.0
173.88174957073886	218.0
173.89175024650643	218.0
173.901750922274	215.0
173.91175159804158	215.0
173.92175227380915	213.0
173.93175294957672	0.0
173.94175362534426	206.0
173.95175430111183	203.0
173.9617549768794	203.0
173.97175565264698	201.0
173.98175632841455	201.0
173.99175700418212	203.0
174.0017576799497	206.0
174.01175835571726	210.0
174.02175903148483	213.0
174.0317597072524	0.0
174.04176038301998	215.0
174.05176105878755	218.0
174.06176173455512	218.0
174.0717624103227	218.0
174.08176308609026	218.0
174.09176376185783	213.0
174.1017644376254	213.0
174.11176511339298	0.0
174.12176578916055	0.0
174.1317664649281	0.0
174.14176714069566	0.0
174.15176781646323	0.0
174.1617684922308	0.0
174.17176916799838	0.0
174.18176984376595	0.0
174.19177051953352	223.0
174.2017711953011	223.0
174.21177187106866	223.0
174.22177254683623	220.0
174.2317732226038	220.0
174.24177389837138	0.0
174.25177457413895	0.0
174.26177524990652	0.0
174.2717759256741	0.0
174.28177660144166	210.0
174.29177727720923	210.0
174.3017779529768	213.0
174.31177862874438	215.0
174.32177930451192	215.0
174.3317799802795	218.0
174.34178065604706	218.0
174.35178133181464	220.0
174.3617820075822	223.0
174.37178268334978	223.0
174.38178335911735	223.0
174.39178403488492	223.0
174.4017847106525	220.0
174.41178538642006	220.0
174.42178606218764	218.0
174.4317867379552	215.0
174.44178741372278	215.0
174.45178808949035	213.0
174.46178876525792	213.0
174.4717894410255	213.0
174.48179011679306	213.0
174.49179079256064	213.0
174.5017914683282	218.0
174.51179214409575	220.0
174.52179281986332	226.0
174.5317934956309	228.0
174.54179417139846	234.0
174.55179484716604	239.0
174.5617955229336	245.0
174.57179619870118	253.0
174.58179687446875	259.0
174.59179755023632	265.0
174.6017982260039	265.0
174.61179890177146	265.0
174.62179957753904	259.0
174.6318002533066	256.0
174.64180092907418	0.0
174.65180160484175	0.0
174.66180228060932	0.0
174.6718029563769	0.0
174.68180363214447	0.0
174.69180430791204	0.0
174.70180498367958	0.0
174.71180565944715	0.0
174.72180633521472	0.0
174.7318070109823	0.0
174.74180768674987	0.0
174.75180836251744	0.0
174.761809038285	0.0
174.77180971405258	0.0
174.78181038982015	284.0
174.79181106558772	288.0
174.8018117413553	284.0
174.81181241712287	268.0
174.82181309289044	0.0
174.831813768658	0.0
174.84181444442558	0.0
174.85181512019315	0.0
174.86181579596072	226.0
174.8718164717283	228.0
174.88181714749584	228.0
174.8918178232634	236.0
174.90181849903098	0.0
174.91181917479855	253.0
174.92181985056612	256.0
174.9318205263337	259.0
174.94182120210127	262.0
174.95182187786884	265.0
174.9618225536364	262.0
174.97182322940398	259.0
174.98182390517155	253.0
174.99182458093912	0.0
175.0018252567067	0.0
175.01182593247427	220.0
175.02182660824184	215.0
175.0318272840094	210.0
175.04182795977698	208.0
175.05182863554455	206.0
175.06182931131212	208.0
175.07182998707967	210.0
175.08183066284724	210.0
175.0918313386148	213.0
175.10183201438238	215.0
175.11183269014995	218.0
175.12183336591752	218.0
175.1318340416851	218.0
175.14183471745267	220.0
175.15183539322024	218.0
175.1618360689878	218.0
175.17183674475538	218.0
175.18183742052295	218.0
175.19183809629052	215.0
175.2018387720581	215.0
175.21183944782567	215.0
175.22184012359324	213.0
175.2318407993608	213.0
175.24184147512838	0.0
175.25184215089595	0.0
175.2618428266635	0.0
175.27184350243107	0.0
175.28184417819864	0.0
175.2918448539662	0.0
175.30184552973378	0.0
175.31184620550135	0.0
175.32184688126893	220.0
175.3318475570365	220.0
175.34184823280407	218.0
175.35184890857164	220.0
175.3618495843392	220.0
175.37185026010678	215.0
175.38185093587435	215.0
175.39185161164193	215.0
175.4018522874095	213.0
175.41185296317707	215.0
175.42185363894464	215.0
175.4318543147122	218.0
175.44185499047978	223.0
175.45185566624733	228.0
175.4618563420149	234.0
175.47185701778247	242.0
175.48185769355004	253.0
175.4918583693176	268.0
175.50185904508518	281.0
175.51185972085275	294.0
175.52186039662033	301.0
175.5318610723879	301.0
175.54186174815547	281.0
175.55186242392304	275.0
175.5618630996906	256.0
175.57186377545818	248.0
175.58186445122575	242.0
175.59186512699333	236.0
175.6018658027609	234.0
175.61186647852847	236.0
175.62186715429604	239.0
175.6318678300636	245.0
175.64186850583116	248.0
175.65186918159873	253.0
175.6618698573663	256.0
175.67187053313387	259.0
175.68187120890144	259.0
175.691871884669	262.0
175.70187256043658	256.0
175.71187323620416	250.0
175.72187391197173	231.0
175.7318745877393	223.0
175.74187526350687	215.0
175.75187593927444	208.0
175.761876615042	208.0
175.77187729080958	208.0
175.78187796657716	210.0
175.79187864234473	213.0
175.8018793181123	215.0
175.81187999387987	220.0
175.82188066964744	223.0
175.83188134541498	223.0
175.84188202118256	223.0
175.85188269695013	206.0
175.8618833727177	199.0
175.87188404848527	190.0
175.88188472425284	185.0
175.8918854000204	181.0
175.90188607578798	179.0
175.91188675155556	179.0
175.92188742732313	0.0
175.9318881030907	0.0
175.94188877885827	0.0
175.95188945462584	0.0
175.9618901303934	0.0
175.97189080616099	0.0
175.98189148192856	0.0
175.99189215769613	0.0
176.0018928334637	0.0
176.01189350923127	0.0
176.0218941849988	0.0
176.03189486076639	0.0
176.04189553653396	173.0
176.05189621230153	171.0
176.0618968880691	171.0
176.07189756383667	171.0
176.08189823960424	173.0
176.09189891537181	175.0
176.1018995911394	179.0
176.11190026690696	181.0
176.12190094267453	185.0
176.1319016184421	187.0
176.14190229420967	187.0
176.15190296997724	187.0
176.16190364574481	185.0
176.1719043215124	185.0
176.18190499727996	183.0
176.19190567304753	185.0
176.20190634881507	185.0
176.21190702458264	187.0
176.22190770035022	190.0
176.2319083761178	192.0
176.24190905188536	194.0
176.25190972765293	194.0
176.2619104034205	194.0
176.27191107918807	190.0
176.28191175495564	187.0
176.29191243072322	183.0
176.3019131064908	177.0
176.31191378225836	169.0
176.32191445802593	165.0
176.3319151337935	163.0
176.34191580956107	159.0
176.35191648532864	158.0
176.36191716109622	156.0
176.3719178368638	154.0
176.38191851263136	156.0
176.3919191883989	158.0
176.40191986416647	161.0
176.41192053993404	167.0
176.42192121570162	171.0
176.4319218914692	175.0
176.44192256723676	177.0
176.45192324300433	181.0
176.4619239187719	181.0
176.47192459453947	181.0
176.48192527030704	179.0
176.49192594607462	179.0
176.5019266218422	177.0
176.51192729760976	177.0
176.52192797337733	177.0
176.5319286491449	175.0
176.54192932491247	175.0
176.55193000068004	175.0
176.56193067644762	175.0
176.5719313522152	175.0
176.58193202798273	175.0
176.5919327037503	175.0
176.60193337951787	173.0
176.61193405528545	171.0
176.62193473105302	181.0
176.6319354068206	183.0
176.64193608258816	185.0
176.65193675835573	0.0
176.6619374341233	0.0
176.67193810989087	0.0
176.68193878565845	0.0
176.69193946142602	0.0
176.7019401371936	0.0
176.71194081296116	0.0
176.72194148872873	0.0
176.7319421644963	0.0
176.74194284026387	0.0
176.75194351603145	0.0
176.76194419179902	0.0
176.77194486756656	0.0
176.78194554333413	0.0
176.7919462191017	0.0
176.80194689486927	0.0
176.81194757063685	0.0
176.82194824640442	0.0
176.831948922172	0.0
176.84194959793956	0.0
176.85195027370713	0.0
176.8619509494747	0.0
176.87195162524227	0.0
176.88195230100985	0.0
176.89195297677742	0.0
176.901953652545	0.0
176.91195432831256	0.0
176.92195500408013	0.0
176.9319556798477	0.0
176.94195635561528	0.0
176.95195703138285	0.0
176.9619577071504	0.0
176.97195838291796	0.0
176.98195905868553	0.0
176.9919597344531	0.0
177.00196041022068	0.0
177.01196108598825	0.0
177.02196176175582	0.0
177.0319624375234	0.0
177.04196311329096	0.0
177.05196378905853	0.0
177.0619644648261	0.0
177.07196514059368	0.0
177.08196581636125	0.0
177.09196649212882	0.0
177.1019671678964	0.0
177.11196784366396	0.0
177.12196851943153	0.0
177.1319691951991	0.0
177.14196987096668	0.0
177.15197054673422	0.0
177.1619712225018	0.0
177.17197189826936	0.0
177.18197257403693	0.0
177.1919732498045	0.0
177.20197392557208	0.0
177.21197460133965	0.0
177.22197527710722	0.0
177.2319759528748	0.0
177.24197662864236	0.0
177.25197730440993	0.0
177.2619779801775	0.0
177.27197865594508	0.0
177.28197933171265	0.0
177.29198000748022	0.0
177.3019806832478	0.0
177.31198135901536	0.0
177.32198203478293	0.0
177.3319827105505	0.0
177.34198338631805	0.0
177.35198406208562	0.0
177.3619847378532	0.0
177.37198541362076	0.0
177.38198608938833	0.0
177.3919867651559	0.0
177.40198744092348	0.0
177.41198811669105	0.0
177.42198879245862	0.0
177.4319894682262	0.0
177.44199014399376	0.0
177.45199081976133	0.0
177.4619914955289	0.0
177.47199217129648	0.0
177.48199284706405	0.0
177.49199352283162	236.0
177.5019941985992	236.0
177.51199487436676	236.0
177.5219955501343	236.0
177.53199622590188	239.0
177.54199690166945	239.0
177.55199757743702	239.0
177.5619982532046	242.0
177.57199892897216	245.0
177.58199960473974	248.0
177.5920002805073	253.0
177.60200095627488	256.0
177.61200163204245	259.0
177.62200230781002	262.0
177.6320029835776	262.0
177.64200365934516	265.0
177.65200433511274	265.0
177.6620050108803	265.0
177.67200568664788	262.0
177.68200636241545	256.0
177.69200703818302	250.0
177.7020077139506	245.0
177.71200838971814	0.0
177.7220090654857	0.0
177.73200974125328	0.0
177.74201041702085	0.0
177.75201109278842	0.0
177.762011768556	223.0
177.77201244432356	220.0
177.78201312009114	220.0
177.7920137958587	218.0
177.80201447162628	218.0
177.81201514739385	215.0
177.82201582316142	215.0
177.832016498929	213.0
177.84201717469657	213.0
177.85201785046414	213.0
177.8620185262317	215.0
177.87201920199928	215.0
177.88201987776685	215.0
177.89202055353442	0.0
177.90202122930197	0.0
177.91202190506954	0.0
177.9220225808371	0.0
177.93202325660468	218.0
177.94202393237225	218.0
177.95202460813982	218.0
177.9620252839074	218.0
177.97202595967497	218.0
177.98202663544254	218.0
177.9920273112101	218.0
178.00202798697768	218.0
178.01202866274525	218.0
178.02202933851282	218.0
178.0320300142804	218.0
178.04203069004797	218.0
178.05203136581554	218.0
178.0620320415831	218.0
178.07203271735068	218.0
178.08203339311825	218.0
178.0920340688858	218.0
178.10203474465337	218.0
178.11203542042094	0.0
178.1220360961885	215.0
178.13203677195608	215.0
178.14203744772365	213.0
178.15203812349122	213.0
178.1620387992588	213.0
178.17203947502637	210.0
178.18204015079394	213.0
178.1920408265615	215.0
178.20204150232908	220.0
178.21204217809665	223.0
178.22204285386422	226.0
178.2320435296318	0.0
178.24204420539937	0.0
178.25204488116694	0.0
178.2620455569345	0.0
178.27204623270208	0.0
178.28204690846962	0.0
178.2920475842372	0.0
178.30204826000477	0.0
178.31204893577234	0.0
178.3220496115399	0.0
178.33205028730748	0.0
178.34205096307505	0.0
178.35205163884262	0.0
178.3620523146102	0.0
178.37205299037777	284.0
178.38205366614534	281.0
178.3920543419129	281.0
178.40205501768048	275.0
178.41205569344805	272.0
178.42205636921562	265.0
178.4320570449832	256.0
178.44205772075077	253.0
178.45205839651834	250.0
178.4620590722859	245.0
178.47205974805345	245.0
178.48206042382103	242.0
178.4920610995886	242.0
178.50206177535617	242.0
178.51206245112374	245.0
178.5220631268913	250.0
178.53206380265888	253.0
178.54206447842645	259.0
178.55206515419403	268.0
178.5620658299616	275.0
178.57206650572917	281.0
178.58206718149674	291.0
178.5920678572643	291.0
178.60206853303188	288.0
178.61206920879945	284.0
178.62206988456703	284.0
178.6320705603346	0.0
178.64207123610217	0.0
178.65207191186974	0.0
178.66207258763728	284.0
178.67207326340485	284.0
178.68207393917243	281.0
178.69207461494	272.0
178.70207529070757	268.0
178.71207596647514	262.0
178.7220766422427	259.0
178.73207731801028	256.0
178.74207799377785	250.0
178.75207866954543	248.0
178.762079345313	242.0
178.77208002108057	236.0
178.78208069684814	236.0
178.7920813726157	234.0
178.80208204838328	234.0
178.81208272415086	265.0
178.82208339991843	268.0
178.832084075686	268.0
178.84208475145354	265.0
178.8520854272211	262.0
178.86208610298868	259.0
178.87208677875626	242.0
178.88208745452383	245.0
178.8920881302914	253.0
178.90208880605897	256.0
178.91208948182654	0.0
178.9220901575941	0.0
178.93209083336168	0.0
178.94209150912926	0.0
178.95209218489683	0.0
178.9620928606644	0.0
178.97209353643197	0.0
178.98209421219954	0.0
178.9920948879671	0.0
179.00209556373468	0.0
179.01209623950226	0.0
179.02209691526983	0.0
179.03209759103737	0.0
179.04209826680494	0.0
179.0520989425725	0.0
179.06209961834008	0.0
179.07210029410766	0.0
179.08210096987523	0.0
179.0921016456428	0.0
179.10210232141037	0.0
179.11210299717794	0.0
179.1221036729455	0.0
179.13210434871309	0.0
179.14210502448066	0.0
179.15210570024823	0.0
179.1621063760158	0.0
179.17210705178337	0.0
179.18210772755094	0.0
179.1921084033185	0.0
179.20210907908609	0.0
179.21210975485366	0.0
179.2221104306212	0.0
179.23211110638877	0.0
179.24211178215634	0.0
179.25211245792391	0.0
179.26211313369149	0.0
179.27211380945906	0.0
179.28211448522663	0.0
179.2921151609942	0.0
179.30211583676177	0.0
179.31211651252934	0.0
179.32211718829691	0.0
179.3321178640645	0.0
179.34211853983206	0.0
179.35211921559963	0.0
179.3621198913672	0.0
179.37212056713477	0.0
179.38212124290234	0.0
179.39212191866991	0.0
179.4021225944375	0.0
179.41212327020503	0.0
179.4221239459726	0.0
179.43212462174017	0.0
179.44212529750774	0.0
179.45212597327532	0.0
179.4621266490429	0.0
179.47212732481046	0.0
179.48212800057803	0.0
179.4921286763456	0.0
179.50212935211317	0.0
179.51213002788074	0.0
179.52213070364832	0.0
179.5321313794159	0.0
179.54213205518346	0.0
179.55213273095103	0.0
179.5621334067186	0.0
179.57213408248617	0.0
179.58213475825374	0.0
179.59213543402132	0.0
179.60213610978886	0.0
179.61213678555643	0.0
179.622137461324	0.0
179.63213813709157	0.0
179.64213881285914	0.0
179.65213948862672	0.0
179.6621401643943	0.0
179.67214084016186	0.0
179.68214151592943	0.0
179.692142191697	0.0
179.70214286746457	0.0
179.71214354323214	0.0
179.72214421899972	0.0
179.7321448947673	0.0
179.74214557053486	0.0
179.75214624630243	245.0
179.76214692207	248.0
179.77214759783757	250.0
179.78214827360515	256.0
179.7921489493727	262.0
179.80214962514026	268.0
179.81215030090783	272.0
179.8221509766754	0.0
179.83215165244297	0.0
179.84215232821055	0.0
179.85215300397812	0.0
179.8621536797457	0.0
179.87215435551326	0.0
179.88215503128083	0.0
179.8921557070484	288.0
179.90215638281597	288.0
179.91215705858355	288.0
179.92215773435112	284.0
179.9321584101187	278.0
179.94215908588626	275.0
179.95215976165383	272.0
179.9621604374214	268.0
179.97216111318897	262.0
179.98216178895652	259.0
179.9921624647241	253.0
180.00216314049166	248.0
180.01216381625923	245.0
180.0221644920268	245.0
180.03216516779437	245.0
180.04216584356195	245.0
180.05216651932952	245.0
180.0621671950971	248.0
180.07216787086466	248.0
180.08216854663223	250.0
180.0921692223998	253.0
180.10216989816738	256.0
180.11217057393495	262.0
180.12217124970252	268.0
180.1321719254701	275.0
180.14217260123766	281.0
180.15217327700523	288.0
180.16217395277278	288.0
180.17217462854035	288.0
180.18217530430792	288.0
180.1921759800755	288.0
180.20217665584306	288.0
180.21217733161063	288.0
180.2221780073782	288.0
180.23217868314578	284.0
180.24217935891335	284.0
180.25218003468092	278.0
180.2621807104485	275.0
180.27218138621606	272.0
180.28218206198363	265.0
180.2921827377512	262.0
180.30218341351878	256.0
180.31218408928635	253.0
180.32218476505392	248.0
180.3321854408215	245.0
180.34218611658906	245.0
180.3521867923566	242.0
180.36218746812418	0.0
180.37218814389175	248.0
180.38218881965932	248.0
180.3921894954269	248.0
180.40219017119446	250.0
180.41219084696203	0.0
180.4221915227296	0.0
180.43219219849718	0.0
180.44219287426475	0.0
180.45219355003232	0.0
180.4621942257999	0.0
180.47219490156746	284.0
180.48219557733503	288.0
180.4921962531026	0.0
180.50219692887018	0.0
180.51219760463775	0.0
180.52219828040532	0.0
180.5321989561729	0.0
180.54219963194043	0.0
180.552200307708	268.0
180.56220098347558	259.0
180.57220165924315	253.0
180.58220233501072	250.0
180.5922030107783	245.0
180.60220368654586	239.0
180.61220436231343	236.0
180.622205038081	234.0
180.63220571384858	231.0
180.64220638961615	228.0
180.65220706538372	231.0
180.6622077411513	234.0
180.67220841691886	239.0
180.68220909268643	245.0
180.692209768454	250.0
180.70221044422158	256.0
180.71221111998915	262.0
180.72221179575672	268.0
180.73221247152426	275.0
180.74221314729184	278.0
180.7522138230594	281.0
180.76221449882698	284.0
180.77221517459455	284.0
180.78221585036212	284.0
180.7922165261297	284.0
180.80221720189726	281.0
180.81221787766484	275.0
180.8222185534324	272.0
180.83221922919998	265.0
180.84221990496755	259.0
180.85222058073512	256.0
180.8622212565027	253.0
180.87222193227026	250.0
180.88222260803784	250.0
180.8922232838054	250.0
180.90222395957298	250.0
180.91222463534055	250.0
180.9222253111081	248.0
180.93222598687566	248.0
180.94222666264324	248.0
180.9522273384108	250.0
180.96222801417838	253.0
180.97222868994595	256.0
180.98222936571352	262.0
180.9922300414811	268.0
181.00223071724866	278.0
181.01223139301624	291.0
181.0222320687838	305.0
181.03223274455138	316.0
181.04223342031895	334.0
181.05223409608652	350.0
181.0622347718541	358.0
181.07223544762167	367.0
181.08223612338924	371.0
181.0922367991568	367.0
181.10223747492438	358.0
181.11223815069192	350.0
181.1222388264595	346.0
181.13223950222707	342.0
181.14224017799464	338.0
181.1522408537622	338.0
181.16224152952978	338.0
181.17224220529735	338.0
181.18224288106492	342.0
181.1922435568325	342.0
181.20224423260007	346.0
181.21224490836764	350.0
181.2222455841352	358.0
181.23224625990278	367.0
181.24224693567035	380.0
181.25224761143792	389.0
181.2622482872055	393.0
181.27224896297307	398.0
181.28224963874064	393.0
181.29225031450818	384.0
181.30225099027575	375.0
181.31225166604332	367.0
181.3222523418109	358.0
181.33225301757847	354.0
181.34225369334604	350.0
181.3522543691136	350.0
181.36225504488118	354.0
181.37225572064875	358.0
181.38225639641632	363.0
181.3922570721839	367.0
181.40225774795147	371.0
181.41225842371904	380.0
181.4222590994866	384.0
181.43225977525418	384.0
181.44226045102175	375.0
181.45226112678932	371.0
181.4622618025569	363.0
181.47226247832447	354.0
181.482263154092	346.0
181.49226382985958	338.0
181.50226450562715	331.0
181.51226518139472	327.0
181.5222658571623	319.0
181.53226653292987	316.0
181.54226720869744	316.0
181.552267884465	316.0
181.56226856023258	316.0
181.57226923600015	316.0
181.58226991176772	319.0
181.5922705875353	323.0
181.60227126330287	331.0
181.61227193907044	334.0
181.622272614838	342.0
181.63227329060558	346.0
181.64227396637315	350.0
181.65227464214072	350.0
181.6622753179083	346.0
181.67227599367584	342.0
181.6822766694434	334.0
181.69227734521098	327.0
181.70227802097855	316.0
181.71227869674613	308.0
181.7222793725137	305.0
181.73228004828127	301.0
181.74228072404884	294.0
181.7522813998164	291.0
181.76228207558398	288.0
181.77228275135155	301.0
181.78228342711913	301.0
181.7922841028867	288.0
181.80228477865427	291.0
181.81228545442184	291.0
181.8222861301894	294.0
181.83228680595698	294.0
181.84228748172455	294.0
181.85228815749213	291.0
181.86228883325967	291.0
181.87228950902724	291.0
181.8822901847948	288.0
181.89229086056238	288.0
181.90229153632995	288.0
181.91229221209753	288.0
181.9222928878651	288.0
181.93229356363267	288.0
181.94229423940024	288.0
181.9522949151678	288.0
181.96229559093538	288.0
181.97229626670295	288.0
181.98229694247053	288.0
181.9922976182381	288.0
182.00229829400567	288.0
182.01229896977324	288.0
182.0222996455408	288.0
182.03230032130838	291.0
182.04230099707596	291.0
182.0523016728435	288.0
182.06230234861107	288.0
182.07230302437864	288.0
182.0823037001462	284.0
182.09230437591378	284.0
182.10230505168136	284.0
182.11230572744893	284.0
182.1223064032165	288.0
182.13230707898407	288.0
182.14230775475164	288.0
182.1523084305192	305.0
182.16230910628678	305.0
182.17230978205436	288.0
182.18231045782193	288.0
182.1923111335895	288.0
182.20231180935707	288.0
182.21231248512464	288.0
182.2223131608922	288.0
182.23231383665978	288.0
182.24231451242733	288.0
182.2523151881949	288.0
182.26231586396247	288.0
182.27231653973004	288.0
182.2823172154976	288.0
182.29231789126518	288.0
182.30231856703276	291.0
182.31231924280033	291.0
182.3223199185679	291.0
182.33232059433547	291.0
182.34232127010304	291.0
182.3523219458706	291.0
182.36232262163819	291.0
182.37232329740576	291.0
182.38232397317333	288.0
182.3923246489409	288.0
182.40232532470847	288.0
182.41232600047604	288.0
182.4223266762436	288.0
182.43232735201116	288.0
182.44232802777873	288.0
182.4523287035463	288.0
182.46232937931387	288.0
182.47233005508144	288.0
182.48233073084901	288.0
182.4923314066166	288.0
182.50233208238416	288.0
182.51233275815173	288.0
182.5223334339193	288.0
182.53233410968687	288.0
182.54233478545444	288.0
182.55233546122201	291.0
182.5623361369896	291.0
182.57233681275716	291.0
182.58233748852473	291.0
182.5923381642923	291.0
182.60233884005987	291.0
182.61233951582741	291.0
182.622340191595	288.0
182.63234086736256	288.0
182.64234154313013	288.0
182.6523422188977	288.0
182.66234289466527	288.0
182.67234357043284	288.0
182.68234424620042	288.0
182.692344921968	288.0
182.70234559773556	288.0
182.71234627350313	288.0
182.7223469492707	288.0
182.73234762503827	288.0
182.74234830080584	288.0
182.75234897657342	288.0
182.762349652341	288.0
182.77235032810856	288.0
182.78235100387613	288.0
182.7923516796437	288.0
182.80235235541124	288.0
182.81235303117882	288.0
182.8223537069464	288.0
182.83235438271396	288.0
182.84235505848153	288.0
182.8523557342491	288.0
182.86235641001667	288.0
182.87235708578424	291.0
182.88235776155182	291.0
182.8923584373194	291.0
182.90235911308696	294.0
182.91235978885453	294.0
182.9223604646221	291.0
182.93236114038967	291.0
182.94236181615724	288.0
182.95236249192482	288.0
182.9623631676924	288.0
182.97236384345996	288.0
182.98236451922753	288.0
182.99236519499507	288.0
183.00236587076265	288.0
183.01236654653022	288.0
183.0223672222978	284.0
183.03236789806536	284.0
183.04236857383293	281.0
183.0523692496005	0.0
183.06236992536807	0.0
183.07237060113565	0.0
183.08237127690322	0.0
183.0923719526708	0.0
183.10237262843836	0.0
183.11237330420593	0.0
183.1223739799735	0.0
183.13237465574107	0.0
183.14237533150865	0.0
183.15237600727622	0.0
183.1623766830438	0.0
183.17237735881136	0.0
183.1823780345789	0.0
183.19237871034647	0.0
183.20237938611405	0.0
183.21238006188162	0.0
183.2223807376492	0.0
183.23238141341676	0.0
183.24238208918433	0.0
183.2523827649519	0.0
183.26238344071947	0.0
183.27238411648705	0.0
183.28238479225462	0.0
183.2923854680222	0.0
183.30238614378976	0.0
183.31238681955733	0.0
183.3223874953249	0.0
183.33238817109248	0.0
183.34238884686005	0.0
183.35238952262762	0.0
183.3623901983952	0.0
183.37239087416273	0.0
183.3823915499303	0.0
183.39239222569788	0.0
183.40239290146545	0.0
183.41239357723302	346.0
183.4223942530006	363.0
183.43239492876816	375.0
183.44239560453573	0.0
183.4523962803033	0.0
183.46239695607088	0.0
183.47239763183845	0.0
183.48239830760602	334.0
183.4923989833736	331.0
183.50239965914116	327.0
183.51240033490873	323.0
183.5224010106763	319.0
183.53240168644388	319.0
183.54240236221145	319.0
183.55240303797902	0.0
183.56240371374656	0.0
183.57240438951413	0.0
183.5824050652817	0.0
183.59240574104928	0.0
183.60240641681685	0.0
183.61240709258442	0.0
183.622407768352	0.0
183.63240844411956	0.0
183.64240911988713	319.0
183.6524097956547	0.0
183.66241047142228	0.0
183.67241114718985	0.0
183.68241182295742	0.0
183.692412498725	0.0
183.70241317449256	0.0
183.71241385026013	0.0
183.7224145260277	0.0
183.73241520179528	0.0
183.74241587756285	0.0
183.7524165533304	0.0
183.76241722909796	0.0
183.77241790486553	0.0
183.7824185806331	0.0
183.79241925640068	0.0
183.80241993216825	0.0
183.81242060793582	0.0
183.8224212837034	0.0
183.83242195947096	0.0
183.84242263523853	0.0
183.8524233110061	0.0
183.86242398677368	0.0
183.87242466254125	0.0
183.88242533830882	0.0
183.8924260140764	0.0
183.90242668984396	0.0
183.91242736561153	0.0
183.9224280413791	0.0
183.93242871714665	0.0
183.94242939291422	0.0
183.9524300686818	0.0
183.96243074444936	0.0
183.97243142021694	0.0
183.9824320959845	0.0
183.99243277175208	0.0
184.00243344751965	0.0
184.01243412328722	0.0
184.0224347990548	0.0
184.03243547482236	0.0
184.04243615058994	0.0
184.0524368263575	0.0
184.06243750212508	0.0
184.07243817789265	0.0
184.08243885366022	0.0
184.0924395294278	0.0
184.10244020519536	0.0
184.11244088096294	0.0
184.12244155673048	0.0
184.13244223249805	0.0
184.14244290826562	0.0
184.1524435840332	0.0
184.16244425980076	0.0
184.17244493556834	0.0
184.1824456113359	0.0
184.19244628710348	0.0
184.20244696287105	0.0
184.21244763863862	0.0
184.2224483144062	0.0
184.23244899017376	0.0
184.24244966594134	0.0
184.2524503417089	0.0
184.26245101747648	0.0
184.27245169324405	0.0
184.28245236901162	0.0
184.2924530447792	0.0
184.30245372054677	0.0
184.3124543963143	0.0
184.32245507208188	0.0
184.33245574784945	0.0
184.34245642361702	0.0
184.3524570993846	0.0
184.36245777515217	0.0
184.37245845091974	0.0
184.3824591266873	0.0
184.39245980245488	0.0
184.40246047822245	0.0
184.41246115399002	0.0
184.4224618297576	0.0
184.43246250552517	0.0
184.44246318129274	0.0
184.4524638570603	0.0
184.46246453282788	0.0
184.47246520859545	0.0
184.48246588436302	0.0
184.4924665601306	0.0
184.50246723589814	0.0
184.5124679116657	0.0
184.52246858743328	0.0
184.53246926320085	0.0
184.54246993896842	0.0
184.552470614736	0.0
184.56247129050357	0.0
184.57247196627114	0.0
184.5824726420387	0.0
184.59247331780628	0.0
184.60247399357385	0.0
184.61247466934142	0.0
184.622475345109	0.0
184.63247602087657	0.0
184.64247669664414	0.0
184.6524773724117	0.0
184.66247804817928	0.0
184.67247872394685	0.0
184.68247939971442	0.0
184.69248007548197	0.0
184.70248075124954	0.0
184.7124814270171	0.0
184.72248210278468	0.0
184.73248277855225	0.0
184.74248345431982	0.0
184.7524841300874	0.0
184.76248480585497	0.0
184.77248548162254	0.0
184.7824861573901	0.0
184.79248683315768	0.0
184.80248750892525	0.0
184.81248818469282	0.0
184.8224888604604	0.0
184.83248953622797	0.0
184.84249021199554	0.0
184.8524908877631	0.0
184.86249156353068	0.0
184.87249223929825	0.0
184.8824929150658	0.0
184.89249359083337	0.0
184.90249426660094	0.0
184.9124949423685	0.0
184.92249561813608	0.0
184.93249629390365	0.0
184.94249696967123	0.0
184.9524976454388	0.0
184.96249832120637	0.0
184.97249899697394	0.0
184.9824996727415	0.0
184.99250034850908	0.0
185.00250102427665	0.0
185.01250170004423	0.0
185.0225023758118	0.0
185.03250305157937	0.0
185.04250372734694	0.0
185.0525044031145	0.0
185.06250507888208	0.0
185.07250575464963	0.0
185.0825064304172	0.0
185.09250710618477	0.0
185.10250778195234	0.0
185.1125084577199	0.0
185.12250913348748	0.0
185.13250980925505	0.0
185.14251048502263	0.0
185.1525111607902	0.0
185.16251183655777	0.0
185.17251251232534	262.0
185.1825131880929	259.0
185.19251386386048	256.0
185.20251453962805	253.0
185.21251521539563	250.0
185.2225158911632	245.0
185.23251656693077	242.0
185.24251724269834	239.0
185.25251791846588	236.0
185.26251859423346	234.0
185.27251927000103	234.0
185.2825199457686	231.0
185.29252062153617	228.0
185.30252129730374	0.0
185.3125219730713	0.0
185.32252264883888	0.0
185.33252332460646	0.0
185.34252400037403	0.0
185.3525246761416	0.0
185.36252535190917	0.0
185.37252602767674	0.0
185.3825267034443	0.0
185.39252737921188	0.0
185.40252805497946	0.0
185.41252873074703	0.0
185.4225294065146	0.0
185.43253008228217	0.0
185.4425307580497	0.0
185.45253143381728	0.0
185.46253210958486	0.0
185.47253278535243	0.0
185.48253346112	0.0
185.49253413688757	0.0
185.50253481265514	0.0
185.5125354884227	0.0
185.52253616419029	0.0
185.53253683995786	0.0
185.54253751572543	0.0
185.552538191493	0.0
185.56253886726057	0.0
185.57253954302814	0.0
185.5825402187957	0.0
185.59254089456329	0.0
185.60254157033086	0.0
185.61254224609843	0.0
185.622542921866	0.0
185.63254359763354	0.0
185.6425442734011	0.0
185.65254494916869	0.0
185.66254562493626	0.0
185.67254630070383	0.0
185.6825469764714	0.0
185.69254765223897	0.0
185.70254832800654	0.0
185.71254900377411	0.0
185.7225496795417	0.0
185.73255035530926	0.0
185.74255103107683	0.0
185.7525517068444	0.0
185.76255238261197	0.0
185.77255305837954	0.0
185.78255373414711	0.0
185.7925544099147	288.0
185.80255508568226	0.0
185.81255576144983	0.0
185.82255643721737	0.0
185.83255711298494	281.0
185.84255778875252	278.0
185.8525584645201	275.0
185.86255914028766	0.0
185.87255981605523	265.0
185.8825604918228	259.0
185.89256116759037	256.0
185.90256184335794	250.0
185.91256251912552	248.0
185.9225631948931	245.0
185.93256387066066	245.0
185.94256454642823	242.0
185.9525652221958	242.0
185.96256589796337	242.0
185.97256657373094	239.0
185.98256724949852	239.0
185.9925679252661	245.0
186.00256860103366	0.0
186.0125692768012	0.0
186.02256995256877	0.0
186.03257062833634	0.0
186.04257130410392	0.0
186.0525719798715	0.0
186.06257265563906	0.0
186.07257333140663	0.0
186.0825740071742	0.0
186.09257468294177	0.0
186.10257535870934	0.0
186.11257603447692	0.0
186.1225767102445	0.0
186.13257738601206	0.0
186.14257806177963	284.0
186.1525787375472	284.0
186.16257941331477	281.0
186.17258008908235	281.0
186.18258076484992	0.0
186.1925814406175	0.0
186.20258211638503	0.0
186.2125827921526	0.0
186.22258346792017	0.0
186.23258414368775	0.0
186.24258481945532	0.0
186.2525854952229	0.0
186.26258617099046	0.0
186.27258684675803	0.0
186.2825875225256	248.0
186.29258819829317	248.0
186.30258887406075	0.0
186.31258954982832	0.0
186.3225902255959	0.0
186.33259090136346	0.0
186.34259157713103	0.0
186.3525922528986	0.0
186.36259292866617	0.0
186.37259360443375	0.0
186.38259428020132	0.0
186.39259495596886	0.0
186.40259563173643	0.0
186.412596307504	0.0
186.42259698327157	0.0
186.43259765903915	0.0
186.44259833480672	0.0
186.4525990105743	0.0
186.46259968634186	0.0
186.47260036210943	0.0
186.482601037877	0.0
186.49260171364458	0.0
186.50260238941215	0.0
186.51260306517972	0.0
186.5226037409473	0.0
186.53260441671486	0.0
186.54260509248243	0.0
186.55260576825	262.0
186.56260644401758	259.0
186.57260711978512	256.0
186.5826077955527	253.0
186.59260847132026	248.0
186.60260914708783	0.0
186.6126098228554	0.0
186.62261049862298	0.0
186.63261117439055	0.0
186.64261185015812	0.0
186.6526125259257	0.0
186.66261320169326	0.0
186.67261387746083	0.0
186.6826145532284	0.0
186.69261522899598	0.0
186.70261590476355	0.0
186.71261658053112	0.0
186.7226172562987	0.0
186.73261793206626	0.0
186.74261860783383	0.0
186.7526192836014	0.0
186.76261995936895	0.0
186.77262063513652	0.0
186.7826213109041	0.0
186.79262198667166	0.0
186.80262266243923	0.0
186.8126233382068	0.0
186.82262401397438	0.0
186.83262468974195	0.0
186.84262536550952	0.0
186.8526260412771	0.0
186.86262671704466	0.0
186.87262739281223	0.0
186.8826280685798	0.0
186.89262874434738	0.0
186.90262942011495	0.0
186.91263009588252	0.0
186.9226307716501	0.0
186.93263144741766	0.0
186.94263212318523	0.0
186.95263279895278	0.0
186.96263347472035	0.0
186.97263415048792	0.0
186.9826348262555	0.0
186.99263550202306	0.0
187.00263617779063	0.0
187.0126368535582	0.0
187.02263752932578	0.0
187.03263820509335	0.0
187.04263888086092	0.0
187.0526395566285	0.0
187.06264023239606	0.0
187.07264090816363	0.0
187.0826415839312	0.0
187.09264225969878	0.0
187.10264293546635	245.0
187.11264361123392	242.0
187.1226442870015	242.0
187.13264496276906	239.0
187.1426456385366	0.0
187.15264631430418	0.0
187.16264699007175	0.0
187.17264766583932	0.0
187.1826483416069	0.0
187.19264901737446	0.0
187.20264969314204	245.0
187.2126503689096	248.0
187.22265104467718	253.0
187.23265172044475	259.0
187.24265239621232	262.0
187.2526530719799	268.0
187.26265374774746	272.0
187.27265442351504	275.0
187.2826550992826	275.0
187.29265577505018	278.0
187.30265645081775	278.0
187.31265712658532	275.0
187.3226578023529	272.0
187.33265847812044	268.0
187.342659153888	265.0
187.35265982965558	262.0
187.36266050542315	259.0
187.37266118119072	256.0
187.3826618569583	253.0
187.39266253272586	250.0
187.40266320849344	250.0
187.412663884261	248.0
187.42266456002858	248.0
187.43266523579615	248.0
187.44266591156372	248.0
187.4526665873313	245.0
187.46266726309887	245.0
187.47266793886644	0.0
187.482668614634	0.0
187.49266929040158	0.0
187.50266996616915	0.0
187.51267064193672	0.0
187.52267131770427	0.0
187.53267199347184	0.0
187.5426726692394	0.0
187.55267334500698	0.0
187.56267402077455	0.0
187.57267469654212	0.0
187.5826753723097	0.0
187.59267604807727	0.0
187.60267672384484	0.0
187.6126773996124	0.0
187.62267807537998	0.0
187.63267875114755	0.0
187.64267942691512	256.0
187.6526801026827	256.0
187.66268077845027	256.0
187.67268145421784	256.0
187.6826821299854	259.0
187.69268280575298	259.0
187.70268348152055	262.0
187.7126841572881	265.0
187.72268483305567	268.0
187.73268550882324	272.0
187.7426861845908	272.0
187.75268686035838	275.0
187.76268753612595	275.0
187.77268821189352	278.0
187.7826888876611	278.0
187.79268956342867	281.0
187.80269023919624	281.0
187.8126909149638	278.0
187.82269159073138	278.0
187.83269226649895	278.0
187.84269294226652	281.0
187.8526936180341	281.0
187.86269429380167	281.0
187.87269496956924	284.0
187.8826956453368	284.0
187.89269632110435	288.0
187.90269699687192	288.0
187.9126976726395	288.0
187.92269834840707	0.0
187.93269902417464	0.0
187.9426996999422	0.0
187.95270037570978	0.0
187.96270105147735	0.0
187.97270172724492	0.0
187.9827024030125	0.0
187.99270307878007	0.0
188.00270375454764	0.0
188.0127044303152	0.0
188.02270510608278	0.0
188.03270578185035	0.0
188.04270645761792	288.0
188.0527071333855	288.0
188.06270780915307	288.0
188.07270848492064	288.0
188.08270916068818	288.0
188.09270983645575	288.0
188.10271051222333	291.0
188.1127111879909	291.0
188.12271186375847	288.0
188.13271253952604	288.0
188.1427132152936	288.0
188.15271389106118	288.0
188.16271456682875	288.0
188.17271524259633	0.0
188.1827159183639	0.0
188.19271659413147	0.0
188.20271726989904	0.0
188.2127179456666	0.0
188.22271862143418	0.0
188.23271929720175	0.0
188.24271997296933	0.0
188.2527206487369	0.0
188.26272132450447	0.0
188.272722000272	0.0
188.28272267603958	0.0
188.29272335180715	0.0
188.30272402757473	0.0
188.3127247033423	0.0
188.32272537910987	0.0
188.33272605487744	0.0
188.342726730645	288.0
188.35272740641258	288.0
188.36272808218015	291.0
188.37272875794773	291.0
188.3827294337153	291.0
188.39273010948287	288.0
188.40273078525044	288.0
188.412731461018	288.0
188.42273213678558	288.0
188.43273281255316	288.0
188.44273348832073	0.0
188.4527341640883	0.0
188.46273483985584	0.0
188.4727355156234	0.0
188.48273619139098	0.0
188.49273686715856	0.0
188.50273754292613	0.0
188.5127382186937	0.0
188.52273889446127	0.0
188.53273957022884	0.0
188.5427402459964	0.0
188.55274092176398	0.0
188.56274159753156	0.0
188.57274227329913	0.0
188.5827429490667	0.0
188.59274362483427	0.0
188.60274430060184	0.0
188.6127449763694	0.0
188.62274565213698	288.0
188.63274632790456	288.0
188.64274700367213	288.0
188.65274767943967	288.0
188.66274835520724	288.0
188.6727490309748	288.0
188.68274970674238	288.0
188.69275038250996	0.0
188.70275105827753	0.0
188.7127517340451	0.0
188.72275240981267	0.0
188.73275308558024	0.0
188.7427537613478	0.0
188.75275443711539	0.0
188.76275511288296	0.0
188.77275578865053	0.0
188.7827564644181	0.0
188.79275714018567	0.0
188.80275781595324	0.0
188.8127584917208	0.0
188.82275916748839	0.0
188.83275984325596	0.0
188.8427605190235	0.0
188.85276119479107	0.0
188.86276187055864	0.0
188.87276254632621	0.0
188.88276322209379	0.0
188.89276389786136	0.0
188.90276457362893	0.0
188.9127652493965	0.0
188.92276592516407	0.0
188.93276660093164	0.0
188.94276727669921	0.0
188.9527679524668	0.0
188.96276862823436	0.0
188.97276930400193	0.0
188.9827699797695	0.0
188.99277065553707	0.0
189.00277133130464	0.0
189.01277200707221	0.0
189.02277268283976	0.0
189.03277335860733	0.0
189.0427740343749	0.0
189.05277471014247	0.0
189.06277538591004	0.0
189.07277606167762	0.0
189.0827767374452	0.0
189.09277741321276	0.0
189.10277808898033	0.0
189.1127787647479	0.0
189.12277944051547	0.0
189.13278011628304	0.0
189.14278079205062	0.0
189.1527814678182	0.0
189.16278214358576	0.0
189.17278281935333	0.0
189.1827834951209	291.0
189.19278417088847	291.0
189.20278484665604	288.0
189.2127855224236	288.0
189.22278619819116	288.0
189.23278687395873	0.0
189.2427875497263	0.0
189.25278822549387	0.0
189.26278890126144	0.0
189.27278957702902	0.0
189.2827902527966	0.0
189.29279092856416	0.0
189.30279160433173	0.0
189.3127922800993	0.0
189.32279295586687	0.0
189.33279363163444	0.0
189.34279430740202	0.0
189.3527949831696	0.0
189.36279565893716	0.0
189.37279633470473	0.0
189.3827970104723	0.0
189.39279768623987	0.0
189.40279836200742	0.0
189.412799037775	0.0
189.42279971354256	0.0
189.43280038931013	0.0
189.4428010650777	0.0
189.45280174084527	0.0
189.46280241661285	0.0
189.47280309238042	0.0
189.482803768148	0.0
189.49280444391556	0.0
189.50280511968313	0.0
189.5128057954507	0.0
189.52280647121827	291.0
189.53280714698585	291.0
189.54280782275342	0.0
189.552808498521	0.0
189.56280917428856	0.0
189.57280985005613	0.0
189.5828105258237	0.0
189.59281120159125	284.0
189.60281187735882	284.0
189.6128125531264	288.0
189.62281322889396	288.0
189.63281390466153	288.0
189.6428145804291	291.0
189.65281525619667	291.0
189.66281593196425	291.0
189.67281660773182	291.0
189.6828172834994	291.0
189.69281795926696	288.0
189.70281863503453	288.0
189.7128193108021	288.0
189.72281998656968	288.0
189.73282066233725	288.0
189.74282133810482	288.0
189.7528220138724	288.0
189.76282268963996	288.0
189.77282336540753	288.0
189.78282404117508	288.0
189.79282471694265	288.0
189.80282539271022	288.0
189.8128260684778	288.0
189.82282674424536	288.0
189.83282742001293	291.0
189.8428280957805	291.0
189.85282877154808	0.0
189.86282944731565	0.0
189.87283012308322	291.0
189.8828307988508	288.0
189.89283147461836	288.0
189.90283215038593	288.0
189.9128328261535	288.0
189.92283350192108	288.0
189.93283417768865	288.0
189.94283485345622	288.0
189.9528355292238	0.0
189.96283620499136	0.0
189.9728368807589	0.0
189.98283755652648	0.0
189.99283823229405	0.0
190.00283890806162	0.0
190.0128395838292	0.0
190.02284025959676	0.0
190.03284093536433	0.0
190.0428416111319	0.0
190.05284228689948	0.0
190.06284296266705	0.0
190.07284363843462	0.0
190.0828443142022	0.0
190.09284498996976	0.0
190.10284566573733	288.0
190.1128463415049	288.0
190.12284701727248	288.0
190.13284769304005	288.0
190.14284836880762	291.0
190.1528490445752	291.0
190.16284972034273	294.0
190.1728503961103	294.0
190.18285107187788	294.0
190.19285174764545	294.0
190.20285242341302	294.0
190.2128530991806	291.0
190.22285377494816	288.0
190.23285445071573	288.0
190.2428551264833	288.0
190.25285580225088	284.0
190.26285647801845	284.0
190.27285715378602	288.0
190.2828578295536	288.0
190.29285850532116	288.0
190.30285918108873	288.0
190.3128598568563	288.0
190.32286053262388	288.0
190.33286120839145	288.0
190.342861884159	288.0
190.35286255992656	288.0
190.36286323569414	288.0
190.3728639114617	288.0
190.38286458722928	288.0
190.39286526299685	288.0
190.40286593876442	288.0
190.412866614532	288.0
190.42286729029956	288.0
190.43286796606714	288.0
190.4428686418347	288.0
190.45286931760228	288.0
190.46286999336985	288.0
190.47287066913742	288.0
190.482871344905	291.0
190.49287202067256	291.0
190.50287269644014	291.0
190.5128733722077	291.0
190.52287404797528	291.0
190.53287472374282	291.0
190.5428753995104	288.0
190.55287607527796	288.0
190.56287675104554	288.0
190.5728774268131	288.0
190.58287810258068	288.0
190.59287877834825	288.0
190.60287945411582	288.0
190.6128801298834	288.0
190.62288080565096	288.0
190.63288148141854	288.0
190.6428821571861	288.0
190.65288283295368	288.0
190.66288350872125	288.0
190.67288418448882	288.0
190.6828848602564	288.0
190.69288553602397	291.0
190.70288621179154	291.0
190.7128868875591	291.0
190.72288756332665	291.0
190.73288823909422	0.0
190.7428889148618	291.0
190.75288959062937	291.0
190.76289026639694	288.0
190.7728909421645	288.0
190.78289161793208	288.0
190.79289229369965	288.0
190.80289296946722	288.0
190.8128936452348	291.0
190.82289432100237	291.0
190.83289499676994	291.0
190.8428956725375	291.0
190.85289634830508	294.0
190.86289702407265	291.0
190.87289769984022	291.0
190.8828983756078	291.0
190.89289905137537	291.0
190.90289972714294	291.0
190.91290040291048	291.0
190.92290107867805	291.0
190.93290175444562	291.0
190.9429024302132	291.0
190.95290310598077	291.0
190.96290378174834	291.0
190.9729044575159	291.0
190.98290513328348	291.0
190.99290580905105	291.0
191.00290648481862	291.0
191.0129071605862	0.0
191.02290783635377	0.0
191.03290851212134	0.0
191.0429091878889	0.0
191.05290986365648	291.0
191.06291053942405	291.0
191.07291121519162	291.0
191.0829118909592	0.0
191.09291256672677	0.0
191.1029132424943	0.0
191.11291391826188	0.0
191.12291459402945	0.0
191.13291526979702	0.0
191.1429159455646	0.0
191.15291662133217	0.0
191.16291729709974	0.0
191.1729179728673	0.0
191.18291864863488	0.0
191.19291932440245	0.0
191.20292000017002	0.0
191.2129206759376	0.0
191.22292135170517	0.0
191.23292202747274	0.0
191.2429227032403	0.0
191.25292337900788	0.0
191.26292405477545	0.0
191.27292473054302	0.0
191.2829254063106	0.0
191.29292608207814	0.0
191.3029267578457	0.0
191.31292743361328	0.0
191.32292810938085	0.0
191.33292878514843	0.0
191.342929460916	0.0
191.35293013668357	0.0
191.36293081245114	0.0
191.3729314882187	0.0
191.38293216398628	0.0
191.39293283975385	0.0
191.40293351552143	0.0
191.412934191289	0.0
191.42293486705657	0.0
191.43293554282414	0.0
191.4429362185917	0.0
191.45293689435928	0.0
191.46293757012685	0.0
191.47293824589443	0.0
191.48293892166197	0.0
191.49293959742954	0.0
191.5029402731971	0.0
191.51294094896468	0.0
191.52294162473225	0.0
191.53294230049983	0.0
191.5429429762674	0.0
191.55294365203497	0.0
191.56294432780254	0.0
191.5729450035701	0.0
191.58294567933768	0.0
191.59294635510525	0.0
191.60294703087283	0.0
191.6129477066404	0.0
191.62294838240797	0.0
191.63294905817554	0.0
191.6429497339431	0.0
191.65295040971068	0.0
191.66295108547823	0.0
191.6729517612458	0.0
191.68295243701337	0.0
191.69295311278094	0.0
191.7029537885485	0.0
191.71295446431608	0.0
191.72295514008366	0.0
191.73295581585123	0.0
191.7429564916188	0.0
191.75295716738637	0.0
191.76295784315394	0.0
191.7729585189215	0.0
191.78295919468908	0.0
191.79295987045666	0.0
191.80296054622423	0.0
191.8129612219918	0.0
191.82296189775937	0.0
191.83296257352694	0.0
191.8429632492945	0.0
191.85296392506206	0.0
191.86296460082963	0.0
191.8729652765972	0.0
191.88296595236477	0.0
191.89296662813234	0.0
191.9029673038999	0.0
191.91296797966748	0.0
191.92296865543506	0.0
191.93296933120263	0.0
191.9429700069702	0.0
191.95297068273777	291.0
191.96297135850534	291.0
191.9729720342729	291.0
191.98297271004049	291.0
191.99297338580806	291.0
192.00297406157563	291.0
192.0129747373432	0.0
192.02297541311077	0.0
192.03297608887834	0.0
192.04297676464589	0.0
192.05297744041346	0.0
192.06297811618103	0.0
192.0729787919486	0.0
192.08297946771617	0.0
192.09298014348374	0.0
192.10298081925131	0.0
192.1129814950189	0.0
192.12298217078646	0.0
192.13298284655403	0.0
192.1429835223216	0.0
192.15298419808917	0.0
192.16298487385674	0.0
192.17298554962431	0.0
192.1829862253919	0.0
192.19298690115946	0.0
192.20298757692703	0.0
192.2129882526946	0.0
192.22298892846217	0.0
192.23298960422972	0.0
192.2429902799973	0.0
192.25299095576486	0.0
192.26299163153243	0.0
192.2729923073	0.0
192.28299298306757	0.0
192.29299365883514	0.0
192.30299433460272	0.0
192.3129950103703	0.0
192.32299568613786	0.0
192.33299636190543	0.0
192.342997037673	0.0
192.35299771344057	0.0
192.36299838920814	0.0
192.37299906497572	0.0
192.3829997407433	0.0
192.39300041651086	0.0
192.40300109227843	0.0
192.413001768046	0.0
192.42300244381354	0.0
192.43300311958112	0.0
192.4430037953487	0.0
192.45300447111626	0.0
192.46300514688383	0.0
192.4730058226514	0.0
192.48300649841897	0.0
192.49300717418654	0.0
192.50300784995412	0.0
192.5130085257217	0.0
192.52300920148926	0.0
192.53300987725683	0.0
192.5430105530244	0.0
192.55301122879197	0.0
192.56301190455954	0.0
192.57301258032712	0.0
192.5830132560947	0.0
192.59301393186226	0.0
192.60301460762983	0.0
192.61301528339737	0.0
192.62301595916495	0.0
192.63301663493252	0.0
192.6430173107001	0.0
192.65301798646766	0.0
192.66301866223523	0.0
192.6730193380028	0.0
192.68302001377037	0.0
192.69302068953795	0.0
192.70302136530552	0.0
192.7130220410731	0.0
192.72302271684066	0.0
192.73302339260823	0.0
192.7430240683758	0.0
192.75302474414337	0.0
192.76302541991095	0.0
192.77302609567852	0.0
192.7830267714461	0.0
192.79302744721366	0.0
192.8030281229812	0.0
192.81302879874877	0.0
192.82302947451635	0.0
192.83303015028392	0.0
192.8430308260515	0.0
192.85303150181906	0.0
192.86303217758663	0.0
192.8730328533542	0.0
192.88303352912178	0.0
192.89303420488935	0.0
192.90303488065692	0.0
192.9130355564245	0.0
192.92303623219206	0.0
192.93303690795963	0.0
192.9430375837272	0.0
192.95303825949478	0.0
192.96303893526235	0.0
192.97303961102992	0.0
192.98304028679746	0.0
192.99304096256503	0.0
193.0030416383326	0.0
193.01304231410018	0.0
193.02304298986775	0.0
193.03304366563532	0.0
193.0430443414029	0.0
193.05304501717046	0.0
193.06304569293803	0.0
193.0730463687056	0.0
193.08304704447318	0.0
193.09304772024075	0.0
193.10304839600832	0.0
193.1130490717759	0.0
193.12304974754346	0.0
193.13305042331103	0.0
193.1430510990786	0.0
193.15305177484618	0.0
193.16305245061375	0.0
193.1730531263813	0.0
193.18305380214886	0.0
193.19305447791643	0.0
193.203055153684	0.0
193.21305582945158	0.0
193.22305650521915	0.0
193.23305718098672	0.0
193.2430578567543	0.0
193.25305853252186	0.0
193.26305920828943	0.0
193.273059884057	0.0
193.28306055982458	0.0
193.29306123559215	291.0
193.30306191135972	291.0
193.3130625871273	291.0
193.32306326289486	291.0
193.33306393866243	291.0
193.34306461443	291.0
193.35306529019758	291.0
193.36306596596512	291.0
193.3730666417327	291.0
193.38306731750026	291.0
193.39306799326783	291.0
193.4030686690354	291.0
193.41306934480298	294.0
193.42307002057055	294.0
193.43307069633812	294.0
193.4430713721057	291.0
193.45307204787326	291.0
193.46307272364083	291.0
193.4730733994084	288.0
193.48307407517598	288.0
193.49307475094355	288.0
193.50307542671112	291.0
193.5130761024787	291.0
193.52307677824626	291.0
193.53307745401383	291.0
193.5430781297814	291.0
193.55307880554895	291.0
193.56307948131652	291.0
193.5730801570841	291.0
193.58308083285166	291.0
193.59308150861924	291.0
193.6030821843868	291.0
193.61308286015438	291.0
193.62308353592195	291.0
193.63308421168952	291.0
193.6430848874571	291.0
193.65308556322466	291.0
193.66308623899224	291.0
193.6730869147598	291.0
193.68308759052738	294.0
193.69308826629495	294.0
193.70308894206252	294.0
193.7130896178301	294.0
193.72309029359766	291.0
193.73309096936524	291.0
193.74309164513278	291.0
193.75309232090035	288.0
193.76309299666792	288.0
193.7730936724355	288.0
193.78309434820306	288.0
193.79309502397064	291.0
193.8030956997382	291.0
193.81309637550578	291.0
193.82309705127335	291.0
193.83309772704092	291.0
193.8430984028085	291.0
193.85309907857607	291.0
193.86309975434364	291.0
193.8731004301112	291.0
193.88310110587878	291.0
193.89310178164635	291.0
193.90310245741392	291.0
193.9131031331815	291.0
193.92310380894907	291.0
193.9331044847166	291.0
193.94310516048418	291.0
193.95310583625175	288.0
193.96310651201932	288.0
193.9731071877869	288.0
193.98310786355447	288.0
193.99310853932204	291.0
194.0031092150896	291.0
194.01310989085718	291.0
194.02311056662475	291.0
194.03311124239232	291.0
194.0431119181599	291.0
194.05311259392747	291.0
194.06311326969504	291.0
194.0731139454626	291.0
194.08311462123018	291.0
194.09311529699775	291.0
194.10311597276532	291.0
194.1131166485329	291.0
194.12311732430044	291.0
194.133118000068	291.0
194.14311867583558	291.0
194.15311935160315	291.0
194.16312002737072	291.0
194.1731207031383	291.0
194.18312137890587	291.0
194.19312205467344	291.0
194.203122730441	294.0
194.21312340620858	294.0
194.22312408197615	294.0
194.23312475774372	291.0
194.2431254335113	291.0
194.25312610927887	291.0
194.26312678504644	291.0
194.273127460814	291.0
194.28312813658158	291.0
194.29312881234915	291.0
194.3031294881167	291.0
194.31313016388427	291.0
194.32313083965184	291.0
194.3331315154194	291.0
194.34313219118698	291.0
194.35313286695455	291.0
194.36313354272212	294.0
194.3731342184897	294.0
194.38313489425727	294.0
194.39313557002484	294.0
194.4031362457924	291.0
194.41313692155998	291.0
194.42313759732755	291.0
194.43313827309512	291.0
194.4431389488627	291.0
194.45313962463027	291.0
194.46314030039784	291.0
194.4731409761654	291.0
194.48314165193298	291.0
194.49314232770053	291.0
194.5031430034681	291.0
194.51314367923567	291.0
194.52314435500324	291.0
194.5331450307708	294.0
194.54314570653838	294.0
194.55314638230595	291.0
194.56314705807353	291.0
194.5731477338411	288.0
194.58314840960867	288.0
194.59314908537624	291.0
194.6031497611438	291.0
194.61315043691138	291.0
194.62315111267895	291.0
194.63315178844653	291.0
194.6431524642141	291.0
194.65315313998167	291.0
194.66315381574924	291.0
194.6731544915168	291.0
194.68315516728435	291.0
194.69315584305193	291.0
194.7031565188195	291.0
194.71315719458707	291.0
194.72315787035464	291.0
194.7331585461222	291.0
194.74315922188978	291.0
194.75315989765735	291.0
194.76316057342493	291.0
194.7731612491925	291.0
194.78316192496007	291.0
194.79316260072764	291.0
194.8031632764952	291.0
194.81316395226278	291.0
194.82316462803036	291.0
194.83316530379793	291.0
194.8431659795655	291.0
194.85316665533307	291.0
194.86316733110064	291.0
194.87316800686818	291.0
194.88316868263576	291.0
194.89316935840333	291.0
194.9031700341709	291.0
194.91317070993847	291.0
194.92317138570604	291.0
194.9331720614736	291.0
194.94317273724118	291.0
194.95317341300876	291.0
194.96317408877633	291.0
194.9731747645439	291.0
194.98317544031147	291.0
194.99317611607904	291.0
195.0031767918466	291.0
195.01317746761418	291.0
195.02317814338176	294.0
195.03317881914933	294.0
195.0431794949169	291.0
195.05318017068447	291.0
195.063180846452	291.0
195.07318152221958	291.0
195.08318219798716	291.0
195.09318287375473	291.0
195.1031835495223	291.0
195.11318422528987	291.0
195.12318490105744	291.0
195.133185576825	291.0
195.14318625259259	291.0
195.15318692836016	291.0
195.16318760412773	291.0
195.1731882798953	291.0
195.18318895566287	291.0
195.19318963143044	291.0
195.203190307198	294.0
195.21319098296559	294.0
195.22319165873316	294.0
195.23319233450073	294.0
195.2431930102683	294.0
195.25319368603584	291.0
195.26319436180341	291.0
195.27319503757099	288.0
195.28319571333856	288.0
195.29319638910613	288.0
195.3031970648737	288.0
195.31319774064127	291.0
195.32319841640884	291.0
195.33319909217641	291.0
195.343199767944	291.0
195.35320044371156	291.0
195.36320111947913	291.0
195.3732017952467	291.0
195.38320247101427	291.0
195.39320314678184	291.0
195.40320382254941	291.0
195.413204498317	291.0
195.42320517408456	291.0
195.43320584985213	291.0
195.44320652561967	291.0
195.45320720138724	291.0
195.46320787715482	291.0
195.4732085529224	291.0
195.48320922868996	291.0
195.49320990445753	291.0
195.5032105802251	291.0
195.51321125599267	291.0
195.52321193176024	291.0
195.53321260752782	291.0
195.5432132832954	291.0
195.55321395906296	291.0
195.56321463483053	291.0
195.5732153105981	291.0
195.58321598636567	291.0
195.59321666213324	291.0
195.60321733790082	291.0
195.6132180136684	291.0
195.62321868943593	291.0
195.6332193652035	291.0
195.64322004097107	291.0
195.65322071673864	291.0
195.66322139250622	291.0
195.6732220682738	291.0
195.68322274404136	291.0
195.69322341980893	291.0
195.7032240955765	291.0
195.71322477134407	291.0
195.72322544711164	291.0
195.73322612287922	291.0
195.7432267986468	291.0
195.75322747441436	291.0
195.76322815018193	291.0
195.7732288259495	291.0
195.78322950171707	291.0
195.79323017748465	291.0
195.80323085325222	291.0
195.81323152901976	291.0
195.82323220478733	291.0
195.8332328805549	291.0
195.84323355632247	291.0
195.85323423209005	291.0
195.86323490785762	291.0
195.8732355836252	291.0
195.88323625939276	291.0
195.89323693516033	294.0
195.9032376109279	294.0
195.91323828669547	291.0
195.92323896246305	291.0
195.93323963823062	291.0
195.9432403139982	291.0
195.95324098976576	291.0
195.96324166553333	288.0
195.9732423413009	288.0
195.98324301706847	288.0
195.99324369283605	288.0
196.0032443686036	291.0
196.01324504437116	291.0
196.02324572013873	291.0
196.0332463959063	291.0
196.04324707167387	291.0
196.05324774744145	291.0
196.06324842320902	291.0
196.0732490989766	291.0
196.08324977474416	291.0
196.09325045051173	291.0
196.1032511262793	288.0
196.11325180204688	288.0
196.12325247781445	288.0
196.13325315358202	288.0
196.1432538293496	288.0
196.15325450511716	288.0
196.16325518088473	288.0
196.1732558566523	288.0
196.18325653241988	291.0
196.19325720818742	291.0
196.203257883955	291.0
196.21325855972256	291.0
196.22325923549013	294.0
196.2332599112577	294.0
196.24326058702528	294.0
196.25326126279285	294.0
196.26326193856042	294.0
196.273262614328	294.0
196.28326329009556	291.0
196.29326396586313	291.0
196.3032646416307	291.0
196.31326531739828	288.0
196.32326599316585	288.0
196.33326666893342	288.0
196.343267344701	291.0
196.35326802046856	291.0
196.36326869623613	291.0
196.3732693720037	291.0
196.38327004777125	294.0
196.39327072353882	294.0
196.4032713993064	294.0
196.41327207507396	294.0
196.42327275084153	294.0
196.4332734266091	291.0
196.44327410237668	291.0
196.45327477814425	291.0
196.46327545391182	291.0
196.4732761296794	291.0
196.48327680544696	288.0
196.49327748121453	288.0
196.5032781569821	291.0
196.51327883274968	291.0
196.52327950851725	291.0
196.53328018428482	291.0
196.5432808600524	291.0
196.55328153581996	291.0
196.56328221158753	291.0
196.57328288735508	291.0
196.58328356312265	291.0
196.59328423889022	291.0
196.6032849146578	291.0
196.61328559042536	288.0
196.62328626619293	288.0
196.6332869419605	288.0
196.64328761772808	288.0
196.65328829349565	288.0
196.66328896926322	291.0
196.6732896450308	291.0
196.68329032079836	291.0
196.69329099656593	291.0
196.7032916723335	294.0
196.71329234810108	294.0
196.72329302386865	294.0
196.73329369963622	291.0
196.7432943754038	291.0
196.75329505117134	291.0
196.7632957269389	291.0
196.77329640270648	291.0
196.78329707847405	288.0
196.79329775424162	288.0
196.8032984300092	284.0
196.81329910577676	281.0
196.82329978154434	272.0
196.8333004573119	262.0
196.84330113307948	256.0
196.85330180884705	248.0
196.86330248461462	239.0
196.8733031603822	236.0
196.88330383614976	236.0
196.89330451191734	239.0
196.9033051876849	245.0
196.91330586345248	250.0
196.92330653922005	256.0
196.93330721498762	262.0
196.94330789075516	268.0
196.95330856652274	288.0
196.9633092422903	291.0
196.97330991805788	291.0
196.98331059382545	291.0
196.99331126959302	291.0
197.0033119453606	291.0
197.01331262112816	291.0
197.02331329689574	294.0
197.0333139726633	294.0
197.04331464843088	294.0
197.05331532419845	256.0
197.06331599996602	234.0
197.0733166757336	234.0
197.08331735150117	236.0
197.09331802726874	242.0
197.1033187030363	248.0
197.11331937880388	250.0
197.12332005457145	253.0
197.133320730339	259.0
197.14332140610657	259.0
197.15332208187414	259.0
197.1633227576417	259.0
197.17332343340928	256.0
197.18332410917685	250.0
197.19332478494442	245.0
197.203325460712	239.0
197.21332613647957	231.0
197.22332681224714	226.0
197.2333274880147	226.0
197.24332816378228	226.0
197.25332883954985	234.0
197.26332951531742	242.0
197.273330191085	250.0
197.28333086685257	253.0
197.29333154262014	259.0
197.3033322183877	259.0
197.31333289415528	259.0
197.32333356992282	256.0
197.3333342456904	250.0
197.34333492145797	239.0
197.35333559722554	228.0
197.3633362729931	220.0
197.37333694876068	215.0
197.38333762452825	210.0
197.39333830029582	208.0
197.4033389760634	208.0
197.41333965183097	208.0
197.42334032759854	210.0
197.4333410033661	213.0
197.44334167913368	213.0
197.45334235490125	213.0
197.46334303066882	213.0
197.4733437064364	213.0
197.48334438220397	218.0
197.49334505797154	218.0
197.5033457337391	220.0
197.51334640950665	218.0
197.52334708527422	218.0
197.5333477610418	215.0
197.54334843680937	215.0
197.55334911257694	215.0
197.5633497883445	215.0
197.57335046411208	218.0
197.58335113987965	218.0
197.59335181564722	220.0
197.6033524914148	220.0
197.61335316718237	220.0
197.62335384294994	220.0
197.6333545187175	220.0
197.64335519448508	220.0
197.65335587025265	220.0
197.66335654602022	220.0
197.6733572217878	220.0
197.68335789755537	220.0
197.69335857332294	220.0
197.70335924909048	220.0
197.71335992485805	220.0
197.72336060062563	220.0
197.7333612763932	220.0
197.74336195216077	220.0
197.75336262792834	223.0
197.7633633036959	226.0
197.77336397946348	228.0
197.78336465523105	234.0
197.79336533099863	245.0
197.8033660067662	253.0
197.81336668253377	265.0
197.82336735830134	275.0
197.8333680340689	0.0
197.84336870983648	0.0
197.85336938560405	0.0
197.86337006137163	0.0
197.8733707371392	0.0
197.88337141290677	0.0
197.8933720886743	0.0
197.90337276444188	284.0
197.91337344020945	281.0
197.92337411597703	278.0
197.9333747917446	272.0
197.94337546751217	265.0
197.95337614327974	259.0
197.9633768190473	253.0
197.97337749481488	250.0
197.98337817058245	245.0
197.99337884635003	242.0
198.0033795221176	239.0
198.01338019788517	236.0
198.02338087365274	236.0
198.0333815494203	239.0
198.04338222518788	242.0
198.05338290095546	245.0
198.06338357672303	248.0
198.07338425249057	250.0
198.08338492825814	253.0
198.0933856040257	259.0
198.10338627979328	272.0
198.11338695556086	278.0
198.12338763132843	284.0
198.133388307096	284.0
198.14338898286357	281.0
198.15338965863114	275.0
198.1633903343987	268.0
198.17339101016628	262.0
198.18339168593386	256.0
198.19339236170143	250.0
198.203393037469	248.0
198.21339371323657	245.0
198.22339438900414	242.0
198.2333950647717	275.0
198.24339574053928	268.0
198.25339641630686	262.0
198.2633970920744	256.0
198.27339776784197	253.0
198.28339844360954	250.0
198.2933991193771	245.0
198.30339979514468	242.0
198.31340047091226	236.0
198.32340114667983	234.0
198.3334018224474	234.0
198.34340249821497	234.0
198.35340317398254	236.0
198.3634038497501	236.0
198.37340452551769	236.0
198.38340520128526	0.0
198.39340587705283	0.0
198.4034065528204	0.0
198.41340722858797	248.0
198.42340790435554	256.0
198.4334085801231	256.0
198.44340925589069	259.0
198.45340993165823	256.0
198.4634106074258	256.0
198.47341128319337	256.0
198.48341195896094	253.0
198.49341263472851	250.0
198.5034133104961	250.0
198.51341398626366	248.0
198.52341466203123	248.0
198.5334153377988	248.0
198.54341601356637	250.0
198.55341668933394	250.0
198.56341736510151	250.0
198.5734180408691	250.0
198.58341871663666	250.0
198.59341939240423	248.0
198.6034200681718	248.0
198.61342074393937	248.0
198.62342141970694	248.0
198.63342209547451	245.0
198.64342277124206	245.0
198.65342344700963	242.0
198.6634241227772	239.0
198.67342479854477	236.0
198.68342547431234	231.0
198.69342615007992	228.0
198.7034268258475	226.0
198.71342750161506	223.0
198.72342817738263	220.0
198.7334288531502	218.0
198.74342952891777	215.0
198.75343020468534	215.0
198.76343088045292	218.0
198.7734315562205	220.0
198.78343223198806	220.0
198.79343290775563	220.0
198.8034335835232	218.0
198.81343425929077	218.0
198.82343493505834	215.0
198.8334356108259	215.0
198.84343628659346	215.0
198.85343696236103	215.0
198.8634376381286	215.0
198.87343831389617	218.0
198.88343898966374	218.0
198.89343966543132	0.0
198.9034403411989	0.0
198.91344101696646	0.0
198.92344169273403	0.0
198.9334423685016	0.0
198.94344304426917	0.0
198.95344372003674	0.0
198.96344439580432	0.0
198.9734450715719	0.0
198.98344574733946	0.0
198.99344642310703	0.0
199.0034470988746	228.0
199.01344777464217	236.0
199.02344845040972	242.0
199.0334491261773	245.0
199.04344980194486	250.0
199.05345047771243	259.0
199.06345115348	265.0
199.07345182924757	272.0
199.08345250501515	278.0
199.09345318078272	281.0
199.1034538565503	0.0
199.11345453231786	0.0
199.12345520808543	0.0
199.133455883853	0.0
199.14345655962057	288.0
199.15345723538815	288.0
199.16345791115572	288.0
199.1734585869233	288.0
199.18345926269086	284.0
199.19345993845843	281.0
199.203460614226	278.0
199.21346128999355	278.0
199.22346196576112	272.0
199.2334626415287	268.0
199.24346331729626	265.0
199.25346399306383	259.0
199.2634646688314	256.0
199.27346534459897	253.0
199.28346602036655	250.0
199.29346669613412	248.0
199.3034673719017	245.0
199.31346804766926	245.0
199.32346872343683	242.0
199.3334693992044	242.0
199.34347007497198	242.0
199.35347075073955	242.0
199.36347142650712	242.0
199.3734721022747	245.0
199.38347277804226	245.0
199.3934734538098	248.0
199.40347412957738	0.0
199.41347480534495	0.0
199.42347548111252	0.0
199.4334761568801	272.0
199.44347683264766	278.0
199.45347750841523	281.0
199.4634781841828	284.0
199.47347885995038	284.0
199.48347953571795	0.0
199.49348021148552	0.0
199.5034808872531	0.0
199.51348156302066	0.0
199.52348223878823	284.0
199.5334829145558	284.0
199.54348359032338	284.0
199.55348426609095	284.0
199.56348494185852	281.0
199.5734856176261	278.0
199.58348629339363	0.0
199.5934869691612	0.0
199.60348764492878	0.0
199.61348832069635	0.0
199.62348899646392	0.0
199.6334896722315	0.0
199.64349034799906	0.0
199.65349102376663	0.0
199.6634916995342	245.0
199.67349237530178	245.0
199.68349305106935	245.0
199.69349372683692	245.0
199.7034944026045	245.0
199.71349507837206	245.0
199.72349575413963	248.0
199.7334964299072	253.0
199.74349710567478	256.0
199.75349778144235	259.0
199.76349845720992	265.0
199.77349913297746	268.0
199.78349980874503	275.0
199.7935004845126	281.0
199.80350116028018	284.0
199.81350183604775	288.0
199.82350251181532	288.0
199.8335031875829	288.0
199.84350386335046	288.0
199.85350453911803	288.0
199.8635052148856	288.0
199.87350589065318	284.0
199.88350656642075	284.0
199.89350724218832	284.0
199.9035079179559	281.0
199.91350859372346	275.0
199.92350926949103	268.0
199.9335099452586	262.0
199.94351062102618	256.0
199.95351129679375	253.0
199.9635119725613	250.0
199.97351264832886	248.0
199.98351332409644	248.0
199.993513999864	245.0
200.00351467563158	242.0
200.01351535139915	242.0
200.02351602716672	242.0
200.0335167029343	242.0
200.04351737870186	245.0
200.05351805446944	250.0
200.063518730237	256.0
200.07351940600458	262.0
200.08352008177215	265.0
200.09352075753972	272.0
200.1035214333073	278.0
200.11352210907486	284.0
200.12352278484244	288.0
200.13352346061	291.0
200.14352413637758	294.0
200.15352481214512	294.0
200.1635254879127	291.0
200.17352616368026	288.0
200.18352683944784	284.0
200.1935275152154	284.0
200.20352819098298	281.0
200.21352886675055	281.0
200.22352954251812	278.0
200.2335302182857	272.0
200.24353089405327	268.0
200.25353156982084	262.0
200.2635322455884	259.0
200.27353292135598	256.0
200.28353359712355	250.0
200.29353427289112	248.0
200.3035349486587	248.0
200.31353562442627	245.0
200.32353630019384	245.0
200.3335369759614	245.0
200.34353765172895	248.0
200.35353832749652	248.0
200.3635390032641	248.0
200.37353967903167	248.0
200.38354035479924	0.0
200.3935410305668	0.0
200.40354170633438	0.0
200.41354238210195	0.0
200.42354305786952	0.0
200.4335437336371	0.0
200.44354440940467	0.0
200.45354508517224	0.0
200.4635457609398	0.0
200.47354643670738	0.0
200.48354711247495	0.0
200.49354778824252	0.0
200.5035484640101	0.0
200.51354913977767	0.0
200.52354981554524	0.0
200.53355049131278	0.0
200.54355116708035	0.0
200.55355184284792	0.0
200.5635525186155	0.0
200.57355319438307	0.0
200.58355387015064	0.0
200.5935545459182	0.0
200.60355522168578	0.0
200.61355589745335	0.0
200.62355657322092	0.0
200.6335572489885	0.0
200.64355792475607	0.0
200.65355860052364	0.0
200.6635592762912	0.0
200.67355995205878	0.0
200.68356062782635	0.0
200.69356130359392	0.0
200.7035619793615	0.0
200.71356265512904	0.0
200.7235633308966	0.0
200.73356400666418	0.0
200.74356468243175	0.0
200.75356535819932	0.0
200.7635660339669	0.0
200.77356670973447	0.0
200.78356738550204	0.0
200.7935680612696	0.0
200.80356873703718	0.0
200.81356941280475	0.0
200.82357008857232	0.0
200.8335707643399	0.0
200.84357144010747	0.0
200.85357211587504	0.0
200.8635727916426	0.0
200.87357346741018	0.0
200.88357414317775	0.0
200.89357481894532	0.0
200.90357549471287	0.0
200.91357617048044	0.0
200.923576846248	0.0
200.93357752201558	0.0
200.94357819778315	0.0
200.95357887355073	0.0
200.9635795493183	0.0
200.97358022508587	0.0
200.98358090085344	0.0
200.993581576621	0.0
201.00358225238858	0.0
201.01358292815615	0.0
201.02358360392373	0.0
201.0335842796913	0.0
201.04358495545887	0.0
201.05358563122644	0.0
201.063586306994	0.0
201.07358698276158	0.0
201.08358765852915	0.0
201.0935883342967	0.0
201.10358901006427	0.0
201.11358968583184	0.0
201.1235903615994	0.0
201.13359103736698	0.0
201.14359171313455	0.0
201.15359238890213	0.0
201.1635930646697	0.0
201.17359374043727	0.0
201.18359441620484	0.0
201.1935950919724	0.0
201.20359576773998	0.0
201.21359644350756	0.0
201.22359711927513	0.0
201.2335977950427	0.0
201.24359847081027	0.0
201.25359914657784	0.0
201.2635998223454	0.0
201.27360049811298	0.0
201.28360117388053	0.0
201.2936018496481	0.0
201.30360252541567	0.0
201.31360320118324	0.0
201.3236038769508	0.0
201.33360455271838	0.0
201.34360522848596	0.0
201.35360590425353	0.0
201.3636065800211	0.0
201.37360725578867	248.0
201.38360793155624	248.0
201.3936086073238	245.0
201.40360928309138	239.0
201.41360995885896	236.0
201.42361063462653	234.0
201.4336113103941	231.0
201.44361198616167	231.0
201.45361266192924	231.0
201.4636133376968	234.0
201.47361401346436	239.0
201.48361468923193	245.0
201.4936153649995	250.0
201.50361604076707	256.0
201.51361671653464	259.0
201.5236173923022	262.0
201.53361806806979	262.0
201.54361874383736	259.0
201.55361941960493	256.0
201.5636200953725	250.0
201.57362077114007	248.0
201.58362144690764	242.0
201.5936221226752	239.0
201.60362279844279	234.0
201.61362347421036	231.0
201.62362414997793	228.0
201.6336248257455	231.0
201.64362550151307	234.0
201.65362617728064	239.0
201.66362685304819	242.0
201.67362752881576	250.0
201.68362820458333	256.0
201.6936288803509	262.0
201.70362955611847	265.0
201.71363023188604	272.0
201.72363090765361	278.0
201.7336315834212	284.0
201.74363225918876	288.0
201.75363293495633	288.0
201.7636336107239	288.0
201.77363428649147	288.0
201.78363496225904	288.0
201.79363563802661	288.0
201.8036363137942	288.0
201.81363698956176	284.0
201.82363766532933	284.0
201.8336383410969	284.0
201.84363901686447	284.0
201.85363969263202	284.0
201.8636403683996	284.0
201.87364104416716	284.0
201.88364171993473	284.0
201.8936423957023	288.0
201.90364307146987	288.0
201.91364374723744	288.0
201.92364442300502	288.0
201.9336450987726	288.0
201.94364577454016	288.0
201.95364645030773	284.0
201.9636471260753	284.0
201.97364780184287	284.0
201.98364847761044	284.0
201.99364915337802	288.0
202.0036498291456	288.0
202.01365050491316	288.0
202.02365118068073	288.0
202.03365185644827	288.0
202.04365253221584	288.0
202.05365320798342	288.0
202.063653883751	288.0
202.07365455951856	288.0
202.08365523528613	288.0
202.0936559110537	288.0
202.10365658682127	288.0
202.11365726258884	288.0
202.12365793835642	291.0
202.133658614124	291.0
202.14365928989156	291.0
202.15365996565913	288.0
202.1636606414267	288.0
202.17366131719427	288.0
202.18366199296185	288.0
202.19366266872942	288.0
202.203663344497	288.0
202.21366402026456	288.0
202.2236646960321	288.0
202.23366537179967	288.0
202.24366604756725	291.0
202.25366672333482	0.0
202.2636673991024	576.0
202.27366807486996	576.0
202.28366875063753	576.0
202.2936694264051	576.0
202.30367010217267	0.0
202.31367077794025	0.0
202.32367145370782	0.0
202.3336721294754	0.0
202.34367280524296	0.0
202.35367348101053	0.0
202.3636741567781	0.0
202.37367483254567	0.0
202.38367550831325	288.0
202.39367618408082	576.0
202.4036768598484	576.0
202.41367753561593	583.0
202.4236782113835	596.0
202.43367888715107	596.0
202.44367956291865	596.0
202.45368023868622	596.0
202.4636809144538	589.0
202.47368159022136	583.0
202.48368226598893	583.0
202.4936829417565	0.0
202.50368361752408	0.0
202.51368429329165	0.0
202.52368496905922	0.0
202.5336856448268	0.0
202.54368632059436	0.0
202.55368699636193	0.0
202.5636876721295	0.0
202.57368834789708	0.0
202.58368902366465	0.0
202.59368969943222	0.0
202.60369037519976	0.0
202.61369105096733	0.0
202.6236917267349	0.0
202.63369240250248	0.0
202.64369307827005	0.0
202.65369375403762	0.0
202.6636944298052	0.0
202.67369510557276	0.0
202.68369578134033	0.0
202.6936964571079	0.0
202.70369713287548	0.0
202.71369780864305	0.0
202.72369848441062	0.0
202.7336991601782	0.0
202.74369983594576	0.0
202.75370051171333	0.0
202.7637011874809	0.0
202.77370186324848	0.0
202.78370253901605	0.0
202.7937032147836	0.0
202.80370389055116	0.0
202.81370456631873	0.0
202.8237052420863	0.0
202.83370591785388	0.0
202.84370659362145	0.0
202.85370726938902	0.0
202.8637079451566	0.0
202.87370862092416	0.0
202.88370929669173	0.0
202.8937099724593	0.0
202.90371064822688	0.0
202.91371132399445	0.0
202.92371199976202	0.0
202.9337126755296	0.0
202.94371335129716	0.0
202.95371402706473	0.0
202.9637147028323	0.0
202.97371537859988	0.0
202.98371605436742	0.0
202.993716730135	0.0
203.00371740590256	0.0
203.01371808167013	0.0
203.0237187574377	0.0
203.03371943320528	0.0
203.04372010897285	0.0
203.05372078474042	0.0
203.063721460508	0.0
203.07372213627556	0.0
203.08372281204313	0.0
203.0937234878107	0.0
203.10372416357828	0.0
203.11372483934585	0.0
203.12372551511342	0.0
203.133726190881	0.0
203.14372686664856	0.0
203.15372754241614	0.0
203.1637282181837	0.0
203.17372889395125	0.0
203.18372956971882	0.0
203.1937302454864	0.0
203.20373092125396	0.0
203.21373159702154	0.0
203.2237322727891	0.0
203.23373294855668	0.0
203.24373362432425	0.0
203.25373430009182	0.0
203.2637349758594	0.0
203.27373565162696	0.0
203.28373632739454	0.0
203.2937370031621	0.0
203.30373767892968	0.0
203.31373835469725	0.0
203.32373903046482	0.0
203.3337397062324	0.0
203.34374038199996	0.0
203.3537410577675	0.0
203.36374173353508	0.0
203.37374240930265	0.0
203.38374308507022	0.0
203.3937437608378	0.0
203.40374443660536	0.0
203.41374511237294	0.0
203.4237457881405	0.0
203.43374646390808	0.0
203.44374713967565	0.0
203.45374781544322	0.0
203.4637484912108	0.0
203.47374916697837	0.0
203.48374984274594	0.0
203.4937505185135	0.0
203.50375119428108	0.0
203.51375187004865	0.0
203.52375254581622	0.0
203.5337532215838	288.0
203.54375389735134	288.0
203.5537545731189	288.0
203.56375524888648	288.0
203.57375592465405	288.0
203.58375660042162	288.0
203.5937572761892	288.0
203.60375795195677	288.0
203.61375862772434	288.0
203.6237593034919	288.0
203.63375997925948	323.0
203.64376065502705	323.0
203.65376133079462	323.0
203.6637620065622	323.0
203.67376268232977	288.0
203.68376335809734	288.0
203.6937640338649	0.0
203.70376470963248	0.0
203.71376538540005	0.0
203.72376606116762	0.0
203.73376673693517	0.0
203.74376741270274	0.0
203.7537680884703	327.0
203.76376876423788	327.0
203.77376944000545	327.0
203.78377011577302	327.0
203.7937707915406	323.0
203.80377146730817	323.0
203.81377214307574	291.0
203.8237728188433	291.0
203.83377349461088	291.0
203.84377417037845	288.0
203.85377484614602	288.0
203.8637755219136	288.0
203.87377619768117	288.0
203.88377687344874	288.0
203.8937775492163	288.0
203.90377822498388	288.0
203.91377890075145	288.0
203.923779576519	288.0
203.93378025228657	288.0
203.94378092805414	323.0
203.9537816038217	288.0
203.96378227958928	288.0
203.97378295535685	288.0
203.98378363112442	288.0
203.993784306892	288.0
204.00378498265957	291.0
204.01378565842714	291.0
204.0237863341947	291.0
204.03378700996228	288.0
204.04378768572985	288.0
204.05378836149742	288.0
204.063789037265	288.0
204.07378971303257	288.0
204.08379038880014	288.0
204.0937910645677	0.0
204.10379174033528	327.0
204.11379241610283	327.0
204.1237930918704	0.0
204.13379376763797	323.0
204.14379444340554	323.0
204.1537951191731	323.0
204.16379579494068	323.0
204.17379647070825	0.0
204.18379714647583	323.0
204.1937978222434	0.0
204.20379849801097	288.0
204.21379917377854	288.0
204.2237998495461	288.0
204.23380052531368	288.0
204.24380120108125	288.0
204.25380187684883	288.0
204.2638025526164	0.0
204.27380322838397	0.0
204.28380390415154	0.0
204.2938045799191	0.0
204.30380525568665	0.0
204.31380593145423	0.0
204.3238066072218	0.0
204.33380728298937	0.0
204.34380795875694	0.0
204.3538086345245	0.0
204.36380931029208	0.0
204.37380998605965	0.0
204.38381066182723	288.0
204.3938113375948	291.0
204.40381201336237	294.0
204.41381268912994	291.0
204.4238133648975	291.0
204.43381404066508	291.0
204.44381471643266	291.0
204.45381539220023	291.0
204.4638160679678	291.0
204.47381674373537	294.0
204.48381741950294	301.0
204.49381809527048	312.0
204.50381877103806	331.0
204.51381944680563	338.0
204.5238201225732	346.0
204.53382079834077	346.0
204.54382147410834	342.0
204.5538221498759	338.0
204.56382282564348	338.0
204.57382350141106	334.0
204.58382417717863	334.0
204.5938248529462	323.0
204.60382552871377	319.0
204.61382620448134	319.0
204.6238268802489	323.0
204.63382755601648	331.0
204.64382823178406	338.0
204.65382890755163	342.0
204.6638295833192	350.0
204.67383025908674	354.0
204.6838309348543	358.0
204.69383161062188	358.0
204.70383228638946	363.0
204.71383296215703	363.0
204.7238336379246	363.0
204.73383431369217	363.0
204.74383498945974	358.0
204.7538356652273	354.0
204.76383634099489	354.0
204.77383701676246	350.0
204.78383769253003	350.0
204.7938383682976	350.0
204.80383904406517	350.0
204.81383971983274	354.0
204.8238403956003	354.0
204.83384107136789	350.0
204.84384174713546	350.0
204.85384242290303	350.0
204.86384309867057	350.0
204.87384377443814	350.0
204.88384445020571	350.0
204.8938451259733	350.0
204.90384580174086	346.0
204.91384647750843	346.0
204.923847153276	346.0
204.93384782904357	350.0
204.94384850481114	350.0
204.95384918057871	354.0
204.9638498563463	358.0
204.97385053211386	363.0
204.98385120788143	367.0
204.993851883649	367.0
205.00385255941657	363.0
205.01385323518414	363.0
205.02385391095171	358.0
205.0338545867193	354.0
205.04385526248686	350.0
205.0538559382544	350.0
205.06385661402197	346.0
205.07385728978954	346.0
205.08385796555712	342.0
205.0938586413247	338.0
205.10385931709226	331.0
205.11385999285983	327.0
205.1238606686274	323.0
205.13386134439497	319.0
205.14386202016254	319.0
205.15386269593012	316.0
205.1638633716977	308.0
205.17386404746526	305.0
205.18386472323283	301.0
205.1938653990004	298.0
205.20386607476797	294.0
205.21386675053554	294.0
205.22386742630312	294.0
205.2338681020707	291.0
205.24386877783823	291.0
205.2538694536058	291.0
205.26387012937337	291.0
205.27387080514094	291.0
205.28387148090852	291.0
205.2938721566761	294.0
205.30387283244366	294.0
205.31387350821123	294.0
205.3238741839788	294.0
205.33387485974637	294.0
205.34387553551394	291.0
205.35387621128152	291.0
205.3638768870491	291.0
205.37387756281666	291.0
205.38387823858423	291.0
205.3938789143518	291.0
205.40387959011937	291.0
205.41388026588695	291.0
205.42388094165452	291.0
205.43388161742206	291.0
205.44388229318963	291.0
205.4538829689572	291.0
205.46388364472477	291.0
205.47388432049235	294.0
205.48388499625992	294.0
205.4938856720275	294.0
205.50388634779506	294.0
205.51388702356263	294.0
205.5238876993302	291.0
205.53388837509777	291.0
205.54388905086535	291.0
205.55388972663292	288.0
205.5638904024005	288.0
205.57389107816806	291.0
205.58389175393563	291.0
205.5938924297032	294.0
205.60389310547077	298.0
205.61389378123835	301.0
205.6238944570059	305.0
205.63389513277346	308.0
205.64389580854103	312.0
205.6538964843086	323.0
205.66389716007617	334.0
205.67389783584375	350.0
205.68389851161132	363.0
205.6938991873789	367.0
205.70389986314646	367.0
205.71390053891403	358.0
205.7239012146816	342.0
205.73390189044918	331.0
205.74390256621675	319.0
205.75390324198432	312.0
205.7639039177519	308.0
205.77390459351946	305.0
205.78390526928703	305.0
205.7939059450546	308.0
205.80390662082215	312.0
205.81390729658972	316.0
205.8239079723573	323.0
205.83390864812486	327.0
205.84390932389243	334.0
205.85390999966	338.0
205.86391067542758	342.0
205.87391135119515	342.0
205.88391202696272	338.0
205.8939127027303	331.0
205.90391337849786	323.0
205.91391405426543	316.0
205.923914730033	308.0
205.93391540580058	301.0
205.94391608156815	298.0
205.95391675733572	294.0
205.9639174331033	291.0
205.97391810887086	288.0
205.98391878463843	288.0
205.99391946040598	288.0
206.00392013617355	0.0
206.01392081194112	288.0
206.0239214877087	291.0
206.03392216347626	291.0
206.04392283924383	291.0
206.0539235150114	291.0
206.06392419077898	0.0
206.07392486654655	0.0
206.08392554231412	0.0
206.0939262180817	291.0
206.10392689384926	291.0
206.11392756961683	291.0
206.1239282453844	291.0
206.13392892115198	291.0
206.14392959691955	291.0
206.15393027268712	291.0
206.1639309484547	291.0
206.17393162422226	294.0
206.1839322999898	298.0
206.19393297575738	305.0
206.20393365152495	308.0
206.21393432729252	312.0
206.2239350030601	316.0
206.23393567882766	319.0
206.24393635459523	327.0
206.2539370303628	334.0
206.26393770613038	338.0
206.27393838189795	342.0
206.28393905766552	342.0
206.2939397334331	342.0
206.30394040920066	338.0
206.31394108496823	334.0
206.3239417607358	327.0
206.33394243650338	323.0
206.34394311227095	319.0
206.35394378803852	319.0
206.3639444638061	319.0
206.37394513957364	319.0
206.3839458153412	319.0
206.39394649110878	319.0
206.40394716687635	319.0
206.41394784264392	316.0
206.4239485184115	319.0
206.43394919417906	323.0
206.44394986994664	323.0
206.4539505457142	327.0
206.46395122148178	331.0
206.47395189724935	331.0
206.48395257301692	331.0
206.4939532487845	331.0
206.50395392455206	334.0
206.51395460031964	338.0
206.5239552760872	346.0
206.53395595185478	346.0
206.54395662762235	350.0
206.55395730338992	350.0
206.56395797915746	350.0
206.57395865492504	354.0
206.5839593306926	350.0
206.59396000646018	346.0
206.60396068222775	342.0
206.61396135799532	338.0
206.6239620337629	334.0
206.63396270953046	331.0
206.64396338529804	327.0
206.6539640610656	327.0
206.66396473683318	323.0
206.67396541260075	323.0
206.68396608836832	323.0
206.6939667641359	323.0
206.70396743990347	323.0
206.71396811567104	327.0
206.7239687914386	327.0
206.73396946720618	327.0
206.74397014297375	327.0
206.7539708187413	327.0
206.76397149450887	327.0
206.77397217027644	327.0
206.783972846044	323.0
206.79397352181158	323.0
206.80397419757915	323.0
206.81397487334672	319.0
206.8239755491143	319.0
206.83397622488187	319.0
206.84397690064944	323.0
206.853977576417	327.0
206.86397825218458	327.0
206.87397892795215	331.0
206.88397960371972	334.0
206.8939802794873	338.0
206.90398095525487	338.0
206.91398163102244	342.0
206.92398230679	342.0
206.93398298255758	338.0
206.94398365832512	338.0
206.9539843340927	331.0
206.96398500986027	327.0
206.97398568562784	323.0
206.9839863613954	319.0
206.99398703716298	316.0
207.00398771293055	312.0
207.01398838869812	308.0
207.0239890644657	305.0
207.03398974023327	301.0
207.04399041600084	301.0
207.0539910917684	298.0
207.06399176753598	298.0
207.07399244330355	294.0
207.08399311907112	294.0
207.0939937948387	294.0
207.10399447060627	294.0
207.11399514637384	294.0
207.12399582214138	294.0
207.13399649790895	294.0
207.14399717367652	294.0
207.1539978494441	294.0
207.16399852521167	294.0
207.17399920097924	294.0
207.1839998767468	294.0
207.19400055251438	294.0
207.20400122828195	294.0
207.21400190404952	291.0
207.2240025798171	291.0
207.23400325558467	288.0
207.24400393135224	288.0
207.2540046071198	288.0
207.26400528288738	288.0
207.27400595865495	288.0
207.28400663442252	288.0
207.2940073101901	288.0
207.30400798595767	288.0
207.3140086617252	288.0
207.32400933749278	288.0
207.33401001326035	288.0
207.34401068902793	288.0
207.3540113647955	288.0
207.36401204056307	288.0
207.37401271633064	291.0
207.3840133920982	294.0
207.39401406786578	291.0
207.40401474363335	291.0
207.41401541940093	291.0
207.4240160951685	291.0
207.43401677093607	291.0
207.44401744670364	294.0
207.4540181224712	298.0
207.46401879823878	298.0
207.47401947400635	0.0
207.48402014977393	0.0
207.4940208255415	0.0
207.50402150130904	0.0
207.5140221770766	0.0
207.52402285284418	0.0
207.53402352861175	0.0
207.54402420437933	367.0
207.5540248801469	363.0
207.56402555591447	363.0
207.57402623168204	0.0
207.5840269074496	0.0
207.59402758321718	0.0
207.60402825898475	0.0
207.61402893475233	0.0
207.6240296105199	0.0
207.63403028628747	0.0
207.64403096205504	0.0
207.6540316378226	0.0
207.66403231359018	0.0
207.67403298935776	0.0
207.68403366512533	0.0
207.69403434089287	0.0
207.70403501666044	0.0
207.714035692428	0.0
207.72403636819558	0.0
207.73403704396316	0.0
207.74403771973073	0.0
207.7540383954983	0.0
207.76403907126587	0.0
207.77403974703344	0.0
207.784040422801	0.0
207.79404109856858	0.0
207.80404177433616	0.0
207.81404245010373	0.0
207.8240431258713	0.0
207.83404380163887	0.0
207.84404447740644	0.0
207.854045153174	0.0
207.86404582894158	0.0
207.87404650470916	0.0
207.8840471804767	0.0
207.89404785624427	323.0
207.90404853201184	316.0
207.9140492077794	316.0
207.92404988354699	312.0
207.93405055931456	308.0
207.94405123508213	305.0
207.9540519108497	301.0
207.96405258661727	298.0
207.97405326238484	294.0
207.9840539381524	291.0
207.99405461391999	291.0
208.00405528968756	291.0
208.01405596545513	0.0
208.0240566412227	0.0
208.03405731699027	0.0
208.04405799275784	0.0
208.0540586685254	0.0
208.06405934429299	0.0
208.07406002006053	0.0
208.0840606958281	0.0
208.09406137159567	0.0
208.10406204736324	0.0
208.11406272313081	0.0
208.1240633988984	0.0
208.13406407466596	0.0
208.14406475043353	0.0
208.1540654262011	0.0
208.16406610196867	0.0
208.17406677773624	0.0
208.18406745350381	0.0
208.1940681292714	0.0
208.20406880503896	0.0
208.21406948080653	0.0
208.2240701565741	0.0
208.23407083234167	0.0
208.24407150810924	0.0
208.25407218387681	0.0
208.26407285964436	0.0
208.27407353541193	0.0
208.2840742111795	0.0
208.29407488694707	0.0
208.30407556271464	0.0
208.31407623848222	0.0
208.3240769142498	0.0
208.33407759001736	0.0
208.34407826578493	0.0
208.3540789415525	0.0
208.36407961732007	0.0
208.37408029308764	0.0
208.38408096885522	0.0
208.3940816446228	0.0
208.40408232039036	0.0
208.41408299615793	0.0
208.4240836719255	0.0
208.43408434769307	0.0
208.44408502346062	0.0
208.4540856992282	0.0
208.46408637499576	0.0
208.47408705076333	0.0
208.4840877265309	0.0
208.49408840229847	0.0
208.50408907806604	0.0
208.51408975383362	0.0
208.5240904296012	0.0
208.53409110536876	0.0
208.54409178113633	0.0
208.5540924569039	0.0
208.56409313267147	0.0
208.57409380843905	0.0
208.58409448420662	0.0
208.5940951599742	0.0
208.60409583574176	0.0
208.61409651150933	0.0
208.6240971872769	0.0
208.63409786304445	0.0
208.64409853881202	0.0
208.6540992145796	0.0
208.66409989034716	0.0
208.67410056611473	0.0
208.6841012418823	0.0
208.69410191764987	0.0
208.70410259341745	0.0
208.71410326918502	0.0
208.7241039449526	0.0
208.73410462072016	0.0
208.74410529648773	0.0
208.7541059722553	0.0
208.76410664802287	0.0
208.77410732379045	0.0
208.78410799955802	0.0
208.7941086753256	0.0
208.80410935109316	0.0
208.81411002686073	0.0
208.82411070262827	0.0
208.83411137839585	0.0
208.84411205416342	0.0
208.854112729931	0.0
208.86411340569856	0.0
208.87411408146613	0.0
208.8841147572337	0.0
208.89411543300128	0.0
208.90411610876885	0.0
208.91411678453642	0.0
208.924117460304	0.0
208.93411813607156	0.0
208.94411881183913	0.0
208.9541194876067	0.0
208.96412016337428	0.0
208.97412083914185	0.0
208.98412151490942	0.0
208.994122190677	0.0
209.00412286644456	0.0
209.0141235422121	0.0
209.02412421797968	0.0
209.03412489374725	0.0
209.04412556951482	0.0
209.0541262452824	0.0
209.06412692104996	0.0
209.07412759681753	0.0
209.0841282725851	0.0
209.09412894835268	0.0
209.10412962412025	0.0
209.11413029988782	0.0
209.1241309756554	0.0
209.13413165142296	0.0
209.14413232719053	0.0
209.1541330029581	0.0
209.16413367872568	0.0
209.17413435449325	0.0
209.18413503026082	0.0
209.1941357060284	0.0
209.20413638179593	0.0
209.2141370575635	0.0
209.22413773333108	0.0
209.23413840909865	0.0
209.24413908486622	0.0
209.2541397606338	0.0
209.26414043640136	0.0
209.27414111216893	0.0
209.2841417879365	0.0
209.29414246370408	0.0
209.30414313947165	0.0
209.31414381523922	0.0
209.3241444910068	0.0
209.33414516677436	0.0
209.34414584254193	0.0
209.3541465183095	0.0
209.36414719407708	327.0
209.37414786984465	327.0
209.38414854561222	327.0
209.39414922137976	327.0
209.40414989714733	327.0
209.4141505729149	327.0
209.42415124868248	327.0
209.43415192445005	327.0
209.44415260021762	327.0
209.4541532759852	327.0
209.46415395175276	327.0
209.47415462752033	327.0
209.4841553032879	327.0
209.49415597905548	327.0
209.50415665482305	327.0
209.51415733059062	327.0
209.5241580063582	327.0
209.53415868212576	327.0
209.54415935789334	331.0
209.5541600336609	331.0
209.56416070942848	331.0
209.57416138519605	334.0
209.5841620609636	334.0
209.59416273673116	338.0
209.60416341249874	338.0
209.6141640882663	342.0
209.62416476403388	342.0
209.63416543980145	342.0
209.64416611556902	342.0
209.6541667913366	338.0
209.66416746710416	338.0
209.67416814287174	334.0
209.6841688186393	331.0
209.69416949440688	327.0
209.70417017017445	327.0
209.71417084594202	327.0
209.7241715217096	331.0
209.73417219747716	331.0
209.74417287324474	331.0
209.7541735490123	331.0
209.76417422477985	331.0
209.77417490054742	331.0
209.784175576315	327.0
209.79417625208256	327.0
209.80417692785014	327.0
209.8141776036177	327.0
209.82417827938528	327.0
209.83417895515285	327.0
209.84417963092042	327.0
209.854180306688	363.0
209.86418098245557	363.0
209.87418165822314	363.0
209.8841823339907	363.0
209.89418300975828	363.0
209.90418368552585	363.0
209.91418436129342	363.0
209.924185037061	342.0
209.93418571282857	338.0
209.94418638859614	338.0
209.95418706436368	334.0
209.96418774013125	334.0
209.97418841589882	331.0
209.9841890916664	327.0
209.99418976743397	327.0
210.00419044320154	327.0
210.0141911189691	327.0
210.02419179473668	327.0
210.03419247050425	331.0
210.04419314627182	331.0
210.0541938220394	331.0
210.06419449780697	331.0
210.07419517357454	327.0
210.0841958493421	327.0
210.09419652510968	323.0
210.10419720087725	323.0
210.11419787664482	327.0
210.1241985524124	327.0
210.13419922817997	331.0
210.1441999039475	331.0
210.15420057971508	334.0
210.16420125548265	334.0
210.17420193125022	363.0
210.1842026070178	363.0
210.19420328278537	363.0
210.20420395855294	363.0
210.2142046343205	363.0
210.22420531008808	363.0
210.23420598585565	358.0
210.24420666162322	358.0
210.2542073373908	363.0
210.26420801315837	363.0
210.27420868892594	363.0
210.2842093646935	363.0
210.29421004046108	363.0
210.30421071622865	327.0
210.31421139199622	327.0
210.3242120677638	323.0
210.33421274353134	323.0
210.3442134192989	323.0
210.35421409506648	323.0
210.36421477083405	319.0
210.37421544660162	319.0
210.3842161223692	316.0
210.39421679813677	316.0
210.40421747390434	312.0
210.4142181496719	312.0
210.42421882543948	312.0
210.43421950120705	312.0
210.44422017697462	312.0
210.4542208527422	312.0
210.46422152850977	312.0
210.47422220427734	308.0
210.4842228800449	305.0
210.49422355581248	0.0
210.50422423158005	0.0
210.51422490734763	294.0
210.52422558311517	294.0
210.53422625888274	294.0
210.5442269346503	294.0
210.55422761041788	294.0
210.56422828618545	294.0
210.57422896195303	294.0
210.5842296377206	291.0
210.59423031348817	0.0
210.60423098925574	0.0
210.6142316650233	0.0
210.62423234079088	0.0
210.63423301655845	291.0
210.64423369232603	291.0
210.6542343680936	288.0
210.66423504386117	288.0
210.67423571962874	288.0
210.6842363953963	0.0
210.69423707116388	0.0
210.70423774693145	0.0
210.714238422699	294.0
210.72423909846657	294.0
210.73423977423414	294.0
210.7442404500017	0.0
210.75424112576928	0.0
210.76424180153685	0.0
210.77424247730443	0.0
210.784243153072	0.0
210.79424382883957	0.0
210.80424450460714	0.0
210.8142451803747	0.0
210.82424585614228	0.0
210.83424653190986	0.0
210.84424720767743	0.0
210.854247883445	0.0
210.86424855921257	0.0
210.87424923498014	0.0
210.8842499107477	0.0
210.89425058651528	0.0
210.90425126228283	0.0
210.9142519380504	0.0
210.92425261381797	0.0
210.93425328958554	0.0
210.9442539653531	0.0
210.95425464112068	0.0
210.96425531688826	0.0
210.97425599265583	0.0
210.9842566684234	0.0
210.99425734419097	0.0
211.00425801995854	0.0
211.0142586957261	0.0
211.02425937149368	0.0
211.03426004726126	0.0
211.04426072302883	0.0
211.0542613987964	0.0
211.06426207456397	0.0
211.07426275033154	0.0
211.08426342609908	0.0
211.09426410186666	0.0
211.10426477763423	0.0
211.1142654534018	0.0
211.12426612916937	0.0
211.13426680493694	0.0
211.1442674807045	0.0
211.15426815647209	0.0
211.16426883223966	0.0
211.17426950800723	0.0
211.1842701837748	0.0
211.19427085954237	0.0
211.20427153530994	236.0
211.2142722110775	245.0
211.22427288684509	245.0
211.23427356261266	242.0
211.24427423838023	242.0
211.2542749141478	239.0
211.26427558991537	239.0
211.27427626568291	239.0
211.28427694145049	239.0
211.29427761721806	239.0
211.30427829298563	242.0
211.3142789687532	245.0
211.32427964452077	250.0
211.33428032028834	250.0
211.34428099605591	250.0
211.3542816718235	248.0
211.36428234759106	242.0
211.37428302335863	234.0
211.3842836991262	223.0
211.39428437489377	218.0
211.40428505066134	210.0
211.41428572642891	208.0
211.4242864021965	206.0
211.43428707796406	208.0
211.44428775373163	213.0
211.4542884294992	248.0
211.46428910526674	265.0
211.47428978103432	272.0
211.4842904568019	278.0
211.49429113256946	281.0
211.50429180833703	284.0
211.5142924841046	288.0
211.52429315987217	288.0
211.53429383563974	288.0
211.54429451140732	288.0
211.5542951871749	288.0
211.56429586294246	288.0
211.57429653871003	288.0
211.5842972144776	288.0
211.59429789024517	291.0
211.60429856601274	291.0
211.61429924178032	294.0
211.6242999175479	294.0
211.63430059331546	291.0
211.64430126908303	288.0
211.65430194485057	281.0
211.66430262061814	278.0
211.67430329638572	275.0
211.6843039721533	275.0
211.69430464792086	272.0
211.70430532368843	272.0
211.714305999456	275.0
211.72430667522357	281.0
211.73430735099114	284.0
211.74430802675872	288.0
211.7543087025263	288.0
211.76430937829386	288.0
211.77431005406143	288.0
211.784310729829	288.0
211.79431140559657	291.0
211.80431208136415	291.0
211.81431275713172	291.0
211.8243134328993	291.0
211.83431410866686	288.0
211.8443147844344	288.0
211.85431546020197	288.0
211.86431613596955	288.0
211.87431681173712	284.0
211.8843174875047	284.0
211.89431816327226	284.0
211.90431883903983	284.0
211.9143195148074	288.0
211.92432019057497	294.0
211.93432086634255	301.0
211.94432154211012	312.0
211.9543222178777	327.0
211.96432289364526	342.0
211.97432356941283	354.0
211.9843242451804	363.0
211.99432492094797	367.0
212.00432559671555	367.0
212.01432627248312	354.0
212.0243269482507	346.0
212.03432762401823	338.0
212.0443282997858	331.0
212.05432897555337	319.0
212.06432965132095	316.0
212.07433032708852	312.0
212.0843310028561	312.0
212.09433167862366	312.0
212.10433235439123	316.0
212.1143330301588	327.0
212.12433370592638	334.0
212.13433438169395	342.0
212.14433505746152	350.0
212.1543357332291	358.0
212.16433640899666	363.0
212.17433708476423	363.0
212.1843377605318	363.0
212.19433843629938	363.0
212.20433911206695	358.0
212.21433978783452	354.0
212.22434046360206	354.0
212.23434113936963	354.0
212.2443418151372	350.0
212.25434249090478	350.0
212.26434316667235	350.0
212.27434384243992	354.0
212.2843445182075	354.0
212.29434519397506	358.0
212.30434586974263	363.0
212.3143465455102	367.0
212.32434722127778	375.0
212.33434789704535	375.0
212.34434857281292	375.0
212.3543492485805	375.0
212.36434992434806	371.0
212.37435060011563	367.0
212.3843512758832	363.0
212.39435195165078	358.0
212.40435262741832	354.0
212.4143533031859	350.0
212.42435397895346	350.0
212.43435465472103	350.0
212.4443553304886	350.0
212.45435600625618	354.0
212.46435668202375	354.0
212.47435735779132	358.0
212.4843580335589	363.0
212.49435870932646	358.0
212.50435938509403	358.0
212.5143600608616	358.0
212.52436073662918	358.0
212.53436141239675	358.0
212.54436208816432	358.0
212.5543627639319	358.0
212.56436343969946	358.0
212.57436411546703	354.0
212.5843647912346	354.0
212.59436546700215	354.0
212.60436614276972	363.0
212.6143668185373	367.0
212.62436749430486	371.0
212.63436817007243	367.0
212.64436884584	363.0
212.65436952160758	354.0
212.66437019737515	350.0
212.67437087314272	346.0
212.6843715489103	342.0
212.69437222467786	334.0
212.70437290044543	327.0
212.714373576213	319.0
212.72437425198058	316.0
212.73437492774815	312.0
212.74437560351572	308.0
212.7543762792833	308.0
212.76437695505086	312.0
212.77437763081844	316.0
212.78437830658598	323.0
212.79437898235355	331.0
212.80437965812112	338.0
212.8143803338887	338.0
212.82438100965626	334.0
212.83438168542384	331.0
212.8443823611914	327.0
212.85438303695898	323.0
212.86438371272655	316.0
212.87438438849412	308.0
212.8843850642617	301.0
212.89438574002926	294.0
212.90438641579684	291.0
212.9143870915644	288.0
212.92438776733198	288.0
212.93438844309955	288.0
212.94438911886712	291.0
212.9543897946347	291.0
212.96439047040226	294.0
212.9743911461698	294.0
212.98439182193738	294.0
212.99439249770495	294.0
213.00439317347252	294.0
213.0143938492401	291.0
213.02439452500766	288.0
213.03439520077524	284.0
213.0443958765428	284.0
213.05439655231038	281.0
213.06439722807795	281.0
213.07439790384552	281.0
213.0843985796131	281.0
213.09439925538067	281.0
213.10439993114824	284.0
213.1144006069158	284.0
213.12440128268338	284.0
213.13440195845095	288.0
213.14440263421852	291.0
213.1544033099861	291.0
213.16440398575364	291.0
213.1744046615212	291.0
213.18440533728878	291.0
213.19440601305635	291.0
213.20440668882392	291.0
213.2144073645915	291.0
213.22440804035907	288.0
213.23440871612664	288.0
213.2444093918942	288.0
213.25441006766178	284.0
213.26441074342935	284.0
213.27441141919692	284.0
213.2844120949645	284.0
213.29441277073207	288.0
213.30441344649964	288.0
213.3144141222672	291.0
213.32441479803478	291.0
213.33441547380235	291.0
213.34441614956992	291.0
213.35441682533747	291.0
213.36441750110504	288.0
213.3744181768726	288.0
213.38441885264018	288.0
213.39441952840775	284.0
213.40442020417532	288.0
213.4144208799429	288.0
213.42442155571047	288.0
213.43442223147804	291.0
213.4444229072456	291.0
213.45442358301318	291.0
213.46442425878075	291.0
213.47442493454832	291.0
213.4844256103159	288.0
213.49442628608347	288.0
213.50442696185104	288.0
213.5144276376186	288.0
213.52442831338618	288.0
213.53442898915372	288.0
213.5444296649213	288.0
213.55443034068887	288.0
213.56443101645644	288.0
213.574431692224	288.0
213.58443236799158	288.0
213.59443304375915	288.0
213.60443371952672	291.0
213.6144343952943	288.0
213.62443507106187	288.0
213.63443574682944	288.0
213.644436422597	288.0
213.65443709836458	284.0
213.66443777413215	284.0
213.67443844989972	288.0
213.6844391256673	288.0
213.69443980143487	288.0
213.70444047720244	288.0
213.71444115297	288.0
213.72444182873755	291.0
213.73444250450513	291.0
213.7444431802727	291.0
213.75444385604027	291.0
213.76444453180784	291.0
213.7744452075754	288.0
213.78444588334298	288.0
213.79444655911055	288.0
213.80444723487813	288.0
213.8144479106457	288.0
213.82444858641327	288.0
213.83444926218084	288.0
213.8444499379484	288.0
213.85445061371598	288.0
213.86445128948355	288.0
213.87445196525113	288.0
213.8844526410187	288.0
213.89445331678627	291.0
213.90445399255384	291.0
213.91445466832138	291.0
213.92445534408895	291.0
213.93445601985653	291.0
213.9444566956241	291.0
213.95445737139167	291.0
213.96445804715924	291.0
213.9744587229268	288.0
213.98445939869438	284.0
213.99446007446195	281.0
214.00446075022953	278.0
214.0144614259971	272.0
214.02446210176467	272.0
214.03446277753224	0.0
214.0444634532998	0.0
214.05446412906738	0.0
214.06446480483496	0.0
214.07446548060253	0.0
214.0844661563701	0.0
214.09446683213767	0.0
214.1044675079052	0.0
214.11446818367278	0.0
214.12446885944036	0.0
214.13446953520793	0.0
214.1444702109755	0.0
214.15447088674307	0.0
214.16447156251064	0.0
214.1744722382782	0.0
214.18447291404578	0.0
214.19447358981336	0.0
214.20447426558093	0.0
214.2144749413485	0.0
214.22447561711607	0.0
214.23447629288364	0.0
214.2444769686512	0.0
214.25447764441878	0.0
214.26447832018636	0.0
214.27447899595393	0.0
214.2844796717215	0.0
214.29448034748904	0.0
214.3044810232566	0.0
214.31448169902418	0.0
214.32448237479176	0.0
214.33448305055933	0.0
214.3444837263269	0.0
214.35448440209447	0.0
214.36448507786204	0.0
214.3744857536296	0.0
214.38448642939719	0.0
214.39448710516476	0.0
214.40448778093233	0.0
214.4144884566999	0.0
214.42448913246747	0.0
214.43448980823504	0.0
214.4444904840026	0.0
214.45449115977019	0.0
214.46449183553776	0.0
214.47449251130533	0.0
214.48449318707287	0.0
214.49449386284044	0.0
214.50449453860801	0.0
214.5144952143756	0.0
214.52449589014316	0.0
214.53449656591073	0.0
214.5444972416783	0.0
214.55449791744587	0.0
214.56449859321344	0.0
214.57449926898101	0.0
214.5844999447486	0.0
214.59450062051616	0.0
214.60450129628373	0.0
214.6145019720513	0.0
214.62450264781887	0.0
214.63450332358644	0.0
214.64450399935401	0.0
214.6545046751216	0.0
214.66450535088916	0.0
214.6745060266567	0.0
214.68450670242427	0.0
214.69450737819184	0.0
214.70450805395942	0.0
214.714508729727	0.0
214.72450940549456	0.0
214.73451008126213	0.0
214.7445107570297	0.0
214.75451143279727	0.0
214.76451210856484	0.0
214.77451278433242	0.0
214.7845134601	0.0
214.79451413586756	0.0
214.80451481163513	0.0
214.8145154874027	0.0
214.82451616317027	0.0
214.83451683893784	0.0
214.84451751470542	0.0
214.85451819047296	0.0
214.86451886624053	0.0
214.8745195420081	0.0
214.88452021777567	0.0
214.89452089354324	0.0
214.90452156931082	0.0
214.9145222450784	0.0
214.92452292084596	0.0
214.93452359661353	0.0
214.9445242723811	0.0
214.95452494814867	0.0
214.96452562391624	0.0
214.97452629968382	0.0
214.9845269754514	0.0
214.99452765121896	0.0
215.00452832698653	0.0
215.0145290027541	0.0
215.02452967852167	0.0
215.03453035428925	0.0
215.0445310300568	0.0
215.05453170582436	0.0
215.06453238159193	0.0
215.0745330573595	0.0
215.08453373312707	0.0
215.09453440889465	0.0
215.10453508466222	0.0
215.1145357604298	0.0
215.12453643619736	0.0
215.13453711196493	0.0
215.1445377877325	0.0
215.15453846350007	0.0
215.16453913926765	0.0
215.17453981503522	0.0
215.1845404908028	0.0
215.19454116657036	0.0
215.20454184233793	0.0
215.2145425181055	0.0
215.22454319387307	0.0
215.23454386964062	0.0
215.2445445454082	0.0
215.25454522117576	0.0
215.26454589694333	0.0
215.2745465727109	0.0
215.28454724847848	0.0
215.29454792424605	0.0
215.30454860001362	0.0
215.3145492757812	0.0
215.32454995154876	0.0
215.33455062731633	0.0
215.3445513030839	0.0
215.35455197885148	0.0
215.36455265461905	0.0
215.37455333038662	0.0
215.3845540061542	0.0
215.39455468192176	0.0
215.40455535768933	0.0
215.4145560334569	0.0
215.42455670922445	0.0
215.43455738499202	0.0
215.4445580607596	0.0
215.45455873652716	0.0
215.46455941229473	0.0
215.4745600880623	0.0
215.48456076382988	0.0
215.49456143959745	0.0
215.50456211536502	0.0
215.5145627911326	0.0
215.52456346690016	0.0
215.53456414266773	0.0
215.5445648184353	0.0
215.55456549420288	0.0
215.56456616997045	0.0
215.57456684573802	0.0
215.5845675215056	0.0
215.59456819727316	0.0
215.60456887304073	0.0
215.61456954880828	0.0
215.62457022457585	0.0
215.63457090034342	0.0
215.644571576111	0.0
215.65457225187856	0.0
215.66457292764613	0.0
215.6745736034137	0.0
215.68457427918128	0.0
215.69457495494885	0.0
215.70457563071642	0.0
215.714576306484	0.0
215.72457698225156	0.0
215.73457765801913	0.0
215.7445783337867	0.0
215.75457900955428	0.0
215.76457968532185	0.0
215.77458036108942	0.0
215.784581036857	0.0
215.79458171262456	0.0
215.8045823883921	0.0
215.81458306415968	0.0
215.82458373992725	0.0
215.83458441569482	0.0
215.8445850914624	0.0
215.85458576722996	0.0
215.86458644299753	0.0
215.8745871187651	0.0
215.88458779453268	0.0
215.89458847030025	0.0
215.90458914606782	0.0
215.9145898218354	0.0
215.92459049760296	0.0
215.93459117337053	0.0
215.9445918491381	0.0
215.95459252490568	0.0
215.96459320067325	0.0
215.97459387644082	0.0
215.9845945522084	0.0
215.99459522797594	0.0
216.0045959037435	0.0
216.01459657951108	0.0
216.02459725527865	0.0
216.03459793104622	0.0
216.0445986068138	0.0
216.05459928258136	0.0
216.06459995834894	0.0
216.0746006341165	0.0
216.08460130988408	0.0
216.09460198565165	0.0
216.10460266141922	0.0
216.1146033371868	0.0
216.12460401295436	0.0
216.13460468872194	0.0
216.1446053644895	0.0
216.15460604025708	0.0
216.16460671602465	0.0
216.1746073917922	0.0
216.18460806755976	0.0
216.19460874332734	0.0
216.2046094190949	0.0
216.21461009486248	0.0
216.22461077063005	0.0
216.23461144639762	0.0
216.2446121221652	0.0
216.25461279793277	0.0
216.26461347370034	0.0
216.2746141494679	0.0
216.28461482523548	0.0
216.29461550100305	0.0
216.30461617677062	0.0
216.3146168525382	0.0
216.32461752830577	0.0
216.33461820407334	0.0
216.3446188798409	0.0
216.35461955560848	0.0
216.36462023137602	0.0
216.3746209071436	0.0
216.38462158291117	0.0
216.39462225867874	0.0
216.4046229344463	0.0
216.41462361021388	0.0
216.42462428598145	0.0
216.43462496174902	0.0
216.4446256375166	236.0
216.45462631328417	236.0
216.46462698905174	234.0
216.4746276648193	234.0
216.48462834058688	234.0
216.49462901635445	234.0
216.50462969212202	234.0
216.5146303678896	236.0
216.52463104365717	239.0
216.53463171942474	242.0
216.5446323951923	245.0
216.55463307095985	242.0
216.56463374672742	236.0
216.574634422495	228.0
216.58463509826257	223.0
216.59463577403014	218.0
216.6046364497977	215.0
216.61463712556528	213.0
216.62463780133285	210.0
216.63463847710042	213.0
216.644639152868	0.0
216.65463982863557	0.0
216.66464050440314	265.0
216.6746411801707	265.0
216.68464185593828	272.0
216.69464253170585	281.0
216.70464320747342	284.0
216.714643883241	288.0
216.72464455900857	288.0
216.73464523477614	288.0
216.74464591054368	288.0
216.75464658631125	288.0
216.76464726207882	288.0
216.7746479378464	288.0
216.78464861361397	288.0
216.79464928938154	288.0
216.8046499651491	291.0
216.81465064091668	298.0
216.82465131668425	294.0
216.83465199245182	291.0
216.8446526682194	288.0
216.85465334398697	284.0
216.86465401975454	281.0
216.8746546955221	278.0
216.88465537128968	278.0
216.89465604705725	278.0
216.90465672282483	278.0
216.9146573985924	278.0
216.92465807435997	278.0
216.9346587501275	281.0
216.94465942589508	281.0
216.95466010166265	284.0
216.96466077743023	284.0
216.9746614531978	288.0
216.98466212896537	288.0
216.99466280473294	288.0
217.0046634805005	288.0
217.01466415626808	288.0
217.02466483203565	288.0
217.03466550780323	288.0
217.0446661835708	288.0
217.05466685933837	288.0
217.06466753510594	288.0
217.0746682108735	288.0
217.08466888664108	291.0
217.09466956240865	291.0
217.10467023817623	291.0
217.1146709139438	291.0
217.12467158971134	291.0
217.1346722654789	291.0
217.14467294124648	291.0
217.15467361701405	288.0
217.16467429278163	291.0
217.1746749685492	291.0
217.18467564431677	291.0
217.19467632008434	291.0
217.2046769958519	291.0
217.21467767161948	288.0
217.22467834738706	288.0
217.23467902315463	288.0
217.2446796989222	288.0
217.25468037468977	288.0
217.26468105045734	288.0
217.2746817262249	288.0
217.28468240199248	291.0
217.29468307776006	294.0
217.30468375352763	298.0
217.31468442929517	301.0
217.32468510506274	305.0
217.3346857808303	312.0
217.34468645659788	323.0
217.35468713236546	334.0
217.36468780813303	346.0
217.3746884839006	354.0
217.38468915966817	354.0
217.39468983543574	350.0
217.4046905112033	346.0
217.41469118697088	338.0
217.42469186273846	331.0
217.43469253850603	323.0
217.4446932142736	319.0
217.45469389004117	316.0
217.46469456580874	316.0
217.4746952415763	316.0
217.48469591734388	316.0
217.49469659311143	323.0
217.504697268879	331.0
217.51469794464657	342.0
217.52469862041414	350.0
217.5346992961817	358.0
217.54469997194929	367.0
217.55470064771686	375.0
217.56470132348443	375.0
217.574701999252	371.0
217.58470267501957	367.0
217.59470335078714	363.0
217.6047040265547	354.0
217.61470470232229	354.0
217.62470537808986	346.0
217.63470605385743	342.0
217.644706729625	334.0
217.65470740539257	331.0
217.66470808116014	327.0
217.6747087569277	323.0
217.68470943269526	319.0
217.69471010846283	319.0
217.7047107842304	323.0
217.71471145999797	323.0
217.72471213576554	323.0
217.73471281153311	327.0
217.7447134873007	331.0
217.75471416306826	334.0
217.76471483883583	338.0
217.7747155146034	346.0
217.78471619037097	354.0
217.79471686613854	358.0
217.80471754190611	363.0
217.8147182176737	363.0
217.82471889344126	363.0
217.83471956920883	358.0
217.8447202449764	358.0
217.85472092074397	350.0
217.86472159651154	346.0
217.8747222722791	338.0
217.88472294804666	331.0
217.89472362381423	327.0
217.9047242995818	323.0
217.91472497534937	319.0
217.92472565111694	319.0
217.93472632688452	316.0
217.9447270026521	316.0
217.95472767841966	316.0
217.96472835418723	319.0
217.9747290299548	327.0
217.98472970572237	334.0
217.99473038148994	342.0
218.00473105725752	346.0
218.0147317330251	350.0
218.02473240879266	358.0
218.03473308456023	367.0
218.0447337603278	371.0
218.05473443609537	367.0
218.06473511186292	363.0
218.0747357876305	354.0
218.08473646339806	350.0
218.09473713916563	346.0
218.1047378149332	342.0
218.11473849070077	342.0
218.12473916646834	346.0
218.13473984223592	350.0
218.1447405180035	354.0
218.15474119377106	358.0
218.16474186953863	367.0
218.1747425453062	371.0
218.18474322107377	375.0
218.19474389684135	375.0
218.20474457260892	371.0
218.2147452483765	363.0
218.22474592414406	358.0
218.23474659991163	354.0
218.2447472756792	350.0
218.25474795144675	350.0
218.26474862721432	350.0
218.2747493029819	350.0
218.28474997874946	350.0
218.29475065451703	354.0
218.3047513302846	358.0
218.31475200605217	363.0
218.32475268181975	367.0
218.33475335758732	371.0
218.3447540333549	371.0
218.35475470912246	367.0
218.36475538489003	363.0
218.3747560606576	358.0
218.38475673642517	350.0
218.39475741219275	342.0
218.40475808796032	331.0
218.4147587637279	319.0
218.42475943949546	316.0
218.43476011526303	312.0
218.44476079103057	312.0
218.45476146679815	312.0
218.46476214256572	316.0
218.4747628183333	323.0
218.48476349410086	327.0
218.49476416986843	334.0
218.504764845636	338.0
218.51476552140358	338.0
218.52476619717115	338.0
218.53476687293872	338.0
218.5447675487063	338.0
218.55476822447386	334.0
218.56476890024143	327.0
218.574769576009	319.0
218.58477025177658	316.0
218.59477092754415	308.0
218.60477160331172	301.0
218.6147722790793	294.0
218.62477295484686	291.0
218.6347736306144	288.0
218.64477430638198	288.0
218.65477498214955	284.0
218.66477565791712	284.0
218.6747763336847	288.0
218.68477700945226	288.0
218.69477768521983	291.0
218.7047783609874	291.0
218.71477903675498	291.0
218.72477971252255	291.0
218.73478038829012	291.0
218.7447810640577	291.0
218.75478173982526	291.0
218.76478241559283	291.0
218.7747830913604	288.0
218.78478376712798	288.0
218.79478444289555	288.0
218.80478511866312	284.0
218.81478579443066	284.0
218.82478647019823	284.0
218.8347871459658	284.0
218.84478782173338	284.0
218.85478849750095	284.0
218.86478917326852	288.0
218.8747898490361	288.0
218.88479052480366	288.0
218.89479120057123	288.0
218.9047918763388	288.0
218.91479255210638	291.0
218.92479322787395	294.0
218.93479390364152	298.0
218.9447945794091	308.0
218.95479525517666	323.0
218.96479593094423	342.0
218.9747966067118	354.0
218.98479728247938	363.0
218.99479795824695	367.0
219.0047986340145	367.0
219.01479930978206	363.0
219.02479998554963	350.0
219.0348006613172	342.0
219.04480133708478	334.0
219.05480201285235	327.0
219.06480268861992	319.0
219.0748033643875	319.0
219.08480404015506	319.0
219.09480471592263	327.0
219.1048053916902	331.0
219.11480606745778	338.0
219.12480674322535	346.0
219.13480741899292	354.0
219.1448080947605	363.0
219.15480877052806	367.0
219.16480944629564	371.0
219.1748101220632	371.0
219.18481079783078	371.0
219.19481147359832	371.0
219.2048121493659	367.0
219.21481282513346	363.0
219.22481350090104	354.0
219.2348141766686	350.0
219.24481485243618	346.0
219.25481552820375	346.0
219.26481620397132	350.0
219.2748168797389	350.0
219.28481755550646	350.0
219.29481823127404	354.0
219.3048189070416	358.0
219.31481958280918	367.0
219.32482025857675	371.0
219.33482093434432	371.0
219.3448216101119	375.0
219.35482228587946	375.0
219.36482296164704	375.0
219.3748236374146	371.0
219.38482431318215	371.0
219.39482498894972	371.0
219.4048256647173	367.0
219.41482634048486	371.0
219.42482701625244	371.0
219.43482769202	371.0
219.44482836778758	371.0
219.45482904355515	375.0
219.46482971932272	375.0
219.4748303950903	375.0
219.48483107085787	375.0
219.49483174662544	371.0
219.504832422393	371.0
219.51483309816058	367.0
219.52483377392815	358.0
219.53483444969572	354.0
219.5448351254633	346.0
219.55483580123087	342.0
219.56483647699844	331.0
219.57483715276598	323.0
219.58483782853355	319.0
219.59483850430112	316.0
219.6048391800687	316.0
219.61483985583627	319.0
219.62484053160384	323.0
219.6348412073714	327.0
219.64484188313898	331.0
219.65484255890655	334.0
219.66484323467412	342.0
219.6748439104417	346.0
219.68484458620927	350.0
219.69484526197684	354.0
219.7048459377444	358.0
219.71484661351198	358.0
219.72484728927955	358.0
219.73484796504712	354.0
219.7448486408147	354.0
219.75484931658227	350.0
219.7648499923498	350.0
219.77485066811738	350.0
219.78485134388495	350.0
219.79485201965252	354.0
219.8048526954201	354.0
219.81485337118767	358.0
219.82485404695524	363.0
219.8348547227228	363.0
219.84485539849038	367.0
219.85485607425795	363.0
219.86485675002552	354.0
219.8748574257931	350.0
219.88485810156067	342.0
219.89485877732824	334.0
219.9048594530958	331.0
219.91486012886338	323.0
219.92486080463095	319.0
219.93486148039852	316.0
219.9448621561661	316.0
219.95486283193364	316.0
219.9648635077012	319.0
219.97486418346878	327.0
219.98486485923635	338.0
219.99486553500392	346.0
220.0048662107715	346.0
220.01486688653907	346.0
220.02486756230664	342.0
220.0348682380742	338.0
220.04486891384178	331.0
220.05486958960935	323.0
220.06487026537692	316.0
220.0748709411445	312.0
220.08487161691207	305.0
220.09487229267964	301.0
220.1048729684472	294.0
220.11487364421478	291.0
220.12487431998235	288.0
220.1348749957499	288.0
220.14487567151747	288.0
220.15487634728504	288.0
220.1648770230526	291.0
220.17487769882018	288.0
220.18487837458775	288.0
220.19487905035533	288.0
220.2048797261229	288.0
220.21488040189047	288.0
220.22488107765804	288.0
220.2348817534256	288.0
220.24488242919318	284.0
220.25488310496075	284.0
220.26488378072833	284.0
220.2748844564959	284.0
220.28488513226347	284.0
220.29488580803104	284.0
220.3048864837986	284.0
220.31488715956618	288.0
220.32488783533373	288.0
220.3348885111013	288.0
220.34488918686887	288.0
220.35488986263644	288.0
220.364890538404	288.0
220.37489121417158	288.0
220.38489188993915	288.0
220.39489256570673	288.0
220.4048932414743	284.0
220.41489391724187	284.0
220.42489459300944	284.0
220.434895268777	284.0
220.44489594454458	284.0
220.45489662031216	284.0
220.46489729607973	288.0
220.4748979718473	288.0
220.48489864761487	288.0
220.49489932338244	288.0
220.50489999915	291.0
220.51490067491756	291.0
220.52490135068513	291.0
220.5349020264527	291.0
220.54490270222027	288.0
220.55490337798784	288.0
220.5649040537554	288.0
220.57490472952298	284.0
220.58490540529056	284.0
220.59490608105813	284.0
220.6049067568257	284.0
220.61490743259327	284.0
220.62490810836084	284.0
220.6349087841284	284.0
220.64490945989598	288.0
220.65491013566356	288.0
220.66491081143113	288.0
220.6749114871987	288.0
220.68491216296627	288.0
220.69491283873384	288.0
220.70491351450138	288.0
220.71491419026896	288.0
220.72491486603653	288.0
220.7349155418041	284.0
220.74491621757167	284.0
220.75491689333924	284.0
220.7649175691068	288.0
220.77491824487439	288.0
220.78491892064196	288.0
220.79491959640953	291.0
220.8049202721771	291.0
220.81492094794467	291.0
220.82492162371224	291.0
220.8349222994798	291.0
220.84492297524739	288.0
220.85492365101496	288.0
220.86492432678253	288.0
220.8749250025501	288.0
220.88492567831767	288.0
220.89492635408521	291.0
220.9049270298528	291.0
220.91492770562036	291.0
220.92492838138793	291.0
220.9349290571555	291.0
220.94492973292307	291.0
220.95493040869064	291.0
220.96493108445821	291.0
220.9749317602258	291.0
220.98493243599336	291.0
220.99493311176093	291.0
221.0049337875285	291.0
221.01493446329607	291.0
221.02493513906364	288.0
221.03493581483121	288.0
221.0449364905988	288.0
221.05493716636636	288.0
221.06493784213393	288.0
221.0749385179015	288.0
221.08493919366904	288.0
221.09493986943662	288.0
221.1049405452042	288.0
221.11494122097176	288.0
221.12494189673933	288.0
221.1349425725069	288.0
221.14494324827447	288.0
221.15494392404204	291.0
221.16494459980962	288.0
221.1749452755772	288.0
221.18494595134476	288.0
221.19494662711233	288.0
221.2049473028799	288.0
221.21494797864747	288.0
221.22494865441504	288.0
221.23494933018262	288.0
221.2449500059502	288.0
221.25495068171776	288.0
221.2649513574853	288.0
221.27495203325287	291.0
221.28495270902044	291.0
221.29495338478802	291.0
221.3049540605556	291.0
221.31495473632316	291.0
221.32495541209073	291.0
221.3349560878583	291.0
221.34495676362587	291.0
221.35495743939344	291.0
221.36495811516102	288.0
221.3749587909286	284.0
221.38495946669616	281.0
221.39496014246373	272.0
221.4049608182313	265.0
221.41496149399887	253.0
221.42496216976645	242.0
221.43496284553402	228.0
221.4449635213016	218.0
221.45496419706913	218.0
221.4649648728367	220.0
221.47496554860427	226.0
221.48496622437185	234.0
221.49496690013942	242.0
221.504967575907	253.0
221.51496825167456	262.0
221.52496892744213	278.0
221.5349696032097	288.0
221.54497027897727	298.0
221.55497095474485	298.0
221.56497163051242	298.0
221.57497230628	291.0
221.58497298204756	284.0
221.59497365781513	278.0
221.6049743335827	265.0
221.61497500935027	250.0
221.62497568511785	234.0
221.63497636088542	226.0
221.64497703665296	223.0
221.65497771242053	226.0
221.6649783881881	234.0
221.67497906395567	242.0
221.68497973972325	250.0
221.69498041549082	259.0
221.7049810912584	268.0
221.71498176702596	272.0
221.72498244279353	275.0
221.7349831185611	272.0
221.74498379432868	268.0
221.75498447009625	259.0
221.76498514586382	248.0
221.7749858216314	236.0
221.78498649739896	228.0
221.79498717316653	226.0
221.8049878489341	223.0
221.81498852470168	226.0
221.82498920046925	231.0
221.8349898762368	236.0
221.84499055200436	245.0
221.85499122777193	250.0
221.8649919035395	253.0
221.87499257930708	259.0
221.88499325507465	259.0
221.89499393084222	259.0
221.9049946066098	256.0
221.91499528237736	253.0
221.92499595814493	245.0
221.9349966339125	239.0
221.94499730968008	231.0
221.95499798544765	226.0
221.96499866121522	220.0
221.9749993369828	218.0
221.98500001275036	213.0
221.99500068851793	210.0
222.0050013642855	210.0
222.01500204005308	210.0
222.02500271582062	210.0
222.0350033915882	215.0
222.04500406735576	218.0
222.05500474312333	220.0
222.0650054188909	223.0
222.07500609465848	223.0
222.08500677042605	220.0
222.09500744619362	220.0
222.1050081219612	218.0
222.11500879772876	218.0
222.12500947349633	218.0
222.1350101492639	218.0
222.14501082503148	220.0
222.15501150079905	220.0
222.16501217656662	220.0
222.1750128523342	220.0
222.18501352810176	220.0
222.19501420386933	218.0
222.2050148796369	218.0
222.21501555540445	215.0
222.22501623117202	215.0
222.2350169069396	215.0
222.24501758270716	215.0
222.25501825847473	215.0
222.2650189342423	218.0
222.27501961000988	218.0
222.28502028577745	220.0
222.29502096154502	220.0
222.3050216373126	220.0
222.31502231308016	220.0
222.32502298884773	220.0
222.3350236646153	220.0
222.34502434038288	220.0
222.35502501615045	226.0
222.36502569191802	231.0
222.3750263676856	239.0
222.38502704345316	248.0
222.39502771922074	256.0
222.40502839498828	262.0
222.41502907075585	268.0
222.42502974652342	0.0
222.435030422291	0.0
222.44503109805856	0.0
222.45503177382614	0.0
222.4650324495937	0.0
222.47503312536128	0.0
222.48503380112885	0.0
222.49503447689642	0.0
222.505035152664	0.0
222.51503582843156	0.0
222.52503650419914	0.0
222.5350371799667	262.0
222.54503785573428	256.0
222.55503853150185	253.0
222.56503920726942	250.0
222.575039883037	248.0
222.58504055880454	248.0
222.5950412345721	0.0
222.60504191033968	0.0
222.61504258610725	0.0
222.62504326187482	0.0
222.6350439376424	0.0
222.64504461340996	0.0
222.65504528917754	0.0
222.6650459649451	0.0
222.67504664071268	0.0
222.68504731648025	0.0
222.69504799224782	0.0
222.7050486680154	0.0
222.71504934378297	0.0
222.72505001955054	0.0
222.7350506953181	0.0
222.74505137108568	0.0
222.75505204685325	0.0
222.76505272262082	0.0
222.77505339838837	0.0
222.78505407415594	0.0
222.7950547499235	0.0
222.80505542569108	0.0
222.81505610145865	0.0
222.82505677722622	0.0
222.8350574529938	0.0
222.84505812876137	0.0
222.85505880452894	0.0
222.8650594802965	0.0
222.87506015606408	0.0
222.88506083183165	0.0
222.89506150759922	0.0
222.9050621833668	0.0
222.91506285913437	0.0
222.92506353490194	0.0
222.9350642106695	0.0
222.94506488643708	0.0
222.95506556220465	0.0
222.9650662379722	0.0
222.97506691373977	0.0
222.98506758950734	0.0
222.9950682652749	0.0
223.00506894104248	0.0
223.01506961681005	0.0
223.02507029257762	0.0
223.0350709683452	0.0
223.04507164411277	0.0
223.05507231988034	0.0
223.0650729956479	0.0
223.07507367141548	0.0
223.08507434718305	0.0
223.09507502295062	0.0
223.1050756987182	0.0
223.11507637448577	0.0
223.12507705025334	0.0
223.1350777260209	0.0
223.14507840178848	0.0
223.15507907755602	0.0
223.1650797533236	0.0
223.17508042909117	0.0
223.18508110485874	0.0
223.1950817806263	0.0
223.20508245639388	0.0
223.21508313216145	0.0
223.22508380792902	0.0
223.2350844836966	0.0
223.24508515946417	0.0
223.25508583523174	0.0
223.2650865109993	0.0
223.27508718676688	0.0
223.28508786253445	0.0
223.29508853830202	0.0
223.3050892140696	0.0
223.31508988983717	0.0
223.32509056560474	0.0
223.3350912413723	0.0
223.34509191713985	0.0
223.35509259290743	0.0
223.365093268675	0.0
223.37509394444257	0.0
223.38509462021014	0.0
223.3950952959777	0.0
223.40509597174528	0.0
223.41509664751285	0.0
223.42509732328043	0.0
223.435097999048	0.0
223.44509867481557	0.0
223.45509935058314	253.0
223.4651000263507	259.0
223.47510070211828	265.0
223.48510137788585	272.0
223.49510205365343	278.0
223.505102729421	284.0
223.51510340518857	0.0
223.52510408095614	0.0
223.53510475672368	0.0
223.54510543249125	0.0
223.55510610825883	0.0
223.5651067840264	0.0
223.57510745979397	0.0
223.58510813556154	0.0
223.5951088113291	0.0
223.60510948709668	0.0
223.61511016286426	0.0
223.62511083863183	0.0
223.6351115143994	278.0
223.64511219016697	275.0
223.65511286593454	272.0
223.6651135417021	265.0
223.67511421746968	262.0
223.68511489323726	256.0
223.69511556900483	253.0
223.7051162447724	248.0
223.71511692053997	242.0
223.7251175963075	239.0
223.73511827207508	239.0
223.74511894784266	239.0
223.75511962361023	239.0
223.7651202993778	239.0
223.77512097514537	242.0
223.78512165091294	242.0
223.7951223266805	248.0
223.80512300244808	253.0
223.81512367821566	259.0
223.82512435398323	265.0
223.8351250297508	272.0
223.84512570551837	275.0
223.85512638128594	284.0
223.8651270570535	288.0
223.87512773282108	288.0
223.88512840858866	288.0
223.89512908435623	288.0
223.90512976012377	288.0
223.91513043589134	288.0
223.9251311116589	288.0
223.93513178742649	288.0
223.94513246319406	284.0
223.95513313896163	284.0
223.9651338147292	281.0
223.97513449049677	281.0
223.98513516626434	275.0
223.9951358420319	265.0
224.00513651779949	256.0
224.01513719356706	253.0
224.02513786933463	248.0
224.0351385451022	245.0
224.04513922086977	242.0
224.05513989663734	242.0
224.0651405724049	242.0
224.07514124817249	242.0
224.08514192394006	242.0
224.0951425997076	245.0
224.10514327547517	248.0
224.11514395124274	250.0
224.12514462701031	256.0
224.1351453027779	262.0
224.14514597854546	268.0
224.15514665431303	272.0
224.1651473300806	278.0
224.17514800584817	284.0
224.18514868161574	288.0
224.19514935738331	291.0
224.2051500331509	291.0
224.21515070891846	291.0
224.22515138468603	288.0
224.2351520604536	284.0
224.24515273622117	284.0
224.25515341198874	284.0
224.26515408775631	284.0
224.2751547635239	281.0
224.28515543929143	281.0
224.295156115059	275.0
224.30515679082657	268.0
224.31515746659414	265.0
224.32515814236172	259.0
224.3351588181293	256.0
224.34515949389686	250.0
224.35516016966443	248.0
224.365160845432	245.0
224.37516152119957	245.0
224.38516219696714	245.0
224.39516287273472	245.0
224.4051635485023	245.0
224.41516422426986	0.0
224.42516490003743	0.0
224.435165575805	0.0
224.44516625157257	0.0
224.45516692734014	0.0
224.46516760310772	0.0
224.47516827887526	0.0
224.48516895464283	0.0
224.4951696304104	0.0
224.50517030617797	0.0
224.51517098194554	0.0
224.52517165771312	0.0
224.5351723334807	0.0
224.54517300924826	0.0
224.55517368501583	0.0
224.5651743607834	0.0
224.57517503655097	0.0
224.58517571231855	0.0
224.59517638808612	0.0
224.6051770638537	0.0
224.61517773962126	0.0
224.62517841538883	0.0
224.6351790911564	0.0
224.64517976692397	0.0
224.65518044269155	0.0
224.6651811184591	0.0
224.67518179422666	0.0
224.68518246999423	0.0
224.6951831457618	0.0
224.70518382152937	0.0
224.71518449729695	0.0
224.72518517306452	0.0
224.7351858488321	0.0
224.74518652459966	0.0
224.75518720036723	0.0
224.7651878761348	0.0
224.77518855190237	0.0
224.78518922766995	0.0
224.79518990343752	0.0
224.8051905792051	0.0
224.81519125497266	0.0
224.82519193074023	0.0
224.8351926065078	0.0
224.84519328227537	0.0
224.85519395804292	0.0
224.8651946338105	0.0
224.87519530957806	0.0
224.88519598534563	0.0
224.8951966611132	0.0
224.90519733688078	0.0
224.91519801264835	0.0
224.92519868841592	0.0
224.9351993641835	0.0
224.94520003995106	0.0
224.95520071571863	0.0
224.9652013914862	0.0
224.97520206725378	0.0
224.98520274302135	0.0
224.99520341878892	0.0
225.0052040945565	0.0
225.01520477032406	0.0
225.02520544609163	0.0
225.0352061218592	0.0
225.04520679762675	0.0
225.05520747339432	0.0
225.0652081491619	0.0
225.07520882492946	0.0
225.08520950069703	0.0
225.0952101764646	0.0
225.10521085223218	0.0
225.11521152799975	0.0
225.12521220376732	0.0
225.1352128795349	0.0
225.14521355530246	0.0
225.15521423107003	0.0
225.1652149068376	0.0
225.17521558260518	0.0
225.18521625837275	0.0
225.19521693414032	0.0
225.2052176099079	0.0
225.21521828567546	0.0
225.225218961443	0.0
225.23521963721058	0.0
225.24522031297815	0.0
225.25522098874572	0.0
225.2652216645133	0.0
225.27522234028086	0.0
225.28522301604843	0.0
225.295223691816	0.0
225.30522436758358	0.0
225.31522504335115	0.0
225.32522571911872	0.0
225.3352263948863	0.0
225.34522707065386	0.0
225.35522774642143	0.0
225.365228422189	0.0
225.37522909795658	0.0
225.38522977372415	0.0
225.39523044949172	0.0
225.4052311252593	0.0
225.41523180102683	0.0
225.4252324767944	0.0
225.43523315256198	0.0
225.44523382832955	0.0
225.45523450409712	0.0
225.4652351798647	0.0
225.47523585563226	0.0
225.48523653139983	0.0
225.4952372071674	0.0
225.50523788293498	0.0
225.51523855870255	0.0
225.52523923447012	0.0
225.5352399102377	0.0
225.54524058600526	0.0
225.55524126177284	0.0
225.5652419375404	0.0
225.57524261330798	0.0
225.58524328907555	0.0
225.59524396484312	0.0
225.60524464061066	0.0
225.61524531637824	0.0
225.6252459921458	0.0
225.63524666791338	0.0
225.64524734368095	0.0
225.65524801944852	0.0
225.6652486952161	0.0
225.67524937098366	0.0
225.68525004675124	0.0
225.6952507225188	294.0
225.70525139828638	294.0
225.71525207405395	291.0
225.72525274982152	294.0
225.7352534255891	294.0
225.74525410135666	298.0
225.75525477712424	301.0
225.7652554528918	305.0
225.77525612865938	308.0
225.78525680442695	312.0
225.7952574801945	316.0
225.80525815596206	319.0
225.81525883172964	323.0
225.8252595074972	331.0
225.83526018326478	334.0
225.84526085903235	342.0
225.85526153479992	350.0
225.8652622105675	354.0
225.87526288633507	354.0
225.88526356210264	358.0
225.8952642378702	358.0
225.90526491363778	363.0
225.91526558940535	363.0
225.92526626517292	367.0
225.9352669409405	367.0
225.94526761670807	371.0
225.95526829247564	371.0
225.9652689682432	375.0
225.97526964401078	375.0
225.98527031977832	375.0
225.9952709955459	375.0
226.00527167131347	375.0
226.01527234708104	380.0
226.0252730228486	380.0
226.03527369861618	380.0
226.04527437438375	380.0
226.05527505015132	375.0
226.0652757259189	375.0
226.07527640168647	371.0
226.08527707745404	367.0
226.0952777532216	363.0
226.10527842898918	358.0
226.11527910475675	358.0
226.12527978052432	354.0
226.1352804562919	354.0
226.14528113205947	354.0
226.15528180782704	354.0
226.1652824835946	358.0
226.17528315936215	358.0
226.18528383512972	358.0
226.1952845108973	358.0
226.20528518666487	358.0
226.21528586243244	363.0
226.2252865382	363.0
226.23528721396758	363.0
226.24528788973515	363.0
226.25528856550272	358.0
226.2652892412703	358.0
226.27528991703787	358.0
226.28529059280544	358.0
226.295291268573	358.0
226.30529194434058	363.0
226.31529262010815	363.0
226.32529329587572	358.0
226.3352939716433	358.0
226.34529464741087	358.0
226.35529532317844	354.0
226.36529599894598	354.0
226.37529667471355	354.0
226.38529735048112	354.0
226.3952980262487	354.0
226.40529870201627	354.0
226.41529937778384	354.0
226.4253000535514	354.0
226.43530072931898	358.0
226.44530140508655	358.0
226.45530208085412	358.0
226.4653027566217	358.0
226.47530343238927	358.0
226.48530410815684	358.0
226.4953047839244	358.0
226.50530545969198	358.0
226.51530613545955	358.0
226.52530681122713	363.0
226.5353074869947	367.0
226.54530816276224	367.0
226.5553088385298	367.0
226.56530951429738	367.0
226.57531019006495	363.0
226.58531086583253	363.0
226.5953115416001	363.0
226.60531221736767	363.0
226.61531289313524	363.0
226.6253135689028	358.0
226.63531424467038	358.0
226.64531492043795	358.0
226.65531559620553	358.0
226.6653162719731	358.0
226.67531694774067	358.0
226.68531762350824	358.0
226.6953182992758	358.0
226.70531897504338	354.0
226.71531965081095	354.0
226.72532032657853	354.0
226.73532100234607	354.0
226.74532167811364	354.0
226.7553223538812	354.0
226.76532302964878	354.0
226.77532370541635	358.0
226.78532438118393	358.0
226.7953250569515	358.0
226.80532573271907	358.0
226.81532640848664	358.0
226.8253270842542	358.0
226.83532776002178	358.0
226.84532843578936	354.0
226.85532911155693	354.0
226.8653297873245	354.0
226.87533046309207	354.0
226.88533113885964	358.0
226.8953318146272	358.0
226.90533249039478	358.0
226.91533316616236	358.0
226.9253338419299	358.0
226.93533451769747	358.0
226.94533519346504	358.0
226.9553358692326	358.0
226.96533654500018	358.0
226.97533722076776	363.0
226.98533789653533	363.0
226.9953385723029	363.0
227.00533924807047	363.0
227.01533992383804	358.0
227.0253405996056	358.0
227.03534127537318	358.0
227.04534195114076	358.0
227.05534262690833	358.0
227.0653433026759	358.0
227.07534397844347	358.0
227.08534465421104	358.0
227.0953453299786	358.0
227.10534600574618	358.0
227.11534668151373	358.0
227.1253473572813	358.0
227.13534803304887	358.0
227.14534870881644	358.0
227.155349384584	358.0
227.16535006035159	358.0
227.17535073611916	358.0
227.18535141188673	358.0
227.1953520876543	358.0
227.20535276342187	358.0
227.21535343918944	358.0
227.225354114957	358.0
227.23535479072459	358.0
227.24535546649216	358.0
227.25535614225973	363.0
227.2653568180273	363.0
227.27535749379487	363.0
227.28535816956244	363.0
227.29535884533001	358.0
227.30535952109756	358.0
227.31536019686513	358.0
227.3253608726327	358.0
227.33536154840027	358.0
227.34536222416784	358.0
227.35536289993541	358.0
227.365363575703	358.0
227.37536425147056	358.0
227.38536492723813	358.0
227.3953656030057	358.0
227.40536627877327	363.0
227.41536695454084	363.0
227.42536763030841	363.0
227.435368306076	363.0
227.44536898184356	363.0
227.45536965761113	363.0
227.4653703333787	363.0
227.47537100914627	363.0
227.48537168491384	363.0
227.4953723606814	358.0
227.50537303644896	358.0
227.51537371221653	358.0
227.5253743879841	358.0
227.53537506375167	358.0
227.54537573951924	358.0
227.55537641528682	358.0
227.5653770910544	358.0
227.57537776682196	358.0
227.58537844258953	358.0
227.5953791183571	358.0
227.60537979412467	358.0
227.61538046989224	358.0
227.62538114565982	358.0
227.6353818214274	358.0
227.64538249719496	358.0
227.65538317296253	363.0
227.6653838487301	363.0
227.67538452449767	363.0
227.68538520026522	363.0
227.6953858760328	358.0
227.70538655180036	358.0
227.71538722756793	358.0
227.7253879033355	358.0
227.73538857910307	358.0
227.74538925487064	358.0
227.75538993063822	358.0
227.7653906064058	358.0
227.77539128217336	358.0
227.78539195794093	354.0
227.7953926337085	354.0
227.80539330947607	354.0
227.81539398524365	354.0
227.82539466101122	358.0
227.8353953367788	358.0
227.84539601254636	358.0
227.85539668831393	363.0
227.86539736408147	363.0
227.87539803984905	363.0
227.88539871561662	363.0
227.8953993913842	363.0
227.90540006715176	363.0
227.91540074291933	358.0
227.9254014186869	358.0
227.93540209445447	358.0
227.94540277022205	358.0
227.95540344598962	358.0
227.9654041217572	358.0
227.97540479752476	358.0
227.98540547329233	358.0
227.9954061490599	358.0
228.00540682482747	358.0
228.01540750059505	358.0
228.02540817636262	358.0
228.0354088521302	358.0
228.04540952789776	358.0
228.0554102036653	358.0
228.06541087943287	358.0
228.07541155520045	358.0
228.08541223096802	358.0
228.0954129067356	358.0
228.10541358250316	358.0
228.11541425827073	358.0
228.1254149340383	358.0
228.13541560980588	358.0
228.14541628557345	358.0
228.15541696134102	363.0
228.1654176371086	363.0
228.17541831287616	363.0
228.18541898864373	363.0
228.1954196644113	358.0
228.20542034017888	358.0
228.21542101594645	358.0
228.22542169171402	358.0
228.2354223674816	358.0
228.24542304324913	358.0
228.2554237190167	358.0
228.26542439478428	358.0
228.27542507055185	358.0
228.28542574631942	358.0
228.295426422087	358.0
228.30542709785456	358.0
228.31542777362213	363.0
228.3254284493897	363.0
228.33542912515728	363.0
228.34542980092485	363.0
228.35543047669242	363.0
228.36543115246	363.0
228.37543182822756	363.0
228.38543250399513	363.0
228.3954331797627	358.0
228.40543385553028	358.0
228.41543453129785	358.0
228.42543520706542	358.0
228.43543588283296	358.0
228.44543655860053	358.0
228.4554372343681	358.0
228.46543791013568	358.0
228.47543858590325	363.0
228.48543926167082	363.0
228.4954399374384	363.0
228.50544061320596	363.0
228.51544128897353	363.0
228.5254419647411	363.0
228.53544264050868	363.0
228.54544331627625	363.0
228.55544399204382	363.0
228.5654446678114	363.0
228.57544534357896	363.0
228.58544601934653	363.0
228.5954466951141	363.0
228.60544737088168	363.0
228.61544804664925	363.0
228.6254487224168	363.0
228.63544939818436	363.0
228.64545007395193	363.0
228.6554507497195	363.0
228.66545142548708	363.0
228.67545210125465	363.0
228.68545277702222	358.0
228.6954534527898	358.0
228.70545412855736	358.0
228.71545480432493	358.0
228.7254554800925	358.0
228.73545615586008	358.0
228.74545683162765	358.0
228.75545750739522	358.0
228.7654581831628	358.0
228.77545885893036	358.0
228.78545953469794	363.0
228.7954602104655	363.0
228.80546088623308	363.0
228.81546156200062	363.0
228.8254622377682	363.0
228.83546291353576	363.0
228.84546358930334	358.0
228.8554642650709	358.0
228.86546494083848	358.0
228.87546561660605	358.0
228.88546629237362	358.0
228.8954669681412	358.0
228.90546764390876	358.0
228.91546831967634	358.0
228.9254689954439	358.0
228.93546967121148	358.0
228.94547034697905	358.0
228.95547102274662	358.0
228.9654716985142	358.0
228.97547237428176	358.0
228.98547305004934	358.0
228.9954737258169	358.0
229.00547440158445	358.0
229.01547507735202	363.0
229.0254757531196	363.0
229.03547642888716	363.0
229.04547710465474	358.0
229.0554777804223	358.0
229.06547845618988	358.0
229.07547913195745	358.0
229.08547980772502	358.0
229.0954804834926	358.0
229.10548115926017	358.0
229.11548183502774	358.0
229.1254825107953	358.0
229.13548318656288	367.0
229.14548386233045	367.0
229.15548453809802	367.0
229.1654852138656	367.0
229.17548588963317	363.0
229.1854865654007	363.0
229.19548724116828	363.0
229.20548791693585	367.0
229.21548859270342	367.0
229.225489268471	367.0
229.23548994423857	363.0
229.24549062000614	363.0
229.2554912957737	363.0
229.26549197154128	358.0
229.27549264730885	358.0
229.28549332307642	358.0
229.295493998844	358.0
229.30549467461157	358.0
229.31549535037914	358.0
229.3254960261467	358.0
229.33549670191428	358.0
229.34549737768185	358.0
229.35549805344942	358.0
229.365498729217	358.0
229.37549940498454	363.0
229.3855000807521	363.0
229.39550075651968	363.0
229.40550143228725	363.0
229.41550210805482	363.0
229.4255027838224	363.0
229.43550345958997	363.0
229.44550413535754	358.0
229.4555048111251	358.0
229.46550548689268	358.0
229.47550616266025	358.0
229.48550683842782	358.0
229.4955075141954	363.0
229.50550818996297	363.0
229.51550886573054	363.0
229.5255095414981	363.0
229.53551021726568	363.0
229.54551089303325	358.0
229.55551156880082	358.0
229.56551224456837	358.0
229.57551292033594	358.0
229.5855135961035	358.0
229.59551427187108	358.0
229.60551494763865	358.0
229.61551562340622	358.0
229.6255162991738	358.0
229.63551697494137	358.0
229.64551765070894	358.0
229.6555183264765	358.0
229.66551900224408	363.0
229.67551967801165	363.0
229.68552035377922	363.0
229.6955210295468	363.0
229.70552170531437	363.0
229.71552238108194	363.0
229.7255230568495	363.0
229.73552373261708	367.0
229.74552440838465	367.0
229.7555250841522	367.0
229.76552575991977	367.0
229.77552643568734	367.0
229.7855271114549	363.0
229.79552778722248	363.0
229.80552846299005	363.0
229.81552913875763	363.0
229.8255298145252	358.0
229.83553049029277	358.0
229.84553116606034	358.0
229.8555318418279	358.0
229.86553251759548	358.0
229.87553319336305	358.0
229.88553386913063	358.0
229.8955345448982	358.0
229.90553522066577	358.0
229.91553589643334	358.0
229.9255365722009	358.0
229.93553724796848	358.0
229.94553792373603	358.0
229.9555385995036	358.0
229.96553927527117	363.0
229.97553995103874	363.0
229.9855406268063	363.0
229.99554130257388	363.0
230.00554197834145	363.0
230.01554265410903	363.0
230.0255433298766	363.0
230.03554400564417	363.0
230.04554468141174	358.0
230.0555453571793	358.0
230.06554603294688	358.0
230.07554670871446	358.0
230.08554738448203	358.0
230.0955480602496	358.0
230.10554873601717	358.0
230.11554941178474	358.0
230.1255500875523	358.0
230.13555076331986	358.0
230.14555143908743	363.0
230.155552114855	363.0
230.16555279062257	363.0
230.17555346639014	363.0
230.1855541421577	363.0
230.19555481792528	363.0
230.20555549369286	363.0
230.21555616946043	363.0
230.225556845228	363.0
230.23555752099557	363.0
230.24555819676314	363.0
230.2555588725307	363.0
230.26555954829828	358.0
230.27556022406586	358.0
230.28556089983343	358.0
230.295561575601	358.0
230.30556225136857	358.0
230.3155629271361	358.0
230.32556360290369	363.0
230.33556427867126	363.0
230.34556495443883	363.0
230.3555656302064	363.0
230.36556630597397	363.0
230.37556698174154	363.0
230.3855676575091	363.0
230.39556833327669	363.0
230.40556900904426	363.0
230.41556968481183	358.0
230.4255703605794	358.0
230.43557103634697	358.0
230.44557171211454	358.0
230.4555723878821	358.0
230.46557306364969	358.0
230.47557373941726	358.0
230.48557441518483	358.0
230.4955750909524	358.0
230.50557576671994	358.0
230.51557644248751	358.0
230.5255771182551	358.0
230.53557779402266	358.0
230.54557846979023	358.0
230.5555791455578	358.0
230.56557982132537	358.0
230.57558049709294	358.0
230.58558117286051	358.0
230.5955818486281	358.0
230.60558252439566	358.0
230.61558320016323	358.0
230.6255838759308	358.0
230.63558455169837	358.0
230.64558522746594	358.0
230.65558590323351	358.0
230.6655865790011	358.0
230.67558725476866	358.0
230.68558793053623	358.0
230.69558860630377	358.0
230.70558928207134	358.0
230.71558995783892	358.0
230.7255906336065	358.0
230.73559130937406	358.0
230.74559198514163	358.0
230.7555926609092	358.0
230.76559333667677	358.0
230.77559401244434	358.0
230.78559468821192	358.0
230.7955953639795	363.0
230.80559603974706	358.0
230.81559671551463	358.0
230.8255973912822	358.0
230.83559806704977	358.0
230.84559874281734	358.0
230.85559941858492	358.0
230.8656000943525	358.0
230.87560077012006	358.0
230.8856014458876	358.0
230.89560212165517	358.0
230.90560279742274	358.0
230.91560347319032	358.0
230.9256041489579	358.0
230.93560482472546	358.0
230.94560550049303	358.0
230.9556061762606	358.0
230.96560685202817	358.0
230.97560752779574	358.0
230.98560820356332	358.0
230.9956088793309	358.0
231.00560955509846	358.0
231.01561023086603	358.0
231.0256109066336	354.0
231.03561158240117	354.0
231.04561225816875	358.0
231.05561293393632	358.0
231.0656136097039	358.0
231.07561428547143	358.0
231.085614961239	358.0
231.09561563700657	358.0
231.10561631277415	358.0
231.11561698854172	358.0
231.1256176643093	358.0
231.13561834007686	358.0
231.14561901584443	358.0
231.155619691612	358.0
231.16562036737957	358.0
231.17562104314715	358.0
231.18562171891472	0.0
231.1956223946823	0.0
231.20562307044986	0.0
231.21562374621743	0.0
231.225624421985	0.0
231.23562509775257	0.0
231.24562577352015	0.0
231.25562644928772	0.0
231.26562712505526	0.0
231.27562780082283	0.0
231.2856284765904	0.0
231.29562915235798	0.0
231.30562982812555	0.0
231.31563050389312	0.0
231.3256311796607	0.0
231.33563185542826	0.0
231.34563253119583	0.0
231.3556332069634	0.0
231.36563388273098	0.0
231.37563455849855	0.0
231.38563523426612	0.0
231.3956359100337	0.0
231.40563658580126	0.0
231.41563726156883	0.0
231.4256379373364	0.0
231.43563861310398	0.0
231.44563928887155	0.0
231.4556399646391	358.0
231.46564064040666	358.0
231.47564131617423	358.0
231.4856419919418	358.0
231.49564266770938	358.0
231.50564334347695	358.0
231.51564401924452	358.0
231.5256446950121	358.0
231.53564537077966	358.0
231.54564604654723	358.0
231.5556467223148	358.0
231.56564739808238	358.0
231.57564807384995	358.0
231.58564874961752	358.0
231.5956494253851	358.0
231.60565010115266	358.0
231.61565077692023	358.0
231.6256514526878	358.0
231.63565212845535	358.0
231.64565280422292	358.0
231.6556534799905	358.0
231.66565415575806	358.0
231.67565483152563	358.0
231.6856555072932	358.0
231.69565618306078	0.0
231.70565685882835	358.0
231.71565753459592	358.0
231.7256582103635	358.0
231.73565888613106	358.0
231.74565956189863	0.0
231.7556602376662	0.0
231.76566091343378	0.0
231.77566158920135	358.0
231.78566226496892	358.0
231.7956629407365	358.0
231.80566361650406	358.0
231.81566429227163	0.0
231.82566496803918	0.0
231.83566564380675	0.0
231.84566631957432	0.0
231.8556669953419	0.0
231.86566767110946	0.0
231.87566834687703	0.0
231.8856690226446	0.0
231.89566969841218	0.0
231.90567037417975	0.0
231.91567104994732	0.0
231.9256717257149	0.0
231.93567240148246	0.0
231.94567307725004	0.0
231.9556737530176	0.0
231.96567442878518	0.0
231.97567510455275	0.0
231.98567578032032	0.0
231.9956764560879	0.0
232.00567713185546	0.0
232.015677807623	0.0
232.02567848339058	0.0
232.03567915915815	0.0
232.04567983492572	0.0
232.0556805106933	0.0
232.06568118646086	0.0
232.07568186222844	0.0
232.085682537996	0.0
232.09568321376358	0.0
232.10568388953115	0.0
232.11568456529872	0.0
232.1256852410663	0.0
232.13568591683386	0.0
232.14568659260144	0.0
232.155687268369	0.0
232.16568794413658	0.0
232.17568861990415	0.0
232.18568929567172	0.0
232.1956899714393	0.0
232.20569064720684	0.0
232.2156913229744	0.0
232.22569199874198	0.0
232.23569267450955	0.0
232.24569335027712	0.0
232.2556940260447	0.0
232.26569470181227	0.0
232.27569537757984	0.0
232.2856960533474	0.0
232.29569672911498	0.0
232.30569740488255	0.0
232.31569808065012	358.0
232.3256987564177	358.0
232.33569943218527	358.0
232.34570010795284	358.0
232.3557007837204	358.0
232.36570145948798	358.0
232.37570213525555	358.0
232.38570281102312	358.0
232.39570348679067	363.0
232.40570416255824	363.0
232.4157048383258	367.0
232.42570551409338	375.0
232.43570618986095	375.0
232.44570686562852	375.0
232.4557075413961	375.0
232.46570821716367	371.0
232.47570889293124	367.0
232.4857095686988	363.0
232.49571024446638	350.0
232.50571092023395	342.0
232.51571159600152	331.0
232.5257122717691	327.0
232.53571294753667	327.0
232.54571362330424	331.0
232.5557142990718	338.0
232.56571497483938	354.0
232.57571565060695	358.0
232.5857163263745	358.0
232.59571700214207	358.0
232.60571767790964	363.0
232.6157183536772	367.0
232.62571902944478	371.0
232.63571970521235	371.0
232.64572038097992	375.0
232.6557210567475	371.0
232.66572173251507	371.0
232.67572240828264	367.0
232.6857230840502	358.0
232.69572375981778	350.0
232.70572443558535	334.0
232.71572511135292	327.0
232.7257257871205	323.0
232.73572646288807	323.0
232.74572713865564	323.0
232.7557278144232	319.0
232.76572849019078	319.0
232.77572916595832	319.0
232.7857298417259	319.0
232.79573051749347	319.0
232.80573119326104	316.0
232.8157318690286	316.0
232.82573254479618	316.0
232.83573322056375	316.0
232.84573389633132	319.0
232.8557345720989	319.0
232.86573524786647	323.0
232.87573592363404	327.0
232.8857365994016	331.0
232.89573727516918	334.0
232.90573795093675	334.0
232.91573862670433	338.0
232.9257393024719	338.0
232.93573997823947	338.0
232.94574065400704	342.0
232.95574132977458	342.0
232.96574200554215	342.0
232.97574268130973	312.0
232.9857433570773	312.0
232.99574403284487	312.0
233.00574470861244	308.0
233.01574538438	308.0
233.02574606014758	301.0
233.03574673591515	298.0
233.04574741168273	291.0
233.0557480874503	0.0
233.06574876321787	0.0
233.07574943898544	0.0
233.085750114753	0.0
233.09575079052058	0.0
233.10575146628815	0.0
233.11575214205573	0.0
233.1257528178233	0.0
233.13575349359087	0.0
233.1457541693584	0.0
233.15575484512598	0.0
233.16575552089355	0.0
233.17575619666113	288.0
233.1857568724287	288.0
233.19575754819627	288.0
233.20575822396384	288.0
233.2157588997314	288.0
233.22575957549898	288.0
233.23576025126656	288.0
233.24576092703413	291.0
233.2557616028017	291.0
233.26576227856927	291.0
233.27576295433684	291.0
233.2857636301044	291.0
233.29576430587198	291.0
233.30576498163956	291.0
233.31576565740713	291.0
233.3257663331747	288.0
233.33576700894224	284.0
233.3457676847098	281.0
233.35576836047738	281.0
233.36576903624496	288.0
233.37576971201253	291.0
233.3857703877801	291.0
233.39577106354767	275.0
233.40577173931524	259.0
233.4157724150828	0.0
233.42577309085038	0.0
233.43577376661796	358.0
233.44577444238553	363.0
233.4557751181531	367.0
233.46577579392067	367.0
233.47577646968824	367.0
233.4857771454558	363.0
233.49577782122338	363.0
233.50577849699096	363.0
233.51577917275853	363.0
233.52577984852607	363.0
233.53578052429364	363.0
233.5457812000612	363.0
233.55578187582879	363.0
233.56578255159636	363.0
233.57578322736393	363.0
233.5857839031315	363.0
233.59578457889907	363.0
233.60578525466664	363.0
233.6157859304342	363.0
233.62578660620179	363.0
233.63578728196936	363.0
233.64578795773693	363.0
233.6557886335045	363.0
233.66578930927207	363.0
233.67578998503964	363.0
233.6857906608072	363.0
233.69579133657479	363.0
233.70579201234236	363.0
233.7157926881099	363.0
233.72579336387747	363.0
233.73579403964504	371.0
233.74579471541261	375.0
233.7557953911802	384.0
233.76579606694776	384.0
233.77579674271533	384.0
233.7857974184829	380.0
233.79579809425047	380.0
233.80579877001804	375.0
233.81579944578561	371.0
233.8258001215532	371.0
233.83580079732076	367.0
233.84580147308833	363.0
233.8558021488559	363.0
233.86580282462347	363.0
233.87580350039104	363.0
233.88580417615862	367.0
233.8958048519262	371.0
233.90580552769373	375.0
233.9158062034613	380.0
233.92580687922887	380.0
233.93580755499644	380.0
233.94580823076402	375.0
233.9558089065316	375.0
233.96580958229916	371.0
233.97581025806673	371.0
233.9858109338343	367.0
233.99581160960187	363.0
234.00581228536944	358.0
234.01581296113702	354.0
234.0258136369046	346.0
234.03581431267216	342.0
234.04581498843973	334.0
234.0558156642073	331.0
234.06581633997487	331.0
234.07581701574244	327.0
234.08581769151002	323.0
234.09581836727756	323.0
234.10581904304513	323.0
234.1158197188127	323.0
234.12582039458027	323.0
234.13582107034784	323.0
234.14582174611542	327.0
234.155822421883	327.0
234.16582309765056	323.0
234.17582377341813	323.0
234.1858244491857	323.0
234.19582512495327	323.0
234.20582580072085	323.0
234.21582647648842	319.0
234.225827152256	323.0
234.23582782802356	327.0
234.24582850379113	331.0
234.2558291795587	334.0
234.26582985532627	334.0
234.27583053109382	334.0
234.2858312068614	338.0
234.29583188262896	338.0
234.30583255839653	338.0
234.3158332341641	338.0
234.32583390993167	338.0
234.33583458569925	338.0
234.34583526146682	334.0
234.3558359372344	331.0
234.36583661300196	331.0
234.37583728876953	327.0
234.3858379645371	327.0
234.39583864030467	327.0
234.40583931607225	327.0
234.41583999183982	327.0
234.4258406676074	323.0
234.43584134337496	323.0
234.44584201914253	323.0
234.4558426949101	319.0
234.46584337067765	319.0
234.47584404644522	319.0
234.4858447222128	319.0
234.49584539798036	316.0
234.50584607374793	316.0
234.5158467495155	316.0
234.52584742528308	312.0
234.53584810105065	312.0
234.54584877681822	312.0
234.5558494525858	312.0
234.56585012835336	312.0
234.57585080412093	308.0
234.5858514798885	308.0
234.59585215565608	308.0
234.60585283142365	305.0
234.61585350719122	301.0
234.6258541829588	298.0
234.63585485872636	298.0
234.64585553449393	294.0
234.65585621026148	294.0
234.66585688602905	291.0
234.67585756179662	291.0
234.6858582375642	291.0
234.69585891333176	291.0
234.70585958909933	291.0
234.7158602648669	291.0
234.72586094063448	294.0
234.73586161640205	291.0
234.74586229216962	291.0
234.7558629679372	291.0
234.76586364370476	291.0
234.77586431947233	291.0
234.7858649952399	291.0
234.79586567100748	291.0
234.80586634677505	291.0
234.81586702254262	291.0
234.8258676983102	291.0
234.83586837407776	291.0
234.8458690498453	291.0
234.85586972561288	291.0
234.86587040138045	291.0
234.87587107714802	291.0
234.8858717529156	291.0
234.89587242868316	291.0
234.90587310445073	291.0
234.9158737802183	291.0
234.92587445598588	291.0
234.93587513175345	291.0
234.94587580752102	0.0
234.9558764832886	0.0
234.96587715905616	0.0
234.97587783482373	0.0
234.9858785105913	0.0
234.99587918635888	0.0
235.00587986212645	0.0
235.01588053789402	291.0
235.0258812136616	291.0
235.03588188942913	291.0
235.0458825651967	0.0
235.05588324096428	0.0
235.06588391673185	0.0
235.07588459249942	0.0
235.085885268267	294.0
235.09588594403456	294.0
235.10588661980213	294.0
235.1158872955697	0.0
235.12588797133728	0.0
235.13588864710485	0.0
235.14588932287242	0.0
235.15588999864	0.0
235.16589067440756	0.0
235.17589135017514	0.0
235.1858920259427	0.0
235.19589270171028	0.0
235.20589337747785	0.0
235.21589405324542	0.0
235.22589472901296	0.0
235.23589540478054	0.0
235.2458960805481	0.0
235.25589675631568	0.0
235.26589743208325	0.0
235.27589810785082	0.0
235.2858987836184	0.0
235.29589945938596	0.0
235.30590013515354	0.0
235.3159008109211	0.0
235.32590148668868	0.0
235.33590216245625	0.0
235.34590283822382	0.0
235.3559035139914	0.0
235.36590418975896	0.0
235.37590486552654	0.0
235.3859055412941	0.0
235.39590621706168	0.0
235.40590689282925	0.0
235.4159075685968	0.0
235.42590824436436	0.0
235.43590892013194	0.0
235.4459095958995	0.0
235.45591027166708	0.0
235.46591094743465	0.0
235.47591162320222	0.0
235.4859122989698	0.0
235.49591297473737	0.0
235.50591365050494	0.0
235.5159143262725	0.0
235.52591500204008	0.0
235.53591567780765	0.0
235.54591635357522	0.0
235.5559170293428	0.0
235.56591770511037	0.0
235.57591838087794	0.0
235.5859190566455	0.0
235.59591973241305	0.0
235.60592040818062	0.0
235.6159210839482	0.0
235.62592175971577	0.0
235.63592243548334	0.0
235.6459231112509	0.0
235.65592378701848	0.0
235.66592446278605	0.0
235.67592513855362	0.0
235.6859258143212	0.0
235.69592649008877	0.0
235.70592716585634	0.0
235.7159278416239	0.0
235.72592851739148	0.0
235.73592919315905	0.0
235.74592986892662	0.0
235.7559305446942	0.0
235.76593122046177	0.0
235.77593189622934	0.0
235.78593257199688	0.0
235.79593324776445	0.0
235.80593392353202	0.0
235.8159345992996	0.0
235.82593527506717	0.0
235.83593595083474	0.0
235.8459366266023	0.0
235.85593730236988	0.0
235.86593797813745	0.0
235.87593865390502	0.0
235.8859393296726	0.0
235.89594000544017	0.0
235.90594068120774	0.0
235.9159413569753	0.0
235.92594203274288	0.0
235.93594270851045	0.0
235.94594338427802	0.0
235.9559440600456	0.0
235.96594473581317	0.0
235.9759454115807	0.0
235.98594608734828	0.0
235.99594676311585	0.0
236.00594743888342	0.0
236.015948114651	0.0
236.02594879041857	0.0
236.03594946618614	0.0
236.0459501419537	0.0
236.05595081772128	0.0
236.06595149348885	0.0
236.07595216925642	0.0
236.085952845024	0.0
236.09595352079157	0.0
236.10595419655914	0.0
236.1159548723267	0.0
236.12595554809428	0.0
236.13595622386185	0.0
236.14595689962943	0.0
236.155957575397	0.0
236.16595825116454	0.0
236.1759589269321	0.0
236.18595960269968	0.0
236.19596027846725	0.0
236.20596095423483	0.0
236.2159616300024	0.0
236.22596230576997	288.0
236.23596298153754	291.0
236.2459636573051	294.0
236.25596433307268	298.0
236.26596500884025	298.0
236.27596568460783	301.0
236.2859663603754	305.0
236.29596703614297	308.0
236.30596771191054	312.0
236.3159683876781	316.0
236.32596906344568	319.0
236.33596973921325	323.0
236.34597041498083	331.0
236.35597109074837	338.0
236.36597176651594	342.0
236.3759724422835	346.0
236.38597311805108	350.0
236.39597379381865	354.0
236.40597446958623	358.0
236.4159751453538	363.0
236.42597582112137	367.0
236.43597649688894	363.0
236.4459771726565	363.0
236.45597784842408	363.0
236.46597852419166	363.0
236.47597919995923	363.0
236.4859798757268	367.0
236.49598055149437	371.0
236.50598122726194	375.0
236.5159819030295	380.0
236.52598257879708	380.0
236.53598325456466	384.0
236.5459839303322	380.0
236.55598460609977	371.0
236.56598528186734	367.0
236.5759859576349	363.0
236.58598663340248	363.0
236.59598730917006	363.0
236.60598798493763	363.0
236.6159886607052	363.0
236.62598933647277	358.0
236.63599001224034	358.0
236.6459906880079	358.0
236.65599136377548	354.0
236.66599203954306	354.0
236.67599271531063	358.0
236.6859933910782	363.0
236.69599406684577	367.0
236.70599474261334	367.0
236.7159954183809	367.0
236.72599609414848	363.0
236.73599676991603	363.0
236.7459974456836	363.0
236.75599812145117	363.0
236.76599879721874	363.0
236.7759994729863	363.0
236.78600014875389	363.0
236.79600082452146	363.0
236.80600150028903	363.0
236.8160021760566	363.0
236.82600285182417	363.0
236.83600352759174	363.0
236.8460042033593	363.0
236.85600487912689	363.0
236.86600555489446	363.0
236.87600623066203	363.0
236.8860069064296	363.0
236.89600758219717	363.0
236.90600825796474	363.0
236.9160089337323	358.0
236.92600960949986	358.0
236.93601028526743	363.0
236.946010961035	363.0
236.95601163680257	363.0
236.96601231257014	363.0
236.97601298833771	358.0
236.9860136641053	358.0
236.99601433987286	358.0
237.00601501564043	358.0
237.016015691408	358.0
237.02601636717557	363.0
237.03601704294314	358.0
237.04601771871071	363.0
237.0560183944783	363.0
237.06601907024586	363.0
237.07601974601343	363.0
237.086020421781	363.0
237.09602109754857	358.0
237.10602177331612	358.0
237.1160224490837	358.0
237.12602312485126	358.0
237.13602380061883	358.0
237.1460244763864	358.0
237.15602515215397	358.0
237.16602582792154	358.0
237.17602650368912	358.0
237.1860271794567	358.0
237.19602785522426	358.0
237.20602853099183	358.0
237.2160292067594	358.0
237.22602988252697	358.0
237.23603055829454	358.0
237.24603123406212	358.0
237.2560319098297	358.0
237.26603258559726	358.0
237.27603326136483	358.0
237.2860339371324	358.0
237.29603461289994	358.0
237.30603528866752	358.0
237.3160359644351	358.0
237.32603664020266	358.0
237.33603731597023	358.0
237.3460379917378	358.0
237.35603866750537	358.0
237.36603934327294	358.0
237.37604001904052	358.0
237.3860406948081	358.0
237.39604137057566	358.0
237.40604204634323	358.0
237.4160427221108	358.0
237.42604339787837	358.0
237.43604407364595	358.0
237.44604474941352	358.0
237.4560454251811	358.0
237.46604610094866	358.0
237.47604677671623	358.0
237.48604745248377	358.0
237.49604812825135	358.0
237.50604880401892	358.0
237.5160494797865	358.0
237.52605015555406	358.0
237.53605083132163	358.0
237.5460515070892	358.0
237.55605218285677	358.0
237.56605285862435	358.0
237.57605353439192	358.0
237.5860542101595	358.0
237.59605488592706	358.0
237.60605556169463	358.0
237.6160562374622	358.0
237.62605691322977	358.0
237.63605758899735	358.0
237.64605826476492	363.0
237.6560589405325	363.0
237.66605961630006	363.0
237.6760602920676	358.0
237.68606096783518	358.0
237.69606164360275	358.0
237.70606231937032	358.0
237.7160629951379	358.0
237.72606367090546	358.0
237.73606434667303	363.0
237.7460650224406	363.0
237.75606569820818	363.0
237.76606637397575	367.0
237.77606704974332	367.0
237.7860677255109	363.0
237.79606840127846	363.0
237.80606907704603	363.0
237.8160697528136	358.0
237.82607042858118	358.0
237.83607110434875	358.0
237.84607178011632	363.0
237.8560724558839	363.0
237.86607313165143	363.0
237.876073807419	363.0
237.88607448318658	363.0
237.89607515895415	363.0
237.90607583472172	363.0
237.9160765104893	363.0
237.92607718625686	363.0
237.93607786202443	363.0
237.946078537792	363.0
237.95607921355958	363.0
237.96607988932715	363.0
237.97608056509472	363.0
237.9860812408623	363.0
237.99608191662986	363.0
238.00608259239743	363.0
238.016083268165	0.0
238.02608394393258	0.0
238.03608461970015	0.0
238.0460852954677	0.0
238.05608597123526	0.0
238.06608664700283	0.0
238.0760873227704	0.0
238.08608799853798	0.0
238.09608867430555	0.0
238.10608935007312	0.0
238.1160900258407	0.0
238.12609070160826	0.0
238.13609137737583	0.0
238.1460920531434	0.0
238.15609272891098	0.0
238.16609340467855	0.0
238.17609408044612	0.0
238.1860947562137	0.0
238.19609543198126	0.0
238.20609610774883	0.0
238.2160967835164	0.0
238.22609745928398	0.0
238.23609813505152	0.0
238.2460988108191	0.0
238.25609948658666	0.0
238.26610016235423	0.0
238.2761008381218	0.0
238.28610151388938	0.0
238.29610218965695	0.0
238.30610286542452	0.0
238.3161035411921	0.0
238.32610421695966	0.0
238.33610489272723	0.0
238.3461055684948	0.0
238.35610624426238	363.0
238.36610692002995	0.0
238.37610759579752	0.0
238.3861082715651	0.0
238.39610894733266	0.0
238.40610962310024	0.0
238.4161102988678	0.0
238.42611097463535	363.0
238.43611165040292	363.0
238.4461123261705	363.0
238.45611300193806	358.0
238.46611367770564	358.0
238.4761143534732	358.0
238.48611502924078	358.0
238.49611570500835	358.0
238.50611638077592	0.0
238.5161170565435	0.0
238.52611773231106	0.0
238.53611840807864	0.0
238.5461190838462	0.0
238.55611975961378	0.0
238.56612043538135	0.0
238.57612111114892	0.0
238.5861217869165	0.0
238.59612246268406	0.0
238.60612313845164	0.0
238.61612381421918	0.0
238.62612448998675	0.0
238.63612516575432	0.0
238.6461258415219	0.0
238.65612651728947	0.0
238.66612719305704	0.0
238.6761278688246	0.0
238.68612854459218	0.0
238.69612922035975	0.0
238.70612989612732	0.0
238.7161305718949	0.0
238.72613124766247	0.0
238.73613192343004	0.0
238.7461325991976	0.0
238.75613327496518	0.0
238.76613395073275	0.0
238.77613462650032	0.0
238.7861353022679	0.0
238.79613597803547	0.0
238.806136653803	0.0
238.81613732957058	0.0
238.82613800533815	0.0
238.83613868110572	0.0
238.8461393568733	0.0
238.85614003264087	0.0
238.86614070840844	0.0
238.876141384176	0.0
238.88614205994358	0.0
238.89614273571115	0.0
238.90614341147872	0.0
238.9161440872463	0.0
238.92614476301387	0.0
238.93614543878144	0.0
238.946146114549	0.0
238.95614679031658	0.0
238.96614746608415	0.0
238.97614814185172	0.0
238.9861488176193	0.0
238.99614949338684	0.0
239.0061501691544	0.0
239.01615084492198	0.0
239.02615152068955	0.0
239.03615219645712	0.0
239.0461528722247	0.0
239.05615354799227	0.0
239.06615422375984	0.0
239.0761548995274	0.0
239.08615557529498	0.0
239.09615625106255	0.0
239.10615692683012	0.0
239.1161576025977	0.0
239.12615827836527	0.0
239.13615895413284	0.0
239.1461596299004	0.0
239.15616030566798	0.0
239.16616098143555	0.0
239.17616165720312	0.0
239.18616233297067	0.0
239.19616300873824	0.0
239.2061636845058	0.0
239.21616436027338	0.0
239.22616503604095	0.0
239.23616571180852	0.0
239.2461663875761	0.0
239.25616706334367	0.0
239.26616773911124	0.0
239.2761684148788	0.0
239.28616909064638	0.0
239.29616976641395	0.0
239.30617044218153	0.0
239.3161711179491	0.0
239.32617179371667	0.0
239.33617246948424	0.0
239.3461731452518	0.0
239.35617382101938	0.0
239.36617449678693	0.0
239.3761751725545	0.0
239.38617584832207	0.0
239.39617652408964	0.0
239.4061771998572	0.0
239.41617787562478	0.0
239.42617855139235	0.0
239.43617922715993	0.0
239.4461799029275	0.0
239.45618057869507	0.0
239.46618125446264	0.0
239.4761819302302	0.0
239.48618260599778	0.0
239.49618328176535	0.0
239.50618395753293	0.0
239.5161846333005	0.0
239.52618530906807	0.0
239.53618598483564	0.0
239.5461866606032	0.0
239.55618733637075	0.0
239.56618801213833	0.0
239.5761886879059	0.0
239.58618936367347	0.0
239.59619003944104	0.0
239.6061907152086	0.0
239.61619139097618	0.0
239.62619206674376	0.0
239.63619274251133	0.0
239.6461934182789	0.0
239.65619409404647	0.0
239.66619476981404	0.0
239.6761954455816	0.0
239.68619612134918	0.0
239.69619679711676	0.0
239.70619747288433	0.0
239.7161981486519	0.0
239.72619882441947	0.0
239.73619950018704	0.0
239.74620017595458	0.0
239.75620085172216	0.0
239.76620152748973	0.0
239.7762022032573	0.0
239.78620287902487	0.0
239.79620355479244	0.0
239.80620423056	0.0
239.81620490632758	0.0
239.82620558209516	0.0
239.83620625786273	0.0
239.8462069336303	0.0
239.85620760939787	0.0
239.86620828516544	0.0
239.876208960933	0.0
239.88620963670058	0.0
239.89621031246816	0.0
239.90621098823573	0.0
239.9162116640033	0.0
239.92621233977087	0.0
239.9362130155384	0.0
239.94621369130599	0.0
239.95621436707356	0.0
239.96621504284113	0.0
239.9762157186087	0.0
239.98621639437627	0.0
239.99621707014384	0.0
240.0062177459114	0.0
240.01621842167899	0.0
240.02621909744656	0.0
240.03621977321413	0.0
240.0462204489817	0.0
240.05622112474927	0.0
240.06622180051684	0.0
240.0762224762844	0.0
240.08622315205199	0.0
240.09622382781956	0.0
240.10622450358713	0.0
240.1162251793547	0.0
240.12622585512224	0.0
240.13622653088981	0.0
240.1462272066574	0.0
240.15622788242496	0.0
240.16622855819253	0.0
240.1762292339601	0.0
240.18622990972767	0.0
240.19623058549524	0.0
240.20623126126281	0.0
240.2162319370304	0.0
240.22623261279796	0.0
240.23623328856553	0.0
240.2462339643331	0.0
240.25623464010067	0.0
240.26623531586824	0.0
240.27623599163582	0.0
240.2862366674034	0.0
240.29623734317096	0.0
240.30623801893853	0.0
240.31623869470607	0.0
240.32623937047364	0.0
240.33624004624122	0.0
240.3462407220088	0.0
240.35624139777636	0.0
240.36624207354393	0.0
240.3762427493115	0.0
240.38624342507907	0.0
240.39624410084664	0.0
240.40624477661422	0.0
240.4162454523818	0.0
240.42624612814936	0.0
240.43624680391693	0.0
240.4462474796845	0.0
240.45624815545207	734.0
240.46624883121964	734.0
240.47624950698722	743.0
240.4862501827548	743.0
240.49625085852236	734.0
240.5062515342899	734.0
240.51625221005747	734.0
240.52625288582504	0.0
240.53625356159262	0.0
240.5462542373602	0.0
240.55625491312776	0.0
240.56625558889533	0.0
240.5762562646629	0.0
240.58625694043047	338.0
240.59625761619805	925.0
240.60625829196562	914.0
240.6162589677332	914.0
240.62625964350076	914.0
240.63626031926833	914.0
240.6462609950359	914.0
240.65626167080347	316.0
240.66626234657105	316.0
240.67626302233862	319.0
240.68626369810616	327.0
240.69626437387373	338.0
240.7062650496413	350.0
240.71626572540887	363.0
240.72626640117645	375.0
240.73626707694402	384.0
240.7462677527116	384.0
240.75626842847916	384.0
240.76626910424673	380.0
240.7762697800143	371.0
240.78627045578187	358.0
240.79627113154945	350.0
240.80627180731702	338.0
240.8162724830846	327.0
240.82627315885216	323.0
240.83627383461973	319.0
240.8462745103873	319.0
240.85627518615487	316.0
240.86627586192245	316.0
240.87627653769	316.0
240.88627721345756	323.0
240.89627788922513	334.0
240.9062785649927	342.0
240.91627924076028	350.0
240.92627991652785	354.0
240.93628059229542	363.0
240.946281268063	371.0
240.95628194383056	371.0
240.96628261959813	371.0
240.9762832953657	363.0
240.98628397113328	358.0
240.99628464690085	354.0
241.00628532266842	354.0
241.016285998436	354.0
241.02628667420356	354.0
241.03628734997113	354.0
241.0462880257387	358.0
241.05628870150628	363.0
241.06628937727382	371.0
241.0762900530414	380.0
241.08629072880896	384.0
241.09629140457653	389.0
241.1062920803441	389.0
241.11629275611168	384.0
241.12629343187925	380.0
241.13629410764682	371.0
241.1462947834144	363.0
241.15629545918196	354.0
241.16629613494953	354.0
241.1762968107171	354.0
241.18629748648468	354.0
241.19629816225225	354.0
241.20629883801982	354.0
241.2162995137874	354.0
241.22630018955496	358.0
241.23630086532253	367.0
241.2463015410901	367.0
241.25630221685765	367.0
241.26630289262522	367.0
241.2763035683928	367.0
241.28630424416036	363.0
241.29630491992793	363.0
241.3063055956955	358.0
241.31630627146308	350.0
241.32630694723065	346.0
241.33630762299822	338.0
241.3463082987658	334.0
241.35630897453336	331.0
241.36630965030093	323.0
241.3763103260685	319.0
241.38631100183608	312.0
241.39631167760365	312.0
241.40631235337122	312.0
241.4163130291388	316.0
241.42631370490636	319.0
241.43631438067393	323.0
241.44631505644148	331.0
241.45631573220905	338.0
241.46631640797662	350.0
241.4763170837442	354.0
241.48631775951176	358.0
241.49631843527933	358.0
241.5063191110469	358.0
241.51631978681448	358.0
241.52632046258205	358.0
241.53632113834962	354.0
241.5463218141172	350.0
241.55632248988476	346.0
241.56632316565234	342.0
241.5763238414199	334.0
241.58632451718748	327.0
241.59632519295505	319.0
241.60632586872262	316.0
241.6163265444902	316.0
241.62632722025776	316.0
241.6363278960253	316.0
241.64632857179288	323.0
241.65632924756045	331.0
241.66632992332802	338.0
241.6763305990956	346.0
241.68633127486316	350.0
241.69633195063074	354.0
241.7063326263983	363.0
241.71633330216588	367.0
241.72633397793345	367.0
241.73633465370102	367.0
241.7463353294686	363.0
241.75633600523616	358.0
241.76633668100374	354.0
241.7763373567713	350.0
241.78633803253888	350.0
241.79633870830645	350.0
241.80633938407402	350.0
241.8163400598416	350.0
241.82634073560914	358.0
241.8363414113767	367.0
241.84634208714428	375.0
241.85634276291185	380.0
241.86634343867942	384.0
241.876344114447	384.0
241.88634479021457	375.0
241.89634546598214	371.0
241.9063461417497	363.0
241.91634681751728	358.0
241.92634749328485	358.0
241.93634816905242	358.0
241.94634884482	358.0
241.95634952058757	354.0
241.96635019635514	354.0
241.9763508721227	354.0
241.98635154789028	354.0
241.99635222365785	354.0
242.0063528994254	354.0
242.01635357519297	358.0
242.02635425096054	358.0
242.0363549267281	363.0
242.04635560249568	363.0
242.05635627826325	358.0
242.06635695403082	358.0
242.0763576297984	358.0
242.08635830556597	358.0
242.09635898133354	354.0
242.1063596571011	350.0
242.11636033286868	350.0
242.12636100863625	350.0
242.13636168440382	354.0
242.1463623601714	354.0
242.15636303593897	358.0
242.16636371170654	358.0
242.1763643874741	358.0
242.18636506324168	358.0
242.19636573900922	358.0
242.2063664147768	358.0
242.21636709054437	358.0
242.22636776631194	358.0
242.2363684420795	363.0
242.24636911784708	363.0
242.25636979361465	358.0
242.26637046938222	358.0
242.2763711451498	358.0
242.28637182091737	358.0
242.29637249668494	358.0
242.3063731724525	358.0
242.31637384822008	358.0
242.32637452398765	358.0
242.33637519975522	358.0
242.3463758755228	363.0
242.35637655129037	363.0
242.36637722705794	363.0
242.3763779028255	358.0
242.38637857859305	358.0
242.39637925436062	358.0
242.4063799301282	358.0
242.41638060589577	358.0
242.42638128166334	358.0
242.4363819574309	358.0
242.44638263319848	358.0
242.45638330896605	358.0
242.46638398473362	358.0
242.4763846605012	363.0
242.48638533626877	363.0
242.49638601203634	363.0
242.5063866878039	367.0
242.51638736357148	367.0
242.52638803933905	367.0
242.53638871510663	367.0
242.5463893908742	367.0
242.55639006664177	363.0
242.56639074240934	358.0
242.57639141817688	358.0
242.58639209394445	358.0
242.59639276971203	354.0
242.6063934454796	354.0
242.61639412124717	358.0
242.62639479701474	358.0
242.6363954727823	358.0
242.64639614854988	358.0
242.65639682431745	367.0
242.66639750008503	367.0
242.6763981758526	367.0
242.68639885162017	367.0
242.69639952738774	367.0
242.7064002031553	367.0
242.71640087892288	367.0
242.72640155469045	363.0
242.73640223045803	363.0
242.7464029062256	358.0
242.75640358199317	358.0
242.7664042577607	358.0
242.77640493352828	358.0
242.78640560929585	358.0
242.79640628506343	363.0
242.806406960831	363.0
242.81640763659857	363.0
242.82640831236614	363.0
242.8364089881337	363.0
242.84640966390128	363.0
242.85641033966886	363.0
242.86641101543643	363.0
242.876411691204	363.0
242.88641236697157	358.0
242.89641304273914	358.0
242.9064137185067	358.0
242.91641439427428	358.0
242.92641507004186	363.0
242.93641574580943	363.0
242.946416421577	363.0
242.95641709734454	363.0
242.9664177731121	363.0
242.97641844887968	363.0
242.98641912464726	363.0
242.99641980041483	363.0
243.0064204761824	363.0
243.01642115194997	363.0
243.02642182771754	363.0
243.0364225034851	363.0
243.04642317925268	363.0
243.05642385502026	363.0
243.06642453078783	363.0
243.0764252065554	358.0
243.08642588232297	363.0
243.09642655809054	363.0
243.1064272338581	363.0
243.11642790962568	363.0
243.12642858539326	363.0
243.13642926116083	363.0
243.14642993692837	363.0
243.15643061269594	363.0
243.1664312884635	363.0
243.17643196423109	363.0
243.18643263999866	358.0
243.19643331576623	358.0
243.2064339915338	358.0
243.21643466730137	0.0
243.22643534306894	0.0
243.2364360188365	0.0
243.24643669460409	0.0
243.25643737037166	0.0
243.26643804613923	0.0
243.2764387219068	0.0
243.28643939767437	367.0
243.29644007344194	371.0
243.30644074920951	375.0
243.31644142497709	0.0
243.32644210074463	0.0
243.3364427765122	0.0
243.34644345227977	0.0
243.35644412804734	0.0
243.36644480381491	0.0
243.3764454795825	0.0
243.38644615535006	0.0
243.39644683111763	0.0
243.4064475068852	0.0
243.41644818265277	0.0
243.42644885842034	0.0
243.43644953418791	0.0
243.4464502099555	0.0
243.45645088572306	0.0
243.46645156149063	0.0
243.4764522372582	0.0
243.48645291302577	363.0
243.49645358879334	363.0
243.50645426456092	0.0
243.51645494032846	0.0
243.52645561609603	0.0
243.5364562918636	0.0
243.54645696763117	0.0
243.55645764339874	0.0
243.56645831916632	0.0
243.5764589949339	0.0
243.58645967070146	0.0
243.59646034646903	398.0
243.6064610222366	402.0
243.61646169800417	412.0
243.62646237377174	417.0
243.63646304953932	0.0
243.6464637253069	0.0
243.65646440107446	0.0
243.66646507684203	350.0
243.6764657526096	346.0
243.68646642837717	338.0
243.69646710414474	334.0
243.7064677799123	334.0
243.71646845567986	338.0
243.72646913144743	346.0
243.736469807215	354.0
243.74647048298257	358.0
243.75647115875014	363.0
243.76647183451772	371.0
243.7764725102853	380.0
243.78647318605286	384.0
243.79647386182043	389.0
243.806474537588	389.0
243.81647521335557	389.0
243.82647588912315	384.0
243.83647656489072	363.0
243.8464772406583	358.0
243.85647791642586	346.0
243.86647859219343	338.0
243.876479267961	331.0
243.88647994372857	323.0
243.89648061949612	319.0
243.9064812952637	316.0
243.91648197103126	316.0
243.92648264679883	316.0
243.9364833225664	319.0
243.94648399833397	323.0
243.95648467410155	331.0
243.96648534986912	334.0
243.9764860256367	342.0
243.98648670140426	346.0
243.99648737717183	346.0
244.0064880529394	346.0
244.01648872870697	342.0
244.02648940447455	338.0
244.03649008024212	338.0
244.0464907560097	334.0
244.05649143177726	327.0
244.06649210754483	323.0
244.0764927833124	316.0
244.08649345907995	312.0
244.09649413484752	305.0
244.1064948106151	301.0
244.11649548638266	298.0
244.12649616215023	294.0
244.1364968379178	291.0
244.14649751368538	291.0
244.15649818945295	288.0
244.16649886522052	288.0
244.1764995409881	284.0
244.18650021675566	284.0
244.19650089252323	284.0
244.2065015682908	284.0
244.21650224405838	284.0
244.22650291982595	284.0
244.23650359559352	284.0
244.2465042713611	281.0
244.25650494712866	281.0
244.26650562289623	281.0
244.27650629866378	281.0
244.28650697443135	281.0
244.29650765019892	281.0
244.3065083259665	281.0
244.31650900173406	284.0
244.32650967750163	284.0
244.3365103532692	284.0
244.34651102903678	288.0
244.35651170480435	288.0
244.36651238057192	288.0
244.3765130563395	288.0
244.38651373210706	288.0
244.39651440787463	288.0
244.4065150836422	288.0
244.41651575940978	288.0
244.42651643517735	284.0
244.43651711094492	281.0
244.4465177867125	272.0
244.45651846248006	265.0
244.4665191382476	256.0
244.47651981401518	245.0
244.48652048978275	239.0
244.49652116555032	0.0
244.5065218413179	0.0
244.51652251708546	0.0
244.52652319285303	0.0
244.5365238686206	0.0
244.54652454438818	0.0
244.55652522015575	0.0
244.56652589592332	0.0
244.5765265716909	0.0
244.58652724745846	0.0
244.59652792322603	0.0
244.6065285989936	0.0
244.61652927476118	0.0
244.62652995052875	0.0
244.63653062629632	0.0
244.64653130206386	0.0
244.65653197783143	0.0
244.666532653599	0.0
244.67653332936658	0.0
244.68653400513415	0.0
244.69653468090172	0.0
244.7065353566693	0.0
244.71653603243686	0.0
244.72653670820443	0.0
244.736537383972	0.0
244.74653805973958	0.0
244.75653873550715	0.0
244.76653941127472	0.0
244.7765400870423	0.0
244.78654076280986	0.0
244.79654143857744	0.0
244.806542114345	0.0
244.81654279011258	0.0
244.82654346588015	0.0
244.8365441416477	0.0
244.84654481741526	0.0
244.85654549318284	0.0
244.8665461689504	0.0
244.87654684471798	0.0
244.88654752048555	0.0
244.89654819625312	0.0
244.9065488720207	0.0
244.91654954778826	0.0
244.92655022355584	0.0
244.9365508993234	0.0
244.94655157509098	0.0
244.95655225085855	0.0
244.96655292662612	0.0
244.9765536023937	0.0
244.98655427816126	0.0
244.99655495392884	0.0
245.0065556296964	0.0
245.01655630546398	0.0
245.02655698123152	0.0
245.0365576569991	0.0
245.04655833276666	0.0
245.05655900853424	0.0
245.0665596843018	0.0
245.07656036006938	323.0
245.08656103583695	323.0
245.09656171160452	327.0
245.1065623873721	327.0
245.11656306313967	327.0
245.12656373890724	327.0
245.1365644146748	327.0
245.14656509044238	327.0
245.15656576620995	327.0
245.16656644197752	327.0
245.1765671177451	327.0
245.18656779351267	327.0
245.19656846928024	327.0
245.2065691450478	331.0
245.21656982081535	331.0
245.22657049658292	334.0
245.2365711723505	334.0
245.24657184811807	331.0
245.25657252388564	331.0
245.2665731996532	331.0
245.27657387542078	331.0
245.28657455118835	331.0
245.29657522695592	331.0
245.3065759027235	331.0
245.31657657849107	331.0
245.32657725425864	327.0
245.3365779300262	327.0
245.34657860579378	327.0
245.35657928156135	327.0
245.36657995732892	327.0
245.3765806330965	323.0
245.38658130886407	323.0
245.39658198463164	323.0
245.40658266039918	323.0
245.41658333616675	319.0
245.42658401193432	319.0
245.4365846877019	319.0
245.44658536346947	316.0
245.45658603923704	316.0
245.4665867150046	316.0
245.47658739077218	312.0
245.48658806653975	312.0
245.49658874230732	312.0
245.5065894180749	308.0
245.51659009384247	308.0
245.52659076961004	305.0
245.5365914453776	301.0
245.54659212114518	298.0
245.55659279691275	298.0
245.56659347268032	298.0
245.5765941484479	298.0
245.58659482421547	294.0
245.596595499983	294.0
245.60659617575058	294.0
245.61659685151815	291.0
245.62659752728572	291.0
245.6365982030533	291.0
245.64659887882087	291.0
245.65659955458844	291.0
245.666600230356	291.0
245.67660090612358	291.0
245.68660158189115	291.0
245.69660225765872	291.0
245.7066029334263	291.0
245.71660360919387	291.0
245.72660428496144	291.0
245.736604960729	291.0
245.74660563649658	291.0
245.75660631226415	291.0
245.76660698803173	291.0
245.77660766379927	291.0
245.78660833956684	291.0
245.7966090153344	0.0
245.80660969110198	0.0
245.81661036686955	0.0
245.82661104263713	0.0
245.8366117184047	0.0
245.84661239417227	0.0
245.85661306993984	0.0
245.8666137457074	0.0
245.87661442147498	0.0
245.88661509724255	0.0
245.89661577301013	0.0
245.9066164487777	0.0
245.91661712454527	0.0
245.92661780031284	0.0
245.9366184760804	0.0
245.94661915184798	0.0
245.95661982761555	0.0
245.9666205033831	0.0
245.97662117915067	0.0
245.98662185491824	0.0
245.9966225306858	0.0
246.00662320645338	0.0
246.01662388222096	0.0
246.02662455798853	0.0
246.0366252337561	0.0
246.04662590952367	284.0
246.05662658529124	281.0
246.0666272610588	284.0
246.07662793682638	284.0
246.08662861259396	288.0
246.09662928836153	288.0
246.1066299641291	288.0
246.11663063989667	291.0
246.12663131566424	291.0
246.1366319914318	294.0
246.14663266719938	291.0
246.15663334296693	291.0
246.1666340187345	291.0
246.17663469450207	288.0
246.18663537026964	288.0
246.1966360460372	284.0
246.20663672180478	278.0
246.21663739757236	265.0
246.22663807333993	250.0
246.2366387491075	245.0
246.24663942487507	236.0
246.25664010064264	234.0
246.2666407764102	231.0
246.27664145217778	226.0
246.28664212794536	278.0
246.29664280371293	284.0
246.3066434794805	288.0
246.31664415524807	288.0
246.32664483101564	288.0
246.3366455067832	288.0
246.34664618255076	288.0
246.35664685831833	288.0
246.3666475340859	288.0
246.37664820985347	288.0
246.38664888562104	288.0
246.3966495613886	288.0
246.40665023715619	288.0
246.41665091292376	288.0
246.42665158869133	288.0
246.4366522644589	291.0
246.44665294022647	294.0
246.45665361599404	294.0
246.4666542917616	294.0
246.47665496752919	288.0
246.48665564329676	281.0
246.49665631906433	278.0
246.5066569948319	272.0
246.51665767059947	272.0
246.52665834636704	268.0
246.5366590221346	272.0
246.54665969790216	272.0
246.55666037366973	275.0
246.5666610494373	278.0
246.57666172520487	281.0
246.58666240097244	281.0
246.59666307674001	284.0
246.6066637525076	288.0
246.61666442827516	291.0
246.62666510404273	291.0
246.6366657798103	291.0
246.64666645557787	291.0
246.65666713134544	288.0
246.66666780711301	288.0
246.6766684828806	288.0
246.68666915864816	288.0
246.69666983441573	288.0
246.7066705101833	288.0
246.71667118595087	288.0
246.72667186171842	288.0
246.736672537486	288.0
246.74667321325356	288.0
246.75667388902113	288.0
246.7666745647887	288.0
246.77667524055627	288.0
246.78667591632384	288.0
246.79667659209142	288.0
246.806677267859	288.0
246.81667794362656	288.0
246.82667861939413	288.0
246.8366792951617	291.0
246.84667997092927	291.0
246.85668064669684	291.0
246.86668132246442	291.0
246.876681998232	291.0
246.88668267399956	291.0
246.89668334976713	291.0
246.9066840255347	291.0
246.91668470130224	291.0
246.92668537706982	288.0
246.9366860528374	288.0
246.94668672860496	284.0
246.95668740437253	288.0
246.9666880801401	288.0
246.97668875590767	291.0
246.98668943167525	294.0
246.99669010744282	301.0
247.0066907832104	308.0
247.01669145897796	316.0
247.02669213474553	327.0
247.0366928105131	342.0
247.04669348628067	354.0
247.05669416204825	358.0
247.06669483781582	358.0
247.0766955135834	358.0
247.08669618935096	354.0
247.0966968651185	346.0
247.10669754088607	338.0
247.11669821665365	331.0
247.12669889242122	327.0
247.1366995681888	323.0
247.14670024395636	319.0
247.15670091972393	319.0
247.1667015954915	323.0
247.17670227125907	327.0
247.18670294702665	334.0
247.19670362279422	342.0
247.2067042985618	350.0
247.21670497432936	354.0
247.22670565009693	358.0
247.2367063258645	367.0
247.24670700163207	371.0
247.25670767739965	371.0
247.26670835316722	371.0
247.2767090289348	367.0
247.28670970470233	363.0
247.2967103804699	358.0
247.30671105623748	350.0
247.31671173200505	346.0
247.32671240777262	342.0
247.3367130835402	334.0
247.34671375930776	331.0
247.35671443507533	327.0
247.3667151108429	323.0
247.37671578661048	319.0
247.38671646237805	319.0
247.39671713814562	319.0
247.4067178139132	323.0
247.41671848968076	323.0
247.42671916544833	327.0
247.4367198412159	331.0
247.44672051698348	334.0
247.45672119275105	342.0
247.46672186851862	346.0
247.47672254428616	350.0
247.48672322005373	354.0
247.4967238958213	358.0
247.50672457158888	367.0
247.51672524735645	371.0
247.52672592312402	371.0
247.5367265988916	367.0
247.54672727465916	363.0
247.55672795042673	358.0
247.5667286261943	354.0
247.57672930196188	346.0
247.58672997772945	342.0
247.59673065349702	338.0
247.6067313292646	334.0
247.61673200503216	327.0
247.62673268079973	327.0
247.6367333565673	323.0
247.64673403233488	323.0
247.65673470810245	319.0
247.66673538387	319.0
247.67673605963756	323.0
247.68673673540513	327.0
247.6967374111727	331.0
247.70673808694028	334.0
247.71673876270785	338.0
247.72673943847542	342.0
247.736740114243	350.0
247.74674079001056	354.0
247.75674146577813	358.0
247.7667421415457	363.0
247.77674281731328	363.0
247.78674349308085	363.0
247.79674416884842	358.0
247.806744844616	354.0
247.81674552038356	350.0
247.82674619615113	342.0
247.8367468719187	338.0
247.84674754768628	334.0
247.85674822345382	331.0
247.8667488992214	327.0
247.87674957498896	327.0
247.88675025075653	323.0
247.8967509265241	323.0
247.90675160229168	323.0
247.91675227805925	323.0
247.92675295382682	323.0
247.9367536295944	327.0
247.94675430536196	331.0
247.95675498112954	334.0
247.9667556568971	338.0
247.97675633266468	342.0
247.98675700843225	354.0
247.99675768419982	358.0
248.0067583599674	363.0
248.01675903573496	363.0
248.02675971150254	358.0
248.0367603872701	350.0
248.04676106303765	338.0
248.05676173880522	327.0
248.0667624145728	323.0
248.07676309034036	319.0
248.08676376610794	316.0
248.0967644418755	316.0
248.10676511764308	319.0
248.11676579341065	327.0
248.12676646917822	334.0
248.1367671449458	342.0
248.14676782071336	354.0
248.15676849648094	358.0
248.1667691722485	363.0
248.17676984801608	367.0
248.18677052378365	367.0
248.19677119955122	363.0
248.2067718753188	363.0
248.21677255108636	358.0
248.22677322685394	354.0
248.23677390262148	350.0
248.24677457838905	350.0
248.25677525415662	350.0
248.2667759299242	350.0
248.27677660569177	354.0
248.28677728145934	358.0
248.2967779572269	367.0
248.30677863299448	384.0
248.31677930876205	393.0
248.32677998452962	393.0
248.3367806602972	389.0
248.34678133606477	389.0
248.35678201183234	384.0
248.3667826875999	380.0
248.37678336336748	367.0
248.38678403913505	358.0
248.39678471490262	354.0
248.4067853906702	354.0
248.41678606643774	358.0
248.4267867422053	363.0
248.43678741797288	363.0
248.44678809374045	367.0
248.45678876950802	367.0
248.4667894452756	371.0
248.47679012104317	371.0
248.48679079681074	367.0
248.4967914725783	358.0
248.50679214834588	350.0
248.51679282411345	342.0
248.52679349988102	331.0
248.5367941756486	323.0
248.54679485141617	316.0
248.55679552718374	312.0
248.5667962029513	312.0
248.57679687871888	316.0
248.58679755448645	319.0
248.59679823025402	327.0
248.60679890602157	334.0
248.61679958178914	342.0
248.6268002575567	346.0
248.63680093332428	350.0
248.64680160909185	350.0
248.65680228485942	346.0
248.666802960627	342.0
248.67680363639457	338.0
248.68680431216214	327.0
248.6968049879297	319.0
248.70680566369728	312.0
248.71680633946485	305.0
248.72680701523242	298.0
248.736807691	294.0
248.74680836676757	291.0
248.75680904253514	291.0
248.7668097183027	291.0
248.77681039407028	288.0
248.78681106983785	288.0
248.7968117456054	288.0
248.80681242137297	288.0
248.81681309714054	291.0
248.8268137729081	291.0
248.83681444867568	291.0
248.84681512444325	291.0
248.85681580021082	291.0
248.8668164759784	291.0
248.87681715174597	291.0
248.88681782751354	291.0
248.8968185032811	291.0
248.90681917904868	291.0
248.91681985481625	291.0
248.92682053058383	291.0
248.9368212063514	291.0
248.94682188211897	288.0
248.95682255788654	288.0
248.9668232336541	288.0
248.97682390942168	284.0
248.98682458518923	284.0
248.9968252609568	284.0
249.00682593672437	288.0
249.01682661249194	294.0
249.0268272882595	308.0
249.03682796402708	319.0
249.04682863979465	334.0
249.05682931556223	350.0
249.0668299913298	358.0
249.07683066709737	363.0
249.08683134286494	367.0
249.0968320186325	363.0
249.10683269440008	354.0
249.11683337016765	346.0
249.12683404593523	338.0
249.1368347217028	331.0
249.14683539747037	323.0
249.15683607323794	319.0
249.1668367490055	319.0
249.17683742477305	323.0
249.18683810054063	327.0
249.1968387763082	334.0
249.20683945207577	338.0
249.21684012784334	346.0
249.2268408036109	350.0
249.23684147937848	350.0
249.24684215514606	342.0
249.25684283091363	338.0
249.2668435066812	371.0
249.27684418244877	371.0
249.28684485821634	371.0
249.2968455339839	367.0
249.30684620975148	358.0
249.31684688551906	354.0
249.32684756128663	350.0
249.3368482370542	346.0
249.34684891282177	346.0
249.35684958858934	346.0
249.36685026435688	350.0
249.37685094012446	354.0
249.38685161589203	363.0
249.3968522916596	363.0
249.40685296742717	363.0
249.41685364319474	363.0
249.4268543189623	371.0
249.43685499472988	371.0
249.44685567049746	371.0
249.45685634626503	371.0
249.4668570220326	367.0
249.47685769780017	367.0
249.48685837356774	367.0
249.4968590493353	367.0
249.50685972510288	367.0
249.51686040087046	371.0
249.52686107663803	371.0
249.5368617524056	371.0
249.54686242817317	375.0
249.5568631039407	375.0
249.56686377970829	375.0
249.57686445547586	375.0
249.58686513124343	375.0
249.596865807011	371.0
249.60686648277857	367.0
249.61686715854614	358.0
249.6268678343137	354.0
249.63686851008129	346.0
249.64686918584886	338.0
249.65686986161643	334.0
249.666870537384	327.0
249.67687121315157	319.0
249.68687188891914	316.0
249.69687256468671	316.0
249.70687324045429	316.0
249.71687391622186	316.0
249.72687459198943	316.0
249.73687526775697	319.0
249.74687594352454	327.0
249.75687661929211	331.0
249.7668772950597	334.0
249.77687797082726	338.0
249.78687864659483	342.0
249.7968793223624	342.0
249.80687999812997	350.0
249.81688067389754	354.0
249.82688134966511	358.0
249.8368820254327	358.0
249.84688270120026	358.0
249.85688337696783	358.0
249.8668840527354	358.0
249.87688472850297	354.0
249.88688540427054	354.0
249.89688608003812	354.0
249.9068867558057	358.0
249.91688743157326	358.0
249.9268881073408	363.0
249.93688878310837	363.0
249.94688945887594	363.0
249.95689013464352	367.0
249.9668908104111	363.0
249.97689148617866	363.0
249.98689216194623	358.0
249.9968928377138	354.0
250.00689351348137	350.0
250.01689418924894	346.0
250.02689486501652	338.0
250.0368955407841	334.0
250.04689621655166	327.0
250.05689689231923	323.0
250.0668975680868	319.0
250.07689824385437	319.0
250.08689891962194	323.0
250.09689959538952	327.0
250.1069002711571	334.0
250.11690094692463	342.0
250.1269016226922	346.0
250.13690229845977	354.0
250.14690297422734	354.0
250.15690364999492	350.0
250.1669043257625	342.0
250.17690500153006	334.0
250.18690567729763	327.0
250.1969063530652	319.0
250.20690702883277	312.0
250.21690770460035	305.0
250.22690838036792	298.0
250.2369090561355	294.0
250.24690973190306	291.0
250.25691040767063	288.0
250.2669110834382	288.0
250.27691175920577	288.0
250.28691243497335	288.0
250.29691311074092	288.0
250.30691378650846	288.0
250.31691446227603	288.0
250.3269151380436	288.0
250.33691581381117	288.0
250.34691648957875	288.0
250.35691716534632	284.0
250.3669178411139	284.0
250.37691851688146	284.0
250.38691919264903	284.0
250.3969198684166	284.0
250.40692054418417	284.0
250.41692121995175	284.0
250.42692189571932	288.0
250.4369225714869	288.0
250.44692324725446	291.0
250.45692392302203	294.0
250.4669245987896	294.0
250.47692527455717	291.0
250.48692595032475	291.0
250.4969266260923	288.0
250.50692730185986	288.0
250.51692797762743	284.0
250.526928653395	281.0
250.53692932916258	281.0
250.54693000493015	281.0
250.55693068069772	281.0
250.5669313564653	281.0
250.57693203223286	284.0
250.58693270800043	284.0
250.596933383768	284.0
250.60693405953558	284.0
250.61693473530315	284.0
250.62693541107072	288.0
250.6369360868383	288.0
250.64693676260586	288.0
250.65693743837343	291.0
250.666938114141	288.0
250.67693878990858	288.0
250.68693946567612	288.0
250.6969401414437	288.0
250.70694081721126	291.0
250.71694149297883	291.0
250.7269421687464	291.0
250.73694284451398	288.0
250.74694352028155	288.0
250.75694419604912	288.0
250.7669448718167	288.0
250.77694554758426	288.0
250.78694622335183	288.0
250.7969468991194	288.0
250.80694757488698	288.0
250.81694825065455	288.0
250.82694892642212	288.0
250.8369496021897	288.0
250.84695027795726	284.0
250.85695095372483	284.0
250.8669516294924	288.0
250.87695230525995	288.0
250.88695298102752	288.0
250.8969536567951	284.0
250.90695433256266	284.0
250.91695500833023	288.0
250.9269556840978	288.0
250.93695635986538	291.0
250.94695703563295	291.0
250.95695771140052	291.0
250.9669583871681	291.0
250.97695906293566	291.0
250.98695973870323	291.0
250.9969604144708	288.0
251.00696109023838	284.0
251.01696176600595	284.0
251.02696244177352	284.0
251.0369631175411	288.0
251.04696379330866	291.0
251.0569644690762	291.0
251.06696514484378	291.0
251.07696582061135	291.0
251.08696649637892	291.0
251.0969671721465	288.0
251.10696784791406	288.0
251.11696852368163	288.0
251.1269691994492	291.0
251.13696987521678	291.0
251.14697055098435	291.0
251.15697122675192	291.0
251.1669719025195	291.0
251.17697257828706	291.0
251.18697325405464	291.0
251.1969739298222	291.0
251.20697460558978	288.0
251.21697528135735	288.0
251.22697595712492	288.0
251.2369766328925	288.0
251.24697730866004	288.0
251.2569779844276	288.0
251.26697866019518	288.0
251.27697933596275	288.0
251.28698001173032	288.0
251.2969806874979	288.0
251.30698136326546	288.0
251.31698203903304	288.0
251.3269827148006	288.0
251.33698339056818	288.0
251.34698406633575	288.0
251.35698474210332	291.0
251.3669854178709	291.0
251.37698609363846	291.0
251.38698676940604	291.0
251.3969874451736	284.0
251.40698812094118	278.0
251.41698879670875	268.0
251.42698947247632	259.0
251.43699014824386	248.0
251.44699082401144	239.0
251.456991499779	220.0
251.46699217554658	215.0
251.47699285131415	215.0
251.48699352708172	220.0
251.4969942028493	226.0
251.50699487861687	231.0
251.51699555438444	239.0
251.526996230152	253.0
251.53699690591958	262.0
251.54699758168715	259.0
251.55699825745472	253.0
251.5669989332223	308.0
251.57699960898987	308.0
251.58700028475744	301.0
251.597000960525	288.0
251.60700163629258	262.0
251.61700231206015	259.0
251.6270029878277	259.0
251.63700366359527	253.0
251.64700433936284	245.0
251.6570050151304	234.0
251.66700569089798	231.0
251.67700636666555	234.0
251.68700704243312	242.0
251.6970077182007	259.0
251.70700839396827	268.0
251.71700906973584	272.0
251.7270097455034	275.0
251.73701042127098	278.0
251.74701109703855	275.0
251.75701177280612	268.0
251.7670124485737	256.0
251.77701312434127	248.0
251.78701380010884	242.0
251.7970144758764	234.0
251.80701515164398	228.0
251.81701582741152	228.0
251.8270165031791	228.0
251.83701717894667	231.0
251.84701785471424	236.0
251.8570185304818	239.0
251.86701920624938	245.0
251.87701988201695	250.0
251.88702055778452	253.0
251.8970212335521	253.0
251.90702190931967	250.0
251.91702258508724	248.0
251.9270232608548	245.0
251.93702393662238	239.0
251.94702461238995	231.0
251.95702528815752	223.0
251.9670259639251	218.0
251.97702663969267	215.0
251.98702731546024	213.0
251.9970279912278	210.0
252.00702866699535	210.0
252.01702934276292	210.0
252.0270300185305	213.0
252.03703069429807	215.0
252.04703137006564	218.0
252.0570320458332	220.0
252.06703272160078	220.0
252.07703339736835	218.0
252.08703407313592	218.0
252.0970347489035	215.0
252.10703542467107	213.0
252.11703610043864	213.0
252.1270367762062	210.0
252.13703745197378	210.0
252.14703812774135	210.0
252.15703880350893	213.0
252.1670394792765	213.0
252.17704015504407	213.0
252.18704083081164	213.0
252.19704150657918	213.0
252.20704218234675	215.0
252.21704285811433	215.0
252.2270435338819	215.0
252.23704420964947	215.0
252.24704488541704	215.0
252.2570455611846	215.0
252.26704623695218	213.0
252.27704691271975	213.0
252.28704758848733	213.0
252.2970482642549	213.0
252.30704894002247	213.0
252.31704961579004	215.0
252.3270502915576	218.0
252.33705096732518	223.0
252.34705164309275	228.0
252.35705231886033	236.0
252.3670529946279	242.0
252.37705367039544	281.0
252.387054346163	275.0
252.39705502193058	272.0
252.40705569769815	262.0
252.41705637346573	256.0
252.4270570492333	250.0
252.43705772500087	248.0
252.44705840076844	245.0
252.457059076536	245.0
252.46705975230358	242.0
252.47706042807116	245.0
252.48706110383873	265.0
252.4970617796063	256.0
252.50706245537387	253.0
252.51706313114144	250.0
252.527063806909	248.0
252.53706448267658	245.0
252.54706515844416	242.0
252.55706583421173	239.0
252.56706650997927	236.0
252.57706718574684	236.0
252.5870678615144	239.0
252.59706853728198	242.0
252.60706921304956	245.0
252.61706988881713	248.0
252.6270705645847	250.0
252.63707124035227	253.0
252.64707191611984	259.0
252.6570725918874	262.0
252.66707326765498	262.0
252.67707394342256	259.0
252.68707461919013	256.0
252.6970752949577	250.0
252.70707597072527	248.0
252.71707664649284	248.0
252.7270773222604	248.0
252.73707799802798	248.0
252.74707867379556	253.0
252.7570793495631	262.0
252.76708002533067	272.0
252.77708070109824	272.0
252.7870813768658	265.0
252.79708205263339	262.0
252.80708272840096	256.0
252.81708340416853	250.0
252.8270840799361	245.0
252.83708475570367	242.0
252.84708543147124	239.0
252.8570861072388	236.0
252.86708678300639	234.0
252.87708745877396	234.0
252.88708813454153	234.0
252.8970888103091	234.0
252.90708948607667	234.0
252.91709016184424	234.0
252.92709083761181	234.0
252.93709151337939	234.0
252.94709218914693	231.0
252.9570928649145	228.0
252.96709354068207	223.0
252.97709421644964	0.0
252.98709489221721	0.0
252.9970955679848	0.0
253.00709624375236	0.0
253.01709691951993	0.0
253.0270975952875	0.0
253.03709827105507	0.0
253.04709894682264	0.0
253.05709962259021	0.0
253.0671002983578	0.0
253.07710097412536	0.0
253.08710164989293	0.0
253.0971023256605	0.0
253.10710300142807	0.0
253.11710367719564	0.0
253.12710435296322	0.0
253.13710502873076	0.0
253.14710570449833	0.0
253.1571063802659	0.0
253.16710705603347	0.0
253.17710773180104	0.0
253.18710840756862	236.0
253.1971090833362	242.0
253.20710975910376	248.0
253.21711043487133	253.0
253.2271111106389	259.0
253.23711178640647	265.0
253.24711246217404	272.0
253.25711313794162	278.0
253.2671138137092	284.0
253.27711448947676	291.0
253.28711516524433	294.0
253.2971158410119	294.0
253.30711651677947	291.0
253.31711719254704	291.0
253.3271178683146	288.0
253.33711854408216	288.0
253.34711921984973	288.0
253.3571198956173	288.0
253.36712057138487	284.0
253.37712124715244	281.0
253.38712192292002	281.0
253.3971225986876	275.0
253.40712327445516	272.0
253.41712395022273	265.0
253.4271246259903	259.0
253.43712530175787	253.0
253.44712597752545	250.0
253.45712665329302	248.0
253.4671273290606	242.0
253.47712800482816	242.0
253.48712868059573	242.0
253.4971293563633	239.0
253.50713003213087	239.0
253.51713070789842	242.0
253.527131383666	242.0
253.53713205943356	245.0
253.54713273520113	250.0
253.5571334109687	256.0
253.56713408673627	262.0
253.57713476250385	268.0
253.58713543827142	275.0
253.597136114039	278.0
253.60713678980656	284.0
253.61713746557413	288.0
253.6271381413417	288.0
253.63713881710927	288.0
253.64713949287685	288.0
253.65714016864442	288.0
253.667140844412	288.0
253.67714152017956	288.0
253.68714219594713	288.0
253.69714287171468	284.0
253.70714354748225	284.0
253.71714422324982	281.0
253.7271448990174	278.0
253.73714557478496	272.0
253.74714625055253	265.0
253.7571469263201	262.0
253.76714760208768	256.0
253.77714827785525	253.0
253.78714895362282	250.0
253.7971496293904	248.0
253.80715030515796	245.0
253.81715098092553	245.0
253.8271516566931	242.0
253.83715233246068	242.0
253.84715300822825	245.0
253.85715368399582	248.0
253.8671543597634	253.0
253.87715503553096	259.0
253.8871557112985	265.0
253.89715638706608	272.0
253.90715706283365	278.0
253.91715773860122	284.0
253.9271584143688	291.0
253.93715909013636	291.0
253.94715976590393	291.0
253.9571604416715	291.0
253.96716111743908	291.0
253.97716179320665	288.0
253.98716246897422	288.0
253.9971631447418	284.0
254.00716382050936	284.0
254.01716449627693	284.0
254.0271651720445	281.0
254.03716584781208	278.0
254.04716652357965	275.0
254.05716719934722	268.0
254.0671678751148	265.0
254.07716855088233	262.0
254.0871692266499	259.0
254.09716990241748	253.0
254.10717057818505	250.0
254.11717125395262	245.0
254.1271719297202	239.0
254.13717260548776	234.0
254.14717328125533	262.0
254.1571739570229	265.0
254.16717463279048	265.0
254.17717530855805	262.0
254.18717598432562	256.0
254.1971766600932	0.0
254.20717733586076	0.0
254.21717801162833	0.0
254.2271786873959	0.0
254.23717936316348	0.0
254.24718003893105	0.0
254.25718071469862	0.0
254.26718139046616	0.0
254.27718206623373	0.0
254.2871827420013	0.0
254.29718341776888	0.0
254.30718409353645	0.0
254.31718476930402	0.0
254.3271854450716	0.0
254.33718612083916	0.0
254.34718679660674	0.0
254.3571874723743	0.0
254.36718814814188	0.0
254.37718882390945	0.0
254.38718949967702	0.0
254.3971901754446	0.0
254.40719085121216	0.0
254.41719152697974	0.0
254.4271922027473	0.0
254.43719287851488	0.0
254.44719355428245	0.0
254.45719423005	0.0
254.46719490581756	0.0
254.47719558158514	0.0
254.4871962573527	0.0
254.49719693312028	0.0
254.50719760888785	0.0
254.51719828465542	0.0
254.527198960423	0.0
254.53719963619056	0.0
254.54720031195814	0.0
254.5572009877257	0.0
254.56720166349328	213.0
254.57720233926085	213.0
254.58720301502842	210.0
254.597203690796	208.0
254.60720436656356	208.0
254.61720504233114	206.0
254.6272057180987	206.0
254.63720639386628	203.0
254.64720706963382	206.0
254.6572077454014	208.0
254.66720842116897	208.0
254.67720909693654	210.0
254.6872097727041	210.0
254.69721044847168	210.0
254.70721112423925	208.0
254.71721180000682	206.0
254.7272124757744	203.0
254.73721315154197	203.0
254.74721382730954	201.0
254.7572145030771	199.0
254.76721517884468	196.0
254.77721585461225	194.0
254.78721653037982	196.0
254.7972172061474	206.0
254.80721788191497	248.0
254.81721855768254	262.0
254.82721923345008	268.0
254.83721990921765	275.0
254.84722058498522	281.0
254.8572212607528	288.0
254.86722193652037	291.0
254.87722261228794	291.0
254.8872232880555	291.0
254.89722396382308	291.0
254.90722463959065	288.0
254.91722531535822	284.0
254.9272259911258	284.0
254.93722666689337	281.0
254.94722734266094	278.0
254.9572280184285	275.0
254.96722869419608	268.0
254.97722936996365	262.0
254.98723004573122	256.0
254.9972307214988	250.0
255.00723139726637	245.0
255.0172320730339	239.0
255.02723274880148	236.0
255.03723342456905	231.0
255.04723410033662	231.0
255.0572347761042	234.0
255.06723545187177	236.0
255.07723612763934	239.0
255.0872368034069	239.0
255.09723747917448	245.0
255.10723815494205	248.0
255.11723883070962	256.0
255.1272395064772	265.0
255.13724018224477	275.0
255.14724085801234	281.0
255.1572415337799	288.0
255.16724220954748	288.0
255.17724288531505	288.0
255.18724356108262	288.0
255.1972442368502	284.0
255.20724491261774	281.0
255.2172455883853	278.0
255.22724626415288	275.0
255.23724693992045	272.0
255.24724761568802	268.0
255.2572482914556	265.0
255.26724896722317	265.0
255.27724964299074	262.0
255.2872503187583	259.0
255.29725099452588	256.0
255.30725167029345	250.0
255.31725234606103	250.0
255.3272530218286	248.0
255.33725369759617	248.0
255.34725437336374	248.0
255.3572550491313	248.0
255.36725572489888	250.0
255.37725640066645	253.0
255.38725707643403	259.0
255.39725775220157	265.0
255.40725842796914	275.0
255.4172591037367	294.0
255.42725977950428	305.0
255.43726045527185	319.0
255.44726113103943	331.0
255.457261806807	338.0
255.46726248257457	346.0
255.47726315834214	354.0
255.4872638341097	0.0
255.49726450987728	0.0
255.50726518564485	393.0
255.51726586141243	0.0
255.52726653718	0.0
255.53726721294757	0.0
255.54726788871514	342.0
255.5572685644827	346.0
255.56726924025028	350.0
255.57726991601785	363.0
255.5872705917854	363.0
255.59727126755297	358.0
255.60727194332054	354.0
255.6172726190881	346.0
255.62727329485568	346.0
255.63727397062326	342.0
255.64727464639083	342.0
255.6572753221584	342.0
255.66727599792597	346.0
255.67727667369354	350.0
255.6872773494611	354.0
255.69727802522868	358.0
255.70727870099626	363.0
255.71727937676383	367.0
255.7272800525314	371.0
255.73728072829897	371.0
255.74728140406654	371.0
255.7572820798341	371.0
255.76728275560168	371.0
255.77728343136923	371.0
255.7872841071368	371.0
255.79728478290437	367.0
255.80728545867194	358.0
255.8172861344395	350.0
255.82728681020708	346.0
255.83728748597466	342.0
255.84728816174223	338.0
255.8572888375098	334.0
255.86728951327737	331.0
255.87729018904494	327.0
255.8872908648125	323.0
255.89729154058008	323.0
255.90729221634766	327.0
255.91729289211523	327.0
255.9272935678828	331.0
255.93729424365037	331.0
255.94729491941794	334.0
255.9572955951855	338.0
255.96729627095306	342.0
255.97729694672063	350.0
255.9872976224882	350.0
255.99729829825577	334.0
256.00729897402334	327.0
256.0172996497909	334.0
256.0273003255585	331.0
256.03730100132606	323.0
256.0473016770936	316.0
256.0573023528612	312.0
256.06730302862877	305.0
256.07730370439634	301.0
256.0873043801639	294.0
256.0973050559315	291.0
256.10730573169906	288.0
256.11730640746663	288.0
256.1273070832342	288.0
256.13730775900177	288.0
256.14730843476934	288.0
256.1573091105369	288.0
256.1673097863045	288.0
256.17731046207206	288.0
256.18731113783963	291.0
256.1973118136072	291.0
256.2073124893748	291.0
256.21731316514234	288.0
256.2273138409099	288.0
256.2373145166775	288.0
256.247315192445	288.0
256.2573158682126	284.0
256.26731654398014	284.0
256.2773172197477	284.0
256.2873178955153	288.0
256.29731857128286	288.0
256.30731924705043	288.0
256.317319922818	288.0
256.3273205985856	288.0
256.33732127435314	288.0
256.3473219501207	288.0
256.3573226258883	288.0
256.36732330165586	288.0
256.37732397742343	284.0
256.387324653191	281.0
256.3973253289586	281.0
256.40732600472614	278.0
256.4173266804937	278.0
256.4273273562613	278.0
256.43732803202886	278.0
256.44732870779643	281.0
256.457329383564	281.0
256.4673300593316	281.0
256.47733073509914	281.0
256.4873314108667	281.0
256.4973320866343	288.0
256.50733276240186	291.0
256.51733343816943	294.0
256.527334113937	294.0
256.5373347897046	291.0
256.54733546547214	291.0
256.5573361412397	288.0
256.5673368170073	288.0
256.57733749277486	288.0
256.58733816854243	288.0
256.59733884431	288.0
256.6073395200776	291.0
256.61734019584514	291.0
256.62734087161266	291.0
256.63734154738023	291.0
256.6473422231478	291.0
256.6573428989154	291.0
256.66734357468295	291.0
256.6773442504505	291.0
256.6873449262181	291.0
256.69734560198566	291.0
256.70734627775323	291.0
256.7173469535208	291.0
256.7273476292884	291.0
256.73734830505595	288.0
256.7473489808235	288.0
256.7573496565911	288.0
256.76735033235866	284.0
256.77735100812623	284.0
256.7873516838938	288.0
256.7973523596614	288.0
256.80735303542895	288.0
256.8173537111965	288.0
256.8273543869641	291.0
256.83735506273166	291.0
256.84735573849923	288.0
256.8573564142668	288.0
256.8673570900344	288.0
256.87735776580195	284.0
256.8873584415695	284.0
256.8973591173371	278.0
256.90735979310466	275.0
256.91736046887223	272.0
256.9273611446398	265.0
256.9373618204074	259.0
256.94736249617495	253.0
256.9573631719425	250.0
256.9673638477101	245.0
256.97736452347766	242.0
256.98736519924523	239.0
256.99736587501275	239.0
257.0073665507803	239.0
257.0173672265479	239.0
257.02736790231546	239.0
257.03736857808303	239.0
257.0473692538506	234.0
257.0573699296182	226.0
257.06737060538575	220.0
257.0773712811533	215.0
257.0873719569209	206.0
257.09737263268846	196.0
257.10737330845603	194.0
257.1173739842236	228.0
257.1273746599912	231.0
257.13737533575875	231.0
257.1473760115263	236.0
257.1573766872939	239.0
257.16737736306146	248.0
257.17737803882903	253.0
257.1873787145966	262.0
257.1973793903642	259.0
257.20738006613175	256.0
257.2173807418993	250.0
257.2273814176669	245.0
257.23738209343446	239.0
257.24738276920203	234.0
257.2573834449696	234.0
257.2673841207372	234.0
257.27738479650475	236.0
257.2873854722723	239.0
257.2973861480399	239.0
257.30738682380746	242.0
257.31738749957503	248.0
257.3273881753426	253.0
257.3373888511102	256.0
257.34738952687775	253.0
257.3573902026453	250.0
257.3673908784129	245.0
257.3773915541804	239.0
257.387392229948	231.0
257.39739290571555	228.0
257.4073935814831	223.0
257.4173942572507	223.0
257.42739493301826	223.0
257.43739560878583	231.0
257.4473962845534	250.0
257.457396960321	262.0
257.46739763608855	268.0
257.4773983118561	278.0
257.4873989876237	284.0
257.49739966339126	291.0
257.50740033915883	294.0
257.5174010149264	294.0
257.527401690694	294.0
257.53740236646155	291.0
257.5474030422291	291.0
257.5574037179967	288.0
257.56740439376426	284.0
257.57740506953184	284.0
257.5874057452994	284.0
257.597406421067	284.0
257.60740709683455	281.0
257.6174077726021	281.0
257.6274084483697	281.0
257.63740912413726	281.0
257.64740979990484	284.0
257.6574104756724	291.0
257.66741115144	298.0
257.67741182720755	308.0
257.6874125029751	316.0
257.6974131787427	327.0
257.70741385451026	334.0
257.71741453027784	338.0
257.7274152060454	338.0
257.737415881813	334.0
257.74741655758055	331.0
257.75741723334806	327.0
257.76741790911564	323.0
257.7774185848832	323.0
257.7874192606508	319.0
257.79741993641835	319.0
257.8074206121859	319.0
257.8174212879535	312.0
257.82742196372106	288.0
257.83742263948864	288.0
257.8474233152562	284.0
257.8574239910238	284.0
257.86742466679135	284.0
257.8774253425589	284.0
257.8874260183265	284.0
257.89742669409407	284.0
257.90742736986164	284.0
257.9174280456292	281.0
257.9274287213968	278.0
257.93742939716435	275.0
257.9474300729319	275.0
257.9574307486995	272.0
257.96743142446707	272.0
257.97743210023464	272.0
257.9874327760022	268.0
257.9974334517698	265.0
258.00743412753735	262.0
258.0174348033049	259.0
258.0274354790725	259.0
258.03743615484007	256.0
258.04743683060764	256.0
258.0574375063752	256.0
258.0674381821428	253.0
258.07743885791035	250.0
258.0874395336779	245.0
258.0974402094455	245.0
258.10744088521307	245.0
258.11744156098064	308.0
258.12744223674815	308.0
258.1374429125157	305.0
258.1474435882833	298.0
258.15744426405087	291.0
258.16744493981844	288.0
258.177445615586	284.0
258.1874462913536	284.0
258.19744696712115	284.0
258.2074476428887	284.0
258.2174483186563	284.0
258.22744899442387	284.0
258.23744967019144	284.0
258.247450345959	284.0
258.2574510217266	284.0
258.26745169749415	284.0
258.2774523732617	284.0
258.2874530490293	281.0
258.29745372479687	281.0
258.30745440056444	281.0
258.317455076332	281.0
258.3274557520996	281.0
258.33745642786715	281.0
258.3474571036347	284.0
258.3574577794023	284.0
258.36745845516987	284.0
258.37745913093744	284.0
258.387459806705	284.0
258.3974604824726	288.0
258.40746115824015	288.0
258.4174618340077	294.0
258.4274625097753	298.0
258.43746318554287	305.0
258.44746386131044	312.0
258.457464537078	0.0
258.4674652128456	245.0
258.47746588861315	245.0
258.4874665643807	245.0
258.4974672401483	245.0
258.5074679159158	245.0
258.5174685916834	245.0
258.52746926745095	245.0
258.5374699432185	245.0
258.5474706189861	0.0
258.55747129475367	0.0
258.56747197052124	0.0
258.5774726462888	288.0
258.5874733220564	291.0
258.59747399782395	298.0
258.6074746735915	305.0
258.6174753493591	305.0
258.62747602512667	305.0
258.63747670089424	301.0
258.6474773766618	298.0
258.6574780524294	294.0
258.66747872819695	288.0
258.6774794039645	278.0
258.6874800797321	262.0
258.69748075549967	250.0
258.70748143126724	245.0
258.7174821070348	242.0
258.7274827828024	239.0
258.73748345856995	239.0
258.7474841343375	242.0
258.7574848101051	245.0
258.76748548587267	250.0
258.77748616164024	253.0
258.7874868374078	256.0
258.7974875131754	259.0
258.80748818894295	259.0
258.8174888647105	259.0
258.8274895404781	256.0
258.83749021624567	253.0
258.84749089201324	248.0
258.8574915677808	242.0
258.8674922435484	239.0
258.87749291931596	236.0
258.88749359508347	236.0
258.89749427085104	236.0
258.9074949466186	236.0
258.9174956223862	239.0
258.92749629815376	239.0
258.9374969739213	239.0
258.9474976496889	239.0
258.95749832545647	239.0
258.96749900122404	239.0
258.9774996769916	239.0
258.9875003527592	239.0
258.99750102852676	236.0
259.0075017042943	236.0
259.0175023800619	234.0
259.02750305582947	236.0
259.03750373159704	239.0
259.0475044073646	242.0
259.0575050831322	248.0
259.06750575889976	250.0
259.0775064346673	250.0
259.0875071104349	253.0
259.09750778620247	256.0
259.10750846197004	256.0
259.1175091377376	259.0
259.1275098135052	256.0
259.13751048927276	256.0
259.1475111650403	250.0
259.1575118408079	248.0
259.16751251657547	245.0
259.17751319234304	242.0
259.1875138681106	239.0
259.1975145438782	236.0
259.20751521964576	239.0
259.2175158954133	239.0
259.2275165711809	242.0
259.23751724694847	242.0
259.24751792271604	245.0
259.2575185984836	245.0
259.26751927425113	245.0
259.2775199500187	242.0
259.28752062578627	242.0
259.29752130155384	239.0
259.3075219773214	239.0
259.317522653089	236.0
259.32752332885656	236.0
259.33752400462413	236.0
259.3475246803917	236.0
259.3575253561593	239.0
259.36752603192684	242.0
259.3775267076944	245.0
259.387527383462	248.0
259.39752805922956	250.0
259.40752873499713	253.0
259.4175294107647	253.0
259.4275300865323	256.0
259.43753076229984	256.0
259.4475314380674	256.0
259.457532113835	256.0
259.46753278960256	253.0
259.47753346537013	250.0
259.4875341411377	245.0
259.4975348169053	239.0
259.50753549267284	234.0
259.5175361684404	231.0
259.527536844208	228.0
259.53753751997556	223.0
259.54753819574313	220.0
259.5575388715107	220.0
259.5675395472783	218.0
259.57754022304584	218.0
259.5875408988134	215.0
259.597541574581	215.0
259.60754225034856	213.0
259.61754292611613	213.0
259.6275436018837	213.0
259.6375442776512	213.0
259.6475449534188	213.0
259.65754562918636	213.0
259.66754630495393	213.0
259.6775469807215	213.0
259.6875476564891	213.0
259.69754833225664	213.0
259.7075490080242	213.0
259.7175496837918	213.0
259.72755035955936	213.0
259.73755103532693	215.0
259.7475517110945	215.0
259.7575523868621	215.0
259.76755306262964	0.0
259.7775537383972	0.0
259.7875544141648	0.0
259.79755508993236	0.0
259.80755576569993	288.0
259.8175564414675	288.0
259.8275571172351	284.0
259.83755779300265	281.0
259.8475584687702	278.0
259.8575591445378	275.0
259.86755982030536	272.0
259.87756049607293	265.0
259.8875611718405	262.0
259.8975618476081	259.0
259.90756252337565	256.0
259.9175631991432	253.0
259.9275638749108	253.0
259.93756455067836	253.0
259.94756522644593	253.0
259.9575659022135	253.0
259.9675665779811	253.0
259.97756725374865	253.0
259.9875679295162	253.0
259.9975686052838	253.0
260.00756928105136	256.0
260.0175699568189	259.0
260.02757063258645	265.0
260.037571308354	275.0
260.0475719841216	281.0
260.05757265988916	288.0
260.06757333565673	288.0
260.0775740114243	284.0
260.0875746871919	278.0
260.09757536295945	272.0
260.107576038727	262.0
260.1175767144946	256.0
260.12757739026216	250.0
260.13757806602973	248.0
260.1475787417973	245.0
260.1575794175649	245.0
260.16758009333245	245.0
260.1775807691	248.0
260.1875814448676	248.0
260.19758212063516	248.0
260.20758279640273	248.0
260.2175834721703	248.0
260.2275841479379	245.0
260.23758482370545	245.0
260.247585499473	245.0
260.2575861752406	245.0
260.26758685100816	245.0
260.27758752677573	248.0
260.2875882025433	248.0
260.2975888783109	248.0
260.30758955407845	250.0
260.317590229846	250.0
260.3275909056136	250.0
260.33759158138116	253.0
260.34759225714873	256.0
260.3575929329163	253.0
260.3675936086839	256.0
260.37759428445145	262.0
260.387594960219	262.0
260.39759563598653	265.0
260.4075963117541	262.0
260.4175969875217	259.0
260.42759766328925	256.0
260.4375983390568	256.0
260.4475990148244	256.0
260.45759969059196	256.0
260.46760036635953	253.0
260.4776010421271	250.0
260.4876017178947	248.0
260.49760239366225	245.0
260.5076030694298	245.0
260.5176037451974	245.0
260.52760442096496	248.0
260.53760509673253	248.0
260.5476057725001	248.0
260.5576064482677	248.0
260.56760712403525	245.0
260.5776077998028	245.0
260.5876084755704	245.0
260.59760915133796	245.0
260.60760982710553	245.0
260.6176105028731	245.0
260.6276111786407	245.0
260.63761185440825	248.0
260.6476125301758	248.0
260.6576132059434	248.0
260.66761388171096	248.0
260.67761455747853	248.0
260.6876152332461	248.0
260.6976159090137	248.0
260.70761658478125	250.0
260.7176172605488	250.0
260.7276179363164	250.0
260.73761861208396	253.0
260.74761928785153	256.0
260.7576199636191	256.0
260.7676206393866	256.0
260.7776213151542	256.0
260.78762199092176	256.0
260.79762266668934	256.0
260.8076233424569	256.0
260.8176240182245	256.0
260.82762469399205	256.0
260.8376253697596	253.0
260.8476260455272	253.0
260.85762672129476	250.0
260.86762739706234	248.0
260.8776280728299	248.0
260.8876287485975	248.0
260.89762942436505	248.0
260.9076301001326	248.0
260.9176307759002	248.0
260.92763145166776	245.0
260.93763212743534	242.0
260.9476328032029	239.0
260.9576334789705	239.0
260.96763415473805	236.0
260.9776348305056	236.0
260.9876355062732	236.0
260.99763618204076	234.0
261.00763685780834	234.0
261.0176375335759	231.0
261.0276382093435	228.0
261.03763888511105	226.0
261.0476395608786	223.0
261.0576402366462	223.0
261.06764091241376	223.0
261.07764158818134	220.0
261.0876422639489	220.0
261.0976429397165	220.0
261.10764361548405	220.0
261.1176442912516	218.0
261.1276449670192	218.0
261.13764564278677	218.0
261.1476463185543	218.0
261.15764699432185	218.0
261.1676476700894	218.0
261.177648345857	218.0
261.18764902162457	218.0
261.19764969739214	218.0
261.2076503731597	218.0
261.2176510489273	218.0
261.22765172469485	218.0
261.2376524004624	218.0
261.24765307623	218.0
261.25765375199757	218.0
261.26765442776514	218.0
261.2776551035327	218.0
261.2876557793003	218.0
261.29765645506785	218.0
261.3076571308354	218.0
261.317657806603	218.0
261.32765848237057	218.0
261.33765915813814	218.0
261.3476598339057	218.0
261.3576605096733	218.0
261.36766118544085	218.0
261.3776618612084	218.0
261.387662536976	218.0
261.39766321274357	218.0
261.40766388851114	218.0
261.4176645642787	218.0
261.4276652400463	218.0
261.43766591581385	215.0
261.4476665915814	215.0
261.457667267349	215.0
261.46766794311657	215.0
261.47766861888414	213.0
261.4876692946517	210.0
261.4976699704193	210.0
261.50767064618685	210.0
261.5176713219544	210.0
261.52767199772194	210.0
261.5376726734895	210.0
261.5476733492571	210.0
261.55767402502465	210.0
261.5676747007922	213.0
261.5776753765598	215.0
261.58767605232737	215.0
261.59767672809494	218.0
261.6076774038625	218.0
261.6176780796301	215.0
261.62767875539765	213.0
261.6376794311652	210.0
261.6476801069328	206.0
261.65768078270037	201.0
261.66768145846794	194.0
261.6776821342355	192.0
261.6876828100031	192.0
261.69768348577065	196.0
261.7076841615382	201.0
261.7176848373058	206.0
261.72768551307337	218.0
261.73768618884094	220.0
261.7476868646085	218.0
261.7576875403761	215.0
261.76768821614365	213.0
261.7776888919112	213.0
261.7876895676788	213.0
261.79769024344637	213.0
261.80769091921394	213.0
261.8176915949815	213.0
261.8276922707491	213.0
261.83769294651665	215.0
261.8476936222842	218.0
261.8576942980518	223.0
261.86769497381937	226.0
261.87769564958694	226.0
261.8876963253545	226.0
261.8976970011221	226.0
261.9076976768896	226.0
261.91769835265717	223.0
261.92769902842474	220.0
261.9376997041923	218.0
261.9477003799599	215.0
261.95770105572745	210.0
261.967701731495	206.0
261.9777024072626	206.0
261.98770308303017	206.0
261.99770375879774	208.0
262.0077044345653	208.0
262.0177051103329	210.0
262.02770578610046	218.0
262.037706461868	226.0
262.0477071376356	231.0
262.05770781340317	236.0
262.06770848917074	245.0
262.0777091649383	250.0
262.0877098407059	253.0
262.09771051647346	256.0
262.107711192241	256.0
262.1177118680086	256.0
262.12771254377617	253.0
262.13771321954374	250.0
262.1477138953113	245.0
262.1577145710789	242.0
262.16771524684646	234.0
262.177715922614	234.0
262.1877165983816	236.0
262.19771727414917	236.0
262.20771794991674	242.0
262.2177186256843	245.0
262.2277193014519	248.0
262.23771997721946	253.0
262.247720652987	265.0
262.2577213287546	288.0
262.26772200452217	312.0
262.2777226802897	331.0
262.28772335605726	350.0
262.2977240318248	358.0
262.3077247075924	354.0
262.31772538335997	346.0
262.32772605912754	334.0
262.3377267348951	323.0
262.3477274106627	312.0
262.35772808643026	301.0
262.3677287621978	291.0
262.3777294379654	288.0
262.38773011373297	288.0
262.39773078950054	288.0
262.4077314652681	291.0
262.4177321410357	291.0
262.42773281680326	294.0
262.4377334925708	301.0
262.4477341683384	301.0
262.45773484410597	305.0
262.46773551987354	301.0
262.4777361956411	294.0
262.4877368714087	284.0
262.49773754717626	272.0
262.50773822294383	259.0
262.5177388987114	250.0
262.52773957447897	242.0
262.53774025024654	234.0
262.5477409260141	228.0
262.5577416017817	226.0
262.56774227754926	228.0
262.57774295331683	236.0
262.5877436290844	242.0
262.597744304852	250.0
262.60774498061954	256.0
262.6177456563871	262.0
262.6277463321547	262.0
262.63774700792226	259.0
262.64774768368983	256.0
262.65774835945734	250.0
262.6677490352249	245.0
262.6777497109925	242.0
262.68775038676006	236.0
262.69775106252763	236.0
262.7077517382952	239.0
262.7177524140628	242.0
262.72775308983034	248.0
262.7377537655979	250.0
262.7477544413655	253.0
262.75775511713306	259.0
262.76775579290063	262.0
262.7777564686682	262.0
262.7877571444358	259.0
262.79775782020334	256.0
262.8077584959709	250.0
262.8177591717385	245.0
262.82775984750606	236.0
262.83776052327363	228.0
262.8477611990412	220.0
262.8577618748088	215.0
262.86776255057634	210.0
262.8777632263439	210.0
262.8877639021115	210.0
262.89776457787906	213.0
262.90776525364663	218.0
262.9177659294142	223.0
262.9277666051818	226.0
262.93776728094934	228.0
262.9477679567169	231.0
262.9577686324845	231.0
262.96776930825206	236.0
262.97776998401963	239.0
262.9877706597872	242.0
262.9977713355548	242.0
263.00777201132234	242.0
263.0177726870899	239.0
263.0277733628575	236.0
263.037774038625	234.0
263.0477747143926	231.0
263.05777539016015	231.0
263.0677760659277	234.0
263.0777767416953	236.0
263.08777741746286	239.0
263.09777809323043	242.0
263.107778768998	248.0
263.1177794447656	250.0
263.12778012053315	259.0
263.1377807963007	275.0
263.1477814720683	298.0
263.15778214783586	308.0
263.16778282360343	308.0
263.177783499371	305.0
263.1877841751386	288.0
263.19778485090615	272.0
263.2077855266737	265.0
263.2177862024413	259.0
263.22778687820886	250.0
263.23778755397643	236.0
263.247788229744	231.0
263.2577889055116	231.0
263.26778958127915	234.0
263.2777902570467	275.0
263.2877909328143	268.0
263.29779160858186	265.0
263.30779228434943	265.0
263.317792960117	262.0
263.3277936358846	262.0
263.33779431165215	262.0
263.3477949874197	262.0
263.3577956631873	259.0
263.36779633895486	253.0
263.37779701472243	245.0
263.38779769049	239.0
263.3977983662576	236.0
263.4077990420251	236.0
263.41779971779266	239.0
263.42780039356023	242.0
263.4378010693278	248.0
263.4478017450954	250.0
263.45780242086295	250.0
263.4678030966305	253.0
263.4778037723981	253.0
263.48780444816566	253.0
263.49780512393323	253.0
263.5078057997008	250.0
263.5178064754684	248.0
263.52780715123595	242.0
263.5378078270035	236.0
263.5478085027711	234.0
263.55780917853866	228.0
263.56780985430623	223.0
263.5778105300738	218.0
263.5878112058414	215.0
263.59781188160895	213.0
263.6078125573765	210.0
263.6178132331441	213.0
263.62781390891166	213.0
263.63781458467923	215.0
263.6478152604468	220.0
263.6578159362144	223.0
263.66781661198195	223.0
263.6778172877495	220.0
263.6878179635171	220.0
263.69781863928466	223.0
263.70781931505223	215.0
263.7178199908198	215.0
263.7278206665874	213.0
263.73782134235495	213.0
263.7478220181225	213.0
263.7578226938901	210.0
263.76782336965766	210.0
263.77782404542523	213.0
263.78782472119275	213.0
263.7978253969603	215.0
263.8078260727279	248.0
263.81782674849546	250.0
263.82782742426303	250.0
263.8378281000306	250.0
263.8478287757982	248.0
263.85782945156575	215.0
263.8678301273333	215.0
263.8778308031009	213.0
263.88783147886846	245.0
263.89783215463603	242.0
263.9078328304036	242.0
263.9178335061712	242.0
263.92783418193875	242.0
263.9378348577063	245.0
263.9478355334739	245.0
263.95783620924146	245.0
263.96783688500904	213.0
263.9778375607766	215.0
263.9878382365442	218.0
263.99783891231175	220.0
264.0078395880793	223.0
264.0178402638469	226.0
264.02784093961446	223.0
264.03784161538204	220.0
264.0478422911496	215.0
264.0578429669172	213.0
264.06784364268475	210.0
264.0778443184523	210.0
264.0878449942199	208.0
264.09784566998746	208.0
264.10784634575504	210.0
264.1178470215226	210.0
264.1278476972902	213.0
264.13784837305775	215.0
264.1478490488253	218.0
264.1578497245929	220.0
264.1678504003604	223.0
264.177851076128	223.0
264.18785175189555	223.0
264.1978524276631	223.0
264.2078531034307	220.0
264.21785377919826	220.0
264.22785445496584	218.0
264.2378551307334	213.0
264.247855806501	210.0
264.25785648226855	210.0
264.2678571580361	208.0
264.2778578338037	210.0
264.28785850957127	210.0
264.29785918533884	213.0
264.3078598611064	215.0
264.317860536874	218.0
264.32786121264155	218.0
264.3378618884091	218.0
264.3478625641767	220.0
264.35786323994427	220.0
264.36786391571184	218.0
264.3778645914794	218.0
264.387865267247	215.0
264.39786594301455	213.0
264.4078666187821	213.0
264.4178672945497	210.0
264.42786797031727	210.0
264.43786864608484	210.0
264.4478693218524	210.0
264.45786999762	210.0
264.46787067338755	213.0
264.4778713491551	213.0
264.4878720249227	215.0
264.49787270069027	215.0
264.50787337645784	215.0
264.5178740522254	215.0
264.527874727993	215.0
264.5378754037605	215.0
264.54787607952807	215.0
264.55787675529564	215.0
264.5678774310632	215.0
264.5778781068308	223.0
264.58787878259835	223.0
264.5978794583659	213.0
264.6078801341335	210.0
264.61788080990107	208.0
264.62788148566864	208.0
264.6378821614362	210.0
264.6478828372038	213.0
264.65788351297135	215.0
264.6678841887389	218.0
264.6778848645065	218.0
264.68788554027407	220.0
264.69788621604164	220.0
264.7078868918092	223.0
264.7178875675768	223.0
264.72788824334435	223.0
264.7378889191119	220.0
264.7478895948795	218.0
264.75789027064707	0.0
264.76789094641464	0.0
264.7778916221822	0.0
264.7878922979498	0.0
264.79789297371735	0.0
264.8078936494849	0.0
264.8178943252525	0.0
264.82789500102007	0.0
264.83789567678764	0.0
264.8478963525552	0.0
264.8578970283228	0.0
264.86789770409035	0.0
264.8778983798579	0.0
264.8878990556255	0.0
264.89789973139307	0.0
264.90790040716064	0.0
264.91790108292815	0.0
264.9279017586957	0.0
264.9379024344633	0.0
264.94790311023087	0.0
264.95790378599844	0.0
264.967904461766	0.0
264.9779051375336	0.0
264.98790581330115	0.0
264.9979064890687	0.0
265.0079071648363	0.0
265.01790784060387	236.0
265.02790851637144	236.0
265.037909192139	239.0
265.0479098679066	242.0
265.05791054367415	248.0
265.0679112194417	250.0
265.0779118952093	250.0
265.08791257097687	253.0
265.09791324674444	253.0
265.107913922512	250.0
265.1179145982796	248.0
265.12791527404715	242.0
265.1379159498147	236.0
265.1479166255823	228.0
265.15791730134987	226.0
265.16791797711744	0.0
265.177918652885	0.0
265.1879193286526	0.0
265.19792000442015	0.0
265.2079206801877	0.0
265.2179213559553	213.0
265.22792203172287	215.0
265.23792270749044	218.0
265.247923383258	220.0
265.2579240590256	199.0
265.26792473479316	196.0
265.2779254105607	194.0
265.2879260863283	192.0
265.2979267620958	190.0
265.3079274378634	183.0
265.31792811363096	179.0
265.3279287893985	177.0
265.3379294651661	0.0
265.34793014093367	0.0
265.35793081670124	0.0
265.3679314924688	194.0
265.3779321682364	194.0
265.38793284400396	194.0
265.3979335197715	192.0
265.4079341955391	190.0
265.41793487130667	187.0
265.42793554707424	183.0
265.4379362228418	181.0
265.4479368986094	177.0
265.45793757437696	175.0
265.4679382501445	173.0
265.4779389259121	171.0
265.48793960167967	171.0
265.49794027744724	0.0
265.5079409532148	0.0
265.5179416289824	0.0
265.52794230474996	0.0
265.5379429805175	0.0
265.5479436562851	187.0
265.55794433205267	190.0
265.56794500782024	190.0
265.5779456835878	187.0
265.5879463593554	187.0
265.59794703512296	185.0
265.6079477108905	185.0
265.6179483866581	185.0
265.62794906242567	0.0
265.63794973819324	0.0
265.6479504139608	0.0
265.6579510897284	0.0
265.66795176549596	187.0
265.67795244126347	0.0
265.68795311703104	0.0
265.6979537927986	0.0
265.7079544685662	0.0
265.71795514433376	0.0
265.72795582010133	0.0
265.7379564958689	0.0
265.7479571716365	0.0
265.75795784740404	0.0
265.7679585231716	0.0
265.7779591989392	0.0
265.78795987470676	0.0
265.79796055047433	0.0
265.8079612262419	0.0
265.8179619020095	0.0
265.82796257777704	0.0
265.8379632535446	0.0
265.8479639293122	0.0
265.85796460507976	0.0
265.86796528084733	0.0
265.8779659566149	0.0
265.8879666323825	0.0
265.89796730815004	0.0
265.9079679839176	0.0
265.9179686596852	0.0
265.92796933545276	0.0
265.93797001122033	0.0
265.9479706869879	0.0
265.9579713627555	0.0
265.96797203852304	0.0
265.9779727142906	0.0
265.9879733900582	0.0
265.99797406582576	0.0
266.00797474159333	0.0
266.0179754173609	0.0
266.0279760931285	0.0
266.03797676889604	0.0
266.04797744466356	183.0
266.05797812043113	183.0
266.0679787961987	181.0
266.0779794719663	177.0
266.08798014773384	175.0
266.0979808235014	173.0
266.107981499269	0.0
266.11798217503656	0.0
266.12798285080413	0.0
266.1379835265717	0.0
266.1479842023393	0.0
266.15798487810684	0.0
266.1679855538744	0.0
266.177986229642	0.0
266.18798690540956	0.0
266.19798758117713	0.0
266.2079882569447	0.0
266.2179889327123	0.0
266.22798960847985	0.0
266.2379902842474	0.0
266.247990960015	0.0
266.25799163578256	0.0
266.26799231155013	0.0
266.2779929873177	0.0
266.2879936630853	0.0
266.29799433885285	0.0
266.3079950146204	0.0
266.317995690388	0.0
266.32799636615556	0.0
266.33799704192313	0.0
266.3479977176907	0.0
266.3579983934583	0.0
266.36799906922585	0.0
266.3779997449934	0.0
266.388000420761	0.0
266.39800109652856	0.0
266.40800177229613	0.0
266.4180024480637	0.0
266.4280031238312	0.0
266.4380037995988	0.0
266.44800447536636	0.0
266.45800515113393	0.0
266.4680058269015	0.0
266.4780065026691	0.0
266.48800717843665	0.0
266.4980078542042	0.0
266.5080085299718	0.0
266.51800920573936	0.0
266.52800988150693	0.0
266.5380105572745	0.0
266.5480112330421	0.0
266.55801190880965	0.0
266.5680125845772	0.0
266.5780132603448	0.0
266.58801393611236	0.0
266.59801461187993	0.0
266.6080152876475	0.0
266.6180159634151	0.0
266.62801663918265	0.0
266.6380173149502	0.0
266.6480179907178	0.0
266.65801866648536	0.0
266.66801934225293	0.0
266.6780200180205	0.0
266.6880206937881	0.0
266.69802136955565	0.0
266.7080220453232	0.0
266.7180227210908	0.0
266.72802339685836	0.0
266.73802407262593	0.0
266.7480247483935	0.0
266.7580254241611	0.0
266.76802609992865	0.0
266.7780267756962	0.0
266.7880274514638	0.0
266.79802812723136	0.0
266.8080288029989	0.0
266.81802947876645	0.0
266.828030154534	0.0
266.8380308303016	0.0
266.84803150606916	0.0
266.85803218183673	0.0
266.8680328576043	0.0
266.8780335333719	0.0
266.88803420913945	0.0
266.898034884907	0.0
266.9080355606746	0.0
266.91803623644216	0.0
266.92803691220973	0.0
266.9380375879773	0.0
266.9480382637449	0.0
266.95803893951245	0.0
266.96803961528	0.0
266.9780402910476	0.0
266.98804096681516	0.0
266.99804164258273	0.0
267.0080423183503	0.0
267.0180429941179	0.0
267.02804366988545	0.0
267.038044345653	0.0
267.0480450214206	0.0
267.05804569718816	0.0
267.06804637295573	0.0
267.0780470487233	0.0
267.0880477244909	0.0
267.09804840025845	0.0
267.108049076026	0.0
267.1180497517936	0.0
267.12805042756116	0.0
267.13805110332873	0.0
267.1480517790963	0.0
267.1580524548639	0.0
267.16805313063145	0.0
267.17805380639896	0.0
267.18805448216654	0.0
267.1980551579341	0.0
267.2080558337017	0.0
267.21805650946925	0.0
267.2280571852368	0.0
267.2380578610044	0.0
267.24805853677196	0.0
267.25805921253954	0.0
267.2680598883071	0.0
267.2780605640747	0.0
267.28806123984225	0.0
267.2980619156098	0.0
267.3080625913774	0.0
267.31806326714496	0.0
267.32806394291254	0.0
267.3380646186801	0.0
267.3480652944477	0.0
267.35806597021525	0.0
267.3680666459828	0.0
267.3780673217504	0.0
267.38806799751796	0.0
267.39806867328554	0.0
267.4080693490531	0.0
267.4180700248207	0.0
267.42807070058825	0.0
267.4380713763558	0.0
267.4480720521234	0.0
267.45807272789096	0.0
267.46807340365854	0.0
267.4780740794261	0.0
267.4880747551937	0.0
267.49807543096125	0.0
267.5080761067288	0.0
267.5180767824964	0.0
267.52807745826397	0.0
267.53807813403154	0.0
267.5480788097991	0.0
267.5580794855666	0.0
267.5680801613342	0.0
267.57808083710177	0.0
267.58808151286934	0.0
267.5980821886369	0.0
267.6080828644045	0.0
267.61808354017205	0.0
267.6280842159396	0.0
267.6380848917072	0.0
267.64808556747477	0.0
267.65808624324234	0.0
267.6680869190099	0.0
267.6780875947775	0.0
267.68808827054505	0.0
267.6980889463126	0.0
267.7080896220802	0.0
267.71809029784777	0.0
267.72809097361534	0.0
267.7380916493829	0.0
267.7480923251505	0.0
267.75809300091805	0.0
267.7680936766856	0.0
267.7780943524532	0.0
267.78809502822077	0.0
267.79809570398834	0.0
267.8080963797559	0.0
267.8180970555235	0.0
267.82809773129105	0.0
267.8380984070586	0.0
267.8480990828262	0.0
267.85809975859377	0.0
267.86810043436134	0.0
267.8781011101289	0.0
267.8881017858965	0.0
267.89810246166405	0.0
267.9081031374316	0.0
267.9181038131992	0.0
267.92810448896677	0.0
267.9381051647343	0.0
267.94810584050185	0.0
267.9581065162694	0.0
267.968107192037	0.0
267.97810786780457	0.0
267.98810854357214	0.0
267.9981092193397	0.0
268.0081098951073	0.0
268.01811057087485	0.0
268.0281112466424	0.0
268.03811192241	0.0
268.04811259817757	0.0
268.05811327394514	0.0
268.0681139497127	0.0
268.0781146254803	0.0
268.08811530124785	0.0
268.0981159770154	0.0
268.108116652783	0.0
268.11811732855057	0.0
268.12811800431814	0.0
268.1381186800857	0.0
268.1481193558533	0.0
268.15812003162085	0.0
268.1681207073884	0.0
268.178121383156	0.0
268.18812205892357	0.0
268.19812273469114	0.0
268.2081234104587	0.0
268.2181240862263	0.0
268.22812476199385	0.0
268.2381254377614	0.0
268.248126113529	0.0
268.25812678929657	220.0
268.26812746506414	215.0
268.2781281408317	215.0
268.2881288165993	213.0
268.29812949236685	213.0
268.3081301681344	213.0
268.31813084390194	213.0
268.3281315196695	213.0
268.3381321954371	215.0
268.34813287120465	215.0
268.3581335469722	215.0
268.3681342227398	215.0
268.37813489850737	213.0
268.38813557427494	213.0
268.3981362500425	210.0
268.4081369258101	210.0
268.41813760157766	213.0
268.4281382773452	215.0
268.4381389531128	218.0
268.44813962888037	218.0
268.45814030464794	218.0
268.4681409804155	218.0
268.4781416561831	215.0
268.48814233195066	215.0
268.4981430077182	215.0
268.5081436834858	213.0
268.51814435925337	213.0
268.52814503502094	0.0
268.5381457107885	0.0
268.5481463865561	0.0
268.55814706232366	0.0
268.5681477380912	0.0
268.5781484138588	0.0
268.58814908962637	0.0
268.59814976539394	0.0
268.6081504411615	0.0
268.6181511169291	0.0
268.62815179269666	0.0
268.6381524684642	0.0
268.6481531442318	0.0
268.65815381999937	0.0
268.66815449576694	0.0
268.6781551715345	0.0
268.688155847302	0.0
268.6981565230696	0.0
268.70815719883717	0.0
268.71815787460474	0.0
268.7281585503723	0.0
268.7381592261399	0.0
268.74815990190746	0.0
268.758160577675	0.0
268.7681612534426	0.0
268.77816192921017	0.0
268.78816260497774	0.0
268.7981632807453	0.0
268.8081639565129	0.0
268.81816463228046	0.0
268.828165308048	0.0
268.8381659838156	0.0
268.84816665958317	0.0
268.85816733535074	0.0
268.8681680111183	0.0
268.8781686868859	0.0
268.88816936265346	0.0
268.89817003842103	0.0
268.9081707141886	281.0
268.91817138995617	284.0
268.92817206572374	284.0
268.9381727414913	288.0
268.9481734172589	284.0
268.95817409302646	284.0
268.96817476879403	281.0
268.9781754445616	281.0
268.9881761203292	278.0
268.99817679609674	278.0
269.0081774718643	275.0
269.0181781476319	272.0
269.02817882339946	265.0
269.03817949916703	262.0
269.0481801749346	256.0
269.0581808507022	250.0
269.0681815264697	245.0
269.07818220223726	239.0
269.08818287800483	0.0
269.0981835537724	0.0
269.10818422954	231.0
269.11818490530754	231.0
269.1281855810751	234.0
269.1381862568427	0.0
269.14818693261026	0.0
269.15818760837783	0.0
269.1681882841454	0.0
269.178188959913	265.0
269.18818963568054	268.0
269.1981903114481	275.0
269.2081909872157	281.0
269.21819166298326	284.0
269.22819233875083	288.0
269.2381930145184	288.0
269.248193690286	288.0
269.25819436605354	284.0
269.2681950418211	281.0
269.2781957175887	278.0
269.28819639335626	272.0
269.29819706912383	265.0
269.3081977448914	259.0
269.318198420659	253.0
269.32819909642654	248.0
269.3381997721941	242.0
269.3482004479617	239.0
269.35820112372926	236.0
269.36820179949683	236.0
269.3782024752644	234.0
269.388203151032	236.0
269.39820382679954	0.0
269.4082045025671	0.0
269.4182051783347	0.0
269.42820585410226	0.0
269.43820652986983	0.0
269.44820720563735	0.0
269.4582078814049	262.0
269.4682085571725	0.0
269.47820923294006	0.0
269.48820990870763	0.0
269.4982105844752	281.0
269.5082112602428	284.0
269.51821193601035	284.0
269.5282126117779	284.0
269.5382132875455	284.0
269.54821396331306	281.0
269.55821463908063	278.0
269.5682153148482	275.0
269.5782159906158	272.0
269.58821666638335	268.0
269.5982173421509	265.0
269.6082180179185	259.0
269.61821869368606	259.0
269.62821936945363	253.0
269.6382200452212	250.0
269.6482207209888	248.0
269.65822139675635	245.0
269.6682220725239	239.0
269.6782227482915	236.0
269.68822342405906	234.0
269.69822409982663	236.0
269.7082247755942	239.0
269.7182254513618	242.0
269.72822612712935	248.0
269.7382268028969	250.0
269.7482274786645	0.0
269.75822815443206	0.0
269.76822883019963	0.0
269.7782295059672	278.0
269.7882301817348	284.0
269.79823085750235	288.0
269.8082315332699	291.0
269.81823220903743	291.0
269.828232884805	288.0
269.8382335605726	284.0
269.84823423634015	278.0
269.8582349121077	275.0
269.8682355878753	272.0
269.87823626364286	265.0
269.88823693941043	259.0
269.898237615178	256.0
269.9082382909456	253.0
269.91823896671315	253.0
269.9282396424807	250.0
269.9382403182483	248.0
269.94824099401586	245.0
269.95824166978343	245.0
269.968242345551	242.0
269.9782430213186	245.0
269.98824369708615	245.0
269.9982443728537	248.0
270.0082450486213	250.0
270.01824572438886	256.0
270.02824640015643	259.0
270.038247075924	268.0
270.0482477516916	0.0
270.05824842745915	284.0
270.0682491032267	0.0
270.0782497789943	0.0
270.08825045476186	0.0
270.09825113052943	0.0
270.108251806297	0.0
270.1182524820646	0.0
270.12825315783215	0.0
270.1382538335997	0.0
270.1482545093673	0.0
270.15825518513486	0.0
270.16825586090243	0.0
270.17825653667	0.0
270.1882572124376	0.0
270.1982578882051	0.0
270.20825856397266	0.0
270.21825923974023	0.0
270.2282599155078	0.0
270.2382605912754	0.0
270.24826126704295	0.0
270.2582619428105	0.0
270.2682626185781	0.0
270.27826329434566	0.0
270.28826397011323	0.0
270.2982646458808	0.0
270.3082653216484	0.0
270.31826599741595	319.0
270.3282666731835	319.0
270.3382673489511	319.0
270.34826802471866	319.0
270.35826870048624	319.0
270.3682693762538	323.0
270.3782700520214	327.0
270.38827072778895	0.0
270.3982714035565	0.0
270.4082720793241	0.0
270.41827275509166	0.0
270.42827343085924	342.0
270.4382741066268	0.0
270.4482747823944	0.0
270.45827545816195	0.0
270.4682761339295	0.0
270.4782768096971	0.0
270.48827748546466	0.0
270.49827816123224	0.0
270.5082788369998	0.0
270.5182795127674	0.0
270.52828018853495	0.0
270.5382808643025	0.0
270.5482815400701	0.0
270.55828221583766	0.0
270.56828289160524	0.0
270.57828356737275	0.0
270.5882842431403	0.0
270.5982849189079	0.0
270.60828559467546	284.0
270.61828627044304	284.0
270.6282869462106	284.0
270.6382876219782	284.0
270.64828829774575	284.0
270.6582889735133	284.0
270.6682896492809	284.0
270.67829032504847	284.0
270.68829100081604	281.0
270.6982916765836	281.0
270.7082923523512	281.0
270.71829302811875	284.0
270.7282937038863	284.0
270.7382943796539	288.0
270.74829505542147	288.0
270.75829573118904	288.0
270.7682964069566	288.0
270.7782970827242	284.0
270.78829775849175	281.0
270.7982984342593	275.0
270.8082991100269	272.0
270.81829978579447	0.0
270.82830046156204	0.0
270.8383011373296	0.0
270.8483018130972	288.0
270.85830248886475	288.0
270.8683031646323	288.0
270.8783038403999	288.0
270.88830451616747	288.0
270.89830519193504	288.0
270.9083058677026	288.0
270.9183065434702	288.0
270.92830721923775	288.0
270.9383078950053	288.0
270.94830857077284	284.0
270.9583092465404	281.0
270.968309922308	268.0
270.97831059807555	262.0
270.9883112738431	259.0
270.9983119496107	0.0
271.00831262537827	0.0
271.01831330114584	242.0
271.0283139769134	239.0
271.038314652681	239.0
271.04831532844855	0.0
271.0583160042161	0.0
271.0683166799837	0.0
271.07831735575127	291.0
271.08831803151884	291.0
271.0983187072864	291.0
271.108319383054	291.0
271.11832005882155	288.0
271.1283207345891	288.0
271.1383214103567	288.0
271.14832208612427	0.0
271.15832276189184	0.0
271.1683234376594	0.0
271.178324113427	0.0
271.18832478919455	0.0
271.1983254649621	0.0
271.2083261407297	0.0
271.21832681649727	0.0
271.22832749226484	0.0
271.2383281680324	0.0
271.2483288438	0.0
271.25832951956755	0.0
271.2683301953351	0.0
271.2783308711027	0.0
271.28833154687027	0.0
271.29833222263784	0.0
271.3083328984054	0.0
271.318333574173	0.0
271.3283342499405	0.0
271.33833492570807	0.0
271.34833560147564	0.0
271.3583362772432	0.0
271.3683369530108	0.0
271.37833762877835	291.0
271.3883383045459	291.0
271.3983389803135	291.0
271.40833965608107	288.0
271.41834033184864	288.0
271.4283410076162	288.0
271.4383416833838	288.0
271.44834235915135	288.0
271.4583430349189	288.0
271.4683437106865	288.0
271.47834438645407	288.0
271.48834506222164	288.0
271.4983457379892	288.0
271.5083464137568	288.0
271.51834708952435	288.0
271.5283477652919	288.0
271.5383484410595	288.0
271.54834911682707	288.0
271.55834979259464	288.0
271.5683504683622	288.0
271.5783511441298	288.0
271.58835181989735	288.0
271.5983524956649	288.0
271.6083531714325	288.0
271.61835384720007	291.0
271.62835452296764	288.0
271.6383551987352	288.0
271.6483558745028	288.0
271.65835655027036	288.0
271.6683572260379	288.0
271.6783579018055	288.0
271.68835857757307	288.0
271.69835925334064	288.0
271.70835992910816	291.0
271.7183606048757	291.0
271.7283612806433	288.0
271.73836195641087	288.0
271.74836263217844	288.0
271.758363307946	288.0
271.7683639837136	288.0
271.77836465948116	288.0
271.7883653352487	288.0
271.7983660110163	288.0
271.80836668678387	288.0
271.81836736255144	291.0
271.828368038319	291.0
271.8383687140866	291.0
271.84836938985416	291.0
271.8583700656217	291.0
271.8683707413893	291.0
271.87837141715687	291.0
271.88837209292444	291.0
271.898372768692	291.0
271.9083734444596	291.0
271.91837412022716	291.0
271.9283747959947	0.0
271.9383754717623	291.0
271.94837614752987	291.0
271.95837682329744	0.0
271.968377499065	288.0
271.9783781748326	288.0
271.98837885060016	288.0
271.9983795263677	0.0
272.0083802021353	0.0
272.01838087790287	0.0
272.02838155367044	0.0
272.038382229438	0.0
272.0483829052056	0.0
272.05838358097316	0.0
272.0683842567407	0.0
272.0783849325083	0.0
272.0883856082758	0.0
272.0983862840434	0.0
272.10838695981096	0.0
272.11838763557853	0.0
272.1283883113461	0.0
272.1383889871137	0.0
272.14838966288124	0.0
272.1583903386488	0.0
272.1683910144164	0.0
272.17839169018396	0.0
272.18839236595153	0.0
272.1983930417191	0.0
272.2083937174867	0.0
272.21839439325424	0.0
272.2283950690218	0.0
272.2383957447894	0.0
272.24839642055696	0.0
272.25839709632453	0.0
272.2683977720921	0.0
272.2783984478597	0.0
272.28839912362724	0.0
272.2983997993948	0.0
272.3084004751624	0.0
272.31840115092996	0.0
272.32840182669753	0.0
272.3384025024651	0.0
272.3484031782327	0.0
272.35840385400024	0.0
272.3684045297678	0.0
272.3784052055354	0.0
272.38840588130296	0.0
272.39840655707053	0.0
272.4084072328381	0.0
272.4184079086057	0.0
272.42840858437324	0.0
272.4384092601408	0.0
272.4484099359084	0.0
272.4584106116759	288.0
272.4684112874435	288.0
272.47841196321104	291.0
272.4884126389786	291.0
272.4984133147462	291.0
272.50841399051376	291.0
272.51841466628133	288.0
272.5284153420489	284.0
272.5384160178165	0.0
272.54841669358404	0.0
272.5584173693516	268.0
272.5684180451192	265.0
272.57841872088676	265.0
272.58841939665433	265.0
272.5984200724219	291.0
272.6084207481895	294.0
272.61842142395705	291.0
272.6284220997246	288.0
272.6384227754922	284.0
272.64842345125976	272.0
272.65842412702733	0.0
272.6684248027949	0.0
272.6784254785625	0.0
272.68842615433005	0.0
272.6984268300976	0.0
272.7084275058652	0.0
272.71842818163276	0.0
272.72842885740033	0.0
272.7384295331679	0.0
272.7484302089355	0.0
272.75843088470305	0.0
272.7684315604706	0.0
272.7784322362382	0.0
272.78843291200576	0.0
272.79843358777333	0.0
272.8084342635409	284.0
272.8184349393085	288.0
272.82843561507605	288.0
272.83843629084356	291.0
272.84843696661113	291.0
272.8584376423787	291.0
272.8684383181463	288.0
272.87843899391385	288.0
272.8884396696814	281.0
272.898440345449	278.0
272.90844102121656	275.0
272.91844169698413	275.0
272.9284423727517	272.0
272.9384430485193	272.0
272.94844372428685	272.0
272.9584444000544	275.0
272.968445075822	275.0
272.97844575158956	278.0
272.98844642735713	281.0
272.9984471031247	288.0
273.0084477788923	291.0
273.01844845465985	291.0
273.0284491304274	291.0
273.038449806195	288.0
273.04845048196256	284.0
273.05845115773013	284.0
273.0684518334977	281.0
273.0784525092653	278.0
273.08845318503285	275.0
273.0984538608004	0.0
273.108454536568	0.0
273.11845521233556	253.0
273.12845588810313	250.0
273.1384565638707	248.0
273.1484572396383	239.0
273.15845791540585	234.0
273.1684585911734	231.0
273.178459266941	228.0
273.18845994270856	226.0
273.19846061847613	223.0
273.2084612942437	220.0
273.2184619700112	220.0
273.2284626457788	220.0
273.23846332154636	220.0
273.24846399731393	218.0
273.2584646730815	215.0
273.2684653488491	213.0
273.27846602461665	210.0
273.2884667003842	210.0
273.2984673761518	208.0
273.30846805191936	208.0
273.31846872768693	208.0
273.3284694034545	210.0
273.3384700792221	210.0
273.34847075498965	213.0
273.3584714307572	215.0
273.3684721065248	218.0
273.37847278229236	220.0
273.38847345805993	223.0
273.3984741338275	223.0
273.4084748095951	220.0
273.41847548536265	218.0
273.4284761611302	218.0
273.4384768368978	215.0
273.44847751266536	213.0
273.45847818843293	213.0
273.4684788642005	215.0
273.4784795399681	215.0
273.48848021573565	215.0
273.4984808915032	218.0
273.5084815672708	220.0
273.51848224303836	220.0
273.52848291880593	218.0
273.5384835945735	218.0
273.5484842703411	215.0
273.55848494610865	215.0
273.5684856218762	215.0
273.5784862976438	218.0
273.5884869734113	220.0
273.5984876491789	223.0
273.60848832494645	231.0
273.618489000714	236.0
273.6284896764816	242.0
273.63849035224916	253.0
273.64849102801674	0.0
273.6584917037843	0.0
273.6684923795519	0.0
273.67849305531945	0.0
273.688493731087	0.0
273.6984944068546	0.0
273.70849508262216	0.0
273.71849575838974	0.0
273.7284964341573	0.0
273.7384971099249	0.0
273.74849778569245	0.0
273.75849846146	0.0
273.7684991372276	0.0
273.77849981299516	0.0
273.78850048876274	0.0
273.7985011645303	0.0
273.8085018402979	0.0
273.81850251606545	0.0
273.828503191833	0.0
273.8385038676006	0.0
273.84850454336816	0.0
273.85850521913574	0.0
273.8685058949033	0.0
273.8785065706709	0.0
273.88850724643845	0.0
273.898507922206	0.0
273.9085085979736	0.0
273.91850927374117	0.0
273.92850994950874	0.0
273.9385106252763	0.0
273.9485113010439	0.0
273.95851197681145	0.0
273.96851265257897	0.0
273.97851332834654	0.0
273.9885140041141	0.0
273.9985146798817	0.0
274.00851535564925	0.0
274.0185160314168	0.0
274.0285167071844	0.0
274.03851738295197	0.0
274.04851805871954	0.0
274.0585187344871	0.0
274.0685194102547	0.0
274.07852008602225	0.0
274.0885207617898	0.0
274.0985214375574	0.0
274.10852211332497	0.0
274.11852278909254	0.0
274.1285234648601	239.0
274.1385241406277	239.0
274.14852481639525	236.0
274.1585254921628	236.0
274.1685261679304	239.0
274.17852684369797	242.0
274.18852751946554	245.0
274.1985281952331	248.0
274.2085288710007	0.0
274.21852954676825	0.0
274.2285302225358	0.0
274.2385308983034	0.0
274.24853157407097	284.0
274.25853224983854	284.0
274.2685329256061	284.0
274.2785336013737	284.0
274.28853427714125	284.0
274.2985349529088	284.0
274.3085356286764	288.0
274.31853630444397	288.0
274.32853698021154	288.0
274.3385376559791	288.0
274.3485383317466	284.0
274.3585390075142	284.0
274.36853968328177	284.0
274.37854035904934	284.0
274.3885410348169	284.0
274.3985417105845	284.0
274.40854238635205	284.0
274.4185430621196	284.0
274.4285437378872	281.0
274.43854441365477	278.0
274.44854508942234	275.0
274.4585457651899	272.0
274.4685464409575	272.0
274.47854711672505	268.0
274.4885477924926	268.0
274.4985484682602	265.0
274.50854914402777	259.0
274.51854981979534	256.0
274.5285504955629	253.0
274.5385511713305	250.0
274.54855184709805	250.0
274.5585525228656	250.0
274.5685531986332	245.0
274.57855387440077	245.0
274.58855455016834	242.0
274.5985552259359	242.0
274.6085559017035	236.0
274.61855657747105	234.0
274.6285572532386	231.0
274.6385579290062	0.0
274.64855860477377	0.0
274.65855928054134	0.0
274.6685599563089	0.0
274.6785606320765	0.0
274.68856130784405	0.0
274.6985619836116	0.0
274.7085626593792	0.0
274.71856333514677	0.0
274.7285640109143	0.0
274.73856468668185	0.0
274.7485653624494	0.0
274.758566038217	0.0
274.76856671398457	0.0
274.77856738975214	0.0
274.7885680655197	0.0
274.7985687412873	0.0
274.80856941705485	0.0
274.8185700928224	0.0
274.82857076859	0.0
274.83857144435757	0.0
274.84857212012514	0.0
274.8585727958927	0.0
274.8685734716603	0.0
274.87857414742786	0.0
274.8885748231954	0.0
274.898575498963	0.0
274.90857617473057	0.0
274.91857685049814	0.0
274.9285775262657	0.0
274.9385782020333	0.0
274.94857887780086	0.0
274.9585795535684	0.0
274.968580229336	0.0
274.97858090510357	0.0
274.98858158087114	0.0
274.9985822566387	0.0
275.0085829324063	0.0
275.01858360817386	0.0
275.0285842839414	0.0
275.038584959709	0.0
275.04858563547657	0.0
275.05858631124414	0.0
275.0685869870117	0.0
275.0785876627793	0.0
275.08858833854686	0.0
275.09858901431437	0.0
275.10858969008194	0.0
275.1185903658495	0.0
275.1285910416171	0.0
275.13859171738466	0.0
275.1485923931522	0.0
275.1585930689198	288.0
275.16859374468737	288.0
275.17859442045494	284.0
275.1885950962225	281.0
275.1985957719901	278.0
275.20859644775766	278.0
275.2185971235252	272.0
275.2285977992928	268.0
275.23859847506037	268.0
275.24859915082794	262.0
275.2585998265955	259.0
275.2686005023631	256.0
275.27860117813066	250.0
275.28860185389823	248.0
275.2986025296658	248.0
275.30860320543337	245.0
275.31860388120094	245.0
275.3286045569685	245.0
275.3386052327361	245.0
275.34860590850366	245.0
275.35860658427123	248.0
275.3686072600388	248.0
275.3786079358064	250.0
275.38860861157394	256.0
275.3986092873415	265.0
275.4086099631091	272.0
275.41861063887666	275.0
275.42861131464423	0.0
275.4386119904118	0.0
275.4486126661794	0.0
275.45861334194694	0.0
275.4686140177145	0.0
275.47861469348203	0.0
275.4886153692496	0.0
275.4986160450172	0.0
275.50861672078474	0.0
275.5186173965523	0.0
275.5286180723199	284.0
275.53861874808746	281.0
275.54861942385503	278.0
275.5586200996226	275.0
275.5686207753902	272.0
275.57862145115774	265.0
275.5886221269253	262.0
275.5986228026929	256.0
275.60862347846046	253.0
275.61862415422803	248.0
275.6286248299956	245.0
275.6386255057632	245.0
275.64862618153074	242.0
275.6586268572983	242.0
275.6686275330659	242.0
275.67862820883346	245.0
275.68862888460103	245.0
275.6986295603686	248.0
275.7086302361362	253.0
275.71863091190374	259.0
275.7286315876713	265.0
275.7386322634389	268.0
275.74863293920646	272.0
275.75863361497403	275.0
275.7686342907416	278.0
275.7786349665092	0.0
275.78863564227674	281.0
275.7986363180443	284.0
275.8086369938119	284.0
275.81863766957946	284.0
275.82863834534703	284.0
275.8386390211146	284.0
275.8486396968822	284.0
275.8586403726497	284.0
275.86864104841726	284.0
275.87864172418483	284.0
275.8886423999524	281.0
275.89864307572	281.0
275.90864375148755	275.0
275.9186444272551	272.0
275.9286451030227	265.0
275.93864577879026	262.0
275.94864645455783	259.0
275.9586471303254	256.0
275.968647806093	253.0
275.97864848186055	250.0
275.9886491576281	248.0
275.9986498333957	248.0
276.00865050916326	245.0
276.01865118493083	242.0
276.0286518606984	245.0
276.038652536466	248.0
276.04865321223355	0.0
276.0586538880011	0.0
276.0686545637687	0.0
276.07865523953626	0.0
276.08865591530383	0.0
276.0986565910714	0.0
276.108657266839	0.0
276.11865794260655	0.0
276.1286586183741	0.0
276.1386592941417	0.0
276.14865996990926	0.0
276.15866064567683	0.0
276.1686613214444	0.0
276.178661997212	0.0
276.18866267297955	0.0
276.1986633487471	0.0
276.2086640245147	0.0
276.21866470028226	0.0
276.2286653760498	0.0
276.23866605181735	0.0
276.2486667275849	0.0
276.2586674033525	0.0
276.26866807912006	0.0
276.27866875488763	0.0
276.2886694306552	0.0
276.2986701064228	0.0
276.30867078219035	0.0
276.3186714579579	0.0
276.3286721337255	0.0
276.33867280949306	0.0
276.34867348526063	0.0
276.3586741610282	0.0
276.3686748367958	0.0
276.37867551256335	0.0
276.3886761883309	248.0
276.3986768640985	245.0
276.40867753986606	236.0
276.41867821563363	231.0
276.4286788914012	226.0
276.4386795671688	220.0
276.44868024293635	220.0
276.4586809187039	223.0
276.4686815944715	226.0
276.47868227023906	231.0
276.48868294600663	236.0
276.4986836217742	231.0
276.5086842975418	236.0
276.51868497330935	248.0
276.5286856490769	250.0
276.5386863248445	253.0
276.54868700061206	253.0
276.55868767637963	253.0
276.5686883521472	253.0
276.5786890279148	250.0
276.58868970368235	248.0
276.5986903794499	245.0
276.60869105521743	242.0
276.618691730985	239.0
276.6286924067526	239.0
276.63869308252015	242.0
276.6486937582877	242.0
276.6586944340553	248.0
276.66869510982286	250.0
276.67869578559043	253.0
276.688696461358	256.0
276.6986971371256	262.0
276.70869781289315	268.0
276.7186984886607	275.0
276.7286991644283	281.0
276.73869984019586	281.0
276.74870051596344	284.0
276.758701191731	284.0
276.7687018674986	284.0
276.77870254326615	284.0
276.7887032190337	284.0
276.7987038948013	284.0
276.80870457056886	284.0
276.81870524633644	284.0
276.828705922104	284.0
276.8387065978716	284.0
276.84870727363915	288.0
276.8587079494067	288.0
276.8687086251743	288.0
276.87870930094186	288.0
276.88870997670944	288.0
276.898710652477	288.0
276.9087113282446	284.0
276.91871200401215	284.0
276.9287126797797	284.0
276.9387133555473	284.0
276.94871403131486	284.0
276.95871470708244	284.0
276.96871538285	284.0
276.9787160586176	288.0
276.9887167343851	294.0
276.99871741015266	301.0
277.00871808592024	308.0
277.0187187616878	316.0
277.0287194374554	327.0
277.03872011322295	334.0
277.0487207889905	342.0
277.0587214647581	346.0
277.06872214052567	350.0
277.07872281629324	350.0
277.0887234920608	346.0
277.0987241678284	342.0
277.10872484359595	338.0
277.1187255193635	334.0
277.1287261951311	327.0
277.13872687089867	327.0
277.14872754666624	323.0
277.1587282224338	323.0
277.1687288982014	323.0
277.17872957396895	319.0
277.1887302497365	319.0
277.1987309255041	319.0
277.20873160127167	323.0
277.21873227703924	327.0
277.2287329528068	334.0
277.2387336285744	338.0
277.24873430434195	342.0
277.2587349801095	346.0
277.2687356558771	350.0
277.27873633164467	350.0
277.28873700741224	350.0
277.2987376831798	346.0
277.3087383589474	346.0
277.31873903471495	342.0
277.3287397104825	342.0
277.3387403862501	338.0
277.34874106201767	338.0
277.35874173778524	334.0
277.36874241355275	331.0
277.3787430893203	331.0
277.3887437650879	327.0
277.39874444085547	327.0
277.40874511662304	323.0
277.4187457923906	323.0
277.4287464681582	319.0
277.43874714392575	316.0
277.4487478196933	312.0
277.4587484954609	308.0
277.46874917122847	305.0
277.47874984699604	301.0
277.4887505227636	301.0
277.4987511985312	298.0
277.50875187429875	294.0
277.5187525500663	291.0
277.5287532258339	288.0
277.53875390160147	288.0
277.54875457736904	284.0
277.5587552531366	284.0
277.5687559289042	281.0
277.57875660467175	281.0
277.5887572804393	278.0
277.5987579562069	278.0
277.60875863197447	275.0
277.61875930774204	272.0
277.6287599835096	268.0
277.6387606592772	265.0
277.64876133504475	262.0
277.6587620108123	259.0
277.6687626865799	259.0
277.67876336234747	256.0
277.68876403811504	253.0
277.6987647138826	250.0
277.7087653896502	248.0
277.71876606541775	245.0
277.7287667411853	245.0
277.73876741695284	242.0
277.7487680927204	242.0
277.758768768488	239.0
277.76876944425555	239.0
277.7787701200231	242.0
277.7887707957907	242.0
277.79877147155827	242.0
277.80877214732584	242.0
277.8187728230934	242.0
277.828773498861	242.0
277.83877417462855	242.0
277.8487748503961	242.0
277.8587755261637	242.0
277.86877620193127	0.0
277.87877687769884	0.0
277.8887775534664	0.0
277.898778229234	0.0
277.90877890500155	0.0
277.9187795807691	242.0
277.9287802565367	242.0
277.93878093230427	242.0
277.94878160807184	242.0
277.9587822838394	242.0
277.968782959607	245.0
277.97878363537455	245.0
277.9887843111421	245.0
277.9987849869097	245.0
278.00878566267727	245.0
278.01878633844484	245.0
278.0287870142124	245.0
278.03878768998	245.0
278.04878836574755	245.0
278.0587890415151	248.0
278.0687897172827	248.0
278.07879039305027	250.0
278.08879106881784	253.0
278.0987917445854	256.0
278.108792420353	256.0
278.1187930961205	259.0
278.12879377188807	259.0
278.13879444765564	259.0
278.1487951234232	259.0
278.1587957991908	265.0
278.16879647495836	268.0
278.1787971507259	272.0
278.1887978264935	272.0
278.19879850226107	272.0
278.20879917802864	272.0
278.2187998537962	275.0
278.2288005295638	278.0
278.23880120533136	281.0
278.2488018810989	281.0
278.2588025568665	281.0
278.26880323263407	281.0
278.27880390840164	281.0
278.2888045841692	281.0
278.2988052599368	281.0
278.30880593570436	281.0
278.3188066114719	284.0
278.3288072872395	284.0
278.33880796300707	284.0
278.34880863877464	284.0
278.3588093145422	284.0
278.3688099903098	284.0
278.37881066607736	288.0
278.3888113418449	288.0
278.3988120176125	288.0
278.40881269338007	288.0
278.41881336914764	288.0
278.4288140449152	288.0
278.4388147206828	291.0
278.44881539645036	291.0
278.4588160722179	291.0
278.4688167479855	291.0
278.47881742375307	288.0
278.48881809952064	288.0
278.49881877528816	288.0
278.50881945105573	288.0
278.5188201268233	288.0
278.5288208025909	291.0
278.53882147835844	294.0
278.548822154126	298.0
278.5588228298936	298.0
278.56882350566116	294.0
278.57882418142873	291.0
278.5888248571963	288.0
278.5988255329639	291.0
278.60882620873144	291.0
278.618826884499	291.0
278.6288275602666	291.0
278.63882823603416	291.0
278.64882891180173	288.0
278.6588295875693	284.0
278.6688302633369	281.0
278.67883093910444	278.0
278.688831614872	278.0
278.6988322906396	275.0
278.70883296640716	272.0
278.71883364217473	268.0
278.7288343179423	265.0
278.7388349937099	265.0
278.74883566947744	265.0
278.758836345245	265.0
278.7688370210126	262.0
278.77883769678016	259.0
278.78883837254773	256.0
278.7988390483153	256.0
278.8088397240829	256.0
278.81884039985044	256.0
278.828841075618	253.0
278.8388417513856	253.0
278.84884242715316	250.0
278.85884310292073	250.0
278.86884377868824	250.0
278.8788444544558	288.0
278.8888451302234	288.0
278.89884580599096	288.0
278.90884648175853	288.0
278.9188471575261	288.0
278.9288478332937	288.0
278.93884850906124	288.0
278.9488491848288	288.0
278.9588498605964	288.0
278.96885053636396	288.0
278.97885121213153	288.0
278.9888518878991	291.0
278.9988525636667	291.0
279.00885323943425	291.0
279.0188539152018	291.0
279.0288545909694	291.0
279.03885526673696	288.0
279.04885594250453	288.0
279.0588566182721	288.0
279.0688572940397	288.0
279.07885796980725	288.0
279.0888586455748	288.0
279.0988593213424	288.0
279.10885999710996	288.0
279.11886067287753	288.0
279.1288613486451	288.0
279.1388620244127	288.0
279.14886270018025	0.0
279.1588633759478	0.0
279.1688640517154	0.0
279.17886472748296	291.0
279.18886540325053	288.0
279.1988660790181	288.0
279.2088667547857	288.0
279.21886743055325	288.0
279.2288681063208	288.0
279.2388687820884	288.0
279.2488694578559	291.0
279.2588701336235	291.0
279.26887080939105	291.0
279.2788714851586	291.0
279.2888721609262	288.0
279.29887283669376	288.0
279.30887351246133	288.0
279.3188741882289	288.0
279.3288748639965	288.0
279.33887553976405	288.0
279.3488762155316	288.0
279.3588768912992	288.0
279.36887756706676	288.0
279.37887824283433	288.0
279.3888789186019	288.0
279.3988795943695	288.0
279.40888027013705	291.0
279.4188809459046	291.0
279.4288816216722	291.0
279.43888229743976	291.0
279.44888297320733	291.0
279.4588836489749	291.0
279.4688843247425	291.0
279.47888500051005	288.0
279.4888856762776	288.0
279.4988863520452	288.0
279.50888702781276	288.0
279.51888770358033	288.0
279.5288883793479	288.0
279.5388890551155	288.0
279.54888973088305	288.0
279.5588904066506	288.0
279.5688910824182	288.0
279.57889175818576	288.0
279.58889243395333	288.0
279.5988931097209	288.0
279.6088937854885	288.0
279.61889446125605	288.0
279.62889513702356	288.0
279.63889581279113	288.0
279.6488964885587	288.0
279.6588971643263	288.0
279.66889784009385	288.0
279.6788985158614	288.0
279.688899191629	288.0
279.69889986739656	288.0
279.70890054316413	288.0
279.7189012189317	288.0
279.7289018946993	288.0
279.73890257046685	288.0
279.7489032462344	288.0
279.758903922002	288.0
279.76890459776956	288.0
279.77890527353713	288.0
279.7889059493047	288.0
279.7989066250723	288.0
279.80890730083985	288.0
279.8189079766074	288.0
279.828908652375	288.0
279.83890932814256	288.0
279.84891000391013	288.0
279.8589106796777	288.0
279.8689113554453	288.0
279.87891203121285	288.0
279.8889127069804	288.0
279.898913382748	288.0
279.90891405851556	288.0
279.91891473428313	288.0
279.9289154100507	288.0
279.9389160858183	288.0
279.94891676158585	288.0
279.9589174373534	288.0
279.968918113121	288.0
279.97891878888856	288.0
279.98891946465614	288.0
279.99892014042365	288.0
280.0089208161912	288.0
280.0189214919588	284.0
280.02892216772636	272.0
280.03892284349394	272.0
280.0489235192615	265.0
280.0589241950291	265.0
280.06892487079665	265.0
280.0789255465642	268.0
280.0889262223318	275.0
280.09892689809936	278.0
280.10892757386694	281.0
280.1189282496345	284.0
280.1289289254021	288.0
280.13892960116965	288.0
280.1489302769372	288.0
280.1589309527048	288.0
280.16893162847236	288.0
280.17893230423994	288.0
280.1889329800075	288.0
280.1989336557751	288.0
280.20893433154265	288.0
280.2189350073102	288.0
280.2289356830778	288.0
280.23893635884536	288.0
280.24893703461294	288.0
280.2589377103805	288.0
280.2689383861481	288.0
280.27893906191565	288.0
280.2889397376832	288.0
280.2989404134508	288.0
280.30894108921837	288.0
280.31894176498594	288.0
280.3289424407535	288.0
280.3389431165211	288.0
280.34894379228865	288.0
280.3589444680562	288.0
280.3689451438238	288.0
280.3789458195913	288.0
280.3889464953589	291.0
280.39894717112645	291.0
280.408947846894	291.0
280.4189485226616	291.0
280.42894919842917	291.0
280.43894987419674	291.0
280.4489505499643	291.0
280.4589512257319	288.0
280.46895190149945	288.0
280.478952577267	288.0
280.4889532530346	288.0
280.49895392880217	288.0
280.50895460456974	288.0
280.5189552803373	288.0
280.5289559561049	288.0
280.53895663187245	288.0
280.54895730764	288.0
280.5589579834076	288.0
280.56895865917517	288.0
280.57895933494274	288.0
280.5889600107103	288.0
280.5989606864779	288.0
280.60896136224545	288.0
280.618962038013	288.0
280.6289627137806	288.0
280.63896338954817	288.0
280.64896406531574	288.0
280.6589647410833	291.0
280.6689654168509	294.0
280.67896609261845	298.0
280.688966768386	298.0
280.6989674441536	298.0
280.70896811992117	294.0
280.71896879568874	294.0
280.7289694714563	294.0
280.7389701472239	294.0
280.74897082299145	294.0
280.75897149875897	294.0
280.76897217452654	294.0
280.7789728502941	294.0
280.7889735260617	291.0
280.79897420182925	288.0
280.8089748775968	288.0
280.8189755533644	288.0
280.82897622913197	288.0
280.83897690489954	288.0
280.8489775806671	288.0
280.8589782564347	288.0
280.86897893220225	288.0
280.8789796079698	291.0
280.8889802837374	291.0
280.89898095950497	291.0
280.90898163527254	291.0
280.9189823110401	291.0
280.9289829868077	291.0
280.93898366257525	291.0
280.9489843383428	291.0
280.9589850141104	288.0
280.96898568987797	288.0
280.97898636564554	288.0
280.9889870414131	288.0
280.9989877171807	288.0
281.00898839294825	291.0
281.0189890687158	291.0
281.0289897444834	291.0
281.03899042025097	291.0
281.04899109601854	294.0
281.0589917717861	294.0
281.0689924475537	294.0
281.07899312332125	294.0
281.0889937990888	294.0
281.0989944748564	294.0
281.10899515062397	291.0
281.11899582639154	291.0
281.1289965021591	291.0
281.1389971779266	291.0
281.1489978536942	291.0
281.15899852946177	291.0
281.16899920522934	291.0
281.1789998809969	291.0
281.1890005567645	291.0
281.19900123253205	291.0
281.2090019082996	291.0
281.2190025840672	294.0
281.22900325983477	294.0
281.23900393560234	294.0
281.2490046113699	294.0
281.2590052871375	291.0
281.26900596290506	291.0
281.2790066386726	291.0
281.2890073144402	291.0
281.29900799020777	291.0
281.30900866597534	291.0
281.3190093417429	291.0
281.3290100175105	291.0
281.33901069327806	291.0
281.3490113690456	291.0
281.3590120448132	291.0
281.36901272058077	291.0
281.37901339634834	291.0
281.3890140721159	291.0
281.3990147478835	291.0
281.40901542365106	291.0
281.4190160994186	291.0
281.4290167751862	291.0
281.43901745095377	291.0
281.44901812672134	291.0
281.4590188024889	291.0
281.4690194782565	291.0
281.47902015402406	291.0
281.4890208297916	291.0
281.4990215055592	291.0
281.5090221813267	291.0
281.5190228570943	291.0
281.52902353286186	291.0
281.5390242086294	291.0
281.549024884397	288.0
281.55902556016457	288.0
281.56902623593214	284.0
281.5790269116997	284.0
281.5890275874673	284.0
281.59902826323486	288.0
281.6090289390024	291.0
281.61902961477	288.0
281.62903029053757	288.0
281.63903096630514	291.0
281.6490316420727	291.0
281.6590323178403	291.0
281.66903299360786	291.0
281.6790336693754	291.0
281.689034345143	288.0
281.69903502091057	288.0
281.70903569667814	291.0
281.7190363724457	291.0
281.7290370482133	291.0
281.73903772398086	291.0
281.74903839974843	291.0
281.759039075516	291.0
281.7690397512836	291.0
281.77904042705114	291.0
281.7890411028187	288.0
281.7990417785863	288.0
281.80904245435386	291.0
281.81904313012143	291.0
281.829043805889	291.0
281.8390444816566	291.0
281.84904515742414	291.0
281.8590458331917	291.0
281.8690465089593	291.0
281.87904718472686	291.0
281.8890478604944	291.0
281.89904853626194	291.0
281.9090492120295	291.0
281.9190498877971	291.0
281.92905056356466	291.0
281.93905123933223	288.0
281.9490519150998	288.0
281.9590525908674	288.0
281.96905326663494	288.0
281.9790539424025	288.0
281.9890546181701	291.0
281.99905529393766	291.0
282.00905596970523	291.0
282.0190566454728	291.0
282.0290573212404	291.0
282.03905799700794	291.0
282.0490586727755	294.0
282.0590593485431	298.0
282.06906002431066	294.0
282.07906070007823	294.0
282.0890613758458	294.0
282.0990620516134	291.0
282.10906272738094	288.0
282.1190634031485	288.0
282.1290640789161	288.0
282.13906475468366	288.0
282.14906543045123	288.0
282.1590661062188	288.0
282.1690667819864	288.0
282.17906745775394	291.0
282.1890681335215	291.0
282.1990688092891	291.0
282.20906948505666	291.0
282.21907016082423	291.0
282.2290708365918	291.0
282.2390715123594	291.0
282.24907218812695	291.0
282.2590728638945	291.0
282.26907353966203	291.0
282.2790742154296	291.0
282.2890748911972	291.0
282.29907556696475	288.0
282.3090762427323	288.0
282.3190769184999	288.0
282.32907759426746	288.0
282.33907827003503	288.0
282.3490789458026	288.0
282.3590796215702	291.0
282.36908029733775	291.0
282.3790809731053	291.0
282.3890816488729	291.0
282.39908232464046	291.0
282.40908300040803	291.0
282.4190836761756	288.0
282.4290843519432	288.0
282.43908502771075	288.0
282.4490857034783	288.0
282.4590863792459	288.0
282.46908705501346	291.0
282.47908773078103	291.0
282.4890884065486	294.0
282.4990890823162	294.0
282.50908975808375	294.0
282.5190904338513	294.0
282.5290911096189	294.0
282.53909178538646	294.0
282.54909246115403	294.0
282.5590931369216	294.0
282.5690938126892	294.0
282.57909448845675	291.0
282.5890951642243	291.0
282.5990958399919	291.0
282.60909651575946	291.0
282.61909719152703	291.0
282.6290978672946	291.0
282.6390985430621	291.0
282.6490992188297	291.0
282.65909989459726	291.0
282.66910057036483	291.0
282.6791012461324	294.0
282.6891019219	294.0
282.69910259766755	301.0
282.7091032734351	298.0
282.7191039492027	294.0
282.72910462497026	294.0
282.73910530073783	291.0
282.7491059765054	288.0
282.759106652273	288.0
282.76910732804055	288.0
282.7791080038081	291.0
282.7891086795757	291.0
282.79910935534326	291.0
282.80911003111083	291.0
282.8191107068784	291.0
282.829111382646	291.0
282.83911205841355	291.0
282.8491127341811	291.0
282.8591134099487	291.0
282.86911408571626	291.0
282.87911476148383	291.0
282.8891154372514	291.0
282.899116113019	291.0
282.90911678878655	291.0
282.9191174645541	291.0
282.9291181403217	291.0
282.93911881608926	291.0
282.94911949185683	291.0
282.9591201676244	291.0
282.969120843392	291.0
282.97912151915955	291.0
282.9891221949271	291.0
282.9991228706947	291.0
283.00912354646226	291.0
283.0191242222298	291.0
283.02912489799735	291.0
283.0391255737649	291.0
283.0491262495325	291.0
283.05912692530006	291.0
283.06912760106763	291.0
283.0791282768352	291.0
283.0891289526028	291.0
283.09912962837035	291.0
283.1091303041379	291.0
283.1191309799055	291.0
283.12913165567306	291.0
283.13913233144063	291.0
283.1491330072082	291.0
283.1591336829758	291.0
283.16913435874335	291.0
283.1791350345109	291.0
283.1891357102785	291.0
283.19913638604606	291.0
283.20913706181364	291.0
283.2191377375812	291.0
283.2291384133488	291.0
283.23913908911635	294.0
283.2491397648839	294.0
283.2591404406515	294.0
283.26914111641906	291.0
283.27914179218664	291.0
283.2891424679542	291.0
283.2991431437218	291.0
283.30914381948935	291.0
283.3191444952569	291.0
283.3291451710245	291.0
283.33914584679206	291.0
283.34914652255964	291.0
283.3591471983272	291.0
283.3691478740948	291.0
283.37914854986235	291.0
283.3891492256299	291.0
283.39914990139744	291.0
283.409150577165	291.0
283.4191512529326	291.0
283.42915192870015	291.0
283.4391526044677	291.0
283.4491532802353	291.0
283.45915395600287	291.0
283.46915463177044	291.0
283.479155307538	291.0
283.4891559833056	291.0
283.49915665907315	291.0
283.5091573348407	291.0
283.5191580106083	291.0
283.52915868637587	291.0
283.53915936214344	291.0
283.549160037911	291.0
283.5591607136786	291.0
283.56916138944615	294.0
283.5791620652137	294.0
283.5891627409813	294.0
283.59916341674887	291.0
283.60916409251644	291.0
283.619164768284	291.0
283.6291654440516	288.0
283.63916611981915	288.0
283.6491667955867	288.0
283.6591674713543	288.0
283.66916814712187	291.0
283.67916882288944	291.0
283.689169498657	291.0
283.6991701744246	291.0
283.70917085019215	291.0
283.7191715259597	291.0
283.7291722017273	291.0
283.73917287749487	291.0
283.74917355326244	291.0
283.75917422903	291.0
283.7691749047976	291.0
283.7791755805651	291.0
283.78917625633267	291.0
283.79917693210024	0.0
283.8091776078678	0.0
283.8191782836354	0.0
283.82917895940295	0.0
283.8391796351705	0.0
283.8491803109381	291.0
283.85918098670567	291.0
283.86918166247324	291.0
283.8791823382408	291.0
283.8891830140084	291.0
283.89918368977595	0.0
283.9091843655435	0.0
283.9191850413111	0.0
283.92918571707867	0.0
283.93918639284624	0.0
283.9491870686138	291.0
283.9591877443814	291.0
283.96918842014895	0.0
283.9791890959165	0.0
283.9891897716841	0.0
283.99919044745167	0.0
284.00919112321924	0.0
284.0191917989868	0.0
284.0291924747544	0.0
284.03919315052195	0.0
284.0491938262895	0.0
284.0591945020571	0.0
284.06919517782467	0.0
284.07919585359224	0.0
284.0891965293598	0.0
284.0991972051274	0.0
284.10919788089495	0.0
284.1191985566625	291.0
284.1291992324301	291.0
284.13919990819767	288.0
284.1492005839652	291.0
284.15920125973275	291.0
284.1692019355003	291.0
284.1792026112679	291.0
284.18920328703547	0.0
284.19920396280304	0.0
284.2092046385706	0.0
284.2192053143382	0.0
284.22920599010575	0.0
284.2392066658733	0.0
284.2492073416409	576.0
284.25920801740847	576.0
284.26920869317604	291.0
284.2792093689436	291.0
284.2892100447112	576.0
284.29921072047875	288.0
284.3092113962463	284.0
284.3192120720139	281.0
284.32921274778147	272.0
284.33921342354904	262.0
284.3492140993166	245.0
284.3592147750842	0.0
284.36921545085175	0.0
284.3792161266193	0.0
284.3892168023869	0.0
284.39921747815447	0.0
284.40921815392204	0.0
284.4192188296896	0.0
284.4292195054572	0.0
284.43922018122475	0.0
284.4492208569923	0.0
284.4592215327599	0.0
284.46922220852747	0.0
284.47922288429504	0.0
284.4892235600626	0.0
284.4992242358302	0.0
284.50922491159776	0.0
284.5192255873653	0.0
284.52922626313284	0.0
284.5392269389004	0.0
284.549227614668	0.0
284.55922829043556	0.0
284.5692289662031	0.0
284.5792296419707	0.0
284.58923031773827	0.0
284.59923099350584	0.0
284.6092316692734	0.0
284.619232345041	0.0
284.62923302080856	0.0
284.6392336965761	0.0
284.6492343723437	0.0
284.65923504811127	0.0
284.66923572387884	0.0
284.6792363996464	0.0
284.689237075414	0.0
284.69923775118156	0.0
284.7092384269491	0.0
284.7192391027167	0.0
284.72923977848427	0.0
284.73924045425184	0.0
284.7492411300194	0.0
284.759241805787	0.0
284.76924248155456	0.0
284.7792431573221	0.0
284.7892438330897	0.0
284.79924450885727	0.0
284.80924518462484	0.0
284.8192458603924	0.0
284.82924653616	0.0
284.83924721192756	0.0
284.8492478876951	0.0
284.8592485634627	0.0
284.86924923923027	0.0
284.87924991499784	0.0
284.8892505907654	0.0
284.899251266533	0.0
284.9092519423005	0.0
284.91925261806807	0.0
284.92925329383564	0.0
284.9392539696032	0.0
284.9492546453708	0.0
284.95925532113836	0.0
284.96925599690593	0.0
284.9792566726735	0.0
284.9892573484411	0.0
284.99925802420864	0.0
285.0092586999762	0.0
285.0192593757438	0.0
285.02926005151136	0.0
285.03926072727893	0.0
285.0492614030465	0.0
285.0592620788141	0.0
285.06926275458164	0.0
285.0792634303492	0.0
285.0892641061168	0.0
285.09926478188436	0.0
285.10926545765193	0.0
285.1192661334195	0.0
285.1292668091871	0.0
285.13926748495464	0.0
285.1492681607222	0.0
285.1592688364898	0.0
285.16926951225736	0.0
285.17927018802493	0.0
285.1892708637925	0.0
285.1992715395601	0.0
285.20927221532764	0.0
285.2192728910952	0.0
285.2292735668628	0.0
285.23927424263036	0.0
285.24927491839793	0.0
285.2592755941655	0.0
285.2692762699331	0.0
285.2792769457006	0.0
285.28927762146816	0.0
285.29927829723573	0.0
285.3092789730033	0.0
285.3192796487709	0.0
285.32928032453844	0.0
285.339281000306	0.0
285.3492816760736	0.0
285.35928235184116	0.0
285.36928302760873	0.0
285.3792837033763	0.0
285.3892843791439	0.0
285.39928505491145	0.0
285.409285730679	0.0
285.4192864064466	0.0
285.42928708221416	0.0
285.43928775798173	0.0
285.4492884337493	0.0
285.4592891095169	291.0
285.46928978528445	291.0
285.479290461052	291.0
285.4892911368196	291.0
285.49929181258716	291.0
285.50929248835473	291.0
285.5192931641223	291.0
285.5292938398899	291.0
285.53929451565745	291.0
285.549295191425	291.0
285.5592958671926	291.0
285.56929654296016	291.0
285.57929721872773	291.0
285.5892978944953	291.0
285.5992985702629	288.0
285.60929924603045	288.0
285.619299921798	284.0
285.6293005975656	284.0
285.63930127333316	284.0
285.64930194910073	284.0
285.65930262486825	284.0
285.6693033006358	278.0
285.6793039764034	275.0
285.68930465217096	268.0
285.69930532793853	265.0
285.7093060037061	262.0
285.7193066794737	259.0
285.72930735524125	259.0
285.7393080310088	256.0
285.7493087067764	253.0
285.75930938254396	250.0
285.76931005831153	248.0
285.7793107340791	245.0
285.7893114098467	242.0
285.79931208561425	242.0
285.8093127613818	239.0
285.8193134371494	236.0
285.82931411291696	288.0
285.83931478868453	288.0
285.8493154644521	291.0
285.8593161402197	291.0
285.86931681598725	291.0
285.8793174917548	0.0
285.8893181675224	0.0
285.89931884328996	0.0
285.90931951905753	0.0
285.9193201948251	0.0
285.9293208705927	0.0
285.93932154636025	291.0
285.9493222221278	291.0
285.9593228978954	291.0
285.96932357366296	291.0
285.97932424943053	291.0
285.9893249251981	291.0
285.9993256009657	291.0
286.00932627673325	291.0
286.0193269525008	291.0
286.0293276282684	291.0
286.0393283040359	291.0
286.0493289798035	291.0
286.05932965557105	291.0
286.0693303313386	0.0
286.0793310071062	291.0
286.08933168287376	291.0
286.09933235864133	291.0
286.1093330344089	0.0
286.1193337101765	291.0
286.12933438594405	291.0
286.1393350617116	0.0
286.1493357374792	0.0
286.15933641324676	0.0
286.16933708901433	0.0
286.1793377647819	0.0
286.1893384405495	0.0
286.19933911631705	0.0
286.2093397920846	0.0
286.2193404678522	0.0
286.22934114361976	0.0
286.23934181938733	0.0
286.2493424951549	0.0
286.2593431709225	0.0
286.26934384669005	0.0
286.2793445224576	0.0
286.2893451982252	0.0
286.29934587399276	0.0
286.30934654976033	0.0
286.3193472255279	0.0
286.3293479012955	0.0
286.33934857706305	0.0
286.3493492528306	0.0
286.3593499285982	0.0
286.36935060436576	0.0
286.37935128013333	0.0
286.3893519559009	0.0
286.3993526316685	0.0
286.40935330743605	0.0
286.41935398320356	0.0
286.42935465897114	0.0
286.4393553347387	0.0
286.4493560105063	0.0
286.45935668627385	0.0
286.4693573620414	0.0
286.479358037809	0.0
286.48935871357656	0.0
286.49935938934414	0.0
286.5093600651117	0.0
286.5193607408793	0.0
286.52936141664685	0.0
286.5393620924144	0.0
286.549362768182	0.0
286.55936344394956	0.0
286.56936411971714	0.0
286.5793647954847	0.0
286.5893654712523	0.0
286.59936614701985	0.0
286.6093668227874	0.0
286.619367498555	0.0
286.62936817432256	0.0
286.63936885009014	0.0
286.6493695258577	0.0
286.6593702016253	0.0
286.66937087739285	0.0
286.6793715531604	0.0
286.689372228928	0.0
286.69937290469557	0.0
286.70937358046314	0.0
286.7193742562307	0.0
286.7293749319983	0.0
286.73937560776585	0.0
286.7493762835334	0.0
286.759376959301	0.0
286.76937763506857	0.0
286.77937831083614	0.0
286.78937898660365	0.0
286.7993796623712	0.0
286.8093803381388	0.0
286.81938101390637	0.0
286.82938168967394	0.0
286.8393823654415	0.0
286.8493830412091	0.0
286.85938371697665	0.0
286.8693843927442	0.0
286.8793850685118	0.0
286.88938574427937	0.0
286.89938642004694	0.0
286.9093870958145	0.0
286.9193877715821	0.0
286.92938844734965	0.0
286.9393891231172	0.0
286.9493897988848	0.0
286.95939047465237	0.0
286.96939115041994	0.0
286.9793918261875	0.0
286.9893925019551	0.0
286.99939317772265	0.0
287.0093938534902	0.0
287.0193945292578	0.0
287.02939520502537	0.0
287.03939588079294	0.0
287.0493965565605	0.0
287.0593972323281	0.0
287.06939790809565	0.0
287.0793985838632	0.0
287.0893992596308	0.0
287.09939993539837	0.0
287.10940061116594	0.0
287.1194012869335	0.0
287.1294019627011	0.0
287.13940263846865	0.0
287.1494033142362	0.0
287.1594039900038	0.0
287.1694046657713	0.0
287.1794053415389	0.0
287.18940601730645	0.0
287.199406693074	0.0
287.2094073688416	0.0
287.21940804460917	0.0
287.22940872037674	0.0
287.2394093961443	0.0
287.2494100719119	0.0
287.25941074767945	0.0
287.269411423447	0.0
287.2794120992146	0.0
287.28941277498217	0.0
287.29941345074974	0.0
287.3094141265173	0.0
287.3194148022849	0.0
287.32941547805245	0.0
287.33941615382	0.0
287.3494168295876	0.0
287.35941750535517	0.0
287.36941818112274	0.0
287.3794188568903	0.0
287.3894195326579	0.0
287.39942020842545	0.0
287.409420884193	0.0
287.4194215599606	0.0
287.42942223572817	0.0
287.43942291149574	0.0
287.4494235872633	0.0
287.4594242630309	0.0
287.46942493879845	0.0
287.479425614566	0.0
287.4894262903336	0.0
287.49942696610117	0.0
287.50942764186874	0.0
287.5194283176363	0.0
287.5294289934039	0.0
287.53942966917145	0.0
287.54943034493897	0.0
287.55943102070654	0.0
287.5694316964741	0.0
287.5794323722417	0.0
287.58943304800925	0.0
287.5994337237768	0.0
287.6094343995444	0.0
287.61943507531197	0.0
287.62943575107954	0.0
287.6394364268471	0.0
287.6494371026147	0.0
287.65943777838226	0.0
287.6694384541498	0.0
287.6794391299174	0.0
287.68943980568497	0.0
287.69944048145254	0.0
287.7094411572201	0.0
287.7194418329877	0.0
287.72944250875526	0.0
287.7394431845228	0.0
287.7494438602904	0.0
287.75944453605797	0.0
287.76944521182554	0.0
287.7794458875931	0.0
287.7894465633607	0.0
287.79944723912826	0.0
287.8094479148958	0.0
287.8194485906634	0.0
287.82944926643097	0.0
287.83944994219854	0.0
287.8494506179661	0.0
287.8594512937337	0.0
287.86945196950126	0.0
287.8794526452688	0.0
287.8894533210364	0.0
287.89945399680397	0.0
287.90945467257154	0.0
287.91945534833906	0.0
287.9294560241066	0.0
287.9394566998742	0.0
287.94945737564177	0.0
287.95945805140934	0.0
287.9694587271769	0.0
287.9794594029445	0.0
287.98946007871206	0.0
287.9994607544796	0.0
288.0094614302472	0.0
288.01946210601477	0.0
288.02946278178234	0.0
288.0394634575499	0.0
288.0494641333175	0.0
288.05946480908506	0.0
288.0694654848526	0.0
288.0794661606202	0.0
288.08946683638777	0.0
288.09946751215534	0.0
288.1094681879229	0.0
288.1194688636905	0.0
288.12946953945806	0.0
288.13947021522563	0.0
288.1494708909932	0.0
288.15947156676077	0.0
288.16947224252834	0.0
288.1794729182959	0.0
288.1894735940635	0.0
288.19947426983106	0.0
288.20947494559863	0.0
288.2194756213662	0.0
288.2294762971338	0.0
288.23947697290134	0.0
288.2494776486689	0.0
288.2594783244365	0.0
288.26947900020406	0.0
288.27947967597163	0.0
288.2894803517392	0.0
288.2994810275067	0.0
288.3094817032743	0.0
288.31948237904186	0.0
288.32948305480943	0.0
288.339483730577	0.0
288.3494844063446	0.0
288.35948508211214	0.0
288.3694857578797	0.0
288.3794864336473	0.0
288.38948710941486	0.0
288.39948778518243	0.0
288.40948846095	0.0
288.4194891367176	0.0
288.42948981248514	0.0
288.4394904882527	0.0
288.4494911640203	0.0
288.45949183978786	0.0
288.46949251555543	0.0
288.479493191323	0.0
288.4894938670906	0.0
288.49949454285814	0.0
288.5094952186257	0.0
288.5194958943933	0.0
288.52949657016086	0.0
288.53949724592843	0.0
288.549497921696	0.0
288.5594985974636	0.0
288.56949927323114	0.0
288.5794999489987	0.0
288.5895006247663	0.0
288.59950130053386	0.0
288.60950197630143	0.0
288.619502652069	0.0
288.6295033278366	0.0
288.63950400360415	0.0
288.6495046793717	0.0
288.6595053551393	0.0
288.66950603090686	0.0
288.6795067066744	0.0
288.68950738244195	0.0
288.6995080582095	0.0
288.7095087339771	0.0
288.71950940974466	0.0
288.72951008551223	0.0
288.7395107612798	0.0
288.7495114370474	0.0
288.75951211281495	0.0
288.7695127885825	0.0
288.7795134643501	0.0
288.78951414011766	0.0
288.79951481588523	0.0
288.8095154916528	0.0
288.8195161674204	0.0
288.82951684318795	0.0
288.8395175189555	0.0
288.8495181947231	0.0
288.85951887049066	0.0
288.86951954625823	0.0
288.8795202220258	0.0
288.8895208977934	0.0
288.89952157356095	0.0
288.9095222493285	0.0
288.9195229250961	0.0
288.92952360086366	0.0
288.93952427663123	0.0
288.9495249523988	0.0
288.9595256281664	0.0
288.96952630393395	0.0
288.9795269797015	0.0
288.9895276554691	0.0
288.99952833123666	0.0
289.00952900700423	0.0
289.0195296827718	0.0
289.0295303585394	0.0
289.03953103430695	0.0
289.04953171007446	0.0
289.05953238584203	0.0
289.0695330616096	0.0
289.0795337373772	0.0
289.08953441314475	0.0
289.0995350889123	0.0
289.1095357646799	0.0
289.11953644044746	0.0
289.12953711621503	0.0
289.1395377919826	0.0
289.1495384677502	0.0
289.15953914351775	0.0
289.1695398192853	0.0
289.1795404950529	0.0
289.18954117082046	0.0
289.19954184658803	0.0
289.2095425223556	0.0
289.2195431981232	0.0
289.22954387389075	0.0
289.2395445496583	0.0
289.2495452254259	0.0
289.25954590119346	0.0
289.26954657696103	0.0
289.2795472527286	0.0
289.2895479284962	0.0
289.29954860426375	0.0
289.3095492800313	0.0
289.3195499557989	0.0
289.32955063156646	0.0
289.33955130733403	0.0
289.3495519831016	0.0
289.3595526588692	0.0
289.36955333463675	0.0
289.3795540104043	0.0
289.3895546861719	0.0
289.39955536193946	0.0
289.40955603770703	0.0
289.4195567134746	0.0
289.4295573892421	0.0
289.4395580650097	0.0
289.44955874077726	0.0
289.45955941654483	0.0
289.4695600923124	0.0
289.47956076808	0.0
289.48956144384755	0.0
289.4995621196151	0.0
289.5095627953827	0.0
289.51956347115026	0.0
289.52956414691783	0.0
289.5395648226854	0.0
289.549565498453	0.0
289.55956617422055	0.0
289.5695668499881	0.0
289.5795675257557	0.0
289.58956820152326	0.0
289.59956887729084	0.0
289.6095695530584	0.0
289.619570228826	0.0
289.62957090459355	0.0
289.6395715803611	0.0
289.6495722561287	0.0
289.65957293189626	0.0
289.66957360766384	0.0
289.6795742834314	0.0
289.689574959199	0.0
289.69957563496655	0.0
289.7095763107341	0.0
289.7195769865017	0.0
289.72957766226926	0.0
289.73957833803684	0.0
289.7495790138044	0.0
289.759579689572	0.0
289.76958036533955	0.0
289.7795810411071	0.0
289.7895817168747	0.0
289.79958239264226	0.0
289.8095830684098	0.0
289.81958374417735	0.0
289.8295844199449	0.0
289.8395850957125	0.0
289.84958577148006	0.0
289.85958644724764	0.0
289.8695871230152	0.0
289.8795877987828	0.0
289.88958847455035	0.0
289.8995891503179	0.0
289.9095898260855	0.0
289.91959050185307	0.0
289.92959117762064	0.0
289.9395918533882	0.0
289.9495925291558	0.0
289.95959320492335	0.0
289.9695938806909	0.0
289.9795945564585	0.0
289.98959523222607	0.0
289.99959590799364	0.0
290.0095965837612	0.0
290.0195972595288	0.0
290.02959793529635	0.0
290.0395986110639	0.0
290.0495992868315	0.0
290.05959996259907	0.0
290.06960063836664	0.0
290.0796013141342	0.0
290.0896019899018	0.0
290.09960266566935	0.0
290.1096033414369	0.0
290.1196040172045	0.0
290.12960469297207	0.0
290.13960536873964	0.0
290.1496060445072	0.0
290.1596067202748	0.0
290.16960739604235	0.0
290.1796080718099	0.0
290.18960874757744	0.0
290.199609423345	0.0
290.2096100991126	0.0
290.21961077488015	0.0
290.2296114506477	0.0
290.2396121264153	0.0
290.24961280218287	0.0
290.25961347795044	0.0
290.269614153718	0.0
290.2796148294856	0.0
290.28961550525315	0.0
290.2996161810207	0.0
290.3096168567883	0.0
290.31961753255587	0.0
290.32961820832344	0.0
290.339618884091	0.0
290.3496195598586	0.0
290.35962023562615	0.0
290.3696209113937	0.0
290.3796215871613	0.0
290.38962226292887	0.0
290.39962293869644	0.0
290.409623614464	0.0
290.4196242902316	0.0
290.42962496599915	0.0
290.4396256417667	0.0
290.4496263175343	0.0
290.45962699330187	0.0
290.46962766906944	0.0
290.479628344837	0.0
290.4896290206046	0.0
290.49962969637215	0.0
290.5096303721397	0.0
290.5196310479073	0.0
290.52963172367487	0.0
290.53963239944244	0.0
290.54963307521	0.0
290.5596337509775	0.0
290.5696344267451	0.0
290.57963510251267	0.0
290.58963577828024	0.0
290.5996364540478	0.0
290.6096371298154	0.0
290.61963780558295	0.0
290.6296384813505	0.0
290.6396391571181	0.0
290.64963983288567	0.0
290.65964050865324	0.0
290.6696411844208	0.0
290.6796418601884	0.0
290.68964253595595	0.0
290.6996432117235	0.0
290.7096438874911	0.0
290.71964456325867	0.0
290.72964523902624	0.0
290.7396459147938	0.0
290.7496465905614	0.0
290.75964726632895	0.0
290.7696479420965	0.0
290.7796486178641	0.0
290.78964929363167	0.0
290.79964996939924	0.0
290.8096506451668	0.0
290.8196513209344	0.0
290.82965199670195	0.0
290.8396526724695	0.0
290.8496533482371	0.0
290.85965402400467	0.0
290.86965469977224	0.0
290.8796553755398	0.0
290.8896560513074	0.0
290.89965672707496	0.0
290.9096574028425	0.0
290.9196580786101	0.0
290.92965875437767	0.0
290.9396594301452	0.0
290.94966010591276	0.0
290.9596607816803	0.0
290.9696614574479	0.0
290.97966213321547	0.0
290.98966280898304	0.0
290.9996634847506	0.0
291.0096641605182	0.0
291.01966483628576	0.0
291.0296655120533	0.0
291.0396661878209	0.0
291.04966686358847	0.0
291.05966753935604	0.0
291.0696682151236	0.0
291.0796688908912	0.0
291.08966956665876	0.0
291.0996702424263	0.0
291.1096709181939	0.0
291.11967159396147	0.0
291.12967226972904	0.0
291.1396729454966	0.0
291.1496736212642	0.0
291.15967429703176	0.0
291.1696749727993	0.0
291.1796756485669	0.0
291.18967632433447	0.0
291.19967700010204	0.0
291.2096776758696	0.0
291.2196783516372	0.0
291.22967902740476	0.0
291.2396797031723	0.0
291.2496803789399	0.0
291.25968105470747	0.0
291.26968173047504	0.0
291.2796824062426	0.0
291.2896830820102	0.0
291.29968375777776	0.0
291.3096844335453	0.0
291.31968510931284	0.0
291.3296857850804	0.0
291.339686460848	0.0
291.34968713661556	0.0
291.35968781238313	0.0
291.3696884881507	0.0
291.3796891639183	0.0
291.38968983968584	0.0
291.3996905154534	0.0
291.409691191221	0.0
291.41969186698856	0.0
291.42969254275613	0.0
291.4396932185237	0.0
291.4496938942913	0.0
291.45969457005884	0.0
291.4696952458264	0.0
291.479695921594	0.0
291.48969659736156	0.0
291.49969727312913	0.0
291.5096979488967	0.0
291.5196986246643	0.0
291.52969930043184	0.0
291.5396999761994	0.0
291.549700651967	0.0
291.55970132773456	0.0
291.56970200350213	0.0
291.5797026792697	0.0
291.5897033550373	0.0
291.59970403080484	0.0
291.6097047065724	0.0
291.61970538234	0.0
291.62970605810756	0.0
291.63970673387513	0.0
291.6497074096427	0.0
291.6597080854103	0.0
291.66970876117784	0.0
291.6797094369454	0.0
291.68971011271293	0.0
291.6997107884805	0.0
291.7097114642481	0.0
291.71971214001564	0.0
291.7297128157832	0.0
291.7397134915508	0.0
291.74971416731836	0.0
291.75971484308593	0.0
291.7697155188535	0.0
291.7797161946211	0.0
291.78971687038865	0.0
291.7997175461562	0.0
291.8097182219238	0.0
291.81971889769136	0.0
291.82971957345893	0.0
291.8397202492265	0.0
291.8497209249941	0.0
291.85972160076165	0.0
291.8697222765292	0.0
291.8797229522968	0.0
291.88972362806436	0.0
291.89972430383193	0.0
291.9097249795995	0.0
291.9197256553671	0.0
291.92972633113465	0.0
291.9397270069022	0.0
291.9497276826698	0.0
291.95972835843736	0.0
291.96972903420493	0.0
291.9797297099725	0.0
291.9897303857401	0.0
291.99973106150765	0.0
292.0097317372752	0.0
292.0197324130428	0.0
292.02973308881036	0.0
292.03973376457793	0.0
292.0497344403455	0.0
292.0597351161131	0.0
292.0697357918806	0.0
292.07973646764816	0.0
292.08973714341573	0.0
292.0997378191833	0.0
292.1097384949509	0.0
292.11973917071845	0.0
292.129739846486	0.0
292.1397405222536	0.0
292.14974119802116	0.0
292.15974187378873	0.0
292.1697425495563	0.0
292.1797432253239	0.0
292.18974390109145	0.0
292.199744576859	0.0
292.2097452526266	0.0
292.21974592839416	0.0
292.22974660416173	0.0
292.2397472799293	0.0
292.2497479556969	0.0
292.25974863146445	0.0
292.269749307232	0.0
292.2797499829996	0.0
292.28975065876716	0.0
292.29975133453473	0.0
292.3097520103023	0.0
292.3197526860699	0.0
292.32975336183745	0.0
292.339754037605	0.0
292.3497547133726	0.0
292.35975538914016	0.0
292.36975606490773	0.0
292.3797567406753	0.0
292.3897574164429	0.0
292.39975809221045	0.0
292.409758767978	0.0
292.4197594437456	0.0
292.42976011951316	0.0
292.43976079528073	0.0
292.44976147104825	0.0
292.4597621468158	0.0
292.4697628225834	0.0
292.47976349835096	0.0
292.48976417411853	0.0
292.4997648498861	0.0
292.5097655256537	0.0
292.51976620142125	0.0
292.5297668771888	0.0
292.5397675529564	0.0
292.54976822872396	0.0
292.55976890449153	0.0
292.5697695802591	0.0
292.5797702560267	0.0
292.58977093179425	0.0
292.5997716075618	0.0
292.6097722833294	0.0
292.61977295909696	0.0
292.62977363486453	0.0
292.6397743106321	0.0
292.6497749863997	0.0
292.65977566216725	0.0
292.6697763379348	0.0
292.6797770137024	0.0
292.68977768946996	0.0
292.69977836523753	0.0
292.7097790410051	0.0
292.7197797167727	0.0
292.72978039254025	0.0
292.7397810683078	0.0
292.7497817440754	0.0
292.75978241984296	0.0
292.76978309561053	0.0
292.7797837713781	0.0
292.7897844471457	0.0
292.79978512291325	0.0
292.8097857986808	0.0
292.8197864744484	0.0
292.8297871502159	0.0
292.8397878259835	0.0
292.84978850175105	0.0
292.8597891775186	0.0
292.8697898532862	0.0
292.87979052905376	0.0
292.88979120482134	0.0
292.8997918805889	0.0
292.9097925563565	0.0
292.91979323212405	0.0
292.9297939078916	0.0
292.9397945836592	0.0
292.94979525942676	0.0
292.95979593519434	0.0
292.9697966109619	0.0
292.9797972867295	0.0
292.98979796249705	0.0
292.9997986382646	0.0
293.0097993140322	0.0
293.01979998979976	0.0
293.02980066556734	0.0
293.0398013413349	0.0
293.0498020171025	0.0
293.05980269287005	0.0
293.0698033686376	0.0
293.0798040444052	0.0
293.08980472017276	0.0
293.09980539594034	0.0
293.1098060717079	0.0
293.1198067474755	0.0
293.12980742324305	0.0
293.1398080990106	0.0
293.1498087747782	0.0
293.15980945054577	0.0
293.16981012631334	0.0
293.1798108020809	0.0
293.1898114778485	0.0
293.199812153616	0.0
293.20981282938357	0.0
293.21981350515114	0.0
293.2298141809187	0.0
293.2398148566863	0.0
293.24981553245385	0.0
293.2598162082214	0.0
293.269816883989	0.0
293.27981755975657	0.0
293.28981823552414	0.0
293.2998189112917	0.0
293.3098195870593	0.0
293.31982026282685	0.0
293.3298209385944	0.0
293.339821614362	0.0
293.34982229012957	0.0
293.35982296589714	0.0
293.3698236416647	0.0
293.3798243174323	0.0
293.38982499319985	0.0
293.3998256689674	0.0
293.409826344735	0.0
293.41982702050257	0.0
293.42982769627014	0.0
293.4398283720377	0.0
293.4498290478053	0.0
293.45982972357285	0.0
293.4698303993404	0.0
293.479831075108	0.0
293.48983175087557	0.0
293.49983242664314	0.0
293.5098331024107	0.0
293.5198337781783	0.0
293.52983445394585	0.0
293.5398351297134	0.0
293.549835805481	0.0
293.55983648124857	0.0
293.56983715701614	0.0
293.57983783278365	0.0
293.5898385085512	0.0
293.5998391843188	0.0
293.60983986008637	0.0
293.61984053585394	0.0
293.6298412116215	0.0
293.6398418873891	0.0
293.64984256315665	0.0
293.6598432389242	0.0
293.6698439146918	0.0
293.67984459045937	0.0
293.68984526622694	0.0
293.6998459419945	0.0
293.7098466177621	0.0
293.71984729352965	0.0
293.7298479692972	0.0
293.7398486450648	0.0
293.74984932083237	0.0
293.75984999659994	0.0
293.7698506723675	0.0
293.7798513481351	0.0
293.78985202390265	0.0
293.7998526996702	0.0
293.8098533754378	0.0
293.81985405120537	0.0
293.82985472697294	0.0
293.8398554027405	0.0
293.8498560785081	0.0
293.85985675427565	0.0
293.8698574300432	0.0
293.8798581058108	0.0
293.88985878157837	0.0
293.89985945734594	0.0
293.9098601331135	0.0
293.9198608088811	0.0
293.92986148464865	0.0
293.9398621604162	0.0
293.9498628361838	0.0
293.9598635119513	0.0
293.9698641877189	0.0
293.97986486348645	0.0
293.989865539254	0.0
293.9998662150216	0.0
294.00986689078917	0.0
294.01986756655674	0.0
294.0298682423243	0.0
294.0398689180919	0.0
294.04986959385946	0.0
294.059870269627	0.0
294.0698709453946	0.0
294.07987162116217	0.0
294.08987229692974	0.0
294.0998729726973	0.0
294.1098736484649	0.0
294.11987432423246	0.0
294.129875	0.0
